window,treatment_def,outcome,outcome_label,panel,spec,treatment,n_first_stage,n_first_stage_treated,first_stage_coef,first_stage_pval,n_outcome,n_outcome_treated,rd_estimate,rd_se,rd_pval,late_estimate,late_se,late_pval,bandwidth
1,backsliding_Nyr,Y_gdp_growth,PWT,growth,instr-antiplural_w1_trt-ert_gapany_illib0p9026269_opp0p9026269_ctrypct_lrmax1_exclyr,backsliding_Nyr,76,1,0.1665044388588803,0.36992858182276,75,1,-0.02299234594174901,0.06406253703868535,0.7196663799225775,-0.15715015851417433,0.4542616507903299,0.729383037004005,31.216676415732632
1,backsliding_Nyr,Y_gdp_growth_wb,World Bank,growth,instr-antiplural_w1_trt-ert_gapany_illib0p9026269_opp0p9026269_ctrypct_lrmax1_exclyr,backsliding_Nyr,76,1,0.1665044388588803,0.36992858182276,74,1,-0.02403307198414261,0.06262454274007594,0.7011530534223231,-0.16107825765286266,0.4373514681713793,0.7126466341623808,31.12574783652212
1,backsliding_Nyr,Y_gdp_growth_imf,IMF WEO,growth,instr-antiplural_w1_trt-ert_gapany_illib0p9026269_opp0p9026269_ctrypct_lrmax1_exclyr,backsliding_Nyr,76,1,0.1665044388588803,0.36992858182276,55,1,-0.06346465089490888,0.07820226082464664,0.4170527826348373,-0.28702703923885187,0.4380825354304994,0.5123458098082843,19.31388978901333
1,backsliding_Nyr,Y_inflation,"CPI, cumulative log",inflation,instr-antiplural_w1_trt-ert_gapany_illib0p9026269_opp0p9026269_ctrypct_lrmax1_exclyr,backsliding_Nyr,76,1,0.1665044388588803,0.36992858182276,68,1,0.10513841853462792,0.06536422614171386,0.10772551269436714,0.5203463749858439,1.0226454428036251,0.610875711616824,24.673946430778507
1,backsliding_Nyr,Y_unemployment,Unemployment rate,unemployment,instr-antiplural_w1_trt-ert_gapany_illib0p9026269_opp0p9026269_ctrypct_lrmax1_exclyr,backsliding_Nyr,76,1,0.1665044388588803,0.36992858182276,49,1,0.7009958386412327,1.1401307809216452,0.5386616476983821,3.468310072183135,5.700981157374255,0.542941619435014,21.52975821722597
1,backsliding_Nyr,Y_trade_pct_gdp,Trade / GDP,trade,instr-antiplural_w1_trt-ert_gapany_illib0p9026269_opp0p9026269_ctrypct_lrmax1_exclyr,backsliding_Nyr,76,1,0.1665044388588803,0.36992858182276,69,0,2.022871785063968,8.272514766255743,0.8068209555241602,NA,NA,NA,NA
1,backsliding_Nyr,Y_top10_share,Top-10% income share,top10,instr-antiplural_w1_trt-ert_gapany_illib0p9026269_opp0p9026269_ctrypct_lrmax1_exclyr,backsliding_Nyr,76,1,0.1665044388588803,0.36992858182276,68,1,-1.278279248436394,0.7546609175957109,0.09029458271478329,-7.8262249750377215,7.788547555871498,0.314975083726785,26.215061712808676
1,backsliding_Nyr,Y_gini_disp,Disposable,gini,instr-antiplural_w1_trt-ert_gapany_illib0p9026269_opp0p9026269_ctrypct_lrmax1_exclyr,backsliding_Nyr,76,1,0.1665044388588803,0.36992858182276,63,1,-0.24179817174578372,0.458268487655013,0.5977531830577301,-1.1646795780193864,3.383985950686536,0.7307155236703349,18.165392901649827
1,backsliding_Nyr,Y_gini_mkt,Market,gini,instr-antiplural_w1_trt-ert_gapany_illib0p9026269_opp0p9026269_ctrypct_lrmax1_exclyr,backsliding_Nyr,76,1,0.1665044388588803,0.36992858182276,63,1,-0.9279698530818687,0.8582636789817478,0.2796003008422831,-4.251049025326611,10.616362523200705,0.6888440644050289,22.01019828027096
1,backsliding_Nyr,Y_debt,Debt / GDP,fiscal,instr-antiplural_w1_trt-ert_gapany_illib0p9026269_opp0p9026269_ctrypct_lrmax1_exclyr,backsliding_Nyr,76,1,0.1665044388588803,0.36992858182276,73,1,-1.1271357260083006,6.9384727387045295,0.87095367498612275,-7.572372935978268,51.73566542144343,0.8836320004460786,27.2550615049415
1,backsliding_Nyr,Y_deficit,Deficit / GDP,fiscal,instr-antiplural_w1_trt-ert_gapany_illib0p9026269_opp0p9026269_ctrypct_lrmax1_exclyr,backsliding_Nyr,76,1,0.1665044388588803,0.36992858182276,61,1,3.8741777293758,6.15765552581165,0.5292414236806202,20.02539980299346,43.85329370617155,0.6479260241508449,22.02686201253094
1,backsliding_Nyr,Y_checks_balances,Checks & balances,institutions,instr-antiplural_w1_trt-ert_gapany_illib0p9026269_opp0p9026269_ctrypct_lrmax1_exclyr,backsliding_Nyr,76,1,0.1665044388588803,0.36992858182276,74,1,-0.08763981636125626,0.1178444659581656,0.4570637044334595,-0.6069176293921752,1.271112360962666,0.6330276967035716,32.011958638281094
1,backsliding_Nyr,Y_jucon,Judicial constraints,institutions,instr-antiplural_w1_trt-ert_gapany_illib0p9026269_opp0p9026269_ctrypct_lrmax1_exclyr,backsliding_Nyr,76,1,0.1665044388588803,0.36992858182276,76,1,0.00186512297138597,0.08446002816710994,0.9823818211620706,0.04173566921368886,0.7284950847933085,0.954313982944646,28.572524484759533
1,backsliding_Nyr,Y_legcon,Legislative constraints,institutions,instr-antiplural_w1_trt-ert_gapany_illib0p9026269_opp0p9026269_ctrypct_lrmax1_exclyr,backsliding_Nyr,76,1,0.1665044388588803,0.36992858182276,74,1,-0.22326122124601344,0.2073357444605357,0.2815651175613549,-1.4854572260698609,2.5327857704349217,0.5575452983320297,30.711469301652244
1,backsliding_Nyr,Y_hos_power,HOS,exec_power,instr-antiplural_w1_trt-ert_gapany_illib0p9026269_opp0p9026269_ctrypct_lrmax1_exclyr,backsliding_Nyr,76,1,0.1665044388588803,0.36992858182276,76,1,0.02546236160078176,0.06402943295848948,0.6908760216820127,0.13688140975903654,0.8283833298793204,0.8687557016975719,32.14315688979422
1,backsliding_Nyr,Y_hog_power,HOG,exec_power,instr-antiplural_w1_trt-ert_gapany_illib0p9026269_opp0p9026269_ctrypct_lrmax1_exclyr,backsliding_Nyr,76,1,0.1665044388588803,0.36992858182276,32,0,0.096300617339718,0.20370723089103787,0.6363984714896764,NA,NA,NA,NA
1,backsliding_Nyr,Y_hos_power_vdem,HOS (v2ex_hosw),exec_power_alt,instr-antiplural_w1_trt-ert_gapany_illib0p9026269_opp0p9026269_ctrypct_lrmax1_exclyr,backsliding_Nyr,76,1,0.1665044388588803,0.36992858182276,NA,1,NA,NA,NA,NA,NA,NA,NA
1,backsliding_Nyr,Y_hog_power_vdem,HOG (v2ex_hogw),exec_power_alt,instr-antiplural_w1_trt-ert_gapany_illib0p9026269_opp0p9026269_ctrypct_lrmax1_exclyr,backsliding_Nyr,76,1,0.1665044388588803,0.36992858182276,NA,1,NA,NA,NA,NA,NA,NA,NA
1,backsliding_Nyr,Y_polyarchy,Electoral (polyarchy),vdem_high,instr-antiplural_w1_trt-ert_gapany_illib0p9026269_opp0p9026269_ctrypct_lrmax1_exclyr,backsliding_Nyr,76,1,0.1665044388588803,0.36992858182276,76,1,-0.1599098707284254,0.1222733092736832,0.19093883221839733,-0.8370473927461846,2.227419345732368,0.7070711945836462,29.16927815909995
1,backsliding_Nyr,Y_libdem,Liberal,vdem_high,instr-antiplural_w1_trt-ert_gapany_illib0p9026269_opp0p9026269_ctrypct_lrmax1_exclyr,backsliding_Nyr,76,1,0.1665044388588803,0.36992858182276,76,1,-0.11965223482051857,0.1008216113386135,0.23531768551226057,-0.622863045365714,1.7529997868925289,0.7223553601297473,29.21619821061784
1,backsliding_Nyr,Y_partipdem,Participatory,vdem_high,instr-antiplural_w1_trt-ert_gapany_illib0p9026269_opp0p9026269_ctrypct_lrmax1_exclyr,backsliding_Nyr,76,1,0.1665044388588803,0.36992858182276,76,1,-0.08668726528881868,0.0655221453486081,0.185827932323293,-0.450618305051551,1.2253915395864432,0.713071480866714,28.579283718896008
1,backsliding_Nyr,Y_delibdem,Deliberative,vdem_high,instr-antiplural_w1_trt-ert_gapany_illib0p9026269_opp0p9026269_ctrypct_lrmax1_exclyr,backsliding_Nyr,76,1,0.1665044388588803,0.36992858182276,76,1,-0.13294062931919737,0.11769043361024888,0.2586537104355545,-0.6883664188083224,1.9539314061857007,0.7246146757277028,29.449581174413183
1,backsliding_Nyr,Y_egaldem,Egalitarian,vdem_high,instr-antiplural_w1_trt-ert_gapany_illib0p9026269_opp0p9026269_ctrypct_lrmax1_exclyr,backsliding_Nyr,76,1,0.1665044388588803,0.36992858182276,76,1,-0.08755920966969356,0.07895997472849305,0.26747062628201335,-0.42419017031389034,1.4000366027278344,0.7619012492383992,28.502524359601008
1,backsliding_Nyr,Y_elecoff,Elected officials,vdem_electoral,instr-antiplural_w1_trt-ert_gapany_illib0p9026269_opp0p9026269_ctrypct_lrmax1_exclyr,backsliding_Nyr,76,1,0.1665044388588803,0.36992858182276,76,1,-0.5321729283108017,0.3939724370575046,0.17676360692822582,-3.0970276508700194,5.437155791705021,0.5689460698939557,28.279673741793285
1,backsliding_Nyr,Y_frefair,Clean elections,vdem_electoral,instr-antiplural_w1_trt-ert_gapany_illib0p9026269_opp0p9026269_ctrypct_lrmax1_exclyr,backsliding_Nyr,76,1,0.1665044388588803,0.36992858182276,76,1,-0.17842689294307448,0.15322488066519785,0.2442306437098948,-0.9607107391606918,2.5359456208317264,0.7048087023390323,28.663595207537316
1,backsliding_Nyr,Y_frassoc,Association,vdem_electoral,instr-antiplural_w1_trt-ert_gapany_illib0p9026269_opp0p9026269_ctrypct_lrmax1_exclyr,backsliding_Nyr,76,1,0.1665044388588803,0.36992858182276,76,1,-0.20050467523873408,0.14656903553442158,0.17131584629700147,-1.0239612263644902,2.7611114595261466,0.710748437384513,28.93253303479396
1,backsliding_Nyr,Y_suffr,Suffrage,vdem_electoral,instr-antiplural_w1_trt-ert_gapany_illib0p9026269_opp0p9026269_ctrypct_lrmax1_exclyr,backsliding_Nyr,76,1,0.1665044388588803,0.36992858182276,NA,1,NA,NA,NA,NA,NA,NA,NA
1,backsliding_Nyr,Y_freexp,Expression & alt. info,vdem_electoral,instr-antiplural_w1_trt-ert_gapany_illib0p9026269_opp0p9026269_ctrypct_lrmax1_exclyr,backsliding_Nyr,76,1,0.1665044388588803,0.36992858182276,76,1,-0.1426196640537045,0.13040215110536052,0.2740905059849015,-0.6919903094727794,2.2479082513510216,0.7582060351023405,28.581191837158077
1,backsliding_Nyr,Y_cl_rol,Rule of law,vdem_liberal,instr-antiplural_w1_trt-ert_gapany_illib0p9026269_opp0p9026269_ctrypct_lrmax1_exclyr,backsliding_Nyr,76,1,0.1665044388588803,0.36992858182276,76,1,-0.09840378628384788,0.10052070642607058,0.3276094007361623,-0.4684688358778865,1.6145400988296896,0.7716967351507539,28.308060530452025
1,backsliding_Nyr,Y_cspart,Civil society,vdem_particip,instr-antiplural_w1_trt-ert_gapany_illib0p9026269_opp0p9026269_ctrypct_lrmax1_exclyr,backsliding_Nyr,76,1,0.1665044388588803,0.36992858182276,76,1,-0.08044993557032129,0.10083692769317464,0.4249736990764766,-0.4638846421044691,1.1429840845592825,0.6848498919796782,30.85572997006475
1,backsliding_Nyr,Y_dd,Direct democracy,vdem_particip,instr-antiplural_w1_trt-ert_gapany_illib0p9026269_opp0p9026269_ctrypct_lrmax1_exclyr,backsliding_Nyr,76,1,0.1665044388588803,0.36992858182276,76,1,0.00938077533736194,0.0211086821119227,0.656750776364992,0.06289912102023076,0.16635985180804494,0.7053631801560938,28.296145662051547
1,backsliding_Nyr,Y_locelec,Local elections,vdem_particip,instr-antiplural_w1_trt-ert_gapany_illib0p9026269_opp0p9026269_ctrypct_lrmax1_exclyr,backsliding_Nyr,76,1,0.1665044388588803,0.36992858182276,76,1,-0.09841219428352066,0.12097938985642089,0.41595295063096366,-0.5651081636101682,1.5314671631158705,0.712129291757837,31.517976044307503
1,backsliding_Nyr,Y_regelec,Regional elections,vdem_particip,instr-antiplural_w1_trt-ert_gapany_illib0p9026269_opp0p9026269_ctrypct_lrmax1_exclyr,backsliding_Nyr,76,1,0.1665044388588803,0.36992858182276,76,1,-0.05351761458713187,0.0507552116714498,0.29168792589762227,-0.2800384157350948,0.36481998528945303,0.44272063516899346,17.476533125705732
1,backsliding_Nyr,Y_delib,Deliberation,vdem_egal_delib,instr-antiplural_w1_trt-ert_gapany_illib0p9026269_opp0p9026269_ctrypct_lrmax1_exclyr,backsliding_Nyr,76,1,0.1665044388588803,0.36992858182276,76,1,-0.1550897149822715,0.156021649768261,0.32020977732797457,-0.833054775706813,2.2165482109490893,0.7070401097045746,29.664271479589384
1,backsliding_Nyr,Y_eqprotec,Equal protection,vdem_egal_delib,instr-antiplural_w1_trt-ert_gapany_illib0p9026269_opp0p9026269_ctrypct_lrmax1_exclyr,backsliding_Nyr,76,1,0.1665044388588803,0.36992858182276,76,1,-0.0108401959002537,0.04568179809076341,0.8124256716966999,-0.02987868097887955,0.40223623326813074,0.9407864561349571,27.613187791081103
1,backsliding_Nyr,Y_eqaccess,Equal access,vdem_egal_delib,instr-antiplural_w1_trt-ert_gapany_illib0p9026269_opp0p9026269_ctrypct_lrmax1_exclyr,backsliding_Nyr,76,1,0.1665044388588803,0.36992858182276,76,1,-0.11125943645460896,0.0861425800396554,0.19650503556601928,-0.5703100912433572,1.4108555851338538,0.6860436272325445,28.841207119881155
1,backsliding_Nyr,Y_eqdr,Equal distribution,vdem_egal_delib,instr-antiplural_w1_trt-ert_gapany_illib0p9026269_opp0p9026269_ctrypct_lrmax1_exclyr,backsliding_Nyr,76,1,0.1665044388588803,0.36992858182276,76,1,-0.0794259691132786,0.07375266562974245,0.28151450219214136,-0.396452887196332,1.2217503834019194,0.7455626896478931,28.590541260688873
1,backsliding_union_Nyr,Y_gdp_growth,PWT,growth,instr-antiplural_w1_trt-ertOrDdcg_gapany_illib0p9026269_opp0p9026269_ctrypct_lrmax1_exclyr,backsliding_union_Nyr,76,1,0.1665044388588803,0.36992858182276,75,1,-0.02299234594174901,0.06406253703868535,0.7196663799225775,-0.15715015851417433,0.4542616507903299,0.729383037004005,31.216676415732632
1,backsliding_union_Nyr,Y_gdp_growth_wb,World Bank,growth,instr-antiplural_w1_trt-ertOrDdcg_gapany_illib0p9026269_opp0p9026269_ctrypct_lrmax1_exclyr,backsliding_union_Nyr,76,1,0.1665044388588803,0.36992858182276,74,1,-0.02403307198414261,0.06262454274007594,0.7011530534223231,-0.16107825765286266,0.4373514681713793,0.7126466341623808,31.12574783652212
1,backsliding_union_Nyr,Y_gdp_growth_imf,IMF WEO,growth,instr-antiplural_w1_trt-ertOrDdcg_gapany_illib0p9026269_opp0p9026269_ctrypct_lrmax1_exclyr,backsliding_union_Nyr,76,1,0.1665044388588803,0.36992858182276,55,1,-0.06346465089490888,0.07820226082464664,0.4170527826348373,-0.28702703923885187,0.4380825354304994,0.5123458098082843,19.31388978901333
1,backsliding_union_Nyr,Y_inflation,"CPI, cumulative log",inflation,instr-antiplural_w1_trt-ertOrDdcg_gapany_illib0p9026269_opp0p9026269_ctrypct_lrmax1_exclyr,backsliding_union_Nyr,76,1,0.1665044388588803,0.36992858182276,68,1,0.10513841853462792,0.06536422614171386,0.10772551269436714,0.5203463749858439,1.0226454428036251,0.610875711616824,24.673946430778507
1,backsliding_union_Nyr,Y_unemployment,Unemployment rate,unemployment,instr-antiplural_w1_trt-ertOrDdcg_gapany_illib0p9026269_opp0p9026269_ctrypct_lrmax1_exclyr,backsliding_union_Nyr,76,1,0.1665044388588803,0.36992858182276,49,1,0.7009958386412327,1.1401307809216452,0.5386616476983821,3.468310072183135,5.700981157374255,0.542941619435014,21.52975821722597
1,backsliding_union_Nyr,Y_trade_pct_gdp,Trade / GDP,trade,instr-antiplural_w1_trt-ertOrDdcg_gapany_illib0p9026269_opp0p9026269_ctrypct_lrmax1_exclyr,backsliding_union_Nyr,76,1,0.1665044388588803,0.36992858182276,69,0,2.022871785063968,8.272514766255743,0.8068209555241602,NA,NA,NA,NA
1,backsliding_union_Nyr,Y_top10_share,Top-10% income share,top10,instr-antiplural_w1_trt-ertOrDdcg_gapany_illib0p9026269_opp0p9026269_ctrypct_lrmax1_exclyr,backsliding_union_Nyr,76,1,0.1665044388588803,0.36992858182276,68,1,-1.278279248436394,0.7546609175957109,0.09029458271478329,-7.8262249750377215,7.788547555871498,0.314975083726785,26.215061712808676
1,backsliding_union_Nyr,Y_gini_disp,Disposable,gini,instr-antiplural_w1_trt-ertOrDdcg_gapany_illib0p9026269_opp0p9026269_ctrypct_lrmax1_exclyr,backsliding_union_Nyr,76,1,0.1665044388588803,0.36992858182276,63,1,-0.24179817174578372,0.458268487655013,0.5977531830577301,-1.1646795780193864,3.383985950686536,0.7307155236703349,18.165392901649827
1,backsliding_union_Nyr,Y_gini_mkt,Market,gini,instr-antiplural_w1_trt-ertOrDdcg_gapany_illib0p9026269_opp0p9026269_ctrypct_lrmax1_exclyr,backsliding_union_Nyr,76,1,0.1665044388588803,0.36992858182276,63,1,-0.9279698530818687,0.8582636789817478,0.2796003008422831,-4.251049025326611,10.616362523200705,0.6888440644050289,22.01019828027096
1,backsliding_union_Nyr,Y_debt,Debt / GDP,fiscal,instr-antiplural_w1_trt-ertOrDdcg_gapany_illib0p9026269_opp0p9026269_ctrypct_lrmax1_exclyr,backsliding_union_Nyr,76,1,0.1665044388588803,0.36992858182276,73,1,-1.1271357260083006,6.9384727387045295,0.87095367498612275,-7.572372935978268,51.73566542144343,0.8836320004460786,27.2550615049415
1,backsliding_union_Nyr,Y_deficit,Deficit / GDP,fiscal,instr-antiplural_w1_trt-ertOrDdcg_gapany_illib0p9026269_opp0p9026269_ctrypct_lrmax1_exclyr,backsliding_union_Nyr,76,1,0.1665044388588803,0.36992858182276,61,1,3.8741777293758,6.15765552581165,0.5292414236806202,20.02539980299346,43.85329370617155,0.6479260241508449,22.02686201253094
1,backsliding_union_Nyr,Y_checks_balances,Checks & balances,institutions,instr-antiplural_w1_trt-ertOrDdcg_gapany_illib0p9026269_opp0p9026269_ctrypct_lrmax1_exclyr,backsliding_union_Nyr,76,1,0.1665044388588803,0.36992858182276,74,1,-0.08763981636125626,0.1178444659581656,0.4570637044334595,-0.6069176293921752,1.271112360962666,0.6330276967035716,32.011958638281094
1,backsliding_union_Nyr,Y_jucon,Judicial constraints,institutions,instr-antiplural_w1_trt-ertOrDdcg_gapany_illib0p9026269_opp0p9026269_ctrypct_lrmax1_exclyr,backsliding_union_Nyr,76,1,0.1665044388588803,0.36992858182276,76,1,0.00186512297138597,0.08446002816710994,0.9823818211620706,0.04173566921368886,0.7284950847933085,0.954313982944646,28.572524484759533
1,backsliding_union_Nyr,Y_legcon,Legislative constraints,institutions,instr-antiplural_w1_trt-ertOrDdcg_gapany_illib0p9026269_opp0p9026269_ctrypct_lrmax1_exclyr,backsliding_union_Nyr,76,1,0.1665044388588803,0.36992858182276,74,1,-0.22326122124601344,0.2073357444605357,0.2815651175613549,-1.4854572260698609,2.5327857704349217,0.5575452983320297,30.711469301652244
1,backsliding_union_Nyr,Y_hos_power,HOS,exec_power,instr-antiplural_w1_trt-ertOrDdcg_gapany_illib0p9026269_opp0p9026269_ctrypct_lrmax1_exclyr,backsliding_union_Nyr,76,1,0.1665044388588803,0.36992858182276,76,1,0.02546236160078176,0.06402943295848948,0.6908760216820127,0.13688140975903654,0.8283833298793204,0.8687557016975719,32.14315688979422
1,backsliding_union_Nyr,Y_hog_power,HOG,exec_power,instr-antiplural_w1_trt-ertOrDdcg_gapany_illib0p9026269_opp0p9026269_ctrypct_lrmax1_exclyr,backsliding_union_Nyr,76,1,0.1665044388588803,0.36992858182276,32,0,0.096300617339718,0.20370723089103787,0.6363984714896764,NA,NA,NA,NA
1,backsliding_union_Nyr,Y_hos_power_vdem,HOS (v2ex_hosw),exec_power_alt,instr-antiplural_w1_trt-ertOrDdcg_gapany_illib0p9026269_opp0p9026269_ctrypct_lrmax1_exclyr,backsliding_union_Nyr,76,1,0.1665044388588803,0.36992858182276,NA,1,NA,NA,NA,NA,NA,NA,NA
1,backsliding_union_Nyr,Y_hog_power_vdem,HOG (v2ex_hogw),exec_power_alt,instr-antiplural_w1_trt-ertOrDdcg_gapany_illib0p9026269_opp0p9026269_ctrypct_lrmax1_exclyr,backsliding_union_Nyr,76,1,0.1665044388588803,0.36992858182276,NA,1,NA,NA,NA,NA,NA,NA,NA
1,backsliding_union_Nyr,Y_polyarchy,Electoral (polyarchy),vdem_high,instr-antiplural_w1_trt-ertOrDdcg_gapany_illib0p9026269_opp0p9026269_ctrypct_lrmax1_exclyr,backsliding_union_Nyr,76,1,0.1665044388588803,0.36992858182276,76,1,-0.1599098707284254,0.1222733092736832,0.19093883221839733,-0.8370473927461846,2.227419345732368,0.7070711945836462,29.16927815909995
1,backsliding_union_Nyr,Y_libdem,Liberal,vdem_high,instr-antiplural_w1_trt-ertOrDdcg_gapany_illib0p9026269_opp0p9026269_ctrypct_lrmax1_exclyr,backsliding_union_Nyr,76,1,0.1665044388588803,0.36992858182276,76,1,-0.11965223482051857,0.1008216113386135,0.23531768551226057,-0.622863045365714,1.7529997868925289,0.7223553601297473,29.21619821061784
1,backsliding_union_Nyr,Y_partipdem,Participatory,vdem_high,instr-antiplural_w1_trt-ertOrDdcg_gapany_illib0p9026269_opp0p9026269_ctrypct_lrmax1_exclyr,backsliding_union_Nyr,76,1,0.1665044388588803,0.36992858182276,76,1,-0.08668726528881868,0.0655221453486081,0.185827932323293,-0.450618305051551,1.2253915395864432,0.713071480866714,28.579283718896008
1,backsliding_union_Nyr,Y_delibdem,Deliberative,vdem_high,instr-antiplural_w1_trt-ertOrDdcg_gapany_illib0p9026269_opp0p9026269_ctrypct_lrmax1_exclyr,backsliding_union_Nyr,76,1,0.1665044388588803,0.36992858182276,76,1,-0.13294062931919737,0.11769043361024888,0.2586537104355545,-0.6883664188083224,1.9539314061857007,0.7246146757277028,29.449581174413183
1,backsliding_union_Nyr,Y_egaldem,Egalitarian,vdem_high,instr-antiplural_w1_trt-ertOrDdcg_gapany_illib0p9026269_opp0p9026269_ctrypct_lrmax1_exclyr,backsliding_union_Nyr,76,1,0.1665044388588803,0.36992858182276,76,1,-0.08755920966969356,0.07895997472849305,0.26747062628201335,-0.42419017031389034,1.4000366027278344,0.7619012492383992,28.502524359601008
1,backsliding_union_Nyr,Y_elecoff,Elected officials,vdem_electoral,instr-antiplural_w1_trt-ertOrDdcg_gapany_illib0p9026269_opp0p9026269_ctrypct_lrmax1_exclyr,backsliding_union_Nyr,76,1,0.1665044388588803,0.36992858182276,76,1,-0.5321729283108017,0.3939724370575046,0.17676360692822582,-3.0970276508700194,5.437155791705021,0.5689460698939557,28.279673741793285
1,backsliding_union_Nyr,Y_frefair,Clean elections,vdem_electoral,instr-antiplural_w1_trt-ertOrDdcg_gapany_illib0p9026269_opp0p9026269_ctrypct_lrmax1_exclyr,backsliding_union_Nyr,76,1,0.1665044388588803,0.36992858182276,76,1,-0.17842689294307448,0.15322488066519785,0.2442306437098948,-0.9607107391606918,2.5359456208317264,0.7048087023390323,28.663595207537316
1,backsliding_union_Nyr,Y_frassoc,Association,vdem_electoral,instr-antiplural_w1_trt-ertOrDdcg_gapany_illib0p9026269_opp0p9026269_ctrypct_lrmax1_exclyr,backsliding_union_Nyr,76,1,0.1665044388588803,0.36992858182276,76,1,-0.20050467523873408,0.14656903553442158,0.17131584629700147,-1.0239612263644902,2.7611114595261466,0.710748437384513,28.93253303479396
1,backsliding_union_Nyr,Y_suffr,Suffrage,vdem_electoral,instr-antiplural_w1_trt-ertOrDdcg_gapany_illib0p9026269_opp0p9026269_ctrypct_lrmax1_exclyr,backsliding_union_Nyr,76,1,0.1665044388588803,0.36992858182276,NA,1,NA,NA,NA,NA,NA,NA,NA
1,backsliding_union_Nyr,Y_freexp,Expression & alt. info,vdem_electoral,instr-antiplural_w1_trt-ertOrDdcg_gapany_illib0p9026269_opp0p9026269_ctrypct_lrmax1_exclyr,backsliding_union_Nyr,76,1,0.1665044388588803,0.36992858182276,76,1,-0.1426196640537045,0.13040215110536052,0.2740905059849015,-0.6919903094727794,2.2479082513510216,0.7582060351023405,28.581191837158077
1,backsliding_union_Nyr,Y_cl_rol,Rule of law,vdem_liberal,instr-antiplural_w1_trt-ertOrDdcg_gapany_illib0p9026269_opp0p9026269_ctrypct_lrmax1_exclyr,backsliding_union_Nyr,76,1,0.1665044388588803,0.36992858182276,76,1,-0.09840378628384788,0.10052070642607058,0.3276094007361623,-0.4684688358778865,1.6145400988296896,0.7716967351507539,28.308060530452025
1,backsliding_union_Nyr,Y_cspart,Civil society,vdem_particip,instr-antiplural_w1_trt-ertOrDdcg_gapany_illib0p9026269_opp0p9026269_ctrypct_lrmax1_exclyr,backsliding_union_Nyr,76,1,0.1665044388588803,0.36992858182276,76,1,-0.08044993557032129,0.10083692769317464,0.4249736990764766,-0.4638846421044691,1.1429840845592825,0.6848498919796782,30.85572997006475
1,backsliding_union_Nyr,Y_dd,Direct democracy,vdem_particip,instr-antiplural_w1_trt-ertOrDdcg_gapany_illib0p9026269_opp0p9026269_ctrypct_lrmax1_exclyr,backsliding_union_Nyr,76,1,0.1665044388588803,0.36992858182276,76,1,0.00938077533736194,0.0211086821119227,0.656750776364992,0.06289912102023076,0.16635985180804494,0.7053631801560938,28.296145662051547
1,backsliding_union_Nyr,Y_locelec,Local elections,vdem_particip,instr-antiplural_w1_trt-ertOrDdcg_gapany_illib0p9026269_opp0p9026269_ctrypct_lrmax1_exclyr,backsliding_union_Nyr,76,1,0.1665044388588803,0.36992858182276,76,1,-0.09841219428352066,0.12097938985642089,0.41595295063096366,-0.5651081636101682,1.5314671631158705,0.712129291757837,31.517976044307503
1,backsliding_union_Nyr,Y_regelec,Regional elections,vdem_particip,instr-antiplural_w1_trt-ertOrDdcg_gapany_illib0p9026269_opp0p9026269_ctrypct_lrmax1_exclyr,backsliding_union_Nyr,76,1,0.1665044388588803,0.36992858182276,76,1,-0.05351761458713187,0.0507552116714498,0.29168792589762227,-0.2800384157350948,0.36481998528945303,0.44272063516899346,17.476533125705732
1,backsliding_union_Nyr,Y_delib,Deliberation,vdem_egal_delib,instr-antiplural_w1_trt-ertOrDdcg_gapany_illib0p9026269_opp0p9026269_ctrypct_lrmax1_exclyr,backsliding_union_Nyr,76,1,0.1665044388588803,0.36992858182276,76,1,-0.1550897149822715,0.156021649768261,0.32020977732797457,-0.833054775706813,2.2165482109490893,0.7070401097045746,29.664271479589384
1,backsliding_union_Nyr,Y_eqprotec,Equal protection,vdem_egal_delib,instr-antiplural_w1_trt-ertOrDdcg_gapany_illib0p9026269_opp0p9026269_ctrypct_lrmax1_exclyr,backsliding_union_Nyr,76,1,0.1665044388588803,0.36992858182276,76,1,-0.0108401959002537,0.04568179809076341,0.8124256716966999,-0.02987868097887955,0.40223623326813074,0.9407864561349571,27.613187791081103
1,backsliding_union_Nyr,Y_eqaccess,Equal access,vdem_egal_delib,instr-antiplural_w1_trt-ertOrDdcg_gapany_illib0p9026269_opp0p9026269_ctrypct_lrmax1_exclyr,backsliding_union_Nyr,76,1,0.1665044388588803,0.36992858182276,76,1,-0.11125943645460896,0.0861425800396554,0.19650503556601928,-0.5703100912433572,1.4108555851338538,0.6860436272325445,28.841207119881155
1,backsliding_union_Nyr,Y_eqdr,Equal distribution,vdem_egal_delib,instr-antiplural_w1_trt-ertOrDdcg_gapany_illib0p9026269_opp0p9026269_ctrypct_lrmax1_exclyr,backsliding_union_Nyr,76,1,0.1665044388588803,0.36992858182276,76,1,-0.0794259691132786,0.07375266562974245,0.28151450219214136,-0.396452887196332,1.2217503834019194,0.7455626896478931,28.590541260688873
1,polyarchy_decline,Y_gdp_growth,PWT,growth,instr-antiplural_w1_trt-polyarchy_gapany_illib0p9026269_opp0p9026269_ctrypct_lrmax1_exclyr,polyarchy_decline,76,32,0.1599098707284254,0.19093883221839733,75,32,-0.02299234594174901,0.06406253703868535,0.7196663799225775,-0.15863815704707063,0.3746036975702219,0.6719431730228334,28.640081065677183
1,polyarchy_decline,Y_gdp_growth_wb,World Bank,growth,instr-antiplural_w1_trt-polyarchy_gapany_illib0p9026269_opp0p9026269_ctrypct_lrmax1_exclyr,polyarchy_decline,76,32,0.1599098707284254,0.19093883221839733,74,32,-0.02403307198414261,0.06262454274007594,0.7011530534223231,-0.16524621040087695,0.3542919934055443,0.6409202738563007,39.53134602007757
1,polyarchy_decline,Y_gdp_growth_imf,IMF WEO,growth,instr-antiplural_w1_trt-polyarchy_gapany_illib0p9026269_opp0p9026269_ctrypct_lrmax1_exclyr,polyarchy_decline,76,32,0.1599098707284254,0.19093883221839733,55,20,-0.06346465089490888,0.07820226082464664,0.4170527826348373,-0.950741262570911,0.8554776296331548,0.2664146075013581,16.91503997405742
1,polyarchy_decline,Y_inflation,"CPI, cumulative log",inflation,instr-antiplural_w1_trt-polyarchy_gapany_illib0p9026269_opp0p9026269_ctrypct_lrmax1_exclyr,polyarchy_decline,76,32,0.1599098707284254,0.19093883221839733,68,31,0.10513841853462792,0.06536422614171386,0.10772551269436714,0.5858481023437913,1.2491521483040395,0.6390720709247959,21.27011125913197
1,polyarchy_decline,Y_unemployment,Unemployment rate,unemployment,instr-antiplural_w1_trt-polyarchy_gapany_illib0p9026269_opp0p9026269_ctrypct_lrmax1_exclyr,polyarchy_decline,76,32,0.1599098707284254,0.19093883221839733,49,22,0.7009958386412327,1.1401307809216452,0.5386616476983821,5.9369890685529185,13.72946519766105,0.6654312239018481,30.935714802058538
1,polyarchy_decline,Y_trade_pct_gdp,Trade / GDP,trade,instr-antiplural_w1_trt-polyarchy_gapany_illib0p9026269_opp0p9026269_ctrypct_lrmax1_exclyr,polyarchy_decline,76,32,0.1599098707284254,0.19093883221839733,69,32,2.022871785063968,8.272514766255743,0.8068209555241602,69.81923958277012,119.6900603861802,0.5596687152524107,15.519860888577591
1,polyarchy_decline,Y_top10_share,Top-10% income share,top10,instr-antiplural_w1_trt-polyarchy_gapany_illib0p9026269_opp0p9026269_ctrypct_lrmax1_exclyr,polyarchy_decline,76,32,0.1599098707284254,0.19093883221839733,68,28,-1.278279248436394,0.7546609175957109,0.09029458271478329,-5.648049692552165,7.63372824242373,0.4593722672110201,23.692686938843103
1,polyarchy_decline,Y_gini_disp,Disposable,gini,instr-antiplural_w1_trt-polyarchy_gapany_illib0p9026269_opp0p9026269_ctrypct_lrmax1_exclyr,polyarchy_decline,76,32,0.1599098707284254,0.19093883221839733,63,29,-0.24179817174578372,0.458268487655013,0.5977531830577301,-2.162977284920702,1.6109612377415463,0.17938127412116422,25.07628923842941
1,polyarchy_decline,Y_gini_mkt,Market,gini,instr-antiplural_w1_trt-polyarchy_gapany_illib0p9026269_opp0p9026269_ctrypct_lrmax1_exclyr,polyarchy_decline,76,32,0.1599098707284254,0.19093883221839733,63,29,-0.9279698530818687,0.8582636789817478,0.2796003008422831,-5.963418939354055,5.564469564641443,0.28385666547741434,26.5660718121092
1,polyarchy_decline,Y_debt,Debt / GDP,fiscal,instr-antiplural_w1_trt-polyarchy_gapany_illib0p9026269_opp0p9026269_ctrypct_lrmax1_exclyr,polyarchy_decline,76,32,0.1599098707284254,0.19093883221839733,73,32,-1.1271357260083006,6.9384727387045295,0.87095367498612275,-8.153102397923675,42.52356470756837,0.8479526122471414,28.82211687675013
1,polyarchy_decline,Y_deficit,Deficit / GDP,fiscal,instr-antiplural_w1_trt-polyarchy_gapany_illib0p9026269_opp0p9026269_ctrypct_lrmax1_exclyr,polyarchy_decline,76,32,0.1599098707284254,0.19093883221839733,61,29,3.8741777293758,6.15765552581165,0.5292414236806202,18.836560826656175,24.12228043661901,0.4348741861077829,21.97902863100389
1,polyarchy_decline,Y_checks_balances,Checks & balances,institutions,instr-antiplural_w1_trt-polyarchy_gapany_illib0p9026269_opp0p9026269_ctrypct_lrmax1_exclyr,polyarchy_decline,76,32,0.1599098707284254,0.19093883221839733,74,32,-0.08763981636125626,0.1178444659581656,0.4570637044334595,-1.175056349581131,0.9524681505678432,0.2173161259109524,29.409872514871505
1,polyarchy_decline,Y_jucon,Judicial constraints,institutions,instr-antiplural_w1_trt-polyarchy_gapany_illib0p9026269_opp0p9026269_ctrypct_lrmax1_exclyr,polyarchy_decline,76,32,0.1599098707284254,0.19093883221839733,76,32,0.00186512297138597,0.08446002816710994,0.9823818211620706,0.00191897445198863,0.4735964591521367,0.996767045300758,27.423659172313936
1,polyarchy_decline,Y_legcon,Legislative constraints,institutions,instr-antiplural_w1_trt-polyarchy_gapany_illib0p9026269_opp0p9026269_ctrypct_lrmax1_exclyr,polyarchy_decline,76,32,0.1599098707284254,0.19093883221839733,74,32,-0.22326122124601344,0.2073357444605357,0.2815651175613549,-2.514393348897632,2.436630835992005,0.3021124306635309,30.370918931913742
1,polyarchy_decline,Y_hos_power,HOS,exec_power,instr-antiplural_w1_trt-polyarchy_gapany_illib0p9026269_opp0p9026269_ctrypct_lrmax1_exclyr,polyarchy_decline,76,32,0.1599098707284254,0.19093883221839733,76,32,0.02546236160078176,0.06402943295848948,0.6908760216820127,0.17551515401214168,0.283733476972059,0.5361854171856215,34.003954880873195
1,polyarchy_decline,Y_hog_power,HOG,exec_power,instr-antiplural_w1_trt-polyarchy_gapany_illib0p9026269_opp0p9026269_ctrypct_lrmax1_exclyr,polyarchy_decline,76,32,0.1599098707284254,0.19093883221839733,32,12,0.096300617339718,0.20370723089103787,0.6363984714896764,-8.188660510119119,20.662625949146484,0.6918815194061707,35.13074444877361
1,polyarchy_decline,Y_hos_power_vdem,HOS (v2ex_hosw),exec_power_alt,instr-antiplural_w1_trt-polyarchy_gapany_illib0p9026269_opp0p9026269_ctrypct_lrmax1_exclyr,polyarchy_decline,76,32,0.1599098707284254,0.19093883221839733,NA,32,NA,NA,NA,NA,NA,NA,NA
1,polyarchy_decline,Y_hog_power_vdem,HOG (v2ex_hogw),exec_power_alt,instr-antiplural_w1_trt-polyarchy_gapany_illib0p9026269_opp0p9026269_ctrypct_lrmax1_exclyr,polyarchy_decline,76,32,0.1599098707284254,0.19093883221839733,NA,32,NA,NA,NA,NA,NA,NA,NA
1,polyarchy_decline,Y_polyarchy,Electoral (polyarchy),vdem_high,instr-antiplural_w1_trt-polyarchy_gapany_illib0p9026269_opp0p9026269_ctrypct_lrmax1_exclyr,polyarchy_decline,76,32,0.1599098707284254,0.19093883221839733,76,32,-0.1599098707284254,0.1222733092736832,0.19093883221839733,-1,9.508072236946711e-17,0,24.412798287978003
1,polyarchy_decline,Y_libdem,Liberal,vdem_high,instr-antiplural_w1_trt-polyarchy_gapany_illib0p9026269_opp0p9026269_ctrypct_lrmax1_exclyr,polyarchy_decline,76,32,0.1599098707284254,0.19093883221839733,76,32,-0.11965223482051857,0.1008216113386135,0.23531768551226057,-0.7420171916730793,0.1145321656170388,9.252881956411404e-11,24.378873516484425
1,polyarchy_decline,Y_partipdem,Participatory,vdem_high,instr-antiplural_w1_trt-polyarchy_gapany_illib0p9026269_opp0p9026269_ctrypct_lrmax1_exclyr,polyarchy_decline,76,32,0.1599098707284254,0.19093883221839733,76,32,-0.08668726528881868,0.0655221453486081,0.185827932323293,-0.5050987843835825,0.13806717547097658,2.5383898041855e-4,35.92514262502593
1,polyarchy_decline,Y_delibdem,Deliberative,vdem_high,instr-antiplural_w1_trt-polyarchy_gapany_illib0p9026269_opp0p9026269_ctrypct_lrmax1_exclyr,polyarchy_decline,76,32,0.1599098707284254,0.19093883221839733,76,32,-0.13294062931919737,0.11769043361024888,0.2586537104355545,-0.8237973489434941,0.1487115987183886,3.0322642962170465e-8,27.395236500475523
1,polyarchy_decline,Y_egaldem,Egalitarian,vdem_high,instr-antiplural_w1_trt-polyarchy_gapany_illib0p9026269_opp0p9026269_ctrypct_lrmax1_exclyr,polyarchy_decline,76,32,0.1599098707284254,0.19093883221839733,76,32,-0.08755920966969356,0.07895997472849305,0.26747062628201335,-0.5816381000908055,0.0960577827260299,1.4034298666468534e-9,33.37662183047272
1,polyarchy_decline,Y_elecoff,Elected officials,vdem_electoral,instr-antiplural_w1_trt-polyarchy_gapany_illib0p9026269_opp0p9026269_ctrypct_lrmax1_exclyr,polyarchy_decline,76,32,0.1599098707284254,0.19093883221839733,76,32,-0.5321729283108017,0.3939724370575046,0.17676360692822582,-3.367112989729618,1.531983182714921,0.02795776122497128,27.033775435077903
1,polyarchy_decline,Y_frefair,Clean elections,vdem_electoral,instr-antiplural_w1_trt-polyarchy_gapany_illib0p9026269_opp0p9026269_ctrypct_lrmax1_exclyr,polyarchy_decline,76,32,0.1599098707284254,0.19093883221839733,76,32,-0.17842689294307448,0.15322488066519785,0.2442306437098948,-1.6992559794347089,0.4942059281052872,5.852574533647239e-4,17.616411145612265
1,polyarchy_decline,Y_frassoc,Association,vdem_electoral,instr-antiplural_w1_trt-polyarchy_gapany_illib0p9026269_opp0p9026269_ctrypct_lrmax1_exclyr,polyarchy_decline,76,32,0.1599098707284254,0.19093883221839733,76,32,-0.20050467523873408,0.14656903553442158,0.17131584629700147,-1.412063516527108,0.2892152380612969,1.0480415878978455e-6,39.75758471562415
1,polyarchy_decline,Y_suffr,Suffrage,vdem_electoral,instr-antiplural_w1_trt-polyarchy_gapany_illib0p9026269_opp0p9026269_ctrypct_lrmax1_exclyr,polyarchy_decline,76,32,0.1599098707284254,0.19093883221839733,NA,32,NA,NA,NA,NA,NA,NA,NA
1,polyarchy_decline,Y_freexp,Expression & alt. info,vdem_electoral,instr-antiplural_w1_trt-polyarchy_gapany_illib0p9026269_opp0p9026269_ctrypct_lrmax1_exclyr,polyarchy_decline,76,32,0.1599098707284254,0.19093883221839733,76,32,-0.1426196640537045,0.13040215110536052,0.2740905059849015,-0.9799303902089604,0.3225318501465639,0.0023796136022294,45.04276886533378
1,polyarchy_decline,Y_cl_rol,Rule of law,vdem_liberal,instr-antiplural_w1_trt-polyarchy_gapany_illib0p9026269_opp0p9026269_ctrypct_lrmax1_exclyr,polyarchy_decline,76,32,0.1599098707284254,0.19093883221839733,76,32,-0.09840378628384788,0.10052070642607058,0.3276094007361623,-0.6749390148368679,0.28783558419521726,0.01903336209972136,28.71309684199746
1,polyarchy_decline,Y_cspart,Civil society,vdem_particip,instr-antiplural_w1_trt-polyarchy_gapany_illib0p9026269_opp0p9026269_ctrypct_lrmax1_exclyr,polyarchy_decline,76,32,0.1599098707284254,0.19093883221839733,76,32,-0.08044993557032129,0.10083692769317464,0.4249736990764766,-0.418984111277847,0.36847860645255726,0.2555111314381658,43.89329278506277
1,polyarchy_decline,Y_dd,Direct democracy,vdem_particip,instr-antiplural_w1_trt-polyarchy_gapany_illib0p9026269_opp0p9026269_ctrypct_lrmax1_exclyr,polyarchy_decline,76,32,0.1599098707284254,0.19093883221839733,76,32,0.00938077533736194,0.0211086821119227,0.656750776364992,0.0308622890563574,0.1276023459427015,0.8088863033966803,26.3010736752529
1,polyarchy_decline,Y_locelec,Local elections,vdem_particip,instr-antiplural_w1_trt-polyarchy_gapany_illib0p9026269_opp0p9026269_ctrypct_lrmax1_exclyr,polyarchy_decline,76,32,0.1599098707284254,0.19093883221839733,76,32,-0.09841219428352066,0.12097938985642089,0.41595295063096366,-0.6225539558076569,0.7445628342386067,0.40307978354168766,40.32530491705256
1,polyarchy_decline,Y_regelec,Regional elections,vdem_particip,instr-antiplural_w1_trt-polyarchy_gapany_illib0p9026269_opp0p9026269_ctrypct_lrmax1_exclyr,polyarchy_decline,76,32,0.1599098707284254,0.19093883221839733,76,32,-0.05351761458713187,0.0507552116714498,0.29168792589762227,-0.0498724278679111,0.3126457371246257,0.8732612688640264,26.667220948702425
1,polyarchy_decline,Y_delib,Deliberation,vdem_egal_delib,instr-antiplural_w1_trt-polyarchy_gapany_illib0p9026269_opp0p9026269_ctrypct_lrmax1_exclyr,polyarchy_decline,76,32,0.1599098707284254,0.19093883221839733,76,32,-0.1550897149822715,0.156021649768261,0.32020977732797457,-0.9218330763546624,0.4270826620500273,0.03089349760187401,40.54575266944066
1,polyarchy_decline,Y_eqprotec,Equal protection,vdem_egal_delib,instr-antiplural_w1_trt-polyarchy_gapany_illib0p9026269_opp0p9026269_ctrypct_lrmax1_exclyr,polyarchy_decline,76,32,0.1599098707284254,0.19093883221839733,76,32,-0.0108401959002537,0.04568179809076341,0.8124256716966999,-0.06418273847192692,0.24682633551205957,0.7948391124766849,26.948961657323323
1,polyarchy_decline,Y_eqaccess,Equal access,vdem_egal_delib,instr-antiplural_w1_trt-polyarchy_gapany_illib0p9026269_opp0p9026269_ctrypct_lrmax1_exclyr,polyarchy_decline,76,32,0.1599098707284254,0.19093883221839733,76,32,-0.11125943645460896,0.0861425800396554,0.19650503556601928,-0.7204121952549639,0.254748063909024,0.00468486117570119,28.24275801303625
1,polyarchy_decline,Y_eqdr,Equal distribution,vdem_egal_delib,instr-antiplural_w1_trt-polyarchy_gapany_illib0p9026269_opp0p9026269_ctrypct_lrmax1_exclyr,polyarchy_decline,76,32,0.1599098707284254,0.19093883221839733,76,32,-0.0794259691132786,0.07375266562974245,0.28151450219214136,-0.5840009228107338,0.18068769520359623,0.00122883513164043,35.340223568251325
2,backsliding_Nyr,Y_gdp_growth,PWT,growth,instr-antiplural_w2_trt-ert_gapany_illib0p9026269_opp0p9026269_ctrypct_lrmax1_exclyr,backsliding_Nyr,76,2,0.12076325115662503,0.4879752253343814,73,2,-0.07253910161081153,0.06301615582587705,0.24968323455437225,-0.5424917609757517,0.6079267702257533,0.3721980397905776,25.881924310045065
2,backsliding_Nyr,Y_gdp_growth_wb,World Bank,growth,instr-antiplural_w2_trt-ert_gapany_illib0p9026269_opp0p9026269_ctrypct_lrmax1_exclyr,backsliding_Nyr,76,2,0.12076325115662503,0.4879752253343814,74,2,-0.06879981563235021,0.05961012639906657,0.24843325706114272,-0.568718572644427,0.6718012056484423,0.3972416258243763,27.62542436780628
2,backsliding_Nyr,Y_gdp_growth_imf,IMF WEO,growth,instr-antiplural_w2_trt-ert_gapany_illib0p9026269_opp0p9026269_ctrypct_lrmax1_exclyr,backsliding_Nyr,76,2,0.12076325115662503,0.4879752253343814,55,2,-0.13293771122701634,0.07978995465813529,0.09569432774238829,-0.5738227112890408,0.7167704821098174,0.42338242873073,15.897331974987068
2,backsliding_Nyr,Y_inflation,"CPI, cumulative log",inflation,instr-antiplural_w2_trt-ert_gapany_illib0p9026269_opp0p9026269_ctrypct_lrmax1_exclyr,backsliding_Nyr,76,2,0.12076325115662503,0.4879752253343814,66,2,0.14210470838771772,0.10007174404140148,0.15559944281666688,0.5385927695074717,1.836058676166533,0.7692609011709963,22.706285226719263
2,backsliding_Nyr,Y_unemployment,Unemployment rate,unemployment,instr-antiplural_w2_trt-ert_gapany_illib0p9026269_opp0p9026269_ctrypct_lrmax1_exclyr,backsliding_Nyr,76,2,0.12076325115662503,0.4879752253343814,49,2,0.25693291898170395,1.1593611124322345,0.82461286179576,1.8567512977157703,8.091209699381492,0.8184977369342423,23.183679706248427
2,backsliding_Nyr,Y_trade_pct_gdp,Trade / GDP,trade,instr-antiplural_w2_trt-ert_gapany_illib0p9026269_opp0p9026269_ctrypct_lrmax1_exclyr,backsliding_Nyr,76,2,0.12076325115662503,0.4879752253343814,69,1,1.8823306939309057,8.795130317828443,0.8305317353373741,NA,NA,NA,11.534314317075266
2,backsliding_Nyr,Y_top10_share,Top-10% income share,top10,instr-antiplural_w2_trt-ert_gapany_illib0p9026269_opp0p9026269_ctrypct_lrmax1_exclyr,backsliding_Nyr,76,2,0.12076325115662503,0.4879752253343814,68,2,-1.0755720816295629,1.3389373627107686,0.4217997619204735,-8.117097089525235,16.252203914059525,0.6174652695340097,28.951205854475965
2,backsliding_Nyr,Y_gini_disp,Disposable,gini,instr-antiplural_w2_trt-ert_gapany_illib0p9026269_opp0p9026269_ctrypct_lrmax1_exclyr,backsliding_Nyr,76,2,0.12076325115662503,0.4879752253343814,60,2,-0.4840878315541793,0.6856744477150793,0.4801866214989968,-2.0031039296955373,5.4861999892702,0.7150242009677635,16.942177254495796
2,backsliding_Nyr,Y_gini_mkt,Market,gini,instr-antiplural_w2_trt-ert_gapany_illib0p9026269_opp0p9026269_ctrypct_lrmax1_exclyr,backsliding_Nyr,76,2,0.12076325115662503,0.4879752253343814,60,2,-1.061329126635873,0.9277180629729508,0.2526148473570011,-3.747884743405466,10.561016289791173,0.7226801106581767,19.747845104986535
2,backsliding_Nyr,Y_debt,Debt / GDP,fiscal,instr-antiplural_w2_trt-ert_gapany_illib0p9026269_opp0p9026269_ctrypct_lrmax1_exclyr,backsliding_Nyr,76,2,0.12076325115662503,0.4879752253343814,73,2,4.588369926378229,7.710573157745545,0.5517932864576104,31.25205574242053,60.08512515142141,0.6029732067565744,23.47879230368168
2,backsliding_Nyr,Y_deficit,Deficit / GDP,fiscal,instr-antiplural_w2_trt-ert_gapany_illib0p9026269_opp0p9026269_ctrypct_lrmax1_exclyr,backsliding_Nyr,76,2,0.12076325115662503,0.4879752253343814,61,2,-0.2428906325933931,2.985122404919981,0.9351500448651238,-2.404775416552716,18.397885423148058,0.8960052454016173,15.963600094904203
2,backsliding_Nyr,Y_checks_balances,Checks & balances,institutions,instr-antiplural_w2_trt-ert_gapany_illib0p9026269_opp0p9026269_ctrypct_lrmax1_exclyr,backsliding_Nyr,76,2,0.12076325115662503,0.4879752253343814,74,2,-0.12140400942068164,0.128501854781719,0.34477904460044906,-0.948436302469588,1.8521857813058185,0.6086067316502606,27.49853333241227
2,backsliding_Nyr,Y_jucon,Judicial constraints,institutions,instr-antiplural_w2_trt-ert_gapany_illib0p9026269_opp0p9026269_ctrypct_lrmax1_exclyr,backsliding_Nyr,76,2,0.12076325115662503,0.4879752253343814,76,2,0.01938218950655598,0.08291537291603007,0.8151723165097728,0.1800953074234191,0.8000786879729447,0.8219038196179229,30.4383376915356
2,backsliding_Nyr,Y_legcon,Legislative constraints,institutions,instr-antiplural_w2_trt-ert_gapany_illib0p9026269_opp0p9026269_ctrypct_lrmax1_exclyr,backsliding_Nyr,76,2,0.12076325115662503,0.4879752253343814,74,2,-0.23260094175030285,0.213300719752744,0.2755001633633326,-2.008239813128765,3.5024348768722455,0.5663847804716267,31.23706655155807
2,backsliding_Nyr,Y_hos_power,HOS,exec_power,instr-antiplural_w2_trt-ert_gapany_illib0p9026269_opp0p9026269_ctrypct_lrmax1_exclyr,backsliding_Nyr,76,2,0.12076325115662503,0.4879752253343814,76,2,0.0162173891626382,0.06999388254044758,0.8167731778710955,0.12560593139076337,0.9489229147090984,0.8946941385599816,32.526578501795186
2,backsliding_Nyr,Y_hog_power,HOG,exec_power,instr-antiplural_w2_trt-ert_gapany_illib0p9026269_opp0p9026269_ctrypct_lrmax1_exclyr,backsliding_Nyr,76,2,0.12076325115662503,0.4879752253343814,32,1,-0.02504214394227343,0.1470509022679886,0.8647775521034382,-1.249673305623297,3.8123343892691697,0.7430648523394926,37.74377591398579
2,backsliding_Nyr,Y_hos_power_vdem,HOS (v2ex_hosw),exec_power_alt,instr-antiplural_w2_trt-ert_gapany_illib0p9026269_opp0p9026269_ctrypct_lrmax1_exclyr,backsliding_Nyr,76,2,0.12076325115662503,0.4879752253343814,76,2,0.00359588498201349,0.00342715068813704,0.294070171088166,0.02011675845017368,0.01917279415511099,0.2940701710881679,17.521954567424817
2,backsliding_Nyr,Y_hog_power_vdem,HOG (v2ex_hogw),exec_power_alt,instr-antiplural_w2_trt-ert_gapany_illib0p9026269_opp0p9026269_ctrypct_lrmax1_exclyr,backsliding_Nyr,76,2,0.12076325115662503,0.4879752253343814,76,2,-0.00179794249100677,0.00171357534406853,0.29407017108816363,-0.01005837922508701,0.00958639707755556,0.29407017108816297,17.521954567424835
2,backsliding_Nyr,Y_polyarchy,Electoral (polyarchy),vdem_high,instr-antiplural_w2_trt-ert_gapany_illib0p9026269_opp0p9026269_ctrypct_lrmax1_exclyr,backsliding_Nyr,76,2,0.12076325115662503,0.4879752253343814,76,2,-0.1564430482554858,0.12202963514280896,0.1998396105848225,-1.0526000389020391,3.0725498149012656,0.731912999736623,29.122500264974217
2,backsliding_Nyr,Y_libdem,Liberal,vdem_high,instr-antiplural_w2_trt-ert_gapany_illib0p9026269_opp0p9026269_ctrypct_lrmax1_exclyr,backsliding_Nyr,76,2,0.12076325115662503,0.4879752253343814,76,2,-0.12045065902484832,0.10164802204484706,0.2360261875891929,-0.8112123894687411,2.417908978422596,0.7372467196990883,29.194921328611
2,backsliding_Nyr,Y_partipdem,Participatory,vdem_high,instr-antiplural_w2_trt-ert_gapany_illib0p9026269_opp0p9026269_ctrypct_lrmax1_exclyr,backsliding_Nyr,76,2,0.12076325115662503,0.4879752253343814,76,2,-0.08426809892315335,0.07312929223647605,0.24919098943054888,-0.5770475261261794,1.7678491481582213,0.7441125098478791,28.965566204924055
2,backsliding_Nyr,Y_delibdem,Deliberative,vdem_high,instr-antiplural_w2_trt-ert_gapany_illib0p9026269_opp0p9026269_ctrypct_lrmax1_exclyr,backsliding_Nyr,76,2,0.12076325115662503,0.4879752253343814,76,2,-0.11935711094607938,0.1174010426681661,0.309314524005603,-0.7801161690460803,2.567847681248912,0.7612790670052838,29.122107769463856
2,backsliding_Nyr,Y_egaldem,Egalitarian,vdem_high,instr-antiplural_w2_trt-ert_gapany_illib0p9026269_opp0p9026269_ctrypct_lrmax1_exclyr,backsliding_Nyr,76,2,0.12076325115662503,0.4879752253343814,76,2,-0.07960114237100002,0.08002042705806954,0.31985286908158184,-0.4841702095290228,1.898379099749412,0.7986891113230183,28.29394723735645
2,backsliding_Nyr,Y_elecoff,Elected officials,vdem_electoral,instr-antiplural_w2_trt-ert_gapany_illib0p9026269_opp0p9026269_ctrypct_lrmax1_exclyr,backsliding_Nyr,76,2,0.12076325115662503,0.4879752253343814,76,2,-0.507999319781718,0.3944110634381904,0.19774784302710707,-3.811683941493361,7.364486143568256,0.6047538781912551,28.549353020286475
2,backsliding_Nyr,Y_frefair,Clean elections,vdem_electoral,instr-antiplural_w2_trt-ert_gapany_illib0p9026269_opp0p9026269_ctrypct_lrmax1_exclyr,backsliding_Nyr,76,2,0.12076325115662503,0.4879752253343814,76,2,-0.19543971609281752,0.1549850671115229,0.20730060293452077,-1.3775314814216069,3.691197042925153,0.7090042848027149,28.779810507454368
2,backsliding_Nyr,Y_frassoc,Association,vdem_electoral,instr-antiplural_w2_trt-ert_gapany_illib0p9026269_opp0p9026269_ctrypct_lrmax1_exclyr,backsliding_Nyr,76,2,0.12076325115662503,0.4879752253343814,76,2,-0.19227235029639572,0.14661640258578046,0.18972358022066668,-1.2433870589129226,3.860478889802313,0.7473913008500511,28.522166174527964
2,backsliding_Nyr,Y_suffr,Suffrage,vdem_electoral,instr-antiplural_w2_trt-ert_gapany_illib0p9026269_opp0p9026269_ctrypct_lrmax1_exclyr,backsliding_Nyr,76,2,0.12076325115662503,0.4879752253343814,NA,2,NA,NA,NA,NA,NA,NA,NA
2,backsliding_Nyr,Y_freexp,Expression & alt. info,vdem_electoral,instr-antiplural_w2_trt-ert_gapany_illib0p9026269_opp0p9026269_ctrypct_lrmax1_exclyr,backsliding_Nyr,76,2,0.12076325115662503,0.4879752253343814,76,2,-0.10055056533632088,0.13118511491394205,0.443391661492263,-0.5598392053577365,2.7037980848387813,0.8359656653192308,27.416332903547413
2,backsliding_Nyr,Y_cl_rol,Rule of law,vdem_liberal,instr-antiplural_w2_trt-ert_gapany_illib0p9026269_opp0p9026269_ctrypct_lrmax1_exclyr,backsliding_Nyr,76,2,0.12076325115662503,0.4879752253343814,76,2,-0.09559537307034877,0.10181883196001122,0.34779383076067816,-0.5675120605330484,2.357217581374076,0.8097449619932702,27.71769450562857
2,backsliding_Nyr,Y_cspart,Civil society,vdem_particip,instr-antiplural_w2_trt-ert_gapany_illib0p9026269_opp0p9026269_ctrypct_lrmax1_exclyr,backsliding_Nyr,76,2,0.12076325115662503,0.4879752253343814,76,2,-0.11590331337437806,0.11244478804856949,0.3026545330975087,-0.9891030751442113,1.9478492989737024,0.6115989384905727,32.20699068894858
2,backsliding_Nyr,Y_dd,Direct democracy,vdem_particip,instr-antiplural_w2_trt-ert_gapany_illib0p9026269_opp0p9026269_ctrypct_lrmax1_exclyr,backsliding_Nyr,76,2,0.12076325115662503,0.4879752253343814,76,2,0.02928248151040057,0.01936136011945452,0.13042740156780938,0.2486638860469577,0.48073019491528657,0.6049726613074062,29.591999497388603
2,backsliding_Nyr,Y_locelec,Local elections,vdem_particip,instr-antiplural_w2_trt-ert_gapany_illib0p9026269_opp0p9026269_ctrypct_lrmax1_exclyr,backsliding_Nyr,76,2,0.12076325115662503,0.4879752253343814,76,2,-0.10458431225009968,0.20679975226159972,0.6130479923717608,-0.785462759071979,2.843767588796984,0.7823906354263326,29.941783823420515
2,backsliding_Nyr,Y_regelec,Regional elections,vdem_particip,instr-antiplural_w2_trt-ert_gapany_illib0p9026269_opp0p9026269_ctrypct_lrmax1_exclyr,backsliding_Nyr,76,2,0.12076325115662503,0.4879752253343814,76,2,0.11786118493782125,0.15772060293335882,0.45489558495022714,0.5896468317667745,0.3797238535550187,0.12046360236128267,22.830531166466297
2,backsliding_Nyr,Y_delib,Deliberation,vdem_egal_delib,instr-antiplural_w2_trt-ert_gapany_illib0p9026269_opp0p9026269_ctrypct_lrmax1_exclyr,backsliding_Nyr,76,2,0.12076325115662503,0.4879752253343814,76,2,-0.13333960064340514,0.15867317474637094,0.4007171265051495,-1.0324434021876066,2.7914635262681498,0.7114887546149862,31.031480865223667
2,backsliding_Nyr,Y_eqprotec,Equal protection,vdem_egal_delib,instr-antiplural_w2_trt-ert_gapany_illib0p9026269_opp0p9026269_ctrypct_lrmax1_exclyr,backsliding_Nyr,76,2,0.12076325115662503,0.4879752253343814,76,2,-0.01844467221281683,0.05301030810570806,0.7278814812295457,-0.12992547265617005,0.7056539399550169,0.8539187953197861,30.370025011315043
2,backsliding_Nyr,Y_eqaccess,Equal access,vdem_egal_delib,instr-antiplural_w2_trt-ert_gapany_illib0p9026269_opp0p9026269_ctrypct_lrmax1_exclyr,backsliding_Nyr,76,2,0.12076325115662503,0.4879752253343814,76,2,-0.08753552398792502,0.0888727370184277,0.3246468536601433,-0.5559030495023414,1.7844254670697175,0.7553973210078628,28.270277699482698
2,backsliding_Nyr,Y_eqdr,Equal distribution,vdem_egal_delib,instr-antiplural_w2_trt-ert_gapany_illib0p9026269_opp0p9026269_ctrypct_lrmax1_exclyr,backsliding_Nyr,76,2,0.12076325115662503,0.4879752253343814,76,2,-0.05857220142087702,0.07395756278699642,0.4283779291307895,-0.4852549834272927,1.41437156259535,0.7315316878906419,30.72297567821319
2,backsliding_union_Nyr,Y_gdp_growth,PWT,growth,instr-antiplural_w2_trt-ertOrDdcg_gapany_illib0p9026269_opp0p9026269_ctrypct_lrmax1_exclyr,backsliding_union_Nyr,76,2,0.12076325115662503,0.4879752253343814,73,2,-0.07253910161081153,0.06301615582587705,0.24968323455437225,-0.5424917609757517,0.6079267702257533,0.3721980397905776,25.881924310045065
2,backsliding_union_Nyr,Y_gdp_growth_wb,World Bank,growth,instr-antiplural_w2_trt-ertOrDdcg_gapany_illib0p9026269_opp0p9026269_ctrypct_lrmax1_exclyr,backsliding_union_Nyr,76,2,0.12076325115662503,0.4879752253343814,74,2,-0.06879981563235021,0.05961012639906657,0.24843325706114272,-0.568718572644427,0.6718012056484423,0.3972416258243763,27.62542436780628
2,backsliding_union_Nyr,Y_gdp_growth_imf,IMF WEO,growth,instr-antiplural_w2_trt-ertOrDdcg_gapany_illib0p9026269_opp0p9026269_ctrypct_lrmax1_exclyr,backsliding_union_Nyr,76,2,0.12076325115662503,0.4879752253343814,55,2,-0.13293771122701634,0.07978995465813529,0.09569432774238829,-0.5738227112890408,0.7167704821098174,0.42338242873073,15.897331974987068
2,backsliding_union_Nyr,Y_inflation,"CPI, cumulative log",inflation,instr-antiplural_w2_trt-ertOrDdcg_gapany_illib0p9026269_opp0p9026269_ctrypct_lrmax1_exclyr,backsliding_union_Nyr,76,2,0.12076325115662503,0.4879752253343814,66,2,0.14210470838771772,0.10007174404140148,0.15559944281666688,0.5385927695074717,1.836058676166533,0.7692609011709963,22.706285226719263
2,backsliding_union_Nyr,Y_unemployment,Unemployment rate,unemployment,instr-antiplural_w2_trt-ertOrDdcg_gapany_illib0p9026269_opp0p9026269_ctrypct_lrmax1_exclyr,backsliding_union_Nyr,76,2,0.12076325115662503,0.4879752253343814,49,2,0.25693291898170395,1.1593611124322345,0.82461286179576,1.8567512977157703,8.091209699381492,0.8184977369342423,23.183679706248427
2,backsliding_union_Nyr,Y_trade_pct_gdp,Trade / GDP,trade,instr-antiplural_w2_trt-ertOrDdcg_gapany_illib0p9026269_opp0p9026269_ctrypct_lrmax1_exclyr,backsliding_union_Nyr,76,2,0.12076325115662503,0.4879752253343814,69,1,1.8823306939309057,8.795130317828443,0.8305317353373741,NA,NA,NA,11.534314317075266
2,backsliding_union_Nyr,Y_top10_share,Top-10% income share,top10,instr-antiplural_w2_trt-ertOrDdcg_gapany_illib0p9026269_opp0p9026269_ctrypct_lrmax1_exclyr,backsliding_union_Nyr,76,2,0.12076325115662503,0.4879752253343814,68,2,-1.0755720816295629,1.3389373627107686,0.4217997619204735,-8.117097089525235,16.252203914059525,0.6174652695340097,28.951205854475965
2,backsliding_union_Nyr,Y_gini_disp,Disposable,gini,instr-antiplural_w2_trt-ertOrDdcg_gapany_illib0p9026269_opp0p9026269_ctrypct_lrmax1_exclyr,backsliding_union_Nyr,76,2,0.12076325115662503,0.4879752253343814,60,2,-0.4840878315541793,0.6856744477150793,0.4801866214989968,-2.0031039296955373,5.4861999892702,0.7150242009677635,16.942177254495796
2,backsliding_union_Nyr,Y_gini_mkt,Market,gini,instr-antiplural_w2_trt-ertOrDdcg_gapany_illib0p9026269_opp0p9026269_ctrypct_lrmax1_exclyr,backsliding_union_Nyr,76,2,0.12076325115662503,0.4879752253343814,60,2,-1.061329126635873,0.9277180629729508,0.2526148473570011,-3.747884743405466,10.561016289791173,0.7226801106581767,19.747845104986535
2,backsliding_union_Nyr,Y_debt,Debt / GDP,fiscal,instr-antiplural_w2_trt-ertOrDdcg_gapany_illib0p9026269_opp0p9026269_ctrypct_lrmax1_exclyr,backsliding_union_Nyr,76,2,0.12076325115662503,0.4879752253343814,73,2,4.588369926378229,7.710573157745545,0.5517932864576104,31.25205574242053,60.08512515142141,0.6029732067565744,23.47879230368168
2,backsliding_union_Nyr,Y_deficit,Deficit / GDP,fiscal,instr-antiplural_w2_trt-ertOrDdcg_gapany_illib0p9026269_opp0p9026269_ctrypct_lrmax1_exclyr,backsliding_union_Nyr,76,2,0.12076325115662503,0.4879752253343814,61,2,-0.2428906325933931,2.985122404919981,0.9351500448651238,-2.404775416552716,18.397885423148058,0.8960052454016173,15.963600094904203
2,backsliding_union_Nyr,Y_checks_balances,Checks & balances,institutions,instr-antiplural_w2_trt-ertOrDdcg_gapany_illib0p9026269_opp0p9026269_ctrypct_lrmax1_exclyr,backsliding_union_Nyr,76,2,0.12076325115662503,0.4879752253343814,74,2,-0.12140400942068164,0.128501854781719,0.34477904460044906,-0.948436302469588,1.8521857813058185,0.6086067316502606,27.49853333241227
2,backsliding_union_Nyr,Y_jucon,Judicial constraints,institutions,instr-antiplural_w2_trt-ertOrDdcg_gapany_illib0p9026269_opp0p9026269_ctrypct_lrmax1_exclyr,backsliding_union_Nyr,76,2,0.12076325115662503,0.4879752253343814,76,2,0.01938218950655598,0.08291537291603007,0.8151723165097728,0.1800953074234191,0.8000786879729447,0.8219038196179229,30.4383376915356
2,backsliding_union_Nyr,Y_legcon,Legislative constraints,institutions,instr-antiplural_w2_trt-ertOrDdcg_gapany_illib0p9026269_opp0p9026269_ctrypct_lrmax1_exclyr,backsliding_union_Nyr,76,2,0.12076325115662503,0.4879752253343814,74,2,-0.23260094175030285,0.213300719752744,0.2755001633633326,-2.008239813128765,3.5024348768722455,0.5663847804716267,31.23706655155807
2,backsliding_union_Nyr,Y_hos_power,HOS,exec_power,instr-antiplural_w2_trt-ertOrDdcg_gapany_illib0p9026269_opp0p9026269_ctrypct_lrmax1_exclyr,backsliding_union_Nyr,76,2,0.12076325115662503,0.4879752253343814,76,2,0.0162173891626382,0.06999388254044758,0.8167731778710955,0.12560593139076337,0.9489229147090984,0.8946941385599816,32.526578501795186
2,backsliding_union_Nyr,Y_hog_power,HOG,exec_power,instr-antiplural_w2_trt-ertOrDdcg_gapany_illib0p9026269_opp0p9026269_ctrypct_lrmax1_exclyr,backsliding_union_Nyr,76,2,0.12076325115662503,0.4879752253343814,32,1,-0.02504214394227343,0.1470509022679886,0.8647775521034382,-1.249673305623297,3.8123343892691697,0.7430648523394926,37.74377591398579
2,backsliding_union_Nyr,Y_hos_power_vdem,HOS (v2ex_hosw),exec_power_alt,instr-antiplural_w2_trt-ertOrDdcg_gapany_illib0p9026269_opp0p9026269_ctrypct_lrmax1_exclyr,backsliding_union_Nyr,76,2,0.12076325115662503,0.4879752253343814,76,2,0.00359588498201349,0.00342715068813704,0.294070171088166,0.02011675845017368,0.01917279415511099,0.2940701710881679,17.521954567424817
2,backsliding_union_Nyr,Y_hog_power_vdem,HOG (v2ex_hogw),exec_power_alt,instr-antiplural_w2_trt-ertOrDdcg_gapany_illib0p9026269_opp0p9026269_ctrypct_lrmax1_exclyr,backsliding_union_Nyr,76,2,0.12076325115662503,0.4879752253343814,76,2,-0.00179794249100677,0.00171357534406853,0.29407017108816363,-0.01005837922508701,0.00958639707755556,0.29407017108816297,17.521954567424835
2,backsliding_union_Nyr,Y_polyarchy,Electoral (polyarchy),vdem_high,instr-antiplural_w2_trt-ertOrDdcg_gapany_illib0p9026269_opp0p9026269_ctrypct_lrmax1_exclyr,backsliding_union_Nyr,76,2,0.12076325115662503,0.4879752253343814,76,2,-0.1564430482554858,0.12202963514280896,0.1998396105848225,-1.0526000389020391,3.0725498149012656,0.731912999736623,29.122500264974217
2,backsliding_union_Nyr,Y_libdem,Liberal,vdem_high,instr-antiplural_w2_trt-ertOrDdcg_gapany_illib0p9026269_opp0p9026269_ctrypct_lrmax1_exclyr,backsliding_union_Nyr,76,2,0.12076325115662503,0.4879752253343814,76,2,-0.12045065902484832,0.10164802204484706,0.2360261875891929,-0.8112123894687411,2.417908978422596,0.7372467196990883,29.194921328611
2,backsliding_union_Nyr,Y_partipdem,Participatory,vdem_high,instr-antiplural_w2_trt-ertOrDdcg_gapany_illib0p9026269_opp0p9026269_ctrypct_lrmax1_exclyr,backsliding_union_Nyr,76,2,0.12076325115662503,0.4879752253343814,76,2,-0.08426809892315335,0.07312929223647605,0.24919098943054888,-0.5770475261261794,1.7678491481582213,0.7441125098478791,28.965566204924055
2,backsliding_union_Nyr,Y_delibdem,Deliberative,vdem_high,instr-antiplural_w2_trt-ertOrDdcg_gapany_illib0p9026269_opp0p9026269_ctrypct_lrmax1_exclyr,backsliding_union_Nyr,76,2,0.12076325115662503,0.4879752253343814,76,2,-0.11935711094607938,0.1174010426681661,0.309314524005603,-0.7801161690460803,2.567847681248912,0.7612790670052838,29.122107769463856
2,backsliding_union_Nyr,Y_egaldem,Egalitarian,vdem_high,instr-antiplural_w2_trt-ertOrDdcg_gapany_illib0p9026269_opp0p9026269_ctrypct_lrmax1_exclyr,backsliding_union_Nyr,76,2,0.12076325115662503,0.4879752253343814,76,2,-0.07960114237100002,0.08002042705806954,0.31985286908158184,-0.4841702095290228,1.898379099749412,0.7986891113230183,28.29394723735645
2,backsliding_union_Nyr,Y_elecoff,Elected officials,vdem_electoral,instr-antiplural_w2_trt-ertOrDdcg_gapany_illib0p9026269_opp0p9026269_ctrypct_lrmax1_exclyr,backsliding_union_Nyr,76,2,0.12076325115662503,0.4879752253343814,76,2,-0.507999319781718,0.3944110634381904,0.19774784302710707,-3.811683941493361,7.364486143568256,0.6047538781912551,28.549353020286475
2,backsliding_union_Nyr,Y_frefair,Clean elections,vdem_electoral,instr-antiplural_w2_trt-ertOrDdcg_gapany_illib0p9026269_opp0p9026269_ctrypct_lrmax1_exclyr,backsliding_union_Nyr,76,2,0.12076325115662503,0.4879752253343814,76,2,-0.19543971609281752,0.1549850671115229,0.20730060293452077,-1.3775314814216069,3.691197042925153,0.7090042848027149,28.779810507454368
2,backsliding_union_Nyr,Y_frassoc,Association,vdem_electoral,instr-antiplural_w2_trt-ertOrDdcg_gapany_illib0p9026269_opp0p9026269_ctrypct_lrmax1_exclyr,backsliding_union_Nyr,76,2,0.12076325115662503,0.4879752253343814,76,2,-0.19227235029639572,0.14661640258578046,0.18972358022066668,-1.2433870589129226,3.860478889802313,0.7473913008500511,28.522166174527964
2,backsliding_union_Nyr,Y_suffr,Suffrage,vdem_electoral,instr-antiplural_w2_trt-ertOrDdcg_gapany_illib0p9026269_opp0p9026269_ctrypct_lrmax1_exclyr,backsliding_union_Nyr,76,2,0.12076325115662503,0.4879752253343814,NA,2,NA,NA,NA,NA,NA,NA,NA
2,backsliding_union_Nyr,Y_freexp,Expression & alt. info,vdem_electoral,instr-antiplural_w2_trt-ertOrDdcg_gapany_illib0p9026269_opp0p9026269_ctrypct_lrmax1_exclyr,backsliding_union_Nyr,76,2,0.12076325115662503,0.4879752253343814,76,2,-0.10055056533632088,0.13118511491394205,0.443391661492263,-0.5598392053577365,2.7037980848387813,0.8359656653192308,27.416332903547413
2,backsliding_union_Nyr,Y_cl_rol,Rule of law,vdem_liberal,instr-antiplural_w2_trt-ertOrDdcg_gapany_illib0p9026269_opp0p9026269_ctrypct_lrmax1_exclyr,backsliding_union_Nyr,76,2,0.12076325115662503,0.4879752253343814,76,2,-0.09559537307034877,0.10181883196001122,0.34779383076067816,-0.5675120605330484,2.357217581374076,0.8097449619932702,27.71769450562857
2,backsliding_union_Nyr,Y_cspart,Civil society,vdem_particip,instr-antiplural_w2_trt-ertOrDdcg_gapany_illib0p9026269_opp0p9026269_ctrypct_lrmax1_exclyr,backsliding_union_Nyr,76,2,0.12076325115662503,0.4879752253343814,76,2,-0.11590331337437806,0.11244478804856949,0.3026545330975087,-0.9891030751442113,1.9478492989737024,0.6115989384905727,32.20699068894858
2,backsliding_union_Nyr,Y_dd,Direct democracy,vdem_particip,instr-antiplural_w2_trt-ertOrDdcg_gapany_illib0p9026269_opp0p9026269_ctrypct_lrmax1_exclyr,backsliding_union_Nyr,76,2,0.12076325115662503,0.4879752253343814,76,2,0.02928248151040057,0.01936136011945452,0.13042740156780938,0.2486638860469577,0.48073019491528657,0.6049726613074062,29.591999497388603
2,backsliding_union_Nyr,Y_locelec,Local elections,vdem_particip,instr-antiplural_w2_trt-ertOrDdcg_gapany_illib0p9026269_opp0p9026269_ctrypct_lrmax1_exclyr,backsliding_union_Nyr,76,2,0.12076325115662503,0.4879752253343814,76,2,-0.10458431225009968,0.20679975226159972,0.6130479923717608,-0.785462759071979,2.843767588796984,0.7823906354263326,29.941783823420515
2,backsliding_union_Nyr,Y_regelec,Regional elections,vdem_particip,instr-antiplural_w2_trt-ertOrDdcg_gapany_illib0p9026269_opp0p9026269_ctrypct_lrmax1_exclyr,backsliding_union_Nyr,76,2,0.12076325115662503,0.4879752253343814,76,2,0.11786118493782125,0.15772060293335882,0.45489558495022714,0.5896468317667745,0.3797238535550187,0.12046360236128267,22.830531166466297
2,backsliding_union_Nyr,Y_delib,Deliberation,vdem_egal_delib,instr-antiplural_w2_trt-ertOrDdcg_gapany_illib0p9026269_opp0p9026269_ctrypct_lrmax1_exclyr,backsliding_union_Nyr,76,2,0.12076325115662503,0.4879752253343814,76,2,-0.13333960064340514,0.15867317474637094,0.4007171265051495,-1.0324434021876066,2.7914635262681498,0.7114887546149862,31.031480865223667
2,backsliding_union_Nyr,Y_eqprotec,Equal protection,vdem_egal_delib,instr-antiplural_w2_trt-ertOrDdcg_gapany_illib0p9026269_opp0p9026269_ctrypct_lrmax1_exclyr,backsliding_union_Nyr,76,2,0.12076325115662503,0.4879752253343814,76,2,-0.01844467221281683,0.05301030810570806,0.7278814812295457,-0.12992547265617005,0.7056539399550169,0.8539187953197861,30.370025011315043
2,backsliding_union_Nyr,Y_eqaccess,Equal access,vdem_egal_delib,instr-antiplural_w2_trt-ertOrDdcg_gapany_illib0p9026269_opp0p9026269_ctrypct_lrmax1_exclyr,backsliding_union_Nyr,76,2,0.12076325115662503,0.4879752253343814,76,2,-0.08753552398792502,0.0888727370184277,0.3246468536601433,-0.5559030495023414,1.7844254670697175,0.7553973210078628,28.270277699482698
2,backsliding_union_Nyr,Y_eqdr,Equal distribution,vdem_egal_delib,instr-antiplural_w2_trt-ertOrDdcg_gapany_illib0p9026269_opp0p9026269_ctrypct_lrmax1_exclyr,backsliding_union_Nyr,76,2,0.12076325115662503,0.4879752253343814,76,2,-0.05857220142087702,0.07395756278699642,0.4283779291307895,-0.4852549834272927,1.41437156259535,0.7315316878906419,30.72297567821319
2,polyarchy_decline,Y_gdp_growth,PWT,growth,instr-antiplural_w2_trt-polyarchy_gapany_illib0p9026269_opp0p9026269_ctrypct_lrmax1_exclyr,polyarchy_decline,76,33,0.1564430482554858,0.1998396105848225,73,31,-0.07253910161081153,0.06301615582587705,0.24968323455437225,-0.3519301604130837,0.3885103247282018,0.3650178644392298,38.56951614662549
2,polyarchy_decline,Y_gdp_growth_wb,World Bank,growth,instr-antiplural_w2_trt-polyarchy_gapany_illib0p9026269_opp0p9026269_ctrypct_lrmax1_exclyr,polyarchy_decline,76,33,0.1564430482554858,0.1998396105848225,74,33,-0.06879981563235021,0.05961012639906657,0.24843325706114272,-0.40368597695732994,0.363613403384122,0.2669100370208122,36.44072554162636
2,polyarchy_decline,Y_gdp_growth_imf,IMF WEO,growth,instr-antiplural_w2_trt-polyarchy_gapany_illib0p9026269_opp0p9026269_ctrypct_lrmax1_exclyr,polyarchy_decline,76,33,0.1564430482554858,0.1998396105848225,55,22,-0.13293771122701634,0.07978995465813529,0.09569432774238829,-1.499613933493006,1.20723223591455,0.21416581987365876,14.390476057390662
2,polyarchy_decline,Y_inflation,"CPI, cumulative log",inflation,instr-antiplural_w2_trt-polyarchy_gapany_illib0p9026269_opp0p9026269_ctrypct_lrmax1_exclyr,polyarchy_decline,76,33,0.1564430482554858,0.1998396105848225,66,31,0.14210470838771772,0.10007174404140148,0.15559944281666688,0.910020997861041,2.1293439385900124,0.6691087333339891,18.066575779873773
2,polyarchy_decline,Y_unemployment,Unemployment rate,unemployment,instr-antiplural_w2_trt-polyarchy_gapany_illib0p9026269_opp0p9026269_ctrypct_lrmax1_exclyr,polyarchy_decline,76,33,0.1564430482554858,0.1998396105848225,49,24,0.25693291898170395,1.1593611124322345,0.82461286179576,2.302434367903479,20.503064467025915,0.910587853223788,28.682301985759725
2,polyarchy_decline,Y_trade_pct_gdp,Trade / GDP,trade,instr-antiplural_w2_trt-polyarchy_gapany_illib0p9026269_opp0p9026269_ctrypct_lrmax1_exclyr,polyarchy_decline,76,33,0.1564430482554858,0.1998396105848225,69,33,1.8823306939309057,8.795130317828443,0.8305317353373741,67.35090917176667,115.33574065618342,0.5592504320984366,15.56503988076503
2,polyarchy_decline,Y_top10_share,Top-10% income share,top10,instr-antiplural_w2_trt-polyarchy_gapany_illib0p9026269_opp0p9026269_ctrypct_lrmax1_exclyr,polyarchy_decline,76,33,0.1564430482554858,0.1998396105848225,68,29,-1.0755720816295629,1.3389373627107686,0.4217997619204735,-5.397941714409958,11.032350405838008,0.624641341342618,24.26123097520065
2,polyarchy_decline,Y_gini_disp,Disposable,gini,instr-antiplural_w2_trt-polyarchy_gapany_illib0p9026269_opp0p9026269_ctrypct_lrmax1_exclyr,polyarchy_decline,76,33,0.1564430482554858,0.1998396105848225,60,28,-0.4840878315541793,0.6856744477150793,0.4801866214989968,-4.261922034378572,2.962971889622243,0.15032219395741497,35.08907681262637
2,polyarchy_decline,Y_gini_mkt,Market,gini,instr-antiplural_w2_trt-polyarchy_gapany_illib0p9026269_opp0p9026269_ctrypct_lrmax1_exclyr,polyarchy_decline,76,33,0.1564430482554858,0.1998396105848225,60,28,-1.061329126635873,0.9277180629729508,0.2526148473570011,-7.310156189943023,7.000657529748531,0.29638826838110577,25.076629790056423
2,polyarchy_decline,Y_debt,Debt / GDP,fiscal,instr-antiplural_w2_trt-polyarchy_gapany_illib0p9026269_opp0p9026269_ctrypct_lrmax1_exclyr,polyarchy_decline,76,33,0.1564430482554858,0.1998396105848225,73,33,4.588369926378229,7.710573157745545,0.5517932864576104,24.476565882449115,45.80354220398714,0.5930776113185382,24.17756023353893
2,polyarchy_decline,Y_deficit,Deficit / GDP,fiscal,instr-antiplural_w2_trt-polyarchy_gapany_illib0p9026269_opp0p9026269_ctrypct_lrmax1_exclyr,polyarchy_decline,76,33,0.1564430482554858,0.1998396105848225,61,30,-0.2428906325933931,2.985122404919981,0.9351500448651238,12.321937020085269,7.19214258887869,0.08666658911050758,34.30121740620208
2,polyarchy_decline,Y_checks_balances,Checks & balances,institutions,instr-antiplural_w2_trt-polyarchy_gapany_illib0p9026269_opp0p9026269_ctrypct_lrmax1_exclyr,polyarchy_decline,76,33,0.1564430482554858,0.1998396105848225,74,33,-0.12140400942068164,0.128501854781719,0.34477904460044906,-1.1715962976585506,1.4377554960482966,0.41514175925685654,37.911328261993816
2,polyarchy_decline,Y_jucon,Judicial constraints,institutions,instr-antiplural_w2_trt-polyarchy_gapany_illib0p9026269_opp0p9026269_ctrypct_lrmax1_exclyr,polyarchy_decline,76,33,0.1564430482554858,0.1998396105848225,76,33,0.01938218950655598,0.08291537291603007,0.8151723165097728,0.07262818042341554,0.4405342693272076,0.8690511380662032,36.443401813233145
2,polyarchy_decline,Y_legcon,Legislative constraints,institutions,instr-antiplural_w2_trt-polyarchy_gapany_illib0p9026269_opp0p9026269_ctrypct_lrmax1_exclyr,polyarchy_decline,76,33,0.1564430482554858,0.1998396105848225,74,33,-0.23260094175030285,0.213300719752744,0.2755001633633326,-2.892205457350736,3.9327903130319872,0.4620910513244765,33.549974796760665
2,polyarchy_decline,Y_hos_power,HOS,exec_power,instr-antiplural_w2_trt-polyarchy_gapany_illib0p9026269_opp0p9026269_ctrypct_lrmax1_exclyr,polyarchy_decline,76,33,0.1564430482554858,0.1998396105848225,76,33,0.0162173891626382,0.06999388254044758,0.8167731778710955,0.12572809566379306,0.34106919972728306,0.7124040633033069,33.074632479128894
2,polyarchy_decline,Y_hog_power,HOG,exec_power,instr-antiplural_w2_trt-polyarchy_gapany_illib0p9026269_opp0p9026269_ctrypct_lrmax1_exclyr,polyarchy_decline,76,33,0.1564430482554858,0.1998396105848225,32,13,-0.02504214394227343,0.1470509022679886,0.8647775521034382,18.87013514077435,39.086831569330265,0.6292556847342337,39.78980760156831
2,polyarchy_decline,Y_hos_power_vdem,HOS (v2ex_hosw),exec_power_alt,instr-antiplural_w2_trt-polyarchy_gapany_illib0p9026269_opp0p9026269_ctrypct_lrmax1_exclyr,polyarchy_decline,76,33,0.1564430482554858,0.1998396105848225,76,33,0.00359588498201349,0.00342715068813704,0.294070171088166,0.03391724020119761,0.03178156219881036,0.2858821430782937,20.45554221340838
2,polyarchy_decline,Y_hog_power_vdem,HOG (v2ex_hogw),exec_power_alt,instr-antiplural_w2_trt-polyarchy_gapany_illib0p9026269_opp0p9026269_ctrypct_lrmax1_exclyr,polyarchy_decline,76,33,0.1564430482554858,0.1998396105848225,76,33,-0.00179794249100677,0.00171357534406853,0.29407017108816363,-0.01695862010059894,0.01589078109940541,0.2858821430782967,20.455542213408204
2,polyarchy_decline,Y_polyarchy,Electoral (polyarchy),vdem_high,instr-antiplural_w2_trt-polyarchy_gapany_illib0p9026269_opp0p9026269_ctrypct_lrmax1_exclyr,polyarchy_decline,76,33,0.1564430482554858,0.1998396105848225,76,33,-0.1564430482554858,0.12202963514280896,0.1998396105848225,-1,1.04733582725642e-16,0,39.71532170784821
2,polyarchy_decline,Y_libdem,Liberal,vdem_high,instr-antiplural_w2_trt-polyarchy_gapany_illib0p9026269_opp0p9026269_ctrypct_lrmax1_exclyr,polyarchy_decline,76,33,0.1564430482554858,0.1998396105848225,76,33,-0.12045065902484832,0.10164802204484706,0.2360261875891929,-0.7665109926576553,0.11310802666611454,1.2286289467858883e-11,26.190159665800195
2,polyarchy_decline,Y_partipdem,Participatory,vdem_high,instr-antiplural_w2_trt-polyarchy_gapany_illib0p9026269_opp0p9026269_ctrypct_lrmax1_exclyr,polyarchy_decline,76,33,0.1564430482554858,0.1998396105848225,76,33,-0.08426809892315335,0.07312929223647605,0.24919098943054888,-0.4922595064952563,0.1426519596933239,5.589838638071654e-4,36.9633657463338
2,polyarchy_decline,Y_delibdem,Deliberative,vdem_high,instr-antiplural_w2_trt-polyarchy_gapany_illib0p9026269_opp0p9026269_ctrypct_lrmax1_exclyr,polyarchy_decline,76,33,0.1564430482554858,0.1998396105848225,76,33,-0.11935711094607938,0.1174010426681661,0.309314524005603,-0.786963009771318,0.14717422966026356,8.934886707418372e-8,36.71732773804665
2,polyarchy_decline,Y_egaldem,Egalitarian,vdem_high,instr-antiplural_w2_trt-polyarchy_gapany_illib0p9026269_opp0p9026269_ctrypct_lrmax1_exclyr,polyarchy_decline,76,33,0.1564430482554858,0.1998396105848225,76,33,-0.07960114237100002,0.08002042705806954,0.31985286908158184,-0.5367182675924537,0.10749010680286118,5.939081973189314e-7,27.103232228695006
2,polyarchy_decline,Y_elecoff,Elected officials,vdem_electoral,instr-antiplural_w2_trt-polyarchy_gapany_illib0p9026269_opp0p9026269_ctrypct_lrmax1_exclyr,polyarchy_decline,76,33,0.1564430482554858,0.1998396105848225,76,33,-0.507999319781718,0.3944110634381904,0.19774784302710707,-3.28622031397855,1.5856199844000811,0.03821749101473287,27.68232468691301
2,polyarchy_decline,Y_frefair,Clean elections,vdem_electoral,instr-antiplural_w2_trt-polyarchy_gapany_illib0p9026269_opp0p9026269_ctrypct_lrmax1_exclyr,polyarchy_decline,76,33,0.1564430482554858,0.1998396105848225,76,33,-0.19543971609281752,0.1549850671115229,0.20730060293452077,-1.299359556429802,0.2362092439511316,3.778926328393389e-8,25.1992825004598
2,polyarchy_decline,Y_frassoc,Association,vdem_electoral,instr-antiplural_w2_trt-polyarchy_gapany_illib0p9026269_opp0p9026269_ctrypct_lrmax1_exclyr,polyarchy_decline,76,33,0.1564430482554858,0.1998396105848225,76,33,-0.19227235029639572,0.14661640258578046,0.18972358022066668,-1.4714349389070358,0.29772232854131575,7.720379676477593e-7,39.16689300190889
2,polyarchy_decline,Y_suffr,Suffrage,vdem_electoral,instr-antiplural_w2_trt-polyarchy_gapany_illib0p9026269_opp0p9026269_ctrypct_lrmax1_exclyr,polyarchy_decline,76,33,0.1564430482554858,0.1998396105848225,NA,33,NA,NA,NA,NA,NA,NA,NA
2,polyarchy_decline,Y_freexp,Expression & alt. info,vdem_electoral,instr-antiplural_w2_trt-polyarchy_gapany_illib0p9026269_opp0p9026269_ctrypct_lrmax1_exclyr,polyarchy_decline,76,33,0.1564430482554858,0.1998396105848225,76,33,-0.10055056533632088,0.13118511491394205,0.443391661492263,-0.9391478064862036,0.32116784475625926,0.00345381493549365,35.98433547632515
2,polyarchy_decline,Y_cl_rol,Rule of law,vdem_liberal,instr-antiplural_w2_trt-polyarchy_gapany_illib0p9026269_opp0p9026269_ctrypct_lrmax1_exclyr,polyarchy_decline,76,33,0.1564430482554858,0.1998396105848225,76,33,-0.09559537307034877,0.10181883196001122,0.34779383076067816,-0.83376379264784,0.2887841632186972,0.00388746300244121,37.07737861286437
2,polyarchy_decline,Y_cspart,Civil society,vdem_particip,instr-antiplural_w2_trt-polyarchy_gapany_illib0p9026269_opp0p9026269_ctrypct_lrmax1_exclyr,polyarchy_decline,76,33,0.1564430482554858,0.1998396105848225,76,33,-0.11590331337437806,0.11244478804856949,0.3026545330975087,-0.8095298955463106,0.324262492729748,0.01254163089466887,38.24602439115086
2,polyarchy_decline,Y_dd,Direct democracy,vdem_particip,instr-antiplural_w2_trt-polyarchy_gapany_illib0p9026269_opp0p9026269_ctrypct_lrmax1_exclyr,polyarchy_decline,76,33,0.1564430482554858,0.1998396105848225,76,33,0.02928248151040057,0.01936136011945452,0.13042740156780938,0.2442926299737658,0.17663005827599035,0.16664184930580736,42.16964405512823
2,polyarchy_decline,Y_locelec,Local elections,vdem_particip,instr-antiplural_w2_trt-polyarchy_gapany_illib0p9026269_opp0p9026269_ctrypct_lrmax1_exclyr,polyarchy_decline,76,33,0.1564430482554858,0.1998396105848225,76,33,-0.10458431225009968,0.20679975226159972,0.6130479923717608,-0.735412475836648,1.1799278671416011,0.5331077577778597,26.463580783999944
2,polyarchy_decline,Y_regelec,Regional elections,vdem_particip,instr-antiplural_w2_trt-polyarchy_gapany_illib0p9026269_opp0p9026269_ctrypct_lrmax1_exclyr,polyarchy_decline,76,33,0.1564430482554858,0.1998396105848225,76,33,0.11786118493782125,0.15772060293335882,0.45489558495022714,1.0250262536353705,1.0006960051903333,0.3056873055561294,37.795824628227706
2,polyarchy_decline,Y_delib,Deliberation,vdem_egal_delib,instr-antiplural_w2_trt-polyarchy_gapany_illib0p9026269_opp0p9026269_ctrypct_lrmax1_exclyr,polyarchy_decline,76,33,0.1564430482554858,0.1998396105848225,76,33,-0.13333960064340514,0.15867317474637094,0.4007171265051495,-0.7630731480494274,0.507143161857331,0.1324139880591929,25.70586932917633
2,polyarchy_decline,Y_eqprotec,Equal protection,vdem_egal_delib,instr-antiplural_w2_trt-polyarchy_gapany_illib0p9026269_opp0p9026269_ctrypct_lrmax1_exclyr,polyarchy_decline,76,33,0.1564430482554858,0.1998396105848225,76,33,-0.01844467221281683,0.05301030810570806,0.7278814812295457,-0.06120219961606617,0.2269090332196033,0.7873746719769383,26.3379012985387
2,polyarchy_decline,Y_eqaccess,Equal access,vdem_egal_delib,instr-antiplural_w2_trt-polyarchy_gapany_illib0p9026269_opp0p9026269_ctrypct_lrmax1_exclyr,polyarchy_decline,76,33,0.1564430482554858,0.1998396105848225,76,33,-0.08753552398792502,0.0888727370184277,0.3246468536601433,-0.6613572001986887,0.2567456864431802,0.00999728151405871,33.434361786458695
2,polyarchy_decline,Y_eqdr,Equal distribution,vdem_egal_delib,instr-antiplural_w2_trt-polyarchy_gapany_illib0p9026269_opp0p9026269_ctrypct_lrmax1_exclyr,polyarchy_decline,76,33,0.1564430482554858,0.1998396105848225,76,33,-0.05857220142087702,0.07395756278699642,0.4283779291307895,-0.4422289299183459,0.19264932387645173,0.02170377122870742,33.85395344442011
3,backsliding_Nyr,Y_gdp_growth,PWT,growth,instr-antiplural_w3_trt-ert_gapany_illib0p9026269_opp0p9026269_ctrypct_lrmax1_exclyr,backsliding_Nyr,76,2,0.12076325115662503,0.4879752253343814,71,2,-0.11832638885791652,0.07992610500788862,0.13875390661099574,-0.9084038585843388,1.1047853418243971,0.41093766017053585,27.425788272599497
3,backsliding_Nyr,Y_gdp_growth_wb,World Bank,growth,instr-antiplural_w3_trt-ert_gapany_illib0p9026269_opp0p9026269_ctrypct_lrmax1_exclyr,backsliding_Nyr,76,2,0.12076325115662503,0.4879752253343814,72,2,-0.1259462467827088,0.07600456843384007,0.09750171551175804,-0.9575904881072944,1.2180326553029597,0.43176320751068015,26.958007739664644
3,backsliding_Nyr,Y_gdp_growth_imf,IMF WEO,growth,instr-antiplural_w3_trt-ert_gapany_illib0p9026269_opp0p9026269_ctrypct_lrmax1_exclyr,backsliding_Nyr,76,2,0.12076325115662503,0.4879752253343814,53,2,-0.2323399774525168,0.096583276184354,0.01614627633443972,-0.932962248078518,1.2753432296064813,0.4644505008392797,16.476371813554277
3,backsliding_Nyr,Y_inflation,"CPI, cumulative log",inflation,instr-antiplural_w3_trt-ert_gapany_illib0p9026269_opp0p9026269_ctrypct_lrmax1_exclyr,backsliding_Nyr,76,2,0.12076325115662503,0.4879752253343814,64,2,0.17312565748965822,0.12624075790798414,0.17025256286889306,0.6616006614016762,2.30980316148395,0.7745475594857577,22.887866410956015
3,backsliding_Nyr,Y_unemployment,Unemployment rate,unemployment,instr-antiplural_w3_trt-ert_gapany_illib0p9026269_opp0p9026269_ctrypct_lrmax1_exclyr,backsliding_Nyr,76,2,0.12076325115662503,0.4879752253343814,49,2,2.475876623719603,1.6808846007143443,0.14076168670303563,13.48166876927098,17.191502175152724,0.432919599500168,22.57211740662594
3,backsliding_Nyr,Y_trade_pct_gdp,Trade / GDP,trade,instr-antiplural_w3_trt-ert_gapany_illib0p9026269_opp0p9026269_ctrypct_lrmax1_exclyr,backsliding_Nyr,76,2,0.12076325115662503,0.4879752253343814,67,1,-8.536294166194281,10.750594422173032,0.42717798422829256,NA,NA,NA,16.449239143612168
3,backsliding_Nyr,Y_top10_share,Top-10% income share,top10,instr-antiplural_w3_trt-ert_gapany_illib0p9026269_opp0p9026269_ctrypct_lrmax1_exclyr,backsliding_Nyr,76,2,0.12076325115662503,0.4879752253343814,66,2,-0.9005016552893804,1.6883446391085617,0.5937818765682256,-6.499400773770402,14.069545329012833,0.6441184863065135,27.824371058504394
3,backsliding_Nyr,Y_gini_disp,Disposable,gini,instr-antiplural_w3_trt-ert_gapany_illib0p9026269_opp0p9026269_ctrypct_lrmax1_exclyr,backsliding_Nyr,76,2,0.12076325115662503,0.4879752253343814,59,2,-0.6815044527370427,0.9432274703599842,0.4699723961328622,-2.3038691202686454,6.413798553049805,0.7194416651848379,17.685858176155087
3,backsliding_Nyr,Y_gini_mkt,Market,gini,instr-antiplural_w3_trt-ert_gapany_illib0p9026269_opp0p9026269_ctrypct_lrmax1_exclyr,backsliding_Nyr,76,2,0.12076325115662503,0.4879752253343814,59,2,-1.264503850590054,0.9743674144586868,0.19436671612423753,-4.155074130437607,9.690969157612107,0.6680998292680909,18.718767780039297
3,backsliding_Nyr,Y_debt,Debt / GDP,fiscal,instr-antiplural_w3_trt-ert_gapany_illib0p9026269_opp0p9026269_ctrypct_lrmax1_exclyr,backsliding_Nyr,76,2,0.12076325115662503,0.4879752253343814,71,2,14.04104795735833,9.349718389662073,0.1331586912506479,89.31258388272995,153.06378038948554,0.55955733730867,24.696225099861323
3,backsliding_Nyr,Y_deficit,Deficit / GDP,fiscal,instr-antiplural_w3_trt-ert_gapany_illib0p9026269_opp0p9026269_ctrypct_lrmax1_exclyr,backsliding_Nyr,76,2,0.12076325115662503,0.4879752253343814,59,2,5.2577643209113205,2.225760450095191,0.01816523147138639,34.0074499972136,83.16791489520766,0.6826122584053986,24.986693985393728
3,backsliding_Nyr,Y_checks_balances,Checks & balances,institutions,instr-antiplural_w3_trt-ert_gapany_illib0p9026269_opp0p9026269_ctrypct_lrmax1_exclyr,backsliding_Nyr,76,2,0.12076325115662503,0.4879752253343814,74,2,-0.14422569019286274,0.12546186657155767,0.25032597249484734,-1.0774139048308582,2.0439961506735487,0.5981161517186271,26.433352367969228
3,backsliding_Nyr,Y_jucon,Judicial constraints,institutions,instr-antiplural_w3_trt-ert_gapany_illib0p9026269_opp0p9026269_ctrypct_lrmax1_exclyr,backsliding_Nyr,76,2,0.12076325115662503,0.4879752253343814,76,2,-0.08010189841284329,0.08408238491773926,0.3407625254811207,-0.6962877187692414,1.6311132665488313,0.6694675875201628,34.15032856514039
3,backsliding_Nyr,Y_legcon,Legislative constraints,institutions,instr-antiplural_w3_trt-ert_gapany_illib0p9026269_opp0p9026269_ctrypct_lrmax1_exclyr,backsliding_Nyr,76,2,0.12076325115662503,0.4879752253343814,74,2,-0.23448361449130356,0.21364112146225753,0.27239735203495197,-1.9361867822585408,3.3330472304244805,0.5613038795377892,29.04685758420631
3,backsliding_Nyr,Y_hos_power,HOS,exec_power,instr-antiplural_w3_trt-ert_gapany_illib0p9026269_opp0p9026269_ctrypct_lrmax1_exclyr,backsliding_Nyr,76,2,0.12076325115662503,0.4879752253343814,76,2,0.02395339514610643,0.07748044136039223,0.7572043171006523,0.18841993637244517,1.1133789664780618,0.8656137456609552,32.993528006243466
3,backsliding_Nyr,Y_hog_power,HOG,exec_power,instr-antiplural_w3_trt-ert_gapany_illib0p9026269_opp0p9026269_ctrypct_lrmax1_exclyr,backsliding_Nyr,76,2,0.12076325115662503,0.4879752253343814,31,1,0.05052774890312913,0.1052424480379115,0.6311505482415554,-0.31967713519065205,2.043976914071274,0.8757180665543147,39.85689417922623
3,backsliding_Nyr,Y_hos_power_vdem,HOS (v2ex_hosw),exec_power_alt,instr-antiplural_w3_trt-ert_gapany_illib0p9026269_opp0p9026269_ctrypct_lrmax1_exclyr,backsliding_Nyr,76,2,0.12076325115662503,0.4879752253343814,76,2,0.00359588498201349,0.00342715068813704,0.294070171088166,0.02011675845017368,0.01917279415511099,0.2940701710881679,17.521954567424817
3,backsliding_Nyr,Y_hog_power_vdem,HOG (v2ex_hogw),exec_power_alt,instr-antiplural_w3_trt-ert_gapany_illib0p9026269_opp0p9026269_ctrypct_lrmax1_exclyr,backsliding_Nyr,76,2,0.12076325115662503,0.4879752253343814,76,2,-0.00179794249100677,0.00171357534406853,0.29407017108816363,-0.01005837922508701,0.00958639707755556,0.29407017108816297,17.521954567424835
3,backsliding_Nyr,Y_polyarchy,Electoral (polyarchy),vdem_high,instr-antiplural_w3_trt-ert_gapany_illib0p9026269_opp0p9026269_ctrypct_lrmax1_exclyr,backsliding_Nyr,76,2,0.12076325115662503,0.4879752253343814,76,2,-0.17615463210201948,0.1213868844374094,0.1467287970185583,-1.1836252472588331,3.324994019153355,0.7218569223461497,28.731580283846274
3,backsliding_Nyr,Y_libdem,Liberal,vdem_high,instr-antiplural_w3_trt-ert_gapany_illib0p9026269_opp0p9026269_ctrypct_lrmax1_exclyr,backsliding_Nyr,76,2,0.12076325115662503,0.4879752253343814,76,2,-0.14216283617860348,0.09855808271195152,0.14918196125396124,-0.9549807495149876,2.676502651163475,0.7212402485374922,28.718546554685773
3,backsliding_Nyr,Y_partipdem,Participatory,vdem_high,instr-antiplural_w3_trt-ert_gapany_illib0p9026269_opp0p9026269_ctrypct_lrmax1_exclyr,backsliding_Nyr,76,2,0.12076325115662503,0.4879752253343814,76,2,-0.10474821001451828,0.07194714694569657,0.14541888696919786,-0.718449728989333,2.030575170917809,0.7234768762535271,28.724729721464236
3,backsliding_Nyr,Y_delibdem,Deliberative,vdem_high,instr-antiplural_w3_trt-ert_gapany_illib0p9026269_opp0p9026269_ctrypct_lrmax1_exclyr,backsliding_Nyr,76,2,0.12076325115662503,0.4879752253343814,76,2,-0.17505523918582164,0.11133373344793888,0.1158701456285796,-1.164966656673704,3.258606643830527,0.7207141309287922,28.789785637628665
3,backsliding_Nyr,Y_egaldem,Egalitarian,vdem_high,instr-antiplural_w3_trt-ert_gapany_illib0p9026269_opp0p9026269_ctrypct_lrmax1_exclyr,backsliding_Nyr,76,2,0.12076325115662503,0.4879752253343814,76,2,-0.09039903942076558,0.07905490154991641,0.25283231709589804,-0.5468376021031148,2.034845740664883,0.7881323559227922,27.672340557366795
3,backsliding_Nyr,Y_elecoff,Elected officials,vdem_electoral,instr-antiplural_w3_trt-ert_gapany_illib0p9026269_opp0p9026269_ctrypct_lrmax1_exclyr,backsliding_Nyr,76,2,0.12076325115662503,0.4879752253343814,76,2,-0.5099144064170522,0.39416548598046747,0.1957843922500911,-3.827031006842544,7.464958821303281,0.6081849367996894,28.66274832386252
3,backsliding_Nyr,Y_frefair,Clean elections,vdem_electoral,instr-antiplural_w3_trt-ert_gapany_illib0p9026269_opp0p9026269_ctrypct_lrmax1_exclyr,backsliding_Nyr,76,2,0.12076325115662503,0.4879752253343814,76,2,-0.20816815592439264,0.15694732346765836,0.18472152786342944,-1.4654185738889711,3.915234306610831,0.7081913213953177,28.489413781505863
3,backsliding_Nyr,Y_frassoc,Association,vdem_electoral,instr-antiplural_w3_trt-ert_gapany_illib0p9026269_opp0p9026269_ctrypct_lrmax1_exclyr,backsliding_Nyr,76,2,0.12076325115662503,0.4879752253343814,76,2,-0.22459906763793955,0.15166763106662112,0.13864293589496476,-1.471796561062864,4.325695226338443,0.7336719647269683,28.285125644451124
3,backsliding_Nyr,Y_suffr,Suffrage,vdem_electoral,instr-antiplural_w3_trt-ert_gapany_illib0p9026269_opp0p9026269_ctrypct_lrmax1_exclyr,backsliding_Nyr,76,2,0.12076325115662503,0.4879752253343814,NA,2,NA,NA,NA,NA,NA,NA,NA
3,backsliding_Nyr,Y_freexp,Expression & alt. info,vdem_electoral,instr-antiplural_w3_trt-ert_gapany_illib0p9026269_opp0p9026269_ctrypct_lrmax1_exclyr,backsliding_Nyr,76,2,0.12076325115662503,0.4879752253343814,76,2,-0.15001915651699094,0.1293054621579308,0.24597066302211504,-0.9027545928148484,3.2957275663445285,0.7841486902603982,27.238982298257397
3,backsliding_Nyr,Y_cl_rol,Rule of law,vdem_liberal,instr-antiplural_w3_trt-ert_gapany_illib0p9026269_opp0p9026269_ctrypct_lrmax1_exclyr,backsliding_Nyr,76,2,0.12076325115662503,0.4879752253343814,76,2,-0.14176093568939135,0.10498032164139764,0.17690142500657824,-0.8959840087391174,2.894316076718935,0.7568904479198146,27.91681320059471
3,backsliding_Nyr,Y_cspart,Civil society,vdem_particip,instr-antiplural_w3_trt-ert_gapany_illib0p9026269_opp0p9026269_ctrypct_lrmax1_exclyr,backsliding_Nyr,76,2,0.12076325115662503,0.4879752253343814,76,2,-0.16397426712087165,0.11588232792340604,0.1570665399656983,-1.3978064970096673,2.4586996518537307,0.5696856368424491,32.008725728636065
3,backsliding_Nyr,Y_dd,Direct democracy,vdem_particip,instr-antiplural_w3_trt-ert_gapany_illib0p9026269_opp0p9026269_ctrypct_lrmax1_exclyr,backsliding_Nyr,76,2,0.12076325115662503,0.4879752253343814,76,2,0.02298349056551993,0.02024686883149649,0.2563071489855558,0.1917452547684687,0.35292888479411494,0.58692523109629,27.563554563828504
3,backsliding_Nyr,Y_locelec,Local elections,vdem_particip,instr-antiplural_w3_trt-ert_gapany_illib0p9026269_opp0p9026269_ctrypct_lrmax1_exclyr,backsliding_Nyr,76,2,0.12076325115662503,0.4879752253343814,76,2,-0.1382576235930824,0.20894694581125323,0.5081713903763607,-1.021375216078353,3.2045183986084815,0.7499314843118223,29.309046453286033
3,backsliding_Nyr,Y_regelec,Regional elections,vdem_particip,instr-antiplural_w3_trt-ert_gapany_illib0p9026269_opp0p9026269_ctrypct_lrmax1_exclyr,backsliding_Nyr,76,2,0.12076325115662503,0.4879752253343814,76,2,0.09553778766013386,0.15657850333629872,0.5417564667649332,0.6676168791897288,0.5596650711892407,0.2329138471611578,27.582823580680177
3,backsliding_Nyr,Y_delib,Deliberation,vdem_egal_delib,instr-antiplural_w3_trt-ert_gapany_illib0p9026269_opp0p9026269_ctrypct_lrmax1_exclyr,backsliding_Nyr,76,2,0.12076325115662503,0.4879752253343814,76,2,-0.24411229476400748,0.15095511912283965,0.10585273430107248,-2.0977311546651203,3.826263554426743,0.5835234551554483,32.431098650848135
3,backsliding_Nyr,Y_eqprotec,Equal protection,vdem_egal_delib,instr-antiplural_w3_trt-ert_gapany_illib0p9026269_opp0p9026269_ctrypct_lrmax1_exclyr,backsliding_Nyr,76,2,0.12076325115662503,0.4879752253343814,76,2,-0.0264444608233682,0.05609400415026462,0.6373328764514345,-0.18800651716109715,0.8997885889472805,0.834491009235321,29.89881617249742
3,backsliding_Nyr,Y_eqaccess,Equal access,vdem_egal_delib,instr-antiplural_w3_trt-ert_gapany_illib0p9026269_opp0p9026269_ctrypct_lrmax1_exclyr,backsliding_Nyr,76,2,0.12076325115662503,0.4879752253343814,76,2,-0.09445127261415266,0.09216143931729946,0.30543590790227,-0.759239743056234,1.7671975171609624,0.6674653566654325,30.84638560626145
3,backsliding_Nyr,Y_eqdr,Equal distribution,vdem_egal_delib,instr-antiplural_w3_trt-ert_gapany_illib0p9026269_opp0p9026269_ctrypct_lrmax1_exclyr,backsliding_Nyr,76,2,0.12076325115662503,0.4879752253343814,76,2,-0.08012524856084384,0.0813182545624328,0.32446240713116925,-0.6759551721411732,1.6995548121359554,0.6908330222855346,31.63582666069515
3,backsliding_union_Nyr,Y_gdp_growth,PWT,growth,instr-antiplural_w3_trt-ertOrDdcg_gapany_illib0p9026269_opp0p9026269_ctrypct_lrmax1_exclyr,backsliding_union_Nyr,76,2,0.12076325115662503,0.4879752253343814,71,2,-0.11832638885791652,0.07992610500788862,0.13875390661099574,-0.9084038585843388,1.1047853418243971,0.41093766017053585,27.425788272599497
3,backsliding_union_Nyr,Y_gdp_growth_wb,World Bank,growth,instr-antiplural_w3_trt-ertOrDdcg_gapany_illib0p9026269_opp0p9026269_ctrypct_lrmax1_exclyr,backsliding_union_Nyr,76,2,0.12076325115662503,0.4879752253343814,72,2,-0.1259462467827088,0.07600456843384007,0.09750171551175804,-0.9575904881072944,1.2180326553029597,0.43176320751068015,26.958007739664644
3,backsliding_union_Nyr,Y_gdp_growth_imf,IMF WEO,growth,instr-antiplural_w3_trt-ertOrDdcg_gapany_illib0p9026269_opp0p9026269_ctrypct_lrmax1_exclyr,backsliding_union_Nyr,76,2,0.12076325115662503,0.4879752253343814,53,2,-0.2323399774525168,0.096583276184354,0.01614627633443972,-0.932962248078518,1.2753432296064813,0.4644505008392797,16.476371813554277
3,backsliding_union_Nyr,Y_inflation,"CPI, cumulative log",inflation,instr-antiplural_w3_trt-ertOrDdcg_gapany_illib0p9026269_opp0p9026269_ctrypct_lrmax1_exclyr,backsliding_union_Nyr,76,2,0.12076325115662503,0.4879752253343814,64,2,0.17312565748965822,0.12624075790798414,0.17025256286889306,0.6616006614016762,2.30980316148395,0.7745475594857577,22.887866410956015
3,backsliding_union_Nyr,Y_unemployment,Unemployment rate,unemployment,instr-antiplural_w3_trt-ertOrDdcg_gapany_illib0p9026269_opp0p9026269_ctrypct_lrmax1_exclyr,backsliding_union_Nyr,76,2,0.12076325115662503,0.4879752253343814,49,2,2.475876623719603,1.6808846007143443,0.14076168670303563,13.48166876927098,17.191502175152724,0.432919599500168,22.57211740662594
3,backsliding_union_Nyr,Y_trade_pct_gdp,Trade / GDP,trade,instr-antiplural_w3_trt-ertOrDdcg_gapany_illib0p9026269_opp0p9026269_ctrypct_lrmax1_exclyr,backsliding_union_Nyr,76,2,0.12076325115662503,0.4879752253343814,67,1,-8.536294166194281,10.750594422173032,0.42717798422829256,NA,NA,NA,16.449239143612168
3,backsliding_union_Nyr,Y_top10_share,Top-10% income share,top10,instr-antiplural_w3_trt-ertOrDdcg_gapany_illib0p9026269_opp0p9026269_ctrypct_lrmax1_exclyr,backsliding_union_Nyr,76,2,0.12076325115662503,0.4879752253343814,66,2,-0.9005016552893804,1.6883446391085617,0.5937818765682256,-6.499400773770402,14.069545329012833,0.6441184863065135,27.824371058504394
3,backsliding_union_Nyr,Y_gini_disp,Disposable,gini,instr-antiplural_w3_trt-ertOrDdcg_gapany_illib0p9026269_opp0p9026269_ctrypct_lrmax1_exclyr,backsliding_union_Nyr,76,2,0.12076325115662503,0.4879752253343814,59,2,-0.6815044527370427,0.9432274703599842,0.4699723961328622,-2.3038691202686454,6.413798553049805,0.7194416651848379,17.685858176155087
3,backsliding_union_Nyr,Y_gini_mkt,Market,gini,instr-antiplural_w3_trt-ertOrDdcg_gapany_illib0p9026269_opp0p9026269_ctrypct_lrmax1_exclyr,backsliding_union_Nyr,76,2,0.12076325115662503,0.4879752253343814,59,2,-1.264503850590054,0.9743674144586868,0.19436671612423753,-4.155074130437607,9.690969157612107,0.6680998292680909,18.718767780039297
3,backsliding_union_Nyr,Y_debt,Debt / GDP,fiscal,instr-antiplural_w3_trt-ertOrDdcg_gapany_illib0p9026269_opp0p9026269_ctrypct_lrmax1_exclyr,backsliding_union_Nyr,76,2,0.12076325115662503,0.4879752253343814,71,2,14.04104795735833,9.349718389662073,0.1331586912506479,89.31258388272995,153.06378038948554,0.55955733730867,24.696225099861323
3,backsliding_union_Nyr,Y_deficit,Deficit / GDP,fiscal,instr-antiplural_w3_trt-ertOrDdcg_gapany_illib0p9026269_opp0p9026269_ctrypct_lrmax1_exclyr,backsliding_union_Nyr,76,2,0.12076325115662503,0.4879752253343814,59,2,5.2577643209113205,2.225760450095191,0.01816523147138639,34.0074499972136,83.16791489520766,0.6826122584053986,24.986693985393728
3,backsliding_union_Nyr,Y_checks_balances,Checks & balances,institutions,instr-antiplural_w3_trt-ertOrDdcg_gapany_illib0p9026269_opp0p9026269_ctrypct_lrmax1_exclyr,backsliding_union_Nyr,76,2,0.12076325115662503,0.4879752253343814,74,2,-0.14422569019286274,0.12546186657155767,0.25032597249484734,-1.0774139048308582,2.0439961506735487,0.5981161517186271,26.433352367969228
3,backsliding_union_Nyr,Y_jucon,Judicial constraints,institutions,instr-antiplural_w3_trt-ertOrDdcg_gapany_illib0p9026269_opp0p9026269_ctrypct_lrmax1_exclyr,backsliding_union_Nyr,76,2,0.12076325115662503,0.4879752253343814,76,2,-0.08010189841284329,0.08408238491773926,0.3407625254811207,-0.6962877187692414,1.6311132665488313,0.6694675875201628,34.15032856514039
3,backsliding_union_Nyr,Y_legcon,Legislative constraints,institutions,instr-antiplural_w3_trt-ertOrDdcg_gapany_illib0p9026269_opp0p9026269_ctrypct_lrmax1_exclyr,backsliding_union_Nyr,76,2,0.12076325115662503,0.4879752253343814,74,2,-0.23448361449130356,0.21364112146225753,0.27239735203495197,-1.9361867822585408,3.3330472304244805,0.5613038795377892,29.04685758420631
3,backsliding_union_Nyr,Y_hos_power,HOS,exec_power,instr-antiplural_w3_trt-ertOrDdcg_gapany_illib0p9026269_opp0p9026269_ctrypct_lrmax1_exclyr,backsliding_union_Nyr,76,2,0.12076325115662503,0.4879752253343814,76,2,0.02395339514610643,0.07748044136039223,0.7572043171006523,0.18841993637244517,1.1133789664780618,0.8656137456609552,32.993528006243466
3,backsliding_union_Nyr,Y_hog_power,HOG,exec_power,instr-antiplural_w3_trt-ertOrDdcg_gapany_illib0p9026269_opp0p9026269_ctrypct_lrmax1_exclyr,backsliding_union_Nyr,76,2,0.12076325115662503,0.4879752253343814,31,1,0.05052774890312913,0.1052424480379115,0.6311505482415554,-0.31967713519065205,2.043976914071274,0.8757180665543147,39.85689417922623
3,backsliding_union_Nyr,Y_hos_power_vdem,HOS (v2ex_hosw),exec_power_alt,instr-antiplural_w3_trt-ertOrDdcg_gapany_illib0p9026269_opp0p9026269_ctrypct_lrmax1_exclyr,backsliding_union_Nyr,76,2,0.12076325115662503,0.4879752253343814,76,2,0.00359588498201349,0.00342715068813704,0.294070171088166,0.02011675845017368,0.01917279415511099,0.2940701710881679,17.521954567424817
3,backsliding_union_Nyr,Y_hog_power_vdem,HOG (v2ex_hogw),exec_power_alt,instr-antiplural_w3_trt-ertOrDdcg_gapany_illib0p9026269_opp0p9026269_ctrypct_lrmax1_exclyr,backsliding_union_Nyr,76,2,0.12076325115662503,0.4879752253343814,76,2,-0.00179794249100677,0.00171357534406853,0.29407017108816363,-0.01005837922508701,0.00958639707755556,0.29407017108816297,17.521954567424835
3,backsliding_union_Nyr,Y_polyarchy,Electoral (polyarchy),vdem_high,instr-antiplural_w3_trt-ertOrDdcg_gapany_illib0p9026269_opp0p9026269_ctrypct_lrmax1_exclyr,backsliding_union_Nyr,76,2,0.12076325115662503,0.4879752253343814,76,2,-0.17615463210201948,0.1213868844374094,0.1467287970185583,-1.1836252472588331,3.324994019153355,0.7218569223461497,28.731580283846274
3,backsliding_union_Nyr,Y_libdem,Liberal,vdem_high,instr-antiplural_w3_trt-ertOrDdcg_gapany_illib0p9026269_opp0p9026269_ctrypct_lrmax1_exclyr,backsliding_union_Nyr,76,2,0.12076325115662503,0.4879752253343814,76,2,-0.14216283617860348,0.09855808271195152,0.14918196125396124,-0.9549807495149876,2.676502651163475,0.7212402485374922,28.718546554685773
3,backsliding_union_Nyr,Y_partipdem,Participatory,vdem_high,instr-antiplural_w3_trt-ertOrDdcg_gapany_illib0p9026269_opp0p9026269_ctrypct_lrmax1_exclyr,backsliding_union_Nyr,76,2,0.12076325115662503,0.4879752253343814,76,2,-0.10474821001451828,0.07194714694569657,0.14541888696919786,-0.718449728989333,2.030575170917809,0.7234768762535271,28.724729721464236
3,backsliding_union_Nyr,Y_delibdem,Deliberative,vdem_high,instr-antiplural_w3_trt-ertOrDdcg_gapany_illib0p9026269_opp0p9026269_ctrypct_lrmax1_exclyr,backsliding_union_Nyr,76,2,0.12076325115662503,0.4879752253343814,76,2,-0.17505523918582164,0.11133373344793888,0.1158701456285796,-1.164966656673704,3.258606643830527,0.7207141309287922,28.789785637628665
3,backsliding_union_Nyr,Y_egaldem,Egalitarian,vdem_high,instr-antiplural_w3_trt-ertOrDdcg_gapany_illib0p9026269_opp0p9026269_ctrypct_lrmax1_exclyr,backsliding_union_Nyr,76,2,0.12076325115662503,0.4879752253343814,76,2,-0.09039903942076558,0.07905490154991641,0.25283231709589804,-0.5468376021031148,2.034845740664883,0.7881323559227922,27.672340557366795
3,backsliding_union_Nyr,Y_elecoff,Elected officials,vdem_electoral,instr-antiplural_w3_trt-ertOrDdcg_gapany_illib0p9026269_opp0p9026269_ctrypct_lrmax1_exclyr,backsliding_union_Nyr,76,2,0.12076325115662503,0.4879752253343814,76,2,-0.5099144064170522,0.39416548598046747,0.1957843922500911,-3.827031006842544,7.464958821303281,0.6081849367996894,28.66274832386252
3,backsliding_union_Nyr,Y_frefair,Clean elections,vdem_electoral,instr-antiplural_w3_trt-ertOrDdcg_gapany_illib0p9026269_opp0p9026269_ctrypct_lrmax1_exclyr,backsliding_union_Nyr,76,2,0.12076325115662503,0.4879752253343814,76,2,-0.20816815592439264,0.15694732346765836,0.18472152786342944,-1.4654185738889711,3.915234306610831,0.7081913213953177,28.489413781505863
3,backsliding_union_Nyr,Y_frassoc,Association,vdem_electoral,instr-antiplural_w3_trt-ertOrDdcg_gapany_illib0p9026269_opp0p9026269_ctrypct_lrmax1_exclyr,backsliding_union_Nyr,76,2,0.12076325115662503,0.4879752253343814,76,2,-0.22459906763793955,0.15166763106662112,0.13864293589496476,-1.471796561062864,4.325695226338443,0.7336719647269683,28.285125644451124
3,backsliding_union_Nyr,Y_suffr,Suffrage,vdem_electoral,instr-antiplural_w3_trt-ertOrDdcg_gapany_illib0p9026269_opp0p9026269_ctrypct_lrmax1_exclyr,backsliding_union_Nyr,76,2,0.12076325115662503,0.4879752253343814,NA,2,NA,NA,NA,NA,NA,NA,NA
3,backsliding_union_Nyr,Y_freexp,Expression & alt. info,vdem_electoral,instr-antiplural_w3_trt-ertOrDdcg_gapany_illib0p9026269_opp0p9026269_ctrypct_lrmax1_exclyr,backsliding_union_Nyr,76,2,0.12076325115662503,0.4879752253343814,76,2,-0.15001915651699094,0.1293054621579308,0.24597066302211504,-0.9027545928148484,3.2957275663445285,0.7841486902603982,27.238982298257397
3,backsliding_union_Nyr,Y_cl_rol,Rule of law,vdem_liberal,instr-antiplural_w3_trt-ertOrDdcg_gapany_illib0p9026269_opp0p9026269_ctrypct_lrmax1_exclyr,backsliding_union_Nyr,76,2,0.12076325115662503,0.4879752253343814,76,2,-0.14176093568939135,0.10498032164139764,0.17690142500657824,-0.8959840087391174,2.894316076718935,0.7568904479198146,27.91681320059471
3,backsliding_union_Nyr,Y_cspart,Civil society,vdem_particip,instr-antiplural_w3_trt-ertOrDdcg_gapany_illib0p9026269_opp0p9026269_ctrypct_lrmax1_exclyr,backsliding_union_Nyr,76,2,0.12076325115662503,0.4879752253343814,76,2,-0.16397426712087165,0.11588232792340604,0.1570665399656983,-1.3978064970096673,2.4586996518537307,0.5696856368424491,32.008725728636065
3,backsliding_union_Nyr,Y_dd,Direct democracy,vdem_particip,instr-antiplural_w3_trt-ertOrDdcg_gapany_illib0p9026269_opp0p9026269_ctrypct_lrmax1_exclyr,backsliding_union_Nyr,76,2,0.12076325115662503,0.4879752253343814,76,2,0.02298349056551993,0.02024686883149649,0.2563071489855558,0.1917452547684687,0.35292888479411494,0.58692523109629,27.563554563828504
3,backsliding_union_Nyr,Y_locelec,Local elections,vdem_particip,instr-antiplural_w3_trt-ertOrDdcg_gapany_illib0p9026269_opp0p9026269_ctrypct_lrmax1_exclyr,backsliding_union_Nyr,76,2,0.12076325115662503,0.4879752253343814,76,2,-0.1382576235930824,0.20894694581125323,0.5081713903763607,-1.021375216078353,3.2045183986084815,0.7499314843118223,29.309046453286033
3,backsliding_union_Nyr,Y_regelec,Regional elections,vdem_particip,instr-antiplural_w3_trt-ertOrDdcg_gapany_illib0p9026269_opp0p9026269_ctrypct_lrmax1_exclyr,backsliding_union_Nyr,76,2,0.12076325115662503,0.4879752253343814,76,2,0.09553778766013386,0.15657850333629872,0.5417564667649332,0.6676168791897288,0.5596650711892407,0.2329138471611578,27.582823580680177
3,backsliding_union_Nyr,Y_delib,Deliberation,vdem_egal_delib,instr-antiplural_w3_trt-ertOrDdcg_gapany_illib0p9026269_opp0p9026269_ctrypct_lrmax1_exclyr,backsliding_union_Nyr,76,2,0.12076325115662503,0.4879752253343814,76,2,-0.24411229476400748,0.15095511912283965,0.10585273430107248,-2.0977311546651203,3.826263554426743,0.5835234551554483,32.431098650848135
3,backsliding_union_Nyr,Y_eqprotec,Equal protection,vdem_egal_delib,instr-antiplural_w3_trt-ertOrDdcg_gapany_illib0p9026269_opp0p9026269_ctrypct_lrmax1_exclyr,backsliding_union_Nyr,76,2,0.12076325115662503,0.4879752253343814,76,2,-0.0264444608233682,0.05609400415026462,0.6373328764514345,-0.18800651716109715,0.8997885889472805,0.834491009235321,29.89881617249742
3,backsliding_union_Nyr,Y_eqaccess,Equal access,vdem_egal_delib,instr-antiplural_w3_trt-ertOrDdcg_gapany_illib0p9026269_opp0p9026269_ctrypct_lrmax1_exclyr,backsliding_union_Nyr,76,2,0.12076325115662503,0.4879752253343814,76,2,-0.09445127261415266,0.09216143931729946,0.30543590790227,-0.759239743056234,1.7671975171609624,0.6674653566654325,30.84638560626145
3,backsliding_union_Nyr,Y_eqdr,Equal distribution,vdem_egal_delib,instr-antiplural_w3_trt-ertOrDdcg_gapany_illib0p9026269_opp0p9026269_ctrypct_lrmax1_exclyr,backsliding_union_Nyr,76,2,0.12076325115662503,0.4879752253343814,76,2,-0.08012524856084384,0.0813182545624328,0.32446240713116925,-0.6759551721411732,1.6995548121359554,0.6908330222855346,31.63582666069515
3,polyarchy_decline,Y_gdp_growth,PWT,growth,instr-antiplural_w3_trt-polyarchy_gapany_illib0p9026269_opp0p9026269_ctrypct_lrmax1_exclyr,polyarchy_decline,76,32,0.17615463210201948,0.1467287970185583,71,29,-0.11832638885791652,0.07992610500788862,0.13875390661099574,-0.6218264653359542,0.41825897889986846,0.13709353116065992,37.18779927636648
3,polyarchy_decline,Y_gdp_growth_wb,World Bank,growth,instr-antiplural_w3_trt-polyarchy_gapany_illib0p9026269_opp0p9026269_ctrypct_lrmax1_exclyr,polyarchy_decline,76,32,0.17615463210201948,0.1467287970185583,72,30,-0.1259462467827088,0.07600456843384007,0.09750171551175804,-0.6471496693487278,0.42413902168513024,0.12706064981205278,36.1475837449405
3,polyarchy_decline,Y_gdp_growth_imf,IMF WEO,growth,instr-antiplural_w3_trt-polyarchy_gapany_illib0p9026269_opp0p9026269_ctrypct_lrmax1_exclyr,polyarchy_decline,76,32,0.17615463210201948,0.1467287970185583,53,20,-0.2323399774525168,0.096583276184354,0.01614627633443972,-1.6226227116170098,0.947875994713778,0.08692408356129917,14.030786111173118
3,polyarchy_decline,Y_inflation,"CPI, cumulative log",inflation,instr-antiplural_w3_trt-polyarchy_gapany_illib0p9026269_opp0p9026269_ctrypct_lrmax1_exclyr,polyarchy_decline,76,32,0.17615463210201948,0.1467287970185583,64,28,0.17312565748965822,0.12624075790798414,0.17025256286889306,1.6662500197947694,2.154767378534701,0.43935353128097415,22.48874120207085
3,polyarchy_decline,Y_unemployment,Unemployment rate,unemployment,instr-antiplural_w3_trt-polyarchy_gapany_illib0p9026269_opp0p9026269_ctrypct_lrmax1_exclyr,polyarchy_decline,76,32,0.17615463210201948,0.1467287970185583,49,24,2.475876623719603,1.6808846007143443,0.14076168670303563,12.88360919941156,11.436144111765431,0.2599246128664311,25.98320531000839
3,polyarchy_decline,Y_trade_pct_gdp,Trade / GDP,trade,instr-antiplural_w3_trt-polyarchy_gapany_illib0p9026269_opp0p9026269_ctrypct_lrmax1_exclyr,polyarchy_decline,76,32,0.17615463210201948,0.1467287970185583,67,30,-8.536294166194281,10.750594422173032,0.42717798422829256,-70.57556988806584,70.12018165872739,0.31417780600896816,15.77554428266501
3,polyarchy_decline,Y_top10_share,Top-10% income share,top10,instr-antiplural_w3_trt-polyarchy_gapany_illib0p9026269_opp0p9026269_ctrypct_lrmax1_exclyr,polyarchy_decline,76,32,0.17615463210201948,0.1467287970185583,66,26,-0.9005016552893804,1.6883446391085617,0.5937818765682256,-5.304235403206866,11.557461183199315,0.6462738875532361,25.20794866439068
3,polyarchy_decline,Y_gini_disp,Disposable,gini,instr-antiplural_w3_trt-polyarchy_gapany_illib0p9026269_opp0p9026269_ctrypct_lrmax1_exclyr,polyarchy_decline,76,32,0.17615463210201948,0.1467287970185583,59,26,-0.6815044527370427,0.9432274703599842,0.4699723961328622,-4.652133662360086,3.392589782354875,0.17029291004841443,34.12936815635926
3,polyarchy_decline,Y_gini_mkt,Market,gini,instr-antiplural_w3_trt-polyarchy_gapany_illib0p9026269_opp0p9026269_ctrypct_lrmax1_exclyr,polyarchy_decline,76,32,0.17615463210201948,0.1467287970185583,59,26,-1.264503850590054,0.9743674144586868,0.19436671612423753,-7.95197274112013,5.562528972493207,0.15284314542180974,34.984811530534714
3,polyarchy_decline,Y_debt,Debt / GDP,fiscal,instr-antiplural_w3_trt-polyarchy_gapany_illib0p9026269_opp0p9026269_ctrypct_lrmax1_exclyr,polyarchy_decline,76,32,0.17615463210201948,0.1467287970185583,71,30,14.04104795735833,9.349718389662073,0.1331586912506479,74.22809606389798,48.06555785864675,0.12251338009314272,34.928222095357285
3,polyarchy_decline,Y_deficit,Deficit / GDP,fiscal,instr-antiplural_w3_trt-polyarchy_gapany_illib0p9026269_opp0p9026269_ctrypct_lrmax1_exclyr,polyarchy_decline,76,32,0.17615463210201948,0.1467287970185583,59,27,5.2577643209113205,2.225760450095191,0.01816523147138639,26.206071997258043,16.79870551958468,0.11875859561908218,23.698715462657155
3,polyarchy_decline,Y_checks_balances,Checks & balances,institutions,instr-antiplural_w3_trt-polyarchy_gapany_illib0p9026269_opp0p9026269_ctrypct_lrmax1_exclyr,polyarchy_decline,76,32,0.17615463210201948,0.1467287970185583,74,32,-0.14422569019286274,0.12546186657155767,0.25032597249484734,-1.2750286783539546,0.7364704390393572,0.08340374021159455,37.69030092670724
3,polyarchy_decline,Y_jucon,Judicial constraints,institutions,instr-antiplural_w3_trt-polyarchy_gapany_illib0p9026269_opp0p9026269_ctrypct_lrmax1_exclyr,polyarchy_decline,76,32,0.17615463210201948,0.1467287970185583,76,32,-0.08010189841284329,0.08408238491773926,0.3407625254811207,-0.45468263091226674,0.3438567147473096,0.18606740446294137,35.54747695748527
3,polyarchy_decline,Y_legcon,Legislative constraints,institutions,instr-antiplural_w3_trt-polyarchy_gapany_illib0p9026269_opp0p9026269_ctrypct_lrmax1_exclyr,polyarchy_decline,76,32,0.17615463210201948,0.1467287970185583,74,32,-0.23448361449130356,0.21364112146225753,0.27239735203495197,-2.129957770757017,1.0179883104238514,0.03640985859303956,27.12068100289018
3,polyarchy_decline,Y_hos_power,HOS,exec_power,instr-antiplural_w3_trt-polyarchy_gapany_illib0p9026269_opp0p9026269_ctrypct_lrmax1_exclyr,polyarchy_decline,76,32,0.17615463210201948,0.1467287970185583,76,32,0.02395339514610643,0.07748044136039223,0.7572043171006523,0.17470755123807782,0.3222599066030077,0.5877272687811379,35.4866195611123
3,polyarchy_decline,Y_hog_power,HOG,exec_power,instr-antiplural_w3_trt-polyarchy_gapany_illib0p9026269_opp0p9026269_ctrypct_lrmax1_exclyr,polyarchy_decline,76,32,0.17615463210201948,0.1467287970185583,31,14,0.05052774890312913,0.1052424480379115,0.6311505482415554,-32.13964101487483,130.1810371708416,0.8049978456795025,39.61671078587692
3,polyarchy_decline,Y_hos_power_vdem,HOS (v2ex_hosw),exec_power_alt,instr-antiplural_w3_trt-polyarchy_gapany_illib0p9026269_opp0p9026269_ctrypct_lrmax1_exclyr,polyarchy_decline,76,32,0.17615463210201948,0.1467287970185583,76,32,0.00359588498201349,0.00342715068813704,0.294070171088166,0.13231790160151646,0.13743650859214387,0.3356697002766467,26.530376128035243
3,polyarchy_decline,Y_hog_power_vdem,HOG (v2ex_hogw),exec_power_alt,instr-antiplural_w3_trt-polyarchy_gapany_illib0p9026269_opp0p9026269_ctrypct_lrmax1_exclyr,polyarchy_decline,76,32,0.17615463210201948,0.1467287970185583,76,32,-0.00179794249100677,0.00171357534406853,0.29407017108816363,-0.06615895080076123,0.06871825429607664,0.3356697002766579,26.530376128038036
3,polyarchy_decline,Y_polyarchy,Electoral (polyarchy),vdem_high,instr-antiplural_w3_trt-polyarchy_gapany_illib0p9026269_opp0p9026269_ctrypct_lrmax1_exclyr,polyarchy_decline,76,32,0.17615463210201948,0.1467287970185583,76,32,-0.17615463210201948,0.1213868844374094,0.1467287970185583,-1,2.513941072507505e-17,0,33.30522985368922
3,polyarchy_decline,Y_libdem,Liberal,vdem_high,instr-antiplural_w3_trt-polyarchy_gapany_illib0p9026269_opp0p9026269_ctrypct_lrmax1_exclyr,polyarchy_decline,76,32,0.17615463210201948,0.1467287970185583,76,32,-0.14216283617860348,0.09855808271195152,0.14918196125396124,-0.805183965568789,0.08480199753701807,2.2048573931590302e-21,28.009167743107472
3,polyarchy_decline,Y_partipdem,Participatory,vdem_high,instr-antiplural_w3_trt-polyarchy_gapany_illib0p9026269_opp0p9026269_ctrypct_lrmax1_exclyr,polyarchy_decline,76,32,0.17615463210201948,0.1467287970185583,76,32,-0.10474821001451828,0.07194714694569657,0.14541888696919786,-0.5988490347023998,0.12958995050757033,3.816977327822414e-6,26.37326151050365
3,polyarchy_decline,Y_delibdem,Deliberative,vdem_high,instr-antiplural_w3_trt-polyarchy_gapany_illib0p9026269_opp0p9026269_ctrypct_lrmax1_exclyr,polyarchy_decline,76,32,0.17615463210201948,0.1467287970185583,76,32,-0.17505523918582164,0.11133373344793888,0.1158701456285796,-1.0246911321559578,0.1435474351136449,9.446122666897337e-13,31.313335318258144
3,polyarchy_decline,Y_egaldem,Egalitarian,vdem_high,instr-antiplural_w3_trt-polyarchy_gapany_illib0p9026269_opp0p9026269_ctrypct_lrmax1_exclyr,polyarchy_decline,76,32,0.17615463210201948,0.1467287970185583,76,32,-0.09039903942076558,0.07905490154991641,0.25283231709589804,-0.5245420194810073,0.09332720645643296,1.9044745516676186e-8,24.7079824914269
3,polyarchy_decline,Y_elecoff,Elected officials,vdem_electoral,instr-antiplural_w3_trt-polyarchy_gapany_illib0p9026269_opp0p9026269_ctrypct_lrmax1_exclyr,polyarchy_decline,76,32,0.17615463210201948,0.1467287970185583,76,32,-0.5099144064170522,0.39416548598046747,0.1957843922500911,-2.960359569499095,1.3569489923541709,0.02913690867042738,24.05219112285672
3,polyarchy_decline,Y_frefair,Clean elections,vdem_electoral,instr-antiplural_w3_trt-polyarchy_gapany_illib0p9026269_opp0p9026269_ctrypct_lrmax1_exclyr,polyarchy_decline,76,32,0.17615463210201948,0.1467287970185583,76,32,-0.20816815592439264,0.15694732346765836,0.18472152786342944,-1.1630228464907797,0.23047855316177648,4.508680972687125e-7,26.97931241842068
3,polyarchy_decline,Y_frassoc,Association,vdem_electoral,instr-antiplural_w3_trt-polyarchy_gapany_illib0p9026269_opp0p9026269_ctrypct_lrmax1_exclyr,polyarchy_decline,76,32,0.17615463210201948,0.1467287970185583,76,32,-0.22459906763793955,0.15166763106662112,0.13864293589496476,-1.3511433165811184,0.229051670843711,3.660257228590379e-9,29.065496609988735
3,polyarchy_decline,Y_suffr,Suffrage,vdem_electoral,instr-antiplural_w3_trt-polyarchy_gapany_illib0p9026269_opp0p9026269_ctrypct_lrmax1_exclyr,polyarchy_decline,76,32,0.17615463210201948,0.1467287970185583,NA,32,NA,NA,NA,NA,NA,NA,NA
3,polyarchy_decline,Y_freexp,Expression & alt. info,vdem_electoral,instr-antiplural_w3_trt-polyarchy_gapany_illib0p9026269_opp0p9026269_ctrypct_lrmax1_exclyr,polyarchy_decline,76,32,0.17615463210201948,0.1467287970185583,76,32,-0.15001915651699094,0.1293054621579308,0.24597066302211504,-1.0333523887325176,0.27187866697862983,1.4423835110252882e-4,29.629739057314065
3,polyarchy_decline,Y_cl_rol,Rule of law,vdem_liberal,instr-antiplural_w3_trt-polyarchy_gapany_illib0p9026269_opp0p9026269_ctrypct_lrmax1_exclyr,polyarchy_decline,76,32,0.17615463210201948,0.1467287970185583,76,32,-0.14176093568939135,0.10498032164139764,0.17690142500657824,-0.9379245860798014,0.30298653794931146,0.00196416311817026,33.32837002937107
3,polyarchy_decline,Y_cspart,Civil society,vdem_particip,instr-antiplural_w3_trt-polyarchy_gapany_illib0p9026269_opp0p9026269_ctrypct_lrmax1_exclyr,polyarchy_decline,76,32,0.17615463210201948,0.1467287970185583,76,32,-0.16397426712087165,0.11588232792340604,0.1570665399656983,-0.956116638401738,0.2656144747153758,3.1865734035537075e-4,35.96970354381746
3,polyarchy_decline,Y_dd,Direct democracy,vdem_particip,instr-antiplural_w3_trt-polyarchy_gapany_illib0p9026269_opp0p9026269_ctrypct_lrmax1_exclyr,polyarchy_decline,76,32,0.17615463210201948,0.1467287970185583,76,32,0.02298349056551993,0.02024686883149649,0.2563071489855558,0.16247254586998977,0.122097198369954,0.1832936635113513,39.05502643615072
3,polyarchy_decline,Y_locelec,Local elections,vdem_particip,instr-antiplural_w3_trt-polyarchy_gapany_illib0p9026269_opp0p9026269_ctrypct_lrmax1_exclyr,polyarchy_decline,76,32,0.17615463210201948,0.1467287970185583,76,32,-0.1382576235930824,0.20894694581125323,0.5081713903763607,-0.6827433751782075,0.9051014513660208,0.450652288248688,37.61606017996948
3,polyarchy_decline,Y_regelec,Regional elections,vdem_particip,instr-antiplural_w3_trt-polyarchy_gapany_illib0p9026269_opp0p9026269_ctrypct_lrmax1_exclyr,polyarchy_decline,76,32,0.17615463210201948,0.1467287970185583,76,32,0.09553778766013386,0.15657850333629872,0.5417564667649332,0.6680061852833648,0.7891839961709677,0.3973007721805739,37.86308331157754
3,polyarchy_decline,Y_delib,Deliberation,vdem_egal_delib,instr-antiplural_w3_trt-polyarchy_gapany_illib0p9026269_opp0p9026269_ctrypct_lrmax1_exclyr,polyarchy_decline,76,32,0.17615463210201948,0.1467287970185583,76,32,-0.24411229476400748,0.15095511912283965,0.10585273430107248,-1.2205873326288166,0.32422126515933797,1.6676658023682413e-4,24.344407169925365
3,polyarchy_decline,Y_eqprotec,Equal protection,vdem_egal_delib,instr-antiplural_w3_trt-polyarchy_gapany_illib0p9026269_opp0p9026269_ctrypct_lrmax1_exclyr,polyarchy_decline,76,32,0.17615463210201948,0.1467287970185583,76,32,-0.0264444608233682,0.05609400415026462,0.6373328764514345,-0.08318144895723109,0.21293940490413504,0.6960675212823948,26.19219064252202
3,polyarchy_decline,Y_eqaccess,Equal access,vdem_egal_delib,instr-antiplural_w3_trt-polyarchy_gapany_illib0p9026269_opp0p9026269_ctrypct_lrmax1_exclyr,polyarchy_decline,76,32,0.17615463210201948,0.1467287970185583,76,32,-0.09445127261415266,0.09216143931729946,0.30543590790227,-0.5506735447585798,0.22310190296614288,0.01357715923175638,33.684124988562246
3,polyarchy_decline,Y_eqdr,Equal distribution,vdem_egal_delib,instr-antiplural_w3_trt-polyarchy_gapany_illib0p9026269_opp0p9026269_ctrypct_lrmax1_exclyr,polyarchy_decline,76,32,0.17615463210201948,0.1467287970185583,76,32,-0.08012524856084384,0.0813182545624328,0.32446240713116925,-0.3676436210211867,0.2256601608069864,0.10327248098169478,25.768175816684064
4,backsliding_Nyr,Y_gdp_growth,PWT,growth,instr-antiplural_w4_trt-ert_gapany_illib0p9026269_opp0p9026269_ctrypct_lrmax1_exclyr,backsliding_Nyr,76,5,0.15868231192327195,0.4328729500400686,68,5,-0.09906730170203155,0.1006915844931548,0.3251800587238174,-0.40991874633884146,0.379480161426659,0.2800481118112489,27.022645663189476
4,backsliding_Nyr,Y_gdp_growth_wb,World Bank,growth,instr-antiplural_w4_trt-ert_gapany_illib0p9026269_opp0p9026269_ctrypct_lrmax1_exclyr,backsliding_Nyr,76,5,0.15868231192327195,0.4328729500400686,70,5,-0.08558436686218554,0.09642206181953462,0.374755145633117,-0.4029317601053398,0.42967849004376274,0.34837199738337077,28.864214493816014
4,backsliding_Nyr,Y_gdp_growth_imf,IMF WEO,growth,instr-antiplural_w4_trt-ert_gapany_illib0p9026269_opp0p9026269_ctrypct_lrmax1_exclyr,backsliding_Nyr,76,5,0.15868231192327195,0.4328729500400686,51,5,-0.15509574916597124,0.09994703542139384,0.12071502019873022,-0.7254394602705193,0.5392480235480851,0.17853490210561326,28.760230601317954
4,backsliding_Nyr,Y_inflation,"CPI, cumulative log",inflation,instr-antiplural_w4_trt-ert_gapany_illib0p9026269_opp0p9026269_ctrypct_lrmax1_exclyr,backsliding_Nyr,76,5,0.15868231192327195,0.4328729500400686,62,5,0.1518016806594502,0.1483725062955961,0.3062549288757784,1.4920289922392551,1.9301744578214215,0.43952111238101016,21.755523582551792
4,backsliding_Nyr,Y_unemployment,Unemployment rate,unemployment,instr-antiplural_w4_trt-ert_gapany_illib0p9026269_opp0p9026269_ctrypct_lrmax1_exclyr,backsliding_Nyr,76,5,0.15868231192327195,0.4328729500400686,47,5,2.331251089641031,1.2081138870953467,0.05364876922326898,14.492101178757329,10.730383952046449,0.17683421614136485,22.93360051325697
4,backsliding_Nyr,Y_trade_pct_gdp,Trade / GDP,trade,instr-antiplural_w4_trt-ert_gapany_illib0p9026269_opp0p9026269_ctrypct_lrmax1_exclyr,backsliding_Nyr,76,5,0.15868231192327195,0.4328729500400686,63,4,-1.5729634907248031,6.138122374741859,0.7977490436801854,-18.277151102744163,175.9606704263938,0.9172719904667972,15.89740883571546
4,backsliding_Nyr,Y_top10_share,Top-10% income share,top10,instr-antiplural_w4_trt-ert_gapany_illib0p9026269_opp0p9026269_ctrypct_lrmax1_exclyr,backsliding_Nyr,76,5,0.15868231192327195,0.4328729500400686,64,5,-0.44497952884472824,1.749709836730619,0.7992512976903109,-2.033569475006686,7.094557436872542,0.7743895451497037,32.230346834067554
4,backsliding_Nyr,Y_gini_disp,Disposable,gini,instr-antiplural_w4_trt-ert_gapany_illib0p9026269_opp0p9026269_ctrypct_lrmax1_exclyr,backsliding_Nyr,76,5,0.15868231192327195,0.4328729500400686,58,5,-0.5224931063815386,1.95501778486061,0.7892709303375633,-4.49459062526918,13.555597220498568,0.7402161343066616,16.555254564163533
4,backsliding_Nyr,Y_gini_mkt,Market,gini,instr-antiplural_w4_trt-ert_gapany_illib0p9026269_opp0p9026269_ctrypct_lrmax1_exclyr,backsliding_Nyr,76,5,0.15868231192327195,0.4328729500400686,58,5,-0.5758861565594762,1.9194632284511743,0.7641584036389334,-4.878695641834439,13.810298922913908,0.7238897607285021,16.61768379378042
4,backsliding_Nyr,Y_debt,Debt / GDP,fiscal,instr-antiplural_w4_trt-ert_gapany_illib0p9026269_opp0p9026269_ctrypct_lrmax1_exclyr,backsliding_Nyr,76,5,0.15868231192327195,0.4328729500400686,69,5,24.501257612955435,15.525487942306588,0.11453546153223926,247.9147966971416,282.2684360500344,0.3797839547850486,19.286186226760247
4,backsliding_Nyr,Y_deficit,Deficit / GDP,fiscal,instr-antiplural_w4_trt-ert_gapany_illib0p9026269_opp0p9026269_ctrypct_lrmax1_exclyr,backsliding_Nyr,76,5,0.15868231192327195,0.4328729500400686,57,5,1.2724694907790135,3.38776732864831,0.7072090052561321,19.0688798325076,49.907352316652926,0.7023978847423313,16.481515159563816
4,backsliding_Nyr,Y_checks_balances,Checks & balances,institutions,instr-antiplural_w4_trt-ert_gapany_illib0p9026269_opp0p9026269_ctrypct_lrmax1_exclyr,backsliding_Nyr,76,5,0.15868231192327195,0.4328729500400686,72,5,-0.12993538508209937,0.10695896694244524,0.2244365598655283,-0.6741888589486835,0.6404305694686433,0.2924730692338009,26.95585055732383
4,backsliding_Nyr,Y_jucon,Judicial constraints,institutions,instr-antiplural_w4_trt-ert_gapany_illib0p9026269_opp0p9026269_ctrypct_lrmax1_exclyr,backsliding_Nyr,76,5,0.15868231192327195,0.4328729500400686,74,5,-0.06157118558471439,0.0818930020288983,0.4521417688521234,-0.2675522578209664,0.42551408116202094,0.5294969209195568,32.54177890776954
4,backsliding_Nyr,Y_legcon,Legislative constraints,institutions,instr-antiplural_w4_trt-ert_gapany_illib0p9026269_opp0p9026269_ctrypct_lrmax1_exclyr,backsliding_Nyr,76,5,0.15868231192327195,0.4328729500400686,72,5,-0.2015407071892344,0.1738228445960385,0.24626856379781145,-0.9082700224757831,0.9175139962320984,0.3222107897206364,30.27340539613451
4,backsliding_Nyr,Y_hos_power,HOS,exec_power,instr-antiplural_w4_trt-ert_gapany_illib0p9026269_opp0p9026269_ctrypct_lrmax1_exclyr,backsliding_Nyr,76,5,0.15868231192327195,0.4328729500400686,74,5,-0.00398934590100321,0.06065262761430372,0.9475580192884098,-0.00820275953583928,0.2707975228860412,0.9758348806750876,30.146441805370575
4,backsliding_Nyr,Y_hog_power,HOG,exec_power,instr-antiplural_w4_trt-ert_gapany_illib0p9026269_opp0p9026269_ctrypct_lrmax1_exclyr,backsliding_Nyr,76,5,0.15868231192327195,0.4328729500400686,28,3,0.08875116664286012,0.11470331710207744,0.439081352721032,0.1733352067294993,0.26324905121144276,0.5102517756706424,37.876413394173426
4,backsliding_Nyr,Y_hos_power_vdem,HOS (v2ex_hosw),exec_power_alt,instr-antiplural_w4_trt-ert_gapany_illib0p9026269_opp0p9026269_ctrypct_lrmax1_exclyr,backsliding_Nyr,76,5,0.15868231192327195,0.4328729500400686,74,5,-0.04736604838550263,0.04159910204810857,0.254856880102737,-0.19915438800831312,0.17318513331313862,0.250164123117213,50.075345198103534
4,backsliding_Nyr,Y_hog_power_vdem,HOG (v2ex_hogw),exec_power_alt,instr-antiplural_w4_trt-ert_gapany_illib0p9026269_opp0p9026269_ctrypct_lrmax1_exclyr,backsliding_Nyr,76,5,0.15868231192327195,0.4328729500400686,74,5,0.04080044833762514,0.02994483917085127,0.17303377281572274,0.18744836703822695,0.17625928348396228,0.28756395940015134,30.05901951083787
4,backsliding_Nyr,Y_polyarchy,Electoral (polyarchy),vdem_high,instr-antiplural_w4_trt-ert_gapany_illib0p9026269_opp0p9026269_ctrypct_lrmax1_exclyr,backsliding_Nyr,76,5,0.15868231192327195,0.4328729500400686,74,5,-0.16816845987311402,0.11485284292415814,0.14313710497172422,-0.9799020135892746,0.984415335111356,0.3195343561258581,27.70915375712796
4,backsliding_Nyr,Y_libdem,Liberal,vdem_high,instr-antiplural_w4_trt-ert_gapany_illib0p9026269_opp0p9026269_ctrypct_lrmax1_exclyr,backsliding_Nyr,76,5,0.15868231192327195,0.4328729500400686,74,5,-0.12043989978290807,0.09064769043106552,0.1839603878654706,-0.7124641040677855,0.7411578883434842,0.33640879065410034,27.45753289737307
4,backsliding_Nyr,Y_partipdem,Participatory,vdem_high,instr-antiplural_w4_trt-ert_gapany_illib0p9026269_opp0p9026269_ctrypct_lrmax1_exclyr,backsliding_Nyr,76,5,0.15868231192327195,0.4328729500400686,74,5,-0.0994281060376498,0.06580567769022187,0.13080499533325876,-0.577052819546067,0.6188367573672093,0.351088584667294,27.615989206558137
4,backsliding_Nyr,Y_delibdem,Deliberative,vdem_high,instr-antiplural_w4_trt-ert_gapany_illib0p9026269_opp0p9026269_ctrypct_lrmax1_exclyr,backsliding_Nyr,76,5,0.15868231192327195,0.4328729500400686,74,5,-0.1358480190718132,0.11520554907444008,0.23832671655208673,-0.818904419551187,0.8735160512943686,0.3485113584859792,27.29442275937349
4,backsliding_Nyr,Y_egaldem,Egalitarian,vdem_high,instr-antiplural_w4_trt-ert_gapany_illib0p9026269_opp0p9026269_ctrypct_lrmax1_exclyr,backsliding_Nyr,76,5,0.15868231192327195,0.4328729500400686,74,5,-0.09283899497230352,0.07626271682358916,0.2234682024547361,-0.5838326386744472,0.6504490685451306,0.3694074034331327,26.56343431997852
4,backsliding_Nyr,Y_elecoff,Elected officials,vdem_electoral,instr-antiplural_w4_trt-ert_gapany_illib0p9026269_opp0p9026269_ctrypct_lrmax1_exclyr,backsliding_Nyr,76,5,0.15868231192327195,0.4328729500400686,74,5,-0.49551728858584615,0.3988850327423112,0.2141421577880243,-2.6131198217925866,2.486590614711492,0.2933115870713573,28.4175479413841
4,backsliding_Nyr,Y_frefair,Clean elections,vdem_electoral,instr-antiplural_w4_trt-ert_gapany_illib0p9026269_opp0p9026269_ctrypct_lrmax1_exclyr,backsliding_Nyr,76,5,0.15868231192327195,0.4328729500400686,74,5,-0.19411894385313072,0.1468356366472965,0.1861630887828564,-1.0986898873042348,1.2284282778048192,0.37111503747810215,27.694149016225836
4,backsliding_Nyr,Y_frassoc,Association,vdem_electoral,instr-antiplural_w4_trt-ert_gapany_illib0p9026269_opp0p9026269_ctrypct_lrmax1_exclyr,backsliding_Nyr,76,5,0.15868231192327195,0.4328729500400686,74,5,-0.24585795717924103,0.1550217310170246,0.11274883340662264,-1.4251458596743816,1.3836919422408818,0.30302928964977566,27.73396512485616
4,backsliding_Nyr,Y_suffr,Suffrage,vdem_electoral,instr-antiplural_w4_trt-ert_gapany_illib0p9026269_opp0p9026269_ctrypct_lrmax1_exclyr,backsliding_Nyr,76,5,0.15868231192327195,0.4328729500400686,NA,5,NA,NA,NA,NA,NA,NA,NA
4,backsliding_Nyr,Y_freexp,Expression & alt. info,vdem_electoral,instr-antiplural_w4_trt-ert_gapany_illib0p9026269_opp0p9026269_ctrypct_lrmax1_exclyr,backsliding_Nyr,76,5,0.15868231192327195,0.4328729500400686,74,5,-0.14068985695874778,0.1322055663784527,0.2872494356629961,-0.8925651544257719,0.9930303252022872,0.36874337503630167,26.541775468694293
4,backsliding_Nyr,Y_cl_rol,Rule of law,vdem_liberal,instr-antiplural_w4_trt-ert_gapany_illib0p9026269_opp0p9026269_ctrypct_lrmax1_exclyr,backsliding_Nyr,76,5,0.15868231192327195,0.4328729500400686,74,5,-0.09211147971239168,0.10702639584166763,0.3894348945752019,-0.5982074390712679,0.7714645181333534,0.4380927287859753,26.410470460357622
4,backsliding_Nyr,Y_cspart,Civil society,vdem_particip,instr-antiplural_w4_trt-ert_gapany_illib0p9026269_opp0p9026269_ctrypct_lrmax1_exclyr,backsliding_Nyr,76,5,0.15868231192327195,0.4328729500400686,74,5,-0.20376530608730375,0.12695120250808528,0.10847885211689604,-0.9598759820233655,0.7531567436752168,0.2024967537537344,31.07746085804364
4,backsliding_Nyr,Y_dd,Direct democracy,vdem_particip,instr-antiplural_w4_trt-ert_gapany_illib0p9026269_opp0p9026269_ctrypct_lrmax1_exclyr,backsliding_Nyr,76,5,0.15868231192327195,0.4328729500400686,74,5,0.01292079970831056,0.02444230786444805,0.5970660481158193,0.08895236325459958,0.18995741546008965,0.6395877387964212,24.78203389383737
4,backsliding_Nyr,Y_locelec,Local elections,vdem_particip,instr-antiplural_w4_trt-ert_gapany_illib0p9026269_opp0p9026269_ctrypct_lrmax1_exclyr,backsliding_Nyr,76,5,0.15868231192327195,0.4328729500400686,74,5,-0.0866187630246347,0.21464100036407863,0.6865423326210822,-0.43809520645242384,1.0870426467820389,0.6869367064170252,31.381777234774827
4,backsliding_Nyr,Y_regelec,Regional elections,vdem_particip,instr-antiplural_w4_trt-ert_gapany_illib0p9026269_opp0p9026269_ctrypct_lrmax1_exclyr,backsliding_Nyr,76,5,0.15868231192327195,0.4328729500400686,74,5,0.06500638279077912,0.13045626508215846,0.6182724679502551,0.4870542960485239,0.35966771436131706,0.17567942758802713,21.594273996239263
4,backsliding_Nyr,Y_delib,Deliberation,vdem_egal_delib,instr-antiplural_w4_trt-ert_gapany_illib0p9026269_opp0p9026269_ctrypct_lrmax1_exclyr,backsliding_Nyr,76,5,0.15868231192327195,0.4328729500400686,74,5,-0.19595166626273705,0.17170812385504436,0.2537906894053471,-0.8805919121011004,0.9540439963842814,0.35600212341092285,31.025719585875777
4,backsliding_Nyr,Y_eqprotec,Equal protection,vdem_egal_delib,instr-antiplural_w4_trt-ert_gapany_illib0p9026269_opp0p9026269_ctrypct_lrmax1_exclyr,backsliding_Nyr,76,5,0.15868231192327195,0.4328729500400686,74,5,-0.047299551017131763,0.0709879872761532,0.505217069165171,-0.30293611685314653,0.48703464800809454,0.5339411041290201,27.147558577441856
4,backsliding_Nyr,Y_eqaccess,Equal access,vdem_egal_delib,instr-antiplural_w4_trt-ert_gapany_illib0p9026269_opp0p9026269_ctrypct_lrmax1_exclyr,backsliding_Nyr,76,5,0.15868231192327195,0.4328729500400686,74,5,-0.1197125714797806,0.10005875411696308,0.23153162111014625,-0.694897585086798,0.5256786474498597,0.18619956385016737,28.16832681498048
4,backsliding_Nyr,Y_eqdr,Equal distribution,vdem_egal_delib,instr-antiplural_w4_trt-ert_gapany_illib0p9026269_opp0p9026269_ctrypct_lrmax1_exclyr,backsliding_Nyr,76,5,0.15868231192327195,0.4328729500400686,74,5,-0.07370361704053774,0.08606318002229266,0.3917822849470991,-0.3901030108060463,0.5120796615988418,0.44617853574340294,29.087622499810887
4,backsliding_union_Nyr,Y_gdp_growth,PWT,growth,instr-antiplural_w4_trt-ertOrDdcg_gapany_illib0p9026269_opp0p9026269_ctrypct_lrmax1_exclyr,backsliding_union_Nyr,76,5,0.15868231192327195,0.4328729500400686,68,5,-0.09906730170203155,0.1006915844931548,0.3251800587238174,-0.40991874633884146,0.379480161426659,0.2800481118112489,27.022645663189476
4,backsliding_union_Nyr,Y_gdp_growth_wb,World Bank,growth,instr-antiplural_w4_trt-ertOrDdcg_gapany_illib0p9026269_opp0p9026269_ctrypct_lrmax1_exclyr,backsliding_union_Nyr,76,5,0.15868231192327195,0.4328729500400686,70,5,-0.08558436686218554,0.09642206181953462,0.374755145633117,-0.4029317601053398,0.42967849004376274,0.34837199738337077,28.864214493816014
4,backsliding_union_Nyr,Y_gdp_growth_imf,IMF WEO,growth,instr-antiplural_w4_trt-ertOrDdcg_gapany_illib0p9026269_opp0p9026269_ctrypct_lrmax1_exclyr,backsliding_union_Nyr,76,5,0.15868231192327195,0.4328729500400686,51,5,-0.15509574916597124,0.09994703542139384,0.12071502019873022,-0.7254394602705193,0.5392480235480851,0.17853490210561326,28.760230601317954
4,backsliding_union_Nyr,Y_inflation,"CPI, cumulative log",inflation,instr-antiplural_w4_trt-ertOrDdcg_gapany_illib0p9026269_opp0p9026269_ctrypct_lrmax1_exclyr,backsliding_union_Nyr,76,5,0.15868231192327195,0.4328729500400686,62,5,0.1518016806594502,0.1483725062955961,0.3062549288757784,1.4920289922392551,1.9301744578214215,0.43952111238101016,21.755523582551792
4,backsliding_union_Nyr,Y_unemployment,Unemployment rate,unemployment,instr-antiplural_w4_trt-ertOrDdcg_gapany_illib0p9026269_opp0p9026269_ctrypct_lrmax1_exclyr,backsliding_union_Nyr,76,5,0.15868231192327195,0.4328729500400686,47,5,2.331251089641031,1.2081138870953467,0.05364876922326898,14.492101178757329,10.730383952046449,0.17683421614136485,22.93360051325697
4,backsliding_union_Nyr,Y_trade_pct_gdp,Trade / GDP,trade,instr-antiplural_w4_trt-ertOrDdcg_gapany_illib0p9026269_opp0p9026269_ctrypct_lrmax1_exclyr,backsliding_union_Nyr,76,5,0.15868231192327195,0.4328729500400686,63,4,-1.5729634907248031,6.138122374741859,0.7977490436801854,-18.277151102744163,175.9606704263938,0.9172719904667972,15.89740883571546
4,backsliding_union_Nyr,Y_top10_share,Top-10% income share,top10,instr-antiplural_w4_trt-ertOrDdcg_gapany_illib0p9026269_opp0p9026269_ctrypct_lrmax1_exclyr,backsliding_union_Nyr,76,5,0.15868231192327195,0.4328729500400686,64,5,-0.44497952884472824,1.749709836730619,0.7992512976903109,-2.033569475006686,7.094557436872542,0.7743895451497037,32.230346834067554
4,backsliding_union_Nyr,Y_gini_disp,Disposable,gini,instr-antiplural_w4_trt-ertOrDdcg_gapany_illib0p9026269_opp0p9026269_ctrypct_lrmax1_exclyr,backsliding_union_Nyr,76,5,0.15868231192327195,0.4328729500400686,58,5,-0.5224931063815386,1.95501778486061,0.7892709303375633,-4.49459062526918,13.555597220498568,0.7402161343066616,16.555254564163533
4,backsliding_union_Nyr,Y_gini_mkt,Market,gini,instr-antiplural_w4_trt-ertOrDdcg_gapany_illib0p9026269_opp0p9026269_ctrypct_lrmax1_exclyr,backsliding_union_Nyr,76,5,0.15868231192327195,0.4328729500400686,58,5,-0.5758861565594762,1.9194632284511743,0.7641584036389334,-4.878695641834439,13.810298922913908,0.7238897607285021,16.61768379378042
4,backsliding_union_Nyr,Y_debt,Debt / GDP,fiscal,instr-antiplural_w4_trt-ertOrDdcg_gapany_illib0p9026269_opp0p9026269_ctrypct_lrmax1_exclyr,backsliding_union_Nyr,76,5,0.15868231192327195,0.4328729500400686,69,5,24.501257612955435,15.525487942306588,0.11453546153223926,247.9147966971416,282.2684360500344,0.3797839547850486,19.286186226760247
4,backsliding_union_Nyr,Y_deficit,Deficit / GDP,fiscal,instr-antiplural_w4_trt-ertOrDdcg_gapany_illib0p9026269_opp0p9026269_ctrypct_lrmax1_exclyr,backsliding_union_Nyr,76,5,0.15868231192327195,0.4328729500400686,57,5,1.2724694907790135,3.38776732864831,0.7072090052561321,19.0688798325076,49.907352316652926,0.7023978847423313,16.481515159563816
4,backsliding_union_Nyr,Y_checks_balances,Checks & balances,institutions,instr-antiplural_w4_trt-ertOrDdcg_gapany_illib0p9026269_opp0p9026269_ctrypct_lrmax1_exclyr,backsliding_union_Nyr,76,5,0.15868231192327195,0.4328729500400686,72,5,-0.12993538508209937,0.10695896694244524,0.2244365598655283,-0.6741888589486835,0.6404305694686433,0.2924730692338009,26.95585055732383
4,backsliding_union_Nyr,Y_jucon,Judicial constraints,institutions,instr-antiplural_w4_trt-ertOrDdcg_gapany_illib0p9026269_opp0p9026269_ctrypct_lrmax1_exclyr,backsliding_union_Nyr,76,5,0.15868231192327195,0.4328729500400686,74,5,-0.06157118558471439,0.0818930020288983,0.4521417688521234,-0.2675522578209664,0.42551408116202094,0.5294969209195568,32.54177890776954
4,backsliding_union_Nyr,Y_legcon,Legislative constraints,institutions,instr-antiplural_w4_trt-ertOrDdcg_gapany_illib0p9026269_opp0p9026269_ctrypct_lrmax1_exclyr,backsliding_union_Nyr,76,5,0.15868231192327195,0.4328729500400686,72,5,-0.2015407071892344,0.1738228445960385,0.24626856379781145,-0.9082700224757831,0.9175139962320984,0.3222107897206364,30.27340539613451
4,backsliding_union_Nyr,Y_hos_power,HOS,exec_power,instr-antiplural_w4_trt-ertOrDdcg_gapany_illib0p9026269_opp0p9026269_ctrypct_lrmax1_exclyr,backsliding_union_Nyr,76,5,0.15868231192327195,0.4328729500400686,74,5,-0.00398934590100321,0.06065262761430372,0.9475580192884098,-0.00820275953583928,0.2707975228860412,0.9758348806750876,30.146441805370575
4,backsliding_union_Nyr,Y_hog_power,HOG,exec_power,instr-antiplural_w4_trt-ertOrDdcg_gapany_illib0p9026269_opp0p9026269_ctrypct_lrmax1_exclyr,backsliding_union_Nyr,76,5,0.15868231192327195,0.4328729500400686,28,3,0.08875116664286012,0.11470331710207744,0.439081352721032,0.1733352067294993,0.26324905121144276,0.5102517756706424,37.876413394173426
4,backsliding_union_Nyr,Y_hos_power_vdem,HOS (v2ex_hosw),exec_power_alt,instr-antiplural_w4_trt-ertOrDdcg_gapany_illib0p9026269_opp0p9026269_ctrypct_lrmax1_exclyr,backsliding_union_Nyr,76,5,0.15868231192327195,0.4328729500400686,74,5,-0.04736604838550263,0.04159910204810857,0.254856880102737,-0.19915438800831312,0.17318513331313862,0.250164123117213,50.075345198103534
4,backsliding_union_Nyr,Y_hog_power_vdem,HOG (v2ex_hogw),exec_power_alt,instr-antiplural_w4_trt-ertOrDdcg_gapany_illib0p9026269_opp0p9026269_ctrypct_lrmax1_exclyr,backsliding_union_Nyr,76,5,0.15868231192327195,0.4328729500400686,74,5,0.04080044833762514,0.02994483917085127,0.17303377281572274,0.18744836703822695,0.17625928348396228,0.28756395940015134,30.05901951083787
4,backsliding_union_Nyr,Y_polyarchy,Electoral (polyarchy),vdem_high,instr-antiplural_w4_trt-ertOrDdcg_gapany_illib0p9026269_opp0p9026269_ctrypct_lrmax1_exclyr,backsliding_union_Nyr,76,5,0.15868231192327195,0.4328729500400686,74,5,-0.16816845987311402,0.11485284292415814,0.14313710497172422,-0.9799020135892746,0.984415335111356,0.3195343561258581,27.70915375712796
4,backsliding_union_Nyr,Y_libdem,Liberal,vdem_high,instr-antiplural_w4_trt-ertOrDdcg_gapany_illib0p9026269_opp0p9026269_ctrypct_lrmax1_exclyr,backsliding_union_Nyr,76,5,0.15868231192327195,0.4328729500400686,74,5,-0.12043989978290807,0.09064769043106552,0.1839603878654706,-0.7124641040677855,0.7411578883434842,0.33640879065410034,27.45753289737307
4,backsliding_union_Nyr,Y_partipdem,Participatory,vdem_high,instr-antiplural_w4_trt-ertOrDdcg_gapany_illib0p9026269_opp0p9026269_ctrypct_lrmax1_exclyr,backsliding_union_Nyr,76,5,0.15868231192327195,0.4328729500400686,74,5,-0.0994281060376498,0.06580567769022187,0.13080499533325876,-0.577052819546067,0.6188367573672093,0.351088584667294,27.615989206558137
4,backsliding_union_Nyr,Y_delibdem,Deliberative,vdem_high,instr-antiplural_w4_trt-ertOrDdcg_gapany_illib0p9026269_opp0p9026269_ctrypct_lrmax1_exclyr,backsliding_union_Nyr,76,5,0.15868231192327195,0.4328729500400686,74,5,-0.1358480190718132,0.11520554907444008,0.23832671655208673,-0.818904419551187,0.8735160512943686,0.3485113584859792,27.29442275937349
4,backsliding_union_Nyr,Y_egaldem,Egalitarian,vdem_high,instr-antiplural_w4_trt-ertOrDdcg_gapany_illib0p9026269_opp0p9026269_ctrypct_lrmax1_exclyr,backsliding_union_Nyr,76,5,0.15868231192327195,0.4328729500400686,74,5,-0.09283899497230352,0.07626271682358916,0.2234682024547361,-0.5838326386744472,0.6504490685451306,0.3694074034331327,26.56343431997852
4,backsliding_union_Nyr,Y_elecoff,Elected officials,vdem_electoral,instr-antiplural_w4_trt-ertOrDdcg_gapany_illib0p9026269_opp0p9026269_ctrypct_lrmax1_exclyr,backsliding_union_Nyr,76,5,0.15868231192327195,0.4328729500400686,74,5,-0.49551728858584615,0.3988850327423112,0.2141421577880243,-2.6131198217925866,2.486590614711492,0.2933115870713573,28.4175479413841
4,backsliding_union_Nyr,Y_frefair,Clean elections,vdem_electoral,instr-antiplural_w4_trt-ertOrDdcg_gapany_illib0p9026269_opp0p9026269_ctrypct_lrmax1_exclyr,backsliding_union_Nyr,76,5,0.15868231192327195,0.4328729500400686,74,5,-0.19411894385313072,0.1468356366472965,0.1861630887828564,-1.0986898873042348,1.2284282778048192,0.37111503747810215,27.694149016225836
4,backsliding_union_Nyr,Y_frassoc,Association,vdem_electoral,instr-antiplural_w4_trt-ertOrDdcg_gapany_illib0p9026269_opp0p9026269_ctrypct_lrmax1_exclyr,backsliding_union_Nyr,76,5,0.15868231192327195,0.4328729500400686,74,5,-0.24585795717924103,0.1550217310170246,0.11274883340662264,-1.4251458596743816,1.3836919422408818,0.30302928964977566,27.73396512485616
4,backsliding_union_Nyr,Y_suffr,Suffrage,vdem_electoral,instr-antiplural_w4_trt-ertOrDdcg_gapany_illib0p9026269_opp0p9026269_ctrypct_lrmax1_exclyr,backsliding_union_Nyr,76,5,0.15868231192327195,0.4328729500400686,NA,5,NA,NA,NA,NA,NA,NA,NA
4,backsliding_union_Nyr,Y_freexp,Expression & alt. info,vdem_electoral,instr-antiplural_w4_trt-ertOrDdcg_gapany_illib0p9026269_opp0p9026269_ctrypct_lrmax1_exclyr,backsliding_union_Nyr,76,5,0.15868231192327195,0.4328729500400686,74,5,-0.14068985695874778,0.1322055663784527,0.2872494356629961,-0.8925651544257719,0.9930303252022872,0.36874337503630167,26.541775468694293
4,backsliding_union_Nyr,Y_cl_rol,Rule of law,vdem_liberal,instr-antiplural_w4_trt-ertOrDdcg_gapany_illib0p9026269_opp0p9026269_ctrypct_lrmax1_exclyr,backsliding_union_Nyr,76,5,0.15868231192327195,0.4328729500400686,74,5,-0.09211147971239168,0.10702639584166763,0.3894348945752019,-0.5982074390712679,0.7714645181333534,0.4380927287859753,26.410470460357622
4,backsliding_union_Nyr,Y_cspart,Civil society,vdem_particip,instr-antiplural_w4_trt-ertOrDdcg_gapany_illib0p9026269_opp0p9026269_ctrypct_lrmax1_exclyr,backsliding_union_Nyr,76,5,0.15868231192327195,0.4328729500400686,74,5,-0.20376530608730375,0.12695120250808528,0.10847885211689604,-0.9598759820233655,0.7531567436752168,0.2024967537537344,31.07746085804364
4,backsliding_union_Nyr,Y_dd,Direct democracy,vdem_particip,instr-antiplural_w4_trt-ertOrDdcg_gapany_illib0p9026269_opp0p9026269_ctrypct_lrmax1_exclyr,backsliding_union_Nyr,76,5,0.15868231192327195,0.4328729500400686,74,5,0.01292079970831056,0.02444230786444805,0.5970660481158193,0.08895236325459958,0.18995741546008965,0.6395877387964212,24.78203389383737
4,backsliding_union_Nyr,Y_locelec,Local elections,vdem_particip,instr-antiplural_w4_trt-ertOrDdcg_gapany_illib0p9026269_opp0p9026269_ctrypct_lrmax1_exclyr,backsliding_union_Nyr,76,5,0.15868231192327195,0.4328729500400686,74,5,-0.0866187630246347,0.21464100036407863,0.6865423326210822,-0.43809520645242384,1.0870426467820389,0.6869367064170252,31.381777234774827
4,backsliding_union_Nyr,Y_regelec,Regional elections,vdem_particip,instr-antiplural_w4_trt-ertOrDdcg_gapany_illib0p9026269_opp0p9026269_ctrypct_lrmax1_exclyr,backsliding_union_Nyr,76,5,0.15868231192327195,0.4328729500400686,74,5,0.06500638279077912,0.13045626508215846,0.6182724679502551,0.4870542960485239,0.35966771436131706,0.17567942758802713,21.594273996239263
4,backsliding_union_Nyr,Y_delib,Deliberation,vdem_egal_delib,instr-antiplural_w4_trt-ertOrDdcg_gapany_illib0p9026269_opp0p9026269_ctrypct_lrmax1_exclyr,backsliding_union_Nyr,76,5,0.15868231192327195,0.4328729500400686,74,5,-0.19595166626273705,0.17170812385504436,0.2537906894053471,-0.8805919121011004,0.9540439963842814,0.35600212341092285,31.025719585875777
4,backsliding_union_Nyr,Y_eqprotec,Equal protection,vdem_egal_delib,instr-antiplural_w4_trt-ertOrDdcg_gapany_illib0p9026269_opp0p9026269_ctrypct_lrmax1_exclyr,backsliding_union_Nyr,76,5,0.15868231192327195,0.4328729500400686,74,5,-0.047299551017131763,0.0709879872761532,0.505217069165171,-0.30293611685314653,0.48703464800809454,0.5339411041290201,27.147558577441856
4,backsliding_union_Nyr,Y_eqaccess,Equal access,vdem_egal_delib,instr-antiplural_w4_trt-ertOrDdcg_gapany_illib0p9026269_opp0p9026269_ctrypct_lrmax1_exclyr,backsliding_union_Nyr,76,5,0.15868231192327195,0.4328729500400686,74,5,-0.1197125714797806,0.10005875411696308,0.23153162111014625,-0.694897585086798,0.5256786474498597,0.18619956385016737,28.16832681498048
4,backsliding_union_Nyr,Y_eqdr,Equal distribution,vdem_egal_delib,instr-antiplural_w4_trt-ertOrDdcg_gapany_illib0p9026269_opp0p9026269_ctrypct_lrmax1_exclyr,backsliding_union_Nyr,76,5,0.15868231192327195,0.4328729500400686,74,5,-0.07370361704053774,0.08606318002229266,0.3917822849470991,-0.3901030108060463,0.5120796615988418,0.44617853574340294,29.087622499810887
4,polyarchy_decline,Y_gdp_growth,PWT,growth,instr-antiplural_w4_trt-polyarchy_gapany_illib0p9026269_opp0p9026269_ctrypct_lrmax1_exclyr,polyarchy_decline,74,33,0.16816845987311402,0.14313710497172422,68,31,-0.09906730170203155,0.1006915844931548,0.3251800587238174,-0.42718650342492,0.4925832381763496,0.38581206307546567,34.43693558441446
4,polyarchy_decline,Y_gdp_growth_wb,World Bank,growth,instr-antiplural_w4_trt-polyarchy_gapany_illib0p9026269_opp0p9026269_ctrypct_lrmax1_exclyr,polyarchy_decline,74,33,0.16816845987311402,0.14313710497172422,70,32,-0.08558436686218554,0.09642206181953462,0.374755145633117,-0.45883294475185865,0.4683832486581093,0.3272786346554593,34.43469576933783
4,polyarchy_decline,Y_gdp_growth_imf,IMF WEO,growth,instr-antiplural_w4_trt-polyarchy_gapany_illib0p9026269_opp0p9026269_ctrypct_lrmax1_exclyr,polyarchy_decline,74,33,0.16816845987311402,0.14313710497172422,51,22,-0.15509574916597124,0.09994703542139384,0.12071502019873022,-0.965962815430947,0.5506211360364738,0.0793765789141831,22.06688472228011
4,polyarchy_decline,Y_inflation,"CPI, cumulative log",inflation,instr-antiplural_w4_trt-polyarchy_gapany_illib0p9026269_opp0p9026269_ctrypct_lrmax1_exclyr,polyarchy_decline,74,33,0.16816845987311402,0.14313710497172422,62,30,0.1518016806594502,0.1483725062955961,0.3062549288757784,1.4347944864940578,1.8570161041838145,0.4397387917111347,22.820618456846077
4,polyarchy_decline,Y_unemployment,Unemployment rate,unemployment,instr-antiplural_w4_trt-polyarchy_gapany_illib0p9026269_opp0p9026269_ctrypct_lrmax1_exclyr,polyarchy_decline,74,33,0.16816845987311402,0.14313710497172422,47,25,2.331251089641031,1.2081138870953467,0.05364876922326898,11.85255214163005,8.228523197707906,0.14974782664536368,19.423512356379018
4,polyarchy_decline,Y_trade_pct_gdp,Trade / GDP,trade,instr-antiplural_w4_trt-polyarchy_gapany_illib0p9026269_opp0p9026269_ctrypct_lrmax1_exclyr,polyarchy_decline,74,33,0.16816845987311402,0.14313710497172422,63,31,-1.5729634907248031,6.138122374741859,0.7977490436801854,-14.979437839736166,43.62448952569604,0.7313184553115906,15.965908178018775
4,polyarchy_decline,Y_top10_share,Top-10% income share,top10,instr-antiplural_w4_trt-polyarchy_gapany_illib0p9026269_opp0p9026269_ctrypct_lrmax1_exclyr,polyarchy_decline,74,33,0.16816845987311402,0.14313710497172422,64,28,-0.44497952884472824,1.749709836730619,0.7992512976903109,-2.926341265741444,10.64677751790833,0.7834261087069283,24.84312324794507
4,polyarchy_decline,Y_gini_disp,Disposable,gini,instr-antiplural_w4_trt-polyarchy_gapany_illib0p9026269_opp0p9026269_ctrypct_lrmax1_exclyr,polyarchy_decline,74,33,0.16816845987311402,0.14313710497172422,58,28,-0.5224931063815386,1.95501778486061,0.7892709303375633,-4.713251943365711,4.044783810966043,0.2439110479725591,33.82696151243607
4,polyarchy_decline,Y_gini_mkt,Market,gini,instr-antiplural_w4_trt-polyarchy_gapany_illib0p9026269_opp0p9026269_ctrypct_lrmax1_exclyr,polyarchy_decline,74,33,0.16816845987311402,0.14313710497172422,58,28,-0.5758861565594762,1.9194632284511743,0.7641584036389334,-4.904462530704474,4.001781388304604,0.2203605975173236,33.94315585926659
4,polyarchy_decline,Y_debt,Debt / GDP,fiscal,instr-antiplural_w4_trt-polyarchy_gapany_illib0p9026269_opp0p9026269_ctrypct_lrmax1_exclyr,polyarchy_decline,74,33,0.16816845987311402,0.14313710497172422,69,32,24.501257612955435,15.525487942306588,0.11453546153223926,116.2804550029296,73.90296322366311,0.11562142800231635,33.791642132693255
4,polyarchy_decline,Y_deficit,Deficit / GDP,fiscal,instr-antiplural_w4_trt-polyarchy_gapany_illib0p9026269_opp0p9026269_ctrypct_lrmax1_exclyr,polyarchy_decline,74,33,0.16816845987311402,0.14313710497172422,57,29,1.2724694907790135,3.38776732864831,0.7072090052561321,16.20273859100393,10.15608400369885,0.11062892959566609,26.572951742902507
4,polyarchy_decline,Y_checks_balances,Checks & balances,institutions,instr-antiplural_w4_trt-polyarchy_gapany_illib0p9026269_opp0p9026269_ctrypct_lrmax1_exclyr,polyarchy_decline,74,33,0.16816845987311402,0.14313710497172422,72,33,-0.12993538508209937,0.10695896694244524,0.2244365598655283,-1.057031011785522,0.717480294917935,0.14068244751167774,40.10196065650819
4,polyarchy_decline,Y_jucon,Judicial constraints,institutions,instr-antiplural_w4_trt-polyarchy_gapany_illib0p9026269_opp0p9026269_ctrypct_lrmax1_exclyr,polyarchy_decline,74,33,0.16816845987311402,0.14313710497172422,74,33,-0.06157118558471439,0.0818930020288983,0.4521417688521234,-0.2762845593449891,0.33653224215901817,0.4116605053789457,26.962831057206316
4,polyarchy_decline,Y_legcon,Legislative constraints,institutions,instr-antiplural_w4_trt-polyarchy_gapany_illib0p9026269_opp0p9026269_ctrypct_lrmax1_exclyr,polyarchy_decline,74,33,0.16816845987311402,0.14313710497172422,72,33,-0.2015407071892344,0.1738228445960385,0.24626856379781145,-1.9611045487956156,0.865167256439885,0.02340644385143277,26.496933594427176
4,polyarchy_decline,Y_hos_power,HOS,exec_power,instr-antiplural_w4_trt-polyarchy_gapany_illib0p9026269_opp0p9026269_ctrypct_lrmax1_exclyr,polyarchy_decline,74,33,0.16816845987311402,0.14313710497172422,74,33,-0.00398934590100321,0.06065262761430372,0.9475580192884098,-0.03894390740303556,0.2787187591487948,0.888877474922885,30.016346159964787
4,polyarchy_decline,Y_hog_power,HOG,exec_power,instr-antiplural_w4_trt-polyarchy_gapany_illib0p9026269_opp0p9026269_ctrypct_lrmax1_exclyr,polyarchy_decline,74,33,0.16816845987311402,0.14313710497172422,28,13,0.08875116664286012,0.11470331710207744,0.439081352721032,-15.144624355358635,37.4874979070206,0.6862190904644834,35.96050382897378
4,polyarchy_decline,Y_hos_power_vdem,HOS (v2ex_hosw),exec_power_alt,instr-antiplural_w4_trt-polyarchy_gapany_illib0p9026269_opp0p9026269_ctrypct_lrmax1_exclyr,polyarchy_decline,74,33,0.16816845987311402,0.14313710497172422,74,33,-0.04736604838550263,0.04159910204810857,0.254856880102737,-0.2702595392291478,0.2586810311802721,0.29613400442494175,40.10426424120657
4,polyarchy_decline,Y_hog_power_vdem,HOG (v2ex_hogw),exec_power_alt,instr-antiplural_w4_trt-polyarchy_gapany_illib0p9026269_opp0p9026269_ctrypct_lrmax1_exclyr,polyarchy_decline,74,33,0.16816845987311402,0.14313710497172422,74,33,0.04080044833762514,0.02994483917085127,0.17303377281572274,0.22521962437844617,0.17516586191230332,0.1985300911515296,32.63191435187188
4,polyarchy_decline,Y_polyarchy,Electoral (polyarchy),vdem_high,instr-antiplural_w4_trt-polyarchy_gapany_illib0p9026269_opp0p9026269_ctrypct_lrmax1_exclyr,polyarchy_decline,74,33,0.16816845987311402,0.14313710497172422,74,33,-0.16816845987311402,0.11485284292415814,0.14313710497172422,-1,1.2838161081010686e-16,0,25.06637657353784
4,polyarchy_decline,Y_libdem,Liberal,vdem_high,instr-antiplural_w4_trt-polyarchy_gapany_illib0p9026269_opp0p9026269_ctrypct_lrmax1_exclyr,polyarchy_decline,74,33,0.16816845987311402,0.14313710497172422,74,33,-0.12043989978290807,0.09064769043106552,0.1839603878654706,-0.7076051100989329,0.08045585461936303,1.4311341238771849e-18,30.80909939248556
4,polyarchy_decline,Y_partipdem,Participatory,vdem_high,instr-antiplural_w4_trt-polyarchy_gapany_illib0p9026269_opp0p9026269_ctrypct_lrmax1_exclyr,polyarchy_decline,74,33,0.16816845987311402,0.14313710497172422,74,33,-0.0994281060376498,0.06580567769022187,0.13080499533325876,-0.5503420966811626,0.1115995499034124,8.164207416691884e-7,34.179480410912916
4,polyarchy_decline,Y_delibdem,Deliberative,vdem_high,instr-antiplural_w4_trt-polyarchy_gapany_illib0p9026269_opp0p9026269_ctrypct_lrmax1_exclyr,polyarchy_decline,74,33,0.16816845987311402,0.14313710497172422,74,33,-0.1358480190718132,0.11520554907444008,0.23832671655208673,-0.8419262079667612,0.1534301762704888,4.0799121105911745e-8,28.034131032530482
4,polyarchy_decline,Y_egaldem,Egalitarian,vdem_high,instr-antiplural_w4_trt-polyarchy_gapany_illib0p9026269_opp0p9026269_ctrypct_lrmax1_exclyr,polyarchy_decline,74,33,0.16816845987311402,0.14313710497172422,74,33,-0.09283899497230352,0.07626271682358916,0.2234682024547361,-0.5544153600845596,0.09240459966589516,1.974785289211629e-9,23.41262630013451
4,polyarchy_decline,Y_elecoff,Elected officials,vdem_electoral,instr-antiplural_w4_trt-polyarchy_gapany_illib0p9026269_opp0p9026269_ctrypct_lrmax1_exclyr,polyarchy_decline,74,33,0.16816845987311402,0.14313710497172422,74,33,-0.49551728858584615,0.3988850327423112,0.2141421577880243,-2.999544900458874,1.4205907529751238,0.03473132076684916,24.184270530896903
4,polyarchy_decline,Y_frefair,Clean elections,vdem_electoral,instr-antiplural_w4_trt-polyarchy_gapany_illib0p9026269_opp0p9026269_ctrypct_lrmax1_exclyr,polyarchy_decline,74,33,0.16816845987311402,0.14313710497172422,74,33,-0.19411894385313072,0.1468356366472965,0.1861630887828564,-1.0522150481924144,0.22402957332425824,2.6430969400184192e-6,33.563681051872315
4,polyarchy_decline,Y_frassoc,Association,vdem_electoral,instr-antiplural_w4_trt-polyarchy_gapany_illib0p9026269_opp0p9026269_ctrypct_lrmax1_exclyr,polyarchy_decline,74,33,0.16816845987311402,0.14313710497172422,74,33,-0.24585795717924103,0.1550217310170246,0.11274883340662264,-1.5046237296509153,0.2543262209673585,3.296303758285944e-9,28.094045653552342
4,polyarchy_decline,Y_suffr,Suffrage,vdem_electoral,instr-antiplural_w4_trt-polyarchy_gapany_illib0p9026269_opp0p9026269_ctrypct_lrmax1_exclyr,polyarchy_decline,74,33,0.16816845987311402,0.14313710497172422,NA,33,NA,NA,NA,NA,NA,NA,NA
4,polyarchy_decline,Y_freexp,Expression & alt. info,vdem_electoral,instr-antiplural_w4_trt-polyarchy_gapany_illib0p9026269_opp0p9026269_ctrypct_lrmax1_exclyr,polyarchy_decline,74,33,0.16816845987311402,0.14313710497172422,74,33,-0.14068985695874778,0.1322055663784527,0.2872494356629961,-0.9752999747207922,0.2740449481564108,3.724039947788253e-4,27.162584308238067
4,polyarchy_decline,Y_cl_rol,Rule of law,vdem_liberal,instr-antiplural_w4_trt-polyarchy_gapany_illib0p9026269_opp0p9026269_ctrypct_lrmax1_exclyr,polyarchy_decline,74,33,0.16816845987311402,0.14313710497172422,74,33,-0.09211147971239168,0.10702639584166763,0.3894348945752019,-0.5853823334257349,0.2667040190322195,0.02817247153285394,24.859764808171008
4,polyarchy_decline,Y_cspart,Civil society,vdem_particip,instr-antiplural_w4_trt-polyarchy_gapany_illib0p9026269_opp0p9026269_ctrypct_lrmax1_exclyr,polyarchy_decline,74,33,0.16816845987311402,0.14313710497172422,74,33,-0.20376530608730375,0.12695120250808528,0.10847885211689604,-1.147182385846424,0.3353794478366272,6.249449887459475e-4,28.94049401582116
4,polyarchy_decline,Y_dd,Direct democracy,vdem_particip,instr-antiplural_w4_trt-polyarchy_gapany_illib0p9026269_opp0p9026269_ctrypct_lrmax1_exclyr,polyarchy_decline,74,33,0.16816845987311402,0.14313710497172422,74,33,0.01292079970831056,0.02444230786444805,0.5970660481158193,0.24568458755885775,0.16032964252896598,0.1254307666246854,35.33481787434849
4,polyarchy_decline,Y_locelec,Local elections,vdem_particip,instr-antiplural_w4_trt-polyarchy_gapany_illib0p9026269_opp0p9026269_ctrypct_lrmax1_exclyr,polyarchy_decline,74,33,0.16816845987311402,0.14313710497172422,74,33,-0.0866187630246347,0.21464100036407863,0.6865423326210822,-0.5005231921624583,1.0610773718024609,0.6371321936986716,29.00798811313361
4,polyarchy_decline,Y_regelec,Regional elections,vdem_particip,instr-antiplural_w4_trt-polyarchy_gapany_illib0p9026269_opp0p9026269_ctrypct_lrmax1_exclyr,polyarchy_decline,74,33,0.16816845987311402,0.14313710497172422,74,33,0.06500638279077912,0.13045626508215846,0.6182724679502551,0.545455436792676,0.5938467192014822,0.35835079218319815,35.49398087589721
4,polyarchy_decline,Y_delib,Deliberation,vdem_egal_delib,instr-antiplural_w4_trt-polyarchy_gapany_illib0p9026269_opp0p9026269_ctrypct_lrmax1_exclyr,polyarchy_decline,74,33,0.16816845987311402,0.14313710497172422,74,33,-0.19595166626273705,0.17170812385504436,0.2537906894053471,-0.9221511468826402,0.4885157960256707,0.05907176922941042,24.847696728069597
4,polyarchy_decline,Y_eqprotec,Equal protection,vdem_egal_delib,instr-antiplural_w4_trt-polyarchy_gapany_illib0p9026269_opp0p9026269_ctrypct_lrmax1_exclyr,polyarchy_decline,74,33,0.16816845987311402,0.14313710497172422,74,33,-0.047299551017131763,0.0709879872761532,0.505217069165171,-0.26101625389211613,0.3427267261448961,0.4463064756425696,23.76631249748044
4,polyarchy_decline,Y_eqaccess,Equal access,vdem_egal_delib,instr-antiplural_w4_trt-polyarchy_gapany_illib0p9026269_opp0p9026269_ctrypct_lrmax1_exclyr,polyarchy_decline,74,33,0.16816845987311402,0.14313710497172422,74,33,-0.1197125714797806,0.10005875411696308,0.23153162111014625,-0.769210056211443,0.2852269999968794,0.00700020206083346,41.33060516766541
4,polyarchy_decline,Y_eqdr,Equal distribution,vdem_egal_delib,instr-antiplural_w4_trt-polyarchy_gapany_illib0p9026269_opp0p9026269_ctrypct_lrmax1_exclyr,polyarchy_decline,74,33,0.16816845987311402,0.14313710497172422,74,33,-0.07370361704053774,0.08606318002229266,0.3917822849470991,-0.4004003589133506,0.2756495992031596,0.14634315981726537,23.900405846362993
5,backsliding_Nyr,Y_gdp_growth,PWT,growth,instr-antiplural_w5_trt-ert_gapany_illib0p9026269_opp0p9026269_ctrypct_lrmax1_exclyr,backsliding_Nyr,76,5,0.15868231192327195,0.4328729500400686,66,5,-0.09892717100592882,0.14430192607275544,0.4929926122349472,-0.4455455952638431,0.5681966718435407,0.4329581144223939,25.40053391277314
5,backsliding_Nyr,Y_gdp_growth_wb,World Bank,growth,instr-antiplural_w5_trt-ert_gapany_illib0p9026269_opp0p9026269_ctrypct_lrmax1_exclyr,backsliding_Nyr,76,5,0.15868231192327195,0.4328729500400686,67,5,-0.0069419886753067,0.1098929509395651,0.9496307642912836,-0.02216595287822969,0.3947112447301063,0.9552164262852676,32.33788056462376
5,backsliding_Nyr,Y_gdp_growth_imf,IMF WEO,growth,instr-antiplural_w5_trt-ert_gapany_illib0p9026269_opp0p9026269_ctrypct_lrmax1_exclyr,backsliding_Nyr,76,5,0.15868231192327195,0.4328729500400686,50,5,-0.1575818235289286,0.10177150415620738,0.12152879572400738,-1.108528125218013,0.98904354135025,0.2623695069917531,20.099524670851206
5,backsliding_Nyr,Y_inflation,"CPI, cumulative log",inflation,instr-antiplural_w5_trt-ert_gapany_illib0p9026269_opp0p9026269_ctrypct_lrmax1_exclyr,backsliding_Nyr,76,5,0.15868231192327195,0.4328729500400686,61,5,0.2154343843469172,0.18877927024381785,0.2537878478451343,1.5215314085117608,2.007671096953686,0.4485354573462364,21.15817519017116
5,backsliding_Nyr,Y_unemployment,Unemployment rate,unemployment,instr-antiplural_w5_trt-ert_gapany_illib0p9026269_opp0p9026269_ctrypct_lrmax1_exclyr,backsliding_Nyr,76,5,0.15868231192327195,0.4328729500400686,45,5,1.518724405547874,1.4526688708982072,0.2958049463271162,11.136523700014443,9.044037950911047,0.21818588892776383,24.587065664122164
5,backsliding_Nyr,Y_trade_pct_gdp,Trade / GDP,trade,instr-antiplural_w5_trt-ert_gapany_illib0p9026269_opp0p9026269_ctrypct_lrmax1_exclyr,backsliding_Nyr,76,5,0.15868231192327195,0.4328729500400686,62,4,1.7327162859885483,15.479224773761452,0.9108724216696142,4.4906174423130345,113.01782737614404,0.9683054271509324,11.770161852431553
5,backsliding_Nyr,Y_top10_share,Top-10% income share,top10,instr-antiplural_w5_trt-ert_gapany_illib0p9026269_opp0p9026269_ctrypct_lrmax1_exclyr,backsliding_Nyr,76,5,0.15868231192327195,0.4328729500400686,61,5,-0.5285580001691272,2.4104189730498993,0.826431511413598,-2.837565127464507,8.754343601615691,0.7458379085075901,27.74079263336656
5,backsliding_Nyr,Y_gini_disp,Disposable,gini,instr-antiplural_w5_trt-ert_gapany_illib0p9026269_opp0p9026269_ctrypct_lrmax1_exclyr,backsliding_Nyr,76,5,0.15868231192327195,0.4328729500400686,53,5,-0.8083339740383355,2.1665721591437928,0.7090788616719776,-7.1636615520646645,18.079733253792288,0.6919382648836898,16.334550859447305
5,backsliding_Nyr,Y_gini_mkt,Market,gini,instr-antiplural_w5_trt-ert_gapany_illib0p9026269_opp0p9026269_ctrypct_lrmax1_exclyr,backsliding_Nyr,76,5,0.15868231192327195,0.4328729500400686,53,5,-0.8073145487018889,2.1061845404980484,0.701492406242764,-7.103724984722829,18.021573293557395,0.693448919676713,16.24946352855133
5,backsliding_Nyr,Y_debt,Debt / GDP,fiscal,instr-antiplural_w5_trt-ert_gapany_illib0p9026269_opp0p9026269_ctrypct_lrmax1_exclyr,backsliding_Nyr,76,5,0.15868231192327195,0.4328729500400686,66,5,0.912886752702569,11.225266103808694,0.9351840604030964,4.929896042552381,42.62573967664927,0.9079256719004908,26.84582017136145
5,backsliding_Nyr,Y_deficit,Deficit / GDP,fiscal,instr-antiplural_w5_trt-ert_gapany_illib0p9026269_opp0p9026269_ctrypct_lrmax1_exclyr,backsliding_Nyr,76,5,0.15868231192327195,0.4328729500400686,54,5,-6.1462397219237666,3.725977079185499,0.09903202960226502,-43.750611399164264,39.981264154219446,0.2738331409935241,16.672790710373672
5,backsliding_Nyr,Y_checks_balances,Checks & balances,institutions,instr-antiplural_w5_trt-ert_gapany_illib0p9026269_opp0p9026269_ctrypct_lrmax1_exclyr,backsliding_Nyr,76,5,0.15868231192327195,0.4328729500400686,68,5,-0.11131486009385087,0.1470758835861863,0.4491377878326737,-0.554220389881283,0.6847777566060849,0.4183176219609974,28.954691988679308
5,backsliding_Nyr,Y_jucon,Judicial constraints,institutions,instr-antiplural_w5_trt-ert_gapany_illib0p9026269_opp0p9026269_ctrypct_lrmax1_exclyr,backsliding_Nyr,76,5,0.15868231192327195,0.4328729500400686,72,5,-0.01050434710215275,0.09235400716036132,0.9094438828622028,-0.04981711219828171,0.37940821118932144,0.8955362945213048,31.92336426659805
5,backsliding_Nyr,Y_legcon,Legislative constraints,institutions,instr-antiplural_w5_trt-ert_gapany_illib0p9026269_opp0p9026269_ctrypct_lrmax1_exclyr,backsliding_Nyr,76,5,0.15868231192327195,0.4328729500400686,68,5,-0.2103121073688137,0.23515116506586112,0.37112404950661376,-0.9263884978911568,1.068871326985733,0.3861075751258019,31.32870253011048
5,backsliding_Nyr,Y_hos_power,HOS,exec_power,instr-antiplural_w5_trt-ert_gapany_illib0p9026269_opp0p9026269_ctrypct_lrmax1_exclyr,backsliding_Nyr,76,5,0.15868231192327195,0.4328729500400686,72,5,0.00897202863232149,0.05945978317696567,0.8800606057772408,0.04874405329378279,0.26898108809188365,0.8561969378943881,30.31524281813439
5,backsliding_Nyr,Y_hog_power,HOG,exec_power,instr-antiplural_w5_trt-ert_gapany_illib0p9026269_opp0p9026269_ctrypct_lrmax1_exclyr,backsliding_Nyr,76,5,0.15868231192327195,0.4328729500400686,27,3,0.11585834892801898,0.1192361235991715,0.33121397509629463,0.27753518699091384,0.3809848619243249,0.4663273004824011,34.04330423279511
5,backsliding_Nyr,Y_hos_power_vdem,HOS (v2ex_hosw),exec_power_alt,instr-antiplural_w5_trt-ert_gapany_illib0p9026269_opp0p9026269_ctrypct_lrmax1_exclyr,backsliding_Nyr,76,5,0.15868231192327195,0.4328729500400686,72,5,-0.04775518401750706,0.04200376693137148,0.25556912947665117,-0.1949546709879416,0.16579312407860494,0.2396383670126324,53.03352352732538
5,backsliding_Nyr,Y_hog_power_vdem,HOG (v2ex_hogw),exec_power_alt,instr-antiplural_w5_trt-ert_gapany_illib0p9026269_opp0p9026269_ctrypct_lrmax1_exclyr,backsliding_Nyr,76,5,0.15868231192327195,0.4328729500400686,72,5,0.04067670629516543,0.0298251192802792,0.17261776318132,0.17605138791505193,0.1588389504882706,0.2677046093620875,31.186149867824863
5,backsliding_Nyr,Y_polyarchy,Electoral (polyarchy),vdem_high,instr-antiplural_w5_trt-ert_gapany_illib0p9026269_opp0p9026269_ctrypct_lrmax1_exclyr,backsliding_Nyr,76,5,0.15868231192327195,0.4328729500400686,72,5,-0.17319654483226757,0.13885246614515692,0.21227203904285183,-0.9678556408194487,0.9334676428737076,0.2998109047228959,28.225259128383332
5,backsliding_Nyr,Y_libdem,Liberal,vdem_high,instr-antiplural_w5_trt-ert_gapany_illib0p9026269_opp0p9026269_ctrypct_lrmax1_exclyr,backsliding_Nyr,76,5,0.15868231192327195,0.4328729500400686,72,5,-0.11505239304046118,0.11565223962354798,0.31982704743650875,-0.6497449369178755,0.6964707131679206,0.35086610966100457,28.188002468183367
5,backsliding_Nyr,Y_partipdem,Participatory,vdem_high,instr-antiplural_w5_trt-ert_gapany_illib0p9026269_opp0p9026269_ctrypct_lrmax1_exclyr,backsliding_Nyr,76,5,0.15868231192327195,0.4328729500400686,72,5,-0.0964055317417608,0.07320958548326773,0.1878912488178932,-0.55210405838449,0.5712514173505733,0.3338031844545817,27.710655539515123
5,backsliding_Nyr,Y_delibdem,Deliberative,vdem_high,instr-antiplural_w5_trt-ert_gapany_illib0p9026269_opp0p9026269_ctrypct_lrmax1_exclyr,backsliding_Nyr,76,5,0.15868231192327195,0.4328729500400686,72,5,-0.17781987601483512,0.13879069871046373,0.20012030697142655,-0.9986089232219988,0.9557997900291316,0.2961205887626192,28.203516872264853
5,backsliding_Nyr,Y_egaldem,Egalitarian,vdem_high,instr-antiplural_w5_trt-ert_gapany_illib0p9026269_opp0p9026269_ctrypct_lrmax1_exclyr,backsliding_Nyr,76,5,0.15868231192327195,0.4328729500400686,72,5,-0.0846067594727921,0.086842166433957,0.32992797223433484,-0.5301333317273201,0.5756318687415578,0.3570718499498547,26.712595562010936
5,backsliding_Nyr,Y_elecoff,Elected officials,vdem_electoral,instr-antiplural_w5_trt-ert_gapany_illib0p9026269_opp0p9026269_ctrypct_lrmax1_exclyr,backsliding_Nyr,76,5,0.15868231192327195,0.4328729500400686,72,5,-0.4169814354905148,0.4038944385400143,0.30188382457565455,-2.148047283497069,2.2553952821379557,0.34089217766809815,28.99742210034337
5,backsliding_Nyr,Y_frefair,Clean elections,vdem_electoral,instr-antiplural_w5_trt-ert_gapany_illib0p9026269_opp0p9026269_ctrypct_lrmax1_exclyr,backsliding_Nyr,76,5,0.15868231192327195,0.4328729500400686,72,5,-0.2374277986660519,0.1891741051307731,0.20945132641230957,-1.275983834643002,1.248469255219964,0.30676260692634966,28.53054132807589
5,backsliding_Nyr,Y_frassoc,Association,vdem_electoral,instr-antiplural_w5_trt-ert_gapany_illib0p9026269_opp0p9026269_ctrypct_lrmax1_exclyr,backsliding_Nyr,76,5,0.15868231192327195,0.4328729500400686,72,5,-0.23435085575962575,0.16073490908644433,0.14484164341832984,-1.3140978195538158,1.235695554436082,0.287578888640894,28.040865001122825
5,backsliding_Nyr,Y_suffr,Suffrage,vdem_electoral,instr-antiplural_w5_trt-ert_gapany_illib0p9026269_opp0p9026269_ctrypct_lrmax1_exclyr,backsliding_Nyr,76,5,0.15868231192327195,0.4328729500400686,NA,5,NA,NA,NA,NA,NA,NA,NA
5,backsliding_Nyr,Y_freexp,Expression & alt. info,vdem_electoral,instr-antiplural_w5_trt-ert_gapany_illib0p9026269_opp0p9026269_ctrypct_lrmax1_exclyr,backsliding_Nyr,76,5,0.15868231192327195,0.4328729500400686,72,5,-0.09482364757937498,0.14404582171298144,0.5103530352269128,-0.6201319562107438,0.8090768829625727,0.44339757953602976,26.633511453662443
5,backsliding_Nyr,Y_cl_rol,Rule of law,vdem_liberal,instr-antiplural_w5_trt-ert_gapany_illib0p9026269_opp0p9026269_ctrypct_lrmax1_exclyr,backsliding_Nyr,76,5,0.15868231192327195,0.4328729500400686,72,5,-0.06654449831269972,0.12266753848298326,0.5874889369123388,-0.43401456789004783,0.6743991850661847,0.5198624995436565,26.760167307756348
5,backsliding_Nyr,Y_cspart,Civil society,vdem_particip,instr-antiplural_w5_trt-ert_gapany_illib0p9026269_opp0p9026269_ctrypct_lrmax1_exclyr,backsliding_Nyr,76,5,0.15868231192327195,0.4328729500400686,72,5,-0.20291869442330765,0.12598744138944654,0.10726118436451848,-0.882084238938702,0.6805017316470497,0.19489753257841352,31.131930322113767
5,backsliding_Nyr,Y_dd,Direct democracy,vdem_particip,instr-antiplural_w5_trt-ert_gapany_illib0p9026269_opp0p9026269_ctrypct_lrmax1_exclyr,backsliding_Nyr,76,5,0.15868231192327195,0.4328729500400686,72,5,0.01028108452773284,0.02677224120839663,0.7009633898901044,0.07322367059030116,0.18397162634115383,0.6906183125575952,25.387754722555403
5,backsliding_Nyr,Y_locelec,Local elections,vdem_particip,instr-antiplural_w5_trt-ert_gapany_illib0p9026269_opp0p9026269_ctrypct_lrmax1_exclyr,backsliding_Nyr,76,5,0.15868231192327195,0.4328729500400686,72,5,-0.07868343672028845,0.20884064433364152,0.7063497074290761,-0.41753145510323014,1.0429007019240888,0.6888943965385452,32.89434355409001
5,backsliding_Nyr,Y_regelec,Regional elections,vdem_particip,instr-antiplural_w5_trt-ert_gapany_illib0p9026269_opp0p9026269_ctrypct_lrmax1_exclyr,backsliding_Nyr,76,5,0.15868231192327195,0.4328729500400686,72,5,0.03641508913846884,0.12812820100560546,0.7762508092826148,0.17785790979335658,0.4956050779263295,0.7196921689402342,28.259773358496187
5,backsliding_Nyr,Y_delib,Deliberation,vdem_egal_delib,instr-antiplural_w5_trt-ert_gapany_illib0p9026269_opp0p9026269_ctrypct_lrmax1_exclyr,backsliding_Nyr,76,5,0.15868231192327195,0.4328729500400686,72,5,-0.2750529643192254,0.1896973957151404,0.14707066127968518,-1.1843276462285246,1.1492055163838029,0.3027462184071138,31.002146284938743
5,backsliding_Nyr,Y_eqprotec,Equal protection,vdem_egal_delib,instr-antiplural_w5_trt-ert_gapany_illib0p9026269_opp0p9026269_ctrypct_lrmax1_exclyr,backsliding_Nyr,76,5,0.15868231192327195,0.4328729500400686,72,5,0.01006780802750659,0.0724567162180574,0.8894902345232466,0.03713898416179397,0.3034185812131699,0.9025808034642312,29.232924299179203
5,backsliding_Nyr,Y_eqaccess,Equal access,vdem_egal_delib,instr-antiplural_w5_trt-ert_gapany_illib0p9026269_opp0p9026269_ctrypct_lrmax1_exclyr,backsliding_Nyr,76,5,0.15868231192327195,0.4328729500400686,72,5,-0.09791238317600257,0.10550470601839132,0.3533878249639466,-0.43867886476929846,0.4108286108269839,0.2856150495696587,30.70943362982634
5,backsliding_Nyr,Y_eqdr,Equal distribution,vdem_egal_delib,instr-antiplural_w5_trt-ert_gapany_illib0p9026269_opp0p9026269_ctrypct_lrmax1_exclyr,backsliding_Nyr,76,5,0.15868231192327195,0.4328729500400686,72,5,-0.07056747965898658,0.08624215993136274,0.41321556020022737,-0.3408299356885462,0.45576597675404096,0.45457003008262586,29.49752426757002
5,backsliding_union_Nyr,Y_gdp_growth,PWT,growth,instr-antiplural_w5_trt-ertOrDdcg_gapany_illib0p9026269_opp0p9026269_ctrypct_lrmax1_exclyr,backsliding_union_Nyr,76,6,0.10490742405171467,0.620248625259136,66,6,-0.09892717100592882,0.14430192607275544,0.4929926122349472,-0.5229672702959852,0.6358932974592322,0.4108415646621623,25.40053391277314
5,backsliding_union_Nyr,Y_gdp_growth_wb,World Bank,growth,instr-antiplural_w5_trt-ertOrDdcg_gapany_illib0p9026269_opp0p9026269_ctrypct_lrmax1_exclyr,backsliding_union_Nyr,76,6,0.10490742405171467,0.620248625259136,67,5,-0.0069419886753067,0.1098929509395651,0.9496307642912836,-0.02216595287822969,0.3947112447301063,0.9552164262852676,32.33788056462376
5,backsliding_union_Nyr,Y_gdp_growth_imf,IMF WEO,growth,instr-antiplural_w5_trt-ertOrDdcg_gapany_illib0p9026269_opp0p9026269_ctrypct_lrmax1_exclyr,backsliding_union_Nyr,76,6,0.10490742405171467,0.620248625259136,50,5,-0.1575818235289286,0.10177150415620738,0.12152879572400738,-1.108528125218013,0.98904354135025,0.2623695069917531,20.099524670851206
5,backsliding_union_Nyr,Y_inflation,"CPI, cumulative log",inflation,instr-antiplural_w5_trt-ertOrDdcg_gapany_illib0p9026269_opp0p9026269_ctrypct_lrmax1_exclyr,backsliding_union_Nyr,76,6,0.10490742405171467,0.620248625259136,61,5,0.2154343843469172,0.18877927024381785,0.2537878478451343,1.5215314085117608,2.007671096953686,0.4485354573462364,21.15817519017116
5,backsliding_union_Nyr,Y_unemployment,Unemployment rate,unemployment,instr-antiplural_w5_trt-ertOrDdcg_gapany_illib0p9026269_opp0p9026269_ctrypct_lrmax1_exclyr,backsliding_union_Nyr,76,6,0.10490742405171467,0.620248625259136,45,5,1.518724405547874,1.4526688708982072,0.2958049463271162,11.136523700014443,9.044037950911047,0.21818588892776383,24.587065664122164
5,backsliding_union_Nyr,Y_trade_pct_gdp,Trade / GDP,trade,instr-antiplural_w5_trt-ertOrDdcg_gapany_illib0p9026269_opp0p9026269_ctrypct_lrmax1_exclyr,backsliding_union_Nyr,76,6,0.10490742405171467,0.620248625259136,62,5,1.7327162859885483,15.479224773761452,0.9108724216696142,4.4906174423130345,113.01782737614404,0.9683054271509324,11.770161852431553
5,backsliding_union_Nyr,Y_top10_share,Top-10% income share,top10,instr-antiplural_w5_trt-ertOrDdcg_gapany_illib0p9026269_opp0p9026269_ctrypct_lrmax1_exclyr,backsliding_union_Nyr,76,6,0.10490742405171467,0.620248625259136,61,5,-0.5285580001691272,2.4104189730498993,0.826431511413598,-2.837565127464507,8.754343601615691,0.7458379085075901,27.74079263336656
5,backsliding_union_Nyr,Y_gini_disp,Disposable,gini,instr-antiplural_w5_trt-ertOrDdcg_gapany_illib0p9026269_opp0p9026269_ctrypct_lrmax1_exclyr,backsliding_union_Nyr,76,6,0.10490742405171467,0.620248625259136,53,5,-0.8083339740383355,2.1665721591437928,0.7090788616719776,-7.1636615520646645,18.079733253792288,0.6919382648836898,16.334550859447305
5,backsliding_union_Nyr,Y_gini_mkt,Market,gini,instr-antiplural_w5_trt-ertOrDdcg_gapany_illib0p9026269_opp0p9026269_ctrypct_lrmax1_exclyr,backsliding_union_Nyr,76,6,0.10490742405171467,0.620248625259136,53,5,-0.8073145487018889,2.1061845404980484,0.701492406242764,-7.103724984722829,18.021573293557395,0.693448919676713,16.24946352855133
5,backsliding_union_Nyr,Y_debt,Debt / GDP,fiscal,instr-antiplural_w5_trt-ertOrDdcg_gapany_illib0p9026269_opp0p9026269_ctrypct_lrmax1_exclyr,backsliding_union_Nyr,76,6,0.10490742405171467,0.620248625259136,66,6,0.912886752702569,11.225266103808694,0.9351840604030964,6.123817670893875,46.7180190728835,0.8957116882337305,26.84582017136145
5,backsliding_union_Nyr,Y_deficit,Deficit / GDP,fiscal,instr-antiplural_w5_trt-ertOrDdcg_gapany_illib0p9026269_opp0p9026269_ctrypct_lrmax1_exclyr,backsliding_union_Nyr,76,6,0.10490742405171467,0.620248625259136,54,5,-6.1462397219237666,3.725977079185499,0.09903202960226502,-43.750611399164264,39.981264154219446,0.2738331409935241,16.672790710373672
5,backsliding_union_Nyr,Y_checks_balances,Checks & balances,institutions,instr-antiplural_w5_trt-ertOrDdcg_gapany_illib0p9026269_opp0p9026269_ctrypct_lrmax1_exclyr,backsliding_union_Nyr,76,6,0.10490742405171467,0.620248625259136,68,6,-0.11131486009385087,0.1470758835861863,0.4491377878326737,-0.6504914654409522,0.7676043438765329,0.39675511399920366,28.954691988679308
5,backsliding_union_Nyr,Y_jucon,Judicial constraints,institutions,instr-antiplural_w5_trt-ertOrDdcg_gapany_illib0p9026269_opp0p9026269_ctrypct_lrmax1_exclyr,backsliding_union_Nyr,76,6,0.10490742405171467,0.620248625259136,72,6,-0.01050434710215275,0.09235400716036132,0.9094438828622028,-0.06165167141248316,0.4051950280371309,0.8790661999354142,31.92336426659805
5,backsliding_union_Nyr,Y_legcon,Legislative constraints,institutions,instr-antiplural_w5_trt-ertOrDdcg_gapany_illib0p9026269_opp0p9026269_ctrypct_lrmax1_exclyr,backsliding_union_Nyr,76,6,0.10490742405171467,0.620248625259136,68,6,-0.2103121073688137,0.23515116506586112,0.37112404950661376,-1.048010230303675,1.172465249822219,0.37140116398748657,31.32870253011048
5,backsliding_union_Nyr,Y_hos_power,HOS,exec_power,instr-antiplural_w5_trt-ertOrDdcg_gapany_illib0p9026269_opp0p9026269_ctrypct_lrmax1_exclyr,backsliding_union_Nyr,76,6,0.10490742405171467,0.620248625259136,72,6,0.00897202863232149,0.05945978317696567,0.8800606057772408,0.06142786829625811,0.2943672982194267,0.8346999092500489,30.31524281813439
5,backsliding_union_Nyr,Y_hog_power,HOG,exec_power,instr-antiplural_w5_trt-ertOrDdcg_gapany_illib0p9026269_opp0p9026269_ctrypct_lrmax1_exclyr,backsliding_union_Nyr,76,6,0.10490742405171467,0.620248625259136,27,3,0.11585834892801898,0.1192361235991715,0.33121397509629463,0.27753518699091384,0.3809848619243249,0.4663273004824011,34.04330423279511
5,backsliding_union_Nyr,Y_hos_power_vdem,HOS (v2ex_hosw),exec_power_alt,instr-antiplural_w5_trt-ertOrDdcg_gapany_illib0p9026269_opp0p9026269_ctrypct_lrmax1_exclyr,backsliding_union_Nyr,76,6,0.10490742405171467,0.620248625259136,72,6,-0.04775518401750706,0.04200376693137148,0.25556912947665117,-0.20505341543754207,0.15885359819427167,0.19676170409054763,53.03352352732538
5,backsliding_union_Nyr,Y_hog_power_vdem,HOG (v2ex_hogw),exec_power_alt,instr-antiplural_w5_trt-ertOrDdcg_gapany_illib0p9026269_opp0p9026269_ctrypct_lrmax1_exclyr,backsliding_union_Nyr,76,6,0.10490742405171467,0.620248625259136,72,6,0.04067670629516543,0.0298251192802792,0.17261776318132,0.1983066950059025,0.17655100810392527,0.26134149309098265,31.186149867824863
5,backsliding_union_Nyr,Y_polyarchy,Electoral (polyarchy),vdem_high,instr-antiplural_w5_trt-ertOrDdcg_gapany_illib0p9026269_opp0p9026269_ctrypct_lrmax1_exclyr,backsliding_union_Nyr,76,6,0.10490742405171467,0.620248625259136,72,6,-0.17319654483226757,0.13885246614515692,0.21227203904285183,-1.1636201059186322,1.0985903452974723,0.2895115183696957,28.225259128383332
5,backsliding_union_Nyr,Y_libdem,Liberal,vdem_high,instr-antiplural_w5_trt-ertOrDdcg_gapany_illib0p9026269_opp0p9026269_ctrypct_lrmax1_exclyr,backsliding_union_Nyr,76,6,0.10490742405171467,0.620248625259136,72,6,-0.11505239304046118,0.11565223962354798,0.31982704743650875,-0.782698707335046,0.8087871931040723,0.33317238962078743,28.188002468183367
5,backsliding_union_Nyr,Y_partipdem,Participatory,vdem_high,instr-antiplural_w5_trt-ertOrDdcg_gapany_illib0p9026269_opp0p9026269_ctrypct_lrmax1_exclyr,backsliding_union_Nyr,76,6,0.10490742405171467,0.620248625259136,72,6,-0.0964055317417608,0.07320958548326773,0.1878912488178932,-0.6667847151297321,0.6742676580189972,0.32271103417134,27.710655539515123
5,backsliding_union_Nyr,Y_delibdem,Deliberative,vdem_high,instr-antiplural_w5_trt-ertOrDdcg_gapany_illib0p9026269_opp0p9026269_ctrypct_lrmax1_exclyr,backsliding_union_Nyr,76,6,0.10490742405171467,0.620248625259136,72,6,-0.17781987601483512,0.13879069871046373,0.20012030697142655,-1.201248053091077,1.1248200180222443,0.2855444642796206,28.203516872264853
5,backsliding_union_Nyr,Y_egaldem,Egalitarian,vdem_high,instr-antiplural_w5_trt-ertOrDdcg_gapany_illib0p9026269_opp0p9026269_ctrypct_lrmax1_exclyr,backsliding_union_Nyr,76,6,0.10490742405171467,0.620248625259136,72,6,-0.0846067594727921,0.086842166433957,0.32992797223433484,-0.6526740187215869,0.6887163007986761,0.3432987779359352,26.712595562010936
5,backsliding_union_Nyr,Y_elecoff,Elected officials,vdem_electoral,instr-antiplural_w5_trt-ertOrDdcg_gapany_illib0p9026269_opp0p9026269_ctrypct_lrmax1_exclyr,backsliding_union_Nyr,76,6,0.10490742405171467,0.620248625259136,72,6,-0.4169814354905148,0.4038944385400143,0.30188382457565455,-2.539470555186339,2.5848515649772636,0.32588141692946815,28.99742210034337
5,backsliding_union_Nyr,Y_frefair,Clean elections,vdem_electoral,instr-antiplural_w5_trt-ertOrDdcg_gapany_illib0p9026269_opp0p9026269_ctrypct_lrmax1_exclyr,backsliding_union_Nyr,76,6,0.10490742405171467,0.620248625259136,72,6,-0.2374277986660519,0.1891741051307731,0.20945132641230957,-1.5236034139417451,1.4561350932093755,0.2954069298953109,28.53054132807589
5,backsliding_union_Nyr,Y_frassoc,Association,vdem_electoral,instr-antiplural_w5_trt-ertOrDdcg_gapany_illib0p9026269_opp0p9026269_ctrypct_lrmax1_exclyr,backsliding_union_Nyr,76,6,0.10490742405171467,0.620248625259136,72,6,-0.23435085575962575,0.16073490908644433,0.14484164341832984,-1.581755562846345,1.474517531746061,0.28339338057649277,28.040865001122825
5,backsliding_union_Nyr,Y_suffr,Suffrage,vdem_electoral,instr-antiplural_w5_trt-ertOrDdcg_gapany_illib0p9026269_opp0p9026269_ctrypct_lrmax1_exclyr,backsliding_union_Nyr,76,6,0.10490742405171467,0.620248625259136,NA,6,NA,NA,NA,NA,NA,NA,NA
5,backsliding_union_Nyr,Y_freexp,Expression & alt. info,vdem_electoral,instr-antiplural_w5_trt-ertOrDdcg_gapany_illib0p9026269_opp0p9026269_ctrypct_lrmax1_exclyr,backsliding_union_Nyr,76,6,0.10490742405171467,0.620248625259136,72,6,-0.09482364757937498,0.14404582171298144,0.5103530352269128,-0.7749059697901254,0.958484113163416,0.41881987792622105,26.633511453662443
5,backsliding_union_Nyr,Y_cl_rol,Rule of law,vdem_liberal,instr-antiplural_w5_trt-ertOrDdcg_gapany_illib0p9026269_opp0p9026269_ctrypct_lrmax1_exclyr,backsliding_union_Nyr,76,6,0.10490742405171467,0.620248625259136,72,6,-0.06654449831269972,0.12266753848298326,0.5874889369123388,-0.5428760401491214,0.786788651356392,0.4902006849365611,26.760167307756348
5,backsliding_union_Nyr,Y_cspart,Civil society,vdem_particip,instr-antiplural_w5_trt-ertOrDdcg_gapany_illib0p9026269_opp0p9026269_ctrypct_lrmax1_exclyr,backsliding_union_Nyr,76,6,0.10490742405171467,0.620248625259136,72,6,-0.20291869442330765,0.12598744138944654,0.10726118436451848,-1.0022159671587685,0.7782526242396028,0.19782353928873456,31.131930322113767
5,backsliding_union_Nyr,Y_dd,Direct democracy,vdem_particip,instr-antiplural_w5_trt-ertOrDdcg_gapany_illib0p9026269_opp0p9026269_ctrypct_lrmax1_exclyr,backsliding_union_Nyr,76,6,0.10490742405171467,0.620248625259136,72,6,0.01028108452773284,0.02677224120839663,0.7009633898901044,0.094354004831385,0.2162489526349556,0.6626036947296813,25.387754722555403
5,backsliding_union_Nyr,Y_locelec,Local elections,vdem_particip,instr-antiplural_w5_trt-ertOrDdcg_gapany_illib0p9026269_opp0p9026269_ctrypct_lrmax1_exclyr,backsliding_union_Nyr,76,6,0.10490742405171467,0.620248625259136,72,6,-0.07868343672028845,0.20884064433364152,0.7063497074290761,-0.48005131390581657,1.1150289432568563,0.666811516481808,32.89434355409001
5,backsliding_union_Nyr,Y_regelec,Regional elections,vdem_particip,instr-antiplural_w5_trt-ertOrDdcg_gapany_illib0p9026269_opp0p9026269_ctrypct_lrmax1_exclyr,backsliding_union_Nyr,76,6,0.10490742405171467,0.620248625259136,72,6,0.03641508913846884,0.12812820100560546,0.7762508092826148,0.20505183468955937,0.5390071488638611,0.7036299046449546,28.259773358496187
5,backsliding_union_Nyr,Y_delib,Deliberation,vdem_egal_delib,instr-antiplural_w5_trt-ertOrDdcg_gapany_illib0p9026269_opp0p9026269_ctrypct_lrmax1_exclyr,backsliding_union_Nyr,76,6,0.10490742405171467,0.620248625259136,72,6,-0.2750529643192254,0.1896973957151404,0.14707066127968518,-1.34299260196875,1.2963998221883726,0.3002300737652603,31.002146284938743
5,backsliding_union_Nyr,Y_eqprotec,Equal protection,vdem_egal_delib,instr-antiplural_w5_trt-ertOrDdcg_gapany_illib0p9026269_opp0p9026269_ctrypct_lrmax1_exclyr,backsliding_union_Nyr,76,6,0.10490742405171467,0.620248625259136,72,6,0.01006780802750659,0.0724567162180574,0.8894902345232466,0.03464729040928004,0.3313931050141419,0.91673255308838,29.232924299179203
5,backsliding_union_Nyr,Y_eqaccess,Equal access,vdem_egal_delib,instr-antiplural_w5_trt-ertOrDdcg_gapany_illib0p9026269_opp0p9026269_ctrypct_lrmax1_exclyr,backsliding_union_Nyr,76,6,0.10490742405171467,0.620248625259136,72,6,-0.09791238317600257,0.10550470601839132,0.3533878249639466,-0.5066852707515312,0.46658320722157787,0.27750183763924197,30.70943362982634
5,backsliding_union_Nyr,Y_eqdr,Equal distribution,vdem_egal_delib,instr-antiplural_w5_trt-ertOrDdcg_gapany_illib0p9026269_opp0p9026269_ctrypct_lrmax1_exclyr,backsliding_union_Nyr,76,6,0.10490742405171467,0.620248625259136,72,6,-0.07056747965898658,0.08624215993136274,0.41321556020022737,-0.40338182594503025,0.5183368264618489,0.43643734857936567,29.49752426757002
5,polyarchy_decline,Y_gdp_growth,PWT,growth,instr-antiplural_w5_trt-polyarchy_gapany_illib0p9026269_opp0p9026269_ctrypct_lrmax1_exclyr,polyarchy_decline,72,34,0.17319654483226757,0.21227203904285183,66,29,-0.09892717100592882,0.14430192607275544,0.4929926122349472,-0.20641083806322333,0.5109260255827955,0.6862174345994738,39.05043926383868
5,polyarchy_decline,Y_gdp_growth_wb,World Bank,growth,instr-antiplural_w5_trt-polyarchy_gapany_illib0p9026269_opp0p9026269_ctrypct_lrmax1_exclyr,polyarchy_decline,72,34,0.17319654483226757,0.21227203904285183,67,31,-0.0069419886753067,0.1098929509395651,0.9496307642912836,-0.07826180354033424,0.522058610347377,0.8808356261543713,39.19859096673784
5,polyarchy_decline,Y_gdp_growth_imf,IMF WEO,growth,instr-antiplural_w5_trt-polyarchy_gapany_illib0p9026269_opp0p9026269_ctrypct_lrmax1_exclyr,polyarchy_decline,72,34,0.17319654483226757,0.21227203904285183,50,19,-0.1575818235289286,0.10177150415620738,0.12152879572400738,-0.7911022045145677,0.6297398339377626,0.20903021406725444,24.531047399406628
5,polyarchy_decline,Y_inflation,"CPI, cumulative log",inflation,instr-antiplural_w5_trt-polyarchy_gapany_illib0p9026269_opp0p9026269_ctrypct_lrmax1_exclyr,polyarchy_decline,72,34,0.17319654483226757,0.21227203904285183,61,27,0.2154343843469172,0.18877927024381785,0.2537878478451343,1.485972901382049,5.749842313545906,0.7960695430822737,36.27259830020833
5,polyarchy_decline,Y_unemployment,Unemployment rate,unemployment,instr-antiplural_w5_trt-polyarchy_gapany_illib0p9026269_opp0p9026269_ctrypct_lrmax1_exclyr,polyarchy_decline,72,34,0.17319654483226757,0.21227203904285183,45,24,1.518724405547874,1.4526688708982072,0.2958049463271162,15.86658365864259,13.246282263443714,0.23098939702475735,31.75582393654886
5,polyarchy_decline,Y_trade_pct_gdp,Trade / GDP,trade,instr-antiplural_w5_trt-polyarchy_gapany_illib0p9026269_opp0p9026269_ctrypct_lrmax1_exclyr,polyarchy_decline,72,34,0.17319654483226757,0.21227203904285183,62,30,1.7327162859885483,15.479224773761452,0.9108724216696142,102.98324533917744,191.51607993730465,0.590765975174151,18.084150403553664
5,polyarchy_decline,Y_top10_share,Top-10% income share,top10,instr-antiplural_w5_trt-polyarchy_gapany_illib0p9026269_opp0p9026269_ctrypct_lrmax1_exclyr,polyarchy_decline,72,34,0.17319654483226757,0.21227203904285183,61,25,-0.5285580001691272,2.4104189730498993,0.826431511413598,-3.1678187193539618,13.636470858881072,0.8163012228234294,27.098932946124695
5,polyarchy_decline,Y_gini_disp,Disposable,gini,instr-antiplural_w5_trt-polyarchy_gapany_illib0p9026269_opp0p9026269_ctrypct_lrmax1_exclyr,polyarchy_decline,72,34,0.17319654483226757,0.21227203904285183,53,24,-0.8083339740383355,2.1665721591437928,0.7090788616719776,-4.871706319720919,4.719246766611019,0.30192883416596017,32.838729681441876
5,polyarchy_decline,Y_gini_mkt,Market,gini,instr-antiplural_w5_trt-polyarchy_gapany_illib0p9026269_opp0p9026269_ctrypct_lrmax1_exclyr,polyarchy_decline,72,34,0.17319654483226757,0.21227203904285183,53,24,-0.8073145487018889,2.1061845404980484,0.701492406242764,-4.7513287994298885,4.647410853451577,0.30661035778696716,34.83438381366422
5,polyarchy_decline,Y_debt,Debt / GDP,fiscal,instr-antiplural_w5_trt-polyarchy_gapany_illib0p9026269_opp0p9026269_ctrypct_lrmax1_exclyr,polyarchy_decline,72,34,0.17319654483226757,0.21227203904285183,66,31,0.912886752702569,11.225266103808694,0.9351840604030964,7.828195148196464,54.89937365688516,0.886612651071855,32.133057423742166
5,polyarchy_decline,Y_deficit,Deficit / GDP,fiscal,instr-antiplural_w5_trt-polyarchy_gapany_illib0p9026269_opp0p9026269_ctrypct_lrmax1_exclyr,polyarchy_decline,72,34,0.17319654483226757,0.21227203904285183,54,26,-6.1462397219237666,3.725977079185499,0.09903202960226502,-22.71496365168471,21.420995485665653,0.28895968932876065,25.420332956093205
5,polyarchy_decline,Y_checks_balances,Checks & balances,institutions,instr-antiplural_w5_trt-polyarchy_gapany_illib0p9026269_opp0p9026269_ctrypct_lrmax1_exclyr,polyarchy_decline,72,34,0.17319654483226757,0.21227203904285183,68,32,-0.11131486009385087,0.1470758835861863,0.4491377878326737,-0.8269430481124129,0.6999991396119041,0.2374642427581839,27.070954441656333
5,polyarchy_decline,Y_jucon,Judicial constraints,institutions,instr-antiplural_w5_trt-polyarchy_gapany_illib0p9026269_opp0p9026269_ctrypct_lrmax1_exclyr,polyarchy_decline,72,34,0.17319654483226757,0.21227203904285183,72,34,-0.01050434710215275,0.09235400716036132,0.9094438828622028,-0.07714579688705919,0.3629271797375592,0.8316658845981499,36.265615237061496
5,polyarchy_decline,Y_legcon,Legislative constraints,institutions,instr-antiplural_w5_trt-polyarchy_gapany_illib0p9026269_opp0p9026269_ctrypct_lrmax1_exclyr,polyarchy_decline,72,34,0.17319654483226757,0.21227203904285183,68,32,-0.2103121073688137,0.23515116506586112,0.37112404950661376,-1.887833788257376,0.5147070422955546,2.446625972102695e-4,23.9406918323156
5,polyarchy_decline,Y_hos_power,HOS,exec_power,instr-antiplural_w5_trt-polyarchy_gapany_illib0p9026269_opp0p9026269_ctrypct_lrmax1_exclyr,polyarchy_decline,72,34,0.17319654483226757,0.21227203904285183,72,34,0.00897202863232149,0.05945978317696567,0.8800606057772408,0.05476298915472492,0.2467638983388774,0.8243725492913621,30.323055480980603
5,polyarchy_decline,Y_hog_power,HOG,exec_power,instr-antiplural_w5_trt-polyarchy_gapany_illib0p9026269_opp0p9026269_ctrypct_lrmax1_exclyr,polyarchy_decline,72,34,0.17319654483226757,0.21227203904285183,27,11,0.11585834892801898,0.1192361235991715,0.33121397509629463,-0.5953533622168736,14.048167438680016,0.9661962241892372,36.29940190528826
5,polyarchy_decline,Y_hos_power_vdem,HOS (v2ex_hosw),exec_power_alt,instr-antiplural_w5_trt-polyarchy_gapany_illib0p9026269_opp0p9026269_ctrypct_lrmax1_exclyr,polyarchy_decline,72,34,0.17319654483226757,0.21227203904285183,72,34,-0.04775518401750706,0.04200376693137148,0.25556912947665117,-0.274635528192257,0.254055043544377,0.2796935661048442,45.55481864024031
5,polyarchy_decline,Y_hog_power_vdem,HOG (v2ex_hogw),exec_power_alt,instr-antiplural_w5_trt-polyarchy_gapany_illib0p9026269_opp0p9026269_ctrypct_lrmax1_exclyr,polyarchy_decline,72,34,0.17319654483226757,0.21227203904285183,72,34,0.04067670629516543,0.0298251192802792,0.17261776318132,0.2077497299378796,0.15634329365746075,0.18391235521777188,37.73688410771505
5,polyarchy_decline,Y_polyarchy,Electoral (polyarchy),vdem_high,instr-antiplural_w5_trt-polyarchy_gapany_illib0p9026269_opp0p9026269_ctrypct_lrmax1_exclyr,polyarchy_decline,72,34,0.17319654483226757,0.21227203904285183,72,34,-0.17319654483226757,0.13885246614515692,0.21227203904285183,-1,1.1808333462206382e-16,0,36.61235734807441
5,polyarchy_decline,Y_libdem,Liberal,vdem_high,instr-antiplural_w5_trt-polyarchy_gapany_illib0p9026269_opp0p9026269_ctrypct_lrmax1_exclyr,polyarchy_decline,72,34,0.17319654483226757,0.21227203904285183,72,34,-0.11505239304046118,0.11565223962354798,0.31982704743650875,-0.6666575075873656,0.131622814288628,4.0859661288374297e-7,29.12565504452277
5,polyarchy_decline,Y_partipdem,Participatory,vdem_high,instr-antiplural_w5_trt-polyarchy_gapany_illib0p9026269_opp0p9026269_ctrypct_lrmax1_exclyr,polyarchy_decline,72,34,0.17319654483226757,0.21227203904285183,72,34,-0.0964055317417608,0.07320958548326773,0.1878912488178932,-0.5369026810732408,0.131022169559981,4.1709493803563784e-5,41.430648958210824
5,polyarchy_decline,Y_delibdem,Deliberative,vdem_high,instr-antiplural_w5_trt-polyarchy_gapany_illib0p9026269_opp0p9026269_ctrypct_lrmax1_exclyr,polyarchy_decline,72,34,0.17319654483226757,0.21227203904285183,72,34,-0.17781987601483512,0.13879069871046373,0.20012030697142655,-1.0463589700930034,0.10333661936742602,4.247858651250782e-24,35.76566780979893
5,polyarchy_decline,Y_egaldem,Egalitarian,vdem_high,instr-antiplural_w5_trt-polyarchy_gapany_illib0p9026269_opp0p9026269_ctrypct_lrmax1_exclyr,polyarchy_decline,72,34,0.17319654483226757,0.21227203904285183,72,34,-0.0846067594727921,0.086842166433957,0.32992797223433484,-0.5249226081475764,0.10434199513691857,4.884643441146276e-7,26.776057103509128
5,polyarchy_decline,Y_elecoff,Elected officials,vdem_electoral,instr-antiplural_w5_trt-polyarchy_gapany_illib0p9026269_opp0p9026269_ctrypct_lrmax1_exclyr,polyarchy_decline,72,34,0.17319654483226757,0.21227203904285183,72,34,-0.4169814354905148,0.4038944385400143,0.30188382457565455,-2.2584055966990944,1.1201214532043589,0.04377750595771169,29.93199640000378
5,polyarchy_decline,Y_frefair,Clean elections,vdem_electoral,instr-antiplural_w5_trt-polyarchy_gapany_illib0p9026269_opp0p9026269_ctrypct_lrmax1_exclyr,polyarchy_decline,72,34,0.17319654483226757,0.21227203904285183,72,34,-0.2374277986660519,0.1891741051307731,0.20945132641230957,-1.2863358275459515,0.18186923439138403,1.5177142214898658e-12,40.105978186388285
5,polyarchy_decline,Y_frassoc,Association,vdem_electoral,instr-antiplural_w5_trt-polyarchy_gapany_illib0p9026269_opp0p9026269_ctrypct_lrmax1_exclyr,polyarchy_decline,72,34,0.17319654483226757,0.21227203904285183,72,34,-0.23435085575962575,0.16073490908644433,0.14484164341832984,-1.400456714978521,0.21040508662607327,2.8137608398998822e-11,34.958642119861025
5,polyarchy_decline,Y_suffr,Suffrage,vdem_electoral,instr-antiplural_w5_trt-polyarchy_gapany_illib0p9026269_opp0p9026269_ctrypct_lrmax1_exclyr,polyarchy_decline,72,34,0.17319654483226757,0.21227203904285183,NA,34,NA,NA,NA,NA,NA,NA,NA
5,polyarchy_decline,Y_freexp,Expression & alt. info,vdem_electoral,instr-antiplural_w5_trt-polyarchy_gapany_illib0p9026269_opp0p9026269_ctrypct_lrmax1_exclyr,polyarchy_decline,72,34,0.17319654483226757,0.21227203904285183,72,34,-0.09482364757937498,0.14404582171298144,0.5103530352269128,-0.7490485362835778,0.3133415201587512,0.01682462554591433,29.505409700927498
5,polyarchy_decline,Y_cl_rol,Rule of law,vdem_liberal,instr-antiplural_w5_trt-polyarchy_gapany_illib0p9026269_opp0p9026269_ctrypct_lrmax1_exclyr,polyarchy_decline,72,34,0.17319654483226757,0.21227203904285183,72,34,-0.06654449831269972,0.12266753848298326,0.5874889369123388,-0.4477005544848998,0.2720167579886959,0.09979330268475278,28.90700403101572
5,polyarchy_decline,Y_cspart,Civil society,vdem_particip,instr-antiplural_w5_trt-polyarchy_gapany_illib0p9026269_opp0p9026269_ctrypct_lrmax1_exclyr,polyarchy_decline,72,34,0.17319654483226757,0.21227203904285183,72,34,-0.20291869442330765,0.12598744138944654,0.10726118436451848,-1.092203073796496,0.2938305641907036,2.0150781256845045e-4,31.90164686656841
5,polyarchy_decline,Y_dd,Direct democracy,vdem_particip,instr-antiplural_w5_trt-polyarchy_gapany_illib0p9026269_opp0p9026269_ctrypct_lrmax1_exclyr,polyarchy_decline,72,34,0.17319654483226757,0.21227203904285183,72,34,0.01028108452773284,0.02677224120839663,0.7009633898901044,0.23076563933784972,0.19861132726164812,0.245277849913253,36.93045777533223
5,polyarchy_decline,Y_locelec,Local elections,vdem_particip,instr-antiplural_w5_trt-polyarchy_gapany_illib0p9026269_opp0p9026269_ctrypct_lrmax1_exclyr,polyarchy_decline,72,34,0.17319654483226757,0.21227203904285183,72,34,-0.07868343672028845,0.20884064433364152,0.7063497074290761,-0.48443259682588896,1.0356332428280497,0.6399529196728542,29.076922993769543
5,polyarchy_decline,Y_regelec,Regional elections,vdem_particip,instr-antiplural_w5_trt-polyarchy_gapany_illib0p9026269_opp0p9026269_ctrypct_lrmax1_exclyr,polyarchy_decline,72,34,0.17319654483226757,0.21227203904285183,72,34,0.03641508913846884,0.12812820100560546,0.7762508092826148,0.2298060619224918,0.5114520387607792,0.6532002231941593,42.80274824263644
5,polyarchy_decline,Y_delib,Deliberation,vdem_egal_delib,instr-antiplural_w5_trt-polyarchy_gapany_illib0p9026269_opp0p9026269_ctrypct_lrmax1_exclyr,polyarchy_decline,72,34,0.17319654483226757,0.21227203904285183,72,34,-0.2750529643192254,0.1896973957151404,0.14707066127968518,-1.4446076302177844,0.27963171928668135,2.390188607921077e-7,29.97490581177072
5,polyarchy_decline,Y_eqprotec,Equal protection,vdem_egal_delib,instr-antiplural_w5_trt-polyarchy_gapany_illib0p9026269_opp0p9026269_ctrypct_lrmax1_exclyr,polyarchy_decline,72,34,0.17319654483226757,0.21227203904285183,72,34,0.01006780802750659,0.0724567162180574,0.8894902345232466,0.14848502401436375,0.36907790820836167,0.6874533225632462,25.560583505222063
5,polyarchy_decline,Y_eqaccess,Equal access,vdem_egal_delib,instr-antiplural_w5_trt-polyarchy_gapany_illib0p9026269_opp0p9026269_ctrypct_lrmax1_exclyr,polyarchy_decline,72,34,0.17319654483226757,0.21227203904285183,72,34,-0.09791238317600257,0.10550470601839132,0.3533878249639466,-0.5377565384218136,0.2970678188039909,0.07026249577372398,34.8278834201561
5,polyarchy_decline,Y_eqdr,Equal distribution,vdem_egal_delib,instr-antiplural_w5_trt-polyarchy_gapany_illib0p9026269_opp0p9026269_ctrypct_lrmax1_exclyr,polyarchy_decline,72,34,0.17319654483226757,0.21227203904285183,72,34,-0.07056747965898658,0.08624215993136274,0.41321556020022737,-0.3812404655616325,0.19359302717993904,0.04892000454083518,31.26759345619886
6,backsliding_Nyr,Y_gdp_growth,PWT,growth,instr-antiplural_w6_trt-ert_gapany_illib0p9026269_opp0p9026269_ctrypct_lrmax1_exclyr,backsliding_Nyr,76,5,0.15868231192327195,0.4328729500400686,64,5,-0.21384864593497369,0.1441961998554264,0.13806394259964297,-1.8138397527207468,1.7268586833679789,0.2935482465964423,14.810101070313518
6,backsliding_Nyr,Y_gdp_growth_wb,World Bank,growth,instr-antiplural_w6_trt-ert_gapany_illib0p9026269_opp0p9026269_ctrypct_lrmax1_exclyr,backsliding_Nyr,76,5,0.15868231192327195,0.4328729500400686,65,5,0.04816359800451328,0.1312764997250498,0.713703553993822,0.1873705502665804,0.5641784923379263,0.7398045516234326,30.162998932331412
6,backsliding_Nyr,Y_gdp_growth_imf,IMF WEO,growth,instr-antiplural_w6_trt-ert_gapany_illib0p9026269_opp0p9026269_ctrypct_lrmax1_exclyr,backsliding_Nyr,76,5,0.15868231192327195,0.4328729500400686,48,5,-0.1518503740628251,0.1176564836039419,0.19683381673717135,-1.4476013867803057,1.5659155173947583,0.3552551345444618,19.48650010487486
6,backsliding_Nyr,Y_inflation,"CPI, cumulative log",inflation,instr-antiplural_w6_trt-ert_gapany_illib0p9026269_opp0p9026269_ctrypct_lrmax1_exclyr,backsliding_Nyr,76,5,0.15868231192327195,0.4328729500400686,59,5,0.1457501406911942,0.2013878514071169,0.46923239275287615,1.3101673238408431,2.031806929941918,0.5190382320663635,22.63581798026762
6,backsliding_Nyr,Y_unemployment,Unemployment rate,unemployment,instr-antiplural_w6_trt-ert_gapany_illib0p9026269_opp0p9026269_ctrypct_lrmax1_exclyr,backsliding_Nyr,76,5,0.15868231192327195,0.4328729500400686,42,5,-1.4075729495671494,1.1824508368788564,0.2338947038743863,-6.756557476743285,2.655318581129189,0.01094225886626051,21.29284708652732
6,backsliding_Nyr,Y_trade_pct_gdp,Trade / GDP,trade,instr-antiplural_w6_trt-ert_gapany_illib0p9026269_opp0p9026269_ctrypct_lrmax1_exclyr,backsliding_Nyr,76,5,0.15868231192327195,0.4328729500400686,60,4,-23.133795399354018,26.235195022396955,0.37789320935399945,115.47706971417004,330.5985650771609,0.7268663896621794,10.781571654409648
6,backsliding_Nyr,Y_top10_share,Top-10% income share,top10,instr-antiplural_w6_trt-ert_gapany_illib0p9026269_opp0p9026269_ctrypct_lrmax1_exclyr,backsliding_Nyr,76,5,0.15868231192327195,0.4328729500400686,59,5,0.6463110770117182,3.703256181879658,0.8614528231584556,3.0555713422199453,15.75806981974418,0.8462501287527089,27.025321476556773
6,backsliding_Nyr,Y_gini_disp,Disposable,gini,instr-antiplural_w6_trt-ert_gapany_illib0p9026269_opp0p9026269_ctrypct_lrmax1_exclyr,backsliding_Nyr,76,5,0.15868231192327195,0.4328729500400686,51,5,-1.179737463017515,2.401872781431756,0.6233033860498339,-10.242070924080936,21.50006917051126,0.6338080546162219,16.23991641385264
6,backsliding_Nyr,Y_gini_mkt,Market,gini,instr-antiplural_w6_trt-ert_gapany_illib0p9026269_opp0p9026269_ctrypct_lrmax1_exclyr,backsliding_Nyr,76,5,0.15868231192327195,0.4328729500400686,51,5,-1.2145406171190352,2.3138516253880392,0.5996527397748692,-10.44476356768608,21.80251988474758,0.6318943659491212,16.120010942046093
6,backsliding_Nyr,Y_debt,Debt / GDP,fiscal,instr-antiplural_w6_trt-ert_gapany_illib0p9026269_opp0p9026269_ctrypct_lrmax1_exclyr,backsliding_Nyr,76,5,0.15868231192327195,0.4328729500400686,64,5,-15.315904068834463,17.752491403925564,0.3882767284930078,-83.68249181450449,101.2763904568178,0.408646194970905,25.568496166631014
6,backsliding_Nyr,Y_deficit,Deficit / GDP,fiscal,instr-antiplural_w6_trt-ert_gapany_illib0p9026269_opp0p9026269_ctrypct_lrmax1_exclyr,backsliding_Nyr,76,5,0.15868231192327195,0.4328729500400686,52,5,-7.776143436275455,8.662530342479906,0.3693584405774428,-59.78691796574259,77.67347811093416,0.44146532844357944,17.159438817499034
6,backsliding_Nyr,Y_checks_balances,Checks & balances,institutions,instr-antiplural_w6_trt-ert_gapany_illib0p9026269_opp0p9026269_ctrypct_lrmax1_exclyr,backsliding_Nyr,76,5,0.15868231192327195,0.4328729500400686,64,5,-0.12430117215150768,0.18230925169157464,0.4953559738786006,-0.5334492969015194,0.7034140860641881,0.4482285282888529,28.03894854411564
6,backsliding_Nyr,Y_jucon,Judicial constraints,institutions,instr-antiplural_w6_trt-ert_gapany_illib0p9026269_opp0p9026269_ctrypct_lrmax1_exclyr,backsliding_Nyr,76,5,0.15868231192327195,0.4328729500400686,69,5,-0.01249930392745785,0.10865764560155072,0.9084183163496526,-0.04572000458774008,0.36582214996188017,0.900540352768062,32.918972607577984
6,backsliding_Nyr,Y_legcon,Legislative constraints,institutions,instr-antiplural_w6_trt-ert_gapany_illib0p9026269_opp0p9026269_ctrypct_lrmax1_exclyr,backsliding_Nyr,76,5,0.15868231192327195,0.4328729500400686,64,5,-0.29307550268653654,0.3003772486761677,0.3292174080097894,-1.2944277277623126,1.2880628904166276,0.3149250666035498,27.377091592692462
6,backsliding_Nyr,Y_hos_power,HOS,exec_power,instr-antiplural_w6_trt-ert_gapany_illib0p9026269_opp0p9026269_ctrypct_lrmax1_exclyr,backsliding_Nyr,76,5,0.15868231192327195,0.4328729500400686,69,5,-0.00127197735093204,0.06256797350708226,0.9837805009478237,0.02322104326072252,0.2798175939647046,0.9338623862716182,25.4744531235242
6,backsliding_Nyr,Y_hog_power,HOG,exec_power,instr-antiplural_w6_trt-ert_gapany_illib0p9026269_opp0p9026269_ctrypct_lrmax1_exclyr,backsliding_Nyr,76,5,0.15868231192327195,0.4328729500400686,25,2,-0.02468214609752666,0.10063492049103928,0.8062518477698607,-0.01030291662788939,0.06143622968035921,0.8668185161790102,39.16596712498595
6,backsliding_Nyr,Y_hos_power_vdem,HOS (v2ex_hosw),exec_power_alt,instr-antiplural_w6_trt-ert_gapany_illib0p9026269_opp0p9026269_ctrypct_lrmax1_exclyr,backsliding_Nyr,76,5,0.15868231192327195,0.4328729500400686,69,5,0.00359092127469302,0.02155603368020538,0.8676962537455895,0.0236049489525563,0.08124263787333624,0.771396441778193,28.990791160453306
6,backsliding_Nyr,Y_hog_power_vdem,HOG (v2ex_hogw),exec_power_alt,instr-antiplural_w6_trt-ert_gapany_illib0p9026269_opp0p9026269_ctrypct_lrmax1_exclyr,backsliding_Nyr,76,5,0.15868231192327195,0.4328729500400686,69,5,-0.00718184254938385,0.0431120673604081,0.8676962537456214,-0.04720989790510618,0.16248527574666952,0.7713964417782191,28.9907911604523
6,backsliding_Nyr,Y_polyarchy,Electoral (polyarchy),vdem_high,instr-antiplural_w6_trt-ert_gapany_illib0p9026269_opp0p9026269_ctrypct_lrmax1_exclyr,backsliding_Nyr,76,5,0.15868231192327195,0.4328729500400686,69,5,-0.16123970842901486,0.15421642906652464,0.2957726751887747,-0.7660861301859719,0.7842120822136296,0.3286253876537204,27.1444263051438
6,backsliding_Nyr,Y_libdem,Liberal,vdem_high,instr-antiplural_w6_trt-ert_gapany_illib0p9026269_opp0p9026269_ctrypct_lrmax1_exclyr,backsliding_Nyr,76,5,0.15868231192327195,0.4328729500400686,69,5,-0.1077972292818926,0.13325598234813613,0.41854476016409886,-0.5135276405427504,0.6009005883821283,0.392774472938185,27.27844701476616
6,backsliding_Nyr,Y_partipdem,Participatory,vdem_high,instr-antiplural_w6_trt-ert_gapany_illib0p9026269_opp0p9026269_ctrypct_lrmax1_exclyr,backsliding_Nyr,76,5,0.15868231192327195,0.4328729500400686,69,5,-0.09260401616141292,0.07842649377571284,0.2376922549403787,-0.4491390079855358,0.4791322684844624,0.3485523907442431,26.600548740083735
6,backsliding_Nyr,Y_delibdem,Deliberative,vdem_high,instr-antiplural_w6_trt-ert_gapany_illib0p9026269_opp0p9026269_ctrypct_lrmax1_exclyr,backsliding_Nyr,76,5,0.15868231192327195,0.4328729500400686,69,5,-0.13599436325040365,0.16505292706884597,0.40997139756387274,-0.639842942798144,0.737592275200238,0.38568174157991464,27.52308153907962
6,backsliding_Nyr,Y_egaldem,Egalitarian,vdem_high,instr-antiplural_w6_trt-ert_gapany_illib0p9026269_opp0p9026269_ctrypct_lrmax1_exclyr,backsliding_Nyr,76,5,0.15868231192327195,0.4328729500400686,69,5,-0.0830169122120569,0.10213438096850588,0.41632101615691314,-0.4286075297950087,0.4828526078697514,0.37472524649964034,25.89744999658634
6,backsliding_Nyr,Y_elecoff,Elected officials,vdem_electoral,instr-antiplural_w6_trt-ert_gapany_illib0p9026269_opp0p9026269_ctrypct_lrmax1_exclyr,backsliding_Nyr,76,5,0.15868231192327195,0.4328729500400686,69,5,-0.4076428140396714,0.40842190932288697,0.31823454279860586,-1.7820107493044182,1.9421324760600265,0.358852591204806,28.051873354848208
6,backsliding_Nyr,Y_frefair,Clean elections,vdem_electoral,instr-antiplural_w6_trt-ert_gapany_illib0p9026269_opp0p9026269_ctrypct_lrmax1_exclyr,backsliding_Nyr,76,5,0.15868231192327195,0.4328729500400686,69,5,-0.23755128015198623,0.1989666925098184,0.23250736267686709,-1.0851958189982125,1.0910078796658476,0.31989544701361744,27.344549723579423
6,backsliding_Nyr,Y_frassoc,Association,vdem_electoral,instr-antiplural_w6_trt-ert_gapany_illib0p9026269_opp0p9026269_ctrypct_lrmax1_exclyr,backsliding_Nyr,76,5,0.15868231192327195,0.4328729500400686,69,5,-0.25461770916644366,0.19150407089300656,0.18366060489555616,-1.177927415752684,1.104961119508294,0.2864077433574611,27.49095042770353
6,backsliding_Nyr,Y_suffr,Suffrage,vdem_electoral,instr-antiplural_w6_trt-ert_gapany_illib0p9026269_opp0p9026269_ctrypct_lrmax1_exclyr,backsliding_Nyr,76,5,0.15868231192327195,0.4328729500400686,NA,5,NA,NA,NA,NA,NA,NA,NA
6,backsliding_Nyr,Y_freexp,Expression & alt. info,vdem_electoral,instr-antiplural_w6_trt-ert_gapany_illib0p9026269_opp0p9026269_ctrypct_lrmax1_exclyr,backsliding_Nyr,76,5,0.15868231192327195,0.4328729500400686,69,5,-0.06126828017504134,0.1638136846011811,0.7083954048226024,-0.35385345177509975,0.6298155623780655,0.5742273339825438,25.58568727123691
6,backsliding_Nyr,Y_cl_rol,Rule of law,vdem_liberal,instr-antiplural_w6_trt-ert_gapany_illib0p9026269_opp0p9026269_ctrypct_lrmax1_exclyr,backsliding_Nyr,76,5,0.15868231192327195,0.4328729500400686,69,5,-0.06970387607702928,0.1306188291150032,0.5935882753783037,-0.3628968079510644,0.5484293123861891,0.508162181699152,26.2539249941042
6,backsliding_Nyr,Y_cspart,Civil society,vdem_particip,instr-antiplural_w6_trt-ert_gapany_illib0p9026269_opp0p9026269_ctrypct_lrmax1_exclyr,backsliding_Nyr,76,5,0.15868231192327195,0.4328729500400686,69,5,-0.229701604669221,0.13165588286385813,0.08103500552473669,-0.8933700568048124,0.5561631421793723,0.10820595645443688,30.74684547982567
6,backsliding_Nyr,Y_dd,Direct democracy,vdem_particip,instr-antiplural_w6_trt-ert_gapany_illib0p9026269_opp0p9026269_ctrypct_lrmax1_exclyr,backsliding_Nyr,76,5,0.15868231192327195,0.4328729500400686,69,5,0.00272094554896379,0.02881231572161417,0.9247621111394464,0.02894659779206628,0.16431402074213877,0.8601632728332449,23.45268096434769
6,backsliding_Nyr,Y_locelec,Local elections,vdem_particip,instr-antiplural_w6_trt-ert_gapany_illib0p9026269_opp0p9026269_ctrypct_lrmax1_exclyr,backsliding_Nyr,76,5,0.15868231192327195,0.4328729500400686,69,5,-0.04207645941961296,0.2672168335778182,0.8748808648343721,-0.4026835415862563,1.816667075598751,0.8245780919133139,20.428167506270466
6,backsliding_Nyr,Y_regelec,Regional elections,vdem_particip,instr-antiplural_w6_trt-ert_gapany_illib0p9026269_opp0p9026269_ctrypct_lrmax1_exclyr,backsliding_Nyr,76,5,0.15868231192327195,0.4328729500400686,69,5,0.09340112472607548,0.1385109338020625,0.5001059097162047,0.416613961731051,0.34554257907182123,0.2279406929881688,26.726527114190816
6,backsliding_Nyr,Y_delib,Deliberation,vdem_egal_delib,instr-antiplural_w6_trt-ert_gapany_illib0p9026269_opp0p9026269_ctrypct_lrmax1_exclyr,backsliding_Nyr,76,5,0.15868231192327195,0.4328729500400686,69,5,-0.20151602406839364,0.22429521846411807,0.368950477700014,-0.7346968510477604,0.8752184132793412,0.4012201982151803,30.94079494135393
6,backsliding_Nyr,Y_eqprotec,Equal protection,vdem_egal_delib,instr-antiplural_w6_trt-ert_gapany_illib0p9026269_opp0p9026269_ctrypct_lrmax1_exclyr,backsliding_Nyr,76,5,0.15868231192327195,0.4328729500400686,69,5,-0.02659472489443893,0.09479679975718464,0.7790597562828219,-0.1025121448288154,0.33840833460208636,0.7619474689462207,29.89575265944031
6,backsliding_Nyr,Y_eqaccess,Equal access,vdem_egal_delib,instr-antiplural_w6_trt-ert_gapany_illib0p9026269_opp0p9026269_ctrypct_lrmax1_exclyr,backsliding_Nyr,76,5,0.15868231192327195,0.4328729500400686,69,5,-0.13740203165135556,0.14410381900047675,0.34034016912505033,-0.5094875546497085,0.4130988362035386,0.21745233823361892,31.7372257311439
6,backsliding_Nyr,Y_eqdr,Equal distribution,vdem_egal_delib,instr-antiplural_w6_trt-ert_gapany_illib0p9026269_opp0p9026269_ctrypct_lrmax1_exclyr,backsliding_Nyr,76,5,0.15868231192327195,0.4328729500400686,69,5,-0.07112746371044093,0.09192146370964356,0.43905785482973414,-0.3552135669031808,0.3939715010072158,0.367257438280956,26.441754354548976
6,backsliding_union_Nyr,Y_gdp_growth,PWT,growth,instr-antiplural_w6_trt-ertOrDdcg_gapany_illib0p9026269_opp0p9026269_ctrypct_lrmax1_exclyr,backsliding_union_Nyr,76,6,0.10490742405171467,0.620248625259136,64,6,-0.21384864593497369,0.1441961998554264,0.13806394259964297,-1.7063976794891975,1.7297996752937643,0.3239019076345308,14.810101070313518
6,backsliding_union_Nyr,Y_gdp_growth_wb,World Bank,growth,instr-antiplural_w6_trt-ertOrDdcg_gapany_illib0p9026269_opp0p9026269_ctrypct_lrmax1_exclyr,backsliding_union_Nyr,76,6,0.10490742405171467,0.620248625259136,65,5,0.04816359800451328,0.1312764997250498,0.713703553993822,0.1873705502665804,0.5641784923379263,0.7398045516234326,30.162998932331412
6,backsliding_union_Nyr,Y_gdp_growth_imf,IMF WEO,growth,instr-antiplural_w6_trt-ertOrDdcg_gapany_illib0p9026269_opp0p9026269_ctrypct_lrmax1_exclyr,backsliding_union_Nyr,76,6,0.10490742405171467,0.620248625259136,48,5,-0.1518503740628251,0.1176564836039419,0.19683381673717135,-1.4476013867803057,1.5659155173947583,0.3552551345444618,19.48650010487486
6,backsliding_union_Nyr,Y_inflation,"CPI, cumulative log",inflation,instr-antiplural_w6_trt-ertOrDdcg_gapany_illib0p9026269_opp0p9026269_ctrypct_lrmax1_exclyr,backsliding_union_Nyr,76,6,0.10490742405171467,0.620248625259136,59,5,0.1457501406911942,0.2013878514071169,0.46923239275287615,1.3101673238408431,2.031806929941918,0.5190382320663635,22.63581798026762
6,backsliding_union_Nyr,Y_unemployment,Unemployment rate,unemployment,instr-antiplural_w6_trt-ertOrDdcg_gapany_illib0p9026269_opp0p9026269_ctrypct_lrmax1_exclyr,backsliding_union_Nyr,76,6,0.10490742405171467,0.620248625259136,42,5,-1.4075729495671494,1.1824508368788564,0.2338947038743863,-6.756557476743285,2.655318581129189,0.01094225886626051,21.29284708652732
6,backsliding_union_Nyr,Y_trade_pct_gdp,Trade / GDP,trade,instr-antiplural_w6_trt-ertOrDdcg_gapany_illib0p9026269_opp0p9026269_ctrypct_lrmax1_exclyr,backsliding_union_Nyr,76,6,0.10490742405171467,0.620248625259136,60,5,-23.133795399354018,26.235195022396955,0.37789320935399945,115.47706971417004,330.5985650771609,0.7268663896621794,10.781571654409648
6,backsliding_union_Nyr,Y_top10_share,Top-10% income share,top10,instr-antiplural_w6_trt-ertOrDdcg_gapany_illib0p9026269_opp0p9026269_ctrypct_lrmax1_exclyr,backsliding_union_Nyr,76,6,0.10490742405171467,0.620248625259136,59,5,0.6463110770117182,3.703256181879658,0.8614528231584556,3.0555713422199453,15.75806981974418,0.8462501287527089,27.025321476556773
6,backsliding_union_Nyr,Y_gini_disp,Disposable,gini,instr-antiplural_w6_trt-ertOrDdcg_gapany_illib0p9026269_opp0p9026269_ctrypct_lrmax1_exclyr,backsliding_union_Nyr,76,6,0.10490742405171467,0.620248625259136,51,5,-1.179737463017515,2.401872781431756,0.6233033860498339,-10.242070924080936,21.50006917051126,0.6338080546162219,16.23991641385264
6,backsliding_union_Nyr,Y_gini_mkt,Market,gini,instr-antiplural_w6_trt-ertOrDdcg_gapany_illib0p9026269_opp0p9026269_ctrypct_lrmax1_exclyr,backsliding_union_Nyr,76,6,0.10490742405171467,0.620248625259136,51,5,-1.2145406171190352,2.3138516253880392,0.5996527397748692,-10.44476356768608,21.80251988474758,0.6318943659491212,16.120010942046093
6,backsliding_union_Nyr,Y_debt,Debt / GDP,fiscal,instr-antiplural_w6_trt-ertOrDdcg_gapany_illib0p9026269_opp0p9026269_ctrypct_lrmax1_exclyr,backsliding_union_Nyr,76,6,0.10490742405171467,0.620248625259136,64,6,-15.315904068834463,17.752491403925564,0.3882767284930078,-102.55646513383088,119.34578429165936,0.3901628570567008,25.568496166631014
6,backsliding_union_Nyr,Y_deficit,Deficit / GDP,fiscal,instr-antiplural_w6_trt-ertOrDdcg_gapany_illib0p9026269_opp0p9026269_ctrypct_lrmax1_exclyr,backsliding_union_Nyr,76,6,0.10490742405171467,0.620248625259136,52,5,-7.776143436275455,8.662530342479906,0.3693584405774428,-59.78691796574259,77.67347811093416,0.44146532844357944,17.159438817499034
6,backsliding_union_Nyr,Y_checks_balances,Checks & balances,institutions,instr-antiplural_w6_trt-ertOrDdcg_gapany_illib0p9026269_opp0p9026269_ctrypct_lrmax1_exclyr,backsliding_union_Nyr,76,6,0.10490742405171467,0.620248625259136,64,6,-0.12430117215150768,0.18230925169157464,0.4953559738786006,-0.621124876490297,0.782424266955164,0.4272847160671476,28.03894854411564
6,backsliding_union_Nyr,Y_jucon,Judicial constraints,institutions,instr-antiplural_w6_trt-ertOrDdcg_gapany_illib0p9026269_opp0p9026269_ctrypct_lrmax1_exclyr,backsliding_union_Nyr,76,6,0.10490742405171467,0.620248625259136,69,6,-0.01249930392745785,0.10865764560155072,0.9084183163496526,-0.05319319290182151,0.3840018765901862,0.8898268857145196,32.918972607577984
6,backsliding_union_Nyr,Y_legcon,Legislative constraints,institutions,instr-antiplural_w6_trt-ertOrDdcg_gapany_illib0p9026269_opp0p9026269_ctrypct_lrmax1_exclyr,backsliding_union_Nyr,76,6,0.10490742405171467,0.620248625259136,64,6,-0.29307550268653654,0.3003772486761677,0.3292174080097894,-1.51961452682165,1.471833661883332,0.30185504023371185,27.377091592692462
6,backsliding_union_Nyr,Y_hos_power,HOS,exec_power,instr-antiplural_w6_trt-ertOrDdcg_gapany_illib0p9026269_opp0p9026269_ctrypct_lrmax1_exclyr,backsliding_union_Nyr,76,6,0.10490742405171467,0.620248625259136,69,6,-0.00127197735093204,0.06256797350708226,0.9837805009478237,0.03890578048342302,0.3197292903142422,0.90314967778170685,25.4744531235242
6,backsliding_union_Nyr,Y_hog_power,HOG,exec_power,instr-antiplural_w6_trt-ertOrDdcg_gapany_illib0p9026269_opp0p9026269_ctrypct_lrmax1_exclyr,backsliding_union_Nyr,76,6,0.10490742405171467,0.620248625259136,25,2,-0.02468214609752666,0.10063492049103928,0.8062518477698607,-0.01030291662788939,0.06143622968035921,0.8668185161790102,39.16596712498595
6,backsliding_union_Nyr,Y_hos_power_vdem,HOS (v2ex_hosw),exec_power_alt,instr-antiplural_w6_trt-ertOrDdcg_gapany_illib0p9026269_opp0p9026269_ctrypct_lrmax1_exclyr,backsliding_union_Nyr,76,6,0.10490742405171467,0.620248625259136,69,6,0.00359092127469302,0.02155603368020538,0.8676962537455895,0.0314100332149362,0.09020930706510186,0.7276970428952585,28.990791160453306
6,backsliding_union_Nyr,Y_hog_power_vdem,HOG (v2ex_hogw),exec_power_alt,instr-antiplural_w6_trt-ertOrDdcg_gapany_illib0p9026269_opp0p9026269_ctrypct_lrmax1_exclyr,backsliding_union_Nyr,76,6,0.10490742405171467,0.620248625259136,69,6,-0.00718184254938385,0.0431120673604081,0.8676962537456214,-0.06282006642986533,0.18041861413020044,0.7276970428952831,28.9907911604523
6,backsliding_union_Nyr,Y_polyarchy,Electoral (polyarchy),vdem_high,instr-antiplural_w6_trt-ertOrDdcg_gapany_illib0p9026269_opp0p9026269_ctrypct_lrmax1_exclyr,backsliding_union_Nyr,76,6,0.10490742405171467,0.620248625259136,69,6,-0.16123970842901486,0.15421642906652464,0.2957726751887747,-0.9131598846277056,0.9098453010845682,0.3155507113908618,27.1444263051438
6,backsliding_union_Nyr,Y_libdem,Liberal,vdem_high,instr-antiplural_w6_trt-ertOrDdcg_gapany_illib0p9026269_opp0p9026269_ctrypct_lrmax1_exclyr,backsliding_union_Nyr,76,6,0.10490742405171467,0.620248625259136,69,6,-0.1077972292818926,0.13325598234813613,0.41854476016409886,-0.6123133104249752,0.6863264143436928,0.3723069158670147,27.27844701476616
6,backsliding_union_Nyr,Y_partipdem,Participatory,vdem_high,instr-antiplural_w6_trt-ertOrDdcg_gapany_illib0p9026269_opp0p9026269_ctrypct_lrmax1_exclyr,backsliding_union_Nyr,76,6,0.10490742405171467,0.620248625259136,69,6,-0.09260401616141292,0.07842649377571284,0.2376922549403787,-0.5376170913572139,0.5617629825166929,0.33855834468458273,26.600548740083735
6,backsliding_union_Nyr,Y_delibdem,Deliberative,vdem_high,instr-antiplural_w6_trt-ertOrDdcg_gapany_illib0p9026269_opp0p9026269_ctrypct_lrmax1_exclyr,backsliding_union_Nyr,76,6,0.10490742405171467,0.620248625259136,69,6,-0.13599436325040365,0.16505292706884597,0.40997139756387274,-0.7612358602918802,0.8410880425152324,0.3654331502888464,27.52308153907962
6,backsliding_union_Nyr,Y_egaldem,Egalitarian,vdem_high,instr-antiplural_w6_trt-ertOrDdcg_gapany_illib0p9026269_opp0p9026269_ctrypct_lrmax1_exclyr,backsliding_union_Nyr,76,6,0.10490742405171467,0.620248625259136,69,6,-0.0830169122120569,0.10213438096850588,0.41632101615691314,-0.5203891310783925,0.5675857803120375,0.35922299434160476,25.89744999658634
6,backsliding_union_Nyr,Y_elecoff,Elected officials,vdem_electoral,instr-antiplural_w6_trt-ertOrDdcg_gapany_illib0p9026269_opp0p9026269_ctrypct_lrmax1_exclyr,backsliding_union_Nyr,76,6,0.10490742405171467,0.620248625259136,69,6,-0.4076428140396714,0.40842190932288697,0.31823454279860586,-2.085738134464888,2.2086191392891545,0.34498419646113193,28.051873354848208
6,backsliding_union_Nyr,Y_frefair,Clean elections,vdem_electoral,instr-antiplural_w6_trt-ertOrDdcg_gapany_illib0p9026269_opp0p9026269_ctrypct_lrmax1_exclyr,backsliding_union_Nyr,76,6,0.10490742405171467,0.620248625259136,69,6,-0.23755128015198623,0.1989666925098184,0.23250736267686709,-1.283943638973927,1.2634928602197737,0.3095408658640819,27.344549723579423
6,backsliding_union_Nyr,Y_frassoc,Association,vdem_electoral,instr-antiplural_w6_trt-ertOrDdcg_gapany_illib0p9026269_opp0p9026269_ctrypct_lrmax1_exclyr,backsliding_union_Nyr,76,6,0.10490742405171467,0.620248625259136,69,6,-0.25461770916644366,0.19150407089300656,0.18366060489555616,-1.3969052535950244,1.290401947033819,0.27901487826523913,27.49095042770353
6,backsliding_union_Nyr,Y_suffr,Suffrage,vdem_electoral,instr-antiplural_w6_trt-ertOrDdcg_gapany_illib0p9026269_opp0p9026269_ctrypct_lrmax1_exclyr,backsliding_union_Nyr,76,6,0.10490742405171467,0.620248625259136,NA,6,NA,NA,NA,NA,NA,NA,NA
6,backsliding_union_Nyr,Y_freexp,Expression & alt. info,vdem_electoral,instr-antiplural_w6_trt-ertOrDdcg_gapany_illib0p9026269_opp0p9026269_ctrypct_lrmax1_exclyr,backsliding_union_Nyr,76,6,0.10490742405171467,0.620248625259136,69,6,-0.06126828017504134,0.1638136846011811,0.7083954048226024,-0.4431773299256877,0.7226431393406114,0.539696022435161,25.58568727123691
6,backsliding_union_Nyr,Y_cl_rol,Rule of law,vdem_liberal,instr-antiplural_w6_trt-ertOrDdcg_gapany_illib0p9026269_opp0p9026269_ctrypct_lrmax1_exclyr,backsliding_union_Nyr,76,6,0.10490742405171467,0.620248625259136,69,6,-0.06970387607702928,0.1306188291150032,0.5935882753783037,-0.4436934409793172,0.6306904017921218,0.481741497000636,26.2539249941042
6,backsliding_union_Nyr,Y_cspart,Civil society,vdem_particip,instr-antiplural_w6_trt-ertOrDdcg_gapany_illib0p9026269_opp0p9026269_ctrypct_lrmax1_exclyr,backsliding_union_Nyr,76,6,0.10490742405171467,0.620248625259136,69,6,-0.229701604669221,0.13165588286385813,0.08103500552473669,-1.0195746897926004,0.6433847044163729,0.11303347009297604,30.74684547982567
6,backsliding_union_Nyr,Y_dd,Direct democracy,vdem_particip,instr-antiplural_w6_trt-ertOrDdcg_gapany_illib0p9026269_opp0p9026269_ctrypct_lrmax1_exclyr,backsliding_union_Nyr,76,6,0.10490742405171467,0.620248625259136,69,6,0.00272094554896379,0.02881231572161417,0.9247621111394464,0.04027813859123803,0.18983533034688016,0.8319712192255299,23.45268096434769
6,backsliding_union_Nyr,Y_locelec,Local elections,vdem_particip,instr-antiplural_w6_trt-ertOrDdcg_gapany_illib0p9026269_opp0p9026269_ctrypct_lrmax1_exclyr,backsliding_union_Nyr,76,6,0.10490742405171467,0.620248625259136,69,6,-0.04207645941961296,0.2672168335778182,0.8748808648343721,-0.3745091453771619,1.93335606682958,0.8464034709443319,20.428167506270466
6,backsliding_union_Nyr,Y_regelec,Regional elections,vdem_particip,instr-antiplural_w6_trt-ertOrDdcg_gapany_illib0p9026269_opp0p9026269_ctrypct_lrmax1_exclyr,backsliding_union_Nyr,76,6,0.10490742405171467,0.620248625259136,69,6,0.09340112472607548,0.1385109338020625,0.5001059097162047,0.4862984502636809,0.373573115966086,0.19300218468228575,26.726527114190816
6,backsliding_union_Nyr,Y_delib,Deliberation,vdem_egal_delib,instr-antiplural_w6_trt-ertOrDdcg_gapany_illib0p9026269_opp0p9026269_ctrypct_lrmax1_exclyr,backsliding_union_Nyr,76,6,0.10490742405171467,0.620248625259136,69,6,-0.20151602406839364,0.22429521846411807,0.368950477700014,-0.8242282270941766,0.9588971981128812,0.3900324654651031,30.94079494135393
6,backsliding_union_Nyr,Y_eqprotec,Equal protection,vdem_egal_delib,instr-antiplural_w6_trt-ertOrDdcg_gapany_illib0p9026269_opp0p9026269_ctrypct_lrmax1_exclyr,backsliding_union_Nyr,76,6,0.10490742405171467,0.620248625259136,69,6,-0.02659472489443893,0.09479679975718464,0.7790597562828219,-0.12119853332108692,0.3662716006073003,0.7407215466984838,29.89575265944031
6,backsliding_union_Nyr,Y_eqaccess,Equal access,vdem_egal_delib,instr-antiplural_w6_trt-ertOrDdcg_gapany_illib0p9026269_opp0p9026269_ctrypct_lrmax1_exclyr,backsliding_union_Nyr,76,6,0.10490742405171467,0.620248625259136,69,6,-0.13740203165135556,0.14410381900047675,0.34034016912505033,-0.5747542045422124,0.45340546378440383,0.20492709021937183,31.7372257311439
6,backsliding_union_Nyr,Y_eqdr,Equal distribution,vdem_egal_delib,instr-antiplural_w6_trt-ertOrDdcg_gapany_illib0p9026269_opp0p9026269_ctrypct_lrmax1_exclyr,backsliding_union_Nyr,76,6,0.10490742405171467,0.620248625259136,69,6,-0.07112746371044093,0.09192146370964356,0.43905785482973414,-0.4291080920059105,0.4560828288081811,0.34677885398490343,26.441754354548976
6,polyarchy_decline,Y_gdp_growth,PWT,growth,instr-antiplural_w6_trt-polyarchy_gapany_illib0p9026269_opp0p9026269_ctrypct_lrmax1_exclyr,polyarchy_decline,69,26,0.16123970842901486,0.2957726751887747,64,23,-0.21384864593497369,0.1441961998554264,0.13806394259964297,0.1587083134808729,0.454854193688933,0.7271483989576866,39.01768977679753
6,polyarchy_decline,Y_gdp_growth_wb,World Bank,growth,instr-antiplural_w6_trt-polyarchy_gapany_illib0p9026269_opp0p9026269_ctrypct_lrmax1_exclyr,polyarchy_decline,69,26,0.16123970842901486,0.2957726751887747,65,24,0.04816359800451328,0.1312764997250498,0.713703553993822,0.12063591816357631,0.4362305888472414,0.782132089531378,39.24809603485158
6,polyarchy_decline,Y_gdp_growth_imf,IMF WEO,growth,instr-antiplural_w6_trt-polyarchy_gapany_illib0p9026269_opp0p9026269_ctrypct_lrmax1_exclyr,polyarchy_decline,69,26,0.16123970842901486,0.2957726751887747,48,15,-0.1518503740628251,0.1176564836039419,0.19683381673717135,-0.32625260130340095,0.4685499688574698,0.4862392921378534,25.33631571042249
6,polyarchy_decline,Y_inflation,"CPI, cumulative log",inflation,instr-antiplural_w6_trt-polyarchy_gapany_illib0p9026269_opp0p9026269_ctrypct_lrmax1_exclyr,polyarchy_decline,69,26,0.16123970842901486,0.2957726751887747,59,22,0.1457501406911942,0.2013878514071169,0.46923239275287615,0.9268407228943192,1.9963838577002209,0.6424616388347264,26.2142528163861
6,polyarchy_decline,Y_unemployment,Unemployment rate,unemployment,instr-antiplural_w6_trt-polyarchy_gapany_illib0p9026269_opp0p9026269_ctrypct_lrmax1_exclyr,polyarchy_decline,69,26,0.16123970842901486,0.2957726751887747,42,18,-1.4075729495671494,1.1824508368788564,0.2338947038743863,2.4093834059710133,10.358413034363664,0.8160707877127624,30.838736035367255
6,polyarchy_decline,Y_trade_pct_gdp,Trade / GDP,trade,instr-antiplural_w6_trt-polyarchy_gapany_illib0p9026269_opp0p9026269_ctrypct_lrmax1_exclyr,polyarchy_decline,69,26,0.16123970842901486,0.2957726751887747,60,23,-23.133795399354018,26.235195022396955,0.37789320935399945,-56.050829184630125,114.5713825749876,0.624684608324191,16.429834044406682
6,polyarchy_decline,Y_top10_share,Top-10% income share,top10,instr-antiplural_w6_trt-polyarchy_gapany_illib0p9026269_opp0p9026269_ctrypct_lrmax1_exclyr,polyarchy_decline,69,26,0.16123970842901486,0.2957726751887747,59,20,0.6463110770117182,3.703256181879658,0.8614528231584556,2.0405692977052023,12.300181947395275,0.8682376237042395,27.95563675367996
6,polyarchy_decline,Y_gini_disp,Disposable,gini,instr-antiplural_w6_trt-polyarchy_gapany_illib0p9026269_opp0p9026269_ctrypct_lrmax1_exclyr,polyarchy_decline,69,26,0.16123970842901486,0.2957726751887747,51,20,-1.179737463017515,2.401872781431756,0.6233033860498339,-5.745924871197248,5.498633084944772,0.29603530053929583,29.831547465639545
6,polyarchy_decline,Y_gini_mkt,Market,gini,instr-antiplural_w6_trt-polyarchy_gapany_illib0p9026269_opp0p9026269_ctrypct_lrmax1_exclyr,polyarchy_decline,69,26,0.16123970842901486,0.2957726751887747,51,20,-1.2145406171190352,2.3138516253880392,0.5996527397748692,-5.482972057985199,5.34911275617072,0.3053515897003649,31.004921773940115
6,polyarchy_decline,Y_debt,Debt / GDP,fiscal,instr-antiplural_w6_trt-polyarchy_gapany_illib0p9026269_opp0p9026269_ctrypct_lrmax1_exclyr,polyarchy_decline,69,26,0.16123970842901486,0.2957726751887747,64,24,-15.315904068834463,17.752491403925564,0.3882767284930078,-52.41531592354583,49.01515913705313,0.2849032077372246,29.03517442880264
6,polyarchy_decline,Y_deficit,Deficit / GDP,fiscal,instr-antiplural_w6_trt-polyarchy_gapany_illib0p9026269_opp0p9026269_ctrypct_lrmax1_exclyr,polyarchy_decline,69,26,0.16123970842901486,0.2957726751887747,52,21,-7.776143436275455,8.662530342479906,0.3693584405774428,-12.663251982183304,18.452688962848615,0.49255225487277393,24.962883798276273
6,polyarchy_decline,Y_checks_balances,Checks & balances,institutions,instr-antiplural_w6_trt-polyarchy_gapany_illib0p9026269_opp0p9026269_ctrypct_lrmax1_exclyr,polyarchy_decline,69,26,0.16123970842901486,0.2957726751887747,64,25,-0.12430117215150768,0.18230925169157464,0.4953559738786006,-0.9198184153791078,0.926348215204978,0.3207338190540892,32.813964660238206
6,polyarchy_decline,Y_jucon,Judicial constraints,institutions,instr-antiplural_w6_trt-polyarchy_gapany_illib0p9026269_opp0p9026269_ctrypct_lrmax1_exclyr,polyarchy_decline,69,26,0.16123970842901486,0.2957726751887747,69,26,-0.01249930392745785,0.10865764560155072,0.9084183163496526,-0.07038391662519801,0.4658381714063371,0.8799039972037803,36.13595553753905
6,polyarchy_decline,Y_legcon,Legislative constraints,institutions,instr-antiplural_w6_trt-polyarchy_gapany_illib0p9026269_opp0p9026269_ctrypct_lrmax1_exclyr,polyarchy_decline,69,26,0.16123970842901486,0.2957726751887747,64,25,-0.29307550268653654,0.3003772486761677,0.3292174080097894,-2.209302527866284,0.5957248268420524,2.0841189623042587e-4,26.43263136485496
6,polyarchy_decline,Y_hos_power,HOS,exec_power,instr-antiplural_w6_trt-polyarchy_gapany_illib0p9026269_opp0p9026269_ctrypct_lrmax1_exclyr,polyarchy_decline,69,26,0.16123970842901486,0.2957726751887747,69,26,-0.00127197735093204,0.06256797350708226,0.9837805009478237,0.22355590578437368,0.28425235555588224,0.4315922791602623,38.37852294290203
6,polyarchy_decline,Y_hog_power,HOG,exec_power,instr-antiplural_w6_trt-polyarchy_gapany_illib0p9026269_opp0p9026269_ctrypct_lrmax1_exclyr,polyarchy_decline,69,26,0.16123970842901486,0.2957726751887747,25,9,-0.02468214609752666,0.10063492049103928,0.8062518477698607,0.03893634362048331,0.23466074600626763,0.8682151033009465,36.364113094637865
6,polyarchy_decline,Y_hos_power_vdem,HOS (v2ex_hosw),exec_power_alt,instr-antiplural_w6_trt-polyarchy_gapany_illib0p9026269_opp0p9026269_ctrypct_lrmax1_exclyr,polyarchy_decline,69,26,0.16123970842901486,0.2957726751887747,69,26,0.00359092127469302,0.02155603368020538,0.8676962537455895,0.07165145994333252,0.13735564503215314,0.6019146128362473,37.032065831538496
6,polyarchy_decline,Y_hog_power_vdem,HOG (v2ex_hogw),exec_power_alt,instr-antiplural_w6_trt-polyarchy_gapany_illib0p9026269_opp0p9026269_ctrypct_lrmax1_exclyr,polyarchy_decline,69,26,0.16123970842901486,0.2957726751887747,69,26,-0.00718184254938385,0.0431120673604081,0.8676962537456214,-0.14330291988664487,0.2747112900643017,0.6019146128362924,37.032065831537075
6,polyarchy_decline,Y_polyarchy,Electoral (polyarchy),vdem_high,instr-antiplural_w6_trt-polyarchy_gapany_illib0p9026269_opp0p9026269_ctrypct_lrmax1_exclyr,polyarchy_decline,69,26,0.16123970842901486,0.2957726751887747,69,26,-0.16123970842901486,0.15421642906652464,0.2957726751887747,-1,3.533298208266969e-17,0,31.549594558122266
6,polyarchy_decline,Y_libdem,Liberal,vdem_high,instr-antiplural_w6_trt-polyarchy_gapany_illib0p9026269_opp0p9026269_ctrypct_lrmax1_exclyr,polyarchy_decline,69,26,0.16123970842901486,0.2957726751887747,69,26,-0.1077972292818926,0.13325598234813613,0.41854476016409886,-0.6471633464767881,0.13892565642729998,3.1876491702001383e-6,39.795302154834374
6,polyarchy_decline,Y_partipdem,Participatory,vdem_high,instr-antiplural_w6_trt-polyarchy_gapany_illib0p9026269_opp0p9026269_ctrypct_lrmax1_exclyr,polyarchy_decline,69,26,0.16123970842901486,0.2957726751887747,69,26,-0.09260401616141292,0.07842649377571284,0.2376922549403787,-0.5475128159695984,0.15518282773844047,4.184288774992235e-4,44.98334823931149
6,polyarchy_decline,Y_delibdem,Deliberative,vdem_high,instr-antiplural_w6_trt-polyarchy_gapany_illib0p9026269_opp0p9026269_ctrypct_lrmax1_exclyr,polyarchy_decline,69,26,0.16123970842901486,0.2957726751887747,69,26,-0.13599436325040365,0.16505292706884597,0.40997139756387274,-0.8297951710882333,0.2096491927377875,7.55744258742686e-5,38.4976763721912
6,polyarchy_decline,Y_egaldem,Egalitarian,vdem_high,instr-antiplural_w6_trt-polyarchy_gapany_illib0p9026269_opp0p9026269_ctrypct_lrmax1_exclyr,polyarchy_decline,69,26,0.16123970842901486,0.2957726751887747,69,26,-0.0830169122120569,0.10213438096850588,0.41632101615691314,-0.5604537228022473,0.12058571793569296,3.3555568129775448e-6,29.009010083999605
6,polyarchy_decline,Y_elecoff,Elected officials,vdem_electoral,instr-antiplural_w6_trt-polyarchy_gapany_illib0p9026269_opp0p9026269_ctrypct_lrmax1_exclyr,polyarchy_decline,69,26,0.16123970842901486,0.2957726751887747,69,26,-0.4076428140396714,0.40842190932288697,0.31823454279860586,-2.3582305248868476,1.1547980050965092,0.04114010841647401,28.67849625061801
6,polyarchy_decline,Y_frefair,Clean elections,vdem_electoral,instr-antiplural_w6_trt-polyarchy_gapany_illib0p9026269_opp0p9026269_ctrypct_lrmax1_exclyr,polyarchy_decline,69,26,0.16123970842901486,0.2957726751887747,69,26,-0.23755128015198623,0.1989666925098184,0.23250736267686709,-1.3346419531298568,0.16844566160073826,2.3132794882963264e-15,36.54584731311412
6,polyarchy_decline,Y_frassoc,Association,vdem_electoral,instr-antiplural_w6_trt-polyarchy_gapany_illib0p9026269_opp0p9026269_ctrypct_lrmax1_exclyr,polyarchy_decline,69,26,0.16123970842901486,0.2957726751887747,69,26,-0.25461770916644366,0.19150407089300656,0.18366060489555616,-1.5551557769870783,0.30401505646064336,3.130922905291055e-7,31.287956859128048
6,polyarchy_decline,Y_suffr,Suffrage,vdem_electoral,instr-antiplural_w6_trt-polyarchy_gapany_illib0p9026269_opp0p9026269_ctrypct_lrmax1_exclyr,polyarchy_decline,69,26,0.16123970842901486,0.2957726751887747,NA,26,NA,NA,NA,NA,NA,NA,NA
6,polyarchy_decline,Y_freexp,Expression & alt. info,vdem_electoral,instr-antiplural_w6_trt-polyarchy_gapany_illib0p9026269_opp0p9026269_ctrypct_lrmax1_exclyr,polyarchy_decline,69,26,0.16123970842901486,0.2957726751887747,69,26,-0.06126828017504134,0.1638136846011811,0.7083954048226024,-0.6452938220294561,0.4142558422259507,0.11930008874062528,28.99441343201329
6,polyarchy_decline,Y_cl_rol,Rule of law,vdem_liberal,instr-antiplural_w6_trt-polyarchy_gapany_illib0p9026269_opp0p9026269_ctrypct_lrmax1_exclyr,polyarchy_decline,69,26,0.16123970842901486,0.2957726751887747,69,26,-0.06970387607702928,0.1306188291150032,0.5935882753783037,-0.556521472188038,0.2843720545129067,0.05034525173817832,31.36980889848609
6,polyarchy_decline,Y_cspart,Civil society,vdem_particip,instr-antiplural_w6_trt-polyarchy_gapany_illib0p9026269_opp0p9026269_ctrypct_lrmax1_exclyr,polyarchy_decline,69,26,0.16123970842901486,0.2957726751887747,69,26,-0.229701604669221,0.13165588286385813,0.08103500552473669,-1.267824109613825,0.4478517235038773,0.00464170151958419,37.93182148750629
6,polyarchy_decline,Y_dd,Direct democracy,vdem_particip,instr-antiplural_w6_trt-polyarchy_gapany_illib0p9026269_opp0p9026269_ctrypct_lrmax1_exclyr,polyarchy_decline,69,26,0.16123970842901486,0.2957726751887747,69,26,0.00272094554896379,0.02881231572161417,0.9247621111394464,0.20014322365112128,0.25904567487913266,0.43974878011599433,33.23026681841302
6,polyarchy_decline,Y_locelec,Local elections,vdem_particip,instr-antiplural_w6_trt-polyarchy_gapany_illib0p9026269_opp0p9026269_ctrypct_lrmax1_exclyr,polyarchy_decline,69,26,0.16123970842901486,0.2957726751887747,69,26,-0.04207645941961296,0.2672168335778182,0.8748808648343721,-0.502312675116789,1.143718851221988,0.6605221010972702,31.34542837153591
6,polyarchy_decline,Y_regelec,Regional elections,vdem_particip,instr-antiplural_w6_trt-polyarchy_gapany_illib0p9026269_opp0p9026269_ctrypct_lrmax1_exclyr,polyarchy_decline,69,26,0.16123970842901486,0.2957726751887747,69,26,0.09340112472607548,0.1385109338020625,0.5001059097162047,0.4819759086629727,0.5931893495148073,0.41649554066373135,42.74249035047185
6,polyarchy_decline,Y_delib,Deliberation,vdem_egal_delib,instr-antiplural_w6_trt-polyarchy_gapany_illib0p9026269_opp0p9026269_ctrypct_lrmax1_exclyr,polyarchy_decline,69,26,0.16123970842901486,0.2957726751887747,69,26,-0.20151602406839364,0.22429521846411807,0.368950477700014,-1.1251813227263834,0.5193108482153036,0.03025913125856052,29.47986447128018
6,polyarchy_decline,Y_eqprotec,Equal protection,vdem_egal_delib,instr-antiplural_w6_trt-polyarchy_gapany_illib0p9026269_opp0p9026269_ctrypct_lrmax1_exclyr,polyarchy_decline,69,26,0.16123970842901486,0.2957726751887747,69,26,-0.02659472489443893,0.09479679975718464,0.7790597562828219,-0.11758783712340055,0.4111440939117684,0.7748769549003821,29.85001506321725
6,polyarchy_decline,Y_eqaccess,Equal access,vdem_egal_delib,instr-antiplural_w6_trt-polyarchy_gapany_illib0p9026269_opp0p9026269_ctrypct_lrmax1_exclyr,polyarchy_decline,69,26,0.16123970842901486,0.2957726751887747,69,26,-0.13740203165135556,0.14410381900047675,0.34034016912505033,-0.7334724762958404,0.4024333063668196,0.06836492512085779,39.481121458654926
6,polyarchy_decline,Y_eqdr,Equal distribution,vdem_egal_delib,instr-antiplural_w6_trt-polyarchy_gapany_illib0p9026269_opp0p9026269_ctrypct_lrmax1_exclyr,polyarchy_decline,69,26,0.16123970842901486,0.2957726751887747,69,26,-0.07112746371044093,0.09192146370964356,0.43905785482973414,-0.45044586221082183,0.2174301469068936,0.03829521840307212,29.267415233458273
7,backsliding_Nyr,Y_gdp_growth,PWT,growth,instr-antiplural_w7_trt-ert_gapany_illib0p9026269_opp0p9026269_ctrypct_lrmax1_exclyr,backsliding_Nyr,76,5,0.15868231192327195,0.4328729500400686,60,4,-0.1858252593875565,0.1875289742096935,0.3217271239393842,-0.9016540913888258,0.8082313519994371,0.26459805740741205,15.623197510330089
7,backsliding_Nyr,Y_gdp_growth_wb,World Bank,growth,instr-antiplural_w7_trt-ert_gapany_illib0p9026269_opp0p9026269_ctrypct_lrmax1_exclyr,backsliding_Nyr,76,5,0.15868231192327195,0.4328729500400686,63,5,-0.22430309431145523,0.15376992399418454,0.14464965481503167,-1.7848230647863363,1.6416409379070056,0.27694007731174697,15.110860832791614
7,backsliding_Nyr,Y_gdp_growth_imf,IMF WEO,growth,instr-antiplural_w7_trt-ert_gapany_illib0p9026269_opp0p9026269_ctrypct_lrmax1_exclyr,backsliding_Nyr,76,5,0.15868231192327195,0.4328729500400686,46,5,-0.17853272774296475,0.14145298232496786,0.206900294621316,-1.8196643803045789,2.086007954370025,0.3830343732518399,18.725701925394823
7,backsliding_Nyr,Y_inflation,"CPI, cumulative log",inflation,instr-antiplural_w7_trt-ert_gapany_illib0p9026269_opp0p9026269_ctrypct_lrmax1_exclyr,backsliding_Nyr,76,5,0.15868231192327195,0.4328729500400686,58,5,0.15097950590373432,0.225889451430294,0.5038924307242578,1.3641896457871008,2.435729232468471,0.5754286750825627,21.40519091287029
7,backsliding_Nyr,Y_unemployment,Unemployment rate,unemployment,instr-antiplural_w7_trt-ert_gapany_illib0p9026269_opp0p9026269_ctrypct_lrmax1_exclyr,backsliding_Nyr,76,5,0.15868231192327195,0.4328729500400686,40,5,-2.2821621924315827,1.450385415547936,0.11560616057898164,-16.633095193604106,6.299086522917633,0.00827699386617799,19.948186302532974
7,backsliding_Nyr,Y_trade_pct_gdp,Trade / GDP,trade,instr-antiplural_w7_trt-ert_gapany_illib0p9026269_opp0p9026269_ctrypct_lrmax1_exclyr,backsliding_Nyr,76,5,0.15868231192327195,0.4328729500400686,59,4,-33.596606211262625,21.13786519765289,0.11196922583951578,179.37457596048893,366.837547924813,0.6248590373405973,10.386782325586216
7,backsliding_Nyr,Y_top10_share,Top-10% income share,top10,instr-antiplural_w7_trt-ert_gapany_illib0p9026269_opp0p9026269_ctrypct_lrmax1_exclyr,backsliding_Nyr,76,5,0.15868231192327195,0.4328729500400686,57,5,0.34939305336344173,3.635411015752657,0.9234345854110868,2.607274632049456,23.789598323457337,0.9127287891292886,18.28566662987871
7,backsliding_Nyr,Y_gini_disp,Disposable,gini,instr-antiplural_w7_trt-ert_gapany_illib0p9026269_opp0p9026269_ctrypct_lrmax1_exclyr,backsliding_Nyr,76,5,0.15868231192327195,0.4328729500400686,48,5,-1.8042837200288455,2.6068380558308015,0.4888525868289381,-13.761718734147186,27.816489012164514,0.6207890183938725,19.770881204825585
7,backsliding_Nyr,Y_gini_mkt,Market,gini,instr-antiplural_w7_trt-ert_gapany_illib0p9026269_opp0p9026269_ctrypct_lrmax1_exclyr,backsliding_Nyr,76,5,0.15868231192327195,0.4328729500400686,48,5,-1.7517294705091195,2.535951369365193,0.4897174416749336,-13.537698618517158,27.744588892463938,0.6255922407863617,19.71744403408493
7,backsliding_Nyr,Y_debt,Debt / GDP,fiscal,instr-antiplural_w7_trt-ert_gapany_illib0p9026269_opp0p9026269_ctrypct_lrmax1_exclyr,backsliding_Nyr,76,5,0.15868231192327195,0.4328729500400686,61,5,-10.637104192896736,23.332052159647564,0.6484612233757783,-87.55244642933064,177.59021754764217,0.6220107206118639,19.09167328502559
7,backsliding_Nyr,Y_deficit,Deficit / GDP,fiscal,instr-antiplural_w7_trt-ert_gapany_illib0p9026269_opp0p9026269_ctrypct_lrmax1_exclyr,backsliding_Nyr,76,5,0.15868231192327195,0.4328729500400686,50,5,-9.851194451995068,10.4423866632095,0.34548384092470463,-81.04281173755706,106.51440079719184,0.446739207606311,16.30945350174598
7,backsliding_Nyr,Y_checks_balances,Checks & balances,institutions,instr-antiplural_w7_trt-ert_gapany_illib0p9026269_opp0p9026269_ctrypct_lrmax1_exclyr,backsliding_Nyr,76,5,0.15868231192327195,0.4328729500400686,61,5,-0.2682744413458365,0.2311769370407019,0.24585654850077007,-1.488612211347462,1.3809352238221195,0.2810453772645964,24.06758140171599
7,backsliding_Nyr,Y_jucon,Judicial constraints,institutions,instr-antiplural_w7_trt-ert_gapany_illib0p9026269_opp0p9026269_ctrypct_lrmax1_exclyr,backsliding_Nyr,76,5,0.15868231192327195,0.4328729500400686,67,5,0.01113264490083913,0.117408796501134,0.9244581876054472,0.03682460549292662,0.4473023774871234,0.9343874974240544,26.648562080106345
7,backsliding_Nyr,Y_legcon,Legislative constraints,institutions,instr-antiplural_w7_trt-ert_gapany_illib0p9026269_opp0p9026269_ctrypct_lrmax1_exclyr,backsliding_Nyr,76,5,0.15868231192327195,0.4328729500400686,61,5,-0.5728962386670478,0.4208156154241988,0.17338892245452464,-3.193360691508118,2.8422663041799745,0.2612140749888767,23.806843996404393
7,backsliding_Nyr,Y_hos_power,HOS,exec_power,instr-antiplural_w7_trt-ert_gapany_illib0p9026269_opp0p9026269_ctrypct_lrmax1_exclyr,backsliding_Nyr,76,5,0.15868231192327195,0.4328729500400686,67,5,0.02998108745551906,0.07624179156772665,0.6941445018201303,0.1871786429000316,0.42194955198323114,0.657328683896406,26.08175466397651
7,backsliding_Nyr,Y_hog_power,HOG,exec_power,instr-antiplural_w7_trt-ert_gapany_illib0p9026269_opp0p9026269_ctrypct_lrmax1_exclyr,backsliding_Nyr,76,5,0.15868231192327195,0.4328729500400686,24,2,0.03985181400299187,0.12760443105186273,0.7548068815213704,0.02410848484583146,0.08921691805158648,0.7869885129827185,30.211784718340834
7,backsliding_Nyr,Y_hos_power_vdem,HOS (v2ex_hosw),exec_power_alt,instr-antiplural_w7_trt-ert_gapany_illib0p9026269_opp0p9026269_ctrypct_lrmax1_exclyr,backsliding_Nyr,76,5,0.15868231192327195,0.4328729500400686,67,5,-0.00253016959377703,0.01424325148211175,0.8590057968568,0.00391793541749904,0.0670224013830921,0.9533845309179414,24.631746881393443
7,backsliding_Nyr,Y_hog_power_vdem,HOG (v2ex_hogw),exec_power_alt,instr-antiplural_w7_trt-ert_gapany_illib0p9026269_opp0p9026269_ctrypct_lrmax1_exclyr,backsliding_Nyr,76,5,0.15868231192327195,0.4328729500400686,67,5,0.00506033918755595,0.02848650296421836,0.8590057968567226,-0.0078358708349913,0.1340448027661738,0.953384530917978,24.63174688139257
7,backsliding_Nyr,Y_polyarchy,Electoral (polyarchy),vdem_high,instr-antiplural_w7_trt-ert_gapany_illib0p9026269_opp0p9026269_ctrypct_lrmax1_exclyr,backsliding_Nyr,76,5,0.15868231192327195,0.4328729500400686,67,5,-0.3040780431146989,0.1525647795842267,0.0462496505906576,-1.103377537414106,0.8736158750103238,0.20658889699132787,31.53784409093282
7,backsliding_Nyr,Y_libdem,Liberal,vdem_high,instr-antiplural_w7_trt-ert_gapany_illib0p9026269_opp0p9026269_ctrypct_lrmax1_exclyr,backsliding_Nyr,76,5,0.15868231192327195,0.4328729500400686,67,5,-0.22735876161825225,0.12186767561013212,0.06209456247750067,-0.8130403246970814,0.6549381210741253,0.21445793954152095,32.068022868353175
7,backsliding_Nyr,Y_partipdem,Participatory,vdem_high,instr-antiplural_w7_trt-ert_gapany_illib0p9026269_opp0p9026269_ctrypct_lrmax1_exclyr,backsliding_Nyr,76,5,0.15868231192327195,0.4328729500400686,67,5,-0.174906554077197,0.09261715640323592,0.05896022755657028,-0.6399442845321289,0.5656322349360299,0.2578957163409389,30.719678557908033
7,backsliding_Nyr,Y_delibdem,Deliberative,vdem_high,instr-antiplural_w7_trt-ert_gapany_illib0p9026269_opp0p9026269_ctrypct_lrmax1_exclyr,backsliding_Nyr,76,5,0.15868231192327195,0.4328729500400686,67,5,-0.30386427793688603,0.1502020345785371,0.04306932986562952,-1.0891498857807933,0.8126102542461391,0.18014448738144367,31.733355539377698
7,backsliding_Nyr,Y_egaldem,Egalitarian,vdem_high,instr-antiplural_w7_trt-ert_gapany_illib0p9026269_opp0p9026269_ctrypct_lrmax1_exclyr,backsliding_Nyr,76,5,0.15868231192327195,0.4328729500400686,67,5,-0.16299008294415984,0.10860120297357144,0.13340396936178017,-0.7757102541765755,0.6070083109016408,0.20127636108082317,28.817703306257215
7,backsliding_Nyr,Y_elecoff,Elected officials,vdem_electoral,instr-antiplural_w7_trt-ert_gapany_illib0p9026269_opp0p9026269_ctrypct_lrmax1_exclyr,backsliding_Nyr,76,5,0.15868231192327195,0.4328729500400686,67,5,-0.6306088395438094,0.4253674345598043,0.13820629235561455,-2.40151611839138,2.351750996968786,0.3071782230616384,27.64581399390752
7,backsliding_Nyr,Y_frefair,Clean elections,vdem_electoral,instr-antiplural_w7_trt-ert_gapany_illib0p9026269_opp0p9026269_ctrypct_lrmax1_exclyr,backsliding_Nyr,76,5,0.15868231192327195,0.4328729500400686,67,5,-0.3796322676088752,0.18678853317748867,0.04211141662211914,-1.3686706596511278,1.1450550969887223,0.2319745119661661,30.915066806087303
7,backsliding_Nyr,Y_frassoc,Association,vdem_electoral,instr-antiplural_w7_trt-ert_gapany_illib0p9026269_opp0p9026269_ctrypct_lrmax1_exclyr,backsliding_Nyr,76,5,0.15868231192327195,0.4328729500400686,67,5,-0.3974912397668269,0.18723586641613196,0.03375855347414516,-1.4196747971372,1.0930831453017955,0.19401935549863936,31.52412858500788
7,backsliding_Nyr,Y_suffr,Suffrage,vdem_electoral,instr-antiplural_w7_trt-ert_gapany_illib0p9026269_opp0p9026269_ctrypct_lrmax1_exclyr,backsliding_Nyr,76,5,0.15868231192327195,0.4328729500400686,NA,5,NA,NA,NA,NA,NA,NA,NA
7,backsliding_Nyr,Y_freexp,Expression & alt. info,vdem_electoral,instr-antiplural_w7_trt-ert_gapany_illib0p9026269_opp0p9026269_ctrypct_lrmax1_exclyr,backsliding_Nyr,76,5,0.15868231192327195,0.4328729500400686,67,5,-0.25812147846741057,0.2184376746450016,0.23733624578528537,-0.9997044205111684,0.9036359267512,0.26859094841495246,31.252221620250467
7,backsliding_Nyr,Y_cl_rol,Rule of law,vdem_liberal,instr-antiplural_w7_trt-ert_gapany_illib0p9026269_opp0p9026269_ctrypct_lrmax1_exclyr,backsliding_Nyr,76,5,0.15868231192327195,0.4328729500400686,67,5,-0.203551890549362,0.17044576844935536,0.23238700032506332,-0.7362659128847927,0.7498848965538771,0.32617938429830273,30.95577176723003
7,backsliding_Nyr,Y_cspart,Civil society,vdem_particip,instr-antiplural_w7_trt-ert_gapany_illib0p9026269_opp0p9026269_ctrypct_lrmax1_exclyr,backsliding_Nyr,76,5,0.15868231192327195,0.4328729500400686,67,5,-0.31640503903093903,0.14299056047133143,0.02691359506648377,-1.4273015166095122,0.7295302715113529,0.05041022833084309,28.369879365909785
7,backsliding_Nyr,Y_dd,Direct democracy,vdem_particip,instr-antiplural_w7_trt-ert_gapany_illib0p9026269_opp0p9026269_ctrypct_lrmax1_exclyr,backsliding_Nyr,76,5,0.15868231192327195,0.4328729500400686,67,5,-0.00443754680180557,0.03309542115827282,0.8933366210046487,-0.00766622995901539,0.15125185822284332,0.959576374001072,24.746930661409
7,backsliding_Nyr,Y_locelec,Local elections,vdem_particip,instr-antiplural_w7_trt-ert_gapany_illib0p9026269_opp0p9026269_ctrypct_lrmax1_exclyr,backsliding_Nyr,76,5,0.15868231192327195,0.4328729500400686,67,5,-0.16222213779862144,0.27145202920622796,0.5501009508211545,-1.305545415888828,2.4998549422161256,0.6014973431043984,20.95588340156997
7,backsliding_Nyr,Y_regelec,Regional elections,vdem_particip,instr-antiplural_w7_trt-ert_gapany_illib0p9026269_opp0p9026269_ctrypct_lrmax1_exclyr,backsliding_Nyr,76,5,0.15868231192327195,0.4328729500400686,67,5,-0.00938096973789216,0.1795795021239852,0.9583386299833356,-0.06365852585157038,0.7427789841504031,0.931702368942732,27.741318362148423
7,backsliding_Nyr,Y_delib,Deliberation,vdem_egal_delib,instr-antiplural_w7_trt-ert_gapany_illib0p9026269_opp0p9026269_ctrypct_lrmax1_exclyr,backsliding_Nyr,76,5,0.15868231192327195,0.4328729500400686,67,5,-0.4119216187006986,0.20807591094951697,0.04774063244201718,-1.52683658930929,1.049640317893705,0.1457721713546902,30.28167248025003
7,backsliding_Nyr,Y_eqprotec,Equal protection,vdem_egal_delib,instr-antiplural_w7_trt-ert_gapany_illib0p9026269_opp0p9026269_ctrypct_lrmax1_exclyr,backsliding_Nyr,76,5,0.15868231192327195,0.4328729500400686,67,5,-0.02930463132918238,0.11573417231972824,0.8001087331730732,-0.11565364625304052,0.412972750503549,0.7794379788345788,30.029554641695423
7,backsliding_Nyr,Y_eqaccess,Equal access,vdem_egal_delib,instr-antiplural_w7_trt-ert_gapany_illib0p9026269_opp0p9026269_ctrypct_lrmax1_exclyr,backsliding_Nyr,76,5,0.15868231192327195,0.4328729500400686,67,5,-0.21338418876915977,0.13693215449700827,0.11915728255819584,-0.75510438848109,0.4626162446392283,0.10262727623047552,32.54054332064678
7,backsliding_Nyr,Y_eqdr,Equal distribution,vdem_egal_delib,instr-antiplural_w7_trt-ert_gapany_illib0p9026269_opp0p9026269_ctrypct_lrmax1_exclyr,backsliding_Nyr,76,5,0.15868231192327195,0.4328729500400686,67,5,-0.0870578874365383,0.09694200041960709,0.3691637112004736,-0.3271970079473657,0.3926219228695555,0.4046394258634957,28.990624468955385
7,backsliding_union_Nyr,Y_gdp_growth,PWT,growth,instr-antiplural_w7_trt-ertOrDdcg_gapany_illib0p9026269_opp0p9026269_ctrypct_lrmax1_exclyr,backsliding_union_Nyr,76,6,0.10490742405171467,0.620248625259136,60,5,-0.1858252593875565,0.1875289742096935,0.3217271239393842,-0.8708538085387405,0.8089594227152291,0.28169873350966973,15.623197510330089
7,backsliding_union_Nyr,Y_gdp_growth_wb,World Bank,growth,instr-antiplural_w7_trt-ertOrDdcg_gapany_illib0p9026269_opp0p9026269_ctrypct_lrmax1_exclyr,backsliding_union_Nyr,76,6,0.10490742405171467,0.620248625259136,63,5,-0.22430309431145523,0.15376992399418454,0.14464965481503167,-1.7848230647863363,1.6416409379070056,0.27694007731174697,15.110860832791614
7,backsliding_union_Nyr,Y_gdp_growth_imf,IMF WEO,growth,instr-antiplural_w7_trt-ertOrDdcg_gapany_illib0p9026269_opp0p9026269_ctrypct_lrmax1_exclyr,backsliding_union_Nyr,76,6,0.10490742405171467,0.620248625259136,46,5,-0.17853272774296475,0.14145298232496786,0.206900294621316,-1.8196643803045789,2.086007954370025,0.3830343732518399,18.725701925394823
7,backsliding_union_Nyr,Y_inflation,"CPI, cumulative log",inflation,instr-antiplural_w7_trt-ertOrDdcg_gapany_illib0p9026269_opp0p9026269_ctrypct_lrmax1_exclyr,backsliding_union_Nyr,76,6,0.10490742405171467,0.620248625259136,58,5,0.15097950590373432,0.225889451430294,0.5038924307242578,1.3641896457871008,2.435729232468471,0.5754286750825627,21.40519091287029
7,backsliding_union_Nyr,Y_unemployment,Unemployment rate,unemployment,instr-antiplural_w7_trt-ertOrDdcg_gapany_illib0p9026269_opp0p9026269_ctrypct_lrmax1_exclyr,backsliding_union_Nyr,76,6,0.10490742405171467,0.620248625259136,40,5,-2.2821621924315827,1.450385415547936,0.11560616057898164,-16.633095193604106,6.299086522917633,0.00827699386617799,19.948186302532974
7,backsliding_union_Nyr,Y_trade_pct_gdp,Trade / GDP,trade,instr-antiplural_w7_trt-ertOrDdcg_gapany_illib0p9026269_opp0p9026269_ctrypct_lrmax1_exclyr,backsliding_union_Nyr,76,6,0.10490742405171467,0.620248625259136,59,5,-33.596606211262625,21.13786519765289,0.11196922583951578,179.37457596048893,366.837547924813,0.6248590373405973,10.386782325586216
7,backsliding_union_Nyr,Y_top10_share,Top-10% income share,top10,instr-antiplural_w7_trt-ertOrDdcg_gapany_illib0p9026269_opp0p9026269_ctrypct_lrmax1_exclyr,backsliding_union_Nyr,76,6,0.10490742405171467,0.620248625259136,57,5,0.34939305336344173,3.635411015752657,0.9234345854110868,2.607274632049456,23.789598323457337,0.9127287891292886,18.28566662987871
7,backsliding_union_Nyr,Y_gini_disp,Disposable,gini,instr-antiplural_w7_trt-ertOrDdcg_gapany_illib0p9026269_opp0p9026269_ctrypct_lrmax1_exclyr,backsliding_union_Nyr,76,6,0.10490742405171467,0.620248625259136,48,5,-1.8042837200288455,2.6068380558308015,0.4888525868289381,-13.761718734147186,27.816489012164514,0.6207890183938725,19.770881204825585
7,backsliding_union_Nyr,Y_gini_mkt,Market,gini,instr-antiplural_w7_trt-ertOrDdcg_gapany_illib0p9026269_opp0p9026269_ctrypct_lrmax1_exclyr,backsliding_union_Nyr,76,6,0.10490742405171467,0.620248625259136,48,5,-1.7517294705091195,2.535951369365193,0.4897174416749336,-13.537698618517158,27.744588892463938,0.6255922407863617,19.71744403408493
7,backsliding_union_Nyr,Y_debt,Debt / GDP,fiscal,instr-antiplural_w7_trt-ertOrDdcg_gapany_illib0p9026269_opp0p9026269_ctrypct_lrmax1_exclyr,backsliding_union_Nyr,76,6,0.10490742405171467,0.620248625259136,61,5,-10.637104192896736,23.332052159647564,0.6484612233757783,-87.55244642933064,177.59021754764217,0.6220107206118639,19.09167328502559
7,backsliding_union_Nyr,Y_deficit,Deficit / GDP,fiscal,instr-antiplural_w7_trt-ertOrDdcg_gapany_illib0p9026269_opp0p9026269_ctrypct_lrmax1_exclyr,backsliding_union_Nyr,76,6,0.10490742405171467,0.620248625259136,50,5,-9.851194451995068,10.4423866632095,0.34548384092470463,-81.04281173755706,106.51440079719184,0.446739207606311,16.30945350174598
7,backsliding_union_Nyr,Y_checks_balances,Checks & balances,institutions,instr-antiplural_w7_trt-ertOrDdcg_gapany_illib0p9026269_opp0p9026269_ctrypct_lrmax1_exclyr,backsliding_union_Nyr,76,6,0.10490742405171467,0.620248625259136,61,6,-0.2682744413458365,0.2311769370407019,0.24585654850077007,-1.8788157057417283,1.728011936499147,0.27691745993449124,24.06758140171599
7,backsliding_union_Nyr,Y_jucon,Judicial constraints,institutions,instr-antiplural_w7_trt-ertOrDdcg_gapany_illib0p9026269_opp0p9026269_ctrypct_lrmax1_exclyr,backsliding_union_Nyr,76,6,0.10490742405171467,0.620248625259136,67,6,0.01113264490083913,0.117408796501134,0.9244581876054472,0.03766714877487406,0.4920633442738957,0.9389820217896144,26.648562080106345
7,backsliding_union_Nyr,Y_legcon,Legislative constraints,institutions,instr-antiplural_w7_trt-ertOrDdcg_gapany_illib0p9026269_opp0p9026269_ctrypct_lrmax1_exclyr,backsliding_union_Nyr,76,6,0.10490742405171467,0.620248625259136,61,6,-0.5728962386670478,0.4208156154241988,0.17338892245452464,-4.043454675592372,3.608804470318185,0.2625256234975175,23.806843996404393
7,backsliding_union_Nyr,Y_hos_power,HOS,exec_power,instr-antiplural_w7_trt-ertOrDdcg_gapany_illib0p9026269_opp0p9026269_ctrypct_lrmax1_exclyr,backsliding_union_Nyr,76,6,0.10490742405171467,0.620248625259136,67,6,0.02998108745551906,0.07624179156772665,0.6941445018201303,0.23713264033252576,0.49217506905683167,0.6299441434274657,26.08175466397651
7,backsliding_union_Nyr,Y_hog_power,HOG,exec_power,instr-antiplural_w7_trt-ertOrDdcg_gapany_illib0p9026269_opp0p9026269_ctrypct_lrmax1_exclyr,backsliding_union_Nyr,76,6,0.10490742405171467,0.620248625259136,24,2,0.03985181400299187,0.12760443105186273,0.7548068815213704,0.02410848484583146,0.08921691805158648,0.7869885129827185,30.211784718340834
7,backsliding_union_Nyr,Y_hos_power_vdem,HOS (v2ex_hosw),exec_power_alt,instr-antiplural_w7_trt-ertOrDdcg_gapany_illib0p9026269_opp0p9026269_ctrypct_lrmax1_exclyr,backsliding_union_Nyr,76,6,0.10490742405171467,0.620248625259136,67,6,-0.00253016959377703,0.01424325148211175,0.8590057968568,0.01029348618896807,0.07816057366205832,0.8952242305385489,24.631746881393443
7,backsliding_union_Nyr,Y_hog_power_vdem,HOG (v2ex_hogw),exec_power_alt,instr-antiplural_w7_trt-ertOrDdcg_gapany_illib0p9026269_opp0p9026269_ctrypct_lrmax1_exclyr,backsliding_union_Nyr,76,6,0.10490742405171467,0.620248625259136,67,6,0.00506033918755595,0.02848650296421836,0.8590057968567226,-0.02058697237792792,0.15632114732410712,0.8952242305385842,24.63174688139257
7,backsliding_union_Nyr,Y_polyarchy,Electoral (polyarchy),vdem_high,instr-antiplural_w7_trt-ertOrDdcg_gapany_illib0p9026269_opp0p9026269_ctrypct_lrmax1_exclyr,backsliding_union_Nyr,76,6,0.10490742405171467,0.620248625259136,67,6,-0.3040780431146989,0.1525647795842267,0.0462496505906576,-1.2309276125553397,0.9735360356529458,0.20609067569323897,31.53784409093282
7,backsliding_union_Nyr,Y_libdem,Liberal,vdem_high,instr-antiplural_w7_trt-ertOrDdcg_gapany_illib0p9026269_opp0p9026269_ctrypct_lrmax1_exclyr,backsliding_union_Nyr,76,6,0.10490742405171467,0.620248625259136,67,6,-0.22735876161825225,0.12186767561013212,0.06209456247750067,-0.9012923927708958,0.7231040548746623,0.2126097164188027,32.068022868353175
7,backsliding_union_Nyr,Y_partipdem,Participatory,vdem_high,instr-antiplural_w7_trt-ertOrDdcg_gapany_illib0p9026269_opp0p9026269_ctrypct_lrmax1_exclyr,backsliding_union_Nyr,76,6,0.10490742405171467,0.620248625259136,67,6,-0.174906554077197,0.09261715640323592,0.05896022755657028,-0.7182876159732119,0.637159563627774,0.25960396123640067,30.719678557908033
7,backsliding_union_Nyr,Y_delibdem,Deliberative,vdem_high,instr-antiplural_w7_trt-ertOrDdcg_gapany_illib0p9026269_opp0p9026269_ctrypct_lrmax1_exclyr,backsliding_union_Nyr,76,6,0.10490742405171467,0.620248625259136,67,6,-0.30386427793688603,0.1502020345785371,0.04306932986562952,-1.2079293788899388,0.9039129408219414,0.1814402065901249,31.733355539377698
7,backsliding_union_Nyr,Y_egaldem,Egalitarian,vdem_high,instr-antiplural_w7_trt-ertOrDdcg_gapany_illib0p9026269_opp0p9026269_ctrypct_lrmax1_exclyr,backsliding_union_Nyr,76,6,0.10490742405171467,0.620248625259136,67,6,-0.16299008294415984,0.10860120297357144,0.13340396936178017,-0.9227484390241868,0.7059931381138014,0.1912052996744882,28.817703306257215
7,backsliding_union_Nyr,Y_elecoff,Elected officials,vdem_electoral,instr-antiplural_w7_trt-ertOrDdcg_gapany_illib0p9026269_opp0p9026269_ctrypct_lrmax1_exclyr,backsliding_union_Nyr,76,6,0.10490742405171467,0.620248625259136,67,6,-0.6306088395438094,0.4253674345598043,0.13820629235561455,-2.725352837209048,2.717143218552067,0.3158505285996965,27.64581399390752
7,backsliding_union_Nyr,Y_frefair,Clean elections,vdem_electoral,instr-antiplural_w7_trt-ertOrDdcg_gapany_illib0p9026269_opp0p9026269_ctrypct_lrmax1_exclyr,backsliding_union_Nyr,76,6,0.10490742405171467,0.620248625259136,67,6,-0.3796322676088752,0.18678853317748867,0.04211141662211914,-1.5239491295495162,1.284126391591569,0.2353225179761465,30.915066806087303
7,backsliding_union_Nyr,Y_frassoc,Association,vdem_electoral,instr-antiplural_w7_trt-ertOrDdcg_gapany_illib0p9026269_opp0p9026269_ctrypct_lrmax1_exclyr,backsliding_union_Nyr,76,6,0.10490742405171467,0.620248625259136,67,6,-0.3974912397668269,0.18723586641613196,0.03375855347414516,-1.5744350078799263,1.2198017992853345,0.19679725231637532,31.52412858500788
7,backsliding_union_Nyr,Y_suffr,Suffrage,vdem_electoral,instr-antiplural_w7_trt-ertOrDdcg_gapany_illib0p9026269_opp0p9026269_ctrypct_lrmax1_exclyr,backsliding_union_Nyr,76,6,0.10490742405171467,0.620248625259136,NA,6,NA,NA,NA,NA,NA,NA,NA
7,backsliding_union_Nyr,Y_freexp,Expression & alt. info,vdem_electoral,instr-antiplural_w7_trt-ertOrDdcg_gapany_illib0p9026269_opp0p9026269_ctrypct_lrmax1_exclyr,backsliding_union_Nyr,76,6,0.10490742405171467,0.620248625259136,67,6,-0.25812147846741057,0.2184376746450016,0.23733624578528537,-1.1420933078631157,1.00299253216783,0.2548342466542736,31.252221620250467
7,backsliding_union_Nyr,Y_cl_rol,Rule of law,vdem_liberal,instr-antiplural_w7_trt-ertOrDdcg_gapany_illib0p9026269_opp0p9026269_ctrypct_lrmax1_exclyr,backsliding_union_Nyr,76,6,0.10490742405171467,0.620248625259136,67,6,-0.203551890549362,0.17044576844935536,0.23238700032506332,-0.8240982061618146,0.8329386217750236,0.3224740897003194,30.95577176723003
7,backsliding_union_Nyr,Y_cspart,Civil society,vdem_particip,instr-antiplural_w7_trt-ertOrDdcg_gapany_illib0p9026269_opp0p9026269_ctrypct_lrmax1_exclyr,backsliding_union_Nyr,76,6,0.10490742405171467,0.620248625259136,67,6,-0.31640503903093903,0.14299056047133143,0.02691359506648377,-1.6783944460950295,0.8991828461910244,0.06196061565244652,28.369879365909785
7,backsliding_union_Nyr,Y_dd,Direct democracy,vdem_particip,instr-antiplural_w7_trt-ertOrDdcg_gapany_illib0p9026269_opp0p9026269_ctrypct_lrmax1_exclyr,backsliding_union_Nyr,76,6,0.10490742405171467,0.620248625259136,67,6,-0.00443754680180557,0.03309542115827282,0.8933366210046487,-0.0033198377703176,0.1705263609773397,0.98446762147291,24.746930661409
7,backsliding_union_Nyr,Y_locelec,Local elections,vdem_particip,instr-antiplural_w7_trt-ertOrDdcg_gapany_illib0p9026269_opp0p9026269_ctrypct_lrmax1_exclyr,backsliding_union_Nyr,76,6,0.10490742405171467,0.620248625259136,67,6,-0.16222213779862144,0.27145202920622796,0.5501009508211545,-1.3007478237168817,2.84660076609767,0.6477085994627557,20.95588340156997
7,backsliding_union_Nyr,Y_regelec,Regional elections,vdem_particip,instr-antiplural_w7_trt-ertOrDdcg_gapany_illib0p9026269_opp0p9026269_ctrypct_lrmax1_exclyr,backsliding_union_Nyr,76,6,0.10490742405171467,0.620248625259136,67,6,-0.00938096973789216,0.1795795021239852,0.9583386299833356,-0.08430105398894071,0.8173221652096601,0.9178494838468836,27.741318362148423
7,backsliding_union_Nyr,Y_delib,Deliberation,vdem_egal_delib,instr-antiplural_w7_trt-ertOrDdcg_gapany_illib0p9026269_opp0p9026269_ctrypct_lrmax1_exclyr,backsliding_union_Nyr,76,6,0.10490742405171467,0.620248625259136,67,6,-0.4119216187006986,0.20807591094951697,0.04774063244201718,-1.7145698829739862,1.199220114433115,0.15279239354669702,30.28167248025003
7,backsliding_union_Nyr,Y_eqprotec,Equal protection,vdem_egal_delib,instr-antiplural_w7_trt-ertOrDdcg_gapany_illib0p9026269_opp0p9026269_ctrypct_lrmax1_exclyr,backsliding_union_Nyr,76,6,0.10490742405171467,0.620248625259136,67,6,-0.02930463132918238,0.11573417231972824,0.8001087331730732,-0.1381645042924487,0.44666398225217985,0.7570740295518725,30.029554641695423
7,backsliding_union_Nyr,Y_eqaccess,Equal access,vdem_egal_delib,instr-antiplural_w7_trt-ertOrDdcg_gapany_illib0p9026269_opp0p9026269_ctrypct_lrmax1_exclyr,backsliding_union_Nyr,76,6,0.10490742405171467,0.620248625259136,67,6,-0.21338418876915977,0.13693215449700827,0.11915728255819584,-0.8323302767938136,0.5097818152056169,0.10252818329232724,32.54054332064678
7,backsliding_union_Nyr,Y_eqdr,Equal distribution,vdem_egal_delib,instr-antiplural_w7_trt-ertOrDdcg_gapany_illib0p9026269_opp0p9026269_ctrypct_lrmax1_exclyr,backsliding_union_Nyr,76,6,0.10490742405171467,0.620248625259136,67,6,-0.0870578874365383,0.09694200041960709,0.3691637112004736,-0.3704136998029683,0.4375546916965742,0.3972437306348421,28.990624468955385
7,polyarchy_decline,Y_gdp_growth,PWT,growth,instr-antiplural_w7_trt-polyarchy_gapany_illib0p9026269_opp0p9026269_ctrypct_lrmax1_exclyr,polyarchy_decline,67,23,0.3040780431146989,0.0462496505906576,60,19,-0.1858252593875565,0.1875289742096935,0.3217271239393842,0.2929954788112617,0.5503337143753789,0.5944517416398816,26.2534005332589
7,polyarchy_decline,Y_gdp_growth_wb,World Bank,growth,instr-antiplural_w7_trt-polyarchy_gapany_illib0p9026269_opp0p9026269_ctrypct_lrmax1_exclyr,polyarchy_decline,67,23,0.3040780431146989,0.0462496505906576,63,22,-0.22430309431145523,0.15376992399418454,0.14464965481503167,0.16540702709698657,0.5088277907732923,0.7451245577863737,27.58525687232115
7,polyarchy_decline,Y_gdp_growth_imf,IMF WEO,growth,instr-antiplural_w7_trt-polyarchy_gapany_illib0p9026269_opp0p9026269_ctrypct_lrmax1_exclyr,polyarchy_decline,67,23,0.3040780431146989,0.0462496505906576,46,13,-0.17853272774296475,0.14145298232496786,0.206900294621316,-0.29900259111595834,0.505160900533294,0.5539203985792185,26.52544341809116
7,polyarchy_decline,Y_inflation,"CPI, cumulative log",inflation,instr-antiplural_w7_trt-polyarchy_gapany_illib0p9026269_opp0p9026269_ctrypct_lrmax1_exclyr,polyarchy_decline,67,23,0.3040780431146989,0.0462496505906576,58,20,0.15097950590373432,0.225889451430294,0.5038924307242578,-0.30933022415755307,3.727370738161288,0.933860402652146,37.23521340695055
7,polyarchy_decline,Y_unemployment,Unemployment rate,unemployment,instr-antiplural_w7_trt-polyarchy_gapany_illib0p9026269_opp0p9026269_ctrypct_lrmax1_exclyr,polyarchy_decline,67,23,0.3040780431146989,0.0462496505906576,40,16,-2.2821621924315827,1.450385415547936,0.11560616057898164,1.470872699830533,7.229404493790168,0.838777878815922,25.987254757787433
7,polyarchy_decline,Y_trade_pct_gdp,Trade / GDP,trade,instr-antiplural_w7_trt-polyarchy_gapany_illib0p9026269_opp0p9026269_ctrypct_lrmax1_exclyr,polyarchy_decline,67,23,0.3040780431146989,0.0462496505906576,59,21,-33.596606211262625,21.13786519765289,0.11196922583951578,-72.40110723962239,85.63232766014632,0.3978384181731588,20.836854959664596
7,polyarchy_decline,Y_top10_share,Top-10% income share,top10,instr-antiplural_w7_trt-polyarchy_gapany_illib0p9026269_opp0p9026269_ctrypct_lrmax1_exclyr,polyarchy_decline,67,23,0.3040780431146989,0.0462496505906576,57,19,0.34939305336344173,3.635411015752657,0.9234345854110868,-1.4912969049798124,9.369016637045108,0.873532372033322,28.572117907976423
7,polyarchy_decline,Y_gini_disp,Disposable,gini,instr-antiplural_w7_trt-polyarchy_gapany_illib0p9026269_opp0p9026269_ctrypct_lrmax1_exclyr,polyarchy_decline,67,23,0.3040780431146989,0.0462496505906576,48,18,-1.8042837200288455,2.6068380558308015,0.4888525868289381,-5.2720480400864584,6.079337116780635,0.38582821073466345,32.37324701088176
7,polyarchy_decline,Y_gini_mkt,Market,gini,instr-antiplural_w7_trt-polyarchy_gapany_illib0p9026269_opp0p9026269_ctrypct_lrmax1_exclyr,polyarchy_decline,67,23,0.3040780431146989,0.0462496505906576,48,18,-1.7517294705091195,2.535951369365193,0.4897174416749336,-4.834300013145137,6.178371214786652,0.43394697776395674,32.91218102216642
7,polyarchy_decline,Y_debt,Debt / GDP,fiscal,instr-antiplural_w7_trt-polyarchy_gapany_illib0p9026269_opp0p9026269_ctrypct_lrmax1_exclyr,polyarchy_decline,67,23,0.3040780431146989,0.0462496505906576,61,22,-10.637104192896736,23.332052159647564,0.6484612233757783,-2.5195108874027543,61.02284462571791,0.9670663037268428,36.49043509830869
7,polyarchy_decline,Y_deficit,Deficit / GDP,fiscal,instr-antiplural_w7_trt-polyarchy_gapany_illib0p9026269_opp0p9026269_ctrypct_lrmax1_exclyr,polyarchy_decline,67,23,0.3040780431146989,0.0462496505906576,50,20,-9.851194451995068,10.4423866632095,0.34548384092470463,-17.491808465785226,21.624253296080227,0.4185739997034347,24.93020635335915
7,polyarchy_decline,Y_checks_balances,Checks & balances,institutions,instr-antiplural_w7_trt-polyarchy_gapany_illib0p9026269_opp0p9026269_ctrypct_lrmax1_exclyr,polyarchy_decline,67,23,0.3040780431146989,0.0462496505906576,61,21,-0.2682744413458365,0.2311769370407019,0.24585654850077007,-1.0338515316116328,0.4019987485724483,0.01011777517930719,32.73244691270064
7,polyarchy_decline,Y_jucon,Judicial constraints,institutions,instr-antiplural_w7_trt-polyarchy_gapany_illib0p9026269_opp0p9026269_ctrypct_lrmax1_exclyr,polyarchy_decline,67,23,0.3040780431146989,0.0462496505906576,67,23,0.01113264490083913,0.117408796501134,0.9244581876054472,-0.00546622921358972,0.38747652036957186,0.9887444141618362,27.143575861188236
7,polyarchy_decline,Y_legcon,Legislative constraints,institutions,instr-antiplural_w7_trt-polyarchy_gapany_illib0p9026269_opp0p9026269_ctrypct_lrmax1_exclyr,polyarchy_decline,67,23,0.3040780431146989,0.0462496505906576,61,21,-0.5728962386670478,0.4208156154241988,0.17338892245452464,-2.12180067052164,0.5116945480077414,3.374256370262001e-5,29.76552835595501
7,polyarchy_decline,Y_hos_power,HOS,exec_power,instr-antiplural_w7_trt-polyarchy_gapany_illib0p9026269_opp0p9026269_ctrypct_lrmax1_exclyr,polyarchy_decline,67,23,0.3040780431146989,0.0462496505906576,67,23,0.02998108745551906,0.07624179156772665,0.6941445018201303,0.21660444958948916,0.24364334745106392,0.3739909177012173,31.792843497946723
7,polyarchy_decline,Y_hog_power,HOG,exec_power,instr-antiplural_w7_trt-polyarchy_gapany_illib0p9026269_opp0p9026269_ctrypct_lrmax1_exclyr,polyarchy_decline,67,23,0.3040780431146989,0.0462496505906576,24,7,0.03985181400299187,0.12760443105186273,0.7548068815213704,-0.2858235355060111,1.4740723908996949,0.8462537061982811,25.88093337617498
7,polyarchy_decline,Y_hos_power_vdem,HOS (v2ex_hosw),exec_power_alt,instr-antiplural_w7_trt-polyarchy_gapany_illib0p9026269_opp0p9026269_ctrypct_lrmax1_exclyr,polyarchy_decline,67,23,0.3040780431146989,0.0462496505906576,67,23,-0.00253016959377703,0.01424325148211175,0.8590057968568,0.00940922759310759,0.07526409003418875,0.9005107561303701,30.927779758407816
7,polyarchy_decline,Y_hog_power_vdem,HOG (v2ex_hogw),exec_power_alt,instr-antiplural_w7_trt-polyarchy_gapany_illib0p9026269_opp0p9026269_ctrypct_lrmax1_exclyr,polyarchy_decline,67,23,0.3040780431146989,0.0462496505906576,67,23,0.00506033918755595,0.02848650296421836,0.8590057968567226,-0.01881845518621401,0.15052818006837623,0.9005107561303755,30.92777975840774
7,polyarchy_decline,Y_polyarchy,Electoral (polyarchy),vdem_high,instr-antiplural_w7_trt-polyarchy_gapany_illib0p9026269_opp0p9026269_ctrypct_lrmax1_exclyr,polyarchy_decline,67,23,0.3040780431146989,0.0462496505906576,67,23,-0.3040780431146989,0.1525647795842267,0.0462496505906576,-1,3.233111920054922e-17,0,23.040159888195458
7,polyarchy_decline,Y_libdem,Liberal,vdem_high,instr-antiplural_w7_trt-polyarchy_gapany_illib0p9026269_opp0p9026269_ctrypct_lrmax1_exclyr,polyarchy_decline,67,23,0.3040780431146989,0.0462496505906576,67,23,-0.22735876161825225,0.12186767561013212,0.06209456247750067,-0.7594961340537884,0.06880520307220733,2.495650535674869e-28,30.02649779808142
7,polyarchy_decline,Y_partipdem,Participatory,vdem_high,instr-antiplural_w7_trt-polyarchy_gapany_illib0p9026269_opp0p9026269_ctrypct_lrmax1_exclyr,polyarchy_decline,67,23,0.3040780431146989,0.0462496505906576,67,23,-0.174906554077197,0.09261715640323592,0.05896022755657028,-0.59162023821701,0.16008303302510363,2.1927437757744984e-4,29.755153011773057
7,polyarchy_decline,Y_delibdem,Deliberative,vdem_high,instr-antiplural_w7_trt-polyarchy_gapany_illib0p9026269_opp0p9026269_ctrypct_lrmax1_exclyr,polyarchy_decline,67,23,0.3040780431146989,0.0462496505906576,67,23,-0.30386427793688603,0.1502020345785371,0.04306932986562952,-0.9855791471334168,0.12516516053186835,3.428502497683927e-15,38.76512822696417
7,polyarchy_decline,Y_egaldem,Egalitarian,vdem_high,instr-antiplural_w7_trt-polyarchy_gapany_illib0p9026269_opp0p9026269_ctrypct_lrmax1_exclyr,polyarchy_decline,67,23,0.3040780431146989,0.0462496505906576,67,23,-0.16299008294415984,0.10860120297357144,0.13340396936178017,-0.5521385690791726,0.12452469651566864,9.251419316525776e-6,26.220562022642607
7,polyarchy_decline,Y_elecoff,Elected officials,vdem_electoral,instr-antiplural_w7_trt-polyarchy_gapany_illib0p9026269_opp0p9026269_ctrypct_lrmax1_exclyr,polyarchy_decline,67,23,0.3040780431146989,0.0462496505906576,67,23,-0.6306088395438094,0.4253674345598043,0.13820629235561455,-2.2117520441974747,1.3145787066929893,0.09247584980877144,28.361207800413244
7,polyarchy_decline,Y_frefair,Clean elections,vdem_electoral,instr-antiplural_w7_trt-polyarchy_gapany_illib0p9026269_opp0p9026269_ctrypct_lrmax1_exclyr,polyarchy_decline,67,23,0.3040780431146989,0.0462496505906576,67,23,-0.3796322676088752,0.18678853317748867,0.04211141662211914,-1.3163050546252808,0.20025752067981875,4.929099507731531e-11,27.55035868170747
7,polyarchy_decline,Y_frassoc,Association,vdem_electoral,instr-antiplural_w7_trt-polyarchy_gapany_illib0p9026269_opp0p9026269_ctrypct_lrmax1_exclyr,polyarchy_decline,67,23,0.3040780431146989,0.0462496505906576,67,23,-0.3974912397668269,0.18723586641613196,0.03375855347414516,-1.2686179324575853,0.18973863506040356,2.2914327926798463e-11,29.327397414569308
7,polyarchy_decline,Y_suffr,Suffrage,vdem_electoral,instr-antiplural_w7_trt-polyarchy_gapany_illib0p9026269_opp0p9026269_ctrypct_lrmax1_exclyr,polyarchy_decline,67,23,0.3040780431146989,0.0462496505906576,NA,23,NA,NA,NA,NA,NA,NA,NA
7,polyarchy_decline,Y_freexp,Expression & alt. info,vdem_electoral,instr-antiplural_w7_trt-polyarchy_gapany_illib0p9026269_opp0p9026269_ctrypct_lrmax1_exclyr,polyarchy_decline,67,23,0.3040780431146989,0.0462496505906576,67,23,-0.25812147846741057,0.2184376746450016,0.23733624578528537,-0.8095300873201927,0.40179116919840546,0.04392528566133803,30.22718429539392
7,polyarchy_decline,Y_cl_rol,Rule of law,vdem_liberal,instr-antiplural_w7_trt-polyarchy_gapany_illib0p9026269_opp0p9026269_ctrypct_lrmax1_exclyr,polyarchy_decline,67,23,0.3040780431146989,0.0462496505906576,67,23,-0.203551890549362,0.17044576844935536,0.23238700032506332,-0.6629306715613864,0.3272363805062296,0.04278051854196171,27.857478330060715
7,polyarchy_decline,Y_cspart,Civil society,vdem_particip,instr-antiplural_w7_trt-polyarchy_gapany_illib0p9026269_opp0p9026269_ctrypct_lrmax1_exclyr,polyarchy_decline,67,23,0.3040780431146989,0.0462496505906576,67,23,-0.31640503903093903,0.14299056047133143,0.02691359506648377,-1.0618719968658523,0.3012777995410547,4.241850596549619e-4,29.67844074653215
7,polyarchy_decline,Y_dd,Direct democracy,vdem_particip,instr-antiplural_w7_trt-polyarchy_gapany_illib0p9026269_opp0p9026269_ctrypct_lrmax1_exclyr,polyarchy_decline,67,23,0.3040780431146989,0.0462496505906576,67,23,-0.00443754680180557,0.03309542115827282,0.8933366210046487,0.065022728092827,0.144065000871376,0.6517423659860946,29.356138924274763
7,polyarchy_decline,Y_locelec,Local elections,vdem_particip,instr-antiplural_w7_trt-polyarchy_gapany_illib0p9026269_opp0p9026269_ctrypct_lrmax1_exclyr,polyarchy_decline,67,23,0.3040780431146989,0.0462496505906576,67,23,-0.16222213779862144,0.27145202920622796,0.5501009508211545,-0.5758554152935349,0.8762232689869789,0.511051237533358,30.00802597196756
7,polyarchy_decline,Y_regelec,Regional elections,vdem_particip,instr-antiplural_w7_trt-polyarchy_gapany_illib0p9026269_opp0p9026269_ctrypct_lrmax1_exclyr,polyarchy_decline,67,23,0.3040780431146989,0.0462496505906576,67,23,-0.00938096973789216,0.1795795021239852,0.9583386299833356,0.00620876594945488,0.6009392425235633,0.9917565870065272,43.787935470456006
7,polyarchy_decline,Y_delib,Deliberation,vdem_egal_delib,instr-antiplural_w7_trt-polyarchy_gapany_illib0p9026269_opp0p9026269_ctrypct_lrmax1_exclyr,polyarchy_decline,67,23,0.3040780431146989,0.0462496505906576,67,23,-0.4119216187006986,0.20807591094951697,0.04774063244201718,-1.4334244661196878,0.4301749495610276,8.616555052117272e-4,26.317524661103583
7,polyarchy_decline,Y_eqprotec,Equal protection,vdem_egal_delib,instr-antiplural_w7_trt-polyarchy_gapany_illib0p9026269_opp0p9026269_ctrypct_lrmax1_exclyr,polyarchy_decline,67,23,0.3040780431146989,0.0462496505906576,67,23,-0.02930463132918238,0.11573417231972824,0.8001087331730732,-0.07075976611703937,0.35668752426156053,0.8427475556826101,27.577393027611787
7,polyarchy_decline,Y_eqaccess,Equal access,vdem_egal_delib,instr-antiplural_w7_trt-polyarchy_gapany_illib0p9026269_opp0p9026269_ctrypct_lrmax1_exclyr,polyarchy_decline,67,23,0.3040780431146989,0.0462496505906576,67,23,-0.21338418876915977,0.13693215449700827,0.11915728255819584,-0.7522924272345186,0.3007531326564527,0.01237166827809151,28.220938011858692
7,polyarchy_decline,Y_eqdr,Equal distribution,vdem_egal_delib,instr-antiplural_w7_trt-polyarchy_gapany_illib0p9026269_opp0p9026269_ctrypct_lrmax1_exclyr,polyarchy_decline,67,23,0.3040780431146989,0.0462496505906576,67,23,-0.0870578874365383,0.09694200041960709,0.3691637112004736,-0.3047093239060233,0.2794239007134476,0.27549679752606204,28.23646319749081
8,backsliding_Nyr,Y_gdp_growth,PWT,growth,instr-antiplural_w8_trt-ert_gapany_illib0p9026269_opp0p9026269_ctrypct_lrmax1_exclyr,backsliding_Nyr,76,5,0.15868231192327195,0.4328729500400686,56,4,-0.1166155590681884,0.3921936481460093,0.7662055842059599,-0.18479720376279635,0.5906092015508986,0.7543623176075429,15.034164851897566
8,backsliding_Nyr,Y_gdp_growth_wb,World Bank,growth,instr-antiplural_w8_trt-ert_gapany_illib0p9026269_opp0p9026269_ctrypct_lrmax1_exclyr,backsliding_Nyr,76,5,0.15868231192327195,0.4328729500400686,59,4,-0.1762512983368842,0.20870859090729568,0.3983983778280906,-0.8420519965724702,0.9172448337738632,0.3586067433515646,16.245671610580263
8,backsliding_Nyr,Y_gdp_growth_imf,IMF WEO,growth,instr-antiplural_w8_trt-ert_gapany_illib0p9026269_opp0p9026269_ctrypct_lrmax1_exclyr,backsliding_Nyr,76,5,0.15868231192327195,0.4328729500400686,43,4,-0.17661272094607627,0.16545851323697733,0.2857849634087174,-0.7875678966680789,0.8634228553106517,0.3616917483437899,20.744971816987448
8,backsliding_Nyr,Y_inflation,"CPI, cumulative log",inflation,instr-antiplural_w8_trt-ert_gapany_illib0p9026269_opp0p9026269_ctrypct_lrmax1_exclyr,backsliding_Nyr,76,5,0.15868231192327195,0.4328729500400686,54,4,0.18634841558672088,0.3401496210013022,0.5838000598676656,1.2129759242445035,2.453065989238782,0.6209718749472859,20.696389201800866
8,backsliding_Nyr,Y_unemployment,Unemployment rate,unemployment,instr-antiplural_w8_trt-ert_gapany_illib0p9026269_opp0p9026269_ctrypct_lrmax1_exclyr,backsliding_Nyr,76,5,0.15868231192327195,0.4328729500400686,38,5,-1.4459395100004626,1.4537172699874563,0.3199066450886577,-9.909286251172851,3.655342498424132,0.00670998481836665,21.96563953878008
8,backsliding_Nyr,Y_trade_pct_gdp,Trade / GDP,trade,instr-antiplural_w8_trt-ert_gapany_illib0p9026269_opp0p9026269_ctrypct_lrmax1_exclyr,backsliding_Nyr,76,5,0.15868231192327195,0.4328729500400686,55,3,-59.950174029849,49.04708195512739,0.22159477149019596,274.0326006034956,624.020962221077,0.6605600561716796,11.092914520970073
8,backsliding_Nyr,Y_top10_share,Top-10% income share,top10,instr-antiplural_w8_trt-ert_gapany_illib0p9026269_opp0p9026269_ctrypct_lrmax1_exclyr,backsliding_Nyr,76,5,0.15868231192327195,0.4328729500400686,53,4,-0.06695671269654069,2.9896899432884823,0.9821321733523144,-0.2821961176305482,8.838018045449402,0.974528036580417,26.982170993002605
8,backsliding_Nyr,Y_gini_disp,Disposable,gini,instr-antiplural_w8_trt-ert_gapany_illib0p9026269_opp0p9026269_ctrypct_lrmax1_exclyr,backsliding_Nyr,76,5,0.15868231192327195,0.4328729500400686,46,4,-2.1222482505149713,3.384594668154,0.5306384362504799,-9.5240371962657715,17.985688862135873,0.596434932726612,18.533371613683705
8,backsliding_Nyr,Y_gini_mkt,Market,gini,instr-antiplural_w8_trt-ert_gapany_illib0p9026269_opp0p9026269_ctrypct_lrmax1_exclyr,backsliding_Nyr,76,5,0.15868231192327195,0.4328729500400686,46,4,-2.185532869542987,3.1046557885244574,0.4814618203476904,-10.361922718635498,19.72829555543924,0.599422253755226,19.08492659872909
8,backsliding_Nyr,Y_debt,Debt / GDP,fiscal,instr-antiplural_w8_trt-ert_gapany_illib0p9026269_opp0p9026269_ctrypct_lrmax1_exclyr,backsliding_Nyr,76,5,0.15868231192327195,0.4328729500400686,57,4,-9.21215698817442,23.27856657714413,0.6923001065445484,-53.05425233480631,118.43608312788598,0.6541843528981266,18.70382230555845
8,backsliding_Nyr,Y_deficit,Deficit / GDP,fiscal,instr-antiplural_w8_trt-ert_gapany_illib0p9026269_opp0p9026269_ctrypct_lrmax1_exclyr,backsliding_Nyr,76,5,0.15868231192327195,0.4328729500400686,46,4,-5.065273331070717,6.3345157927118025,0.42392479188038906,-27.723144168462824,27.931936060568265,0.32094150202977845,17.670161256798146
8,backsliding_Nyr,Y_checks_balances,Checks & balances,institutions,instr-antiplural_w8_trt-ert_gapany_illib0p9026269_opp0p9026269_ctrypct_lrmax1_exclyr,backsliding_Nyr,76,5,0.15868231192327195,0.4328729500400686,60,5,-0.34925647364082146,0.32138926549181207,0.277165619127322,-2.7639170338845496,3.672042750780927,0.45163504594576986,16.57971232280056
8,backsliding_Nyr,Y_jucon,Judicial constraints,institutions,instr-antiplural_w8_trt-ert_gapany_illib0p9026269_opp0p9026269_ctrypct_lrmax1_exclyr,backsliding_Nyr,76,5,0.15868231192327195,0.4328729500400686,65,5,0.10624264800110436,0.14890266327747315,0.475533929920566,0.7791359803491976,1.1576814166907945,0.5009382857111405,15.616985899398877
8,backsliding_Nyr,Y_legcon,Legislative constraints,institutions,instr-antiplural_w8_trt-ert_gapany_illib0p9026269_opp0p9026269_ctrypct_lrmax1_exclyr,backsliding_Nyr,76,5,0.15868231192327195,0.4328729500400686,60,5,-0.80181950246067,0.6124622817234253,0.19047552382447208,-6.311916844317269,8.424644018447308,0.4537242551007969,15.590800266136592
8,backsliding_Nyr,Y_hos_power,HOS,exec_power,instr-antiplural_w8_trt-ert_gapany_illib0p9026269_opp0p9026269_ctrypct_lrmax1_exclyr,backsliding_Nyr,76,5,0.15868231192327195,0.4328729500400686,65,5,-0.01779515275141659,0.08323812574694649,0.8307138792341482,-0.0947428533071151,0.5475749010353358,0.8626336342527713,17.305646969457328
8,backsliding_Nyr,Y_hog_power,HOG,exec_power,instr-antiplural_w8_trt-ert_gapany_illib0p9026269_opp0p9026269_ctrypct_lrmax1_exclyr,backsliding_Nyr,76,5,0.15868231192327195,0.4328729500400686,22,2,0.11225110557941136,0.16320299192882878,0.4915783975677754,0.14514503559012482,0.29539342566505244,0.6231706005472288,22.736953254229604
8,backsliding_Nyr,Y_hos_power_vdem,HOS (v2ex_hosw),exec_power_alt,instr-antiplural_w8_trt-ert_gapany_illib0p9026269_opp0p9026269_ctrypct_lrmax1_exclyr,backsliding_Nyr,76,5,0.15868231192327195,0.4328729500400686,65,5,-0.00245564860287486,0.01402136217222366,0.8609725855862287,0.00373164931670978,0.06682100960821337,0.9554649279597154,24.328318718216284
8,backsliding_Nyr,Y_hog_power_vdem,HOG (v2ex_hogw),exec_power_alt,instr-antiplural_w8_trt-ert_gapany_illib0p9026269_opp0p9026269_ctrypct_lrmax1_exclyr,backsliding_Nyr,76,5,0.15868231192327195,0.4328729500400686,65,5,0.0049112972057506,0.02804272434444482,0.8609725855861917,-0.00746329863341624,0.1336420192164207,0.9554649279597331,24.32831871821576
8,backsliding_Nyr,Y_polyarchy,Electoral (polyarchy),vdem_high,instr-antiplural_w8_trt-ert_gapany_illib0p9026269_opp0p9026269_ctrypct_lrmax1_exclyr,backsliding_Nyr,76,5,0.15868231192327195,0.4328729500400686,65,5,-0.1978854109391719,0.1370063281953613,0.14863988942301368,-1.7619605408125856,2.4507350567934227,0.47217057808922785,16.71470728727376
8,backsliding_Nyr,Y_libdem,Liberal,vdem_high,instr-antiplural_w8_trt-ert_gapany_illib0p9026269_opp0p9026269_ctrypct_lrmax1_exclyr,backsliding_Nyr,76,5,0.15868231192327195,0.4328729500400686,65,5,-0.15252162944204894,0.1185486606039372,0.1982427961764688,-1.3602561024389743,1.937821513400012,0.482709608287185,16.754443636641714
8,backsliding_Nyr,Y_partipdem,Participatory,vdem_high,instr-antiplural_w8_trt-ert_gapany_illib0p9026269_opp0p9026269_ctrypct_lrmax1_exclyr,backsliding_Nyr,76,5,0.15868231192327195,0.4328729500400686,65,5,-0.0982183691312091,0.0846631920206404,0.24600520882352983,-0.892365717868135,1.4853023856872702,0.5479749780750508,16.392906023490426
8,backsliding_Nyr,Y_delibdem,Deliberative,vdem_high,instr-antiplural_w8_trt-ert_gapany_illib0p9026269_opp0p9026269_ctrypct_lrmax1_exclyr,backsliding_Nyr,76,5,0.15868231192327195,0.4328729500400686,65,5,-0.2070006865447064,0.14852210967677246,0.16339718730282854,-1.8332653369899783,2.521280214429628,0.46715437508036817,16.66784900923648
8,backsliding_Nyr,Y_egaldem,Egalitarian,vdem_high,instr-antiplural_w8_trt-ert_gapany_illib0p9026269_opp0p9026269_ctrypct_lrmax1_exclyr,backsliding_Nyr,76,5,0.15868231192327195,0.4328729500400686,65,5,-0.0704503193495755,0.0975632597258419,0.4702336944898098,-0.6827286109110259,1.1639698712165198,0.5575047694332098,16.399364096892274
8,backsliding_Nyr,Y_elecoff,Elected officials,vdem_electoral,instr-antiplural_w8_trt-ert_gapany_illib0p9026269_opp0p9026269_ctrypct_lrmax1_exclyr,backsliding_Nyr,76,5,0.15868231192327195,0.4328729500400686,65,5,-0.8697336305524771,0.5621846243350185,0.12184865568126668,-6.964985164833081,8.86861655971744,0.4322472542538284,16.30891506685912
8,backsliding_Nyr,Y_frefair,Clean elections,vdem_electoral,instr-antiplural_w8_trt-ert_gapany_illib0p9026269_opp0p9026269_ctrypct_lrmax1_exclyr,backsliding_Nyr,76,5,0.15868231192327195,0.4328729500400686,65,5,-0.3311621587098642,0.1700974266983018,0.05154709217123594,-2.856592744863668,3.7397733626347542,0.4449619176983473,16.869474219843383
8,backsliding_Nyr,Y_frassoc,Association,vdem_electoral,instr-antiplural_w8_trt-ert_gapany_illib0p9026269_opp0p9026269_ctrypct_lrmax1_exclyr,backsliding_Nyr,76,5,0.15868231192327195,0.4328729500400686,65,5,-0.2889073599893475,0.1923479532563095,0.1330961230495776,-2.5629585678218367,3.4879441321808704,0.4624583000278059,17.04310839821938
8,backsliding_Nyr,Y_suffr,Suffrage,vdem_electoral,instr-antiplural_w8_trt-ert_gapany_illib0p9026269_opp0p9026269_ctrypct_lrmax1_exclyr,backsliding_Nyr,76,5,0.15868231192327195,0.4328729500400686,NA,5,NA,NA,NA,NA,NA,NA,NA
8,backsliding_Nyr,Y_freexp,Expression & alt. info,vdem_electoral,instr-antiplural_w8_trt-ert_gapany_illib0p9026269_opp0p9026269_ctrypct_lrmax1_exclyr,backsliding_Nyr,76,5,0.15868231192327195,0.4328729500400686,65,5,-0.0030903071548978,0.24931123946893327,0.9901101721970292,-0.20438797647985163,1.5569977538841488,0.8955612751703141,15.86445648956006
8,backsliding_Nyr,Y_cl_rol,Rule of law,vdem_liberal,instr-antiplural_w8_trt-ert_gapany_illib0p9026269_opp0p9026269_ctrypct_lrmax1_exclyr,backsliding_Nyr,76,5,0.15868231192327195,0.4328729500400686,65,5,-0.05447745265089433,0.181468631384001,0.76402221137258,-0.5880018554153001,1.5011323969019303,0.6952758063801234,16.250743010201287
8,backsliding_Nyr,Y_cspart,Civil society,vdem_particip,instr-antiplural_w8_trt-ert_gapany_illib0p9026269_opp0p9026269_ctrypct_lrmax1_exclyr,backsliding_Nyr,76,5,0.15868231192327195,0.4328729500400686,65,5,-0.3128679347740781,0.14757407534620642,0.03399981973734213,-1.1704792734608171,0.6911250200021102,0.09034408605813264,30.197112198133063
8,backsliding_Nyr,Y_dd,Direct democracy,vdem_particip,instr-antiplural_w8_trt-ert_gapany_illib0p9026269_opp0p9026269_ctrypct_lrmax1_exclyr,backsliding_Nyr,76,5,0.15868231192327195,0.4328729500400686,65,5,-0.08084369100891155,0.04209498320841611,0.05479394649759563,-0.8917283271285014,1.0409326952283011,0.3916312626202761,13.30885641646162
8,backsliding_Nyr,Y_locelec,Local elections,vdem_particip,instr-antiplural_w8_trt-ert_gapany_illib0p9026269_opp0p9026269_ctrypct_lrmax1_exclyr,backsliding_Nyr,76,5,0.15868231192327195,0.4328729500400686,65,5,-0.1352738605004815,0.2772019096143407,0.625551556637721,-1.1466908869093604,2.5024129622691555,0.6467842820952987,20.801213658660927
8,backsliding_Nyr,Y_regelec,Regional elections,vdem_particip,instr-antiplural_w8_trt-ert_gapany_illib0p9026269_opp0p9026269_ctrypct_lrmax1_exclyr,backsliding_Nyr,76,5,0.15868231192327195,0.4328729500400686,65,5,-0.01378516599780277,0.18786382718339997,0.9415049253244367,-0.11913982676991544,1.0975090010822923,0.9135556445035752,20.491833808156667
8,backsliding_Nyr,Y_delib,Deliberation,vdem_egal_delib,instr-antiplural_w8_trt-ert_gapany_illib0p9026269_opp0p9026269_ctrypct_lrmax1_exclyr,backsliding_Nyr,76,5,0.15868231192327195,0.4328729500400686,65,5,-0.33215848178858476,0.245026249871806,0.175225305845713,-2.954252173170766,3.797862915108468,0.4366443287947976,17.536194264713348
8,backsliding_Nyr,Y_eqprotec,Equal protection,vdem_egal_delib,instr-antiplural_w8_trt-ert_gapany_illib0p9026269_opp0p9026269_ctrypct_lrmax1_exclyr,backsliding_Nyr,76,5,0.15868231192327195,0.4328729500400686,65,5,-0.05333739619118306,0.11456697343532649,0.6415330045320737,-0.202173023553654,0.4282693042076495,0.6368769364263891,29.92339160568154
8,backsliding_Nyr,Y_eqaccess,Equal access,vdem_egal_delib,instr-antiplural_w8_trt-ert_gapany_illib0p9026269_opp0p9026269_ctrypct_lrmax1_exclyr,backsliding_Nyr,76,5,0.15868231192327195,0.4328729500400686,65,5,-0.00902681217849876,0.13982603138027572,0.9485263631323628,-0.20662940334163693,0.7104342123945058,0.7711664600460802,15.949162061967254
8,backsliding_Nyr,Y_eqdr,Equal distribution,vdem_egal_delib,instr-antiplural_w8_trt-ert_gapany_illib0p9026269_opp0p9026269_ctrypct_lrmax1_exclyr,backsliding_Nyr,76,5,0.15868231192327195,0.4328729500400686,65,5,-0.12792253933303263,0.16005241473137616,0.42414312183882463,-1.0890212196776408,1.597116392682529,0.4953229522669697,17.041459897988922
8,backsliding_union_Nyr,Y_gdp_growth,PWT,growth,instr-antiplural_w8_trt-ertOrDdcg_gapany_illib0p9026269_opp0p9026269_ctrypct_lrmax1_exclyr,backsliding_union_Nyr,76,6,0.10490742405171467,0.620248625259136,56,5,-0.1166155590681884,0.3921936481460093,0.7662055842059599,-0.1841190711931764,0.5906083188094071,0.7552344792405971,15.034164851897566
8,backsliding_union_Nyr,Y_gdp_growth_wb,World Bank,growth,instr-antiplural_w8_trt-ertOrDdcg_gapany_illib0p9026269_opp0p9026269_ctrypct_lrmax1_exclyr,backsliding_union_Nyr,76,6,0.10490742405171467,0.620248625259136,59,4,-0.1762512983368842,0.20870859090729568,0.3983983778280906,-0.8420519965724702,0.9172448337738632,0.3586067433515646,16.245671610580263
8,backsliding_union_Nyr,Y_gdp_growth_imf,IMF WEO,growth,instr-antiplural_w8_trt-ertOrDdcg_gapany_illib0p9026269_opp0p9026269_ctrypct_lrmax1_exclyr,backsliding_union_Nyr,76,6,0.10490742405171467,0.620248625259136,43,4,-0.17661272094607627,0.16545851323697733,0.2857849634087174,-0.7875678966680789,0.8634228553106517,0.3616917483437899,20.744971816987448
8,backsliding_union_Nyr,Y_inflation,"CPI, cumulative log",inflation,instr-antiplural_w8_trt-ertOrDdcg_gapany_illib0p9026269_opp0p9026269_ctrypct_lrmax1_exclyr,backsliding_union_Nyr,76,6,0.10490742405171467,0.620248625259136,54,4,0.18634841558672088,0.3401496210013022,0.5838000598676656,1.2129759242445035,2.453065989238782,0.6209718749472859,20.696389201800866
8,backsliding_union_Nyr,Y_unemployment,Unemployment rate,unemployment,instr-antiplural_w8_trt-ertOrDdcg_gapany_illib0p9026269_opp0p9026269_ctrypct_lrmax1_exclyr,backsliding_union_Nyr,76,6,0.10490742405171467,0.620248625259136,38,5,-1.4459395100004626,1.4537172699874563,0.3199066450886577,-9.909286251172851,3.655342498424132,0.00670998481836665,21.96563953878008
8,backsliding_union_Nyr,Y_trade_pct_gdp,Trade / GDP,trade,instr-antiplural_w8_trt-ertOrDdcg_gapany_illib0p9026269_opp0p9026269_ctrypct_lrmax1_exclyr,backsliding_union_Nyr,76,6,0.10490742405171467,0.620248625259136,55,4,-59.950174029849,49.04708195512739,0.22159477149019596,274.0326006034956,624.020962221077,0.6605600561716796,11.092914520970073
8,backsliding_union_Nyr,Y_top10_share,Top-10% income share,top10,instr-antiplural_w8_trt-ertOrDdcg_gapany_illib0p9026269_opp0p9026269_ctrypct_lrmax1_exclyr,backsliding_union_Nyr,76,6,0.10490742405171467,0.620248625259136,53,4,-0.06695671269654069,2.9896899432884823,0.9821321733523144,-0.2821961176305482,8.838018045449402,0.974528036580417,26.982170993002605
8,backsliding_union_Nyr,Y_gini_disp,Disposable,gini,instr-antiplural_w8_trt-ertOrDdcg_gapany_illib0p9026269_opp0p9026269_ctrypct_lrmax1_exclyr,backsliding_union_Nyr,76,6,0.10490742405171467,0.620248625259136,46,4,-2.1222482505149713,3.384594668154,0.5306384362504799,-9.5240371962657715,17.985688862135873,0.596434932726612,18.533371613683705
8,backsliding_union_Nyr,Y_gini_mkt,Market,gini,instr-antiplural_w8_trt-ertOrDdcg_gapany_illib0p9026269_opp0p9026269_ctrypct_lrmax1_exclyr,backsliding_union_Nyr,76,6,0.10490742405171467,0.620248625259136,46,4,-2.185532869542987,3.1046557885244574,0.4814618203476904,-10.361922718635498,19.72829555543924,0.599422253755226,19.08492659872909
8,backsliding_union_Nyr,Y_debt,Debt / GDP,fiscal,instr-antiplural_w8_trt-ertOrDdcg_gapany_illib0p9026269_opp0p9026269_ctrypct_lrmax1_exclyr,backsliding_union_Nyr,76,6,0.10490742405171467,0.620248625259136,57,4,-9.21215698817442,23.27856657714413,0.6923001065445484,-53.05425233480631,118.43608312788598,0.6541843528981266,18.70382230555845
8,backsliding_union_Nyr,Y_deficit,Deficit / GDP,fiscal,instr-antiplural_w8_trt-ertOrDdcg_gapany_illib0p9026269_opp0p9026269_ctrypct_lrmax1_exclyr,backsliding_union_Nyr,76,6,0.10490742405171467,0.620248625259136,46,4,-5.065273331070717,6.3345157927118025,0.42392479188038906,-27.723144168462824,27.931936060568265,0.32094150202977845,17.670161256798146
8,backsliding_union_Nyr,Y_checks_balances,Checks & balances,institutions,instr-antiplural_w8_trt-ertOrDdcg_gapany_illib0p9026269_opp0p9026269_ctrypct_lrmax1_exclyr,backsliding_union_Nyr,76,6,0.10490742405171467,0.620248625259136,60,6,-0.34925647364082146,0.32138926549181207,0.277165619127322,-2.5893255819432577,3.6701559433064608,0.4804939513125877,16.57971232280056
8,backsliding_union_Nyr,Y_jucon,Judicial constraints,institutions,instr-antiplural_w8_trt-ertOrDdcg_gapany_illib0p9026269_opp0p9026269_ctrypct_lrmax1_exclyr,backsliding_union_Nyr,76,6,0.10490742405171467,0.620248625259136,65,6,0.10624264800110436,0.14890266327747315,0.475533929920566,0.7556540964132125,1.1576031530631283,0.513901511065538,15.616985899398877
8,backsliding_union_Nyr,Y_legcon,Legislative constraints,institutions,instr-antiplural_w8_trt-ertOrDdcg_gapany_illib0p9026269_opp0p9026269_ctrypct_lrmax1_exclyr,backsliding_union_Nyr,76,6,0.10490742405171467,0.620248625259136,60,6,-0.80181950246067,0.6124622817234253,0.19047552382447208,-5.881073433030297,8.429781538344862,0.48539340751441623,15.590800266136592
8,backsliding_union_Nyr,Y_hos_power,HOS,exec_power,instr-antiplural_w8_trt-ertOrDdcg_gapany_illib0p9026269_opp0p9026269_ctrypct_lrmax1_exclyr,backsliding_union_Nyr,76,6,0.10490742405171467,0.620248625259136,65,6,-0.01779515275141659,0.08323812574694649,0.8307138792341482,-0.09717436058402867,0.5477176578468308,0.8591809455754338,17.305646969457328
8,backsliding_union_Nyr,Y_hog_power,HOG,exec_power,instr-antiplural_w8_trt-ertOrDdcg_gapany_illib0p9026269_opp0p9026269_ctrypct_lrmax1_exclyr,backsliding_union_Nyr,76,6,0.10490742405171467,0.620248625259136,22,2,0.11225110557941136,0.16320299192882878,0.4915783975677754,0.14514503559012482,0.29539342566505244,0.6231706005472288,22.736953254229604
8,backsliding_union_Nyr,Y_hos_power_vdem,HOS (v2ex_hosw),exec_power_alt,instr-antiplural_w8_trt-ertOrDdcg_gapany_illib0p9026269_opp0p9026269_ctrypct_lrmax1_exclyr,backsliding_union_Nyr,76,6,0.10490742405171467,0.620248625259136,65,6,-0.00245564860287486,0.01402136217222366,0.8609725855862287,0.01001577873869385,0.07806432857686697,0.8979102940957258,24.328318718216284
8,backsliding_union_Nyr,Y_hog_power_vdem,HOG (v2ex_hogw),exec_power_alt,instr-antiplural_w8_trt-ertOrDdcg_gapany_illib0p9026269_opp0p9026269_ctrypct_lrmax1_exclyr,backsliding_union_Nyr,76,6,0.10490742405171467,0.620248625259136,65,6,0.0049112972057506,0.02804272434444482,0.8609725855861917,-0.02003155747738352,0.15612865715372798,0.8979102940957431,24.32831871821576
8,backsliding_union_Nyr,Y_polyarchy,Electoral (polyarchy),vdem_high,instr-antiplural_w8_trt-ertOrDdcg_gapany_illib0p9026269_opp0p9026269_ctrypct_lrmax1_exclyr,backsliding_union_Nyr,76,6,0.10490742405171467,0.620248625259136,65,6,-0.1978854109391719,0.1370063281953613,0.14863988942301368,-1.631243743846892,2.4494940412035957,0.5054422282452832,16.71470728727376
8,backsliding_union_Nyr,Y_libdem,Liberal,vdem_high,instr-antiplural_w8_trt-ertOrDdcg_gapany_illib0p9026269_opp0p9026269_ctrypct_lrmax1_exclyr,backsliding_union_Nyr,76,6,0.10490742405171467,0.620248625259136,65,6,-0.15252162944204894,0.1185486606039372,0.1982427961764688,-1.2629718977777138,1.9366146471365933,0.5143015285028671,16.754443636641714
8,backsliding_union_Nyr,Y_partipdem,Participatory,vdem_high,instr-antiplural_w8_trt-ertOrDdcg_gapany_illib0p9026269_opp0p9026269_ctrypct_lrmax1_exclyr,backsliding_union_Nyr,76,6,0.10490742405171467,0.620248625259136,65,6,-0.0982183691312091,0.0846631920206404,0.24600520882352983,-0.8198522481637449,1.4862697229952433,0.581210508928947,16.392906023490426
8,backsliding_union_Nyr,Y_delibdem,Deliberative,vdem_high,instr-antiplural_w8_trt-ertOrDdcg_gapany_illib0p9026269_opp0p9026269_ctrypct_lrmax1_exclyr,backsliding_union_Nyr,76,6,0.10490742405171467,0.620248625259136,65,6,-0.2070006865447064,0.14852210967677246,0.16339718730282854,-1.6965787656116116,2.521278111118159,0.5010082058853302,16.66784900923648
8,backsliding_union_Nyr,Y_egaldem,Egalitarian,vdem_high,instr-antiplural_w8_trt-ertOrDdcg_gapany_illib0p9026269_opp0p9026269_ctrypct_lrmax1_exclyr,backsliding_union_Nyr,76,6,0.10490742405171467,0.620248625259136,65,6,-0.0704503193495755,0.0975632597258419,0.4702336944898098,-0.6174842640592861,1.1647255873379752,0.5960049620698191,16.399364096892274
8,backsliding_union_Nyr,Y_elecoff,Elected officials,vdem_electoral,instr-antiplural_w8_trt-ertOrDdcg_gapany_illib0p9026269_opp0p9026269_ctrypct_lrmax1_exclyr,backsliding_union_Nyr,76,6,0.10490742405171467,0.620248625259136,65,6,-0.8697336305524771,0.5621846243350185,0.12184865568126668,-6.675089450295212,8.861709403866424,0.45129923465838134,16.30891506685912
8,backsliding_union_Nyr,Y_frefair,Clean elections,vdem_electoral,instr-antiplural_w8_trt-ertOrDdcg_gapany_illib0p9026269_opp0p9026269_ctrypct_lrmax1_exclyr,backsliding_union_Nyr,76,6,0.10490742405171467,0.620248625259136,65,6,-0.3311621587098642,0.1700974266983018,0.05154709217123594,-2.6719056860315797,3.7337110337727086,0.47422810569443374,16.869474219843383
8,backsliding_union_Nyr,Y_frassoc,Association,vdem_electoral,instr-antiplural_w8_trt-ertOrDdcg_gapany_illib0p9026269_opp0p9026269_ctrypct_lrmax1_exclyr,backsliding_union_Nyr,76,6,0.10490742405171467,0.620248625259136,65,6,-0.2889073599893475,0.1923479532563095,0.1330961230495776,-2.399040212243852,3.480309454434056,0.4906231260701102,17.04310839821938
8,backsliding_union_Nyr,Y_suffr,Suffrage,vdem_electoral,instr-antiplural_w8_trt-ertOrDdcg_gapany_illib0p9026269_opp0p9026269_ctrypct_lrmax1_exclyr,backsliding_union_Nyr,76,6,0.10490742405171467,0.620248625259136,NA,6,NA,NA,NA,NA,NA,NA,NA
8,backsliding_union_Nyr,Y_freexp,Expression & alt. info,vdem_electoral,instr-antiplural_w8_trt-ertOrDdcg_gapany_illib0p9026269_opp0p9026269_ctrypct_lrmax1_exclyr,backsliding_union_Nyr,76,6,0.10490742405171467,0.620248625259136,65,6,-0.0030903071548978,0.24931123946893327,0.9901101721970292,-0.15126101019525084,1.5582156306592487,0.9226682469954516,15.86445648956006
8,backsliding_union_Nyr,Y_cl_rol,Rule of law,vdem_liberal,instr-antiplural_w8_trt-ertOrDdcg_gapany_illib0p9026269_opp0p9026269_ctrypct_lrmax1_exclyr,backsliding_union_Nyr,76,6,0.10490742405171467,0.620248625259136,65,6,-0.05447745265089433,0.181468631384001,0.76402221137258,-0.5275187586720232,1.502899897712641,0.7255879018448559,16.250743010201287
8,backsliding_union_Nyr,Y_cspart,Civil society,vdem_particip,instr-antiplural_w8_trt-ertOrDdcg_gapany_illib0p9026269_opp0p9026269_ctrypct_lrmax1_exclyr,backsliding_union_Nyr,76,6,0.10490742405171467,0.620248625259136,65,6,-0.3128679347740781,0.14757407534620642,0.03399981973734213,-1.3208890209403883,0.8081649648763533,0.1021686043524572,30.197112198133063
8,backsliding_union_Nyr,Y_dd,Direct democracy,vdem_particip,instr-antiplural_w8_trt-ertOrDdcg_gapany_illib0p9026269_opp0p9026269_ctrypct_lrmax1_exclyr,backsliding_union_Nyr,76,6,0.10490742405171467,0.620248625259136,65,6,-0.08084369100891155,0.04209498320841611,0.05479394649759563,-0.8415846243536282,1.040033351958576,0.41840584599515146,13.30885641646162
8,backsliding_union_Nyr,Y_locelec,Local elections,vdem_particip,instr-antiplural_w8_trt-ertOrDdcg_gapany_illib0p9026269_opp0p9026269_ctrypct_lrmax1_exclyr,backsliding_union_Nyr,76,6,0.10490742405171467,0.620248625259136,65,6,-0.1352738605004815,0.2772019096143407,0.625551556637721,-1.145562389237092,2.816126294790569,0.6841647427782955,20.801213658660927
8,backsliding_union_Nyr,Y_regelec,Regional elections,vdem_particip,instr-antiplural_w8_trt-ertOrDdcg_gapany_illib0p9026269_opp0p9026269_ctrypct_lrmax1_exclyr,backsliding_union_Nyr,76,6,0.10490742405171467,0.620248625259136,65,6,-0.01378516599780277,0.18786382718339997,0.9415049253244367,-0.12486118243746244,1.1759282402210207,0.9154387819797106,20.491833808156667
8,backsliding_union_Nyr,Y_delib,Deliberation,vdem_egal_delib,instr-antiplural_w8_trt-ertOrDdcg_gapany_illib0p9026269_opp0p9026269_ctrypct_lrmax1_exclyr,backsliding_union_Nyr,76,6,0.10490742405171467,0.620248625259136,65,6,-0.33215848178858476,0.245026249871806,0.175225305845713,-2.7758444347242253,3.7860774524226737,0.4634537792195669,17.536194264713348
8,backsliding_union_Nyr,Y_eqprotec,Equal protection,vdem_egal_delib,instr-antiplural_w8_trt-ertOrDdcg_gapany_illib0p9026269_opp0p9026269_ctrypct_lrmax1_exclyr,backsliding_union_Nyr,76,6,0.10490742405171467,0.620248625259136,65,6,-0.05333739619118306,0.11456697343532649,0.6415330045320737,-0.23372170076162993,0.4659379328340454,0.6159379966319626,29.92339160568154
8,backsliding_union_Nyr,Y_eqaccess,Equal access,vdem_egal_delib,instr-antiplural_w8_trt-ertOrDdcg_gapany_illib0p9026269_opp0p9026269_ctrypct_lrmax1_exclyr,backsliding_union_Nyr,76,6,0.10490742405171467,0.620248625259136,65,6,-0.00902681217849876,0.13982603138027572,0.9485263631323628,-0.1718996809063072,0.7115816008274075,0.8091101971918395,15.949162061967254
8,backsliding_union_Nyr,Y_eqdr,Equal distribution,vdem_egal_delib,instr-antiplural_w8_trt-ertOrDdcg_gapany_illib0p9026269_opp0p9026269_ctrypct_lrmax1_exclyr,backsliding_union_Nyr,76,6,0.10490742405171467,0.620248625259136,65,6,-0.12792253933303263,0.16005241473137616,0.42414312183882463,-1.0294895226066705,1.5957140605150193,0.5188240572936209,17.041459897988922
8,polyarchy_decline,Y_gdp_growth,PWT,growth,instr-antiplural_w8_trt-polyarchy_gapany_illib0p9026269_opp0p9026269_ctrypct_lrmax1_exclyr,polyarchy_decline,65,22,0.1978854109391719,0.14863988942301368,56,17,-0.1166155590681884,0.3921936481460093,0.7662055842059599,1.189691691248901,1.2640168190614594,0.3466027573070519,26.273867667479912
8,polyarchy_decline,Y_gdp_growth_wb,World Bank,growth,instr-antiplural_w8_trt-polyarchy_gapany_illib0p9026269_opp0p9026269_ctrypct_lrmax1_exclyr,polyarchy_decline,65,22,0.1978854109391719,0.14863988942301368,59,19,-0.1762512983368842,0.20870859090729568,0.3983983778280906,0.3833637261555005,0.5905567030638602,0.5162372212138431,34.52931337992342
8,polyarchy_decline,Y_gdp_growth_imf,IMF WEO,growth,instr-antiplural_w8_trt-polyarchy_gapany_illib0p9026269_opp0p9026269_ctrypct_lrmax1_exclyr,polyarchy_decline,65,22,0.1978854109391719,0.14863988942301368,43,11,-0.17661272094607627,0.16545851323697733,0.2857849634087174,-0.28405602346945724,0.47383598240472335,0.5488516771592283,26.238905967725472
8,polyarchy_decline,Y_inflation,"CPI, cumulative log",inflation,instr-antiplural_w8_trt-polyarchy_gapany_illib0p9026269_opp0p9026269_ctrypct_lrmax1_exclyr,polyarchy_decline,65,22,0.1978854109391719,0.14863988942301368,54,16,0.18634841558672088,0.3401496210013022,0.5838000598676656,-0.14558499948548076,2.84485420797208,0.959186188976214,31.836215126269018
8,polyarchy_decline,Y_unemployment,Unemployment rate,unemployment,instr-antiplural_w8_trt-polyarchy_gapany_illib0p9026269_opp0p9026269_ctrypct_lrmax1_exclyr,polyarchy_decline,65,22,0.1978854109391719,0.14863988942301368,38,15,-1.4459395100004626,1.4537172699874563,0.3199066450886577,-3.45535937897234,5.740861966529304,0.5472482923092257,14.14063544511168
8,polyarchy_decline,Y_trade_pct_gdp,Trade / GDP,trade,instr-antiplural_w8_trt-polyarchy_gapany_illib0p9026269_opp0p9026269_ctrypct_lrmax1_exclyr,polyarchy_decline,65,22,0.1978854109391719,0.14863988942301368,55,18,-59.950174029849,49.04708195512739,0.22159477149019596,-72.25656895817609,115.19419017383996,0.5304896083892195,25.412023098787607
8,polyarchy_decline,Y_top10_share,Top-10% income share,top10,instr-antiplural_w8_trt-polyarchy_gapany_illib0p9026269_opp0p9026269_ctrypct_lrmax1_exclyr,polyarchy_decline,65,22,0.1978854109391719,0.14863988942301368,53,16,-0.06695671269654069,2.9896899432884823,0.9821321733523144,0.23153990137384903,8.167613902607775,0.977384169555855,32.98351824505013
8,polyarchy_decline,Y_gini_disp,Disposable,gini,instr-antiplural_w8_trt-polyarchy_gapany_illib0p9026269_opp0p9026269_ctrypct_lrmax1_exclyr,polyarchy_decline,65,22,0.1978854109391719,0.14863988942301368,46,16,-2.1222482505149713,3.384594668154,0.5306384362504799,-3.676867520757175,5.8768075793182355,0.5315397510011859,31.171676221601256
8,polyarchy_decline,Y_gini_mkt,Market,gini,instr-antiplural_w8_trt-polyarchy_gapany_illib0p9026269_opp0p9026269_ctrypct_lrmax1_exclyr,polyarchy_decline,65,22,0.1978854109391719,0.14863988942301368,46,16,-2.185532869542987,3.1046557885244574,0.4814618203476904,-3.681728112180882,5.985732574709197,0.5384992725219937,32.291634856222124
8,polyarchy_decline,Y_debt,Debt / GDP,fiscal,instr-antiplural_w8_trt-polyarchy_gapany_illib0p9026269_opp0p9026269_ctrypct_lrmax1_exclyr,polyarchy_decline,65,22,0.1978854109391719,0.14863988942301368,57,19,-9.21215698817442,23.27856657714413,0.6923001065445484,-20.606210074077698,66.69610758630897,0.7573544560385999,28.049775084744613
8,polyarchy_decline,Y_deficit,Deficit / GDP,fiscal,instr-antiplural_w8_trt-polyarchy_gapany_illib0p9026269_opp0p9026269_ctrypct_lrmax1_exclyr,polyarchy_decline,65,22,0.1978854109391719,0.14863988942301368,46,17,-5.065273331070717,6.3345157927118025,0.42392479188038906,-17.199126570669122,21.51963750794755,0.4241574182502302,18.173963975583263
8,polyarchy_decline,Y_checks_balances,Checks & balances,institutions,instr-antiplural_w8_trt-polyarchy_gapany_illib0p9026269_opp0p9026269_ctrypct_lrmax1_exclyr,polyarchy_decline,65,22,0.1978854109391719,0.14863988942301368,60,20,-0.34925647364082146,0.32138926549181207,0.277165619127322,-1.1499083199917064,0.42087205964890834,0.00629121758781024,25.257781801030372
8,polyarchy_decline,Y_jucon,Judicial constraints,institutions,instr-antiplural_w8_trt-polyarchy_gapany_illib0p9026269_opp0p9026269_ctrypct_lrmax1_exclyr,polyarchy_decline,65,22,0.1978854109391719,0.14863988942301368,65,22,0.10624264800110436,0.14890266327747315,0.475533929920566,0.0099132637739637,0.411643868869303,0.9807870923258392,24.020627411655234
8,polyarchy_decline,Y_legcon,Legislative constraints,institutions,instr-antiplural_w8_trt-polyarchy_gapany_illib0p9026269_opp0p9026269_ctrypct_lrmax1_exclyr,polyarchy_decline,65,22,0.1978854109391719,0.14863988942301368,60,20,-0.80181950246067,0.6124622817234253,0.19047552382447208,-2.1723682547356415,0.8012461910422944,0.006703271107083,38.154187098670654
8,polyarchy_decline,Y_hos_power,HOS,exec_power,instr-antiplural_w8_trt-polyarchy_gapany_illib0p9026269_opp0p9026269_ctrypct_lrmax1_exclyr,polyarchy_decline,65,22,0.1978854109391719,0.14863988942301368,65,22,-0.01779515275141659,0.08323812574694649,0.8307138792341482,0.04281317344803515,0.242321271733453,0.8597602339035741,24.236374176320084
8,polyarchy_decline,Y_hog_power,HOG,exec_power,instr-antiplural_w8_trt-polyarchy_gapany_illib0p9026269_opp0p9026269_ctrypct_lrmax1_exclyr,polyarchy_decline,65,22,0.1978854109391719,0.14863988942301368,22,5,0.11225110557941136,0.16320299192882878,0.4915783975677754,3.0797441940788763,41.32685686626349,0.940595341209064,19.573895878232396
8,polyarchy_decline,Y_hos_power_vdem,HOS (v2ex_hosw),exec_power_alt,instr-antiplural_w8_trt-polyarchy_gapany_illib0p9026269_opp0p9026269_ctrypct_lrmax1_exclyr,polyarchy_decline,65,22,0.1978854109391719,0.14863988942301368,65,22,-0.00245564860287486,0.01402136217222366,0.8609725855862287,-0.00633772313010282,0.05528454292656841,0.908731862205739,25.446462041881503
8,polyarchy_decline,Y_hog_power_vdem,HOG (v2ex_hogw),exec_power_alt,instr-antiplural_w8_trt-polyarchy_gapany_illib0p9026269_opp0p9026269_ctrypct_lrmax1_exclyr,polyarchy_decline,65,22,0.1978854109391719,0.14863988942301368,65,22,0.0049112972057506,0.02804272434444482,0.8609725855861917,0.01267544626020944,0.1105690858531306,0.9087318622057068,25.446462041881293
8,polyarchy_decline,Y_polyarchy,Electoral (polyarchy),vdem_high,instr-antiplural_w8_trt-polyarchy_gapany_illib0p9026269_opp0p9026269_ctrypct_lrmax1_exclyr,polyarchy_decline,65,22,0.1978854109391719,0.14863988942301368,65,22,-0.1978854109391719,0.1370063281953613,0.14863988942301368,-1,3.845304554717119e-17,0,17.74501783795139
8,polyarchy_decline,Y_libdem,Liberal,vdem_high,instr-antiplural_w8_trt-polyarchy_gapany_illib0p9026269_opp0p9026269_ctrypct_lrmax1_exclyr,polyarchy_decline,65,22,0.1978854109391719,0.14863988942301368,65,22,-0.15252162944204894,0.1185486606039372,0.1982427961764688,-0.7881135388555313,0.08829974416166098,4.439550306044566e-19,25.519653961036244
8,polyarchy_decline,Y_partipdem,Participatory,vdem_high,instr-antiplural_w8_trt-polyarchy_gapany_illib0p9026269_opp0p9026269_ctrypct_lrmax1_exclyr,polyarchy_decline,65,22,0.1978854109391719,0.14863988942301368,65,22,-0.0982183691312091,0.0846631920206404,0.24600520882352983,-0.5677352612954233,0.15538420492356214,2.5843647010967045e-4,35.76930512051431
8,polyarchy_decline,Y_delibdem,Deliberative,vdem_high,instr-antiplural_w8_trt-polyarchy_gapany_illib0p9026269_opp0p9026269_ctrypct_lrmax1_exclyr,polyarchy_decline,65,22,0.1978854109391719,0.14863988942301368,65,22,-0.2070006865447064,0.14852210967677246,0.16339718730282854,-1.0698609520760578,0.14265629418672487,6.402722206383932e-14,26.398462832718877
8,polyarchy_decline,Y_egaldem,Egalitarian,vdem_high,instr-antiplural_w8_trt-polyarchy_gapany_illib0p9026269_opp0p9026269_ctrypct_lrmax1_exclyr,polyarchy_decline,65,22,0.1978854109391719,0.14863988942301368,65,22,-0.0704503193495755,0.0975632597258419,0.4702336944898098,-0.5606416537180238,0.11624365480107508,1.4142408305642373e-6,24.668643904392077
8,polyarchy_decline,Y_elecoff,Elected officials,vdem_electoral,instr-antiplural_w8_trt-polyarchy_gapany_illib0p9026269_opp0p9026269_ctrypct_lrmax1_exclyr,polyarchy_decline,65,22,0.1978854109391719,0.14863988942301368,65,22,-0.8697336305524771,0.5621846243350185,0.12184865568126668,-2.440698200995341,1.40364431123642,0.08206474979135897,25.66680079737049
8,polyarchy_decline,Y_frefair,Clean elections,vdem_electoral,instr-antiplural_w8_trt-polyarchy_gapany_illib0p9026269_opp0p9026269_ctrypct_lrmax1_exclyr,polyarchy_decline,65,22,0.1978854109391719,0.14863988942301368,65,22,-0.3311621587098642,0.1700974266983018,0.05154709217123594,-1.3210328589217182,0.20108403345574455,5.0465444944441686e-11,26.172318939178073
8,polyarchy_decline,Y_frassoc,Association,vdem_electoral,instr-antiplural_w8_trt-polyarchy_gapany_illib0p9026269_opp0p9026269_ctrypct_lrmax1_exclyr,polyarchy_decline,65,22,0.1978854109391719,0.14863988942301368,65,22,-0.2889073599893475,0.1923479532563095,0.1330961230495776,-1.3234692077829884,0.22446728840530253,3.723177341567279e-9,25.018897018312455
8,polyarchy_decline,Y_suffr,Suffrage,vdem_electoral,instr-antiplural_w8_trt-polyarchy_gapany_illib0p9026269_opp0p9026269_ctrypct_lrmax1_exclyr,polyarchy_decline,65,22,0.1978854109391719,0.14863988942301368,NA,22,NA,NA,NA,NA,NA,NA,NA
8,polyarchy_decline,Y_freexp,Expression & alt. info,vdem_electoral,instr-antiplural_w8_trt-polyarchy_gapany_illib0p9026269_opp0p9026269_ctrypct_lrmax1_exclyr,polyarchy_decline,65,22,0.1978854109391719,0.14863988942301368,65,22,-0.0030903071548978,0.24931123946893327,0.9901101721970292,-0.7110008745051651,0.48969177786395846,0.1465195415435057,26.23647680044617
8,polyarchy_decline,Y_cl_rol,Rule of law,vdem_liberal,instr-antiplural_w8_trt-polyarchy_gapany_illib0p9026269_opp0p9026269_ctrypct_lrmax1_exclyr,polyarchy_decline,65,22,0.1978854109391719,0.14863988942301368,65,22,-0.05447745265089433,0.181468631384001,0.76402221137258,-0.7462882547782214,0.3452758649302718,0.03066244231602934,26.40194822659764
8,polyarchy_decline,Y_cspart,Civil society,vdem_particip,instr-antiplural_w8_trt-polyarchy_gapany_illib0p9026269_opp0p9026269_ctrypct_lrmax1_exclyr,polyarchy_decline,65,22,0.1978854109391719,0.14863988942301368,65,22,-0.3128679347740781,0.14757407534620642,0.03399981973734213,-1.1156042243058415,0.286576037304579,9.90638674454478e-5,25.719507422438763
8,polyarchy_decline,Y_dd,Direct democracy,vdem_particip,instr-antiplural_w8_trt-polyarchy_gapany_illib0p9026269_opp0p9026269_ctrypct_lrmax1_exclyr,polyarchy_decline,65,22,0.1978854109391719,0.14863988942301368,65,22,-0.08084369100891155,0.04209498320841611,0.05479394649759563,-0.10361279966387868,0.1173512109222655,0.3772745769284061,23.861850826261705
8,polyarchy_decline,Y_locelec,Local elections,vdem_particip,instr-antiplural_w8_trt-polyarchy_gapany_illib0p9026269_opp0p9026269_ctrypct_lrmax1_exclyr,polyarchy_decline,65,22,0.1978854109391719,0.14863988942301368,65,22,-0.1352738605004815,0.2772019096143407,0.625551556637721,-0.9532618679446628,1.0527655973308736,0.3652093022005727,22.3836527518346
8,polyarchy_decline,Y_regelec,Regional elections,vdem_particip,instr-antiplural_w8_trt-polyarchy_gapany_illib0p9026269_opp0p9026269_ctrypct_lrmax1_exclyr,polyarchy_decline,65,22,0.1978854109391719,0.14863988942301368,65,22,-0.01378516599780277,0.18786382718339997,0.9415049253244367,-0.02490089266623719,0.6677766459981707,0.9702543739611472,22.470481575145175
8,polyarchy_decline,Y_delib,Deliberation,vdem_egal_delib,instr-antiplural_w8_trt-polyarchy_gapany_illib0p9026269_opp0p9026269_ctrypct_lrmax1_exclyr,polyarchy_decline,65,22,0.1978854109391719,0.14863988942301368,65,22,-0.33215848178858476,0.245026249871806,0.175225305845713,-1.6066930175588132,0.4640748390194849,5.358942190731658e-4,25.899773032829145
8,polyarchy_decline,Y_eqprotec,Equal protection,vdem_egal_delib,instr-antiplural_w8_trt-polyarchy_gapany_illib0p9026269_opp0p9026269_ctrypct_lrmax1_exclyr,polyarchy_decline,65,22,0.1978854109391719,0.14863988942301368,65,22,-0.05333739619118306,0.11456697343532649,0.6415330045320737,-0.1489383680574091,0.353115091044175,0.6731825354336449,25.69752746874254
8,polyarchy_decline,Y_eqaccess,Equal access,vdem_egal_delib,instr-antiplural_w8_trt-polyarchy_gapany_illib0p9026269_opp0p9026269_ctrypct_lrmax1_exclyr,polyarchy_decline,65,22,0.1978854109391719,0.14863988942301368,65,22,-0.00902681217849876,0.13982603138027572,0.9485263631323628,-0.6699331224999661,0.2959141338903704,0.02357753961023152,24.422914347639736
8,polyarchy_decline,Y_eqdr,Equal distribution,vdem_egal_delib,instr-antiplural_w8_trt-polyarchy_gapany_illib0p9026269_opp0p9026269_ctrypct_lrmax1_exclyr,polyarchy_decline,65,22,0.1978854109391719,0.14863988942301368,65,22,-0.12792253933303263,0.16005241473137616,0.42414312183882463,-0.4937756795244026,0.3733623520868942,0.18599817196701743,27.159790020663458
9,backsliding_Nyr,Y_gdp_growth,PWT,growth,instr-antiplural_w9_trt-ert_gapany_illib0p9026269_opp0p9026269_ctrypct_lrmax1_exclyr,backsliding_Nyr,76,5,0.15868231192327195,0.4328729500400686,53,3,-0.06361997099475128,0.4007272456963482,0.8738569548495292,-0.09694663313025376,0.640481705893543,0.8796876498231605,15.29077056374851
9,backsliding_Nyr,Y_gdp_growth_wb,World Bank,growth,instr-antiplural_w9_trt-ert_gapany_illib0p9026269_opp0p9026269_ctrypct_lrmax1_exclyr,backsliding_Nyr,76,5,0.15868231192327195,0.4328729500400686,55,4,0.03758484475466223,0.39917766298524954,0.9249854896378747,0.06880361193081523,0.8973938491880542,0.9388856935828052,16.72683725591741
9,backsliding_Nyr,Y_gdp_growth_imf,IMF WEO,growth,instr-antiplural_w9_trt-ert_gapany_illib0p9026269_opp0p9026269_ctrypct_lrmax1_exclyr,backsliding_Nyr,76,5,0.15868231192327195,0.4328729500400686,39,4,0.0929594293028682,0.2272832510860932,0.6825377896791731,0.1104286625382364,0.23841408225131736,0.6432352667929885,19.68911345021114
9,backsliding_Nyr,Y_inflation,"CPI, cumulative log",inflation,instr-antiplural_w9_trt-ert_gapany_illib0p9026269_opp0p9026269_ctrypct_lrmax1_exclyr,backsliding_Nyr,76,5,0.15868231192327195,0.4328729500400686,50,4,0.1427448884686947,0.5739925115460165,0.8036023492091279,0.295084052860115,1.8226236658812192,0.8713840491878433,19.170864266249477
9,backsliding_Nyr,Y_unemployment,Unemployment rate,unemployment,instr-antiplural_w9_trt-ert_gapany_illib0p9026269_opp0p9026269_ctrypct_lrmax1_exclyr,backsliding_Nyr,76,5,0.15868231192327195,0.4328729500400686,34,4,-3.1020720570673985,2.235125433438808,0.16517547332600768,-18.69823940959918,13.093743129810226,0.1532836324690011,16.77585488021003
9,backsliding_Nyr,Y_trade_pct_gdp,Trade / GDP,trade,instr-antiplural_w9_trt-ert_gapany_illib0p9026269_opp0p9026269_ctrypct_lrmax1_exclyr,backsliding_Nyr,76,5,0.15868231192327195,0.4328729500400686,50,3,-49.13624347872788,49.30140626748953,0.3189344575410487,140.82752653037534,527.0822700782612,0.7893281121057726,10.714741199943994
9,backsliding_Nyr,Y_top10_share,Top-10% income share,top10,instr-antiplural_w9_trt-ert_gapany_illib0p9026269_opp0p9026269_ctrypct_lrmax1_exclyr,backsliding_Nyr,76,5,0.15868231192327195,0.4328729500400686,49,4,-4.855515554149174,5.743559544555938,0.3978962598713542,-8.840956638916108,5.199072688542841,0.08903931914135998,17.448112441780655
9,backsliding_Nyr,Y_gini_disp,Disposable,gini,instr-antiplural_w9_trt-ert_gapany_illib0p9026269_opp0p9026269_ctrypct_lrmax1_exclyr,backsliding_Nyr,76,5,0.15868231192327195,0.4328729500400686,43,4,-0.9765072451826132,4.819028735319038,0.839419786845186,-1.6763690425171365,7.99038344922943,0.8338250825032427,17.694041313324206
9,backsliding_Nyr,Y_gini_mkt,Market,gini,instr-antiplural_w9_trt-ert_gapany_illib0p9026269_opp0p9026269_ctrypct_lrmax1_exclyr,backsliding_Nyr,76,5,0.15868231192327195,0.4328729500400686,43,4,-1.7310299514509908,4.451683599303804,0.697388310326472,-3.0493542757977323,7.300452280322074,0.6761709437264409,18.879588410463132
9,backsliding_Nyr,Y_debt,Debt / GDP,fiscal,instr-antiplural_w9_trt-ert_gapany_illib0p9026269_opp0p9026269_ctrypct_lrmax1_exclyr,backsliding_Nyr,76,5,0.15868231192327195,0.4328729500400686,53,4,-18.37330524852848,32.80196909660035,0.5753920519641184,-35.094476419340126,88.36605029579827,0.691257688959537,18.11874256916957
9,backsliding_Nyr,Y_deficit,Deficit / GDP,fiscal,instr-antiplural_w9_trt-ert_gapany_illib0p9026269_opp0p9026269_ctrypct_lrmax1_exclyr,backsliding_Nyr,76,5,0.15868231192327195,0.4328729500400686,42,4,-10.962735167608882,4.9572750916733535,0.027005120967537,-17.399730671785903,15.2165259333343,0.25284105564815273,15.613004945477869
9,backsliding_Nyr,Y_checks_balances,Checks & balances,institutions,instr-antiplural_w9_trt-ert_gapany_illib0p9026269_opp0p9026269_ctrypct_lrmax1_exclyr,backsliding_Nyr,76,5,0.15868231192327195,0.4328729500400686,56,4,-0.36003263182681783,0.2799053567327163,0.1983503834079932,-1.976723138288917,2.3918630558433867,0.4085564766104065,17.336874264544512
9,backsliding_Nyr,Y_jucon,Judicial constraints,institutions,instr-antiplural_w9_trt-ert_gapany_illib0p9026269_opp0p9026269_ctrypct_lrmax1_exclyr,backsliding_Nyr,76,5,0.15868231192327195,0.4328729500400686,61,4,0.0504776861245488,0.1555241378990919,0.7455103479166507,0.2466127581559474,0.6974361770059205,0.723639398736792,18.245106616571277
9,backsliding_Nyr,Y_legcon,Legislative constraints,institutions,instr-antiplural_w9_trt-ert_gapany_illib0p9026269_opp0p9026269_ctrypct_lrmax1_exclyr,backsliding_Nyr,76,5,0.15868231192327195,0.4328729500400686,56,4,-0.756559275511526,0.531168593784005,0.15435101485255295,-4.015844166305051,4.772816421929265,0.4001243045070382,16.58025515462835
9,backsliding_Nyr,Y_hos_power,HOS,exec_power,instr-antiplural_w9_trt-ert_gapany_illib0p9026269_opp0p9026269_ctrypct_lrmax1_exclyr,backsliding_Nyr,76,5,0.15868231192327195,0.4328729500400686,61,4,0.04722035926951963,0.09718401182680336,0.6270479330130232,0.13248968650527937,0.32501141034500497,0.6835333952767282,31.223981303647463
9,backsliding_Nyr,Y_hog_power,HOG,exec_power,instr-antiplural_w9_trt-ert_gapany_illib0p9026269_opp0p9026269_ctrypct_lrmax1_exclyr,backsliding_Nyr,76,5,0.15868231192327195,0.4328729500400686,21,2,0.14972217454573475,0.18200208967676249,0.41071282136471027,0.3792821188653328,0.31992470931757,0.23580576419868376,20.023131858490455
9,backsliding_Nyr,Y_hos_power_vdem,HOS (v2ex_hosw),exec_power_alt,instr-antiplural_w9_trt-ert_gapany_illib0p9026269_opp0p9026269_ctrypct_lrmax1_exclyr,backsliding_Nyr,76,5,0.15868231192327195,0.4328729500400686,61,4,-0.02588674360078741,0.02788845087183503,0.3532911238538719,-0.08072497402294562,0.11184621721264972,0.4704483780321482,20.59491714899668
9,backsliding_Nyr,Y_hog_power_vdem,HOG (v2ex_hogw),exec_power_alt,instr-antiplural_w9_trt-ert_gapany_illib0p9026269_opp0p9026269_ctrypct_lrmax1_exclyr,backsliding_Nyr,76,5,0.15868231192327195,0.4328729500400686,61,4,0.05298505544942909,0.05756892146270875,0.35737628967919266,0.240411389816681,0.26605010365652765,0.36619056219442286,16.786965118075265
9,backsliding_Nyr,Y_polyarchy,Electoral (polyarchy),vdem_high,instr-antiplural_w9_trt-ert_gapany_illib0p9026269_opp0p9026269_ctrypct_lrmax1_exclyr,backsliding_Nyr,76,5,0.15868231192327195,0.4328729500400686,61,4,-0.23035152424273864,0.16392690211387023,0.15995920023209298,-1.39875882365849,1.860534869140162,0.4521685266222143,17.616770771645374
9,backsliding_Nyr,Y_libdem,Liberal,vdem_high,instr-antiplural_w9_trt-ert_gapany_illib0p9026269_opp0p9026269_ctrypct_lrmax1_exclyr,backsliding_Nyr,76,5,0.15868231192327195,0.4328729500400686,61,4,-0.1894819344901234,0.12553299909613225,0.1311916581575153,-1.1682753628096934,1.5257822228319098,0.44386110134403034,18.323291781511895
9,backsliding_Nyr,Y_partipdem,Participatory,vdem_high,instr-antiplural_w9_trt-ert_gapany_illib0p9026269_opp0p9026269_ctrypct_lrmax1_exclyr,backsliding_Nyr,76,5,0.15868231192327195,0.4328729500400686,61,4,-0.1132282626417775,0.08880723285408697,0.20231306517572648,-0.7036423375471152,1.0936561565225849,0.5199740938702296,17.390016226004608
9,backsliding_Nyr,Y_delibdem,Deliberative,vdem_high,instr-antiplural_w9_trt-ert_gapany_illib0p9026269_opp0p9026269_ctrypct_lrmax1_exclyr,backsliding_Nyr,76,5,0.15868231192327195,0.4328729500400686,61,4,-0.2526918853431735,0.1884905490878848,0.18004784929712442,-1.528737653177814,1.8604824336255683,0.41125401221527746,17.789691606063418
9,backsliding_Nyr,Y_egaldem,Egalitarian,vdem_high,instr-antiplural_w9_trt-ert_gapany_illib0p9026269_opp0p9026269_ctrypct_lrmax1_exclyr,backsliding_Nyr,76,5,0.15868231192327195,0.4328729500400686,61,4,-0.1222511052757906,0.10675239228250778,0.25213304693546335,-0.7762125990713855,1.0916517218473472,0.4770568612269321,17.957258955602054
9,backsliding_Nyr,Y_elecoff,Elected officials,vdem_electoral,instr-antiplural_w9_trt-ert_gapany_illib0p9026269_opp0p9026269_ctrypct_lrmax1_exclyr,backsliding_Nyr,76,5,0.15868231192327195,0.4328729500400686,61,4,-0.8980934496023673,0.5531582858123527,0.10446674317642075,-4.931359700399222,5.6372794167128495,0.381695512401582,17.415448219465837
9,backsliding_Nyr,Y_frefair,Clean elections,vdem_electoral,instr-antiplural_w9_trt-ert_gapany_illib0p9026269_opp0p9026269_ctrypct_lrmax1_exclyr,backsliding_Nyr,76,5,0.15868231192327195,0.4328729500400686,61,4,-0.3798503019701102,0.23995888258896103,0.1134258424878022,-2.2931853553869717,2.8742543076414835,0.4249653045535096,18.25089341052589
9,backsliding_Nyr,Y_frassoc,Association,vdem_electoral,instr-antiplural_w9_trt-ert_gapany_illib0p9026269_opp0p9026269_ctrypct_lrmax1_exclyr,backsliding_Nyr,76,5,0.15868231192327195,0.4328729500400686,61,4,-0.28214770766447345,0.2414156393781766,0.24251575742087875,-1.78071371734611,2.530994458591662,0.4817050430748688,18.857316031161524
9,backsliding_Nyr,Y_suffr,Suffrage,vdem_electoral,instr-antiplural_w9_trt-ert_gapany_illib0p9026269_opp0p9026269_ctrypct_lrmax1_exclyr,backsliding_Nyr,76,5,0.15868231192327195,0.4328729500400686,NA,4,NA,NA,NA,NA,NA,NA,NA
9,backsliding_Nyr,Y_freexp,Expression & alt. info,vdem_electoral,instr-antiplural_w9_trt-ert_gapany_illib0p9026269_opp0p9026269_ctrypct_lrmax1_exclyr,backsliding_Nyr,76,5,0.15868231192327195,0.4328729500400686,61,4,-0.02749119757391105,0.2591664537914563,0.9155224912439353,-0.26712672029710804,1.2260597686381869,0.8275271747646571,16.977685258491274
9,backsliding_Nyr,Y_cl_rol,Rule of law,vdem_liberal,instr-antiplural_w9_trt-ert_gapany_illib0p9026269_opp0p9026269_ctrypct_lrmax1_exclyr,backsliding_Nyr,76,5,0.15868231192327195,0.4328729500400686,61,4,-0.07687528132617732,0.21783516034422185,0.7241590975978551,-0.5365951556307048,1.293962751143204,0.6783678679542686,18.136092717067793
9,backsliding_Nyr,Y_cspart,Civil society,vdem_particip,instr-antiplural_w9_trt-ert_gapany_illib0p9026269_opp0p9026269_ctrypct_lrmax1_exclyr,backsliding_Nyr,76,5,0.15868231192327195,0.4328729500400686,61,4,-0.2191281979770031,0.1754108724475539,0.2115816423044495,-1.3365087077592681,1.2908854815142303,0.3005089501253722,19.514285733310192
9,backsliding_Nyr,Y_dd,Direct democracy,vdem_particip,instr-antiplural_w9_trt-ert_gapany_illib0p9026269_opp0p9026269_ctrypct_lrmax1_exclyr,backsliding_Nyr,76,5,0.15868231192327195,0.4328729500400686,61,4,-0.10571986004252051,0.05245633063553014,0.0438640092831678,-0.6357296250010855,0.5936831367277476,0.2842489720449913,14.10736117448253
9,backsliding_Nyr,Y_locelec,Local elections,vdem_particip,instr-antiplural_w9_trt-ert_gapany_illib0p9026269_opp0p9026269_ctrypct_lrmax1_exclyr,backsliding_Nyr,76,5,0.15868231192327195,0.4328729500400686,61,4,-0.04832237141852108,0.34413577689047403,0.8883308527825472,-0.3620958963275471,2.000897863286907,0.8563937088829049,19.73970449563243
9,backsliding_Nyr,Y_regelec,Regional elections,vdem_particip,instr-antiplural_w9_trt-ert_gapany_illib0p9026269_opp0p9026269_ctrypct_lrmax1_exclyr,backsliding_Nyr,76,5,0.15868231192327195,0.4328729500400686,61,4,0.02865925884275136,0.2070245297687153,0.8898973318062402,0.13902041249940883,0.7193437064702609,0.846755299085681,20.727199697090477
9,backsliding_Nyr,Y_delib,Deliberation,vdem_egal_delib,instr-antiplural_w9_trt-ert_gapany_illib0p9026269_opp0p9026269_ctrypct_lrmax1_exclyr,backsliding_Nyr,76,5,0.15868231192327195,0.4328729500400686,61,4,-0.3758915783229271,0.32116419068759905,0.2418387712851501,-2.309619005506096,2.5904556095717424,0.37261383149466026,19.12627235298794
9,backsliding_Nyr,Y_eqprotec,Equal protection,vdem_egal_delib,instr-antiplural_w9_trt-ert_gapany_illib0p9026269_opp0p9026269_ctrypct_lrmax1_exclyr,backsliding_Nyr,76,5,0.15868231192327195,0.4328729500400686,61,4,-0.13216436056814693,0.1820197032991245,0.4677779607189971,-0.7681378820852189,1.242295185674844,0.5363634006498804,20.356840764437052
9,backsliding_Nyr,Y_eqaccess,Equal access,vdem_egal_delib,instr-antiplural_w9_trt-ert_gapany_illib0p9026269_opp0p9026269_ctrypct_lrmax1_exclyr,backsliding_Nyr,76,5,0.15868231192327195,0.4328729500400686,61,4,-0.14562794306626398,0.14801586522389337,0.3251808520095115,-0.9403059193310406,0.9101492129068484,0.30154128536601144,18.20893740569993
9,backsliding_Nyr,Y_eqdr,Equal distribution,vdem_egal_delib,instr-antiplural_w9_trt-ert_gapany_illib0p9026269_opp0p9026269_ctrypct_lrmax1_exclyr,backsliding_Nyr,76,5,0.15868231192327195,0.4328729500400686,61,4,-0.13697147583769367,0.2028149014542512,0.49945207078878057,-0.794808709495118,1.1435634468792333,0.48703770283273906,18.65675623121316
9,backsliding_union_Nyr,Y_gdp_growth,PWT,growth,instr-antiplural_w9_trt-ertOrDdcg_gapany_illib0p9026269_opp0p9026269_ctrypct_lrmax1_exclyr,backsliding_union_Nyr,76,6,0.10490742405171467,0.620248625259136,53,4,-0.06361997099475128,0.4007272456963482,0.8738569548495292,-0.09814447812285028,0.6404818410534026,0.8782126581427507,15.29077056374851
9,backsliding_union_Nyr,Y_gdp_growth_wb,World Bank,growth,instr-antiplural_w9_trt-ertOrDdcg_gapany_illib0p9026269_opp0p9026269_ctrypct_lrmax1_exclyr,backsliding_union_Nyr,76,6,0.10490742405171467,0.620248625259136,55,4,0.03758484475466223,0.39917766298524954,0.9249854896378747,0.06880361193081523,0.8973938491880542,0.9388856935828052,16.72683725591741
9,backsliding_union_Nyr,Y_gdp_growth_imf,IMF WEO,growth,instr-antiplural_w9_trt-ertOrDdcg_gapany_illib0p9026269_opp0p9026269_ctrypct_lrmax1_exclyr,backsliding_union_Nyr,76,6,0.10490742405171467,0.620248625259136,39,4,0.0929594293028682,0.2272832510860932,0.6825377896791731,0.1104286625382364,0.23841408225131736,0.6432352667929885,19.68911345021114
9,backsliding_union_Nyr,Y_inflation,"CPI, cumulative log",inflation,instr-antiplural_w9_trt-ertOrDdcg_gapany_illib0p9026269_opp0p9026269_ctrypct_lrmax1_exclyr,backsliding_union_Nyr,76,6,0.10490742405171467,0.620248625259136,50,4,0.1427448884686947,0.5739925115460165,0.8036023492091279,0.295084052860115,1.8226236658812192,0.8713840491878433,19.170864266249477
9,backsliding_union_Nyr,Y_unemployment,Unemployment rate,unemployment,instr-antiplural_w9_trt-ertOrDdcg_gapany_illib0p9026269_opp0p9026269_ctrypct_lrmax1_exclyr,backsliding_union_Nyr,76,6,0.10490742405171467,0.620248625259136,34,4,-3.1020720570673985,2.235125433438808,0.16517547332600768,-18.69823940959918,13.093743129810226,0.1532836324690011,16.77585488021003
9,backsliding_union_Nyr,Y_trade_pct_gdp,Trade / GDP,trade,instr-antiplural_w9_trt-ertOrDdcg_gapany_illib0p9026269_opp0p9026269_ctrypct_lrmax1_exclyr,backsliding_union_Nyr,76,6,0.10490742405171467,0.620248625259136,50,4,-49.13624347872788,49.30140626748953,0.3189344575410487,140.82752653037534,527.0822700782612,0.7893281121057726,10.714741199943994
9,backsliding_union_Nyr,Y_top10_share,Top-10% income share,top10,instr-antiplural_w9_trt-ertOrDdcg_gapany_illib0p9026269_opp0p9026269_ctrypct_lrmax1_exclyr,backsliding_union_Nyr,76,6,0.10490742405171467,0.620248625259136,49,4,-4.855515554149174,5.743559544555938,0.3978962598713542,-8.840956638916108,5.199072688542841,0.08903931914135998,17.448112441780655
9,backsliding_union_Nyr,Y_gini_disp,Disposable,gini,instr-antiplural_w9_trt-ertOrDdcg_gapany_illib0p9026269_opp0p9026269_ctrypct_lrmax1_exclyr,backsliding_union_Nyr,76,6,0.10490742405171467,0.620248625259136,43,4,-0.9765072451826132,4.819028735319038,0.839419786845186,-1.6763690425171365,7.99038344922943,0.8338250825032427,17.694041313324206
9,backsliding_union_Nyr,Y_gini_mkt,Market,gini,instr-antiplural_w9_trt-ertOrDdcg_gapany_illib0p9026269_opp0p9026269_ctrypct_lrmax1_exclyr,backsliding_union_Nyr,76,6,0.10490742405171467,0.620248625259136,43,4,-1.7310299514509908,4.451683599303804,0.697388310326472,-3.0493542757977323,7.300452280322074,0.6761709437264409,18.879588410463132
9,backsliding_union_Nyr,Y_debt,Debt / GDP,fiscal,instr-antiplural_w9_trt-ertOrDdcg_gapany_illib0p9026269_opp0p9026269_ctrypct_lrmax1_exclyr,backsliding_union_Nyr,76,6,0.10490742405171467,0.620248625259136,53,4,-18.37330524852848,32.80196909660035,0.5753920519641184,-35.094476419340126,88.36605029579827,0.691257688959537,18.11874256916957
9,backsliding_union_Nyr,Y_deficit,Deficit / GDP,fiscal,instr-antiplural_w9_trt-ertOrDdcg_gapany_illib0p9026269_opp0p9026269_ctrypct_lrmax1_exclyr,backsliding_union_Nyr,76,6,0.10490742405171467,0.620248625259136,42,4,-10.962735167608882,4.9572750916733535,0.027005120967537,-17.399730671785903,15.2165259333343,0.25284105564815273,15.613004945477869
9,backsliding_union_Nyr,Y_checks_balances,Checks & balances,institutions,instr-antiplural_w9_trt-ertOrDdcg_gapany_illib0p9026269_opp0p9026269_ctrypct_lrmax1_exclyr,backsliding_union_Nyr,76,6,0.10490742405171467,0.620248625259136,56,5,-0.36003263182681783,0.2799053567327163,0.1983503834079932,-1.857225054351567,2.3901277572890054,0.4371351263611839,17.336874264544512
9,backsliding_union_Nyr,Y_jucon,Judicial constraints,institutions,instr-antiplural_w9_trt-ertOrDdcg_gapany_illib0p9026269_opp0p9026269_ctrypct_lrmax1_exclyr,backsliding_union_Nyr,76,6,0.10490742405171467,0.620248625259136,61,5,0.0504776861245488,0.1555241378990919,0.7455103479166507,0.24308136095262184,0.695814955887421,0.7268282850578835,18.245106616571277
9,backsliding_union_Nyr,Y_legcon,Legislative constraints,institutions,instr-antiplural_w9_trt-ertOrDdcg_gapany_illib0p9026269_opp0p9026269_ctrypct_lrmax1_exclyr,backsliding_union_Nyr,76,6,0.10490742405171467,0.620248625259136,56,5,-0.756559275511526,0.531168593784005,0.15435101485255295,-3.768874873445011,4.775243071629233,0.429964156380337,16.58025515462835
9,backsliding_union_Nyr,Y_hos_power,HOS,exec_power,instr-antiplural_w9_trt-ertOrDdcg_gapany_illib0p9026269_opp0p9026269_ctrypct_lrmax1_exclyr,backsliding_union_Nyr,76,6,0.10490742405171467,0.620248625259136,61,5,0.04722035926951963,0.09718401182680336,0.6270479330130232,0.15595597645485876,0.35349941801943274,0.6590845274569384,31.223981303647463
9,backsliding_union_Nyr,Y_hog_power,HOG,exec_power,instr-antiplural_w9_trt-ertOrDdcg_gapany_illib0p9026269_opp0p9026269_ctrypct_lrmax1_exclyr,backsliding_union_Nyr,76,6,0.10490742405171467,0.620248625259136,21,2,0.14972217454573475,0.18200208967676249,0.41071282136471027,0.3792821188653328,0.31992470931757,0.23580576419868376,20.023131858490455
9,backsliding_union_Nyr,Y_hos_power_vdem,HOS (v2ex_hosw),exec_power_alt,instr-antiplural_w9_trt-ertOrDdcg_gapany_illib0p9026269_opp0p9026269_ctrypct_lrmax1_exclyr,backsliding_union_Nyr,76,6,0.10490742405171467,0.620248625259136,61,5,-0.02588674360078741,0.02788845087183503,0.3532911238538719,-0.09256539432673055,0.12037531181056282,0.44190919278226953,20.59491714899668
9,backsliding_union_Nyr,Y_hog_power_vdem,HOG (v2ex_hogw),exec_power_alt,instr-antiplural_w9_trt-ertOrDdcg_gapany_illib0p9026269_opp0p9026269_ctrypct_lrmax1_exclyr,backsliding_union_Nyr,76,6,0.10490742405171467,0.620248625259136,61,5,0.05298505544942909,0.05756892146270875,0.35737628967919266,0.235975326724126,0.2660851960127175,0.3751643778451372,16.786965118075265
9,backsliding_union_Nyr,Y_polyarchy,Electoral (polyarchy),vdem_high,instr-antiplural_w9_trt-ertOrDdcg_gapany_illib0p9026269_opp0p9026269_ctrypct_lrmax1_exclyr,backsliding_union_Nyr,76,6,0.10490742405171467,0.620248625259136,61,5,-0.23035152424273864,0.16392690211387023,0.15995920023209298,-1.308669939841526,1.8535224135409936,0.48016025150709646,17.616770771645374
9,backsliding_union_Nyr,Y_libdem,Liberal,vdem_high,instr-antiplural_w9_trt-ertOrDdcg_gapany_illib0p9026269_opp0p9026269_ctrypct_lrmax1_exclyr,backsliding_union_Nyr,76,6,0.10490742405171467,0.620248625259136,61,5,-0.1894819344901234,0.12553299909613225,0.1311916581575153,-1.0937171716488925,1.517666651795444,0.4711205441317486,18.323291781511895
9,backsliding_union_Nyr,Y_partipdem,Participatory,vdem_high,instr-antiplural_w9_trt-ertOrDdcg_gapany_illib0p9026269_opp0p9026269_ctrypct_lrmax1_exclyr,backsliding_union_Nyr,76,6,0.10490742405171467,0.620248625259136,61,5,-0.1132282626417775,0.08880723285408697,0.20231306517572648,-0.6525248712437459,1.0917819814126022,0.5500604312770486,17.390016226004608
9,backsliding_union_Nyr,Y_delibdem,Deliberative,vdem_high,instr-antiplural_w9_trt-ertOrDdcg_gapany_illib0p9026269_opp0p9026269_ctrypct_lrmax1_exclyr,backsliding_union_Nyr,76,6,0.10490742405171467,0.620248625259136,61,5,-0.2526918853431735,0.1884905490878848,0.18004784929712442,-1.4304581040607691,1.853515798222412,0.4402601817891549,17.789691606063418
9,backsliding_union_Nyr,Y_egaldem,Egalitarian,vdem_high,instr-antiplural_w9_trt-ertOrDdcg_gapany_illib0p9026269_opp0p9026269_ctrypct_lrmax1_exclyr,backsliding_union_Nyr,76,6,0.10490742405171467,0.620248625259136,61,5,-0.1222511052757906,0.10675239228250778,0.25213304693546335,-0.7172580964265138,1.087348353773355,0.5094850981191219,17.957258955602054
9,backsliding_union_Nyr,Y_elecoff,Elected officials,vdem_electoral,instr-antiplural_w9_trt-ertOrDdcg_gapany_illib0p9026269_opp0p9026269_ctrypct_lrmax1_exclyr,backsliding_union_Nyr,76,6,0.10490742405171467,0.620248625259136,61,5,-0.8980934496023673,0.5531582858123527,0.10446674317642075,-4.780015937000789,5.603778603393995,0.39366001787511146,17.415448219465837
9,backsliding_union_Nyr,Y_frefair,Clean elections,vdem_electoral,instr-antiplural_w9_trt-ertOrDdcg_gapany_illib0p9026269_opp0p9026269_ctrypct_lrmax1_exclyr,backsliding_union_Nyr,76,6,0.10490742405171467,0.620248625259136,61,5,-0.3798503019701102,0.23995888258896103,0.1134258424878022,-2.1579793052260063,2.856014031215248,0.4498942840806097,18.25089341052589
9,backsliding_union_Nyr,Y_frassoc,Association,vdem_electoral,instr-antiplural_w9_trt-ertOrDdcg_gapany_illib0p9026269_opp0p9026269_ctrypct_lrmax1_exclyr,backsliding_union_Nyr,76,6,0.10490742405171467,0.620248625259136,61,5,-0.28214770766447345,0.2414156393781766,0.24251575742087875,-1.6787583316425485,2.5133407761721664,0.5041725295148991,18.857316031161524
9,backsliding_union_Nyr,Y_suffr,Suffrage,vdem_electoral,instr-antiplural_w9_trt-ertOrDdcg_gapany_illib0p9026269_opp0p9026269_ctrypct_lrmax1_exclyr,backsliding_union_Nyr,76,6,0.10490742405171467,0.620248625259136,NA,5,NA,NA,NA,NA,NA,NA,NA
9,backsliding_union_Nyr,Y_freexp,Expression & alt. info,vdem_electoral,instr-antiplural_w9_trt-ertOrDdcg_gapany_illib0p9026269_opp0p9026269_ctrypct_lrmax1_exclyr,backsliding_union_Nyr,76,6,0.10490742405171467,0.620248625259136,61,5,-0.02749119757391105,0.2591664537914563,0.9155224912439353,-0.22860792612392863,1.2268526425254598,0.8521805670589245,16.977685258491274
9,backsliding_union_Nyr,Y_cl_rol,Rule of law,vdem_liberal,instr-antiplural_w9_trt-ertOrDdcg_gapany_illib0p9026269_opp0p9026269_ctrypct_lrmax1_exclyr,backsliding_union_Nyr,76,6,0.10490742405171467,0.620248625259136,61,5,-0.07687528132617732,0.21783516034422185,0.7241590975978551,-0.4932589221652083,1.29417783135647,0.7031016705096664,18.136092717067793
9,backsliding_union_Nyr,Y_cspart,Civil society,vdem_particip,instr-antiplural_w9_trt-ertOrDdcg_gapany_illib0p9026269_opp0p9026269_ctrypct_lrmax1_exclyr,backsliding_union_Nyr,76,6,0.10490742405171467,0.620248625259136,61,5,-0.2191281979770031,0.1754108724475539,0.2115816423044495,-1.2833483266431904,1.2800791531713795,0.3160761558228908,19.514285733310192
9,backsliding_union_Nyr,Y_dd,Direct democracy,vdem_particip,instr-antiplural_w9_trt-ertOrDdcg_gapany_illib0p9026269_opp0p9026269_ctrypct_lrmax1_exclyr,backsliding_union_Nyr,76,6,0.10490742405171467,0.620248625259136,61,5,-0.10571986004252051,0.05245633063553014,0.0438640092831678,-0.5990600733237228,0.5951935816901244,0.314176942630932,14.10736117448253
9,backsliding_union_Nyr,Y_locelec,Local elections,vdem_particip,instr-antiplural_w9_trt-ertOrDdcg_gapany_illib0p9026269_opp0p9026269_ctrypct_lrmax1_exclyr,backsliding_union_Nyr,76,6,0.10490742405171467,0.620248625259136,61,5,-0.04832237141852108,0.34413577689047403,0.8883308527825472,-0.32907187366472257,2.0008241055773746,0.8693626043254052,19.73970449563243
9,backsliding_union_Nyr,Y_regelec,Regional elections,vdem_particip,instr-antiplural_w9_trt-ertOrDdcg_gapany_illib0p9026269_opp0p9026269_ctrypct_lrmax1_exclyr,backsliding_union_Nyr,76,6,0.10490742405171467,0.620248625259136,61,5,0.02865925884275136,0.2070245297687153,0.8898973318062402,0.14808889959920463,0.7660974919518703,0.8467217218418367,20.727199697090477
9,backsliding_union_Nyr,Y_delib,Deliberation,vdem_egal_delib,instr-antiplural_w9_trt-ertOrDdcg_gapany_illib0p9026269_opp0p9026269_ctrypct_lrmax1_exclyr,backsliding_union_Nyr,76,6,0.10490742405171467,0.620248625259136,61,5,-0.3758915783229271,0.32116419068759905,0.2418387712851501,-2.185618775561187,2.572137257082041,0.3954759538282413,19.12627235298794
9,backsliding_union_Nyr,Y_eqprotec,Equal protection,vdem_egal_delib,instr-antiplural_w9_trt-ertOrDdcg_gapany_illib0p9026269_opp0p9026269_ctrypct_lrmax1_exclyr,backsliding_union_Nyr,76,6,0.10490742405171467,0.620248625259136,61,5,-0.13216436056814693,0.1820197032991245,0.4677779607189971,-0.7746452243370229,1.3306631170868055,0.5604658053155305,20.356840764437052
9,backsliding_union_Nyr,Y_eqaccess,Equal access,vdem_egal_delib,instr-antiplural_w9_trt-ertOrDdcg_gapany_illib0p9026269_opp0p9026269_ctrypct_lrmax1_exclyr,backsliding_union_Nyr,76,6,0.10490742405171467,0.620248625259136,61,5,-0.14562794306626398,0.14801586522389337,0.3251808520095115,-0.876278500725826,0.9050442414071334,0.3329364034380349,18.20893740569993
9,backsliding_union_Nyr,Y_eqdr,Equal distribution,vdem_egal_delib,instr-antiplural_w9_trt-ertOrDdcg_gapany_illib0p9026269_opp0p9026269_ctrypct_lrmax1_exclyr,backsliding_union_Nyr,76,6,0.10490742405171467,0.620248625259136,61,5,-0.13697147583769367,0.2028149014542512,0.49945207078878057,-0.759575912994661,1.1412442426721,0.5056871174307012,18.65675623121316
9,polyarchy_decline,Y_gdp_growth,PWT,growth,instr-antiplural_w9_trt-polyarchy_gapany_illib0p9026269_opp0p9026269_ctrypct_lrmax1_exclyr,polyarchy_decline,61,17,0.23035152424273864,0.15995920023209298,53,12,-0.06361997099475128,0.4007272456963482,0.8738569548495292,0.9362859196323906,0.8419194099722808,0.2661016194701995,33.50336175717464
9,polyarchy_decline,Y_gdp_growth_wb,World Bank,growth,instr-antiplural_w9_trt-polyarchy_gapany_illib0p9026269_opp0p9026269_ctrypct_lrmax1_exclyr,polyarchy_decline,61,17,0.23035152424273864,0.15995920023209298,55,15,0.03758484475466223,0.39917766298524954,0.9249854896378747,1.327350999626544,1.4558319189565936,0.3619016937580256,26.588336286964154
9,polyarchy_decline,Y_gdp_growth_imf,IMF WEO,growth,instr-antiplural_w9_trt-polyarchy_gapany_illib0p9026269_opp0p9026269_ctrypct_lrmax1_exclyr,polyarchy_decline,61,17,0.23035152424273864,0.15995920023209298,39,9,0.0929594293028682,0.2272832510860932,0.6825377896791731,0.19101346054614496,0.623799356289153,0.7594449302687556,26.81099679739078
9,polyarchy_decline,Y_inflation,"CPI, cumulative log",inflation,instr-antiplural_w9_trt-polyarchy_gapany_illib0p9026269_opp0p9026269_ctrypct_lrmax1_exclyr,polyarchy_decline,61,17,0.23035152424273864,0.15995920023209298,50,14,0.1427448884686947,0.5739925115460165,0.8036023492091279,1.496268815125445,4.058303881343039,0.7123564599935889,23.95865679512343
9,polyarchy_decline,Y_unemployment,Unemployment rate,unemployment,instr-antiplural_w9_trt-polyarchy_gapany_illib0p9026269_opp0p9026269_ctrypct_lrmax1_exclyr,polyarchy_decline,61,17,0.23035152424273864,0.15995920023209298,34,13,-3.1020720570673985,2.235125433438808,0.16517547332600768,-2.091285199144796,4.714525991957781,0.6573438509322103,10.789858732327982
9,polyarchy_decline,Y_trade_pct_gdp,Trade / GDP,trade,instr-antiplural_w9_trt-polyarchy_gapany_illib0p9026269_opp0p9026269_ctrypct_lrmax1_exclyr,polyarchy_decline,61,17,0.23035152424273864,0.15995920023209298,50,13,-49.13624347872788,49.30140626748953,0.3189344575410487,-1032.7662050276242,1639.1806332819372,0.5286616930267144,9.888595075717364
9,polyarchy_decline,Y_top10_share,Top-10% income share,top10,instr-antiplural_w9_trt-polyarchy_gapany_illib0p9026269_opp0p9026269_ctrypct_lrmax1_exclyr,polyarchy_decline,61,17,0.23035152424273864,0.15995920023209298,49,14,-4.855515554149174,5.743559544555938,0.3978962598713542,-6.606679917642008,12.303822914335653,0.5912941683912097,25.604165890541136
9,polyarchy_decline,Y_gini_disp,Disposable,gini,instr-antiplural_w9_trt-polyarchy_gapany_illib0p9026269_opp0p9026269_ctrypct_lrmax1_exclyr,polyarchy_decline,61,17,0.23035152424273864,0.15995920023209298,43,12,-0.9765072451826132,4.819028735319038,0.839419786845186,0.6573093987746814,7.16054843112815,0.926860156026224,24.445230944810156
9,polyarchy_decline,Y_gini_mkt,Market,gini,instr-antiplural_w9_trt-polyarchy_gapany_illib0p9026269_opp0p9026269_ctrypct_lrmax1_exclyr,polyarchy_decline,61,17,0.23035152424273864,0.15995920023209298,43,12,-1.7310299514509908,4.451683599303804,0.697388310326472,-0.12665017793612263,6.980341071545074,0.9855241059918256,22.215495501817447
9,polyarchy_decline,Y_debt,Debt / GDP,fiscal,instr-antiplural_w9_trt-polyarchy_gapany_illib0p9026269_opp0p9026269_ctrypct_lrmax1_exclyr,polyarchy_decline,61,17,0.23035152424273864,0.15995920023209298,53,15,-18.37330524852848,32.80196909660035,0.5753920519641184,-49.811280174082505,101.18755597339614,0.622530706463922,29.78057723301761
9,polyarchy_decline,Y_deficit,Deficit / GDP,fiscal,instr-antiplural_w9_trt-polyarchy_gapany_illib0p9026269_opp0p9026269_ctrypct_lrmax1_exclyr,polyarchy_decline,61,17,0.23035152424273864,0.15995920023209298,42,15,-10.962735167608882,4.9572750916733535,0.027005120967537,-52.00027544801573,28.959965373165243,0.07255946594151833,17.535081388602592
9,polyarchy_decline,Y_checks_balances,Checks & balances,institutions,instr-antiplural_w9_trt-polyarchy_gapany_illib0p9026269_opp0p9026269_ctrypct_lrmax1_exclyr,polyarchy_decline,61,17,0.23035152424273864,0.15995920023209298,56,17,-0.36003263182681783,0.2799053567327163,0.1983503834079932,-1.025869366840838,0.2810376685592754,2.619430325241332e-4,27.183032873414877
9,polyarchy_decline,Y_jucon,Judicial constraints,institutions,instr-antiplural_w9_trt-polyarchy_gapany_illib0p9026269_opp0p9026269_ctrypct_lrmax1_exclyr,polyarchy_decline,61,17,0.23035152424273864,0.15995920023209298,61,17,0.0504776861245488,0.1555241378990919,0.7455103479166507,-0.1370478736954676,0.3910402269133496,0.7259859904430432,25.60077335379313
9,polyarchy_decline,Y_legcon,Legislative constraints,institutions,instr-antiplural_w9_trt-polyarchy_gapany_illib0p9026269_opp0p9026269_ctrypct_lrmax1_exclyr,polyarchy_decline,61,17,0.23035152424273864,0.15995920023209298,56,17,-0.756559275511526,0.531168593784005,0.15435101485255295,-1.7379150282989633,0.5706468461034171,0.0023228016282953,33.758343715555654
9,polyarchy_decline,Y_hos_power,HOS,exec_power,instr-antiplural_w9_trt-polyarchy_gapany_illib0p9026269_opp0p9026269_ctrypct_lrmax1_exclyr,polyarchy_decline,61,17,0.23035152424273864,0.15995920023209298,61,17,0.04722035926951963,0.09718401182680336,0.6270479330130232,0.105518476239184,0.24833037556532736,0.6709010622505354,28.635449554080363
9,polyarchy_decline,Y_hog_power,HOG,exec_power,instr-antiplural_w9_trt-polyarchy_gapany_illib0p9026269_opp0p9026269_ctrypct_lrmax1_exclyr,polyarchy_decline,61,17,0.23035152424273864,0.15995920023209298,21,4,0.14972217454573475,0.18200208967676249,0.41071282136471027,-0.9079360273032072,2.164945963113328,0.6749381044501972,37.001549242794255
9,polyarchy_decline,Y_hos_power_vdem,HOS (v2ex_hosw),exec_power_alt,instr-antiplural_w9_trt-polyarchy_gapany_illib0p9026269_opp0p9026269_ctrypct_lrmax1_exclyr,polyarchy_decline,61,17,0.23035152424273864,0.15995920023209298,61,17,-0.02588674360078741,0.02788845087183503,0.3532911238538719,-0.09279035319304783,0.30384818850425543,0.7600737614471664,35.524447899795206
9,polyarchy_decline,Y_hog_power_vdem,HOG (v2ex_hogw),exec_power_alt,instr-antiplural_w9_trt-polyarchy_gapany_illib0p9026269_opp0p9026269_ctrypct_lrmax1_exclyr,polyarchy_decline,61,17,0.23035152424273864,0.15995920023209298,61,17,0.05298505544942909,0.05756892146270875,0.35737628967919266,0.01845630031131688,0.3295187370233309,0.9553339475545388,35.556523245157095
9,polyarchy_decline,Y_polyarchy,Electoral (polyarchy),vdem_high,instr-antiplural_w9_trt-polyarchy_gapany_illib0p9026269_opp0p9026269_ctrypct_lrmax1_exclyr,polyarchy_decline,61,17,0.23035152424273864,0.15995920023209298,61,17,-0.23035152424273864,0.16392690211387023,0.15995920023209298,-1,1.8178446464187254e-17,0,21.693539995482237
9,polyarchy_decline,Y_libdem,Liberal,vdem_high,instr-antiplural_w9_trt-polyarchy_gapany_illib0p9026269_opp0p9026269_ctrypct_lrmax1_exclyr,polyarchy_decline,61,17,0.23035152424273864,0.15995920023209298,61,17,-0.1894819344901234,0.12553299909613225,0.1311916581575153,-0.7738091342798459,0.0522098439826197,1.0696209313945338e-49,34.72948638989618
9,polyarchy_decline,Y_partipdem,Participatory,vdem_high,instr-antiplural_w9_trt-polyarchy_gapany_illib0p9026269_opp0p9026269_ctrypct_lrmax1_exclyr,polyarchy_decline,61,17,0.23035152424273864,0.15995920023209298,61,17,-0.1132282626417775,0.08880723285408697,0.20231306517572648,-0.5685333712747633,0.15174510916071127,1.7922335017007734e-4,35.861464965048654
9,polyarchy_decline,Y_delibdem,Deliberative,vdem_high,instr-antiplural_w9_trt-polyarchy_gapany_illib0p9026269_opp0p9026269_ctrypct_lrmax1_exclyr,polyarchy_decline,61,17,0.23035152424273864,0.15995920023209298,61,17,-0.2526918853431735,0.1884905490878848,0.18004784929712442,-1.057682471957805,0.1448158918593158,2.800947670980087e-13,35.23287788752588
9,polyarchy_decline,Y_egaldem,Egalitarian,vdem_high,instr-antiplural_w9_trt-polyarchy_gapany_illib0p9026269_opp0p9026269_ctrypct_lrmax1_exclyr,polyarchy_decline,61,17,0.23035152424273864,0.15995920023209298,61,17,-0.1222511052757906,0.10675239228250778,0.25213304693546335,-0.6274025052654661,0.1050434509663408,2.3322961073220033e-9,26.741366705414293
9,polyarchy_decline,Y_elecoff,Elected officials,vdem_electoral,instr-antiplural_w9_trt-polyarchy_gapany_illib0p9026269_opp0p9026269_ctrypct_lrmax1_exclyr,polyarchy_decline,61,17,0.23035152424273864,0.15995920023209298,61,17,-0.8980934496023673,0.5531582858123527,0.10446674317642075,-1.940506921083998,1.0976175075359045,0.07707321592189675,26.501434322127732
9,polyarchy_decline,Y_frefair,Clean elections,vdem_electoral,instr-antiplural_w9_trt-polyarchy_gapany_illib0p9026269_opp0p9026269_ctrypct_lrmax1_exclyr,polyarchy_decline,61,17,0.23035152424273864,0.15995920023209298,61,17,-0.3798503019701102,0.23995888258896103,0.1134258424878022,-1.3524647206444735,0.2401928171919004,1.794319168653483e-8,35.08838078009647
9,polyarchy_decline,Y_frassoc,Association,vdem_electoral,instr-antiplural_w9_trt-polyarchy_gapany_illib0p9026269_opp0p9026269_ctrypct_lrmax1_exclyr,polyarchy_decline,61,17,0.23035152424273864,0.15995920023209298,61,17,-0.28214770766447345,0.2414156393781766,0.24251575742087875,-1.277685497417486,0.23068999054337655,3.0500542319518995e-8,27.49956911510261
9,polyarchy_decline,Y_suffr,Suffrage,vdem_electoral,instr-antiplural_w9_trt-polyarchy_gapany_illib0p9026269_opp0p9026269_ctrypct_lrmax1_exclyr,polyarchy_decline,61,17,0.23035152424273864,0.15995920023209298,NA,17,NA,NA,NA,NA,NA,NA,NA
9,polyarchy_decline,Y_freexp,Expression & alt. info,vdem_electoral,instr-antiplural_w9_trt-polyarchy_gapany_illib0p9026269_opp0p9026269_ctrypct_lrmax1_exclyr,polyarchy_decline,61,17,0.23035152424273864,0.15995920023209298,61,17,-0.02749119757391105,0.2591664537914563,0.9155224912439353,-0.681437032954849,0.52155348330586,0.19136472113249983,36.674356175278334
9,polyarchy_decline,Y_cl_rol,Rule of law,vdem_liberal,instr-antiplural_w9_trt-polyarchy_gapany_illib0p9026269_opp0p9026269_ctrypct_lrmax1_exclyr,polyarchy_decline,61,17,0.23035152424273864,0.15995920023209298,61,17,-0.07687528132617732,0.21783516034422185,0.7241590975978551,-0.6378966817669637,0.4329960253384543,0.1406927963321713,35.3327970935055
9,polyarchy_decline,Y_cspart,Civil society,vdem_particip,instr-antiplural_w9_trt-polyarchy_gapany_illib0p9026269_opp0p9026269_ctrypct_lrmax1_exclyr,polyarchy_decline,61,17,0.23035152424273864,0.15995920023209298,61,17,-0.2191281979770031,0.1754108724475539,0.2115816423044495,-1.0372404473028367,0.322480230358198,0.00129788675400099,28.19542971307128
9,polyarchy_decline,Y_dd,Direct democracy,vdem_particip,instr-antiplural_w9_trt-polyarchy_gapany_illib0p9026269_opp0p9026269_ctrypct_lrmax1_exclyr,polyarchy_decline,61,17,0.23035152424273864,0.15995920023209298,61,17,-0.10571986004252051,0.05245633063553014,0.0438640092831678,-0.04211976317193293,0.12652922910172135,0.7392206108864581,26.7321288185884
9,polyarchy_decline,Y_locelec,Local elections,vdem_particip,instr-antiplural_w9_trt-polyarchy_gapany_illib0p9026269_opp0p9026269_ctrypct_lrmax1_exclyr,polyarchy_decline,61,17,0.23035152424273864,0.15995920023209298,61,17,-0.04832237141852108,0.34413577689047403,0.8883308527825472,-0.4929416427962056,0.8962523157302578,0.5823171778677081,26.177262808992673
9,polyarchy_decline,Y_regelec,Regional elections,vdem_particip,instr-antiplural_w9_trt-polyarchy_gapany_illib0p9026269_opp0p9026269_ctrypct_lrmax1_exclyr,polyarchy_decline,61,17,0.23035152424273864,0.15995920023209298,61,17,0.02865925884275136,0.2070245297687153,0.8898973318062402,0.10165103494693378,0.5847285585394097,0.861988758175711,25.35705815034353
9,polyarchy_decline,Y_delib,Deliberation,vdem_egal_delib,instr-antiplural_w9_trt-polyarchy_gapany_illib0p9026269_opp0p9026269_ctrypct_lrmax1_exclyr,polyarchy_decline,61,17,0.23035152424273864,0.15995920023209298,61,17,-0.3758915783229271,0.32116419068759905,0.2418387712851501,-1.477136476412792,0.43241132799741383,6.35377887259486e-4,35.56306164013964
9,polyarchy_decline,Y_eqprotec,Equal protection,vdem_egal_delib,instr-antiplural_w9_trt-polyarchy_gapany_illib0p9026269_opp0p9026269_ctrypct_lrmax1_exclyr,polyarchy_decline,61,17,0.23035152424273864,0.15995920023209298,61,17,-0.13216436056814693,0.1820197032991245,0.4677779607189971,-0.5418895070682588,0.3921439292611442,0.16701351953827395,35.1917347706808
9,polyarchy_decline,Y_eqaccess,Equal access,vdem_egal_delib,instr-antiplural_w9_trt-polyarchy_gapany_illib0p9026269_opp0p9026269_ctrypct_lrmax1_exclyr,polyarchy_decline,61,17,0.23035152424273864,0.15995920023209298,61,17,-0.14562794306626398,0.14801586522389337,0.3251808520095115,-0.91666138504815875,0.3273957429970526,0.00511251901974694,28.549476800617576
9,polyarchy_decline,Y_eqdr,Equal distribution,vdem_egal_delib,instr-antiplural_w9_trt-polyarchy_gapany_illib0p9026269_opp0p9026269_ctrypct_lrmax1_exclyr,polyarchy_decline,61,17,0.23035152424273864,0.15995920023209298,61,17,-0.13697147583769367,0.2028149014542512,0.49945207078878057,-0.4482279464455311,0.425102436225708,0.29169988935483476,34.93067302950077
10,backsliding_Nyr,Y_gdp_growth,PWT,growth,instr-antiplural_w10_trt-ert_gapany_illib0p9026269_opp0p9026269_ctrypct_lrmax1_exclyr,backsliding_Nyr,76,5,0.15868231192327195,0.4328729500400686,52,3,-0.05696787876874509,0.4384338054379357,0.8966178850271196,-0.08693162359750034,0.7006625084678068,0.90125936954257,15.738479790442293
10,backsliding_Nyr,Y_gdp_growth_wb,World Bank,growth,instr-antiplural_w10_trt-ert_gapany_illib0p9026269_opp0p9026269_ctrypct_lrmax1_exclyr,backsliding_Nyr,76,5,0.15868231192327195,0.4328729500400686,52,3,-0.01568330664059974,0.4316098684329062,0.9710138345384596,-0.03030037918865565,0.8039729103702304,0.9699361977246655,16.393323386257006
10,backsliding_Nyr,Y_gdp_growth_imf,IMF WEO,growth,instr-antiplural_w10_trt-ert_gapany_illib0p9026269_opp0p9026269_ctrypct_lrmax1_exclyr,backsliding_Nyr,76,5,0.15868231192327195,0.4328729500400686,37,3,0.10492977291642064,0.32874015554239355,0.7495842786127069,0.12235319301412326,0.3681300137596031,0.7396143590179972,19.06696725049196
10,backsliding_Nyr,Y_inflation,"CPI, cumulative log",inflation,instr-antiplural_w10_trt-ert_gapany_illib0p9026269_opp0p9026269_ctrypct_lrmax1_exclyr,backsliding_Nyr,76,5,0.15868231192327195,0.4328729500400686,48,3,0.07669919125406699,0.6221120413395044,0.9018787350506414,0.11984652487031638,2.007716721511374,0.9524001903795724,19.72997436808872
10,backsliding_Nyr,Y_unemployment,Unemployment rate,unemployment,instr-antiplural_w10_trt-ert_gapany_illib0p9026269_opp0p9026269_ctrypct_lrmax1_exclyr,backsliding_Nyr,76,5,0.15868231192327195,0.4328729500400686,30,4,-8.912890345994859,8.261496858796194,0.2806559796220326,-9.67503583579338,8.272577047024962,0.24218973316312892,14.70695863319455
10,backsliding_Nyr,Y_trade_pct_gdp,Trade / GDP,trade,instr-antiplural_w10_trt-ert_gapany_illib0p9026269_opp0p9026269_ctrypct_lrmax1_exclyr,backsliding_Nyr,76,5,0.15868231192327195,0.4328729500400686,48,2,-46.071614264281585,28.724083083593744,0.10872798138135598,-408.87830662034696,5504.1689248802695,0.9407834506945116,13.87532243012841
10,backsliding_Nyr,Y_top10_share,Top-10% income share,top10,instr-antiplural_w10_trt-ert_gapany_illib0p9026269_opp0p9026269_ctrypct_lrmax1_exclyr,backsliding_Nyr,76,5,0.15868231192327195,0.4328729500400686,46,3,-1.5616789124519517,4.238801758744566,0.7125566450213966,-3.004276247258981,6.474848447039897,0.6426536580223564,26.493134549476256
10,backsliding_Nyr,Y_gini_disp,Disposable,gini,instr-antiplural_w10_trt-ert_gapany_illib0p9026269_opp0p9026269_ctrypct_lrmax1_exclyr,backsliding_Nyr,76,5,0.15868231192327195,0.4328729500400686,40,3,-1.693241371172144,5.307019562252718,0.7496833426547391,-2.1158707461796324,6.7859230899374205,0.7551902922411085,15.959648203050266
10,backsliding_Nyr,Y_gini_mkt,Market,gini,instr-antiplural_w10_trt-ert_gapany_illib0p9026269_opp0p9026269_ctrypct_lrmax1_exclyr,backsliding_Nyr,76,5,0.15868231192327195,0.4328729500400686,40,3,-2.357561884271443,4.954723272075459,0.6342018353536218,-3.4034024870085324,7.839278740087539,0.6641814064461841,17.667718375219696
10,backsliding_Nyr,Y_debt,Debt / GDP,fiscal,instr-antiplural_w10_trt-ert_gapany_illib0p9026269_opp0p9026269_ctrypct_lrmax1_exclyr,backsliding_Nyr,76,5,0.15868231192327195,0.4328729500400686,50,3,-15.36629055019806,33.852932315790255,0.6498913510685863,-27.867594953917205,84.87084613801184,0.7426447929470326,18.086728602622863
10,backsliding_Nyr,Y_deficit,Deficit / GDP,fiscal,instr-antiplural_w10_trt-ert_gapany_illib0p9026269_opp0p9026269_ctrypct_lrmax1_exclyr,backsliding_Nyr,76,5,0.15868231192327195,0.4328729500400686,39,3,-16.050592935506067,10.253821979426355,0.1175060602763591,-23.53790898976835,38.71315409053496,0.543182140646486,18.320717763083472
10,backsliding_Nyr,Y_checks_balances,Checks & balances,institutions,instr-antiplural_w10_trt-ert_gapany_illib0p9026269_opp0p9026269_ctrypct_lrmax1_exclyr,backsliding_Nyr,76,5,0.15868231192327195,0.4328729500400686,51,4,0.3600547135461282,0.30828564578551637,0.24283675628071144,0.660185280789964,1.0487180382634849,0.5290109875556359,17.536494382071822
10,backsliding_Nyr,Y_jucon,Judicial constraints,institutions,instr-antiplural_w10_trt-ert_gapany_illib0p9026269_opp0p9026269_ctrypct_lrmax1_exclyr,backsliding_Nyr,76,5,0.15868231192327195,0.4328729500400686,57,4,0.3588237540588177,0.17888810438257952,0.04487162784812707,0.5656188700043701,0.4904901051910595,0.24884028365516037,26.364477417201943
10,backsliding_Nyr,Y_legcon,Legislative constraints,institutions,instr-antiplural_w10_trt-ert_gapany_illib0p9026269_opp0p9026269_ctrypct_lrmax1_exclyr,backsliding_Nyr,76,5,0.15868231192327195,0.4328729500400686,51,4,-0.16910186727227683,0.5553703345079106,0.7607585135352428,-0.3276311869015169,0.9794693740291625,0.7380033066828727,18.517654590840905
10,backsliding_Nyr,Y_hos_power,HOS,exec_power,instr-antiplural_w10_trt-ert_gapany_illib0p9026269_opp0p9026269_ctrypct_lrmax1_exclyr,backsliding_Nyr,76,5,0.15868231192327195,0.4328729500400686,57,4,-0.4012146317397755,0.15787275740344525,0.01104159144621748,-0.6408126536774041,0.7890588898322008,0.4167212161613863,15.740867813812054
10,backsliding_Nyr,Y_hog_power,HOG,exec_power,instr-antiplural_w10_trt-ert_gapany_illib0p9026269_opp0p9026269_ctrypct_lrmax1_exclyr,backsliding_Nyr,76,5,0.15868231192327195,0.4328729500400686,20,2,0.12261004902144929,0.16732189567120037,0.4636929484711998,0.35156993142535353,0.31084851081374854,0.25805473167565646,20.401716690952505
10,backsliding_Nyr,Y_hos_power_vdem,HOS (v2ex_hosw),exec_power_alt,instr-antiplural_w10_trt-ert_gapany_illib0p9026269_opp0p9026269_ctrypct_lrmax1_exclyr,backsliding_Nyr,76,5,0.15868231192327195,0.4328729500400686,57,4,-0.0345562040965953,0.04364405166501607,0.4284927492684338,-0.06508099933504463,0.08083393351157213,0.4207505584483785,18.328322787180277
10,backsliding_Nyr,Y_hog_power_vdem,HOG (v2ex_hogw),exec_power_alt,instr-antiplural_w10_trt-ert_gapany_illib0p9026269_opp0p9026269_ctrypct_lrmax1_exclyr,backsliding_Nyr,76,5,0.15868231192327195,0.4328729500400686,57,4,0.08449993374471464,0.0995332297721604,0.3959024154499861,0.13215897960281825,0.17936019387435867,0.4612223190884373,15.58333434352168
10,backsliding_Nyr,Y_polyarchy,Electoral (polyarchy),vdem_high,instr-antiplural_w10_trt-ert_gapany_illib0p9026269_opp0p9026269_ctrypct_lrmax1_exclyr,backsliding_Nyr,76,5,0.15868231192327195,0.4328729500400686,57,4,0.1853211168829041,0.2377467735521867,0.43569141240193454,0.3096806239387565,0.5275535281826479,0.5571951735111713,16.41134633727368
10,backsliding_Nyr,Y_libdem,Liberal,vdem_high,instr-antiplural_w10_trt-ert_gapany_illib0p9026269_opp0p9026269_ctrypct_lrmax1_exclyr,backsliding_Nyr,76,5,0.15868231192327195,0.4328729500400686,57,4,0.2625262054691565,0.17540374607879616,0.13447219897530854,0.42627072946888767,0.5573825847229884,0.4444071790193736,16.083334385118775
10,backsliding_Nyr,Y_partipdem,Participatory,vdem_high,instr-antiplural_w10_trt-ert_gapany_illib0p9026269_opp0p9026269_ctrypct_lrmax1_exclyr,backsliding_Nyr,76,5,0.15868231192327195,0.4328729500400686,57,4,0.13641344292134086,0.09195281710647014,0.13793746249333833,0.2162911520385354,0.24092006078574824,0.3693074090102058,15.550102684227854
10,backsliding_Nyr,Y_delibdem,Deliberative,vdem_high,instr-antiplural_w10_trt-ert_gapany_illib0p9026269_opp0p9026269_ctrypct_lrmax1_exclyr,backsliding_Nyr,76,5,0.15868231192327195,0.4328729500400686,57,4,0.255290305979882,0.2491196086537618,0.3054717161524402,0.4049673215837803,0.6335892164596267,0.5227163477853302,15.727385381260913
10,backsliding_Nyr,Y_egaldem,Egalitarian,vdem_high,instr-antiplural_w10_trt-ert_gapany_illib0p9026269_opp0p9026269_ctrypct_lrmax1_exclyr,backsliding_Nyr,76,5,0.15868231192327195,0.4328729500400686,57,4,0.16152280593969592,0.1707244216300875,0.34409629736040576,0.26525637132074475,0.4184773168877826,0.5261716630481528,16.229151258721938
10,backsliding_Nyr,Y_elecoff,Elected officials,vdem_electoral,instr-antiplural_w10_trt-ert_gapany_illib0p9026269_opp0p9026269_ctrypct_lrmax1_exclyr,backsliding_Nyr,76,5,0.15868231192327195,0.4328729500400686,57,4,-0.8978484632364533,0.5818574245646112,0.12281307259112335,-1.6366745781678818,2.051590831557884,0.4250104917393332,17.35735990418581
10,backsliding_Nyr,Y_frefair,Clean elections,vdem_electoral,instr-antiplural_w10_trt-ert_gapany_illib0p9026269_opp0p9026269_ctrypct_lrmax1_exclyr,backsliding_Nyr,76,5,0.15868231192327195,0.4328729500400686,57,4,-0.13373717710507327,0.2730907855040989,0.624334230382721,-0.21502887047903305,0.4550449702908299,0.6365383863697753,24.70505694130691
10,backsliding_Nyr,Y_frassoc,Association,vdem_electoral,instr-antiplural_w10_trt-ert_gapany_illib0p9026269_opp0p9026269_ctrypct_lrmax1_exclyr,backsliding_Nyr,76,5,0.15868231192327195,0.4328729500400686,57,4,-0.06489481483267556,0.258026713004676,0.8014242770551713,-0.09479414329467056,0.3790121534469853,0.8025034792839842,24.630943360600497
10,backsliding_Nyr,Y_suffr,Suffrage,vdem_electoral,instr-antiplural_w10_trt-ert_gapany_illib0p9026269_opp0p9026269_ctrypct_lrmax1_exclyr,backsliding_Nyr,76,5,0.15868231192327195,0.4328729500400686,NA,4,NA,NA,NA,NA,NA,NA,NA
10,backsliding_Nyr,Y_freexp,Expression & alt. info,vdem_electoral,instr-antiplural_w10_trt-ert_gapany_illib0p9026269_opp0p9026269_ctrypct_lrmax1_exclyr,backsliding_Nyr,76,5,0.15868231192327195,0.4328729500400686,57,4,0.5762602660161813,0.3714267537147291,0.1207872857990212,0.9218753208924982,1.3209887507478102,0.48525996442121194,14.806497930546168
10,backsliding_Nyr,Y_cl_rol,Rule of law,vdem_liberal,instr-antiplural_w10_trt-ert_gapany_illib0p9026269_opp0p9026269_ctrypct_lrmax1_exclyr,backsliding_Nyr,76,5,0.15868231192327195,0.4328729500400686,57,4,0.4445112134133099,0.2196204509842092,0.0429704231849271,0.7097987925346096,0.884669573410953,0.4223608813843691,15.20020318018119
10,backsliding_Nyr,Y_cspart,Civil society,vdem_particip,instr-antiplural_w10_trt-ert_gapany_illib0p9026269_opp0p9026269_ctrypct_lrmax1_exclyr,backsliding_Nyr,76,5,0.15868231192327195,0.4328729500400686,57,4,-0.1960557550458919,0.31016612517183756,0.5273220674982595,-0.3086824337053873,0.3323746104862059,0.3530350156196919,26.752213515911752
10,backsliding_Nyr,Y_dd,Direct democracy,vdem_particip,instr-antiplural_w10_trt-ert_gapany_illib0p9026269_opp0p9026269_ctrypct_lrmax1_exclyr,backsliding_Nyr,76,5,0.15868231192327195,0.4328729500400686,57,4,-0.17483816880841163,0.11100884255934612,0.11525802114913898,-0.3231993566253818,0.2812547176607184,0.2505007335924818,18.187947314685974
10,backsliding_Nyr,Y_locelec,Local elections,vdem_particip,instr-antiplural_w10_trt-ert_gapany_illib0p9026269_opp0p9026269_ctrypct_lrmax1_exclyr,backsliding_Nyr,76,5,0.15868231192327195,0.4328729500400686,57,4,0.4586481040020721,0.5065289297255583,0.36521503060066907,0.7408731924139916,0.3380007893074049,0.02838474901452365,14.16628948102903
10,backsliding_Nyr,Y_regelec,Regional elections,vdem_particip,instr-antiplural_w10_trt-ert_gapany_illib0p9026269_opp0p9026269_ctrypct_lrmax1_exclyr,backsliding_Nyr,76,5,0.15868231192327195,0.4328729500400686,57,4,0.17743911653971167,0.2047628667245012,0.3861836554019125,0.2781416716936161,0.28909222114069866,0.33598887026226637,28.497539913936144
10,backsliding_Nyr,Y_delib,Deliberation,vdem_egal_delib,instr-antiplural_w10_trt-ert_gapany_illib0p9026269_opp0p9026269_ctrypct_lrmax1_exclyr,backsliding_Nyr,76,5,0.15868231192327195,0.4328729500400686,57,4,0.42248578350847554,0.4098077624121715,0.30257059499574396,0.6727547442289122,1.1356067148585889,0.5535701938623161,15.859077342191071
10,backsliding_Nyr,Y_eqprotec,Equal protection,vdem_egal_delib,instr-antiplural_w10_trt-ert_gapany_illib0p9026269_opp0p9026269_ctrypct_lrmax1_exclyr,backsliding_Nyr,76,5,0.15868231192327195,0.4328729500400686,57,4,0.2163459676510033,0.13497562434739543,0.10896730337031392,0.3794811492321155,0.5901644384655165,0.5202181458830959,16.88197168657547
10,backsliding_Nyr,Y_eqaccess,Equal access,vdem_egal_delib,instr-antiplural_w10_trt-ert_gapany_illib0p9026269_opp0p9026269_ctrypct_lrmax1_exclyr,backsliding_Nyr,76,5,0.15868231192327195,0.4328729500400686,57,4,-0.10002100414631528,0.25550304823474623,0.6954520986401724,-0.17408241145994224,0.1958459640709446,0.3740707287739112,16.573396993512528
10,backsliding_Nyr,Y_eqdr,Equal distribution,vdem_egal_delib,instr-antiplural_w10_trt-ert_gapany_illib0p9026269_opp0p9026269_ctrypct_lrmax1_exclyr,backsliding_Nyr,76,5,0.15868231192327195,0.4328729500400686,57,4,-0.08797372088010016,0.2441056895380648,0.7185540597507758,-0.17246552679901608,0.4424637802185522,0.6966959004749665,18.47907004990429
10,backsliding_union_Nyr,Y_gdp_growth,PWT,growth,instr-antiplural_w10_trt-ertOrDdcg_gapany_illib0p9026269_opp0p9026269_ctrypct_lrmax1_exclyr,backsliding_union_Nyr,76,6,0.10490742405171467,0.620248625259136,52,4,-0.05696787876874509,0.4384338054379357,0.8966178850271196,-0.08802286930556658,0.7006614637791999,0.9000262046286094,15.738479790442293
10,backsliding_union_Nyr,Y_gdp_growth_wb,World Bank,growth,instr-antiplural_w10_trt-ertOrDdcg_gapany_illib0p9026269_opp0p9026269_ctrypct_lrmax1_exclyr,backsliding_union_Nyr,76,6,0.10490742405171467,0.620248625259136,52,3,-0.01568330664059974,0.4316098684329062,0.9710138345384596,-0.03030037918865565,0.8039729103702304,0.9699361977246655,16.393323386257006
10,backsliding_union_Nyr,Y_gdp_growth_imf,IMF WEO,growth,instr-antiplural_w10_trt-ertOrDdcg_gapany_illib0p9026269_opp0p9026269_ctrypct_lrmax1_exclyr,backsliding_union_Nyr,76,6,0.10490742405171467,0.620248625259136,37,3,0.10492977291642064,0.32874015554239355,0.7495842786127069,0.12235319301412326,0.3681300137596031,0.7396143590179972,19.06696725049196
10,backsliding_union_Nyr,Y_inflation,"CPI, cumulative log",inflation,instr-antiplural_w10_trt-ertOrDdcg_gapany_illib0p9026269_opp0p9026269_ctrypct_lrmax1_exclyr,backsliding_union_Nyr,76,6,0.10490742405171467,0.620248625259136,48,3,0.07669919125406699,0.6221120413395044,0.9018787350506414,0.11984652487031638,2.007716721511374,0.9524001903795724,19.72997436808872
10,backsliding_union_Nyr,Y_unemployment,Unemployment rate,unemployment,instr-antiplural_w10_trt-ertOrDdcg_gapany_illib0p9026269_opp0p9026269_ctrypct_lrmax1_exclyr,backsliding_union_Nyr,76,6,0.10490742405171467,0.620248625259136,30,4,-8.912890345994859,8.261496858796194,0.2806559796220326,-9.67503583579338,8.272577047024962,0.24218973316312892,14.70695863319455
10,backsliding_union_Nyr,Y_trade_pct_gdp,Trade / GDP,trade,instr-antiplural_w10_trt-ertOrDdcg_gapany_illib0p9026269_opp0p9026269_ctrypct_lrmax1_exclyr,backsliding_union_Nyr,76,6,0.10490742405171467,0.620248625259136,48,3,-46.071614264281585,28.724083083593744,0.10872798138135598,23.79707112858705,5522.394027937882,0.996561770712692,13.87532243012841
10,backsliding_union_Nyr,Y_top10_share,Top-10% income share,top10,instr-antiplural_w10_trt-ertOrDdcg_gapany_illib0p9026269_opp0p9026269_ctrypct_lrmax1_exclyr,backsliding_union_Nyr,76,6,0.10490742405171467,0.620248625259136,46,3,-1.5616789124519517,4.238801758744566,0.7125566450213966,-3.004276247258981,6.474848447039897,0.6426536580223564,26.493134549476256
10,backsliding_union_Nyr,Y_gini_disp,Disposable,gini,instr-antiplural_w10_trt-ertOrDdcg_gapany_illib0p9026269_opp0p9026269_ctrypct_lrmax1_exclyr,backsliding_union_Nyr,76,6,0.10490742405171467,0.620248625259136,40,3,-1.693241371172144,5.307019562252718,0.7496833426547391,-2.1158707461796324,6.7859230899374205,0.7551902922411085,15.959648203050266
10,backsliding_union_Nyr,Y_gini_mkt,Market,gini,instr-antiplural_w10_trt-ertOrDdcg_gapany_illib0p9026269_opp0p9026269_ctrypct_lrmax1_exclyr,backsliding_union_Nyr,76,6,0.10490742405171467,0.620248625259136,40,3,-2.357561884271443,4.954723272075459,0.6342018353536218,-3.4034024870085324,7.839278740087539,0.6641814064461841,17.667718375219696
10,backsliding_union_Nyr,Y_debt,Debt / GDP,fiscal,instr-antiplural_w10_trt-ertOrDdcg_gapany_illib0p9026269_opp0p9026269_ctrypct_lrmax1_exclyr,backsliding_union_Nyr,76,6,0.10490742405171467,0.620248625259136,50,3,-15.36629055019806,33.852932315790255,0.6498913510685863,-27.867594953917205,84.87084613801184,0.7426447929470326,18.086728602622863
10,backsliding_union_Nyr,Y_deficit,Deficit / GDP,fiscal,instr-antiplural_w10_trt-ertOrDdcg_gapany_illib0p9026269_opp0p9026269_ctrypct_lrmax1_exclyr,backsliding_union_Nyr,76,6,0.10490742405171467,0.620248625259136,39,3,-16.050592935506067,10.253821979426355,0.1175060602763591,-23.53790898976835,38.71315409053496,0.543182140646486,18.320717763083472
10,backsliding_union_Nyr,Y_checks_balances,Checks & balances,institutions,instr-antiplural_w10_trt-ertOrDdcg_gapany_illib0p9026269_opp0p9026269_ctrypct_lrmax1_exclyr,backsliding_union_Nyr,76,6,0.10490742405171467,0.620248625259136,51,5,0.3600547135461282,0.30828564578551637,0.24283675628071144,0.6389937012325831,1.0443582901768025,0.5406350528790071,17.536494382071822
10,backsliding_union_Nyr,Y_jucon,Judicial constraints,institutions,instr-antiplural_w10_trt-ertOrDdcg_gapany_illib0p9026269_opp0p9026269_ctrypct_lrmax1_exclyr,backsliding_union_Nyr,76,6,0.10490742405171467,0.620248625259136,57,5,0.3588237540588177,0.17888810438257952,0.04487162784812707,0.6403225946839998,0.5587333955729361,0.2517846932046873,26.364477417201943
10,backsliding_union_Nyr,Y_legcon,Legislative constraints,institutions,instr-antiplural_w10_trt-ertOrDdcg_gapany_illib0p9026269_opp0p9026269_ctrypct_lrmax1_exclyr,backsliding_union_Nyr,76,6,0.10490742405171467,0.620248625259136,51,5,-0.16910186727227683,0.5553703345079106,0.7607585135352428,-0.31584129766312613,0.9785102394720672,0.7468635924520307,18.517654590840905
10,backsliding_union_Nyr,Y_hos_power,HOS,exec_power,instr-antiplural_w10_trt-ertOrDdcg_gapany_illib0p9026269_opp0p9026269_ctrypct_lrmax1_exclyr,backsliding_union_Nyr,76,6,0.10490742405171467,0.620248625259136,57,5,-0.4012146317397755,0.15787275740344525,0.01104159144621748,-0.6359002151880702,0.7887996528708714,0.4201495124617288,15.740867813812054
10,backsliding_union_Nyr,Y_hog_power,HOG,exec_power,instr-antiplural_w10_trt-ertOrDdcg_gapany_illib0p9026269_opp0p9026269_ctrypct_lrmax1_exclyr,backsliding_union_Nyr,76,6,0.10490742405171467,0.620248625259136,20,2,0.12261004902144929,0.16732189567120037,0.4636929484711998,0.35156993142535353,0.31084851081374854,0.25805473167565646,20.401716690952505
10,backsliding_union_Nyr,Y_hos_power_vdem,HOS (v2ex_hosw),exec_power_alt,instr-antiplural_w10_trt-ertOrDdcg_gapany_illib0p9026269_opp0p9026269_ctrypct_lrmax1_exclyr,backsliding_union_Nyr,76,6,0.10490742405171467,0.620248625259136,57,5,-0.0345562040965953,0.04364405166501607,0.4284927492684338,-0.06557587708204979,0.08083204601057277,0.4172158683251373,18.328322787180277
10,backsliding_union_Nyr,Y_hog_power_vdem,HOG (v2ex_hogw),exec_power_alt,instr-antiplural_w10_trt-ertOrDdcg_gapany_illib0p9026269_opp0p9026269_ctrypct_lrmax1_exclyr,backsliding_union_Nyr,76,6,0.10490742405171467,0.620248625259136,57,5,0.08449993374471464,0.0995332297721604,0.3959024154499861,0.12968574934709853,0.17937821446408442,0.4696959808864873,15.58333434352168
10,backsliding_union_Nyr,Y_polyarchy,Electoral (polyarchy),vdem_high,instr-antiplural_w10_trt-ertOrDdcg_gapany_illib0p9026269_opp0p9026269_ctrypct_lrmax1_exclyr,backsliding_union_Nyr,76,6,0.10490742405171467,0.620248625259136,57,5,0.1853211168829041,0.2377467735521867,0.43569141240193454,0.3051446158726247,0.5275486724360376,0.5629807059493388,16.41134633727368
10,backsliding_union_Nyr,Y_libdem,Liberal,vdem_high,instr-antiplural_w10_trt-ertOrDdcg_gapany_illib0p9026269_opp0p9026269_ctrypct_lrmax1_exclyr,backsliding_union_Nyr,76,6,0.10490742405171467,0.620248625259136,57,5,0.2625262054691565,0.17540374607879616,0.13447219897530854,0.4185721913891932,0.5572846277600287,0.4525971109901664,16.083334385118775
10,backsliding_union_Nyr,Y_partipdem,Participatory,vdem_high,instr-antiplural_w10_trt-ertOrDdcg_gapany_illib0p9026269_opp0p9026269_ctrypct_lrmax1_exclyr,backsliding_union_Nyr,76,6,0.10490742405171467,0.620248625259136,57,5,0.13641344292134086,0.09195281710647014,0.13793746249333833,0.2129599452768941,0.2409115244427978,0.3767093041202517,15.550102684227854
10,backsliding_union_Nyr,Y_delibdem,Deliberative,vdem_high,instr-antiplural_w10_trt-ertOrDdcg_gapany_illib0p9026269_opp0p9026269_ctrypct_lrmax1_exclyr,backsliding_union_Nyr,76,6,0.10490742405171467,0.620248625259136,57,5,0.255290305979882,0.2491196086537618,0.3054717161524402,0.3979712961292926,0.6335721162706962,0.5299129479415958,15.727385381260913
10,backsliding_union_Nyr,Y_egaldem,Egalitarian,vdem_high,instr-antiplural_w10_trt-ertOrDdcg_gapany_illib0p9026269_opp0p9026269_ctrypct_lrmax1_exclyr,backsliding_union_Nyr,76,6,0.10490742405171467,0.620248625259136,57,5,0.16152280593969592,0.1707244216300875,0.34409629736040576,0.26081191412335414,0.4184112713268646,0.5330620088749396,16.229151258721938
10,backsliding_union_Nyr,Y_elecoff,Elected officials,vdem_electoral,instr-antiplural_w10_trt-ertOrDdcg_gapany_illib0p9026269_opp0p9026269_ctrypct_lrmax1_exclyr,backsliding_union_Nyr,76,6,0.10490742405171467,0.620248625259136,57,5,-0.8978484632364533,0.5818574245646112,0.12281307259112335,-1.6267286013041806,2.033373441837082,0.4237022924675782,17.35735990418581
10,backsliding_union_Nyr,Y_frefair,Clean elections,vdem_electoral,instr-antiplural_w10_trt-ertOrDdcg_gapany_illib0p9026269_opp0p9026269_ctrypct_lrmax1_exclyr,backsliding_union_Nyr,76,6,0.10490742405171467,0.620248625259136,57,5,-0.13373717710507327,0.2730907855040989,0.624334230382721,-0.2650016271410975,0.5122002046692836,0.6048916196828003,24.70505694130691
10,backsliding_union_Nyr,Y_frassoc,Association,vdem_electoral,instr-antiplural_w10_trt-ertOrDdcg_gapany_illib0p9026269_opp0p9026269_ctrypct_lrmax1_exclyr,backsliding_union_Nyr,76,6,0.10490742405171467,0.620248625259136,57,5,-0.06489481483267556,0.258026713004676,0.8014242770551713,-0.13340235097012465,0.4188446846997439,0.7501051172141399,24.630943360600497
10,backsliding_union_Nyr,Y_suffr,Suffrage,vdem_electoral,instr-antiplural_w10_trt-ertOrDdcg_gapany_illib0p9026269_opp0p9026269_ctrypct_lrmax1_exclyr,backsliding_union_Nyr,76,6,0.10490742405171467,0.620248625259136,NA,5,NA,NA,NA,NA,NA,NA,NA
10,backsliding_union_Nyr,Y_freexp,Expression & alt. info,vdem_electoral,instr-antiplural_w10_trt-ertOrDdcg_gapany_illib0p9026269_opp0p9026269_ctrypct_lrmax1_exclyr,backsliding_union_Nyr,76,6,0.10490742405171467,0.620248625259136,57,5,0.5762602660161813,0.3714267537147291,0.1207872857990212,0.9014154967506236,1.3209938192810908,0.4950007402042965,14.806497930546168
10,backsliding_union_Nyr,Y_cl_rol,Rule of law,vdem_liberal,instr-antiplural_w10_trt-ertOrDdcg_gapany_illib0p9026269_opp0p9026269_ctrypct_lrmax1_exclyr,backsliding_union_Nyr,76,6,0.10490742405171467,0.620248625259136,57,5,0.4445112134133099,0.2196204509842092,0.0429704231849271,0.6952176128385621,0.8845216397771917,0.43187834690907945,15.20020318018119
10,backsliding_union_Nyr,Y_cspart,Civil society,vdem_particip,instr-antiplural_w10_trt-ertOrDdcg_gapany_illib0p9026269_opp0p9026269_ctrypct_lrmax1_exclyr,backsliding_union_Nyr,76,6,0.10490742405171467,0.620248625259136,57,5,-0.1960557550458919,0.31016612517183756,0.5273220674982595,-0.3624653233339009,0.3600778075562885,0.3141123453602933,26.752213515911752
10,backsliding_union_Nyr,Y_dd,Direct democracy,vdem_particip,instr-antiplural_w10_trt-ertOrDdcg_gapany_illib0p9026269_opp0p9026269_ctrypct_lrmax1_exclyr,backsliding_union_Nyr,76,6,0.10490742405171467,0.620248625259136,57,5,-0.17483816880841163,0.11100884255934612,0.11525802114913898,-0.3323580767615254,0.2807117451198513,0.23641959119073305,18.187947314685974
10,backsliding_union_Nyr,Y_locelec,Local elections,vdem_particip,instr-antiplural_w10_trt-ertOrDdcg_gapany_illib0p9026269_opp0p9026269_ctrypct_lrmax1_exclyr,backsliding_union_Nyr,76,6,0.10490742405171467,0.620248625259136,57,5,0.4586481040020721,0.5065289297255583,0.36521503060066907,0.7263343895375164,0.3375323539304653,0.03140557736016295,14.16628948102903
10,backsliding_union_Nyr,Y_regelec,Regional elections,vdem_particip,instr-antiplural_w10_trt-ertOrDdcg_gapany_illib0p9026269_opp0p9026269_ctrypct_lrmax1_exclyr,backsliding_union_Nyr,76,6,0.10490742405171467,0.620248625259136,57,5,0.17743911653971167,0.2047628667245012,0.3861836554019125,0.30807439177230317,0.31085090757128025,0.32165237012396947,28.497539913936144
10,backsliding_union_Nyr,Y_delib,Deliberation,vdem_egal_delib,instr-antiplural_w10_trt-ertOrDdcg_gapany_illib0p9026269_opp0p9026269_ctrypct_lrmax1_exclyr,backsliding_union_Nyr,76,6,0.10490742405171467,0.620248625259136,57,5,0.42248578350847554,0.4098077624121715,0.30257059499574396,0.6628350685429232,1.1353933573395243,0.5593593665472105,15.859077342191071
10,backsliding_union_Nyr,Y_eqprotec,Equal protection,vdem_egal_delib,instr-antiplural_w10_trt-ertOrDdcg_gapany_illib0p9026269_opp0p9026269_ctrypct_lrmax1_exclyr,backsliding_union_Nyr,76,6,0.10490742405171467,0.620248625259136,57,5,0.2163459676510033,0.13497562434739543,0.10896730337031392,0.37042021064397535,0.5886547241053499,0.5291751410328334,16.88197168657547
10,backsliding_union_Nyr,Y_eqaccess,Equal access,vdem_egal_delib,instr-antiplural_w10_trt-ertOrDdcg_gapany_illib0p9026269_opp0p9026269_ctrypct_lrmax1_exclyr,backsliding_union_Nyr,76,6,0.10490742405171467,0.620248625259136,57,5,-0.10002100414631528,0.25550304823474623,0.6954520986401724,-0.16660341586438873,0.19743627273544925,0.3987622409630686,16.573396993512528
10,backsliding_union_Nyr,Y_eqdr,Equal distribution,vdem_egal_delib,instr-antiplural_w10_trt-ertOrDdcg_gapany_illib0p9026269_opp0p9026269_ctrypct_lrmax1_exclyr,backsliding_union_Nyr,76,6,0.10490742405171467,0.620248625259136,57,5,-0.08797372088010016,0.2441056895380648,0.7185540597507758,-0.1681728579395573,0.4440713906939804,0.7049055988387882,18.47907004990429
10,polyarchy_decline,Y_gdp_growth,PWT,growth,instr-antiplural_w10_trt-polyarchy_gapany_illib0p9026269_opp0p9026269_ctrypct_lrmax1_exclyr,polyarchy_decline,57,15,-0.1853211168829041,0.43569141240193454,52,11,-0.05696787876874509,0.4384338054379357,0.8966178850271196,4.618668087378833,10.216595039549489,0.6512148906762998,14.291569265448556
10,polyarchy_decline,Y_gdp_growth_wb,World Bank,growth,instr-antiplural_w10_trt-polyarchy_gapany_illib0p9026269_opp0p9026269_ctrypct_lrmax1_exclyr,polyarchy_decline,57,15,-0.1853211168829041,0.43569141240193454,52,12,-0.01568330664059974,0.4316098684329062,0.9710138345384596,5.516251328393302,10.992717278300407,0.6158014424336279,14.866172008156775
10,polyarchy_decline,Y_gdp_growth_imf,IMF WEO,growth,instr-antiplural_w10_trt-polyarchy_gapany_illib0p9026269_opp0p9026269_ctrypct_lrmax1_exclyr,polyarchy_decline,57,15,-0.1853211168829041,0.43569141240193454,37,6,0.10492977291642064,0.32874015554239355,0.7495842786127069,0.4450733592102858,1.0996901650407536,0.6856788231457391,16.513794361324972
10,polyarchy_decline,Y_inflation,"CPI, cumulative log",inflation,instr-antiplural_w10_trt-polyarchy_gapany_illib0p9026269_opp0p9026269_ctrypct_lrmax1_exclyr,polyarchy_decline,57,15,-0.1853211168829041,0.43569141240193454,48,11,0.07669919125406699,0.6221120413395044,0.9018787350506414,77.14921661336767,1109.2953706074873,0.9445534681328096,18.163120409646304
10,polyarchy_decline,Y_unemployment,Unemployment rate,unemployment,instr-antiplural_w10_trt-polyarchy_gapany_illib0p9026269_opp0p9026269_ctrypct_lrmax1_exclyr,polyarchy_decline,57,15,-0.1853211168829041,0.43569141240193454,30,10,-8.912890345994859,8.261496858796194,0.2806559796220326,-47.85020468774323,84.08459020401305,0.5693071277313022,13.135382732267018
10,polyarchy_decline,Y_trade_pct_gdp,Trade / GDP,trade,instr-antiplural_w10_trt-polyarchy_gapany_illib0p9026269_opp0p9026269_ctrypct_lrmax1_exclyr,polyarchy_decline,57,15,-0.1853211168829041,0.43569141240193454,48,12,-46.071614264281585,28.724083083593744,0.10872798138135598,111.9485085117773,154.07465654280205,0.46747952707782664,11.032326518248077
10,polyarchy_decline,Y_top10_share,Top-10% income share,top10,instr-antiplural_w10_trt-polyarchy_gapany_illib0p9026269_opp0p9026269_ctrypct_lrmax1_exclyr,polyarchy_decline,57,15,-0.1853211168829041,0.43569141240193454,46,10,-1.5616789124519517,4.238801758744566,0.7125566450213966,-8.90709613133617,19.183688931225316,0.6424287402618365,27.27685090562305
10,polyarchy_decline,Y_gini_disp,Disposable,gini,instr-antiplural_w10_trt-polyarchy_gapany_illib0p9026269_opp0p9026269_ctrypct_lrmax1_exclyr,polyarchy_decline,57,15,-0.1853211168829041,0.43569141240193454,40,9,-1.693241371172144,5.307019562252718,0.7496833426547391,-69.12320698957882,102.9713332105216,0.5020383973169333,12.359622823310332
10,polyarchy_decline,Y_gini_mkt,Market,gini,instr-antiplural_w10_trt-polyarchy_gapany_illib0p9026269_opp0p9026269_ctrypct_lrmax1_exclyr,polyarchy_decline,57,15,-0.1853211168829041,0.43569141240193454,40,9,-2.357561884271443,4.954723272075459,0.6342018353536218,-31953.677242371017,111985.00142846652,0.7753845123171255,11.340424784217191
10,polyarchy_decline,Y_debt,Debt / GDP,fiscal,instr-antiplural_w10_trt-polyarchy_gapany_illib0p9026269_opp0p9026269_ctrypct_lrmax1_exclyr,polyarchy_decline,57,15,-0.1853211168829041,0.43569141240193454,50,12,-15.36629055019806,33.852932315790255,0.6498913510685863,-29.94584122532312,150.77247274655772,0.8425630549043606,28.476022879164287
10,polyarchy_decline,Y_deficit,Deficit / GDP,fiscal,instr-antiplural_w10_trt-polyarchy_gapany_illib0p9026269_opp0p9026269_ctrypct_lrmax1_exclyr,polyarchy_decline,57,15,-0.1853211168829041,0.43569141240193454,39,11,-16.050592935506067,10.253821979426355,0.1175060602763591,-737.2107547468049,1180.7535107688284,0.5323936944816466,15.232194612780756
10,polyarchy_decline,Y_checks_balances,Checks & balances,institutions,instr-antiplural_w10_trt-polyarchy_gapany_illib0p9026269_opp0p9026269_ctrypct_lrmax1_exclyr,polyarchy_decline,57,15,-0.1853211168829041,0.43569141240193454,51,13,0.3600547135461282,0.30828564578551637,0.24283675628071144,5.298297478648552,38.61823913562549,0.8908752679036596,22.47445043671703
10,polyarchy_decline,Y_jucon,Judicial constraints,institutions,instr-antiplural_w10_trt-polyarchy_gapany_illib0p9026269_opp0p9026269_ctrypct_lrmax1_exclyr,polyarchy_decline,57,15,-0.1853211168829041,0.43569141240193454,57,15,0.3588237540588177,0.17888810438257952,0.04487162784812707,5.945147365116258,6.333953903412139,0.3479281873155719,23.20907350000126
10,polyarchy_decline,Y_legcon,Legislative constraints,institutions,instr-antiplural_w10_trt-polyarchy_gapany_illib0p9026269_opp0p9026269_ctrypct_lrmax1_exclyr,polyarchy_decline,57,15,-0.1853211168829041,0.43569141240193454,51,13,-0.16910186727227683,0.5553703345079106,0.7607585135352428,-6.3251602441625865,16.1214173682945,0.6948031924869751,23.795624095405717
10,polyarchy_decline,Y_hos_power,HOS,exec_power,instr-antiplural_w10_trt-polyarchy_gapany_illib0p9026269_opp0p9026269_ctrypct_lrmax1_exclyr,polyarchy_decline,57,15,-0.1853211168829041,0.43569141240193454,57,15,-0.4012146317397755,0.15787275740344525,0.01104159144621748,-1.1017954598666058,1.3103962027087304,0.40045385870644135,27.343304221826205
10,polyarchy_decline,Y_hog_power,HOG,exec_power,instr-antiplural_w10_trt-polyarchy_gapany_illib0p9026269_opp0p9026269_ctrypct_lrmax1_exclyr,polyarchy_decline,57,15,-0.1853211168829041,0.43569141240193454,20,3,0.12261004902144929,0.16732189567120037,0.4636929484711998,-1.7340019537525515,3.4076900999914295,0.6108576065597493,27.72627522566428
10,polyarchy_decline,Y_hos_power_vdem,HOS (v2ex_hosw),exec_power_alt,instr-antiplural_w10_trt-polyarchy_gapany_illib0p9026269_opp0p9026269_ctrypct_lrmax1_exclyr,polyarchy_decline,57,15,-0.1853211168829041,0.43569141240193454,57,15,-0.0345562040965953,0.04364405166501607,0.4284927492684338,-0.14376546516842068,0.7043121081292474,0.8382583080512325,33.28923723004014
10,polyarchy_decline,Y_hog_power_vdem,HOG (v2ex_hogw),exec_power_alt,instr-antiplural_w10_trt-polyarchy_gapany_illib0p9026269_opp0p9026269_ctrypct_lrmax1_exclyr,polyarchy_decline,57,15,-0.1853211168829041,0.43569141240193454,57,15,0.08449993374471464,0.0995332297721604,0.3959024154499861,-0.2100808219726202,0.7154125672486737,0.7690254485130118,37.73844397587073
10,polyarchy_decline,Y_polyarchy,Electoral (polyarchy),vdem_high,instr-antiplural_w10_trt-polyarchy_gapany_illib0p9026269_opp0p9026269_ctrypct_lrmax1_exclyr,polyarchy_decline,57,15,-0.1853211168829041,0.43569141240193454,57,15,0.1853211168829041,0.2377467735521867,0.43569141240193454,-1,4.1128057906841836e-17,0,14.201312525900605
10,polyarchy_decline,Y_libdem,Liberal,vdem_high,instr-antiplural_w10_trt-polyarchy_gapany_illib0p9026269_opp0p9026269_ctrypct_lrmax1_exclyr,polyarchy_decline,57,15,-0.1853211168829041,0.43569141240193454,57,15,0.2625262054691565,0.17540374607879616,0.13447219897530854,0.138014126274263,0.9791281069041352,0.8879045852594534,23.108778563518896
10,polyarchy_decline,Y_partipdem,Participatory,vdem_high,instr-antiplural_w10_trt-polyarchy_gapany_illib0p9026269_opp0p9026269_ctrypct_lrmax1_exclyr,polyarchy_decline,57,15,-0.1853211168829041,0.43569141240193454,57,15,0.13641344292134086,0.09195281710647014,0.13793746249333833,-0.843406641697732,0.6054541554309429,0.16361529405033673,24.27991430449732
10,polyarchy_decline,Y_delibdem,Deliberative,vdem_high,instr-antiplural_w10_trt-polyarchy_gapany_illib0p9026269_opp0p9026269_ctrypct_lrmax1_exclyr,polyarchy_decline,57,15,-0.1853211168829041,0.43569141240193454,57,15,0.255290305979882,0.2491196086537618,0.3054717161524402,-1.2224060051049763,0.8991369707743336,0.17397788596788075,14.440558045113857
10,polyarchy_decline,Y_egaldem,Egalitarian,vdem_high,instr-antiplural_w10_trt-polyarchy_gapany_illib0p9026269_opp0p9026269_ctrypct_lrmax1_exclyr,polyarchy_decline,57,15,-0.1853211168829041,0.43569141240193454,57,15,0.16152280593969592,0.1707244216300875,0.34409629736040576,-0.5905265601192391,0.22114589801389203,0.00757828211605514,31.169330152381914
10,polyarchy_decline,Y_elecoff,Elected officials,vdem_electoral,instr-antiplural_w10_trt-polyarchy_gapany_illib0p9026269_opp0p9026269_ctrypct_lrmax1_exclyr,polyarchy_decline,57,15,-0.1853211168829041,0.43569141240193454,57,15,-0.8978484632364533,0.5818574245646112,0.12281307259112335,-4.206376274692881,3.5812274647610147,0.24016970512750568,27.09642570665697
10,polyarchy_decline,Y_frefair,Clean elections,vdem_electoral,instr-antiplural_w10_trt-polyarchy_gapany_illib0p9026269_opp0p9026269_ctrypct_lrmax1_exclyr,polyarchy_decline,57,15,-0.1853211168829041,0.43569141240193454,57,15,-0.13373717710507327,0.2730907855040989,0.624334230382721,-2.21802085110972,1.1235434303283118,0.04836695694806049,22.62474279696876
10,polyarchy_decline,Y_frassoc,Association,vdem_electoral,instr-antiplural_w10_trt-polyarchy_gapany_illib0p9026269_opp0p9026269_ctrypct_lrmax1_exclyr,polyarchy_decline,57,15,-0.1853211168829041,0.43569141240193454,57,15,-0.06489481483267556,0.258026713004676,0.8014242770551713,-1.706726628262015,1.125348812276264,0.1293626276040969,14.156077377839226
10,polyarchy_decline,Y_suffr,Suffrage,vdem_electoral,instr-antiplural_w10_trt-polyarchy_gapany_illib0p9026269_opp0p9026269_ctrypct_lrmax1_exclyr,polyarchy_decline,57,15,-0.1853211168829041,0.43569141240193454,NA,15,NA,NA,NA,NA,NA,NA,NA
10,polyarchy_decline,Y_freexp,Expression & alt. info,vdem_electoral,instr-antiplural_w10_trt-polyarchy_gapany_illib0p9026269_opp0p9026269_ctrypct_lrmax1_exclyr,polyarchy_decline,57,15,-0.1853211168829041,0.43569141240193454,57,15,0.5762602660161813,0.3714267537147291,0.1207872857990212,0.07306737773925309,1.4805096717684658,0.9606380993673402,27.28478896842006
10,polyarchy_decline,Y_cl_rol,Rule of law,vdem_liberal,instr-antiplural_w10_trt-polyarchy_gapany_illib0p9026269_opp0p9026269_ctrypct_lrmax1_exclyr,polyarchy_decline,57,15,-0.1853211168829041,0.43569141240193454,57,15,0.4445112134133099,0.2196204509842092,0.0429704231849271,1.4377558420637802,2.8291755306628796,0.6113208147168343,22.529649195262262
10,polyarchy_decline,Y_cspart,Civil society,vdem_particip,instr-antiplural_w10_trt-polyarchy_gapany_illib0p9026269_opp0p9026269_ctrypct_lrmax1_exclyr,polyarchy_decline,57,15,-0.1853211168829041,0.43569141240193454,57,15,-0.1960557550458919,0.31016612517183756,0.5273220674982595,-0.9442955413249664,3.5123451471073084,0.7880447756117219,15.330054994680255
10,polyarchy_decline,Y_dd,Direct democracy,vdem_particip,instr-antiplural_w10_trt-polyarchy_gapany_illib0p9026269_opp0p9026269_ctrypct_lrmax1_exclyr,polyarchy_decline,57,15,-0.1853211168829041,0.43569141240193454,57,15,-0.17483816880841163,0.11100884255934612,0.11525802114913898,-1.3436303691166034,1.5351652026123437,0.38144603421838985,22.43115246456407
10,polyarchy_decline,Y_locelec,Local elections,vdem_particip,instr-antiplural_w10_trt-polyarchy_gapany_illib0p9026269_opp0p9026269_ctrypct_lrmax1_exclyr,polyarchy_decline,57,15,-0.1853211168829041,0.43569141240193454,57,15,0.4586481040020721,0.5065289297255583,0.36521503060066907,-0.2965013390466792,3.089069804957454,0.923533263866537,23.482359468514993
10,polyarchy_decline,Y_regelec,Regional elections,vdem_particip,instr-antiplural_w10_trt-polyarchy_gapany_illib0p9026269_opp0p9026269_ctrypct_lrmax1_exclyr,polyarchy_decline,57,15,-0.1853211168829041,0.43569141240193454,57,15,0.17743911653971167,0.2047628667245012,0.3861836554019125,1.027226085584576,1.1681843927676905,0.3792193566021187,32.228327946704425
10,polyarchy_decline,Y_delib,Deliberation,vdem_egal_delib,instr-antiplural_w10_trt-polyarchy_gapany_illib0p9026269_opp0p9026269_ctrypct_lrmax1_exclyr,polyarchy_decline,57,15,-0.1853211168829041,0.43569141240193454,57,15,0.42248578350847554,0.4098077624121715,0.30257059499574396,-2.0595325138796623,2.716534516196865,0.4483629812497932,13.996698219877802
10,polyarchy_decline,Y_eqprotec,Equal protection,vdem_egal_delib,instr-antiplural_w10_trt-polyarchy_gapany_illib0p9026269_opp0p9026269_ctrypct_lrmax1_exclyr,polyarchy_decline,57,15,-0.1853211168829041,0.43569141240193454,57,15,0.2163459676510033,0.13497562434739543,0.10896730337031392,1.2372238382519871,2.7778142421265635,0.6560345164021215,21.802065432976782
10,polyarchy_decline,Y_eqaccess,Equal access,vdem_egal_delib,instr-antiplural_w10_trt-polyarchy_gapany_illib0p9026269_opp0p9026269_ctrypct_lrmax1_exclyr,polyarchy_decline,57,15,-0.1853211168829041,0.43569141240193454,57,15,-0.10002100414631528,0.25550304823474623,0.6954520986401724,-0.14307029709522534,5.309759962766294,0.9785037797408008,15.222536337751022
10,polyarchy_decline,Y_eqdr,Equal distribution,vdem_egal_delib,instr-antiplural_w10_trt-polyarchy_gapany_illib0p9026269_opp0p9026269_ctrypct_lrmax1_exclyr,polyarchy_decline,57,15,-0.1853211168829041,0.43569141240193454,57,15,-0.08797372088010016,0.2441056895380648,0.7185540597507758,-3.0949947711371113,3.8397928380387585,0.4202245678255917,21.224750859628863
