v2paid,party,country,year,a,b
216,Party of the Democratic Revolution,MEX,1991,0.237,0.764
216,Party of the Democratic Revolution,MEX,1994,0.206,0.753
216,Party of the Democratic Revolution,MEX,1997,0.174,0.698
216,Party of the Democratic Revolution,MEX,2000,0.213,0.707
216,Party of the Democratic Revolution,MEX,2003,0.266,0.704
216,Party of the Democratic Revolution,MEX,2006,0.374,0.829
216,Party of the Democratic Revolution,MEX,2009,0.26,0.803
216,Party of the Democratic Revolution,MEX,2012,0.275,0.815
216,Party of the Democratic Revolution,MEX,2015,0.198,0.59
216,Party of the Democratic Revolution,MEX,2018,0.218,0.552
446,Ecologist Green Party of Mexico,MEX,2003,0.385,0.128
446,Ecologist Green Party of Mexico,MEX,2006,0.385,0.063
446,Ecologist Green Party of Mexico,MEX,2009,0.409,0.063
446,Ecologist Green Party of Mexico,MEX,2012,0.417,0.061
446,Ecologist Green Party of Mexico,MEX,2015,0.417,0.061
446,Ecologist Green Party of Mexico,MEX,2018,0.408,0.062
696,National Action Party,MEX,1970,0.093,0.182
696,National Action Party,MEX,1973,0.091,0.187
696,National Action Party,MEX,1976,0.119,0.187
696,National Action Party,MEX,1979,0.089,0.206
696,National Action Party,MEX,1982,0.095,0.187
696,National Action Party,MEX,1985,0.1,0.188
696,National Action Party,MEX,1988,0.12,0.231
696,National Action Party,MEX,1991,0.114,0.216
696,National Action Party,MEX,1994,0.12,0.168
696,National Action Party,MEX,1997,0.081,0.168
696,National Action Party,MEX,2000,0.126,0.169
696,National Action Party,MEX,2003,0.152,0.154
696,National Action Party,MEX,2006,0.28,0.109
696,National Action Party,MEX,2009,0.16,0.109
696,National Action Party,MEX,2012,0.182,0.142
696,National Action Party,MEX,2015,0.153,0.134
696,National Action Party,MEX,2018,0.139,0.159
1241,Labor Party,MEX,2006,0.62,0.725
1241,Labor Party,MEX,2018,0.609,0.655
1331,Convergence / Citizens' Movement,MEX,2006,0.262,0.494
1331,Convergence / Citizens' Movement,MEX,2015,0.199,0.434
1331,Convergence / Citizens' Movement,MEX,2018,0.184,0.434
1474,Institutional Revolutionary Party,MEX,1970,0.971,0.199
1474,Institutional Revolutionary Party,MEX,1973,0.961,0.196
1474,Institutional Revolutionary Party,MEX,1976,0.943,0.131
1474,Institutional Revolutionary Party,MEX,1979,0.88,0.13
1474,Institutional Revolutionary Party,MEX,1982,0.871,0.11
1474,Institutional Revolutionary Party,MEX,1985,0.874,0.109
1474,Institutional Revolutionary Party,MEX,1988,0.946,0.107
1474,Institutional Revolutionary Party,MEX,1991,0.775,0.132
1474,Institutional Revolutionary Party,MEX,1994,0.654,0.111
1474,Institutional Revolutionary Party,MEX,1997,0.517,0.111
1474,Institutional Revolutionary Party,MEX,2000,0.438,0.208
1474,Institutional Revolutionary Party,MEX,2003,0.419,0.205
1474,Institutional Revolutionary Party,MEX,2006,0.494,0.202
1474,Institutional Revolutionary Party,MEX,2009,0.452,0.174
1474,Institutional Revolutionary Party,MEX,2012,0.483,0.091
1474,Institutional Revolutionary Party,MEX,2015,0.483,0.091
1474,Institutional Revolutionary Party,MEX,2018,0.474,0.138
1981,Mexican Communist Party,MEX,1979,0.529,0.79
1983,National Democratic Front,MEX,1988,0.353,0.677
6110,National Regeneration Movement,MEX,2015,0.661,0.939
6110,National Regeneration Movement,MEX,2018,0.7,0.98
6113,Social Encounter Party,MEX,2018,0.29,0.275
199,Farmers' League / Centre Party,SWE,1970,0.03,0.095
199,Farmers' League / Centre Party,SWE,1973,0.03,0.095
199,Farmers' League / Centre Party,SWE,1976,0.03,0.115
199,Farmers' League / Centre Party,SWE,1979,0.03,0.116
199,Farmers' League / Centre Party,SWE,1982,0.03,0.116
199,Farmers' League / Centre Party,SWE,1985,0.03,0.116
199,Farmers' League / Centre Party,SWE,1988,0.03,0.116
199,Farmers' League / Centre Party,SWE,1991,0.03,0.116
199,Farmers' League / Centre Party,SWE,1994,0.03,0.116
199,Farmers' League / Centre Party,SWE,1998,0.03,0.116
199,Farmers' League / Centre Party,SWE,2002,0.03,0.116
199,Farmers' League / Centre Party,SWE,2006,0.03,0.116
199,Farmers' League / Centre Party,SWE,2010,0.028,0.116
199,Farmers' League / Centre Party,SWE,2014,0.028,0.116
199,Farmers' League / Centre Party,SWE,2018,0.028,0.116
343,New Democracy,SWE,1991,0.065,0.965
409,Sweden Democrats,SWE,2010,0.095,0.864
409,Sweden Democrats,SWE,2014,0.095,0.864
409,Sweden Democrats,SWE,2018,0.095,0.864
456,Greens,SWE,1988,0.03,0.353
456,Greens,SWE,1991,0.03,0.353
456,Greens,SWE,1994,0.03,0.353
456,Greens,SWE,1998,0.03,0.317
456,Greens,SWE,2002,0.03,0.317
456,Greens,SWE,2006,0.03,0.317
456,Greens,SWE,2010,0.03,0.317
456,Greens,SWE,2014,0.03,0.317
456,Greens,SWE,2018,0.03,0.317
487,Social Democrats,SWE,1970,0.03,0.391
487,Social Democrats,SWE,1973,0.03,0.391
487,Social Democrats,SWE,1976,0.03,0.391
487,Social Democrats,SWE,1979,0.03,0.391
487,Social Democrats,SWE,1982,0.03,0.391
487,Social Democrats,SWE,1985,0.03,0.391
487,Social Democrats,SWE,1988,0.03,0.391
487,Social Democrats,SWE,1991,0.03,0.391
487,Social Democrats,SWE,1994,0.03,0.347
487,Social Democrats,SWE,1998,0.03,0.347
487,Social Democrats,SWE,2002,0.03,0.347
487,Social Democrats,SWE,2006,0.03,0.347
487,Social Democrats,SWE,2010,0.029,0.347
487,Social Democrats,SWE,2014,0.029,0.347
487,Social Democrats,SWE,2018,0.029,0.343
651,Christian Democrats,SWE,1991,0.03,0.121
651,Christian Democrats,SWE,1998,0.031,0.121
651,Christian Democrats,SWE,2002,0.031,0.164
651,Christian Democrats,SWE,2006,0.031,0.163
651,Christian Democrats,SWE,2010,0.03,0.163
651,Christian Democrats,SWE,2018,0.05,0.166
690,Right Party / Moderate Party,SWE,1970,0.031,0.064
690,Right Party / Moderate Party,SWE,1973,0.031,0.064
690,Right Party / Moderate Party,SWE,1976,0.031,0.1
690,Right Party / Moderate Party,SWE,1979,0.031,0.1
690,Right Party / Moderate Party,SWE,1982,0.031,0.1
690,Right Party / Moderate Party,SWE,1985,0.031,0.1
690,Right Party / Moderate Party,SWE,1988,0.031,0.1
690,Right Party / Moderate Party,SWE,1991,0.031,0.1
690,Right Party / Moderate Party,SWE,1994,0.031,0.1
690,Right Party / Moderate Party,SWE,1998,0.031,0.1
690,Right Party / Moderate Party,SWE,2002,0.031,0.1
690,Right Party / Moderate Party,SWE,2006,0.031,0.111
690,Right Party / Moderate Party,SWE,2010,0.03,0.111
690,Right Party / Moderate Party,SWE,2014,0.03,0.111
690,Right Party / Moderate Party,SWE,2018,0.03,0.099
830,Left Party / Communist Party,SWE,1973,0.029,0.596
830,Left Party / Communist Party,SWE,1979,0.032,0.594
830,Left Party / Communist Party,SWE,1982,0.032,0.594
830,Left Party / Communist Party,SWE,1985,0.032,0.594
830,Left Party / Communist Party,SWE,1988,0.032,0.594
830,Left Party / Communist Party,SWE,1994,0.029,0.593
830,Left Party / Communist Party,SWE,1998,0.029,0.593
830,Left Party / Communist Party,SWE,2002,0.029,0.593
830,Left Party / Communist Party,SWE,2006,0.029,0.593
830,Left Party / Communist Party,SWE,2010,0.029,0.593
830,Left Party / Communist Party,SWE,2014,0.029,0.593
830,Left Party / Communist Party,SWE,2018,0.03,0.593
1274,The Liberals/The People’s Party,SWE,1970,0.03,0.095
1274,The Liberals/The People’s Party,SWE,1973,0.03,0.095
1274,The Liberals/The People’s Party,SWE,1976,0.03,0.11
1274,The Liberals/The People’s Party,SWE,1979,0.03,0.109
1274,The Liberals/The People’s Party,SWE,1982,0.03,0.108
1274,The Liberals/The People’s Party,SWE,1985,0.03,0.107
1274,The Liberals/The People’s Party,SWE,1988,0.03,0.11
1274,The Liberals/The People’s Party,SWE,1991,0.03,0.11
1274,The Liberals/The People’s Party,SWE,1994,0.03,0.11
1274,The Liberals/The People’s Party,SWE,2002,0.031,0.11
1274,The Liberals/The People’s Party,SWE,2006,0.031,0.111
1274,The Liberals/The People’s Party,SWE,2010,0.03,0.111
1274,The Liberals/The People’s Party,SWE,2014,0.03,0.111
1274,The Liberals/The People’s Party,SWE,2018,0.03,0.111
29,Social Democratic Party of Switzerland,CHE,1971,0.082,0.559
29,Social Democratic Party of Switzerland,CHE,1975,0.082,0.559
29,Social Democratic Party of Switzerland,CHE,1979,0.082,0.559
29,Social Democratic Party of Switzerland,CHE,1983,0.082,0.559
29,Social Democratic Party of Switzerland,CHE,1987,0.082,0.559
29,Social Democratic Party of Switzerland,CHE,1991,0.082,0.559
29,Social Democratic Party of Switzerland,CHE,1995,0.082,0.559
29,Social Democratic Party of Switzerland,CHE,1999,0.082,0.559
29,Social Democratic Party of Switzerland,CHE,2003,0.082,0.559
29,Social Democratic Party of Switzerland,CHE,2007,0.082,0.559
29,Social Democratic Party of Switzerland,CHE,2011,0.082,0.559
29,Social Democratic Party of Switzerland,CHE,2015,0.082,0.559
29,Social Democratic Party of Switzerland,CHE,2019,0.082,0.559
308,Swiss People's Party,CHE,1971,0.166,0.405
308,Swiss People's Party,CHE,1975,0.166,0.405
308,Swiss People's Party,CHE,1979,0.166,0.405
308,Swiss People's Party,CHE,1983,0.166,0.405
308,Swiss People's Party,CHE,1987,0.166,0.438
308,Swiss People's Party,CHE,1991,0.276,0.87
308,Swiss People's Party,CHE,1995,0.276,0.902
308,Swiss People's Party,CHE,1999,0.276,0.902
308,Swiss People's Party,CHE,2003,0.276,0.902
308,Swiss People's Party,CHE,2007,0.276,0.944
308,Swiss People's Party,CHE,2011,0.276,0.944
308,Swiss People's Party,CHE,2015,0.276,0.903
308,Swiss People's Party,CHE,2019,0.276,0.903
360,Radical Democratic Party,CHE,1971,0.109,0.054
360,Radical Democratic Party,CHE,1975,0.109,0.054
360,Radical Democratic Party,CHE,1979,0.109,0.054
360,Radical Democratic Party,CHE,1983,0.109,0.054
360,Radical Democratic Party,CHE,1987,0.109,0.054
360,Radical Democratic Party,CHE,1991,0.109,0.054
360,Radical Democratic Party,CHE,1995,0.109,0.054
360,Radical Democratic Party,CHE,1999,0.109,0.054
360,Radical Democratic Party,CHE,2003,0.109,0.054
360,Radical Democratic Party,CHE,2007,0.109,0.054
360,Radical Democratic Party,CHE,2011,0.109,0.054
360,Radical Democratic Party,CHE,2015,0.109,0.054
360,Radical Democratic Party,CHE,2019,0.109,0.054
1006,Green Party,CHE,1991,0.042,0.455
1006,Green Party,CHE,1995,0.042,0.417
1006,Green Party,CHE,1999,0.042,0.417
1006,Green Party,CHE,2003,0.042,0.417
1006,Green Party,CHE,2007,0.042,0.417
1006,Green Party,CHE,2011,0.042,0.417
1006,Green Party,CHE,2015,0.042,0.417
1006,Green Party,CHE,2019,0.042,0.417
1194,Independents Alliance,CHE,1971,0.083,0.39
1194,Independents Alliance,CHE,1975,0.083,0.39
1311,Automobile Party / Freedom Party of Switzerland,CHE,1991,0.26,0.758
1415,Conservative Democratic Party of Switzerland,CHE,2011,0.083,0.361
1759,Green Liberal Party,CHE,2011,0.106,0.163
1759,Green Liberal Party,CHE,2019,0.106,0.159
1808,Catholic Conservative / Christian Democratic Peoples Party,CHE,1971,0.108,0.059
1808,Catholic Conservative / Christian Democratic Peoples Party,CHE,1975,0.108,0.059
1808,Catholic Conservative / Christian Democratic Peoples Party,CHE,1979,0.108,0.059
1808,Catholic Conservative / Christian Democratic Peoples Party,CHE,1983,0.108,0.059
1808,Catholic Conservative / Christian Democratic Peoples Party,CHE,1987,0.108,0.059
1808,Catholic Conservative / Christian Democratic Peoples Party,CHE,1991,0.108,0.059
1808,Catholic Conservative / Christian Democratic Peoples Party,CHE,1995,0.108,0.059
1808,Catholic Conservative / Christian Democratic Peoples Party,CHE,1999,0.108,0.059
1808,Catholic Conservative / Christian Democratic Peoples Party,CHE,2003,0.108,0.059
1808,Catholic Conservative / Christian Democratic Peoples Party,CHE,2007,0.108,0.059
1808,Catholic Conservative / Christian Democratic Peoples Party,CHE,2011,0.108,0.059
1808,Catholic Conservative / Christian Democratic Peoples Party,CHE,2015,0.108,0.059
1808,Catholic Conservative / Christian Democratic Peoples Party,CHE,2019,0.108,0.059
2311,National Democratic Congress,GHA,1992,0.641,0.663
2311,National Democratic Congress,GHA,1996,0.483,0.646
2311,National Democratic Congress,GHA,2000,0.183,0.646
2311,National Democratic Congress,GHA,2004,0.183,0.646
2311,National Democratic Congress,GHA,2008,0.209,0.666
2311,National Democratic Congress,GHA,2012,0.247,0.621
2311,National Democratic Congress,GHA,2016,0.233,0.621
2312,New Patriotic Party,GHA,1996,0.172,0.273
2312,New Patriotic Party,GHA,2000,0.181,0.273
2312,New Patriotic Party,GHA,2004,0.261,0.273
2312,New Patriotic Party,GHA,2008,0.263,0.282
2312,New Patriotic Party,GHA,2012,0.216,0.288
2312,New Patriotic Party,GHA,2016,0.265,0.287
4837,People's National Party,GHA,1979,0.255,0.531
4838,Popular Front Party,GHA,1979,0.306,0.248
4839,United National Convention,GHA,1979,0.188,0.373
4840,Action Congress Party,GHA,1979,0.132,0.537
4842,National Convention Party,GHA,1992,0.555,0.548
1038,Democratic Alliance,ZAF,2004,0.04,0.475
1038,Democratic Alliance,ZAF,2009,0.043,0.488
1038,Democratic Alliance,ZAF,2014,0.056,0.512
1038,Democratic Alliance,ZAF,2019,0.052,0.487
1219,African National Congress,ZAF,1994,0.147,0.774
1219,African National Congress,ZAF,1999,0.115,0.68
1219,African National Congress,ZAF,2004,0.129,0.701
1219,African National Congress,ZAF,2009,0.403,0.747
1219,African National Congress,ZAF,2014,0.36,0.716
1219,African National Congress,ZAF,2019,0.194,0.693
1289,National Party,ZAF,1970,0.973,0.172
1289,National Party,ZAF,1974,0.973,0.172
1289,National Party,ZAF,1977,0.973,0.172
1289,National Party,ZAF,1981,0.952,0.172
1289,National Party,ZAF,1987,0.942,0.171
1289,National Party,ZAF,1989,0.883,0.171
1289,National Party,ZAF,1994,0.573,0.234
1609,Conservative Party,ZAF,1987,0.648,0.529
1609,Conservative Party,ZAF,1989,0.648,0.529
1630,Inkatha Freedom Party,ZAF,1994,0.67,0.514
1630,Inkatha Freedom Party,ZAF,1999,0.583,0.541
1630,Inkatha Freedom Party,ZAF,2004,0.504,0.526
4546,Congress of the People,ZAF,2009,0.157,0.644
4547,Democratic Party,ZAF,1989,0.135,0.495
4547,Democratic Party,ZAF,1999,0.028,0.438
4548,Economic Freedom Fighters,ZAF,2014,0.933,0.973
4548,Economic Freedom Fighters,ZAF,2019,0.933,0.973
5254,United Party,ZAF,1970,0.44,0.425
5254,United Party,ZAF,1974,0.438,0.422
5255,Progressive Federal Party,ZAF,1977,0.5,0.543
5255,Progressive Federal Party,ZAF,1981,0.442,0.541
5255,Progressive Federal Party,ZAF,1987,0.437,0.541
5731,New National Party,ZAF,1999,0.393,0.42
5734,New Republic Party,ZAF,1977,0.614,0.504
5734,New Republic Party,ZAF,1981,0.614,0.504
6291,Reconstituted National Party,ZAF,1981,0.706,0.497
3,Japan Socialist Party / Social Democratic Party,JPN,1972,0.059,0.608
3,Japan Socialist Party / Social Democratic Party,JPN,1976,0.059,0.608
3,Japan Socialist Party / Social Democratic Party,JPN,1979,0.059,0.608
3,Japan Socialist Party / Social Democratic Party,JPN,1980,0.059,0.608
3,Japan Socialist Party / Social Democratic Party,JPN,1983,0.059,0.608
3,Japan Socialist Party / Social Democratic Party,JPN,1986,0.063,0.609
3,Japan Socialist Party / Social Democratic Party,JPN,1990,0.092,0.609
3,Japan Socialist Party / Social Democratic Party,JPN,1993,0.087,0.33
3,Japan Socialist Party / Social Democratic Party,JPN,1996,0.06,0.294
3,Japan Socialist Party / Social Democratic Party,JPN,2000,0.047,0.294
3,Japan Socialist Party / Social Democratic Party,JPN,2003,0.056,0.294
3,Japan Socialist Party / Social Democratic Party,JPN,2005,0.059,0.294
13,Liberal Party,JPN,2000,0.151,0.462
88,Japan New Party,JPN,1993,0.104,0.63
282,New Frontier Party,JPN,1996,0.092,0.122
736,Japan Communist Party,JPN,1972,0.372,0.72
736,Japan Communist Party,JPN,1976,0.203,0.72
736,Japan Communist Party,JPN,1979,0.203,0.72
736,Japan Communist Party,JPN,1980,0.203,0.72
736,Japan Communist Party,JPN,1983,0.203,0.72
736,Japan Communist Party,JPN,1986,0.203,0.72
736,Japan Communist Party,JPN,1990,0.183,0.72
736,Japan Communist Party,JPN,1993,0.123,0.72
736,Japan Communist Party,JPN,1996,0.132,0.72
736,Japan Communist Party,JPN,2000,0.132,0.745
736,Japan Communist Party,JPN,2003,0.128,0.775
736,Japan Communist Party,JPN,2005,0.14,0.747
736,Japan Communist Party,JPN,2009,0.127,0.747
736,Japan Communist Party,JPN,2012,0.091,0.727
736,Japan Communist Party,JPN,2014,0.109,0.725
736,Japan Communist Party,JPN,2017,0.088,0.725
867,Democratic Socialist Party,JPN,1972,0.056,0.392
867,Democratic Socialist Party,JPN,1976,0.056,0.392
867,Democratic Socialist Party,JPN,1979,0.056,0.392
867,Democratic Socialist Party,JPN,1980,0.056,0.392
867,Democratic Socialist Party,JPN,1983,0.056,0.392
867,Democratic Socialist Party,JPN,1986,0.056,0.392
1100,Putting People's Lives First,JPN,2012,0.253,0.657
1109,Japan Renewal Party,JPN,1993,0.236,0.342
1515,Clean Government Party / New Komeito,JPN,1972,0.049,0.447
1515,Clean Government Party / New Komeito,JPN,1976,0.049,0.447
1515,Clean Government Party / New Komeito,JPN,1979,0.049,0.447
1515,Clean Government Party / New Komeito,JPN,1980,0.049,0.447
1515,Clean Government Party / New Komeito,JPN,1983,0.049,0.447
1515,Clean Government Party / New Komeito,JPN,1986,0.049,0.447
1515,Clean Government Party / New Komeito,JPN,1990,0.049,0.447
1515,Clean Government Party / New Komeito,JPN,1993,0.049,0.447
1515,Clean Government Party / New Komeito,JPN,2000,0.071,0.453
1515,Clean Government Party / New Komeito,JPN,2003,0.063,0.474
1515,Clean Government Party / New Komeito,JPN,2005,0.063,0.474
1515,Clean Government Party / New Komeito,JPN,2009,0.063,0.456
1515,Clean Government Party / New Komeito,JPN,2012,0.063,0.456
1515,Clean Government Party / New Komeito,JPN,2014,0.063,0.453
1515,Clean Government Party / New Komeito,JPN,2017,0.063,0.453
1746,Liberal Democratic Party,JPN,1972,0.123,0.071
1746,Liberal Democratic Party,JPN,1976,0.123,0.071
1746,Liberal Democratic Party,JPN,1979,0.121,0.071
1746,Liberal Democratic Party,JPN,1980,0.123,0.071
1746,Liberal Democratic Party,JPN,1983,0.134,0.071
1746,Liberal Democratic Party,JPN,1986,0.134,0.071
1746,Liberal Democratic Party,JPN,1990,0.122,0.071
1746,Liberal Democratic Party,JPN,1993,0.135,0.071
1746,Liberal Democratic Party,JPN,1996,0.179,0.071
1746,Liberal Democratic Party,JPN,2000,0.159,0.071
1746,Liberal Democratic Party,JPN,2003,0.158,0.111
1746,Liberal Democratic Party,JPN,2005,0.32,0.182
1746,Liberal Democratic Party,JPN,2009,0.225,0.101
1746,Liberal Democratic Party,JPN,2012,0.264,0.162
1746,Liberal Democratic Party,JPN,2014,0.39,0.134
1746,Liberal Democratic Party,JPN,2017,0.39,0.134
1777,Your Party,JPN,2012,0.252,0.532
1804,Democratic Party of Japan,JPN,1996,0.109,0.576
1804,Democratic Party of Japan,JPN,2000,0.109,0.595
1804,Democratic Party of Japan,JPN,2003,0.116,0.594
1804,Democratic Party of Japan,JPN,2005,0.129,0.594
1804,Democratic Party of Japan,JPN,2009,0.156,0.707
1804,Democratic Party of Japan,JPN,2012,0.101,0.405
1804,Democratic Party of Japan,JPN,2014,0.104,0.464
2080,Japan Restoration [Innovation] Party,JPN,2012,0.16,0.554
2080,Japan Restoration [Innovation] Party,JPN,2014,0.115,0.554
2080,Japan Restoration [Innovation] Party,JPN,2017,0.113,0.554
6134,Party of Hope,JPN,2017,0.331,0.452
6135,Constitutional Democratic Party of Japan,JPN,2017,0.067,0.535
5796,Burma Socialist Programme Party,MMR,1974,0.998,0.2
5796,Burma Socialist Programme Party,MMR,1978,0.998,0.197
5796,Burma Socialist Programme Party,MMR,1981,0.998,0.197
5796,Burma Socialist Programme Party,MMR,1985,0.998,0.197
5818,Union Solidarity and Development Party,MMR,1993,0.995,0.362
5818,Union Solidarity and Development Party,MMR,1998,0.995,0.362
5818,Union Solidarity and Development Party,MMR,2003,0.995,0.362
5818,Union Solidarity and Development Party,MMR,2008,0.989,0.362
5818,Union Solidarity and Development Party,MMR,2010,0.951,0.362
5818,Union Solidarity and Development Party,MMR,2015,0.933,0.362
5972,United Democratic Front,MMR,2010,0.307,0.621
5973,National League for Democracy,MMR,1990,0.091,0.828
5973,National League for Democracy,MMR,2015,0.066,0.782
5974,National Unity Party,MMR,1988,0.964,0.182
5974,National Unity Party,MMR,1990,0.965,0.185
5974,National Unity Party,MMR,2010,0.478,0.577
5975,Shan Nationalities Democratic Party,MMR,2010,0.209,0.44
2235,Agrarian Party of Russia,RUS,1993,0.626,0.684
2236,Communist Party ot the Russian Federation,RUS,1993,0.894,0.854
2236,Communist Party ot the Russian Federation,RUS,1995,0.866,0.879
2236,Communist Party ot the Russian Federation,RUS,1999,0.843,0.878
2236,Communist Party ot the Russian Federation,RUS,2003,0.83,0.841
2236,Communist Party ot the Russian Federation,RUS,2007,0.796,0.829
2236,Communist Party ot the Russian Federation,RUS,2011,0.796,0.829
2236,Communist Party ot the Russian Federation,RUS,2016,0.812,0.825
2238,Democratic Party of Russia,RUS,1993,0.337,0.399
2240,Fatherland – All Russia,RUS,1999,0.696,0.365
2242,Unity,RUS,1999,0.656,0.201
2244,Just Russia,RUS,2007,0.515,0.555
2244,Just Russia,RUS,2011,0.515,0.555
2244,Just Russia,RUS,2016,0.514,0.615
2245,Liberal Democratic Party of Russia,RUS,1993,0.986,0.888
2245,Liberal Democratic Party of Russia,RUS,1995,0.975,0.918
2245,Liberal Democratic Party of Russia,RUS,1999,0.975,0.929
2245,Liberal Democratic Party of Russia,RUS,2003,0.97,0.904
2245,Liberal Democratic Party of Russia,RUS,2007,0.96,0.892
2245,Liberal Democratic Party of Russia,RUS,2011,0.96,0.843
2245,Liberal Democratic Party of Russia,RUS,2016,0.955,0.827
2246,Motherland -- National Patriotic Union,RUS,2003,0.919,0.693
2247,Our Home - Russia,RUS,1995,0.596,0.133
2249,Party of Russian Unity and Accord,RUS,1993,0.424,0.274
2252,"Russian United Democratic Party """"Yabloko""""",RUS,1993,0.026,0.366
2252,"Russian United Democratic Party """"Yabloko""""",RUS,1995,0.026,0.376
2252,"Russian United Democratic Party """"Yabloko""""",RUS,1999,0.026,0.353
2253,Russia’s Democratic Choice,RUS,1993,0.169,0.227
2255,Union of Right Forces,RUS,1999,0.062,0.22
2256,United Russia,RUS,2003,0.722,0.188
2256,United Russia,RUS,2007,0.846,0.097
2256,United Russia,RUS,2011,0.899,0.097
2256,United Russia,RUS,2016,0.909,0.097
2257,Women of Russia,RUS,1993,0.237,0.367
4784,Communist Party of the Soviet Union,RUS,1970,0.999,0.088
4784,Communist Party of the Soviet Union,RUS,1974,0.999,0.088
4784,Communist Party of the Soviet Union,RUS,1979,0.999,0.088
4784,Communist Party of the Soviet Union,RUS,1984,0.998,0.088
4784,Communist Party of the Soviet Union,RUS,1989,0.993,0.133
190,Democratic Party of Albania,ALB,1991,0.382,0.385
190,Democratic Party of Albania,ALB,1992,0.382,0.385
190,Democratic Party of Albania,ALB,1996,0.893,0.164
190,Democratic Party of Albania,ALB,1997,0.715,0.164
190,Democratic Party of Albania,ALB,2001,0.577,0.543
190,Democratic Party of Albania,ALB,2005,0.533,0.543
190,Democratic Party of Albania,ALB,2009,0.533,0.237
190,Democratic Party of Albania,ALB,2013,0.533,0.237
190,Democratic Party of Albania,ALB,2017,0.47,0.528
674,Albanian National Front Party,ALB,1996,0.671,0.067
819,Republican Party of Albania,ALB,1996,0.577,0.142
819,Republican Party of Albania,ALB,2001,0.353,0.299
819,Republican Party of Albania,ALB,2005,0.426,0.299
819,Republican Party of Albania,ALB,2009,0.426,0.136
819,Republican Party of Albania,ALB,2013,0.485,0.136
838,Social Democratic Party of Albania,ALB,1997,0.349,0.14
838,Social Democratic Party of Albania,ALB,2005,0.35,0.23
840,Agrarian Party,ALB,2005,0.263,0.167
1558,New Democratic Party,ALB,2005,0.327,0.092
1729,Socialist Party of Albania,ALB,1991,0.906,0.179
1729,Socialist Party of Albania,ALB,1992,0.245,0.179
1729,Socialist Party of Albania,ALB,1996,0.286,0.299
1729,Socialist Party of Albania,ALB,1997,0.43,0.23
1729,Socialist Party of Albania,ALB,2001,0.355,0.144
1729,Socialist Party of Albania,ALB,2005,0.355,0.389
1729,Socialist Party of Albania,ALB,2009,0.472,0.447
1729,Socialist Party of Albania,ALB,2013,0.352,0.447
1729,Socialist Party of Albania,ALB,2017,0.469,0.065
2297,Socialist Movement for Integration,ALB,2005,0.416,0.142
2297,Socialist Movement for Integration,ALB,2009,0.416,0.142
2297,Socialist Movement for Integration,ALB,2013,0.561,0.142
2297,Socialist Movement for Integration,ALB,2017,0.486,0.212
3270,"Party for Justice, Integration and Unity",ALB,2017,0.582,0.142
4711,Party of Labour / Albanian Workers' Party,ALB,1970,0.998,0.863
4711,Party of Labour / Albanian Workers' Party,ALB,1974,0.998,0.863
4711,Party of Labour / Albanian Workers' Party,ALB,1978,0.998,0.863
4711,Party of Labour / Albanian Workers' Party,ALB,1982,0.998,0.863
4711,Party of Labour / Albanian Workers' Party,ALB,1987,0.998,0.863
2303,New Wafd Party,EGY,1984,0.431,0.507
2303,New Wafd Party,EGY,1987,0.383,0.507
2303,New Wafd Party,EGY,2011,0.535,0.511
2303,New Wafd Party,EGY,2015,0.542,0.511
2370,National Democratic Party,EGY,1976,0.937,0.333
2370,National Democratic Party,EGY,1979,0.977,0.333
2370,National Democratic Party,EGY,1984,0.969,0.285
2370,National Democratic Party,EGY,1987,0.981,0.285
2370,National Democratic Party,EGY,1990,0.956,0.264
2370,National Democratic Party,EGY,1995,0.959,0.274
2370,National Democratic Party,EGY,2000,0.968,0.274
2370,National Democratic Party,EGY,2005,0.982,0.209
2370,National Democratic Party,EGY,2010,0.99,0.209
2371,Muslim Brotherhood,EGY,1987,0.602,0.874
5128,Al-Nour Party,EGY,2011,0.747,0.724
5129,Freedom and Justice Party,EGY,2011,0.691,0.873
5153,Arab Socialist Union,EGY,1971,0.595,0.625
5871,Free Egyptians Party,EGY,2011,0.321,0.376
5871,Free Egyptians Party,EGY,2015,0.512,0.376
6209,Socialist Labor Party,EGY,1979,0.46,0.878
6209,Socialist Labor Party,EGY,1987,0.477,0.847
6930,Nation's Future Party,EGY,2015,0.863,0.393
7107,Liberal Socialists Party,EGY,1976,0.551,0.74
7107,Liberal Socialists Party,EGY,1987,0.603,0.74
8038,Egyptian Social Democratic Party,EGY,2011,0.26,0.596
4162,General People's Congress,YEM,1993,0.905,0.205
4162,General People's Congress,YEM,1997,0.929,0.217
4162,General People's Congress,YEM,2003,0.935,0.262
4163,Yemeni Congregation for Reform,YEM,1993,0.943,0.361
4163,Yemeni Congregation for Reform,YEM,1997,0.925,0.375
4163,Yemeni Congregation for Reform,YEM,2003,0.887,0.452
4164,Yemeni Socialist Party,YEM,1993,0.673,0.744
218,Alternative Democratic Pole,COL,2006,0.257,0.931
218,Alternative Democratic Pole,COL,2010,0.244,0.914
362,Colombian Liberal Party,COL,1970,0.905,0.417
362,Colombian Liberal Party,COL,1974,0.852,0.53
362,Colombian Liberal Party,COL,1978,0.812,0.489
362,Colombian Liberal Party,COL,1982,0.612,0.519
362,Colombian Liberal Party,COL,1986,0.572,0.565
362,Colombian Liberal Party,COL,1990,0.522,0.542
362,Colombian Liberal Party,COL,1991,0.406,0.518
362,Colombian Liberal Party,COL,1994,0.535,0.56
362,Colombian Liberal Party,COL,1998,0.491,0.509
362,Colombian Liberal Party,COL,2002,0.444,0.517
362,Colombian Liberal Party,COL,2006,0.463,0.54
362,Colombian Liberal Party,COL,2010,0.435,0.52
362,Colombian Liberal Party,COL,2014,0.351,0.52
362,Colombian Liberal Party,COL,2018,0.418,0.485
561,Radical Change,COL,2006,0.732,0.312
561,Radical Change,COL,2010,0.721,0.278
561,Radical Change,COL,2014,0.687,0.26
561,Radical Change,COL,2018,0.738,0.331
759,Social Party of National Unity,COL,2006,0.586,0.371
759,Social Party of National Unity,COL,2010,0.564,0.39
759,Social Party of National Unity,COL,2014,0.398,0.41
759,Social Party of National Unity,COL,2018,0.366,0.471
1577,Colombian Conservative Party,COL,1970,0.96,0.202
1577,Colombian Conservative Party,COL,1974,0.948,0.297
1577,Colombian Conservative Party,COL,1978,0.921,0.297
1577,Colombian Conservative Party,COL,1982,0.829,0.34
1577,Colombian Conservative Party,COL,1986,0.738,0.299
1577,Colombian Conservative Party,COL,1990,0.709,0.299
1577,Colombian Conservative Party,COL,1991,0.656,0.299
1577,Colombian Conservative Party,COL,1994,0.808,0.299
1577,Colombian Conservative Party,COL,1998,0.757,0.331
1577,Colombian Conservative Party,COL,2002,0.741,0.294
1577,Colombian Conservative Party,COL,2006,0.747,0.294
1577,Colombian Conservative Party,COL,2010,0.721,0.294
1577,Colombian Conservative Party,COL,2014,0.703,0.293
1577,Colombian Conservative Party,COL,2018,0.706,0.339
3815,Coalition,COL,1998,0.522,0.321
3815,Coalition,COL,2002,0.569,0.277
3817,National Integration Party,COL,2010,0.848,0.118
4852,Democratic Alliance - 19th of April Movement,COL,1991,0.295,0.968
4853,National Salvation Movement,COL,1991,0.418,0.425
4855,National Popular Alliance,COL,1974,0.63,0.939
4855,National Popular Alliance,COL,1978,0.63,0.916
5879,Democratic Centre,COL,2014,0.833,0.295
5879,Democratic Centre,COL,2018,0.804,0.356
5926,Green Alliance,COL,2018,0.143,0.669
6062,New Liberalism,COL,1986,0.246,0.82
57,Democratic Left Alliance,POL,1991,0.144,0.339
57,Democratic Left Alliance,POL,1993,0.094,0.399
57,Democratic Left Alliance,POL,1997,0.094,0.264
57,Democratic Left Alliance,POL,2001,0.052,0.389
57,Democratic Left Alliance,POL,2005,0.055,0.309
57,Democratic Left Alliance,POL,2011,0.051,0.416
57,Democratic Left Alliance,POL,2015,0.064,0.405
57,Democratic Left Alliance,POL,2019,0.039,0.47
70,Christian National Union,POL,1991,0.36,0.574
70,Christian National Union,POL,1993,0.333,0.514
153,Liberal Democratic Congress,POL,1991,0.024,0.201
602,Polish People's (Peasants') Party,POL,1991,0.261,0.507
602,Polish People's (Peasants') Party,POL,1993,0.14,0.463
602,Polish People's (Peasants') Party,POL,1997,0.083,0.392
602,Polish People's (Peasants') Party,POL,2001,0.084,0.447
602,Polish People's (Peasants') Party,POL,2005,0.084,0.432
602,Polish People's (Peasants') Party,POL,2007,0.082,0.481
602,Polish People's (Peasants') Party,POL,2011,0.082,0.432
602,Polish People's (Peasants') Party,POL,2015,0.128,0.444
602,Polish People's (Peasants') Party,POL,2019,0.075,0.479
727,Self-Defense of the Republic Poland,POL,2001,0.761,0.983
727,Self-Defense of the Republic Poland,POL,2005,0.761,0.983
731,Palikot's Movement,POL,2011,0.078,0.316
767,Solidarity,POL,1989,0.134,0.815
767,Solidarity,POL,1991,0.07,0.743
863,Solidarity Electoral Action of the Right,POL,1997,0.108,0.645
863,Solidarity Electoral Action of the Right,POL,2001,0.166,0.547
919,Democratic Party,POL,1972,0.969,0.105
919,Democratic Party,POL,1976,0.969,0.105
919,Democratic Party,POL,1980,0.969,0.105
919,Democratic Party,POL,1985,0.954,0.105
919,Democratic Party,POL,1989,0.77,0.105
929,United People's Party,POL,1972,0.967,0.195
929,United People's Party,POL,1976,0.967,0.195
929,United People's Party,POL,1980,0.945,0.195
929,United People's Party,POL,1985,0.97,0.195
929,United People's Party,POL,1989,0.801,0.346
1104,Labour Union,POL,1993,0.029,0.513
1117,Civic Platform,POL,2001,0.035,0.33
1117,Civic Platform,POL,2005,0.035,0.335
1117,Civic Platform,POL,2007,0.077,0.256
1117,Civic Platform,POL,2011,0.072,0.204
1117,Civic Platform,POL,2015,0.08,0.321
1117,Civic Platform,POL,2019,0.04,0.343
1266,Peasants Agreement,POL,1991,0.282,0.574
1286,Polish United Workers' Party,POL,1972,0.999,0.236
1286,Polish United Workers' Party,POL,1976,0.999,0.236
1286,Polish United Workers' Party,POL,1980,1,0.236
1286,Polish United Workers' Party,POL,1985,0.999,0.236
1286,Polish United Workers' Party,POL,1989,0.853,0.236
1565,Law and Justice,POL,2001,0.238,0.768
1565,Law and Justice,POL,2005,0.229,0.87
1565,Law and Justice,POL,2007,0.423,0.853
1565,Law and Justice,POL,2011,0.424,0.907
1565,Law and Justice,POL,2015,0.71,0.974
1565,Law and Justice,POL,2019,0.799,0.938
1566,Freedom Union -- Democratic Party,POL,1991,0.022,0.249
1566,Freedom Union -- Democratic Party,POL,1993,0.022,0.22
1566,Freedom Union -- Democratic Party,POL,1997,0.016,0.217
1588,Left and Democrats,POL,2007,0.022,0.402
1615,Confederation for Independent Poland,POL,1991,0.495,0.7
1615,Confederation for Independent Poland,POL,1993,0.483,0.7
1649,Centre Agreement,POL,1991,0.228,0.652
1681,Non-Party Block for Supporting the Reforms,POL,1993,0.218,0.563
1712,Movement for the Reconstruction of Poland,POL,1997,0.357,0.675
1768,League of Polish Families,POL,2001,0.531,0.876
1768,League of Polish Families,POL,2005,0.543,0.847
3224,National Movement,POL,2019,0.849,0.872
4473,Front of National Unity,POL,1972,0.999,0.157
4473,Front of National Unity,POL,1976,0.999,0.157
4473,Front of National Unity,POL,1980,0.999,0.157
4630,Modern,POL,2015,0.019,0.266
4631,Kukiz'15,POL,2015,0.498,0.876
6154,Patriotic Movement for National Rebirth,POL,1985,0.999,0.161
7356,Spring,POL,2019,0.028,0.632
225,Brazilian Social Democracy Party,BRA,1990,0.028,0.348
225,Brazilian Social Democracy Party,BRA,1994,0.028,0.255
225,Brazilian Social Democracy Party,BRA,1998,0.037,0.211
225,Brazilian Social Democracy Party,BRA,2002,0.037,0.224
225,Brazilian Social Democracy Party,BRA,2006,0.047,0.224
225,Brazilian Social Democracy Party,BRA,2010,0.081,0.23
225,Brazilian Social Democracy Party,BRA,2014,0.277,0.213
225,Brazilian Social Democracy Party,BRA,2018,0.234,0.213
267,Socialist People's Party,BRA,2006,0.115,0.436
356,Workers' Party,BRA,1986,0.12,0.783
356,Workers' Party,BRA,1990,0.063,0.781
356,Workers' Party,BRA,1994,0.025,0.746
356,Workers' Party,BRA,1998,0.025,0.735
356,Workers' Party,BRA,2002,0.019,0.681
356,Workers' Party,BRA,2006,0.02,0.672
356,Workers' Party,BRA,2010,0.034,0.642
356,Workers' Party,BRA,2014,0.048,0.688
356,Workers' Party,BRA,2018,0.031,0.777
458,Brazilian Labour Party,BRA,1982,0.122,0.411
458,Brazilian Labour Party,BRA,1986,0.13,0.398
458,Brazilian Labour Party,BRA,1990,0.13,0.365
458,Brazilian Labour Party,BRA,1994,0.083,0.295
458,Brazilian Labour Party,BRA,1998,0.068,0.244
458,Brazilian Labour Party,BRA,2002,0.099,0.244
458,Brazilian Labour Party,BRA,2006,0.098,0.255
458,Brazilian Labour Party,BRA,2010,0.098,0.255
458,Brazilian Labour Party,BRA,2014,0.095,0.255
654,Partido do Movimento Democrático Brasileiro,BRA,1982,0.118,0.543
654,Partido do Movimento Democrático Brasileiro,BRA,1986,0.129,0.392
654,Partido do Movimento Democrático Brasileiro,BRA,1990,0.057,0.356
654,Partido do Movimento Democrático Brasileiro,BRA,1994,0.047,0.25
654,Partido do Movimento Democrático Brasileiro,BRA,1998,0.045,0.214
654,Partido do Movimento Democrático Brasileiro,BRA,2002,0.041,0.176
654,Partido do Movimento Democrático Brasileiro,BRA,2006,0.046,0.226
654,Partido do Movimento Democrático Brasileiro,BRA,2010,0.046,0.226
654,Partido do Movimento Democrático Brasileiro,BRA,2014,0.047,0.236
654,Partido do Movimento Democrático Brasileiro,BRA,2018,0.124,0.215
723,Brazilian Socialist Party,BRA,2002,0.075,0.498
723,Brazilian Socialist Party,BRA,2006,0.075,0.508
723,Brazilian Socialist Party,BRA,2010,0.086,0.471
723,Brazilian Socialist Party,BRA,2014,0.068,0.445
723,Brazilian Socialist Party,BRA,2018,0.061,0.459
781,Progressive Party / Brazilian Progressive Party (PPB),BRA,1994,0.267,0.12
781,Progressive Party / Brazilian Progressive Party (PPB),BRA,1998,0.249,0.093
781,Progressive Party / Brazilian Progressive Party (PPB),BRA,2002,0.262,0.117
781,Progressive Party / Brazilian Progressive Party (PPB),BRA,2006,0.262,0.117
781,Progressive Party / Brazilian Progressive Party (PPB),BRA,2010,0.262,0.117
781,Progressive Party / Brazilian Progressive Party (PPB),BRA,2014,0.243,0.117
781,Progressive Party / Brazilian Progressive Party (PPB),BRA,2018,0.301,0.117
1009,Democratic Labour Party,BRA,1982,0.061,0.683
1009,Democratic Labour Party,BRA,1986,0.085,0.669
1009,Democratic Labour Party,BRA,1990,0.047,0.649
1009,Democratic Labour Party,BRA,1994,0.027,0.626
1009,Democratic Labour Party,BRA,1998,0.023,0.61
1009,Democratic Labour Party,BRA,2002,0.02,0.537
1009,Democratic Labour Party,BRA,2006,0.02,0.515
1009,Democratic Labour Party,BRA,2010,0.016,0.515
1009,Democratic Labour Party,BRA,2014,0.016,0.515
1009,Democratic Labour Party,BRA,2018,0.075,0.545
1163,Democratic Social Party,BRA,1982,0.72,0.029
1163,Democratic Social Party,BRA,1986,0.497,0.029
1163,Democratic Social Party,BRA,1990,0.42,0.029
1536,Liberal Front / Democrats,BRA,1986,0.379,0.096
1536,Liberal Front / Democrats,BRA,1990,0.313,0.098
1536,Liberal Front / Democrats,BRA,1994,0.166,0.128
1536,Liberal Front / Democrats,BRA,1998,0.211,0.11
1536,Liberal Front / Democrats,BRA,2002,0.208,0.131
1536,Liberal Front / Democrats,BRA,2006,0.207,0.131
1536,Liberal Front / Democrats,BRA,2010,0.166,0.147
1536,Liberal Front / Democrats,BRA,2014,0.208,0.147
1536,Liberal Front / Democrats,BRA,2018,0.28,0.13
1823,Liberal Party,BRA,1990,0.134,0.179
1823,Liberal Party,BRA,2002,0.096,0.12
4402,Reform Progressive Party,BRA,1994,0.179,0.154
4403,Christian Democratic Party,BRA,1990,0.198,0.175
4405,Party of the Republic / Liberal Party,BRA,2010,0.131,0.098
4405,Party of the Republic / Liberal Party,BRA,2014,0.131,0.098
4405,Party of the Republic / Liberal Party,BRA,2018,0.166,0.098
4613,Social Democratic Party,BRA,2014,0.124,0.205
4613,Social Democratic Party,BRA,2018,0.273,0.205
4614,National Renewal Alliance,BRA,1970,0.977,0.024
4614,National Renewal Alliance,BRA,1974,0.967,0.024
4614,National Renewal Alliance,BRA,1978,0.955,0.024
4615,Brazilian Democratic Movement,BRA,1970,0.254,0.498
4615,Brazilian Democratic Movement,BRA,1974,0.216,0.49
4615,Brazilian Democratic Movement,BRA,1978,0.219,0.489
6920,Social Liberal Party,BRA,2018,0.949,0.35
7079,Brazilian Republican Party,BRA,2014,0.253,0.21
7079,Brazilian Republican Party,BRA,2018,0.301,0.224
432,Democratic Party,USA,1970,0.135,0.305
432,Democratic Party,USA,1972,0.135,0.305
432,Democratic Party,USA,1974,0.135,0.305
432,Democratic Party,USA,1976,0.135,0.302
432,Democratic Party,USA,1978,0.135,0.294
432,Democratic Party,USA,1980,0.196,0.294
432,Democratic Party,USA,1982,0.196,0.239
432,Democratic Party,USA,1984,0.196,0.239
432,Democratic Party,USA,1986,0.198,0.297
432,Democratic Party,USA,1988,0.195,0.295
432,Democratic Party,USA,1990,0.191,0.296
432,Democratic Party,USA,1992,0.191,0.3
432,Democratic Party,USA,1994,0.191,0.251
432,Democratic Party,USA,1996,0.191,0.251
432,Democratic Party,USA,1998,0.191,0.249
432,Democratic Party,USA,2000,0.191,0.247
432,Democratic Party,USA,2002,0.18,0.246
432,Democratic Party,USA,2004,0.188,0.207
432,Democratic Party,USA,2006,0.188,0.207
432,Democratic Party,USA,2008,0.198,0.233
432,Democratic Party,USA,2010,0.188,0.214
432,Democratic Party,USA,2012,0.207,0.175
432,Democratic Party,USA,2014,0.207,0.176
432,Democratic Party,USA,2016,0.216,0.214
432,Democratic Party,USA,2018,0.276,0.319
809,Republican Party,USA,1970,0.206,0.296
809,Republican Party,USA,1972,0.208,0.3
809,Republican Party,USA,1974,0.194,0.3
809,Republican Party,USA,1976,0.176,0.3
809,Republican Party,USA,1978,0.176,0.299
809,Republican Party,USA,1980,0.176,0.298
809,Republican Party,USA,1982,0.176,0.298
809,Republican Party,USA,1984,0.178,0.234
809,Republican Party,USA,1986,0.261,0.296
809,Republican Party,USA,1988,0.257,0.296
809,Republican Party,USA,1990,0.257,0.296
809,Republican Party,USA,1992,0.257,0.301
809,Republican Party,USA,1994,0.257,0.245
809,Republican Party,USA,1996,0.257,0.245
809,Republican Party,USA,1998,0.257,0.249
809,Republican Party,USA,2000,0.352,0.249
809,Republican Party,USA,2002,0.315,0.24
809,Republican Party,USA,2004,0.315,0.199
809,Republican Party,USA,2006,0.36,0.199
809,Republican Party,USA,2008,0.373,0.238
809,Republican Party,USA,2010,0.346,0.364
809,Republican Party,USA,2012,0.446,0.337
809,Republican Party,USA,2014,0.483,0.333
809,Republican Party,USA,2016,0.694,0.403
809,Republican Party,USA,2018,0.719,0.538
284,Unified Democratic Coalition,PRT,1987,0.034,0.512
284,Unified Democratic Coalition,PRT,1991,0.034,0.512
284,Unified Democratic Coalition,PRT,1995,0.033,0.512
284,Unified Democratic Coalition,PRT,1999,0.033,0.512
284,Unified Democratic Coalition,PRT,2002,0.028,0.478
284,Unified Democratic Coalition,PRT,2005,0.028,0.478
284,Unified Democratic Coalition,PRT,2009,0.028,0.486
284,Unified Democratic Coalition,PRT,2011,0.028,0.486
284,Unified Democratic Coalition,PRT,2015,0.028,0.48
284,Unified Democratic Coalition,PRT,2019,0.019,0.48
310,Portuguese Communist Party,PRT,1975,0.35,0.521
310,Portuguese Communist Party,PRT,1976,0.227,0.521
310,Portuguese Communist Party,PRT,1983,0.032,0.516
655,Socialist Party,PRT,1975,0.034,0.351
655,Socialist Party,PRT,1976,0.034,0.351
655,Socialist Party,PRT,1979,0.028,0.351
655,Socialist Party,PRT,1983,0.034,0.319
655,Socialist Party,PRT,1985,0.034,0.319
655,Socialist Party,PRT,1987,0.034,0.319
655,Socialist Party,PRT,1991,0.033,0.319
655,Socialist Party,PRT,1995,0.033,0.319
655,Socialist Party,PRT,1999,0.033,0.319
655,Socialist Party,PRT,2002,0.028,0.319
655,Socialist Party,PRT,2005,0.028,0.319
655,Socialist Party,PRT,2009,0.019,0.319
655,Socialist Party,PRT,2011,0.019,0.319
655,Socialist Party,PRT,2015,0.019,0.319
655,Socialist Party,PRT,2019,0.019,0.319
657,Republican and Socialist Front,PRT,1980,0.028,0.384
1308,Democratic and Social Center / People's Party,PRT,1975,0.039,0.086
1308,Democratic and Social Center / People's Party,PRT,1976,0.039,0.086
1308,Democratic and Social Center / People's Party,PRT,1983,0.035,0.085
1308,Democratic and Social Center / People's Party,PRT,1985,0.035,0.085
1308,Democratic and Social Center / People's Party,PRT,1995,0.037,0.086
1308,Democratic and Social Center / People's Party,PRT,1999,0.037,0.134
1308,Democratic and Social Center / People's Party,PRT,2002,0.065,0.194
1308,Democratic and Social Center / People's Party,PRT,2005,0.059,0.194
1308,Democratic and Social Center / People's Party,PRT,2009,0.059,0.194
1308,Democratic and Social Center / People's Party,PRT,2011,0.061,0.142
1310,Left Bloc,PRT,2005,0.019,0.434
1310,Left Bloc,PRT,2009,0.02,0.434
1310,Left Bloc,PRT,2011,0.02,0.441
1310,Left Bloc,PRT,2015,0.02,0.435
1310,Left Bloc,PRT,2019,0.02,0.406
1359,Popular Democratic Party / Social Democratic Party,PRT,1975,0.04,0.218
1359,Popular Democratic Party / Social Democratic Party,PRT,1976,0.04,0.218
1359,Popular Democratic Party / Social Democratic Party,PRT,1983,0.037,0.174
1359,Popular Democratic Party / Social Democratic Party,PRT,1985,0.037,0.148
1359,Popular Democratic Party / Social Democratic Party,PRT,1987,0.034,0.148
1359,Popular Democratic Party / Social Democratic Party,PRT,1991,0.037,0.186
1359,Popular Democratic Party / Social Democratic Party,PRT,1995,0.036,0.144
1359,Popular Democratic Party / Social Democratic Party,PRT,1999,0.036,0.144
1359,Popular Democratic Party / Social Democratic Party,PRT,2002,0.057,0.141
1359,Popular Democratic Party / Social Democratic Party,PRT,2005,0.057,0.141
1359,Popular Democratic Party / Social Democratic Party,PRT,2009,0.06,0.106
1359,Popular Democratic Party / Social Democratic Party,PRT,2011,0.062,0.144
1359,Popular Democratic Party / Social Democratic Party,PRT,2015,0.062,0.109
1359,Popular Democratic Party / Social Democratic Party,PRT,2019,0.059,0.109
1600,Democratic Renewal Party,PRT,1985,0.028,0.339
1600,Democratic Renewal Party,PRT,1987,0.028,0.339
1705,United People Alliance,PRT,1979,0.087,0.512
1705,United People Alliance,PRT,1980,0.066,0.512
1705,United People Alliance,PRT,1985,0.032,0.508
1742,Democratic Alliance,PRT,1979,0.035,0.231
1742,Democratic Alliance,PRT,1980,0.035,0.231
4753,National Union,PRT,1973,0.856,0.017
11,Christian Democratic Party,SLV,1970,0.315,0.381
11,Christian Democratic Party,SLV,1982,0.512,0.46
11,Christian Democratic Party,SLV,1985,0.546,0.46
11,Christian Democratic Party,SLV,1988,0.542,0.195
11,Christian Democratic Party,SLV,1991,0.353,0.195
11,Christian Democratic Party,SLV,1994,0.324,0.193
11,Christian Democratic Party,SLV,1997,0.423,0.084
11,Christian Democratic Party,SLV,2000,0.472,0.084
11,Christian Democratic Party,SLV,2003,0.393,0.084
11,Christian Democratic Party,SLV,2006,0.371,0.084
11,Christian Democratic Party,SLV,2009,0.371,0.084
686,National Conciliation [Coalition] Party,SLV,1970,0.99,0.075
686,National Conciliation [Coalition] Party,SLV,1972,0.99,0.081
686,National Conciliation [Coalition] Party,SLV,1974,0.99,0.082
686,National Conciliation [Coalition] Party,SLV,1976,0.99,0.082
686,National Conciliation [Coalition] Party,SLV,1978,0.992,0.082
686,National Conciliation [Coalition] Party,SLV,1982,0.995,0.085
686,National Conciliation [Coalition] Party,SLV,1985,0.995,0.085
686,National Conciliation [Coalition] Party,SLV,1988,0.99,0.085
686,National Conciliation [Coalition] Party,SLV,1991,0.969,0.086
686,National Conciliation [Coalition] Party,SLV,1994,0.44,0.086
686,National Conciliation [Coalition] Party,SLV,1997,0.408,0.086
686,National Conciliation [Coalition] Party,SLV,2000,0.397,0.086
686,National Conciliation [Coalition] Party,SLV,2003,0.397,0.086
686,National Conciliation [Coalition] Party,SLV,2006,0.256,0.086
686,National Conciliation [Coalition] Party,SLV,2009,0.259,0.295
686,National Conciliation [Coalition] Party,SLV,2012,0.166,0.295
686,National Conciliation [Coalition] Party,SLV,2015,0.166,0.088
686,National Conciliation [Coalition] Party,SLV,2018,0.166,0.088
978,Farabundo Martí National Liberation Front,SLV,1994,0.411,0.958
978,Farabundo Martí National Liberation Front,SLV,1997,0.298,0.958
978,Farabundo Martí National Liberation Front,SLV,2000,0.296,0.958
978,Farabundo Martí National Liberation Front,SLV,2003,0.273,0.958
978,Farabundo Martí National Liberation Front,SLV,2006,0.273,0.958
978,Farabundo Martí National Liberation Front,SLV,2009,0.253,0.913
978,Farabundo Martí National Liberation Front,SLV,2012,0.253,0.763
978,Farabundo Martí National Liberation Front,SLV,2015,0.253,0.72
978,Farabundo Martí National Liberation Front,SLV,2018,0.253,0.72
1456,Democratic Change,SLV,1991,0.023,0.583
1456,Democratic Change,SLV,1994,0.023,0.583
1709,Nationalist Republican Alliance,SLV,1982,0.995,0.249
1709,Nationalist Republican Alliance,SLV,1985,0.995,0.249
1709,Nationalist Republican Alliance,SLV,1988,0.995,0.249
1709,Nationalist Republican Alliance,SLV,1991,0.996,0.147
1709,Nationalist Republican Alliance,SLV,1994,0.787,0.147
1709,Nationalist Republican Alliance,SLV,1997,0.59,0.071
1709,Nationalist Republican Alliance,SLV,2000,0.556,0.083
1709,Nationalist Republican Alliance,SLV,2003,0.521,0.083
1709,Nationalist Republican Alliance,SLV,2006,0.479,0.084
1709,Nationalist Republican Alliance,SLV,2009,0.371,0.084
1709,Nationalist Republican Alliance,SLV,2012,0.301,0.084
1709,Nationalist Republican Alliance,SLV,2015,0.301,0.084
1709,Nationalist Republican Alliance,SLV,2018,0.303,0.084
4224,Grand Alliance for National Unity,SLV,2012,0.328,0.304
4224,Grand Alliance for National Unity,SLV,2015,0.326,0.351
4224,Grand Alliance for National Unity,SLV,2018,0.326,0.351
4226,United Democratic Center,SLV,2000,0.019,0.466
4226,United Democratic Center,SLV,2003,0.019,0.466
4903,National Opposition Union,SLV,1972,0.442,0.374
4903,National Opposition Union,SLV,1974,0.442,0.374
6211,Democratic Action Party,SLV,1982,0.906,0.539
6563,Popular Party El Salvador,SLV,1970,0.771,0.39
6563,Popular Party El Salvador,SLV,1972,0.771,0.381
6563,Popular Party El Salvador,SLV,1978,0.796,0.388
6726,United Independent Democratic Front,SLV,1974,0.853,0.415
7384,Nationalist Democratic Union,SLV,1970,0.776,0.515
2299,Bangladesh People's League,BGD,1973,0.876,0.702
2299,Bangladesh People's League,BGD,1979,0.9,0.498
2299,Bangladesh People's League,BGD,1986,0.886,0.488
2299,Bangladesh People's League,BGD,1991,0.77,0.518
2299,Bangladesh People's League,BGD,1996,0.922,0.465
2299,Bangladesh People's League,BGD,2001,0.896,0.408
2299,Bangladesh People's League,BGD,2008,0.977,0.219
2299,Bangladesh People's League,BGD,2014,0.993,0.073
2299,Bangladesh People's League,BGD,2018,0.995,0.073
2340,Islam Conference Bangladesh,BGD,1991,0.99,0.313
2341,National Party (Ershad),BGD,1986,0.989,0.131
2341,National Party (Ershad),BGD,1988,0.993,0.131
2341,National Party (Ershad),BGD,1991,0.934,0.127
2341,National Party (Ershad),BGD,1996,0.967,0.127
2341,National Party (Ershad),BGD,2001,0.967,0.127
2341,National Party (Ershad),BGD,2008,0.97,0.127
2341,National Party (Ershad),BGD,2014,0.982,0.127
2341,National Party (Ershad),BGD,2018,0.982,0.127
3777,National Socialist Party,BGD,1973,0.904,0.77
3779,National Awami Party (Muzaffar),BGD,1973,0.46,0.857
3781,National Awami Party (Bhashani),BGD,1973,0.467,0.859
3782,Bangladesh Nationalist Party,BGD,1979,0.976,0.364
3782,Bangladesh Nationalist Party,BGD,1991,0.805,0.289
3782,Bangladesh Nationalist Party,BGD,1996,0.949,0.289
3782,Bangladesh Nationalist Party,BGD,2001,0.962,0.287
3782,Bangladesh Nationalist Party,BGD,2008,0.91,0.279
5790,Bangladesh Worker-Peasant's People's League,BGD,1975,0.873,0.652
6182,Bangladesh Muslim League,BGD,1979,0.95,0.208
6188,Combined Opposition Party,BGD,1988,0.944,0.349
170,National Unity Front,BOL,2005,0.047,0.279
170,National Unity Front,BOL,2014,0.133,0.257
442,Movement for Socialism,BOL,2002,0.596,0.939
442,Movement for Socialism,BOL,2005,0.609,0.939
442,Movement for Socialism,BOL,2009,0.84,0.939
442,Movement for Socialism,BOL,2014,0.911,0.892
442,Movement for Socialism,BOL,2019,0.979,0.859
568,Revolutionary Nationalist Movement,BOL,1979,0.845,0.233
568,Revolutionary Nationalist Movement,BOL,1980,0.801,0.233
568,Revolutionary Nationalist Movement,BOL,1985,0.645,0.134
568,Revolutionary Nationalist Movement,BOL,1989,0.295,0.219
568,Revolutionary Nationalist Movement,BOL,1993,0.219,0.219
568,Revolutionary Nationalist Movement,BOL,1997,0.192,0.122
568,Revolutionary Nationalist Movement,BOL,2002,0.297,0.122
568,Revolutionary Nationalist Movement,BOL,2005,0.229,0.122
1238,Social and Democratic Power,BOL,2005,0.232,0.109
1700,Plan Progress for Bolivia -- National Convergence,BOL,2009,0.242,0.172
4386,New Republic Force,BOL,2002,0.388,0.404
4387,Revolutionary Left Movement - New Majority,BOL,1985,0.299,0.627
4387,Revolutionary Left Movement - New Majority,BOL,1989,0.319,0.407
4387,Revolutionary Left Movement - New Majority,BOL,1997,0.158,0.227
4387,Revolutionary Left Movement - New Majority,BOL,2002,0.135,0.227
4389,Revolutionary Nationalist Movement of the Left,BOL,1985,0.224,0.647
4390,Revolutionary Nationalist Movement Vanguard,BOL,1985,0.419,0.417
4393,Nationalist Democratic Action,BOL,1979,0.989,0.047
4393,Nationalist Democratic Action,BOL,1980,0.98,0.047
4393,Nationalist Democratic Action,BOL,1985,0.838,0.047
4393,Nationalist Democratic Action,BOL,1989,0.514,0.047
4393,Nationalist Democratic Action,BOL,1997,0.311,0.047
4395,Civic Solidarity Union,BOL,1993,0.268,0.49
4395,Civic Solidarity Union,BOL,1997,0.232,0.443
4396,Conscience of Fatherland,BOL,1989,0.469,0.858
4396,Conscience of Fatherland,BOL,1993,0.398,0.794
4396,Conscience of Fatherland,BOL,1997,0.375,0.792
4398,Free Bolivia Movement,BOL,1993,0.057,0.519
4400,Democratic and Popular Union,BOL,1979,0.213,0.772
4400,Democratic and Popular Union,BOL,1980,0.125,0.737
4401,Socialist Party,BOL,1980,0.328,0.74
4856,United Left,BOL,1989,0.351,0.821
5139,Christian Democratic Party,BOL,2014,0.227,0.237
5139,Christian Democratic Party,BOL,2019,0.482,0.213
6059,Patriotic Accord,BOL,1993,0.386,0.288
8126,Civic Community,BOL,2019,0.2,0.499
5267,National Alliance for Democracy and Progress,HTI,1990,0.727,0.061
5268,Lavalas Family,HTI,1995,0.552,0.946
5268,Lavalas Family,HTI,2000,0.552,0.946
5268,Lavalas Family,HTI,2015,0.535,0.877
5269,National Front for Change and Democracy,HTI,1990,0.491,0.918
5270,Fusion of Haitian Social Democrats,HTI,2006,0.557,0.341
5271,Inite,HTI,2010,0.578,0.363
5273,National Unity Party,HTI,1973,0.996,0.101
5273,National Unity Party,HTI,1979,0.996,0.107
5273,National Unity Party,HTI,1984,0.996,0.107
5274,Democratic Alliance Party,HTI,2006,0.336,0.324
5601,Rally of Progressive National Democrats,HTI,1990,0.213,0.207
5602,Lavalas Political Organization / Struggling People's Organization,HTI,2006,0.206,0.559
5602,Lavalas Political Organization / Struggling People's Organization,HTI,2015,0.099,0.438
5828,Front for Hope,HTI,2006,0.453,0.505
5829,Christian National Union for the Reconstruction of Haiti,HTI,2006,0.147,0.312
5905,Alternative for Progress and Democracy,HTI,2010,0.511,0.135
6068,National Agricultural Industrial Party,HTI,1990,0.487,0.241
6216,Christian-Democratic Party of Haiti,HTI,1990,0.581,0.244
6320,Together We Are Strong,HTI,2010,0.74,0.341
6393,Haiti in Action,HTI,2006,0.724,0.34
6393,Haiti in Action,HTI,2010,0.828,0.193
6393,Haiti in Action,HTI,2015,0.743,0.296
6394,Lanvi Organisation,HTI,2010,0.894,0.342
6716,Mobilization for National Development,HTI,1990,0.634,0.118
7251,National Cobite Movement,HTI,1990,0.676,0.201
7253,Haitian Bald Head Party,HTI,2015,0.918,0.064
7254,Truth,HTI,2015,0.785,0.437
7255,Democratic Unit Convention,HTI,2015,0.886,0.143
593,Liberal Party of Honduras,HND,1971,0.703,0.269
593,Liberal Party of Honduras,HND,1980,0.677,0.304
593,Liberal Party of Honduras,HND,1981,0.545,0.257
593,Liberal Party of Honduras,HND,1985,0.483,0.227
593,Liberal Party of Honduras,HND,1989,0.285,0.227
593,Liberal Party of Honduras,HND,1993,0.281,0.301
593,Liberal Party of Honduras,HND,1997,0.361,0.224
593,Liberal Party of Honduras,HND,2001,0.393,0.263
593,Liberal Party of Honduras,HND,2005,0.388,0.302
593,Liberal Party of Honduras,HND,2009,0.847,0.262
593,Liberal Party of Honduras,HND,2013,0.672,0.176
593,Liberal Party of Honduras,HND,2017,0.648,0.23
1051,Democratic Unification Party,HND,2001,0.21,0.663
1051,Democratic Unification Party,HND,2005,0.21,0.663
1416,National Party of Honduras,HND,1971,0.847,0.053
1416,National Party of Honduras,HND,1980,0.842,0.053
1416,National Party of Honduras,HND,1981,0.772,0.052
1416,National Party of Honduras,HND,1985,0.739,0.053
1416,National Party of Honduras,HND,1989,0.625,0.105
1416,National Party of Honduras,HND,1993,0.561,0.105
1416,National Party of Honduras,HND,1997,0.461,0.102
1416,National Party of Honduras,HND,2001,0.497,0.105
1416,National Party of Honduras,HND,2005,0.5,0.105
1416,National Party of Honduras,HND,2009,0.752,0.152
1416,National Party of Honduras,HND,2013,0.795,0.056
1416,National Party of Honduras,HND,2017,0.9,0.055
5160,Anti-Corruption Party,HND,2013,0.375,0.598
5161,Liberty and Refoundation,HND,2013,0.442,0.729
5161,Liberty and Refoundation,HND,2017,0.449,0.729
2319,Rally for Mali,MLI,2002,0.129,0.267
2319,Rally for Mali,MLI,2007,0.184,0.265
2319,Rally for Mali,MLI,2013,0.184,0.519
2475,Sudanese Union – African Democratic Rally,MLI,1992,0.063,0.601
2476,Union for the Republic and Democracy,MLI,2007,0.067,0.322
2476,Union for the Republic and Democracy,MLI,2013,0.09,0.493
2477,"The Alliance for Democracy in Mali – Pan-African Party for Liberty, Solidarity and Justice",MLI,1992,0.126,0.412
2477,"The Alliance for Democracy in Mali – Pan-African Party for Liberty, Solidarity and Justice",MLI,1997,0.126,0.273
2477,"The Alliance for Democracy in Mali – Pan-African Party for Liberty, Solidarity and Justice",MLI,2002,0.126,0.273
2477,"The Alliance for Democracy in Mali – Pan-African Party for Liberty, Solidarity and Justice",MLI,2007,0.126,0.273
2477,"The Alliance for Democracy in Mali – Pan-African Party for Liberty, Solidarity and Justice",MLI,2013,0.126,0.351
2478,National Congress for Democratic Initiative,MLI,1992,0.085,0.662
2478,National Congress for Democratic Initiative,MLI,2002,0.109,0.556
5374,Democratic Union of the Malian People,MLI,1975,0.975,0.213
5374,Democratic Union of the Malian People,MLI,1979,0.974,0.217
5374,Democratic Union of the Malian People,MLI,1982,0.974,0.213
5374,Democratic Union of the Malian People,MLI,1984,0.974,0.213
5374,Democratic Union of the Malian People,MLI,1985,0.977,0.213
5374,Democratic Union of the Malian People,MLI,1988,0.977,0.227
6084,Party for National Rebirth,MLI,1997,0.092,0.559
6085,Patriotic Movement for Renewal,MLI,2007,0.148,0.48
6343,Popular Movement for the Development of the Republic of West Africa,MLI,1992,0.175,0.559
8028,Party for Democracy and Progress,MLI,1992,0.087,0.494
2383,Pakistan Peoples Party,PAK,1970,0.523,0.887
2383,Pakistan Peoples Party,PAK,1977,0.591,0.821
2383,Pakistan Peoples Party,PAK,1988,0.424,0.672
2383,Pakistan Peoples Party,PAK,1990,0.404,0.631
2383,Pakistan Peoples Party,PAK,1993,0.462,0.591
2383,Pakistan Peoples Party,PAK,1997,0.441,0.628
2383,Pakistan Peoples Party,PAK,2002,0.35,0.622
2383,Pakistan Peoples Party,PAK,2008,0.379,0.587
2383,Pakistan Peoples Party,PAK,2013,0.413,0.581
2383,Pakistan Peoples Party,PAK,2018,0.392,0.601
2384,Pakistan Muslim League (Nawaz ),PAK,1993,0.666,0.353
2384,Pakistan Muslim League (Nawaz ),PAK,1997,0.62,0.374
2384,Pakistan Muslim League (Nawaz ),PAK,2002,0.545,0.406
2384,Pakistan Muslim League (Nawaz ),PAK,2008,0.435,0.473
2384,Pakistan Muslim League (Nawaz ),PAK,2013,0.48,0.41
2384,Pakistan Muslim League (Nawaz ),PAK,2018,0.514,0.44
2385,Pakistan Muslim League (Quaid e Azam Group),PAK,2002,0.648,0.347
2385,Pakistan Muslim League (Quaid e Azam Group),PAK,2008,0.47,0.38
2387,Muttahida Quami Movement /Worship of the Real Group,PAK,1990,0.816,0.718
2387,Muttahida Quami Movement /Worship of the Real Group,PAK,1997,0.796,0.821
2387,Muttahida Quami Movement /Worship of the Real Group,PAK,2008,0.715,0.842
2387,Muttahida Quami Movement /Worship of the Real Group,PAK,2013,0.701,0.744
5492,Islamic Democratic Alliance,PAK,1988,0.623,0.419
5492,Islamic Democratic Alliance,PAK,1990,0.692,0.469
5551,Awami League,PAK,1970,0.61,0.881
5587,Pakistan Movement for Justice,PAK,2013,0.498,0.477
5587,Pakistan Movement for Justice,PAK,2018,0.632,0.596
6375,Pakistan Islamic Party,PAK,1970,0.69,0.372
6376,Council Muslim League,PAK,1970,0.625,0.442
7150,United Council of Action,PAK,2002,0.658,0.537
7150,United Council of Action,PAK,2018,0.72,0.511
93576,alliance: United Front,PAK,1977,0.592,0.502
290,National Solidarity Party,PER,2000,0.503,0.418
290,National Solidarity Party,PER,2011,0.473,0.338
345,Peruvian Nationalist Party,PER,2011,0.684,0.804
499,Alliance for the Future,PER,2006,0.548,0.572
514,Popular Action,PER,1980,0.23,0.244
514,Popular Action,PER,1985,0.308,0.198
514,Popular Action,PER,2016,0.212,0.183
529,American Popular Revolutionary Alliance / Peruvian Aprista Party,PER,1978,0.707,0.55
529,American Popular Revolutionary Alliance / Peruvian Aprista Party,PER,1980,0.75,0.545
529,American Popular Revolutionary Alliance / Peruvian Aprista Party,PER,1985,0.759,0.666
529,American Popular Revolutionary Alliance / Peruvian Aprista Party,PER,1990,0.694,0.343
529,American Popular Revolutionary Alliance / Peruvian Aprista Party,PER,1995,0.552,0.469
529,American Popular Revolutionary Alliance / Peruvian Aprista Party,PER,2000,0.559,0.468
529,American Popular Revolutionary Alliance / Peruvian Aprista Party,PER,2001,0.562,0.405
529,American Popular Revolutionary Alliance / Peruvian Aprista Party,PER,2006,0.575,0.342
575,Union for Peru,PER,1995,0.217,0.401
575,Union for Peru,PER,2006,0.591,0.784
575,Union for Peru,PER,2011,0.533,0.625
788,Center Front,PER,2006,0.251,0.224
1780,Christian People's Party,PER,1978,0.3,0.066
1780,Christian People's Party,PER,1980,0.299,0.067
1780,Christian People's Party,PER,1992,0.306,0.091
2554,National Unity,PER,2001,0.23,0.204
2554,National Unity,PER,2006,0.196,0.202
4214,Popular Force 2011,PER,2011,0.913,0.596
4214,Popular Force 2011,PER,2016,0.843,0.592
4215,Independent Moralizing Front,PER,1990,0.402,0.321
4215,Independent Moralizing Front,PER,1992,0.422,0.323
4215,Independent Moralizing Front,PER,1995,0.474,0.394
4215,Independent Moralizing Front,PER,2000,0.411,0.394
4215,Independent Moralizing Front,PER,2001,0.47,0.294
4218,Alliance for Progress,PER,2016,0.328,0.298
4219,Change 90,PER,1990,0.907,0.751
4219,Change 90,PER,1992,0.966,0.75
4219,Change 90,PER,1995,0.966,0.747
4219,Change 90,PER,2001,0.948,0.492
4219,Change 90,PER,2011,0.915,0.532
4223,We are Peru,PER,2000,0.317,0.367
4223,We are Peru,PER,2001,0.253,0.378
4860,United Left,PER,1985,0.75,0.854
4860,United Left,PER,1990,0.733,0.843
4861,Peru Posible,PER,2000,0.366,0.642
4861,Peru Posible,PER,2001,0.34,0.578
4877,Worker Peasant Student and Popular Front,PER,1978,0.901,0.844
4879,National Renewal,PER,1992,0.653,0.256
5130,Peru 2000,PER,2000,0.947,0.431
6152,Socialist Revolutionary Party,PER,1978,0.873,0.766
6646,"Broad Front for Justice, Life and Liberty",PER,2016,0.189,0.924
6647,Peruvians for Change,PER,2016,0.215,0.075
7486,Peruvian Communist Party,PER,1978,0.925,0.939
8066,Socialist Left,PER,1990,0.802,0.809
93577,alliance: Democratic Convergence,PER,1985,0.413,0.143
93578,alliance: Democratic Front,PER,1990,0.561,0.115
93579,alliance: Alianza Electoral Perú Posible,PER,2011,0.432,0.228
93580,alliance: Alianza Por El Gran Cambio,PER,2011,0.389,0.175
93581,alliance: Popular Alliance,PER,2016,0.371,0.315
2329,Senegalese Democratic Party,SEN,1978,0.268,0.577
2329,Senegalese Democratic Party,SEN,1983,0.263,0.577
2329,Senegalese Democratic Party,SEN,1988,0.269,0.501
2329,Senegalese Democratic Party,SEN,1993,0.27,0.501
2329,Senegalese Democratic Party,SEN,1998,0.243,0.501
2329,Senegalese Democratic Party,SEN,2001,0.569,0.291
2329,Senegalese Democratic Party,SEN,2007,0.733,0.159
2329,Senegalese Democratic Party,SEN,2012,0.676,0.259
2329,Senegalese Democratic Party,SEN,2017,0.503,0.575
2379,Alliance of the Forces of Progress,SEN,2001,0.167,0.397
2380,Socialist Party / Senegalese Progressive Union,SEN,1973,0.784,0.201
2380,Socialist Party / Senegalese Progressive Union,SEN,1978,0.786,0.195
2380,Socialist Party / Senegalese Progressive Union,SEN,1983,0.755,0.195
2380,Socialist Party / Senegalese Progressive Union,SEN,1988,0.784,0.21
2380,Socialist Party / Senegalese Progressive Union,SEN,1993,0.691,0.21
2380,Socialist Party / Senegalese Progressive Union,SEN,1998,0.605,0.21
2380,Socialist Party / Senegalese Progressive Union,SEN,2001,0.402,0.23
2382,And-Jëf / African Party for Democracy and Socialism,SEN,1998,0.258,0.543
5638,Citizen Movement for National Reform,SEN,2012,0.608,0.595
5766,Alliance for the Republic–Yakaar,SEN,2012,0.395,0.483
5766,Alliance for the Republic–Yakaar,SEN,2017,0.483,0.244
6151,Bokk Gis Gis,SEN,2012,0.547,0.597
6462,Union for Democratic Renewal,SEN,1998,0.416,0.351
93587,alliance: Takku Defaraat Sénégal,SEN,2007,0.399,0.399
93588,alliance: Manko Taxawu Senegal,SEN,2017,0.288,0.575
4754,Democratic Unionist Party,SDN,1986,0.502,0.3
4756,Umma National Party // Sudanese Independence // Nation Party,SDN,1986,0.568,0.306
5493,National Islamic Front,SDN,1986,0.949,0.307
5493,National Islamic Front,SDN,1991,0.96,0.307
5493,National Islamic Front,SDN,1996,0.96,0.307
5494,Sudanese Socialist Union,SDN,1974,0.942,0.302
5494,Sudanese Socialist Union,SDN,1978,0.942,0.302
5494,Sudanese Socialist Union,SDN,1980,0.942,0.302
5494,Sudanese Socialist Union,SDN,1981,0.942,0.302
5495,Sudan People's Liberation Movement,SDN,2010,0.564,0.421
5496,National Congress Party,SDN,2000,0.963,0.303
5496,National Congress Party,SDN,2010,0.963,0.303
5496,National Congress Party,SDN,2015,0.963,0.303
6899,Vietnamese Fatherland Front of North Vietnam,VNM,1971,0.94,0.199
6899,Vietnamese Fatherland Front of North Vietnam,VNM,1975,0.94,0.199
6900,Vietnamese Fatherland Front,VNM,1976,0.941,0.2
6900,Vietnamese Fatherland Front,VNM,1981,0.941,0.2
6900,Vietnamese Fatherland Front,VNM,1987,0.941,0.2
6900,Vietnamese Fatherland Front,VNM,1992,0.941,0.2
6900,Vietnamese Fatherland Front,VNM,1997,0.941,0.2
6900,Vietnamese Fatherland Front,VNM,2002,0.941,0.2
6900,Vietnamese Fatherland Front,VNM,2007,0.941,0.2
6900,Vietnamese Fatherland Front,VNM,2011,0.941,0.2
6900,Vietnamese Fatherland Front,VNM,2016,0.942,0.194
623,Justicialist [Peronist] Party,ARG,1973,0.638,0.916
623,Justicialist [Peronist] Party,ARG,1983,0.415,0.758
623,Justicialist [Peronist] Party,ARG,1985,0.179,0.695
623,Justicialist [Peronist] Party,ARG,1987,0.145,0.668
623,Justicialist [Peronist] Party,ARG,1989,0.285,0.67
623,Justicialist [Peronist] Party,ARG,1991,0.136,0.386
623,Justicialist [Peronist] Party,ARG,1993,0.133,0.27
623,Justicialist [Peronist] Party,ARG,1995,0.144,0.269
623,Justicialist [Peronist] Party,ARG,1997,0.192,0.269
623,Justicialist [Peronist] Party,ARG,1999,0.218,0.336
623,Justicialist [Peronist] Party,ARG,2001,0.246,0.503
623,Justicialist [Peronist] Party,ARG,2003,0.226,0.658
1215,Support for an Egalitarian Republic,ARG,2001,0.045,0.537
1215,Support for an Egalitarian Republic,ARG,2003,0.044,0.538
1215,Support for an Egalitarian Republic,ARG,2005,0.041,0.529
1365,Socialist Party,ARG,2007,0.015,0.481
1724,Radical Civic Union,ARG,1973,0.164,0.422
1724,Radical Civic Union,ARG,1983,0.015,0.574
1724,Radical Civic Union,ARG,1985,0.017,0.545
1724,Radical Civic Union,ARG,1987,0.021,0.517
1724,Radical Civic Union,ARG,1989,0.026,0.421
1724,Radical Civic Union,ARG,1991,0.039,0.334
1724,Radical Civic Union,ARG,1993,0.038,0.344
1724,Radical Civic Union,ARG,1995,0.046,0.315
1724,Radical Civic Union,ARG,1997,0.045,0.371
1724,Radical Civic Union,ARG,1999,0.045,0.33
1724,Radical Civic Union,ARG,2001,0.043,0.288
1724,Radical Civic Union,ARG,2003,0.04,0.338
1724,Radical Civic Union,ARG,2005,0.043,0.356
1724,Radical Civic Union,ARG,2007,0.038,0.354
1724,Radical Civic Union,ARG,2009,0.042,0.351
1724,Radical Civic Union,ARG,2011,0.041,0.351
1724,Radical Civic Union,ARG,2015,0.042,0.266
1724,Radical Civic Union,ARG,2017,0.041,0.245
1724,Radical Civic Union,ARG,2019,0.042,0.233
1790,Republican Proposal,ARG,2005,0.05,0.176
1790,Republican Proposal,ARG,2009,0.052,0.139
1790,Republican Proposal,ARG,2011,0.057,0.139
1790,Republican Proposal,ARG,2013,0.06,0.138
1790,Republican Proposal,ARG,2015,0.074,0.148
1790,Republican Proposal,ARG,2017,0.072,0.145
1790,Republican Proposal,ARG,2019,0.074,0.186
2530,Front for Victory,ARG,2005,0.211,0.791
2530,Front for Victory,ARG,2007,0.242,0.803
2530,Front for Victory,ARG,2009,0.343,0.871
2530,Front for Victory,ARG,2011,0.381,0.871
2530,Front for Victory,ARG,2013,0.397,0.872
2530,Front for Victory,ARG,2015,0.378,0.848
4182,Union of the Democratic Centre,ARG,1987,0.213,0.08
4182,Union of the Democratic Centre,ARG,1989,0.215,0.081
4182,Union of the Democratic Centre,ARG,1991,0.22,0.045
4183,Intransigent Party,ARG,1985,0.1,0.605
4183,Intransigent Party,ARG,1987,0.109,0.605
5087,Intransigent Radical Civic Union,ARG,1973,0.366,0.479
5553,Front for a Country in Solidarity,ARG,1995,0.03,0.611
5553,Front for a Country in Solidarity,ARG,1997,0.031,0.598
5553,Front for a Country in Solidarity,ARG,1999,0.036,0.526
5553,Front for a Country in Solidarity,ARG,2001,0.037,0.534
6112,Action for the Republic,ARG,1999,0.096,0.136
6159,Civic Coalition ARI,ARG,2007,0.098,0.468
6159,Civic Coalition ARI,ARG,2009,0.098,0.452
6159,Civic Coalition ARI,ARG,2015,0.067,0.372
6159,Civic Coalition ARI,ARG,2017,0.126,0.346
6159,Civic Coalition ARI,ARG,2019,0.154,0.403
6160,Renewal Front,ARG,2013,0.102,0.363
6160,Renewal Front,ARG,2015,0.103,0.407
6160,Renewal Front,ARG,2017,0.1,0.43
6160,Renewal Front,ARG,2019,0.107,0.516
6554,"Progressive, Civic and Social Front",ARG,2013,0.024,0.461
6648,Federal Peronism / Dissident Peronism,ARG,2011,0.115,0.375
7664,Citizen's Unity,ARG,2017,0.268,0.67
8043,Concertation Party,ARG,2007,0.119,0.456
8059,Frente Justicialista-Justicialist [Peronist] Party,ARG,2017,0.069,0.479
8059,Frente Justicialista-Justicialist [Peronist] Party,ARG,2019,0.128,0.642
8122,Federal Consensus,ARG,2019,0.043,0.329
93508,alliance: Alianza Popular,ARG,1973,0.516,0.608
93509,alliance: Frente Amplio Progresista,ARG,2011,0.036,0.492
4322,Ethiopian People's Revolutionary Democratic Front,ETH,1994,0.751,0.685
4322,Ethiopian People's Revolutionary Democratic Front,ETH,1995,0.795,0.685
4322,Ethiopian People's Revolutionary Democratic Front,ETH,2000,0.795,0.685
4322,Ethiopian People's Revolutionary Democratic Front,ETH,2005,0.823,0.788
4322,Ethiopian People's Revolutionary Democratic Front,ETH,2010,0.88,0.782
4322,Ethiopian People's Revolutionary Democratic Front,ETH,2015,0.828,0.783
4323,Coalition for Unity and Democracy,ETH,2005,0.919,0.421
4324,United Ethiopian Democratic Forces,ETH,2005,0.512,0.353
5793,Workers Party of Ethiopia,ETH,1987,0.937,0.775
17,Dravidian Progress Federation,IND,2009,0.308,0.693
422,Indian People's Party,IND,1984,0.379,0.526
422,Indian People's Party,IND,1989,0.458,0.565
422,Indian People's Party,IND,1991,0.463,0.566
422,Indian People's Party,IND,1996,0.459,0.561
422,Indian People's Party,IND,1998,0.429,0.561
422,Indian People's Party,IND,1999,0.525,0.561
422,Indian People's Party,IND,2004,0.577,0.54
422,Indian People's Party,IND,2009,0.59,0.535
422,Indian People's Party,IND,2014,0.77,0.548
422,Indian People's Party,IND,2019,0.833,0.553
893,Communist Party of India (Marxist),IND,1971,0.335,0.897
893,Communist Party of India (Marxist),IND,1977,0.229,0.86
893,Communist Party of India (Marxist),IND,1980,0.24,0.9
893,Communist Party of India (Marxist),IND,1984,0.241,0.898
893,Communist Party of India (Marxist),IND,1989,0.233,0.898
893,Communist Party of India (Marxist),IND,1991,0.207,0.923
893,Communist Party of India (Marxist),IND,1996,0.207,0.923
893,Communist Party of India (Marxist),IND,1998,0.197,0.918
893,Communist Party of India (Marxist),IND,1999,0.341,0.901
893,Communist Party of India (Marxist),IND,2004,0.345,0.878
893,Communist Party of India (Marxist),IND,2009,0.341,0.878
937,Bahujan Samaj Party,IND,1996,0.235,0.911
937,Bahujan Samaj Party,IND,2004,0.303,0.797
937,Bahujan Samaj Party,IND,2009,0.303,0.762
1207,Janata Dal,IND,1989,0.276,0.648
1207,Janata Dal,IND,1991,0.175,0.648
1207,Janata Dal,IND,1996,0.175,0.64
1297,Indian National Congress,IND,1971,0.28,0.518
1297,Indian National Congress,IND,1977,0.306,0.51
1297,Indian National Congress,IND,1980,0.176,0.492
1297,Indian National Congress,IND,1984,0.265,0.487
1297,Indian National Congress,IND,1989,0.145,0.507
1297,Indian National Congress,IND,1991,0.124,0.494
1297,Indian National Congress,IND,1996,0.124,0.482
1297,Indian National Congress,IND,1998,0.124,0.482
1297,Indian National Congress,IND,1999,0.133,0.482
1297,Indian National Congress,IND,2004,0.122,0.488
1297,Indian National Congress,IND,2009,0.134,0.481
1297,Indian National Congress,IND,2014,0.155,0.485
1297,Indian National Congress,IND,2019,0.163,0.466
1571,All India Anna Dravidian Progress Federation,IND,2014,0.442,0.629
2491,Socialist Party,IND,1998,0.313,0.671
2491,Socialist Party,IND,2004,0.312,0.665
2491,Socialist Party,IND,2009,0.305,0.635
2492,Telugu Desam Party,IND,1999,0.336,0.626
2494,All India Trinamool Congress,IND,2014,0.417,0.717
2498,Janata Dal (United),IND,2009,0.288,0.645
4787,Bharatiya Jana Sangh,IND,1971,0.317,0.497
4788,Janata Party,IND,1977,0.249,0.634
4788,Janata Party,IND,1980,0.186,0.63
4788,Janata Party,IND,1984,0.169,0.63
5178,Janta Party (Secular),IND,1980,0.187,0.666
5178,Janta Party (Secular),IND,1984,0.17,0.646
6639,Indian National Congress (Organisation),IND,1971,0.378,0.452
2316,Kenya African National Union,KEN,1974,0.872,0.155
2316,Kenya African National Union,KEN,1979,0.913,0.155
2316,Kenya African National Union,KEN,1983,0.961,0.155
2316,Kenya African National Union,KEN,1988,0.973,0.155
2316,Kenya African National Union,KEN,1992,0.902,0.155
2316,Kenya African National Union,KEN,1997,0.902,0.155
2316,Kenya African National Union,KEN,2002,0.883,0.155
2316,Kenya African National Union,KEN,2007,0.883,0.155
2316,Kenya African National Union,KEN,2017,0.671,0.148
2359,Party of National Unity,KEN,2007,0.626,0.241
2360,Orange Democratic Movement,KEN,2007,0.522,0.245
2360,Orange Democratic Movement,KEN,2013,0.522,0.245
2360,Orange Democratic Movement,KEN,2017,0.522,0.238
2362,Wiper Democratic Movement – Kenya,KEN,2007,0.532,0.237
2362,Wiper Democratic Movement – Kenya,KEN,2013,0.53,0.237
2362,Wiper Democratic Movement – Kenya,KEN,2017,0.536,0.225
3856,United Republican Party,KEN,2013,0.619,0.236
3858,Safina,KEN,2007,0.537,0.237
3860,Democratic Party,KEN,1992,0.465,0.148
3860,Democratic Party,KEN,1997,0.465,0.148
3860,Democratic Party,KEN,2002,0.484,0.148
3860,Democratic Party,KEN,2007,0.917,0.147
3862,Forum for the Restoration of Democracy-Asili,KEN,1992,0.504,0.417
3862,Forum for the Restoration of Democracy-Asili,KEN,2007,0.509,0.33
3863,Forum for the Restoration of Democracy-Kenya,KEN,1992,0.441,0.369
3863,Forum for the Restoration of Democracy-Kenya,KEN,1997,0.355,0.369
3863,Forum for the Restoration of Democracy-Kenya,KEN,2002,0.434,0.333
3863,Forum for the Restoration of Democracy-Kenya,KEN,2007,0.673,0.307
3863,Forum for the Restoration of Democracy-Kenya,KEN,2017,0.322,0.259
3867,The National Alliance,KEN,2013,0.62,0.243
4858,Liberal Democratic Party,KEN,2002,0.674,0.26
5892,National Development Party Kenya,KEN,1997,0.728,0.149
6912,Jubilee Party,KEN,2017,0.926,0.158
7609,Amani National Congress,KEN,2017,0.414,0.266
7932,National Party of Kenya,KEN,2002,0.598,0.264
7970,National Rainbow Coalition – Kenya,KEN,2007,0.801,0.257
7971,Forum for the Restoration of Democracy – People,KEN,2002,0.511,0.337
7971,Forum for the Restoration of Democracy – People,KEN,2007,0.487,0.266
7972,New Forum for the Restoration of Democracy–Kenya,KEN,2007,0.582,0.331
6555,Democratic Front for the Reunification of the Fatherland / North Korean Fatherland United Democratic Front,PRK,1972,0.997,0.082
6555,Democratic Front for the Reunification of the Fatherland / North Korean Fatherland United Democratic Front,PRK,1977,0.997,0.082
6555,Democratic Front for the Reunification of the Fatherland / North Korean Fatherland United Democratic Front,PRK,1982,0.997,0.082
6555,Democratic Front for the Reunification of the Fatherland / North Korean Fatherland United Democratic Front,PRK,1986,0.997,0.082
6555,Democratic Front for the Reunification of the Fatherland / North Korean Fatherland United Democratic Front,PRK,1990,0.997,0.082
6555,Democratic Front for the Reunification of the Fatherland / North Korean Fatherland United Democratic Front,PRK,1998,0.997,0.134
6555,Democratic Front for the Reunification of the Fatherland / North Korean Fatherland United Democratic Front,PRK,2003,0.997,0.136
6555,Democratic Front for the Reunification of the Fatherland / North Korean Fatherland United Democratic Front,PRK,2009,0.997,0.187
6555,Democratic Front for the Reunification of the Fatherland / North Korean Fatherland United Democratic Front,PRK,2014,0.997,0.188
6555,Democratic Front for the Reunification of the Fatherland / North Korean Fatherland United Democratic Front,PRK,2019,0.997,0.186
894,Democratic Liberal Party / New Korea Party,KOR,1992,0.699,0.072
894,Democratic Liberal Party / New Korea Party,KOR,1996,0.632,0.072
2019,National Congress for New Politics / Democratic Party,KOR,1996,0.154,0.378
2305,[United] Democratic Party,KOR,2008,0.137,0.451
2305,[United] Democratic Party,KOR,2012,0.137,0.451
2306,Liberty Forward Party / Advancement Unification Party,KOR,2008,0.438,0.133
2307,New World Party -- The Grand National Party,KOR,2000,0.588,0.071
2307,New World Party -- The Grand National Party,KOR,2004,0.59,0.071
2307,New World Party -- The Grand National Party,KOR,2008,0.58,0.071
2307,New World Party -- The Grand National Party,KOR,2012,0.548,0.071
2452,Our Party,KOR,2004,0.074,0.508
2543,United Progressive Party,KOR,2012,0.094,0.817
2545,United Liberal Party,KOR,1996,0.567,0.135
2545,United Liberal Party,KOR,2000,0.563,0.135
2546,Democratic Labour Party,KOR,2004,0.043,0.839
2546,Democratic Labour Party,KOR,2008,0.065,0.839
2547,Democratic Party,KOR,1992,0.098,0.413
2547,Democratic Party,KOR,1996,0.097,0.446
2548,Millenium Democratic Party,KOR,2000,0.141,0.415
2548,Millenium Democratic Party,KOR,2004,0.143,0.415
2549,National Unification Party,KOR,1992,0.498,0.172
4341,Democratic Justice Party,KOR,1981,0.999,0.16
4341,Democratic Justice Party,KOR,1985,0.996,0.16
4341,Democratic Justice Party,KOR,1988,0.985,0.16
4342,Democratic Korean Party,KOR,1981,0.535,0.259
4342,Democratic Korean Party,KOR,1985,0.549,0.26
4344,Party for Peace and Democracy,KOR,1988,0.17,0.383
4448,New Korea Democratic Party,KOR,1985,0.26,0.378
4460,Korea National Party,KOR,1981,0.636,0.165
4460,Korea National Party,KOR,1985,0.604,0.162
4463,Democratic Unification Party,KOR,1973,0.587,0.18
4463,Democratic Unification Party,KOR,1978,0.587,0.178
4470,New Democratic Party,KOR,1971,0.38,0.379
4470,New Democratic Party,KOR,1973,0.373,0.383
4470,New Democratic Party,KOR,1978,0.377,0.383
4471,New Democratic Republican Party,KOR,1988,0.612,0.216
4509,Party for Unification and Democracy / Reunification Democratic Party,KOR,1988,0.151,0.382
4511,Democratic Republican Party,KOR,1971,0.995,0.182
4511,Democratic Republican Party,KOR,1973,0.999,0.184
4511,Democratic Republican Party,KOR,1978,0.999,0.184
5247,Civil Rule Party / Civil Rights Party,KOR,1981,0.441,0.267
6560,Justice Party,KOR,2016,0.037,0.845
6561,Democratic Party / Minjoo Party of Korea,KOR,2016,0.083,0.526
7654,People's Party,KOR,2016,0.143,0.361
7655,Liberty Korea Party,KOR,2016,0.549,0.067
2294,Democratic Party of Kosovo,XKX,2001,0.474,0.559
2294,Democratic Party of Kosovo,XKX,2004,0.431,0.583
2294,Democratic Party of Kosovo,XKX,2007,0.406,0.463
2294,Democratic Party of Kosovo,XKX,2010,0.269,0.301
2294,Democratic Party of Kosovo,XKX,2017,0.213,0.142
2294,Democratic Party of Kosovo,XKX,2019,0.204,0.143
2295,Democratic League of Kosovo,XKX,2001,0.106,0.141
2295,Democratic League of Kosovo,XKX,2004,0.111,0.129
2295,Democratic League of Kosovo,XKX,2007,0.093,0.138
2295,Democratic League of Kosovo,XKX,2010,0.095,0.138
2295,Democratic League of Kosovo,XKX,2014,0.097,0.132
2295,Democratic League of Kosovo,XKX,2017,0.113,0.189
2295,Democratic League of Kosovo,XKX,2019,0.112,0.189
2296,Self-determination,XKX,2010,0.764,0.918
2296,Self-determination,XKX,2014,0.824,0.916
2296,Self-determination,XKX,2017,0.786,0.916
2296,Self-determination,XKX,2019,0.777,0.835
3243,Alliance for the Future of Kosovo,XKX,2001,0.482,0.329
3243,Alliance for the Future of Kosovo,XKX,2004,0.345,0.318
3243,Alliance for the Future of Kosovo,XKX,2007,0.32,0.362
3243,Alliance for the Future of Kosovo,XKX,2010,0.286,0.342
3243,Alliance for the Future of Kosovo,XKX,2014,0.259,0.357
3243,Alliance for the Future of Kosovo,XKX,2017,0.239,0.32
3243,Alliance for the Future of Kosovo,XKX,2019,0.226,0.3
3701,Reformist Party ORA,XKX,2004,0.189,0.145
3703,New Kosovo Alliance,XKX,2007,0.121,0.149
3703,New Kosovo Alliance,XKX,2010,0.123,0.145
3703,New Kosovo Alliance,XKX,2017,0.143,0.14
3703,New Kosovo Alliance,XKX,2019,0.141,0.137
4765,Social Democratic Initiative,XKX,2014,0.42,0.425
4765,Social Democratic Initiative,XKX,2017,0.28,0.425
4765,Social Democratic Initiative,XKX,2019,0.251,0.349
5497,Justice Party,XKX,2019,0.561,0.442
5499,Serbian List,XKX,2014,0.818,0.406
5499,Serbian List,XKX,2017,0.786,0.255
5499,Serbian List,XKX,2019,0.785,0.247
7895,The Alternative,XKX,2017,0.369,0.06
93549,"alliance: Coalition """"Return""""",XKX,2001,0.6,0.219
93550,alliance: Alliance: LDD-PSHDK,XKX,2007,0.624,0.238
93551,alliance: PDK-PD-LB-PSHDK-PK,XKX,2014,0.327,0.288
2562,Future Movement,LBN,2005,0.452,0.615
2562,Future Movement,LBN,2009,0.495,0.568
2564,Free Patriotic Movement,LBN,2005,0.524,0.665
2564,Free Patriotic Movement,LBN,2009,0.429,0.504
2564,Free Patriotic Movement,LBN,2018,0.471,0.513
2565,Progressive Socialist Party,LBN,1972,0.778,0.829
2565,Progressive Socialist Party,LBN,1996,0.622,0.736
2565,Progressive Socialist Party,LBN,2005,0.448,0.664
2565,Progressive Socialist Party,LBN,2009,0.435,0.666
2565,Progressive Socialist Party,LBN,2018,0.447,0.571
2566,Lebanese Phalanges Party,LBN,1972,0.958,0.519
2566,Lebanese Phalanges Party,LBN,2005,0.696,0.459
2566,Lebanese Phalanges Party,LBN,2009,0.599,0.481
3165,Amal Movement,LBN,2005,0.799,0.422
3165,Amal Movement,LBN,2009,0.754,0.432
3165,Amal Movement,LBN,2018,0.805,0.491
3166,Marada Movement,LBN,2009,0.789,0.369
3235,Lebanese Forces,LBN,2005,0.752,0.585
3235,Lebanese Forces,LBN,2009,0.667,0.588
3235,Lebanese Forces,LBN,2018,0.669,0.612
3238,Hezbollah,LBN,2005,0.978,0.886
3238,Hezbollah,LBN,2009,0.961,0.907
3238,Hezbollah,LBN,2018,0.964,0.878
5508,Dignity,LBN,2000,0.501,0.471
5509,Maronite Christians,LBN,1992,0.525,0.333
5510,Greek Orthodox,LBN,1996,0.196,0.405
5511,Sunni Moslem,LBN,1992,0.789,0.403
5511,Sunni Moslem,LBN,1996,0.587,0.351
5512,Shia Moslem,LBN,1992,0.907,0.713
5512,Shia Moslem,LBN,1996,0.765,0.703
5846,Resistance and Development,LBN,2000,0.85,0.716
6391,National Liberal Party,LBN,1972,0.876,0.37
7473,Greek Catholics,LBN,1996,0.198,0.353
7992,Azm Movement,LBN,2018,0.45,0.365
7993,Tadamun Party,LBN,2018,0.615,0.316
510,Social Democratic Party,NGA,1992,0.623,0.573
1154,National Republican Convention,NGA,1992,0.805,0.453
2313,All Nigeria People's Party,NGA,1999,0.726,0.622
2313,All Nigeria People's Party,NGA,2003,0.77,0.697
2313,All Nigeria People's Party,NGA,2007,0.711,0.699
2313,All Nigeria People's Party,NGA,2011,0.714,0.653
2353,Action Congress of Nigeria,NGA,2007,0.768,0.65
2353,Action Congress of Nigeria,NGA,2011,0.782,0.642
2354,People's Democratic Party,NGA,1999,0.85,0.195
2354,People's Democratic Party,NGA,2003,0.937,0.193
2354,People's Democratic Party,NGA,2007,0.956,0.193
2354,People's Democratic Party,NGA,2011,0.957,0.192
2354,People's Democratic Party,NGA,2015,0.915,0.196
2354,People's Democratic Party,NGA,2019,0.91,0.342
4116,Alliance for Democracy,NGA,1999,0.65,0.639
4116,Alliance for Democracy,NGA,2003,0.538,0.648
5351,National Party of Nigeria,NGA,1979,0.825,0.375
5351,National Party of Nigeria,NGA,1983,0.88,0.362
5352,Nigerian Peoples Party,NGA,1979,0.718,0.597
5352,Nigerian Peoples Party,NGA,1983,0.772,0.657
5354,People's Redemption Party,NGA,1979,0.558,0.902
5354,People's Redemption Party,NGA,1983,0.681,0.902
5356,Unity Party of Nigeria,NGA,1979,0.688,0.775
5356,Unity Party of Nigeria,NGA,1983,0.762,0.78
5538,All Progressives Congress,NGA,2015,0.693,0.679
5538,All Progressives Congress,NGA,2019,0.752,0.649
5539,Congress for Progressive Change,NGA,2011,0.73,0.91
6603,United Nigeria Congress Party,NGA,1998,0.79,0.531
6975,Democratic Party of Nigeria,NGA,1998,0.781,0.532
7475,Great Nigeria People's Party,NGA,1979,0.578,0.642
2330,Liberal Party,PHL,1987,0.185,0.465
2330,Liberal Party,PHL,1998,0.132,0.552
2330,Liberal Party,PHL,2001,0.132,0.552
2330,Liberal Party,PHL,2004,0.214,0.552
2330,Liberal Party,PHL,2007,0.194,0.606
2330,Liberal Party,PHL,2010,0.194,0.703
2330,Liberal Party,PHL,2013,0.164,0.609
2330,Liberal Party,PHL,2016,0.11,0.524
2330,Liberal Party,PHL,2019,0.203,0.615
2388,Lakas – Christian Muslim Democrats,PHL,1992,0.148,0.346
2388,Lakas – Christian Muslim Democrats,PHL,1995,0.149,0.343
2388,Lakas – Christian Muslim Democrats,PHL,1998,0.318,0.324
2388,Lakas – Christian Muslim Democrats,PHL,2001,0.3,0.324
2388,Lakas – Christian Muslim Democrats,PHL,2004,0.565,0.326
2388,Lakas – Christian Muslim Democrats,PHL,2007,0.585,0.326
2388,Lakas – Christian Muslim Democrats,PHL,2010,0.395,0.326
2388,Lakas – Christian Muslim Democrats,PHL,2013,0.266,0.326
2389,Nacionalist Party,PHL,1987,0.512,0.212
2389,Nacionalist Party,PHL,2010,0.419,0.156
2389,Nacionalist Party,PHL,2013,0.419,0.227
2389,Nacionalist Party,PHL,2016,0.514,0.227
2389,Nacionalist Party,PHL,2019,0.422,0.227
2465,Partner of the Free Filipino,PHL,2007,0.716,0.202
2466,Nationalist People's Coalition,PHL,1992,0.493,0.078
2466,Nationalist People's Coalition,PHL,1995,0.493,0.086
2466,Nationalist People's Coalition,PHL,2001,0.443,0.088
2466,Nationalist People's Coalition,PHL,2004,0.49,0.088
2466,Nationalist People's Coalition,PHL,2007,0.44,0.088
2466,Nationalist People's Coalition,PHL,2010,0.44,0.087
2466,Nationalist People's Coalition,PHL,2013,0.44,0.087
2466,Nationalist People's Coalition,PHL,2016,0.44,0.087
2466,Nationalist People's Coalition,PHL,2019,0.44,0.087
4248,New Society Movement,PHL,1978,0.998,0.038
4248,New Society Movement,PHL,1984,0.998,0.038
4248,New Society Movement,PHL,1987,0.951,0.038
4252,Fight of Democratic Filipinos,PHL,1992,0.471,0.169
4252,Fight of Democratic Filipinos,PHL,1995,0.355,0.168
4252,Fight of Democratic Filipinos,PHL,2001,0.359,0.17
4252,Fight of Democratic Filipinos,PHL,2004,0.359,0.17
4601,Struggle of the Patriotic Filipino Masses,PHL,1998,0.367,0.748
4602,Philippine Democratic Party-Power of the Nation,PHL,1987,0.143,0.331
4602,Philippine Democratic Party-Power of the Nation,PHL,2019,0.9,0.906
4655,United Nationalist Democratic Organization,PHL,1984,0.326,0.561
4655,United Nationalist Democratic Organization,PHL,1987,0.422,0.511
5169,National Unity Party,PHL,2013,0.411,0.345
5169,National Unity Party,PHL,2016,0.411,0.319
5169,National Unity Party,PHL,2019,0.717,0.478
5171,United Nationalist Alliance,PHL,2013,0.334,0.597
5171,United Nationalist Alliance,PHL,2016,0.424,0.668
5651,People’s Power,PHL,1978,0.077,0.686
5651,People’s Power,PHL,1987,0.105,0.452
5656,Pusyon Bisaya,PHL,1978,0.204,0.588
93582,alliance: LP-PDP,PHL,1992,0.089,0.341
93583,alliance: Lakas-NUCD/ LDP,PHL,1995,0.353,0.323
2328,Party of the Revolution,TZA,1980,0.891,0.795
2328,Party of the Revolution,TZA,1985,0.891,0.703
2328,Party of the Revolution,TZA,1990,0.907,0.703
2328,Party of the Revolution,TZA,1995,0.789,0.645
2328,Party of the Revolution,TZA,2000,0.738,0.645
2328,Party of the Revolution,TZA,2005,0.738,0.645
2328,Party of the Revolution,TZA,2010,0.776,0.645
2328,Party of the Revolution,TZA,2015,0.86,0.897
2344,Party for Democracy and Progress,TZA,1995,0.253,0.426
2344,Party for Democracy and Progress,TZA,2000,0.217,0.422
2344,Party for Democracy and Progress,TZA,2005,0.226,0.422
2344,Party for Democracy and Progress,TZA,2010,0.269,0.568
2344,Party for Democracy and Progress,TZA,2015,0.284,0.633
2345,Civic United Front,TZA,1995,0.476,0.522
2345,Civic United Front,TZA,2000,0.428,0.591
2345,Civic United Front,TZA,2005,0.335,0.591
2345,Civic United Front,TZA,2010,0.321,0.525
2345,Civic United Front,TZA,2015,0.399,0.525
3276,National Convention for Construction and Reform – Mageuzi,TZA,1995,0.162,0.575
3553,Tanzania Labour Party,TZA,2000,0.132,0.385
5788,Tanganyika African National Union,TZA,1970,0.882,0.914
5788,Tanganyika African National Union,TZA,1975,0.882,0.914
6075,United Democratic Party,TZA,2000,0.162,0.389
1112,Nationalist Party,TWN,1972,0.993,0.09
1112,Nationalist Party,TWN,1975,0.992,0.09
1112,Nationalist Party,TWN,1980,0.991,0.09
1112,Nationalist Party,TWN,1983,0.969,0.089
1112,Nationalist Party,TWN,1986,0.958,0.09
1112,Nationalist Party,TWN,1989,0.759,0.089
1112,Nationalist Party,TWN,1991,0.652,0.092
1112,Nationalist Party,TWN,1992,0.623,0.092
1112,Nationalist Party,TWN,1995,0.574,0.092
1112,Nationalist Party,TWN,1996,0.428,0.092
1112,Nationalist Party,TWN,1998,0.383,0.092
1112,Nationalist Party,TWN,2001,0.384,0.261
1112,Nationalist Party,TWN,2004,0.295,0.285
1112,Nationalist Party,TWN,2005,0.295,0.285
1112,Nationalist Party,TWN,2008,0.278,0.263
1112,Nationalist Party,TWN,2012,0.33,0.202
1112,Nationalist Party,TWN,2016,0.387,0.376
1596,Democratic Progressive Party,TWN,1986,0.315,0.416
1596,Democratic Progressive Party,TWN,1989,0.315,0.388
1596,Democratic Progressive Party,TWN,1991,0.2,0.388
1596,Democratic Progressive Party,TWN,1992,0.2,0.35
1596,Democratic Progressive Party,TWN,1995,0.175,0.352
1596,Democratic Progressive Party,TWN,1996,0.175,0.215
1596,Democratic Progressive Party,TWN,1998,0.15,0.215
1596,Democratic Progressive Party,TWN,2001,0.094,0.346
1596,Democratic Progressive Party,TWN,2004,0.094,0.323
1596,Democratic Progressive Party,TWN,2005,0.094,0.323
1596,Democratic Progressive Party,TWN,2008,0.084,0.197
1596,Democratic Progressive Party,TWN,2012,0.084,0.215
1596,Democratic Progressive Party,TWN,2016,0.087,0.144
3664,Taiwan Solidarity Union,TWN,2001,0.256,0.426
3664,Taiwan Solidarity Union,TWN,2004,0.256,0.426
3664,Taiwan Solidarity Union,TWN,2005,0.266,0.426
3665,People First Party,TWN,2001,0.248,0.333
3665,People First Party,TWN,2004,0.213,0.31
3665,People First Party,TWN,2005,0.216,0.31
3665,People First Party,TWN,2016,0.205,0.326
3666,Chinese / New Party,TWN,1995,0.581,0.283
3666,Chinese / New Party,TWN,1996,0.568,0.283
5935,New Power Party,TWN,2016,0.082,0.336
2327,Democrat Party,THA,1975,0.374,0.328
2327,Democrat Party,THA,1976,0.636,0.304
2327,Democrat Party,THA,1979,0.68,0.33
2327,Democrat Party,THA,1983,0.537,0.233
2327,Democrat Party,THA,1986,0.46,0.267
2327,Democrat Party,THA,1988,0.46,0.299
2327,Democrat Party,THA,1992,0.227,0.386
2327,Democrat Party,THA,1995,0.197,0.318
2327,Democrat Party,THA,1996,0.197,0.301
2327,Democrat Party,THA,2001,0.293,0.27
2327,Democrat Party,THA,2005,0.735,0.351
2327,Democrat Party,THA,2007,0.841,0.426
2327,Democrat Party,THA,2011,0.894,0.424
2327,Democrat Party,THA,2019,0.679,0.398
2373,Thai Nation Party / Chart Thai Party,THA,1975,0.994,0.083
2373,Thai Nation Party / Chart Thai Party,THA,1976,0.994,0.081
2373,Thai Nation Party / Chart Thai Party,THA,1979,0.98,0.153
2373,Thai Nation Party / Chart Thai Party,THA,1983,0.956,0.081
2373,Thai Nation Party / Chart Thai Party,THA,1986,0.94,0.106
2373,Thai Nation Party / Chart Thai Party,THA,1988,0.94,0.047
2373,Thai Nation Party / Chart Thai Party,THA,1992,0.97,0.081
2373,Thai Nation Party / Chart Thai Party,THA,1995,0.87,0.047
2373,Thai Nation Party / Chart Thai Party,THA,1996,0.87,0.047
2373,Thai Nation Party / Chart Thai Party,THA,2001,0.83,0.047
2373,Thai Nation Party / Chart Thai Party,THA,2005,0.852,0.047
2373,Thai Nation Party / Chart Thai Party,THA,2007,0.866,0.081
2376,People's Power Party,THA,2007,0.214,0.49
2377,Motherland Party,THA,2007,0.758,0.234
4115,Social Action Party,THA,1975,0.677,0.26
4115,Social Action Party,THA,1976,0.677,0.167
4115,Social Action Party,THA,1979,0.523,0.17
4115,Social Action Party,THA,1983,0.696,0.151
4115,Social Action Party,THA,1986,0.818,0.151
4115,Social Action Party,THA,1988,0.769,0.152
4115,Social Action Party,THA,1992,0.787,0.151
4115,Social Action Party,THA,1996,0.656,0.142
4287,National Democrat,THA,1983,0.814,0.097
4288,National Development Party,THA,1992,0.701,0.209
4288,National Development Party,THA,1995,0.701,0.145
4288,National Development Party,THA,1996,0.652,0.103
4288,National Development Party,THA,2001,0.593,0.101
4289,New Aspiration Party,THA,1992,0.356,0.43
4289,New Aspiration Party,THA,1995,0.356,0.372
4289,New Aspiration Party,THA,1996,0.464,0.283
4289,New Aspiration Party,THA,2001,0.408,0.333
4290,New Force Party,THA,1975,0.078,0.482
4290,New Force Party,THA,1976,0.078,0.411
4292,People Party,THA,1986,0.766,0.1
4292,People Party,THA,1988,0.668,0.187
4293,Thai People Party,THA,1988,0.698,0.189
4296,Progress Party,THA,1986,0.265,0.218
4298,Social Agrarian,THA,1975,0.667,0.291
4301,Social Nationalist Party,THA,1975,0.823,0.04
4303,Thai Citizens' Party / Prachakorn Thai Party,THA,1979,0.961,0.111
4303,Thai Citizens' Party / Prachakorn Thai Party,THA,1983,0.911,0.074
4303,Thai Citizens' Party / Prachakorn Thai Party,THA,1986,0.95,0.096
4303,Thai Citizens' Party / Prachakorn Thai Party,THA,1988,0.913,0.075
4305,United Thai Party,THA,1988,0.884,0.075
4307,Seritham Party,THA,1979,0.523,0.281
4308,United Democrat Party,THA,1986,0.89,0.037
4309,Community Action Party,THA,1986,0.884,0.195
4310,Palang Dharma Party / Force of Virtue,THA,1988,0.179,0.347
4310,Palang Dharma Party / Force of Virtue,THA,1992,0.102,0.387
4310,Palang Dharma Party / Force of Virtue,THA,1995,0.174,0.389
4311,Social Justice Party,THA,1975,0.916,0.105
4311,Social Justice Party,THA,1976,0.916,0.099
5167,Leading Thai party,THA,1995,0.343,0.102
5397,Thai Rak Thai Party / Thais Love Thais,THA,2001,0.051,0.633
5397,Thai Rak Thai Party / Thais Love Thais,THA,2005,0.167,0.681
5398,Pheu Thai Party,THA,2011,0.058,0.674
5398,Pheu Thai Party,THA,2019,0.085,0.718
6423,Bhumjaithai Party,THA,2011,0.737,0.112
6423,Bhumjaithai Party,THA,2019,0.723,0.056
6919,People's State Power Party,THA,2019,0.998,0.053
6997,Love Thailand Party,THA,1988,0.551,0.232
7894,Mahachon Party / Great People's Party,THA,2005,0.442,0.14
7915,Future Forward Party,THA,2019,0.016,0.717
4523,National Resistance Movement,UGA,1989,0.951,0.427
4523,National Resistance Movement,UGA,1994,0.949,0.489
4523,National Resistance Movement,UGA,1996,0.948,0.493
4523,National Resistance Movement,UGA,2001,0.949,0.479
4523,National Resistance Movement,UGA,2006,0.955,0.47
4523,National Resistance Movement,UGA,2011,0.943,0.282
4523,National Resistance Movement,UGA,2016,0.943,0.275
4524,Uganda People's Congress,UGA,1980,0.955,0.461
4524,Uganda People's Congress,UGA,2006,0.691,0.8
4524,Uganda People's Congress,UGA,2016,0.783,0.808
4525,Democratic Party,UGA,1980,0.782,0.676
4525,Democratic Party,UGA,2006,0.605,0.824
4525,Democratic Party,UGA,2011,0.625,0.821
4525,Democratic Party,UGA,2016,0.531,0.815
5389,Forum for Democratic Change,UGA,2006,0.645,0.822
5389,Forum for Democratic Change,UGA,2011,0.659,0.836
5389,Forum for Democratic Change,UGA,2016,0.626,0.832
361,Justice First,VEN,2015,0.239,0.496
413,For Social Democracy,VEN,2005,0.902,0.83
646,Movement toward Socialism,VEN,1973,0.283,0.854
646,Movement toward Socialism,VEN,1978,0.259,0.831
646,Movement toward Socialism,VEN,1983,0.243,0.831
646,Movement toward Socialism,VEN,1988,0.218,0.831
646,Movement toward Socialism,VEN,1993,0.225,0.752
646,Movement toward Socialism,VEN,1998,0.348,0.784
646,Movement toward Socialism,VEN,2000,0.484,0.824
849,A New Era,VEN,2010,0.148,0.527
849,A New Era,VEN,2015,0.185,0.517
862,Democratic Action,VEN,1973,0.162,0.533
862,Democratic Action,VEN,1978,0.156,0.534
862,Democratic Action,VEN,1983,0.187,0.503
862,Democratic Action,VEN,1988,0.151,0.435
862,Democratic Action,VEN,1993,0.188,0.292
862,Democratic Action,VEN,1998,0.18,0.175
862,Democratic Action,VEN,2000,0.24,0.352
862,Democratic Action,VEN,2010,0.183,0.557
862,Democratic Action,VEN,2015,0.238,0.588
1356,Fatherland for All,VEN,2005,0.937,0.927
1356,Fatherland for All,VEN,2010,0.908,0.905
1754,Fifth Republic Movement,VEN,1998,0.945,0.994
1754,Fifth Republic Movement,VEN,2000,0.985,0.994
1754,Fifth Republic Movement,VEN,2005,0.994,0.994
4759,Political Electoral Independent Organization Committee / Social Christian Party / Green Party,VEN,1973,0.032,0.276
4759,Political Electoral Independent Organization Committee / Social Christian Party / Green Party,VEN,1978,0.068,0.24
4759,Political Electoral Independent Organization Committee / Social Christian Party / Green Party,VEN,1983,0.073,0.261
4759,Political Electoral Independent Organization Committee / Social Christian Party / Green Party,VEN,1988,0.078,0.254
4759,Political Electoral Independent Organization Committee / Social Christian Party / Green Party,VEN,1993,0.074,0.284
4759,Political Electoral Independent Organization Committee / Social Christian Party / Green Party,VEN,1998,0.081,0.263
4759,Political Electoral Independent Organization Committee / Social Christian Party / Green Party,VEN,2000,0.242,0.351
4759,Political Electoral Independent Organization Committee / Social Christian Party / Green Party,VEN,2010,0.222,0.371
4802,Venezuela Project,VEN,1998,0.163,0.278
4802,Venezuela Project,VEN,2000,0.254,0.276
4803,Radical Cause,VEN,1993,0.435,0.932
4804,National Convergence,VEN,1993,0.128,0.5
4805,People's Electoral Movement,VEN,1973,0.276,0.854
4805,People's Electoral Movement,VEN,1978,0.268,0.838
4809,Nationalist Civic Crusade,VEN,1973,0.624,0.346
5094,United Socialist Party of Venezuela,VEN,2010,0.999,0.986
5094,United Socialist Party of Venezuela,VEN,2015,0.998,0.986
7976,Popular Will,VEN,2015,0.382,0.562
2300,Cowry Forces for an Emerging Benin,BEN,2007,0.442,0.261
2300,Cowry Forces for an Emerging Benin,BEN,2011,0.375,0.265
2300,Cowry Forces for an Emerging Benin,BEN,2015,0.41,0.265
2365,Democratic Renewal Party,BEN,1995,0.25,0.22
2365,Democratic Renewal Party,BEN,1999,0.25,0.263
2365,Democratic Renewal Party,BEN,2003,0.25,0.263
2365,Democratic Renewal Party,BEN,2007,0.25,0.263
2365,Democratic Renewal Party,BEN,2015,0.253,0.433
2366,G13 Baobab Alliance,BEN,2011,0.256,0.542
2368,Social Democratic Party,BEN,1995,0.339,0.319
2368,Social Democratic Party,BEN,1999,0.426,0.319
3831,Benin Rebirth Party,BEN,1995,0.35,0.258
3831,Benin Rebirth Party,BEN,1999,0.317,0.258
3831,Benin Rebirth Party,BEN,2003,0.317,0.258
3834,National Rally for Democracy,BEN,1991,0.27,0.571
3836,Our Common Cause,BEN,1991,0.313,0.417
3836,Our Common Cause,BEN,1995,0.313,0.417
3839,Liberal Democrats' Rally for National Reconstruction-Vivotene,BEN,1991,0.267,0.214
4089,Action Front for Renewal and Development,BEN,1995,0.262,0.299
4089,Action Front for Renewal and Development,BEN,1999,0.281,0.293
4090,Union for Democracy and National Solidarity,BEN,1991,0.355,0.341
4090,Union for Democracy and National Solidarity,BEN,1995,0.355,0.341
5413,People's Revolutionary Party of Benin,BEN,1975,0.901,0.582
5413,People's Revolutionary Party of Benin,BEN,1979,0.909,0.582
5413,People's Revolutionary Party of Benin,BEN,1984,0.909,0.582
5413,People's Revolutionary Party of Benin,BEN,1989,0.909,0.612
5826,Union for Future Benin,BEN,2003,0.472,0.325
5900,African Movement for Development and Progress,BEN,1999,0.388,0.143
5900,African Movement for Development and Progress,BEN,2003,0.388,0.143
6190,Key Force,BEN,2003,0.356,0.336
6569,Union Makes the Nation,BEN,2011,0.226,0.59
6569,Union Makes the Nation,BEN,2015,0.215,0.589
7071,Alliance for a Democratic Dynamic,BEN,2007,0.285,0.107
7072,Union for the Triumph of Democratic Renewal,BEN,1991,0.415,0.272
93513,alliance: PNDD-PRD,BEN,1991,0.225,0.175
93514,alliance: PSD-UNSP,BEN,1991,0.246,0.142
93515,alliance: MNDD-MSUP-UDRN,BEN,1991,0.265,0.387
93516,alliance: Amana Alliance,BEN,2011,0.376,0.226
93517,alliance: Hope Force - Union for Change,BEN,2011,0.254,0.518
93518,alliance: Alliance RB-RP (Benin Rebirth Party-Patriotic Revival Party),BEN,2015,0.276,0.52
93519,alliance: Sun Alliance,BEN,2015,0.336,0.17
93520,alliance: United Democratic Forces Alliance (FDU),BEN,2015,0.423,0.455
93521,alliance: National Alliance for Development and Democracy (AND),BEN,2015,0.265,0.343
93522,alliance: Progressive Union,BEN,2019,0.96,0.376
93523,alliance: Republican Bloc,BEN,2019,0.956,0.376
3822,Bhutan Peace and Prosperity Party,BTN,2008,0.171,0.075
3822,Bhutan Peace and Prosperity Party,BTN,2013,0.18,0.075
3823,People’s Democratic Party,BTN,2008,0.091,0.235
3823,People’s Democratic Party,BTN,2013,0.1,0.384
4313,Congress for Democracy and Progress,BFA,1992,0.92,0.115
4313,Congress for Democracy and Progress,BFA,1997,0.92,0.115
4313,Congress for Democracy and Progress,BFA,2002,0.902,0.115
4313,Congress for Democracy and Progress,BFA,2007,0.887,0.115
4313,Congress for Democracy and Progress,BFA,2012,0.887,0.115
4313,Congress for Democracy and Progress,BFA,2015,0.751,0.271
4314,Alliance for Democracy and Federation–African Democratic Rally,BFA,2002,0.559,0.207
4314,Alliance for Democracy and Federation–African Democratic Rally,BFA,2007,0.576,0.116
4314,Alliance for Democracy and Federation–African Democratic Rally,BFA,2012,0.576,0.116
4315,Union for Progress and Reform,BFA,2012,0.179,0.441
4315,Union for Progress and Reform,BFA,2015,0.179,0.321
4317,Party for Democracy and Socialism / Metba,BFA,2002,0.583,0.696
5343,National Convention of Progressive Patriots–Social Democratic Party,BFA,1992,0.504,0.442
5769,People's Movement for Progress,BFA,2015,0.587,0.194
5774,Voltaic Democratic Union / African Democratic Rally,BFA,1970,0.823,0.575
5774,Voltaic Democratic Union / African Democratic Rally,BFA,1978,0.823,0.575
5774,Voltaic Democratic Union / African Democratic Rally,BFA,1992,0.855,0.598
5774,Voltaic Democratic Union / African Democratic Rally,BFA,1997,0.855,0.598
5807,National Union for Democracy and Development,BFA,1978,0.649,0.478
5899,Voltaic Progressive Union,BFA,1978,0.647,0.618
5901,Party for Democracy and Progress,BFA,1997,0.496,0.557
6192,African Regroupment Party,BFA,1970,0.742,0.68
6192,African Regroupment Party,BFA,1978,0.739,0.772
6415,Popular Front,BFA,1987,0.98,0.45
6449,National Liberation Movement,BFA,1970,0.487,0.606
6570,Alliance for Democracy and Federation,BFA,1992,0.425,0.211
6570,Alliance for Democracy and Federation,BFA,1997,0.425,0.253
3761,Norodom Ranariddh Party,KHM,2008,0.518,0.397
3762,Sam Rainsy Party,KHM,1998,0.309,0.774
3762,Sam Rainsy Party,KHM,2003,0.302,0.799
3762,Sam Rainsy Party,KHM,2008,0.302,0.89
3763,Human Rights' Party,KHM,2008,0.369,0.839
3764,"National United Front for an Independent, Neutral, Peaceful, and Cooperative Cambodia",KHM,1993,0.594,0.286
3764,"National United Front for an Independent, Neutral, Peaceful, and Cooperative Cambodia",KHM,1998,0.583,0.243
3764,"National United Front for an Independent, Neutral, Peaceful, and Cooperative Cambodia",KHM,2003,0.617,0.287
3764,"National United Front for an Independent, Neutral, Peaceful, and Cooperative Cambodia",KHM,2008,0.66,0.293
3764,"National United Front for an Independent, Neutral, Peaceful, and Cooperative Cambodia",KHM,2018,0.758,0.313
3765,Cambodian Peoples' Party / Kampuchean People's Revolutionary Party,KHM,1981,0.999,0.324
3765,Cambodian Peoples' Party / Kampuchean People's Revolutionary Party,KHM,1993,0.977,0.324
3765,Cambodian Peoples' Party / Kampuchean People's Revolutionary Party,KHM,1998,0.969,0.393
3765,Cambodian Peoples' Party / Kampuchean People's Revolutionary Party,KHM,2003,0.93,0.397
3765,Cambodian Peoples' Party / Kampuchean People's Revolutionary Party,KHM,2008,0.929,0.391
3765,Cambodian Peoples' Party / Kampuchean People's Revolutionary Party,KHM,2013,0.9,0.391
3765,Cambodian Peoples' Party / Kampuchean People's Revolutionary Party,KHM,2018,0.993,0.391
5521,Cambodia National Rescue Party,KHM,2013,0.247,0.884
5830,National United Front of Kampuchea,KHM,1976,0.997,0.725
6887,Social Republican Party,KHM,1972,0.976,0.282
2304,Party of the Functional Groups,IDN,1971,0.999,0.225
2304,Party of the Functional Groups,IDN,1977,0.998,0.11
2304,Party of the Functional Groups,IDN,1982,0.998,0.098
2304,Party of the Functional Groups,IDN,1987,0.999,0.099
2304,Party of the Functional Groups,IDN,1992,0.999,0.141
2304,Party of the Functional Groups,IDN,1997,0.999,0.11
2304,Party of the Functional Groups,IDN,1999,0.7,0.12
2304,Party of the Functional Groups,IDN,2004,0.636,0.137
2304,Party of the Functional Groups,IDN,2009,0.681,0.179
2304,Party of the Functional Groups,IDN,2014,0.7,0.177
2304,Party of the Functional Groups,IDN,2019,0.719,0.175
2556,Prosperous Justice Party / Welfare and Justice Party,IDN,2004,0.7,0.396
2556,Prosperous Justice Party / Welfare and Justice Party,IDN,2009,0.773,0.342
2556,Prosperous Justice Party / Welfare and Justice Party,IDN,2014,0.869,0.399
2556,Prosperous Justice Party / Welfare and Justice Party,IDN,2019,0.879,0.398
2557,National Mandate Party,IDN,1999,0.357,0.482
2557,National Mandate Party,IDN,2004,0.562,0.429
2557,National Mandate Party,IDN,2009,0.627,0.243
2557,National Mandate Party,IDN,2014,0.819,0.424
2557,National Mandate Party,IDN,2019,0.867,0.436
2558,United Development Party,IDN,1977,0.835,0.425
2558,United Development Party,IDN,1982,0.834,0.444
2558,United Development Party,IDN,1987,0.878,0.413
2558,United Development Party,IDN,1992,0.834,0.379
2558,United Development Party,IDN,1997,0.827,0.377
2558,United Development Party,IDN,1999,0.719,0.4
2558,United Development Party,IDN,2004,0.714,0.325
2558,United Development Party,IDN,2009,0.727,0.343
2558,United Development Party,IDN,2014,0.793,0.379
2558,United Development Party,IDN,2019,0.819,0.363
2559,National Awakening Party,IDN,1999,0.308,0.508
2559,National Awakening Party,IDN,2004,0.371,0.386
2559,National Awakening Party,IDN,2009,0.425,0.386
2559,National Awakening Party,IDN,2014,0.417,0.384
2559,National Awakening Party,IDN,2019,0.473,0.396
2560,Indonesian Democratic Party of Struggle,IDN,1999,0.236,0.732
2560,Indonesian Democratic Party of Struggle,IDN,2004,0.3,0.639
2560,Indonesian Democratic Party of Struggle,IDN,2009,0.325,0.593
2560,Indonesian Democratic Party of Struggle,IDN,2014,0.329,0.669
2560,Indonesian Democratic Party of Struggle,IDN,2019,0.495,0.525
2561,Democratic Party,IDN,2004,0.407,0.355
2561,Democratic Party,IDN,2009,0.479,0.276
2561,Democratic Party,IDN,2014,0.566,0.388
2561,Democratic Party,IDN,2019,0.528,0.366
4495,Great Indonesia Movement Party,IDN,2009,0.741,0.639
4495,Great Indonesia Movement Party,IDN,2014,0.955,0.718
4495,Great Indonesia Movement Party,IDN,2019,0.961,0.698
4496,Nasdem Party,IDN,2014,0.372,0.375
4496,Nasdem Party,IDN,2019,0.485,0.363
4497,People's Conscience Party,IDN,2014,0.615,0.192
4498,The Indonesian Democratic Party,IDN,1977,0.442,0.645
4498,The Indonesian Democratic Party,IDN,1982,0.475,0.644
4498,The Indonesian Democratic Party,IDN,1987,0.466,0.645
4498,The Indonesian Democratic Party,IDN,1992,0.413,0.669
4500,Indonesian National Party,IDN,1971,0.495,0.435
4501,Muslim Party of Indonesia,IDN,1971,0.842,0.433
5299,Moslem Scholars League,IDN,1971,0.688,0.386
2314,Liberation Front of Mozambique,MOZ,1977,0.995,0.586
2314,Liberation Front of Mozambique,MOZ,1986,0.995,0.495
2314,Liberation Front of Mozambique,MOZ,1994,0.715,0.088
2314,Liberation Front of Mozambique,MOZ,1999,0.76,0.079
2314,Liberation Front of Mozambique,MOZ,2004,0.819,0.172
2314,Liberation Front of Mozambique,MOZ,2009,0.824,0.181
2314,Liberation Front of Mozambique,MOZ,2014,0.82,0.171
2314,Liberation Front of Mozambique,MOZ,2019,0.802,0.151
2315,Mozambican National Resistance,MOZ,1994,0.575,0.658
2315,Mozambican National Resistance,MOZ,1999,0.598,0.684
2315,Mozambican National Resistance,MOZ,2004,0.645,0.719
2315,Mozambican National Resistance,MOZ,2009,0.63,0.717
2315,Mozambican National Resistance,MOZ,2014,0.699,0.673
2315,Mozambican National Resistance,MOZ,2019,0.705,0.675
3813,Democratic Movement of Mozambique,MOZ,2014,0.415,0.69
3813,Democratic Movement of Mozambique,MOZ,2019,0.45,0.692
6083,Democratic Union,MOZ,1994,0.439,0.575
3753,National Democratic Party,NPL,1991,0.569,0.504
3753,National Democratic Party,NPL,1994,0.569,0.504
3753,National Democratic Party,NPL,1999,0.547,0.509
3753,National Democratic Party,NPL,2017,0.417,0.501
3754,Madeshi People's Rights Forum Nepal,NPL,2008,0.596,0.857
3754,Madeshi People's Rights Forum Nepal,NPL,2012,0.591,0.873
3755,Communist Party of Nepal (Unified Marxist–Leninist),NPL,1991,0.833,0.844
3755,Communist Party of Nepal (Unified Marxist–Leninist),NPL,1994,0.699,0.826
3755,Communist Party of Nepal (Unified Marxist–Leninist),NPL,1999,0.73,0.803
3755,Communist Party of Nepal (Unified Marxist–Leninist),NPL,2008,0.726,0.718
3755,Communist Party of Nepal (Unified Marxist–Leninist),NPL,2012,0.737,0.593
3755,Communist Party of Nepal (Unified Marxist–Leninist),NPL,2013,0.637,0.557
3755,Communist Party of Nepal (Unified Marxist–Leninist),NPL,2017,0.569,0.466
3756,Nepali Congress,NPL,1991,0.536,0.4
3756,Nepali Congress,NPL,1994,0.584,0.4
3756,Nepali Congress,NPL,1999,0.582,0.4
3756,Nepali Congress,NPL,2008,0.628,0.4
3756,Nepali Congress,NPL,2012,0.628,0.4
3756,Nepali Congress,NPL,2013,0.494,0.4
3756,Nepali Congress,NPL,2017,0.437,0.442
3759,Communist Party of Nepal (Maoist),NPL,2008,0.746,0.838
3759,Communist Party of Nepal (Maoist),NPL,2012,0.756,0.838
3759,Communist Party of Nepal (Maoist),NPL,2013,0.565,0.706
3759,Communist Party of Nepal (Maoist),NPL,2017,0.642,0.581
6724,United People's Front of Nepal,NPL,1991,0.535,0.889
7625,"Federal Socialist Forum, Nepal",NPL,2017,0.615,0.828
7991,National People's Party Nepal,NPL,2017,0.509,0.856
185,Conservative Party,NIC,1972,0.539,0.673
185,Conservative Party,NIC,1974,0.539,0.685
286,Constitutionalist Liberal Party,NIC,2001,0.804,0.373
286,Constitutionalist Liberal Party,NIC,2006,0.811,0.353
286,Constitutionalist Liberal Party,NIC,2011,0.727,0.411
286,Constitutionalist Liberal Party,NIC,2016,0.739,0.416
395,Sandinista Renovation Movement,NIC,2006,0.064,0.54
769,Sandinista National Liberation Front,NIC,1984,0.985,0.885
769,Sandinista National Liberation Front,NIC,1990,0.853,0.876
769,Sandinista National Liberation Front,NIC,1996,0.73,0.875
769,Sandinista National Liberation Front,NIC,2001,0.727,0.88
769,Sandinista National Liberation Front,NIC,2006,0.81,0.722
769,Sandinista National Liberation Front,NIC,2011,0.971,0.674
769,Sandinista National Liberation Front,NIC,2016,0.993,0.689
1640,Nicaraguan Liberal Alliance,NIC,2006,0.347,0.259
1640,Nicaraguan Liberal Alliance,NIC,2016,0.426,0.4
3656,Independent Liberal Party,NIC,1984,0.533,0.322
3656,Independent Liberal Party,NIC,2011,0.454,0.411
3656,Independent Liberal Party,NIC,2016,0.619,0.411
4749,Nationalist Liberal Party,NIC,1972,0.984,0.08
4749,Nationalist Liberal Party,NIC,1974,0.984,0.08
5103,Democratic Conservative Party,NIC,1984,0.425,0.325
5699,Popular Social Christian Party,NIC,1984,0.55,0.596
7145,National Opposition Union,NIC,1990,0.259,0.554
93575,alliance: Liberal Alliance,NIC,1996,0.746,0.262
2325,Nigerien Party for Democracy and Socialism,NER,1993,0.774,0.779
2325,Nigerien Party for Democracy and Socialism,NER,1995,0.774,0.779
2325,Nigerien Party for Democracy and Socialism,NER,1999,0.775,0.665
2325,Nigerien Party for Democracy and Socialism,NER,2004,0.775,0.737
2325,Nigerien Party for Democracy and Socialism,NER,2011,0.778,0.654
2325,Nigerien Party for Democracy and Socialism,NER,2016,0.778,0.654
2350,National Movement for the Development of Society,NER,1989,0.776,0.773
2350,National Movement for the Development of Society,NER,1993,0.776,0.731
2350,National Movement for the Development of Society,NER,1995,0.776,0.778
2350,National Movement for the Development of Society,NER,1999,0.774,0.733
2350,National Movement for the Development of Society,NER,2004,0.774,0.782
2350,National Movement for the Development of Society,NER,2009,0.774,0.782
2350,National Movement for the Development of Society,NER,2011,0.774,0.782
2350,National Movement for the Development of Society,NER,2016,0.774,0.782
2351,Nigerien Alliance for Democracy and Progress,NER,1993,0.775,0.583
2351,Nigerien Alliance for Democracy and Progress,NER,1995,0.775,0.729
2351,Nigerien Alliance for Democracy and Progress,NER,1996,0.775,0.557
2351,Nigerien Alliance for Democracy and Progress,NER,2011,0.776,0.562
2352,Democratic and Social Convention,NER,1993,0.776,0.779
2352,Democratic and Social Convention,NER,1995,0.776,0.779
2352,Democratic and Social Convention,NER,1999,0.776,0.782
2352,Democratic and Social Convention,NER,2004,0.776,0.782
5347,Nigerien Progressive Party – African Democratic Rally,NER,1970,0.769,0.778
5348,Social Democratic Rally,NER,2004,0.773,0.561
5348,Social Democratic Rally,NER,2009,0.773,0.561
5385,Nigerien Democratic Movement for an African Federation,NER,2011,0.774,0.565
5385,Nigerien Democratic Movement for an African Federation,NER,2016,0.774,0.565
5645,Union for Democracy and the Republic,NER,2011,0.77,0.404
5804,Rally for Democracy and Progress / National Union of Independents for Democratic Renewal,NER,1996,0.779,0.775
5804,Rally for Democracy and Progress / National Union of Independents for Democratic Renewal,NER,1999,0.779,0.775
5804,Rally for Democracy and Progress / National Union of Independents for Democratic Renewal,NER,2009,0.775,0.734
5804,Rally for Democracy and Progress / National Union of Independents for Democratic Renewal,NER,2011,0.775,0.734
6253,Party for People's Dignity,NER,1996,0.774,0.654
7627,Patriotic Movement for the Republic,NER,2016,0.769,0.557
2302,Patriotic Front,ZMB,2006,0.558,0.626
2302,Patriotic Front,ZMB,2011,0.75,0.547
2302,Patriotic Front,ZMB,2016,0.98,0.311
2332,Forum for Democracy and Development,ZMB,2001,0.322,0.551
2332,Forum for Democracy and Development,ZMB,2006,0.288,0.542
2333,Movement for Multi-party Democracy,ZMB,1991,0.229,0.705
2333,Movement for Multi-party Democracy,ZMB,1996,0.814,0.468
2333,Movement for Multi-party Democracy,ZMB,2001,0.888,0.432
2333,Movement for Multi-party Democracy,ZMB,2006,0.873,0.428
2333,Movement for Multi-party Democracy,ZMB,2011,0.95,0.26
2334,United National Independence Party,ZMB,1973,0.952,0.896
2334,United National Independence Party,ZMB,1978,0.953,0.894
2334,United National Independence Party,ZMB,1983,0.972,0.882
2334,United National Independence Party,ZMB,1988,0.976,0.865
2334,United National Independence Party,ZMB,1991,0.906,0.348
2334,United National Independence Party,ZMB,2001,0.476,0.61
2334,United National Independence Party,ZMB,2006,0.457,0.627
2335,United Party for National Development,ZMB,2001,0.359,0.634
2335,United Party for National Development,ZMB,2006,0.449,0.614
2335,United Party for National Development,ZMB,2011,0.58,0.534
2335,United Party for National Development,ZMB,2016,0.687,0.607
4125,Zambia Democratic Congress,ZMB,1996,0.27,0.594
4126,National Party,ZMB,1996,0.396,0.658
3305,Zimbabwe African National Union – Patriotic Front,ZWE,1980,0.983,0.896
3305,Zimbabwe African National Union – Patriotic Front,ZWE,1985,0.993,0.566
3305,Zimbabwe African National Union – Patriotic Front,ZWE,1990,0.995,0.54
3305,Zimbabwe African National Union – Patriotic Front,ZWE,1995,0.996,0.499
3305,Zimbabwe African National Union – Patriotic Front,ZWE,2000,0.997,0.335
3305,Zimbabwe African National Union – Patriotic Front,ZWE,2005,0.997,0.333
3305,Zimbabwe African National Union – Patriotic Front,ZWE,2008,0.998,0.196
3305,Zimbabwe African National Union – Patriotic Front,ZWE,2013,0.99,0.146
3305,Zimbabwe African National Union – Patriotic Front,ZWE,2018,0.989,0.338
3558,Movement for Democratic Change,ZWE,2000,0.219,0.934
3558,Movement for Democratic Change,ZWE,2005,0.217,0.915
3559,Movement for Democratic Change – Tsvangirai,ZWE,2008,0.408,0.88
3559,Movement for Democratic Change – Tsvangirai,ZWE,2013,0.412,0.78
3560,Movement for Democratic Change – Ncube,ZWE,2008,0.406,0.642
5344,Zimbabwe African People's Union,ZWE,1980,0.539,0.898
5344,Zimbabwe African People's Union,ZWE,1985,0.52,0.881
5345,Rhodesian Front / Conservative Alliance of Zimbabwe,ZWE,1970,0.986,0.102
5345,Rhodesian Front / Conservative Alliance of Zimbabwe,ZWE,1974,0.972,0.089
5345,Rhodesian Front / Conservative Alliance of Zimbabwe,ZWE,1977,0.971,0.098
5345,Rhodesian Front / Conservative Alliance of Zimbabwe,ZWE,1979,0.94,0.099
5345,Rhodesian Front / Conservative Alliance of Zimbabwe,ZWE,1980,0.925,0.141
5345,Rhodesian Front / Conservative Alliance of Zimbabwe,ZWE,1985,0.833,0.14
5346,Centre Party,ZWE,1970,0.797,0.467
6032,Zimbabwe African National Union-Ndongo,ZWE,1979,0.589,0.491
6032,Zimbabwe African National Union-Ndongo,ZWE,1995,0.554,0.67
6034,United African National Congress,ZWE,1979,0.687,0.351
6034,United African National Congress,ZWE,1980,0.724,0.378
6239,Zimbabwe Unity Movement,ZWE,1990,0.42,0.825
6440,United National Federal Party,ZWE,1979,0.726,0.358
6615,Zimbabwe United People's Organization,ZWE,1979,0.668,0.421
7370,Rhodesia Electoral Union,ZWE,1970,0.756,0.432
7484,African National Council Independents,ZWE,1974,0.624,0.636
93606,alliance: Movement for Democratic Change Alliance,ZWE,2018,0.455,0.775
4063,Rally of the People of Guinea Rainbow,GIN,1995,0.725,0.629
4063,Rally of the People of Guinea Rainbow,GIN,2013,0.954,0.623
4274,Union of Democratic Forces of Guinea,GIN,2013,0.898,0.799
4275,Union of Republican Forces,GIN,2013,0.772,0.773
4276,Union for Progress and Renewal,GIN,1995,0.76,0.779
4276,Union for Progress and Renewal,GIN,2002,0.76,0.782
4737,Democratic Party of Guinea – African Democratic Rally,GIN,1974,0.999,0.855
4737,Democratic Party of Guinea – African Democratic Rally,GIN,1980,0.999,0.847
5600,Union for a New Republic,GIN,1995,0.755,0.791
5780,Unity and Progress Party,GIN,1995,0.981,0.63
5780,Unity and Progress Party,GIN,2002,0.981,0.63
5096,Ivorian Popular Front,CIV,1990,0.258,0.775
5096,Ivorian Popular Front,CIV,1995,0.258,0.726
5096,Ivorian Popular Front,CIV,2000,0.753,0.456
5096,Ivorian Popular Front,CIV,2001,0.748,0.456
5096,Ivorian Popular Front,CIV,2016,0.273,0.689
5097,Rally of the Republicans,CIV,1995,0.296,0.49
5097,Rally of the Republicans,CIV,2011,0.796,0.313
5098,Democratic Party of Côte d'Ivoire — African Democratic Rally,CIV,1970,0.943,0.245
5098,Democratic Party of Côte d'Ivoire — African Democratic Rally,CIV,1975,0.943,0.247
5098,Democratic Party of Côte d'Ivoire — African Democratic Rally,CIV,1980,0.92,0.294
5098,Democratic Party of Côte d'Ivoire — African Democratic Rally,CIV,1985,0.9,0.248
5098,Democratic Party of Côte d'Ivoire — African Democratic Rally,CIV,1990,0.874,0.337
5098,Democratic Party of Côte d'Ivoire — African Democratic Rally,CIV,1995,0.85,0.328
5098,Democratic Party of Côte d'Ivoire — African Democratic Rally,CIV,2000,0.628,0.489
5098,Democratic Party of Côte d'Ivoire — African Democratic Rally,CIV,2001,0.445,0.532
5098,Democratic Party of Côte d'Ivoire — African Democratic Rally,CIV,2011,0.605,0.457
7607,Rally of Houphouëtists for Democracy and Peace,CIV,2016,0.82,0.317
5199,Rally of Democratic Forces / Assembly of Democratic Forces,MRT,2001,0.393,0.685
5199,Rally of Democratic Forces / Assembly of Democratic Forces,MRT,2006,0.393,0.65
5288,Democratic [and Social] Republican Party for Renewal,MRT,1992,0.945,0.07
5288,Democratic [and Social] Republican Party for Renewal,MRT,1996,0.945,0.07
5288,Democratic [and Social] Republican Party for Renewal,MRT,2001,0.945,0.07
5288,Democratic [and Social] Republican Party for Renewal,MRT,2006,0.945,0.07
5289,Mauritanian People's Party,MRT,1971,0.99,0.34
5289,Mauritanian People's Party,MRT,1975,0.979,0.34
5289,Mauritanian People's Party,MRT,1976,0.979,0.34
5693,People's Progressive Alliance,MRT,2006,0.357,0.584
5693,People's Progressive Alliance,MRT,2013,0.291,0.768
5819,Union for the Republic,MRT,2013,0.966,0.077
5896,National Rally for Reform and Development,MRT,2013,0.535,0.738
6071,Union of the Forces of Progress,MRT,2006,0.187,0.583
6252,Party of the Democratic and Social Agreement,MRT,2013,0.808,0.368
6340,Action for Change,MRT,2001,0.291,0.891
7495,Rally for Democracy and Unity,MRT,1992,0.926,0.064
7495,Rally for Democracy and Unity,MRT,2001,0.846,0.066
8029,Union for Democracy and Progress,MRT,2001,0.623,0.206
93557,alliance: Al-Mithaq,MRT,2006,0.911,0.187
152,New Democratic Party,CAN,1972,0.046,0.625
152,New Democratic Party,CAN,1974,0.046,0.625
152,New Democratic Party,CAN,1979,0.046,0.501
152,New Democratic Party,CAN,1980,0.046,0.501
152,New Democratic Party,CAN,1984,0.05,0.499
152,New Democratic Party,CAN,1988,0.054,0.498
152,New Democratic Party,CAN,1993,0.046,0.464
152,New Democratic Party,CAN,1997,0.046,0.464
152,New Democratic Party,CAN,2000,0.046,0.467
152,New Democratic Party,CAN,2004,0.05,0.602
152,New Democratic Party,CAN,2006,0.05,0.682
152,New Democratic Party,CAN,2008,0.049,0.682
152,New Democratic Party,CAN,2011,0.049,0.682
152,New Democratic Party,CAN,2015,0.049,0.452
152,New Democratic Party,CAN,2019,0.053,0.614
232,Progressive Conservative Party of Canada,CAN,1972,0.053,0.242
232,Progressive Conservative Party of Canada,CAN,1974,0.052,0.242
232,Progressive Conservative Party of Canada,CAN,1979,0.052,0.242
232,Progressive Conservative Party of Canada,CAN,1980,0.052,0.211
232,Progressive Conservative Party of Canada,CAN,1984,0.054,0.23
232,Progressive Conservative Party of Canada,CAN,1988,0.054,0.202
232,Progressive Conservative Party of Canada,CAN,1993,0.049,0.175
232,Progressive Conservative Party of Canada,CAN,1997,0.049,0.177
232,Progressive Conservative Party of Canada,CAN,2000,0.053,0.176
931,Green Party of Canada,CAN,2008,0.035,0.233
931,Green Party of Canada,CAN,2019,0.035,0.236
1004,Conservative Party of Canada (2003),CAN,2004,0.109,0.509
1004,Conservative Party of Canada (2003),CAN,2006,0.109,0.609
1004,Conservative Party of Canada (2003),CAN,2008,0.109,0.579
1004,Conservative Party of Canada (2003),CAN,2011,0.109,0.579
1004,Conservative Party of Canada (2003),CAN,2015,0.109,0.625
1004,Conservative Party of Canada (2003),CAN,2019,0.109,0.479
1156,Social Credit Party of Canada,CAN,1972,0.08,0.788
1156,Social Credit Party of Canada,CAN,1974,0.081,0.788
1428,Quebec Bloc,CAN,1993,0.124,0.545
1428,Quebec Bloc,CAN,1997,0.124,0.545
1428,Quebec Bloc,CAN,2000,0.122,0.545
1428,Quebec Bloc,CAN,2004,0.125,0.547
1428,Quebec Bloc,CAN,2006,0.125,0.549
1428,Quebec Bloc,CAN,2008,0.103,0.549
1428,Quebec Bloc,CAN,2011,0.103,0.549
1428,Quebec Bloc,CAN,2019,0.141,0.565
1739,Liberal Party of Canada,CAN,1972,0.046,0.181
1739,Liberal Party of Canada,CAN,1974,0.047,0.181
1739,Liberal Party of Canada,CAN,1979,0.047,0.181
1739,Liberal Party of Canada,CAN,1980,0.047,0.181
1739,Liberal Party of Canada,CAN,1984,0.047,0.181
1739,Liberal Party of Canada,CAN,1988,0.052,0.28
1739,Liberal Party of Canada,CAN,1993,0.047,0.178
1739,Liberal Party of Canada,CAN,1997,0.047,0.178
1739,Liberal Party of Canada,CAN,2000,0.047,0.178
1739,Liberal Party of Canada,CAN,2004,0.05,0.178
1739,Liberal Party of Canada,CAN,2006,0.05,0.145
1739,Liberal Party of Canada,CAN,2008,0.052,0.145
1739,Liberal Party of Canada,CAN,2011,0.052,0.181
1739,Liberal Party of Canada,CAN,2015,0.056,0.289
1739,Liberal Party of Canada,CAN,2019,0.057,0.297
1757,Reform Party of Canada,CAN,1993,0.143,0.936
1757,Reform Party of Canada,CAN,1997,0.143,0.936
1757,Reform Party of Canada,CAN,2000,0.133,0.936
285,Liberal National Party of Queensland,AUS,2010,0.035,0.403
285,Liberal National Party of Queensland,AUS,2013,0.035,0.403
285,Liberal National Party of Queensland,AUS,2016,0.035,0.403
285,Liberal National Party of Queensland,AUS,2019,0.035,0.369
424,Australian Labor Party,AUS,1972,0.026,0.462
424,Australian Labor Party,AUS,1974,0.026,0.462
424,Australian Labor Party,AUS,1975,0.026,0.395
424,Australian Labor Party,AUS,1977,0.026,0.395
424,Australian Labor Party,AUS,1980,0.026,0.395
424,Australian Labor Party,AUS,1983,0.026,0.317
424,Australian Labor Party,AUS,1984,0.037,0.317
424,Australian Labor Party,AUS,1987,0.037,0.317
424,Australian Labor Party,AUS,1990,0.037,0.317
424,Australian Labor Party,AUS,1993,0.037,0.317
424,Australian Labor Party,AUS,1996,0.037,0.317
424,Australian Labor Party,AUS,1998,0.037,0.397
424,Australian Labor Party,AUS,2001,0.037,0.397
424,Australian Labor Party,AUS,2004,0.037,0.46
424,Australian Labor Party,AUS,2007,0.037,0.391
424,Australian Labor Party,AUS,2010,0.037,0.391
424,Australian Labor Party,AUS,2013,0.037,0.391
424,Australian Labor Party,AUS,2016,0.037,0.391
424,Australian Labor Party,AUS,2019,0.037,0.515
486,Liberal Party of Australia,AUS,1972,0.036,0.034
486,Liberal Party of Australia,AUS,1974,0.036,0.034
486,Liberal Party of Australia,AUS,1975,0.036,0.034
486,Liberal Party of Australia,AUS,1977,0.036,0.034
486,Liberal Party of Australia,AUS,1980,0.036,0.034
486,Liberal Party of Australia,AUS,1983,0.036,0.034
486,Liberal Party of Australia,AUS,1984,0.036,0.106
486,Liberal Party of Australia,AUS,1987,0.036,0.106
486,Liberal Party of Australia,AUS,1990,0.036,0.106
486,Liberal Party of Australia,AUS,1993,0.036,0.106
486,Liberal Party of Australia,AUS,1996,0.036,0.197
486,Liberal Party of Australia,AUS,1998,0.036,0.18
486,Liberal Party of Australia,AUS,2001,0.036,0.199
486,Liberal Party of Australia,AUS,2004,0.036,0.199
486,Liberal Party of Australia,AUS,2007,0.036,0.18
486,Liberal Party of Australia,AUS,2010,0.036,0.195
486,Liberal Party of Australia,AUS,2013,0.036,0.195
486,Liberal Party of Australia,AUS,2016,0.036,0.195
486,Liberal Party of Australia,AUS,2019,0.036,0.204
990,Australian Democrats,AUS,1977,0.025,0.373
990,Australian Democrats,AUS,1980,0.025,0.373
990,Australian Democrats,AUS,1983,0.025,0.262
990,Australian Democrats,AUS,1984,0.025,0.262
990,Australian Democrats,AUS,1987,0.025,0.262
990,Australian Democrats,AUS,1990,0.025,0.262
990,Australian Democrats,AUS,1996,0.024,0.27
990,Australian Democrats,AUS,1998,0.024,0.27
990,Australian Democrats,AUS,2001,0.024,0.27
1162,One Nation Party,AUS,1998,0.185,0.91
1209,Australian Greens,AUS,2001,0.025,0.382
1209,Australian Greens,AUS,2004,0.025,0.382
1209,Australian Greens,AUS,2007,0.025,0.382
1209,Australian Greens,AUS,2010,0.025,0.382
1209,Australian Greens,AUS,2013,0.025,0.382
1209,Australian Greens,AUS,2019,0.026,0.377
1540,Democratic Labour Party,AUS,1972,0.046,0.391
1743,Australian Country Party / National Party of Australia,AUS,1972,0.036,0.211
1743,Australian Country Party / National Party of Australia,AUS,1974,0.036,0.211
1743,Australian Country Party / National Party of Australia,AUS,1975,0.036,0.211
1743,Australian Country Party / National Party of Australia,AUS,1977,0.036,0.211
1743,Australian Country Party / National Party of Australia,AUS,1980,0.036,0.211
1743,Australian Country Party / National Party of Australia,AUS,1983,0.036,0.211
1743,Australian Country Party / National Party of Australia,AUS,1984,0.036,0.293
1743,Australian Country Party / National Party of Australia,AUS,1987,0.036,0.323
1743,Australian Country Party / National Party of Australia,AUS,1990,0.036,0.293
1743,Australian Country Party / National Party of Australia,AUS,1993,0.036,0.293
1743,Australian Country Party / National Party of Australia,AUS,1996,0.036,0.402
1743,Australian Country Party / National Party of Australia,AUS,1998,0.036,0.402
1743,Australian Country Party / National Party of Australia,AUS,2001,0.058,0.402
1743,Australian Country Party / National Party of Australia,AUS,2004,0.058,0.402
1743,Australian Country Party / National Party of Australia,AUS,2007,0.036,0.363
1996,Palmer United Party,AUS,2013,0.081,0.912
2301,Botswana Democratic Party,BWA,1974,0.404,0.181
2301,Botswana Democratic Party,BWA,1979,0.283,0.159
2301,Botswana Democratic Party,BWA,1984,0.22,0.068
2301,Botswana Democratic Party,BWA,1989,0.22,0.068
2301,Botswana Democratic Party,BWA,1994,0.256,0.068
2301,Botswana Democratic Party,BWA,1999,0.246,0.068
2301,Botswana Democratic Party,BWA,2004,0.248,0.068
2301,Botswana Democratic Party,BWA,2009,0.393,0.152
2301,Botswana Democratic Party,BWA,2014,0.309,0.148
2301,Botswana Democratic Party,BWA,2019,0.278,0.208
2336,Botswana National Front,BWA,1974,0.308,0.75
2336,Botswana National Front,BWA,1979,0.308,0.785
2336,Botswana National Front,BWA,1984,0.301,0.809
2336,Botswana National Front,BWA,1989,0.29,0.809
2336,Botswana National Front,BWA,1994,0.285,0.804
2336,Botswana National Front,BWA,1999,0.286,0.804
2336,Botswana National Front,BWA,2004,0.294,0.807
2336,Botswana National Front,BWA,2009,0.177,0.808
2337,Botswana Congress Party,BWA,1999,0.121,0.603
2337,Botswana Congress Party,BWA,2004,0.138,0.602
2337,Botswana Congress Party,BWA,2009,0.145,0.603
2337,Botswana Congress Party,BWA,2014,0.141,0.578
3632,Botswana People’s Party,BWA,1974,0.251,0.882
3632,Botswana People’s Party,BWA,1979,0.251,0.816
3632,Botswana People’s Party,BWA,1984,0.245,0.784
4832,Umbrella for Democratic Change,BWA,2014,0.161,0.651
4832,Umbrella for Democratic Change,BWA,2019,0.155,0.665
5263,Union for National Progress,BDI,1970,0.913,0.51
5263,Union for National Progress,BDI,1975,0.989,0.398
5263,Union for National Progress,BDI,1980,0.981,0.385
5263,Union for National Progress,BDI,1982,0.977,0.385
5263,Union for National Progress,BDI,1987,0.973,0.413
5263,Union for National Progress,BDI,1992,0.804,0.488
5263,Union for National Progress,BDI,1993,0.494,0.5
5263,Union for National Progress,BDI,2005,0.367,0.384
5263,Union for National Progress,BDI,2010,0.252,0.363
5265,Front for Democracy in Burundi,BDI,1993,0.705,0.834
5265,Front for Democracy in Burundi,BDI,2005,0.682,0.51
5265,Front for Democracy in Burundi,BDI,2010,0.496,0.502
5266,National Council for the Defense of Democracy – Front for the Defense of Democracy,BDI,2005,0.683,0.703
5266,National Council for the Defense of Democracy – Front for the Defense of Democracy,BDI,2010,0.939,0.708
5266,National Council for the Defense of Democracy – Front for the Defense of Democracy,BDI,2015,0.956,0.751
7095,Independents of Hope,BDI,2015,0.447,0.491
3770,Party for Democratic Convergence,CPV,1995,0.226,0.492
3792,Independent and Democratic Union of Cape Verde,CPV,2016,0.13,0.594
3793,Movement for Democracy,CPV,1991,0.329,0.37
3793,Movement for Democracy,CPV,1995,0.332,0.331
3793,Movement for Democracy,CPV,2001,0.185,0.301
3793,Movement for Democracy,CPV,2006,0.115,0.301
3793,Movement for Democracy,CPV,2011,0.123,0.329
3793,Movement for Democracy,CPV,2016,0.216,0.153
3796,African Party for the Independence of Cape Verde,CPV,1975,0.84,0.602
3796,African Party for the Independence of Cape Verde,CPV,1980,0.84,0.605
3796,African Party for the Independence of Cape Verde,CPV,1985,0.786,0.604
3796,African Party for the Independence of Cape Verde,CPV,1991,0.304,0.468
3796,African Party for the Independence of Cape Verde,CPV,1995,0.268,0.397
3796,African Party for the Independence of Cape Verde,CPV,2001,0.143,0.214
3796,African Party for the Independence of Cape Verde,CPV,2006,0.136,0.164
3796,African Party for the Independence of Cape Verde,CPV,2011,0.134,0.164
3796,African Party for the Independence of Cape Verde,CPV,2016,0.139,0.279
4710,Movement for the Social Evolution of Black Africa,CAF,1970,0.974,0.524
4710,Movement for the Social Evolution of Black Africa,CAF,1974,0.974,0.524
4710,Movement for the Social Evolution of Black Africa,CAF,1979,0.98,0.624
4896,"Convergence Nationale """"Kwa Na Kwa""""",CAF,2005,0.791,0.165
4896,"Convergence Nationale """"Kwa Na Kwa""""",CAF,2011,0.814,0.162
4896,"Convergence Nationale """"Kwa Na Kwa""""",CAF,2016,0.767,0.476
4897,Movement for the Liberation of the Central African People,CAF,1993,0.55,0.745
4897,Movement for the Liberation of the Central African People,CAF,1998,0.727,0.388
4897,Movement for the Liberation of the Central African People,CAF,2005,0.6,0.65
4897,Movement for the Liberation of the Central African People,CAF,2016,0.318,0.743
5606,Alliance for Democracy and Progress,CAF,1993,0.267,0.466
5606,Alliance for Democracy and Progress,CAF,2016,0.264,0.435
5607,Patriotic Front for Progress,CAF,1998,0.369,0.777
5609,Liberal Democratic Party,CAF,1993,0.329,0.655
5808,Central African Democratic Rally,CAF,1986,0.977,0.635
5808,Central African Democratic Rally,CAF,1987,0.978,0.635
5808,Central African Democratic Rally,CAF,1993,0.822,0.671
5808,Central African Democratic Rally,CAF,1998,0.612,0.671
5808,Central African Democratic Rally,CAF,2005,0.587,0.671
5808,Central African Democratic Rally,CAF,2016,0.31,0.65
6193,Movement for Democracy and Development,CAF,1998,0.276,0.443
6193,Movement for Democracy and Development,CAF,2011,0.255,0.411
6194,Democratic Forces,CAF,1993,0.28,0.749
7494,Action Party for Development,CAF,2011,0.119,0.452
7537,Union for Central African Renewal,CAF,2016,0.18,0.657
6,Socialist Party of Chile,CHL,1973,0.671,0.705
6,Socialist Party of Chile,CHL,1993,0.032,0.509
6,Socialist Party of Chile,CHL,1997,0.028,0.509
6,Socialist Party of Chile,CHL,2001,0.032,0.479
6,Socialist Party of Chile,CHL,2005,0.029,0.479
6,Socialist Party of Chile,CHL,2009,0.029,0.479
6,Socialist Party of Chile,CHL,2013,0.03,0.507
6,Socialist Party of Chile,CHL,2017,0.063,0.497
54,Party for Democracy,CHL,1989,0.126,0.364
54,Party for Democracy,CHL,1993,0.032,0.311
54,Party for Democracy,CHL,1997,0.032,0.311
54,Party for Democracy,CHL,2001,0.033,0.311
54,Party for Democracy,CHL,2005,0.033,0.311
54,Party for Democracy,CHL,2009,0.033,0.356
54,Party for Democracy,CHL,2013,0.033,0.356
54,Party for Democracy,CHL,2017,0.069,0.328
162,Communist Party of Chile,CHL,1973,0.762,0.843
162,Communist Party of Chile,CHL,2013,0.221,0.8
162,Communist Party of Chile,CHL,2017,0.236,0.708
209,Humanist Party,CHL,2017,0.119,0.564
390,Christian Democratic Party,CHL,1973,0.63,0.384
390,Christian Democratic Party,CHL,1989,0.117,0.317
390,Christian Democratic Party,CHL,1993,0.028,0.256
390,Christian Democratic Party,CHL,1997,0.027,0.232
390,Christian Democratic Party,CHL,2001,0.027,0.232
390,Christian Democratic Party,CHL,2005,0.027,0.278
390,Christian Democratic Party,CHL,2009,0.027,0.278
390,Christian Democratic Party,CHL,2013,0.027,0.278
390,Christian Democratic Party,CHL,2017,0.041,0.314
437,Social Democrat Radical Party,CHL,1989,0.112,0.342
437,Social Democrat Radical Party,CHL,1993,0.03,0.314
437,Social Democrat Radical Party,CHL,1997,0.064,0.314
437,Social Democrat Radical Party,CHL,2001,0.03,0.314
437,Social Democrat Radical Party,CHL,2005,0.029,0.314
437,Social Democrat Radical Party,CHL,2009,0.029,0.314
437,Social Democrat Radical Party,CHL,2013,0.029,0.314
437,Social Democrat Radical Party,CHL,2017,0.063,0.451
928,National Renewal,CHL,1989,0.633,0.031
928,National Renewal,CHL,1993,0.12,0.031
928,National Renewal,CHL,1997,0.036,0.031
928,National Renewal,CHL,2001,0.037,0.088
928,National Renewal,CHL,2005,0.038,0.088
928,National Renewal,CHL,2009,0.038,0.088
928,National Renewal,CHL,2013,0.04,0.144
928,National Renewal,CHL,2017,0.078,0.152
1599,Independent Democratic Union,CHL,1989,0.735,0.089
1599,Independent Democratic Union,CHL,1993,0.217,0.089
1599,Independent Democratic Union,CHL,1997,0.142,0.089
1599,Independent Democratic Union,CHL,2001,0.083,0.09
1599,Independent Democratic Union,CHL,2005,0.042,0.089
1599,Independent Democratic Union,CHL,2009,0.042,0.089
1599,Independent Democratic Union,CHL,2013,0.046,0.156
1599,Independent Democratic Union,CHL,2017,0.046,0.146
4632,National Party,CHL,1973,0.91,0.032
6911,Democratic Revolution,CHL,2017,0.107,0.613
7021,Political Evolution,CHL,2017,0.083,0.266
257,National Restoration Party,CRI,2018,0.431,0.775
504,Accessibility without Exclusion,CRI,2010,0.351,0.757
842,Libertarian Movement Party,CRI,2002,0.532,0.757
842,Libertarian Movement Party,CRI,2006,0.532,0.757
842,Libertarian Movement Party,CRI,2010,0.381,0.757
842,Libertarian Movement Party,CRI,2014,0.381,0.757
1199,Social Christian Unity Party,CRI,1986,0.442,0.463
1199,Social Christian Unity Party,CRI,1990,0.411,0.534
1199,Social Christian Unity Party,CRI,1994,0.411,0.352
1199,Social Christian Unity Party,CRI,1998,0.478,0.534
1199,Social Christian Unity Party,CRI,2002,0.378,0.47
1199,Social Christian Unity Party,CRI,2006,0.404,0.666
1199,Social Christian Unity Party,CRI,2010,0.28,0.666
1199,Social Christian Unity Party,CRI,2014,0.28,0.666
1199,Social Christian Unity Party,CRI,2018,0.28,0.666
1247,Citizens' Action Party,CRI,2002,0.246,0.764
1247,Citizens' Action Party,CRI,2006,0.246,0.788
1247,Citizens' Action Party,CRI,2010,0.13,0.653
1247,Citizens' Action Party,CRI,2014,0.144,0.608
1247,Citizens' Action Party,CRI,2018,0.126,0.608
1252,Broad Front,CRI,2014,0.191,0.897
1367,National Liberation Party,CRI,1970,0.434,0.421
1367,National Liberation Party,CRI,1974,0.345,0.381
1367,National Liberation Party,CRI,1978,0.387,0.381
1367,National Liberation Party,CRI,1982,0.387,0.381
1367,National Liberation Party,CRI,1986,0.365,0.379
1367,National Liberation Party,CRI,1990,0.365,0.379
1367,National Liberation Party,CRI,1994,0.365,0.379
1367,National Liberation Party,CRI,1998,0.397,0.379
1367,National Liberation Party,CRI,2002,0.373,0.324
1367,National Liberation Party,CRI,2006,0.352,0.324
1367,National Liberation Party,CRI,2010,0.228,0.324
1367,National Liberation Party,CRI,2014,0.228,0.324
1367,National Liberation Party,CRI,2018,0.228,0.374
4230,Democratic Force,CRI,1994,0.296,0.874
4230,Democratic Force,CRI,1998,0.323,0.874
4411,National Independent Party // National Patriotic Party,CRI,1974,0.352,0.472
4413,Socialist Action Party,CRI,1970,0.316,0.583
4414,Democratic Renovation Party,CRI,1974,0.347,0.513
4418,National Integration Party,CRI,2018,0.604,0.71
4422,National Unification Party,CRI,1970,0.443,0.402
4422,National Unification Party,CRI,1974,0.388,0.402
4881,United People,CRI,1978,0.505,0.684
4881,United People,CRI,1982,0.505,0.684
5117,Unity Coalition,CRI,1978,0.501,0.442
5117,Unity Coalition,CRI,1982,0.405,0.367
5624,National Congress for Timorese Reconstruction,TLS,2007,0.304,0.68
5624,National Congress for Timorese Reconstruction,TLS,2012,0.304,0.601
5624,National Congress for Timorese Reconstruction,TLS,2017,0.304,0.609
5625,Revolutionary Front for an Independent East Timor,TLS,2001,0.321,0.73
5625,Revolutionary Front for an Independent East Timor,TLS,2007,0.321,0.768
5625,Revolutionary Front for an Independent East Timor,TLS,2012,0.195,0.66
5625,Revolutionary Front for an Independent East Timor,TLS,2017,0.195,0.66
5625,Revolutionary Front for an Independent East Timor,TLS,2018,0.195,0.66
5626,Democratic Party,TLS,2001,0.087,0.765
5626,Democratic Party,TLS,2007,0.139,0.733
5626,Democratic Party,TLS,2012,0.121,0.733
5626,Democratic Party,TLS,2017,0.121,0.765
5626,Democratic Party,TLS,2018,0.11,0.721
5671,Social Democratic Party,TLS,2001,0.075,0.554
5671,Social Democratic Party,TLS,2007,0.125,0.555
5675,National Unity Better Growing Party,TLS,2017,0.326,0.539
6148,Timorese Social Democratic Association,TLS,2001,0.267,0.691
7658,People's Liberation Party,TLS,2017,0.11,0.697
7799,Democratic Development Forum,TLS,2018,0.259,0.594
93602,alliance: Change for Progress Alliance,TLS,2018,0.279,0.603
246,Patriotic Society Party,ECU,2002,0.841,0.739
246,Patriotic Society Party,ECU,2006,0.757,0.725
246,Patriotic Society Party,ECU,2007,0.711,0.672
246,Patriotic Society Party,ECU,2009,0.711,0.656
246,Patriotic Society Party,ECU,2013,0.685,0.656
797,Democratic Left,ECU,1979,0.023,0.421
797,Democratic Left,ECU,1984,0.038,0.396
797,Democratic Left,ECU,1986,0.046,0.382
797,Democratic Left,ECU,1988,0.051,0.382
797,Democratic Left,ECU,1990,0.051,0.382
797,Democratic Left,ECU,1992,0.051,0.371
797,Democratic Left,ECU,1994,0.051,0.371
797,Democratic Left,ECU,1996,0.064,0.371
797,Democratic Left,ECU,1998,0.062,0.362
797,Democratic Left,ECU,2002,0.062,0.319
797,Democratic Left,ECU,2006,0.097,0.319
827,Pachakutik Plurinational Unity Movement – New Country,ECU,1996,0.348,0.726
827,Pachakutik Plurinational Unity Movement – New Country,ECU,1998,0.353,0.728
827,Pachakutik Plurinational Unity Movement – New Country,ECU,2002,0.353,0.714
827,Pachakutik Plurinational Unity Movement – New Country,ECU,2006,0.353,0.714
885,Ecuadorian Socialist Party,ECU,1986,0.541,0.631
885,Ecuadorian Socialist Party,ECU,1988,0.538,0.631
885,Ecuadorian Socialist Party,ECU,1990,0.538,0.631
885,Ecuadorian Socialist Party,ECU,1992,0.538,0.631
885,Ecuadorian Socialist Party,ECU,1994,0.566,0.631
885,Ecuadorian Socialist Party,ECU,1997,0.568,0.607
950,Social Christian Party [Movement],ECU,1979,0.809,0.243
950,Social Christian Party [Movement],ECU,1984,0.809,0.255
950,Social Christian Party [Movement],ECU,1986,0.809,0.255
950,Social Christian Party [Movement],ECU,1988,0.809,0.255
950,Social Christian Party [Movement],ECU,1990,0.773,0.255
950,Social Christian Party [Movement],ECU,1992,0.773,0.255
950,Social Christian Party [Movement],ECU,1994,0.773,0.255
950,Social Christian Party [Movement],ECU,1996,0.767,0.262
950,Social Christian Party [Movement],ECU,1998,0.774,0.257
950,Social Christian Party [Movement],ECU,2002,0.774,0.257
950,Social Christian Party [Movement],ECU,2006,0.774,0.257
950,Social Christian Party [Movement],ECU,2009,0.746,0.246
950,Social Christian Party [Movement],ECU,2013,0.636,0.246
950,Social Christian Party [Movement],ECU,2017,0.636,0.246
1131,Institutional Renewal Party of National Action,ECU,2002,0.571,0.45
1131,Institutional Renewal Party of National Action,ECU,2006,0.648,0.45
1131,Institutional Renewal Party of National Action,ECU,2007,0.648,0.45
1131,Institutional Renewal Party of National Action,ECU,2009,0.601,0.45
1405,Christian Democratic Union / Popular Democracy,ECU,1984,0.053,0.372
1405,Christian Democratic Union / Popular Democracy,ECU,1986,0.056,0.372
1405,Christian Democratic Union / Popular Democracy,ECU,1988,0.088,0.34
1405,Christian Democratic Union / Popular Democracy,ECU,1990,0.061,0.34
1405,Christian Democratic Union / Popular Democracy,ECU,1992,0.061,0.318
1405,Christian Democratic Union / Popular Democracy,ECU,1994,0.061,0.276
1405,Christian Democratic Union / Popular Democracy,ECU,1996,0.062,0.276
1405,Christian Democratic Union / Popular Democracy,ECU,1997,0.069,0.276
1405,Christian Democratic Union / Popular Democracy,ECU,1998,0.069,0.276
1405,Christian Democratic Union / Popular Democracy,ECU,2006,0.103,0.246
1450,Ecuadorian Roldosist Party,ECU,1984,0.93,0.956
1450,Ecuadorian Roldosist Party,ECU,1986,0.934,0.956
1450,Ecuadorian Roldosist Party,ECU,1988,0.927,0.956
1450,Ecuadorian Roldosist Party,ECU,1990,0.927,0.943
1450,Ecuadorian Roldosist Party,ECU,1992,0.927,0.909
1450,Ecuadorian Roldosist Party,ECU,1994,0.927,0.909
1450,Ecuadorian Roldosist Party,ECU,1996,0.923,0.909
1450,Ecuadorian Roldosist Party,ECU,1997,0.929,0.89
1450,Ecuadorian Roldosist Party,ECU,1998,0.922,0.89
1450,Ecuadorian Roldosist Party,ECU,2002,0.92,0.87
1450,Ecuadorian Roldosist Party,ECU,2006,0.914,0.87
1450,Ecuadorian Roldosist Party,ECU,2009,0.915,0.868
1521,Democratic People's Movement,ECU,1984,0.846,0.699
1521,Democratic People's Movement,ECU,1986,0.835,0.699
1521,Democratic People's Movement,ECU,1990,0.843,0.699
1521,Democratic People's Movement,ECU,1992,0.836,0.687
1521,Democratic People's Movement,ECU,1994,0.836,0.687
1521,Democratic People's Movement,ECU,1996,0.835,0.677
1521,Democratic People's Movement,ECU,1997,0.843,0.677
1521,Democratic People's Movement,ECU,1998,0.845,0.677
1521,Democratic People's Movement,ECU,2002,0.845,0.677
1521,Democratic People's Movement,ECU,2006,0.908,0.677
1521,Democratic People's Movement,ECU,2009,0.856,0.659
4044,PAIS Alliance,ECU,2007,0.954,0.977
4044,PAIS Alliance,ECU,2009,0.983,0.968
4044,PAIS Alliance,ECU,2013,0.993,0.961
4044,PAIS Alliance,ECU,2017,0.985,0.886
4198,Alfarista Radical Front,ECU,1984,0.342,0.35
4198,Alfarista Radical Front,ECU,1986,0.348,0.35
4198,Alfarista Radical Front,ECU,1988,0.351,0.339
4198,Alfarista Radical Front,ECU,1990,0.351,0.339
4198,Alfarista Radical Front,ECU,1992,0.351,0.314
4198,Alfarista Radical Front,ECU,1994,0.351,0.314
4199,Advance Party,ECU,2013,0.546,0.265
4200,Revolutionary Nationalist Party,ECU,1979,0.35,0.239
4269,"Grow, Creating Opportunities Movement",ECU,2013,0.267,0.089
4269,"Grow, Creating Opportunities Movement",ECU,2017,0.257,0.093
4270,Radical Liberal Party,ECU,1979,0.383,0.337
4270,Radical Liberal Party,ECU,1984,0.383,0.297
4270,Radical Liberal Party,ECU,1986,0.417,0.272
4270,Radical Liberal Party,ECU,1988,0.417,0.272
4270,Radical Liberal Party,ECU,1990,0.417,0.272
4270,Radical Liberal Party,ECU,1992,0.417,0.272
4271,Republican Unity Party,ECU,1992,0.156,0.2
4271,Republican Unity Party,ECU,1994,0.156,0.2
4272,Democrat Party,ECU,1984,0.371,0.237
4347,Ecuadorian Revolutionary Popular Action Party,ECU,1994,0.574,0.512
4347,Ecuadorian Revolutionary Popular Action Party,ECU,1996,0.574,0.512
4348,Concentration of Popular Forces,ECU,1979,0.69,0.944
4348,Concentration of Popular Forces,ECU,1984,0.711,0.881
4348,Concentration of Popular Forces,ECU,1986,0.63,0.881
4348,Concentration of Popular Forces,ECU,1988,0.631,0.786
4348,Concentration of Popular Forces,ECU,1990,0.632,0.769
4348,Concentration of Popular Forces,ECU,1992,0.667,0.769
4349,Ecuadorian Conservative Party,ECU,1979,0.43,0.124
4349,Ecuadorian Conservative Party,ECU,1988,0.453,0.124
4349,Ecuadorian Conservative Party,ECU,1992,0.446,0.124
4349,Ecuadorian Conservative Party,ECU,1994,0.446,0.124
4349,Ecuadorian Conservative Party,ECU,1998,0.447,0.105
6388,New People,ECU,1997,0.546,0.289
7106,Democratic Institutionalist Coalition,ECU,1979,0.375,0.217
7487,Broad Front of the Left,ECU,1986,0.879,0.743
7487,Broad Front of the Left,ECU,1988,0.882,0.743
7487,Broad Front of the Left,ECU,1990,0.882,0.743
7490,Solidarity Fatherland Movement,ECU,2002,0.535,0.381
7491,Liberty Party // Freedom Party,ECU,2002,0.359,0.313
7725,Pachakutic Movement,ECU,1997,0.519,0.505
7726,New Country,ECU,1997,0.559,0.511
93535,alliance: PLR/FRA Alliance,ECU,1996,0.361,0.271
93536,alliance: PL/FRA,ECU,1997,0.354,0.257
93537,alliance: Multinational Union of the Left,ECU,2013,0.531,0.444
167,Reformers Movement,FRA,1973,0.026,0.169
213,Union for French Democracy,FRA,1978,0.029,0.169
213,Union for French Democracy,FRA,1981,0.029,0.169
213,Union for French Democracy,FRA,1986,0.029,0.169
213,Union for French Democracy,FRA,1988,0.036,0.169
213,Union for French Democracy,FRA,1993,0.036,0.169
213,Union for French Democracy,FRA,1997,0.036,0.169
213,Union for French Democracy,FRA,2007,0.039,0.159
213,Union for French Democracy,FRA,2017,0.037,0.215
288,Centre Democracy and Progress,FRA,1973,0.021,0.034
433,National Front,FRA,1986,0.585,0.713
433,National Front,FRA,1988,0.585,0.713
433,National Front,FRA,1993,0.585,0.713
433,National Front,FRA,1997,0.531,0.713
433,National Front,FRA,2002,0.586,0.713
433,National Front,FRA,2012,0.469,0.77
433,National Front,FRA,2017,0.486,0.77
509,Rally for the Republic,FRA,1978,0.075,0.213
509,Rally for the Republic,FRA,1981,0.075,0.213
509,Rally for the Republic,FRA,1986,0.075,0.213
509,Rally for the Republic,FRA,1988,0.075,0.213
509,Rally for the Republic,FRA,1993,0.075,0.213
509,Rally for the Republic,FRA,1997,0.075,0.213
1108,Greens,FRA,1993,0.027,0.256
1108,Greens,FRA,1997,0.027,0.354
1108,Greens,FRA,2012,0.025,0.332
1246,Independent Republicans,FRA,1973,0.103,0.167
1251,French Communist Party,FRA,1973,0.41,0.767
1251,French Communist Party,FRA,1978,0.329,0.72
1251,French Communist Party,FRA,1981,0.334,0.762
1251,French Communist Party,FRA,1986,0.273,0.743
1251,French Communist Party,FRA,1988,0.273,0.743
1251,French Communist Party,FRA,1993,0.183,0.703
1251,French Communist Party,FRA,1997,0.183,0.703
1251,French Communist Party,FRA,2012,0.203,0.694
1478,Socialist Party,FRA,1973,0.061,0.386
1478,Socialist Party,FRA,1978,0.061,0.389
1478,Socialist Party,FRA,1981,0.061,0.389
1478,Socialist Party,FRA,1986,0.029,0.347
1478,Socialist Party,FRA,1988,0.029,0.347
1478,Socialist Party,FRA,1993,0.029,0.347
1478,Socialist Party,FRA,1997,0.029,0.347
1478,Socialist Party,FRA,2002,0.029,0.347
1478,Socialist Party,FRA,2007,0.029,0.401
1478,Socialist Party,FRA,2012,0.029,0.401
1478,Socialist Party,FRA,2017,0.029,0.404
1595,Union for a Popular Movement,FRA,2002,0.043,0.188
1595,Union for a Popular Movement,FRA,2007,0.048,0.188
1595,Union for a Popular Movement,FRA,2012,0.061,0.26
1595,Union for a Popular Movement,FRA,2017,0.049,0.143
1776,other right,FRA,1997,0.06,0.16
1783,Radical Party of the Left,FRA,1973,0.029,0.211
5857,The Republic Onwards!,FRA,2017,0.029,0.346
5858,Unbowed France,FRA,2017,0.278,0.811
8041,Union of Democrats for the Republic,FRA,1973,0.079,0.216
10,Greens,DEU,1983,0.03,0.139
10,Greens,DEU,1987,0.03,0.136
86,Party for Democratic Socialism,DEU,1990,0.176,0.363
86,Party for Democratic Socialism,DEU,1994,0.145,0.369
86,Party for Democratic Socialism,DEU,1998,0.077,0.375
86,Party for Democratic Socialism,DEU,2002,0.075,0.375
86,Party for Democratic Socialism,DEU,2005,0.074,0.338
383,Social Democratic Party of Germany,DEU,1972,0.025,0.16
383,Social Democratic Party of Germany,DEU,1976,0.025,0.16
383,Social Democratic Party of Germany,DEU,1980,0.033,0.143
383,Social Democratic Party of Germany,DEU,1983,0.04,0.143
383,Social Democratic Party of Germany,DEU,1987,0.04,0.144
383,Social Democratic Party of Germany,DEU,1990,0.04,0.143
383,Social Democratic Party of Germany,DEU,1994,0.039,0.141
383,Social Democratic Party of Germany,DEU,1998,0.039,0.142
383,Social Democratic Party of Germany,DEU,2002,0.038,0.088
383,Social Democratic Party of Germany,DEU,2005,0.038,0.088
383,Social Democratic Party of Germany,DEU,2009,0.037,0.137
383,Social Democratic Party of Germany,DEU,2013,0.037,0.157
383,Social Democratic Party of Germany,DEU,2017,0.038,0.158
573,Free Democratic Party,DEU,1972,0.027,0.03
573,Free Democratic Party,DEU,1976,0.027,0.03
573,Free Democratic Party,DEU,1980,0.026,0.03
573,Free Democratic Party,DEU,1983,0.026,0.03
573,Free Democratic Party,DEU,1987,0.026,0.03
573,Free Democratic Party,DEU,1990,0.026,0.03
573,Free Democratic Party,DEU,1994,0.026,0.03
573,Free Democratic Party,DEU,1998,0.028,0.03
573,Free Democratic Party,DEU,2002,0.028,0.03
573,Free Democratic Party,DEU,2005,0.028,0.03
573,Free Democratic Party,DEU,2009,0.028,0.03
573,Free Democratic Party,DEU,2013,0.028,0.053
573,Free Democratic Party,DEU,2017,0.026,0.054
1375,Christian Democratic Union,DEU,1972,0.072,0.058
1375,Christian Democratic Union,DEU,1976,0.059,0.059
1375,Christian Democratic Union,DEU,1980,0.059,0.059
1375,Christian Democratic Union,DEU,1983,0.059,0.059
1375,Christian Democratic Union,DEU,1987,0.058,0.059
1375,Christian Democratic Union,DEU,1990,0.058,0.058
1375,Christian Democratic Union,DEU,1994,0.058,0.059
1375,Christian Democratic Union,DEU,1998,0.048,0.059
1375,Christian Democratic Union,DEU,2002,0.048,0.059
1375,Christian Democratic Union,DEU,2005,0.048,0.057
1375,Christian Democratic Union,DEU,2009,0.049,0.057
1375,Christian Democratic Union,DEU,2013,0.049,0.058
1375,Christian Democratic Union,DEU,2017,0.049,0.058
1545,The Left,DEU,2009,0.065,0.337
1545,The Left,DEU,2013,0.063,0.329
1545,The Left,DEU,2017,0.063,0.323
1731,Christian Social Union,DEU,1972,0.081,0.062
1731,Christian Social Union,DEU,1976,0.067,0.062
1731,Christian Social Union,DEU,1980,0.067,0.062
1731,Christian Social Union,DEU,1983,0.067,0.062
1731,Christian Social Union,DEU,1987,0.067,0.062
1731,Christian Social Union,DEU,1990,0.067,0.062
1731,Christian Social Union,DEU,1994,0.067,0.062
1731,Christian Social Union,DEU,1998,0.067,0.062
1731,Christian Social Union,DEU,2002,0.067,0.062
1731,Christian Social Union,DEU,2005,0.059,0.062
1731,Christian Social Union,DEU,2009,0.059,0.062
1731,Christian Social Union,DEU,2013,0.059,0.062
1731,Christian Social Union,DEU,2017,0.059,0.064
1816,Alliance 90 / Greens,DEU,1994,0.022,0.184
1816,Alliance 90 / Greens,DEU,1998,0.022,0.176
1816,Alliance 90 / Greens,DEU,2002,0.023,0.167
1816,Alliance 90 / Greens,DEU,2005,0.023,0.162
1816,Alliance 90 / Greens,DEU,2009,0.023,0.169
1816,Alliance 90 / Greens,DEU,2013,0.023,0.169
1816,Alliance 90 / Greens,DEU,2017,0.024,0.169
1976,Alternative for Germany,DEU,2013,0.494,0.83
1976,Alternative for Germany,DEU,2017,0.663,0.952
71,Unionist Party,GTM,2003,0.612,0.059
71,Unionist Party,GTM,2007,0.612,0.059
524,Patriotic Party,GTM,2007,0.8,0.2
524,Patriotic Party,GTM,2011,0.765,0.191
524,Patriotic Party,GTM,2015,0.756,0.259
538,Grand National Alliance,GTM,2003,0.301,0.17
538,Grand National Alliance,GTM,2007,0.382,0.17
706,National Change Union,GTM,2019,0.83,0.273
941,Guatemalan Republican Front,GTM,1990,0.739,0.474
941,Guatemalan Republican Front,GTM,1994,0.739,0.474
941,Guatemalan Republican Front,GTM,1995,0.769,0.474
941,Guatemalan Republican Front,GTM,1999,0.79,0.605
941,Guatemalan Republican Front,GTM,2003,0.678,0.584
941,Guatemalan Republican Front,GTM,2007,0.546,0.534
1035,National Advancement Party,GTM,1990,0.336,0.122
1035,National Advancement Party,GTM,1994,0.336,0.122
1035,National Advancement Party,GTM,1995,0.336,0.084
1035,National Advancement Party,GTM,1999,0.452,0.084
1035,National Advancement Party,GTM,2003,0.427,0.124
1322,Guatemalan Christian Democracy,GTM,1970,0.223,0.654
1322,Guatemalan Christian Democracy,GTM,1978,0.227,0.661
1322,Guatemalan Christian Democracy,GTM,1982,0.227,0.622
1322,Guatemalan Christian Democracy,GTM,1984,0.174,0.618
1322,Guatemalan Christian Democracy,GTM,1985,0.174,0.649
1322,Guatemalan Christian Democracy,GTM,1990,0.174,0.613
1322,Guatemalan Christian Democracy,GTM,1994,0.174,0.544
1322,Guatemalan Christian Democracy,GTM,1995,0.174,0.544
1322,Guatemalan Christian Democracy,GTM,1999,0.174,0.494
1413,Encounter for Guatemala,GTM,2007,0.17,0.55
1668,National Unity of Hope,GTM,2003,0.37,0.744
1668,National Unity of Hope,GTM,2007,0.391,0.744
1668,National Unity of Hope,GTM,2015,0.374,0.744
1668,National Unity of Hope,GTM,2019,0.562,0.744
4333,National Center Union,GTM,1984,0.374,0.312
4333,National Center Union,GTM,1985,0.434,0.312
4333,National Center Union,GTM,1990,0.375,0.312
4333,National Center Union,GTM,1994,0.354,0.281
4333,National Center Union,GTM,1995,0.354,0.281
4333,National Center Union,GTM,2011,0.707,0.374
4334,National Liberation Movement Party,GTM,1970,0.995,0.122
4334,National Liberation Movement Party,GTM,1974,0.995,0.122
4334,National Liberation Movement Party,GTM,1978,0.995,0.122
4334,National Liberation Movement Party,GTM,1982,0.995,0.122
4334,National Liberation Movement Party,GTM,1984,0.988,0.122
4334,National Liberation Movement Party,GTM,1985,0.94,0.122
4334,National Liberation Movement Party,GTM,1990,0.865,0.122
4335,National Renovator Party,GTM,1984,0.611,0.405
4336,Democratic Front New Guatemala,GTM,1995,0.298,0.83
4337,Renewed Democratic Liberty,GTM,2011,0.808,0.509
4337,Renewed Democratic Liberty,GTM,2015,0.842,0.509
4423,Progressive Liberator Party,GTM,1999,0.452,0.218
4424,"Renovation and Order Compromise/Commitment, Renewal and Order",GTM,2011,0.273,0.194
4424,"Renovation and Order Compromise/Commitment, Renewal and Order",GTM,2015,0.273,0.183
4424,"Renovation and Order Compromise/Commitment, Renewal and Order",GTM,2019,0.273,0.183
4425,Revolutionary Party,GTM,1970,0.349,0.451
4425,Revolutionary Party,GTM,1974,0.347,0.451
4425,Revolutionary Party,GTM,1978,0.43,0.451
4425,Revolutionary Party,GTM,1984,0.365,0.453
4425,Revolutionary Party,GTM,1985,0.326,0.453
4426,Social Action Center,GTM,2007,0.441,0.114
4437,Democratic Institutional Party,GTM,1974,0.986,0.168
4437,Democratic Institutional Party,GTM,1978,0.986,0.111
4437,Democratic Institutional Party,GTM,1984,0.965,0.111
5505,Solidarity Action Movement,GTM,1990,0.523,0.386
5506,National Opposition Front,GTM,1974,0.481,0.552
5507,Central Aranista Organization,GTM,1974,0.989,0.174
5955,National Convergence Front,GTM,2015,0.575,0.178
5955,National Convergence Front,GTM,2019,0.752,0.178
5966,Everybody,GTM,2015,0.536,0.367
5966,Everybody,GTM,2019,0.484,0.367
6337,National Alliance,GTM,1999,0.241,0.896
6337,National Alliance,GTM,2003,0.241,0.896
6856,Vision with Values,GTM,2015,0.499,0.118
7890,National Renewal Party,GTM,1982,0.558,0.316
7910,Come on or Let's go,GTM,2019,0.76,0.163
7911,Seed Movement,GTM,2019,0.108,0.806
8060,Valour,GTM,2019,0.661,0.174
8061,National Well-Being,GTM,2019,0.313,0.4
8063,Humanist Party of Guatemala,GTM,2019,0.289,0.264
93540,alliance: Frente Democrático Popular,GTM,1982,0.451,0.598
93541,alliance: UNE-GANA,GTM,2011,0.448,0.604
93542,alliance: VIVA-EG,GTM,2011,0.288,0.282
4738,People's Party,IRN,1971,0.98,0.105
5358,Principlists / Iranian Conservatives,IRN,2004,0.995,0.802
5358,Principlists / Iranian Conservatives,IRN,2008,0.997,0.823
5358,Principlists / Iranian Conservatives,IRN,2012,0.997,0.638
5359,Combatant Clergy Association,IRN,1992,0.957,0.549
5359,Combatant Clergy Association,IRN,1996,0.955,0.55
5359,Combatant Clergy Association,IRN,2000,0.975,0.55
5360,Servants of Iran's Construction,IRN,1996,0.903,0.404
5802,Islamic Republican Party,IRN,1979,0.805,0.611
5802,Islamic Republican Party,IRN,1980,0.951,0.734
5802,Islamic Republican Party,IRN,1984,0.991,0.774
5803,Rastakhiz Party,IRN,1975,0.988,0.105
6322,Council for Coordinating the Reforms Front,IRN,2004,0.489,0.422
6322,Council for Coordinating the Reforms Front,IRN,2008,0.581,0.458
6322,Council for Coordinating the Reforms Front,IRN,2012,0.579,0.438
6650,Iran Novin Party,IRN,1971,0.981,0.151
6872,Freedom Movement of Iran / Liberation Movement of Iran,IRN,1979,0.14,0.613
6873,Muslim People's Republic Party / Islamic People's Republican Party,IRN,1979,0.528,0.586
6874,Combatant Clerics of Tehran,IRN,1996,0.949,0.525
6875,Islamic Iran Participation Front,IRN,2000,0.561,0.432
7567,Pervasive Coalition of Reformists: The Second Step,IRN,2016,0.581,0.573
7569,Principlists Grand Coalition,IRN,2016,0.996,0.589
5361,Arab Socialist Ba'ath Party – Iraq Region,IRQ,1970,0.936,0.318
5361,Arab Socialist Ba'ath Party – Iraq Region,IRQ,1975,0.944,0.318
5361,Arab Socialist Ba'ath Party – Iraq Region,IRQ,1980,0.982,0.318
5361,Arab Socialist Ba'ath Party – Iraq Region,IRQ,1984,0.98,0.318
5361,Arab Socialist Ba'ath Party – Iraq Region,IRQ,1989,0.994,0.318
5361,Arab Socialist Ba'ath Party – Iraq Region,IRQ,1996,0.994,0.329
5361,Arab Socialist Ba'ath Party – Iraq Region,IRQ,2000,0.994,0.329
5616,Patriotic Union of Kurdistan,IRQ,2014,0.768,0.237
5616,Patriotic Union of Kurdistan,IRQ,2018,0.768,0.229
5617,Kurdistan Democratic Party,IRQ,2014,0.849,0.115
5617,Kurdistan Democratic Party,IRQ,2018,0.849,0.115
5897,National Iraqi Alliance / United Iraqi Alliance / Watani List,IRQ,2005,0.751,0.179
5897,National Iraqi Alliance / United Iraqi Alliance / Watani List,IRQ,2010,0.751,0.179
5917,Kurdistan Alliance/Democratic Patriotic Alliance of Kurdistan,IRQ,2005,0.718,0.179
5919,Kurdistan List / Kurdistan Alliance / Brotherhood List,IRQ,2010,0.84,0.278
5924,Iraqi Accord Front - Tawafuq,IRQ,2005,0.779,0.15
5927,Sadrist Movement,IRQ,2014,0.987,0.465
7122,Uniters for Reform Coalition,IRQ,2014,0.883,0.312
7123,National Coalition,IRQ,2014,0.751,0.216
7123,National Coalition,IRQ,2018,0.751,0.216
7585,Fatah Alliance,IRQ,2018,0.98,0.335
7591,National Wisdom Movement,IRQ,2018,0.919,0.209
7594,State of Law Coalition,IRQ,2010,0.975,0.164
7594,State of Law Coalition,IRQ,2014,0.975,0.164
7594,State of Law Coalition,IRQ,2018,0.975,0.164
7597,Victory Alliance,IRQ,2018,0.882,0.22
7696,Alliance Towards Reforms,IRQ,2018,0.981,0.229
93545,alliance: National Iraqi List,IRQ,2005,0.798,0.147
93546,alliance: INM,IRQ,2010,0.921,0.148
93547,alliance: Al-Muwatin Coalition,IRQ,2014,0.902,0.129
4,Sinn Fein (Provisional),IRL,2002,0.213,0.841
4,Sinn Fein (Provisional),IRL,2007,0.208,0.841
4,Sinn Fein (Provisional),IRL,2011,0.21,0.88
4,Sinn Fein (Provisional),IRL,2016,0.21,0.876
208,Workers Party,IRL,1989,0.214,0.922
562,Labour Party,IRL,1973,0.041,0.399
562,Labour Party,IRL,1977,0.041,0.399
562,Labour Party,IRL,1981,0.041,0.399
562,Labour Party,IRL,1982,0.041,0.383
562,Labour Party,IRL,1987,0.031,0.383
562,Labour Party,IRL,1989,0.031,0.403
562,Labour Party,IRL,1992,0.031,0.377
562,Labour Party,IRL,1997,0.031,0.377
562,Labour Party,IRL,2002,0.031,0.377
562,Labour Party,IRL,2007,0.031,0.377
562,Labour Party,IRL,2011,0.054,0.377
562,Labour Party,IRL,2016,0.045,0.38
924,Progressive Democrats,IRL,1987,0.025,0.144
924,Progressive Democrats,IRL,1989,0.025,0.14
1055,Fianna Fail – The Republican Party,IRL,1973,0.047,0.257
1055,Fianna Fail – The Republican Party,IRL,1977,0.047,0.235
1055,Fianna Fail – The Republican Party,IRL,1981,0.052,0.235
1055,Fianna Fail – The Republican Party,IRL,1982,0.051,0.235
1055,Fianna Fail – The Republican Party,IRL,1987,0.058,0.235
1055,Fianna Fail – The Republican Party,IRL,1989,0.046,0.235
1055,Fianna Fail – The Republican Party,IRL,1992,0.044,0.235
1055,Fianna Fail – The Republican Party,IRL,1997,0.044,0.229
1055,Fianna Fail – The Republican Party,IRL,2002,0.044,0.184
1055,Fianna Fail – The Republican Party,IRL,2007,0.044,0.237
1055,Fianna Fail – The Republican Party,IRL,2011,0.069,0.275
1055,Fianna Fail – The Republican Party,IRL,2016,0.067,0.236
1288,Fine Gael (Familiy of the Irish),IRL,1973,0.041,0.078
1288,Fine Gael (Familiy of the Irish),IRL,1977,0.042,0.078
1288,Fine Gael (Familiy of the Irish),IRL,1981,0.042,0.078
1288,Fine Gael (Familiy of the Irish),IRL,1982,0.046,0.069
1288,Fine Gael (Familiy of the Irish),IRL,1987,0.042,0.095
1288,Fine Gael (Familiy of the Irish),IRL,1989,0.042,0.095
1288,Fine Gael (Familiy of the Irish),IRL,1992,0.042,0.072
1288,Fine Gael (Familiy of the Irish),IRL,1997,0.042,0.072
1288,Fine Gael (Familiy of the Irish),IRL,2002,0.042,0.08
1288,Fine Gael (Familiy of the Irish),IRL,2007,0.042,0.11
1288,Fine Gael (Familiy of the Irish),IRL,2011,0.071,0.11
1288,Fine Gael (Familiy of the Irish),IRL,2016,0.065,0.07
34,Italian Communist Party,ITA,1972,0.221,0.255
34,Italian Communist Party,ITA,1976,0.223,0.26
34,Italian Communist Party,ITA,1979,0.22,0.265
34,Italian Communist Party,ITA,1983,0.222,0.265
34,Italian Communist Party,ITA,1987,0.222,0.265
201,Union of the Centre,ITA,2013,0.054,0.071
259,Italian Renewal,ITA,1996,0.055,0.051
279,Democracy is Freedom -- The Daisy,ITA,2001,0.074,0.104
365,The People of Freedom,ITA,2008,0.593,0.469
365,The People of Freedom,ITA,2013,0.593,0.366
394,Republican Party,ITA,1983,0.04,0.07
688,Segni Pact,ITA,1994,0.06,0.364
742,Italian Socialist Party,ITA,1972,0.057,0.105
742,Italian Socialist Party,ITA,1976,0.056,0.104
742,Italian Socialist Party,ITA,1979,0.054,0.105
742,Italian Socialist Party,ITA,1983,0.363,0.106
742,Italian Socialist Party,ITA,1987,0.362,0.103
742,Italian Socialist Party,ITA,1992,0.378,0.103
768,List Di Pietro -- Italy of Values,ITA,2006,0.116,0.415
768,List Di Pietro -- Italy of Values,ITA,2008,0.112,0.413
802,Democratic Party,ITA,2008,0.066,0.109
802,Democratic Party,ITA,2013,0.061,0.11
802,Democratic Party,ITA,2018,0.056,0.108
813,National Alliance,ITA,1994,0.659,0.399
813,National Alliance,ITA,1996,0.648,0.377
813,National Alliance,ITA,2001,0.697,0.299
813,National Alliance,ITA,2006,0.679,0.241
851,Federation of the Greens,ITA,1996,0.054,0.2
851,Federation of the Greens,ITA,2006,0.068,0.216
878,Democrats of the Left,ITA,2001,0.066,0.124
934,Christian Democrats,ITA,1972,0.347,0.072
934,Christian Democrats,ITA,1976,0.327,0.072
934,Christian Democrats,ITA,1979,0.314,0.072
934,Christian Democrats,ITA,1983,0.317,0.072
934,Christian Democrats,ITA,1987,0.316,0.072
934,Christian Democrats,ITA,1992,0.328,0.072
962,Christian Democratic Center / United Christian Democrats (White Flower),ITA,1996,0.169,0.064
962,Christian Democratic Center / United Christian Democrats (White Flower),ITA,2001,0.169,0.069
1045,Movement for Autonomy,ITA,2008,0.059,0.209
1126,Italian Democratic Socialist Party,ITA,1972,0.066,0.067
1221,North League,ITA,1992,0.742,0.744
1221,North League,ITA,1994,0.704,0.743
1221,North League,ITA,1996,0.694,0.746
1221,North League,ITA,2001,0.694,0.696
1221,North League,ITA,2006,0.698,0.665
1221,North League,ITA,2008,0.75,0.664
1221,North League,ITA,2013,0.829,0.711
1221,North League,ITA,2018,0.896,0.848
1404,Communist Refoundation Party,ITA,1992,0.144,0.295
1404,Communist Refoundation Party,ITA,1994,0.143,0.295
1404,Communist Refoundation Party,ITA,1996,0.093,0.272
1404,Communist Refoundation Party,ITA,2001,0.148,0.278
1404,Communist Refoundation Party,ITA,2006,0.146,0.296
1626,Go Italy,ITA,1994,0.654,0.609
1626,Go Italy,ITA,1996,0.654,0.557
1626,Go Italy,ITA,2001,0.727,0.569
1626,Go Italy,ITA,2006,0.757,0.501
1635,Party of Italian Communists,ITA,2006,0.179,0.257
1696,Italian Social Movement / Italian Social Movement-National Right,ITA,1972,0.887,0.523
1696,Italian Social Movement / Italian Social Movement-National Right,ITA,1976,0.889,0.533
1696,Italian Social Movement / Italian Social Movement-National Right,ITA,1979,0.889,0.53
1696,Italian Social Movement / Italian Social Movement-National Right,ITA,1983,0.877,0.53
1696,Italian Social Movement / Italian Social Movement-National Right,ITA,1987,0.878,0.53
1696,Italian Social Movement / Italian Social Movement-National Right,ITA,1992,0.87,0.53
1701,Italian People's Party,ITA,1994,0.056,0.068
1711,Rose in the Fist,ITA,2006,0.09,0.271
1737,The Olive Tree,ITA,2006,0.058,0.067
1758,Union of Christian and Centre Democrats,ITA,2006,0.053,0.07
1758,Union of Christian and Centre Democrats,ITA,2008,0.054,0.068
1767,Christian Democratic Center,ITA,1994,0.171,0.069
2046,Five Star Movement,ITA,2013,0.506,0.658
2046,Five Star Movement,ITA,2018,0.489,0.657
2280,Brothers of Italy,ITA,2013,0.843,0.636
2280,Brothers of Italy,ITA,2018,0.848,0.652
2281,Civic Choice,ITA,2013,0.042,0.058
3742,Pannella List,ITA,1994,0.158,0.358
3743,Sunflower,ITA,2001,0.052,0.066
7031,Left Ecology Freedom,ITA,2013,0.079,0.202
8054,Democratic Party of the Left,ITA,1992,0.078,0.164
8054,Democratic Party of the Left,ITA,1994,0.087,0.092
8054,Democratic Party of the Left,ITA,1996,0.087,0.089
8055,Popular Party for Prodi,ITA,1996,0.054,0.067
8058,Forward Italy (2013),ITA,2018,0.629,0.271
4537,Islamic Action Front,JOR,1989,0.8,0.659
4537,Islamic Action Front,JOR,1993,0.814,0.654
4537,Islamic Action Front,JOR,2003,0.764,0.713
4537,Islamic Action Front,JOR,2007,0.624,0.717
4609,Muslim Centre Party,JOR,2013,0.491,0.58
19,"Democratic Party """"Saimnieks""""",LVA,1995,0.254,0.645
176,For Human Rights in a United Latvia,LVA,2002,0.288,0.775
176,For Human Rights in a United Latvia,LVA,2006,0.317,0.774
304,Christian Democratic Union,LVA,1993,0.069,0.397
304,Christian Democratic Union,LVA,1995,0.068,0.39
373,Latvian Unity Party,LVA,1995,0.19,0.378
461,Latvian First Party / Latvian Way Party,LVA,2006,0.043,0.27
461,Latvian First Party / Latvian Way Party,LVA,2010,0.05,0.329
588,Socialist Party of Latvia,LVA,1995,0.315,0.837
600,Communist Party of Latvia,LVA,1990,0.387,0.584
671,For Fatherland and Freedom,LVA,1993,0.327,0.338
671,For Fatherland and Freedom,LVA,1995,0.196,0.334
701,Green and Farmers' Union,LVA,2002,0.103,0.283
701,Green and Farmers' Union,LVA,2006,0.103,0.283
701,Green and Farmers' Union,LVA,2010,0.171,0.283
701,Green and Farmers' Union,LVA,2011,0.107,0.174
701,Green and Farmers' Union,LVA,2014,0.108,0.174
701,Green and Farmers' Union,LVA,2018,0.136,0.452
741,Latvian Social Democratic Workers' Party,LVA,1998,0.076,0.79
852,Unity,LVA,2010,0.055,0.096
852,Unity,LVA,2011,0.086,0.1
852,Unity,LVA,2014,0.066,0.096
852,Unity,LVA,2018,0.066,0.119
860,Equal Rights,LVA,1993,0.122,0.735
1043,Latvian Way,LVA,1993,0.043,0.296
1043,Latvian Way,LVA,1995,0.055,0.186
1043,Latvian Way,LVA,1998,0.055,0.158
1056,Harmony Centre,LVA,2006,0.185,0.697
1056,Harmony Centre,LVA,2010,0.185,0.684
1056,Harmony Centre,LVA,2011,0.193,0.684
1056,Harmony Centre,LVA,2014,0.193,0.684
1056,Harmony Centre,LVA,2018,0.193,0.684
1315,Popular Front of Latvia,LVA,1990,0.174,0.517
1476,Zatlers' Reform Party,LVA,2011,0.143,0.588
1531,New Era,LVA,2002,0.093,0.496
1531,New Era,LVA,2006,0.051,0.271
1632,New Era Party,LVA,1998,0.106,0.59
1654,People's Movement for Latvia -- Siegerist Party,LVA,1995,0.436,0.914
1702,Latvian Farmers' Union,LVA,1993,0.055,0.379
1704,National Alliance / For Fatherland and Freedom / LNNK,LVA,1998,0.062,0.344
1704,National Alliance / For Fatherland and Freedom / LNNK,LVA,2002,0.071,0.249
1704,National Alliance / For Fatherland and Freedom / LNNK,LVA,2006,0.07,0.253
1704,National Alliance / For Fatherland and Freedom / LNNK,LVA,2010,0.104,0.202
1704,National Alliance / For Fatherland and Freedom / LNNK,LVA,2011,0.096,0.202
1704,National Alliance / For Fatherland and Freedom / LNNK,LVA,2014,0.096,0.202
1704,National Alliance / For Fatherland and Freedom / LNNK,LVA,2018,0.163,0.202
1719,National Harmony Party,LVA,1993,0.29,0.754
1719,National Harmony Party,LVA,1995,0.194,0.77
1719,National Harmony Party,LVA,1998,0.194,0.77
1755,People's Party,LVA,1998,0.155,0.282
1755,People's Party,LVA,2002,0.117,0.258
1755,People's Party,LVA,2006,0.112,0.317
1755,People's Party,LVA,2010,0.117,0.36
1778,Latvia's First Party,LVA,2002,0.082,0.448
1789,Latvian National Independence Movement,LVA,1993,0.151,0.372
1789,Latvian National Independence Movement,LVA,1995,0.151,0.302
3193,For Latvia from the Heart,LVA,2014,0.155,0.841
3194,Latvian Association of Regions,LVA,2014,0.077,0.571
6355,New Conservative Party,LVA,2018,0.148,0.566
6356,Who owns the state?,LVA,2018,0.449,0.958
93553,alliance: Development/For!,LVA,2018,0.073,0.251
3766,All Basotho Convention,LSO,2007,0.68,0.246
3766,All Basotho Convention,LSO,2012,0.689,0.247
3766,All Basotho Convention,LSO,2015,0.689,0.243
3766,All Basotho Convention,LSO,2017,0.686,0.249
3768,Lesotho People’s Congress,LSO,2002,0.685,0.377
3769,Lesotho Workers Party,LSO,2007,0.676,0.364
3771,Lesotho Congress for Democracy,LSO,1998,0.685,0.387
3771,Lesotho Congress for Democracy,LSO,2002,0.685,0.387
3771,Lesotho Congress for Democracy,LSO,2007,0.685,0.387
3771,Lesotho Congress for Democracy,LSO,2012,0.685,0.387
3771,Lesotho Congress for Democracy,LSO,2015,0.685,0.387
3771,Lesotho Congress for Democracy,LSO,2017,0.685,0.376
4166,Democratic Congress,LSO,2012,0.69,0.378
4166,Democratic Congress,LSO,2015,0.69,0.378
4166,Democratic Congress,LSO,2017,0.69,0.373
4167,Basotho Congress Party / Basutoland Congress Party,LSO,1970,0.681,0.317
4167,Basotho Congress Party / Basutoland Congress Party,LSO,1993,0.687,0.381
4167,Basotho Congress Party / Basutoland Congress Party,LSO,1998,0.688,0.381
4170,National Independent Party,LSO,2002,0.682,0.383
4170,National Independent Party,LSO,2007,0.682,0.373
4171,Basotho National Party,LSO,1970,0.767,0.277
4171,Basotho National Party,LSO,1971,0.878,0.277
4171,Basotho National Party,LSO,1975,0.878,0.287
4171,Basotho National Party,LSO,1980,0.861,0.287
4171,Basotho National Party,LSO,1985,0.879,0.341
4171,Basotho National Party,LSO,1993,0.785,0.341
4171,Basotho National Party,LSO,1998,0.688,0.341
4171,Basotho National Party,LSO,2002,0.676,0.341
4171,Basotho National Party,LSO,2012,0.687,0.336
4171,Basotho National Party,LSO,2015,0.687,0.336
4172,Marematlou Freedom Party,LSO,1970,0.677,0.341
5980,Alliance of Democrats,LSO,2017,0.687,0.369
5982,Movement for Economic Change,LSO,2017,0.687,0.37
4136,Congress for Democratic Change,LBR,2005,0.673,0.933
4136,Congress for Democratic Change,LBR,2011,0.673,0.933
4136,Congress for Democratic Change,LBR,2017,0.616,0.097
4139,Liberty Party,LBR,2005,0.475,0.048
4139,Liberty Party,LBR,2011,0.475,0.048
4139,Liberty Party,LBR,2017,0.358,0.048
4140,Unity Party,LBR,1997,0.663,0.572
4140,Unity Party,LBR,2005,0.552,0.104
4140,Unity Party,LBR,2011,0.276,0.101
4140,Unity Party,LBR,2017,0.648,0.485
4142,National Patriotic Party,LBR,1997,0.827,0.101
4142,National Patriotic Party,LBR,2005,0.602,0.716
4142,National Patriotic Party,LBR,2011,0.657,0.475
4142,National Patriotic Party,LBR,2017,0.192,0.636
4143,National Democratic Party of Liberia,LBR,1985,0.22,0.107
4143,National Democratic Party of Liberia,LBR,2011,0.356,0.404
5163,National Union for Democratic Progress,LBR,2011,0.648,0.261
5376,Liberian Action Party,LBR,1985,0.38,0.809
5376,Liberian Action Party,LBR,2005,0.826,0.334
5837,True Whig Party,LBR,1971,0.901,0.144
5837,True Whig Party,LBR,1975,0.901,0.049
5837,True Whig Party,LBR,2005,0.543,0.416
5870,Liberian People's Party,LBR,2011,0.598,0.635
5986,All Liberian Party,LBR,2017,0.545,0.568
5988,Alternative National Congress,LBR,2017,0.492,0.375
5991,United People's Party,LBR,2011,0.329,0.634
5993,People's Unification Party,LBR,2017,0.432,0.098
6502,Liberian Unification Party,LBR,1985,0.286,0.638
6502,Liberian Unification Party,LBR,2005,0.739,0.57
3732,Malawi Congress Party,MWI,1971,0.989,0.238
3732,Malawi Congress Party,MWI,1976,0.989,0.245
3732,Malawi Congress Party,MWI,1978,0.987,0.239
3732,Malawi Congress Party,MWI,1983,0.987,0.239
3732,Malawi Congress Party,MWI,1987,0.987,0.239
3732,Malawi Congress Party,MWI,1992,0.915,0.241
3732,Malawi Congress Party,MWI,1994,0.742,0.305
3732,Malawi Congress Party,MWI,1999,0.513,0.319
3732,Malawi Congress Party,MWI,2004,0.456,0.283
3732,Malawi Congress Party,MWI,2009,0.361,0.234
3732,Malawi Congress Party,MWI,2014,0.336,0.241
3732,Malawi Congress Party,MWI,2019,0.332,0.268
3733,Alliance for Democracy,MWI,1994,0.321,0.27
3733,Alliance for Democracy,MWI,1999,0.361,0.254
3734,United Democratic Front,MWI,1994,0.424,0.29
3734,United Democratic Front,MWI,1999,0.495,0.24
3734,United Democratic Front,MWI,2004,0.498,0.158
3734,United Democratic Front,MWI,2009,0.322,0.193
3734,United Democratic Front,MWI,2014,0.293,0.194
3734,United Democratic Front,MWI,2019,0.29,0.216
3735,National Democratic Alliance,MWI,2004,0.473,0.315
3737,Republican Party,MWI,2004,0.384,0.409
4846,Democratic Progressive Party,MWI,2009,0.485,0.098
4846,Democratic Progressive Party,MWI,2014,0.427,0.074
4846,Democratic Progressive Party,MWI,2019,0.508,0.074
4847,People's Party,MWI,2014,0.276,0.392
4847,People's Party,MWI,2019,0.277,0.395
8067,United Transformation Movement,MWI,2019,0.199,0.422
5327,Maldivian People’s Party,MDV,2009,0.756,0.399
5329,Maldivian Democratic Party,MDV,2005,0.553,0.397
5329,Maldivian Democratic Party,MDV,2009,0.553,0.397
5329,Maldivian Democratic Party,MDV,2014,0.553,0.397
5329,Maldivian Democratic Party,MDV,2019,0.553,0.397
5680,Republican Party,MDV,2014,0.549,0.338
5680,Republican Party,MDV,2019,0.549,0.338
5682,Progressive Party of Maldives,MDV,2014,0.659,0.402
5684,People's Alliance,MDV,2009,0.755,0.342
5685,Maldives Development Alliance,MDV,2014,0.561,0.401
93556,alliance: PPM - PNC,MDV,2019,0.548,0.395
2321,Democratic Party,MNG,1990,0.293,0.786
2321,Democratic Party,MNG,1992,0.35,0.722
2321,Democratic Party,MNG,1996,0.473,0.765
2321,Democratic Party,MNG,2004,0.537,0.823
2321,Democratic Party,MNG,2008,0.623,0.823
2321,Democratic Party,MNG,2012,0.622,0.735
2321,Democratic Party,MNG,2016,0.622,0.892
2322,Mongolian People's [Revolutionary] Party,MNG,1973,0.891,0.169
2322,Mongolian People's [Revolutionary] Party,MNG,1977,0.891,0.169
2322,Mongolian People's [Revolutionary] Party,MNG,1981,0.891,0.318
2322,Mongolian People's [Revolutionary] Party,MNG,1986,0.891,0.318
2322,Mongolian People's [Revolutionary] Party,MNG,1990,0.766,0.475
2322,Mongolian People's [Revolutionary] Party,MNG,1992,0.303,0.49
2322,Mongolian People's [Revolutionary] Party,MNG,1996,0.301,0.611
2322,Mongolian People's [Revolutionary] Party,MNG,2000,0.434,0.611
2322,Mongolian People's [Revolutionary] Party,MNG,2004,0.589,0.824
2322,Mongolian People's [Revolutionary] Party,MNG,2008,0.675,0.824
2322,Mongolian People's [Revolutionary] Party,MNG,2012,0.675,0.824
2322,Mongolian People's [Revolutionary] Party,MNG,2016,0.704,0.824
2468,Civil Will-Green Party,MNG,2004,0.289,0.825
2468,Civil Will-Green Party,MNG,2012,0.49,0.792
4902,Motherland Party / Mongolian Democratic New Socialist Party,MNG,2004,0.407,0.781
5872,Mongolian Social Democratic Party,MNG,1990,0.372,0.742
5872,Mongolian Social Democratic Party,MNG,1992,0.369,0.83
5872,Mongolian Social Democratic Party,MNG,1996,0.37,0.826
7623,Mongolian People's Revolutionary Party,MNG,2016,0.605,0.853
7924,Mongolian National Progress Party,MNG,1990,0.311,0.7
7924,Mongolian National Progress Party,MNG,1992,0.347,0.734
7925,United Party,MNG,1992,0.355,0.736
93571,alliance: Justice Coalition,MNG,2012,0.4,0.739
2324,Socialist Union of Popular Forces,MAR,1977,0.985,0.249
2324,Socialist Union of Popular Forces,MAR,1984,0.985,0.249
2324,Socialist Union of Popular Forces,MAR,1993,0.985,0.249
2324,Socialist Union of Popular Forces,MAR,1997,0.985,0.249
2324,Socialist Union of Popular Forces,MAR,2002,0.985,0.207
2324,Socialist Union of Popular Forces,MAR,2007,0.985,0.207
2324,Socialist Union of Popular Forces,MAR,2011,0.985,0.207
2324,Socialist Union of Popular Forces,MAR,2016,0.985,0.207
2479,Justice and Development Party,MAR,2002,0.679,0.447
2479,Justice and Development Party,MAR,2007,0.679,0.447
2479,Justice and Development Party,MAR,2011,0.679,0.447
2479,Justice and Development Party,MAR,2016,0.679,0.418
2480,National Rally of Independents,MAR,1984,0.883,0.265
2480,National Rally of Independents,MAR,1993,0.883,0.265
2480,National Rally of Independents,MAR,1997,0.883,0.265
2480,National Rally of Independents,MAR,2002,0.849,0.265
2480,National Rally of Independents,MAR,2007,0.849,0.265
2480,National Rally of Independents,MAR,2011,0.849,0.265
2480,National Rally of Independents,MAR,2016,0.845,0.265
2481,Popular Movement,MAR,1970,0.989,0.195
2481,Popular Movement,MAR,1977,0.989,0.195
2481,Popular Movement,MAR,1984,0.989,0.195
2481,Popular Movement,MAR,1993,0.989,0.195
2481,Popular Movement,MAR,1997,0.989,0.195
2481,Popular Movement,MAR,2002,0.987,0.195
2481,Popular Movement,MAR,2007,0.987,0.195
2481,Popular Movement,MAR,2011,0.987,0.195
2481,Popular Movement,MAR,2016,0.987,0.195
2482,Istiqlal / Independence Party,MAR,1977,0.981,0.189
2482,Istiqlal / Independence Party,MAR,1984,0.981,0.189
2482,Istiqlal / Independence Party,MAR,1993,0.981,0.189
2482,Istiqlal / Independence Party,MAR,1997,0.981,0.189
2482,Istiqlal / Independence Party,MAR,2002,0.981,0.14
2482,Istiqlal / Independence Party,MAR,2007,0.981,0.14
2482,Istiqlal / Independence Party,MAR,2011,0.981,0.14
2482,Istiqlal / Independence Party,MAR,2016,0.981,0.14
5323,Constitutional Union,MAR,1984,0.853,0.261
5323,Constitutional Union,MAR,1993,0.853,0.261
5323,Constitutional Union,MAR,1997,0.853,0.261
5323,Constitutional Union,MAR,2002,0.845,0.261
5323,Constitutional Union,MAR,2007,0.845,0.261
5323,Constitutional Union,MAR,2011,0.892,0.261
5325,Authenticity and Modernity Party,MAR,2011,0.422,0.493
5325,Authenticity and Modernity Party,MAR,2016,0.422,0.493
5705,Democratic and Social Movement,MAR,1997,0.128,0.644
5706,National Democratic Party,MAR,1984,0.386,0.524
5706,National Democratic Party,MAR,1993,0.386,0.524
6203,National Popular Movement,MAR,1993,0.549,0.83
6203,National Popular Movement,MAR,1997,0.549,0.83
6203,National Popular Movement,MAR,2002,0.549,0.83
6220,Progress and Socialism,MAR,2007,0.133,0.906
93574,alliance: PND–Al Ahd Union,MAR,2007,0.11,0.588
45,Democrats 66,NLD,1971,0.05,0.211
45,Democrats 66,NLD,1977,0.038,0.214
45,Democrats 66,NLD,1981,0.039,0.19
45,Democrats 66,NLD,1986,0.026,0.19
45,Democrats 66,NLD,1989,0.026,0.197
45,Democrats 66,NLD,1994,0.026,0.173
45,Democrats 66,NLD,1998,0.026,0.173
45,Democrats 66,NLD,2002,0.047,0.153
45,Democrats 66,NLD,2010,0.032,0.075
45,Democrats 66,NLD,2012,0.032,0.075
45,Democrats 66,NLD,2017,0.032,0.075
163,Anti-Revolutionary Party,NLD,1971,0.038,0.079
163,Anti-Revolutionary Party,NLD,1972,0.038,0.079
298,Party for Freedom,NLD,2006,0.104,0.957
298,Party for Freedom,NLD,2010,0.158,0.957
298,Party for Freedom,NLD,2012,0.158,0.957
298,Party for Freedom,NLD,2017,0.158,0.957
828,People's Party for Freedom and Democracy,NLD,1971,0.045,0.122
828,People's Party for Freedom and Democracy,NLD,1972,0.045,0.122
828,People's Party for Freedom and Democracy,NLD,1977,0.045,0.184
828,People's Party for Freedom and Democracy,NLD,1981,0.045,0.106
828,People's Party for Freedom and Democracy,NLD,1982,0.023,0.073
828,People's Party for Freedom and Democracy,NLD,1986,0.023,0.073
828,People's Party for Freedom and Democracy,NLD,1989,0.023,0.073
828,People's Party for Freedom and Democracy,NLD,1994,0.035,0.073
828,People's Party for Freedom and Democracy,NLD,1998,0.035,0.073
828,People's Party for Freedom and Democracy,NLD,2002,0.059,0.073
828,People's Party for Freedom and Democracy,NLD,2003,0.039,0.073
828,People's Party for Freedom and Democracy,NLD,2006,0.039,0.105
828,People's Party for Freedom and Democracy,NLD,2010,0.05,0.109
828,People's Party for Freedom and Democracy,NLD,2012,0.05,0.109
828,People's Party for Freedom and Democracy,NLD,2017,0.05,0.109
921,Democratic Socialists 70,NLD,1971,0.041,0.085
1102,Christian Historical Union,NLD,1971,0.039,0.048
1157,Christian Democratic Appeal,NLD,1977,0.036,0.086
1157,Christian Democratic Appeal,NLD,1981,0.036,0.086
1157,Christian Democratic Appeal,NLD,1982,0.036,0.086
1157,Christian Democratic Appeal,NLD,1986,0.036,0.086
1157,Christian Democratic Appeal,NLD,1989,0.036,0.086
1157,Christian Democratic Appeal,NLD,1994,0.036,0.086
1157,Christian Democratic Appeal,NLD,1998,0.036,0.086
1157,Christian Democratic Appeal,NLD,2002,0.04,0.116
1157,Christian Democratic Appeal,NLD,2003,0.041,0.076
1157,Christian Democratic Appeal,NLD,2006,0.051,0.076
1157,Christian Democratic Appeal,NLD,2010,0.051,0.076
1157,Christian Democratic Appeal,NLD,2012,0.051,0.076
1157,Christian Democratic Appeal,NLD,2017,0.051,0.095
1234,Labour,NLD,1971,0.044,0.26
1234,Labour,NLD,1972,0.044,0.26
1234,Labour,NLD,1977,0.044,0.26
1234,Labour,NLD,1981,0.045,0.26
1234,Labour,NLD,1982,0.029,0.169
1234,Labour,NLD,1986,0.022,0.104
1234,Labour,NLD,1989,0.022,0.073
1234,Labour,NLD,1994,0.022,0.073
1234,Labour,NLD,1998,0.022,0.073
1234,Labour,NLD,2002,0.04,0.073
1234,Labour,NLD,2003,0.022,0.103
1234,Labour,NLD,2006,0.031,0.103
1234,Labour,NLD,2010,0.041,0.075
1234,Labour,NLD,2012,0.041,0.075
1234,Labour,NLD,2017,0.041,0.075
1363,Socialist Party,NLD,2002,0.078,0.595
1363,Socialist Party,NLD,2003,0.069,0.595
1363,Socialist Party,NLD,2006,0.07,0.595
1363,Socialist Party,NLD,2010,0.07,0.595
1363,Socialist Party,NLD,2012,0.07,0.581
1363,Socialist Party,NLD,2017,0.07,0.581
1390,Catholic Peoples Party,NLD,1971,0.038,0.083
1390,Catholic Peoples Party,NLD,1972,0.038,0.083
1528,Fortuyn List,NLD,2002,0.125,0.791
1528,Fortuyn List,NLD,2003,0.137,0.748
1537,GreenLeft,NLD,1998,0.024,0.291
1537,GreenLeft,NLD,2002,0.043,0.186
1537,GreenLeft,NLD,2003,0.025,0.158
1537,GreenLeft,NLD,2010,0.029,0.075
1537,GreenLeft,NLD,2017,0.029,0.073
59,Democratic Change,PAN,1999,0.585,0.563
59,Democratic Change,PAN,2004,0.61,0.599
59,Democratic Change,PAN,2009,0.661,0.845
59,Democratic Change,PAN,2014,0.843,0.633
59,Democratic Change,PAN,2019,0.691,0.273
202,Panamenista Party / Authentic Panameñista Party,PAN,1984,0.671,0.51
202,Panamenista Party / Authentic Panameñista Party,PAN,1989,0.632,0.51
202,Panamenista Party / Authentic Panameñista Party,PAN,1994,0.546,0.19
202,Panamenista Party / Authentic Panameñista Party,PAN,1999,0.359,0.319
202,Panamenista Party / Authentic Panameñista Party,PAN,2004,0.518,0.403
202,Panamenista Party / Authentic Panameñista Party,PAN,2009,0.553,0.542
202,Panamenista Party / Authentic Panameñista Party,PAN,2014,0.639,0.542
202,Panamenista Party / Authentic Panameñista Party,PAN,2019,0.628,0.271
380,National Liberal Party,PAN,1980,0.551,0.122
380,National Liberal Party,PAN,1999,0.494,0.123
380,National Liberal Party,PAN,2004,0.516,0.115
949,Solidarity Party,PAN,1994,0.338,0.285
949,Solidarity Party,PAN,1999,0.241,0.319
949,Solidarity Party,PAN,2004,0.334,0.295
987,People's Party – Christian Democratic Party of Panama,PAN,1984,0.268,0.595
987,People's Party – Christian Democratic Party of Panama,PAN,1989,0.317,0.654
987,People's Party – Christian Democratic Party of Panama,PAN,1994,0.147,0.429
987,People's Party – Christian Democratic Party of Panama,PAN,1999,0.26,0.324
987,People's Party – Christian Democratic Party of Panama,PAN,2004,0.43,0.291
1351,Democratic Revolutionary Party,PAN,1980,0.745,0.457
1351,Democratic Revolutionary Party,PAN,1984,0.865,0.549
1351,Democratic Revolutionary Party,PAN,1989,0.836,0.583
1351,Democratic Revolutionary Party,PAN,1994,0.419,0.452
1351,Democratic Revolutionary Party,PAN,1999,0.576,0.347
1351,Democratic Revolutionary Party,PAN,2004,0.622,0.463
1351,Democratic Revolutionary Party,PAN,2009,0.588,0.542
1351,Democratic Revolutionary Party,PAN,2014,0.496,0.46
1351,Democratic Revolutionary Party,PAN,2019,0.483,0.437
1555,Nationalist Republican Liberal Movement,PAN,1984,0.289,0.189
1555,Nationalist Republican Liberal Movement,PAN,1989,0.32,0.263
1555,Nationalist Republican Liberal Movement,PAN,1994,0.241,0.098
1555,Nationalist Republican Liberal Movement,PAN,1999,0.635,0.161
1555,Nationalist Republican Liberal Movement,PAN,2004,0.662,0.136
1555,Nationalist Republican Liberal Movement,PAN,2014,0.678,0.105
1555,Nationalist Republican Liberal Movement,PAN,2019,0.751,0.102
5315,Liberal Party,PAN,1984,0.667,0.169
5703,Papa Egoro Movement,PAN,1994,0.129,0.862
5718,Authentic Liberal Party,PAN,1989,0.449,0.152
5930,Labor and Agrarian Party,PAN,1984,0.912,0.159
5930,Labor and Agrarian Party,PAN,1989,0.893,0.187
6567,Republican Party,PAN,1984,0.458,0.031
7156,Patriotic Union,PAN,2009,0.287,0.222
4045,All People's Congress,SLE,1973,0.967,0.261
4045,All People's Congress,SLE,1977,0.954,0.261
4045,All People's Congress,SLE,1982,0.994,0.261
4045,All People's Congress,SLE,1986,0.994,0.261
4045,All People's Congress,SLE,1996,0.953,0.056
4045,All People's Congress,SLE,2002,0.667,0.056
4045,All People's Congress,SLE,2007,0.57,0.178
4045,All People's Congress,SLE,2012,0.642,0.178
4045,All People's Congress,SLE,2018,0.637,0.176
4046,United National People's Party,SLE,1996,0.804,0.225
4047,Sierra Leone People's Party,SLE,1977,0.885,0.344
4047,Sierra Leone People's Party,SLE,1996,0.88,0.144
4047,Sierra Leone People's Party,SLE,2002,0.566,0.149
4047,Sierra Leone People's Party,SLE,2007,0.439,0.146
4047,Sierra Leone People's Party,SLE,2012,0.439,0.328
4047,Sierra Leone People's Party,SLE,2018,0.439,0.334
5895,People's Democratic Party,SLE,1996,0.808,0.238
6081,National Unity Party,SLE,1996,0.811,0.324
7649,Coalition for Change Party,SLE,2018,0.781,0.312
7651,National Grand Coalition Party,SLE,2018,0.643,0.332
139,Convergence and Unity,ESP,1986,0.033,0.18
139,Convergence and Unity,ESP,1989,0.032,0.18
139,Convergence and Unity,ESP,1993,0.032,0.18
247,Communist Party / United Left,ESP,1977,0.071,0.472
247,Communist Party / United Left,ESP,1979,0.051,0.46
247,Communist Party / United Left,ESP,1982,0.026,0.46
247,Communist Party / United Left,ESP,1986,0.026,0.46
247,Communist Party / United Left,ESP,1989,0.028,0.471
247,Communist Party / United Left,ESP,1993,0.03,0.471
247,Communist Party / United Left,ESP,1996,0.029,0.471
247,Communist Party / United Left,ESP,2000,0.035,0.459
247,Communist Party / United Left,ESP,2004,0.035,0.448
247,Communist Party / United Left,ESP,2008,0.034,0.448
247,Communist Party / United Left,ESP,2011,0.034,0.525
247,Communist Party / United Left,ESP,2015,0.083,0.552
247,Communist Party / United Left,ESP,2016,0.083,0.594
247,Communist Party / United Left,ESP,2019,0.033,0.558
441,People's Alliance-Party / People's Party,ESP,1977,0.198,0.037
441,People's Alliance-Party / People's Party,ESP,1979,0.172,0.037
441,People's Alliance-Party / People's Party,ESP,1982,0.073,0.039
441,People's Alliance-Party / People's Party,ESP,1986,0.027,0.039
441,People's Alliance-Party / People's Party,ESP,1989,0.03,0.072
441,People's Alliance-Party / People's Party,ESP,1993,0.039,0.075
441,People's Alliance-Party / People's Party,ESP,1996,0.038,0.084
441,People's Alliance-Party / People's Party,ESP,2000,0.029,0.08
441,People's Alliance-Party / People's Party,ESP,2004,0.031,0.04
441,People's Alliance-Party / People's Party,ESP,2008,0.031,0.039
441,People's Alliance-Party / People's Party,ESP,2011,0.031,0.038
441,People's Alliance-Party / People's Party,ESP,2015,0.036,0.04
441,People's Alliance-Party / People's Party,ESP,2016,0.038,0.04
441,People's Alliance-Party / People's Party,ESP,2019,0.04,0.04
848,Republican Left of Catalonia,ESP,2004,0.063,0.48
848,Republican Left of Catalonia,ESP,2008,0.063,0.48
848,Republican Left of Catalonia,ESP,2011,0.112,0.496
848,Republican Left of Catalonia,ESP,2015,0.436,0.605
848,Republican Left of Catalonia,ESP,2016,0.436,0.621
848,Republican Left of Catalonia,ESP,2019,0.447,0.613
1248,Democratic and Social Centre,ESP,1986,0.03,0.07
1248,Democratic and Social Centre,ESP,1989,0.03,0.07
1271,Union of the Democratic Centre,ESP,1977,0.034,0.037
1271,Union of the Democratic Centre,ESP,1979,0.034,0.034
1271,Union of the Democratic Centre,ESP,1982,0.034,0.034
1338,Spanish Socialist Workers Party,ESP,1977,0.022,0.361
1338,Spanish Socialist Workers Party,ESP,1979,0.026,0.347
1338,Spanish Socialist Workers Party,ESP,1982,0.032,0.33
1338,Spanish Socialist Workers Party,ESP,1986,0.022,0.271
1338,Spanish Socialist Workers Party,ESP,1989,0.022,0.271
1338,Spanish Socialist Workers Party,ESP,1993,0.024,0.271
1338,Spanish Socialist Workers Party,ESP,1996,0.03,0.287
1338,Spanish Socialist Workers Party,ESP,2000,0.023,0.287
1338,Spanish Socialist Workers Party,ESP,2004,0.028,0.297
1338,Spanish Socialist Workers Party,ESP,2008,0.023,0.288
1338,Spanish Socialist Workers Party,ESP,2011,0.029,0.288
1338,Spanish Socialist Workers Party,ESP,2015,0.034,0.346
1338,Spanish Socialist Workers Party,ESP,2016,0.037,0.346
1338,Spanish Socialist Workers Party,ESP,2019,0.04,0.321
3203,We Can,ESP,2015,0.261,0.983
3203,We Can,ESP,2016,0.261,0.929
3203,We Can,ESP,2019,0.15,0.79
3217,Citizens -- Party of the Citizenry,ESP,2015,0.034,0.331
3217,Citizens -- Party of the Citizenry,ESP,2016,0.04,0.3
3217,Citizens -- Party of the Citizenry,ESP,2019,0.046,0.231
3218,Voice,ESP,2019,0.612,0.682
5778,Traditionalist Spanish Phalanx of the Committees of the National Syndicalist Offensive,ESP,1970,0.999,0.175
5778,Traditionalist Spanish Phalanx of the Committees of the National Syndicalist Offensive,ESP,1975,0.999,0.175
8031,In Common We Can,ESP,2015,0.266,0.898
8031,In Common We Can,ESP,2016,0.266,0.842
8031,In Common We Can,ESP,2019,0.244,0.826
8032,Compromise | A la valenciana,ESP,2015,0.096,0.639
8032,Compromise | A la valenciana,ESP,2016,0.091,0.628
5216,Arab Socialist Ba'ath Party – Syria Region,SYR,1971,0.997,0.68
5216,Arab Socialist Ba'ath Party – Syria Region,SYR,1973,0.981,0.68
5217,National Progressive Front,SYR,1977,0.954,0.755
5217,National Progressive Front,SYR,1981,0.975,0.755
5217,National Progressive Front,SYR,1986,0.983,0.755
5217,National Progressive Front,SYR,1990,0.976,0.755
5217,National Progressive Front,SYR,1994,0.959,0.688
5217,National Progressive Front,SYR,1998,0.959,0.688
5217,National Progressive Front,SYR,2003,0.935,0.578
5217,National Progressive Front,SYR,2007,0.954,0.578
5217,National Progressive Front,SYR,2012,0.976,0.578
5217,National Progressive Front,SYR,2016,0.976,0.578
7295,Arab Socialist Union,SYR,1971,0.91,0.633
4530,Nidaa Tounes,TUN,2014,0.324,0.13
4532,Congress for the Republic,TUN,2011,0.417,0.613
4534,Current of Love,TUN,2011,0.372,0.715
4757,Neo Destour / New Constitutional Liberal Party / Socialist Destourian Party / Democratic Constitutional Rally,TUN,1989,0.97,0.268
4757,Neo Destour / New Constitutional Liberal Party / Socialist Destourian Party / Democratic Constitutional Rally,TUN,1994,0.988,0.268
4757,Neo Destour / New Constitutional Liberal Party / Socialist Destourian Party / Democratic Constitutional Rally,TUN,1999,0.988,0.268
4757,Neo Destour / New Constitutional Liberal Party / Socialist Destourian Party / Democratic Constitutional Rally,TUN,2004,0.988,0.268
4757,Neo Destour / New Constitutional Liberal Party / Socialist Destourian Party / Democratic Constitutional Rally,TUN,2009,0.988,0.268
5781,Socialist Destourian Party,TUN,1974,0.992,0.141
5781,Socialist Destourian Party,TUN,1979,0.993,0.141
5781,Socialist Destourian Party,TUN,1981,0.975,0.276
5781,Socialist Destourian Party,TUN,1986,0.985,0.139
5832,Ennahdha Party / Renaissance Party,TUN,2011,0.445,0.584
5832,Ennahdha Party / Renaissance Party,TUN,2014,0.491,0.516
5832,Ennahdha Party / Renaissance Party,TUN,2019,0.25,0.463
6074,Democratic Forum for Labour and Liberties,TUN,2011,0.219,0.297
7916,Heart of Tunisia,TUN,2019,0.129,0.495
7917,Democratic Current,TUN,2019,0.15,0.517
7918,Free Destourian Party,TUN,2019,0.444,0.396
8125,Dignity Coalition,TUN,2019,0.463,0.58
159,Young Party,TUR,2002,0.79,0.533
178,Nationalist Democratic Party,TUR,1983,0.89,0.099
306,Justice and Development Party,TUR,2002,0.216,0.79
306,Justice and Development Party,TUR,2007,0.396,0.853
306,Justice and Development Party,TUR,2011,0.893,0.952
306,Justice and Development Party,TUR,2015,0.998,0.964
351,True Path Party,TUR,1987,0.548,0.36
351,True Path Party,TUR,1991,0.704,0.364
351,True Path Party,TUR,1995,0.842,0.367
351,True Path Party,TUR,1999,0.779,0.364
351,True Path Party,TUR,2002,0.738,0.43
351,True Path Party,TUR,2007,0.655,0.362
815,National Salvation Party,TUR,1973,0.851,0.756
815,National Salvation Party,TUR,1977,0.867,0.799
1060,Republican Peoples Party,TUR,1973,0.411,0.19
1060,Republican Peoples Party,TUR,1977,0.353,0.254
1060,Republican Peoples Party,TUR,1987,0.368,0.212
1060,Republican Peoples Party,TUR,1995,0.602,0.165
1060,Republican Peoples Party,TUR,1999,0.65,0.169
1060,Republican Peoples Party,TUR,2002,0.585,0.251
1060,Republican Peoples Party,TUR,2007,0.534,0.3
1060,Republican Peoples Party,TUR,2011,0.389,0.435
1060,Republican Peoples Party,TUR,2015,0.309,0.537
1067,Welfare Party,TUR,1987,0.71,0.745
1067,Welfare Party,TUR,1991,0.842,0.796
1067,Welfare Party,TUR,1995,0.906,0.85
1190,Motherland Party,TUR,1983,0.675,0.241
1190,Motherland Party,TUR,1987,0.688,0.178
1190,Motherland Party,TUR,1991,0.614,0.178
1190,Motherland Party,TUR,1995,0.536,0.174
1190,Motherland Party,TUR,1999,0.555,0.178
1190,Motherland Party,TUR,2002,0.615,0.222
1253,Social Democratic Populist Party,TUR,1991,0.114,0.543
1423,Populist Party,TUR,1983,0.586,0.191
1463,Virtue Party,TUR,1999,0.662,0.819
1610,Nationalist Movement [Action] Party,TUR,1977,0.986,0.268
1610,Nationalist Movement [Action] Party,TUR,1995,0.966,0.234
1610,Nationalist Movement [Action] Party,TUR,1999,0.952,0.237
1610,Nationalist Movement [Action] Party,TUR,2002,0.945,0.244
1610,Nationalist Movement [Action] Party,TUR,2007,0.947,0.341
1610,Nationalist Movement [Action] Party,TUR,2011,0.968,0.404
1610,Nationalist Movement [Action] Party,TUR,2015,0.986,0.461
1740,Democratic Left Party,TUR,1987,0.445,0.225
1740,Democratic Left Party,TUR,1991,0.488,0.229
1740,Democratic Left Party,TUR,1995,0.529,0.229
1740,Democratic Left Party,TUR,1999,0.532,0.245
2472,People's Democracy Party,TUR,2002,0.164,0.634
2472,People's Democracy Party,TUR,2011,0.165,0.673
4371,Trust Party / Republican Reliance Party / National Reliance Party,TUR,1973,0.587,0.238
4373,Justice Party,TUR,1973,0.731,0.648
4373,Justice Party,TUR,1977,0.88,0.588
4376,Democratic Party (1970),TUR,1973,0.712,0.626
6042,Peoples' Democratic Party,TUR,2015,0.044,0.645
6042,Peoples' Democratic Party,TUR,2018,0.044,0.645
93603,alliance: People's Alliance,TUR,2018,1,0.72
93604,alliance: Nation Alliance,TUR,2018,0.378,0.658
2206,People’s Democratic Party of Ukraine,UKR,1998,0.722,0.081
2207,People's Movement of Ukraine,UKR,1994,0.432,0.555
2207,People's Movement of Ukraine,UKR,1998,0.436,0.484
2210,Social Democratic Party of Ukraine (United),UKR,2002,0.669,0.141
2211,Socialist Party of the Ukraine,UKR,1998,0.225,0.69
2211,Socialist Party of the Ukraine,UKR,2002,0.219,0.737
2211,Socialist Party of the Ukraine,UKR,2006,0.21,0.662
2220,Communist Party of Ukraine,UKR,1994,0.538,0.866
2220,Communist Party of Ukraine,UKR,1998,0.505,0.866
2220,Communist Party of Ukraine,UKR,2002,0.475,0.866
2220,Communist Party of Ukraine,UKR,2007,0.537,0.869
2220,Communist Party of Ukraine,UKR,2012,0.524,0.792
2224,For a United Ukraine!,UKR,2002,0.769,0.046
2226,Party of Greens of Ukraine,UKR,1998,0.203,0.292
2228,Yulia Tymoshenko Bloc,UKR,2002,0.628,0.771
2228,Yulia Tymoshenko Bloc,UKR,2006,0.682,0.74
2228,Yulia Tymoshenko Bloc,UKR,2007,0.689,0.71
2228,Yulia Tymoshenko Bloc,UKR,2012,0.555,0.675
2231,Our Ukraine – People's Self-Defense Bloc,UKR,2002,0.391,0.62
2231,Our Ukraine – People's Self-Defense Bloc,UKR,2006,0.451,0.411
2231,Our Ukraine – People's Self-Defense Bloc,UKR,2007,0.504,0.418
2234,Party of Regions,UKR,2006,0.68,0.327
2234,Party of Regions,UKR,2007,0.694,0.279
2234,Party of Regions,UKR,2012,0.83,0.196
3266,"All Ukrainian Union """"Fatherland""""",UKR,2014,0.68,0.715
3266,"All Ukrainian Union """"Fatherland""""",UKR,2019,0.518,0.724
3267,"All Ukrainian Union """"Freedom"""" / Svoboda",UKR,2014,0.977,0.845
4773,People's Front,UKR,2014,0.832,0.348
4774,Radical Party of Oleh Lyashko,UKR,2014,0.953,0.938
4776,Self Reliance Party,UKR,2014,0.383,0.478
4778,European Solidarity / Petro Poroshenko Bloc,UKR,2014,0.748,0.331
4778,European Solidarity / Petro Poroshenko Bloc,UKR,2019,0.779,0.393
4779,Opposition Bloc,UKR,2014,0.535,0.464
5825,Ukrainian Democratic Alliance for Reform,UKR,2012,0.286,0.465
7921,Servant of the People,UKR,2019,0.259,0.896
7922,Opposition Platform — For Life,UKR,2019,0.594,0.529
7923,Voice,UKR,2019,0.148,0.484
540,Liberal Party,GBR,1970,0.071,0.324
540,Liberal Party,GBR,1974,0.071,0.324
540,Liberal Party,GBR,1979,0.071,0.324
540,Liberal Party,GBR,1983,0.071,0.324
540,Liberal Party,GBR,1987,0.071,0.324
540,Liberal Party,GBR,1992,0.071,0.324
540,Liberal Party,GBR,1997,0.071,0.324
540,Liberal Party,GBR,2001,0.071,0.324
540,Liberal Party,GBR,2005,0.071,0.324
540,Liberal Party,GBR,2010,0.071,0.324
540,Liberal Party,GBR,2015,0.071,0.324
601,United Kingdom Independence Party,GBR,2001,0.556,0.949
601,United Kingdom Independence Party,GBR,2005,0.556,0.949
601,United Kingdom Independence Party,GBR,2010,0.556,0.949
601,United Kingdom Independence Party,GBR,2015,0.583,0.949
601,United Kingdom Independence Party,GBR,2017,0.583,0.875
986,Scottish National Party,GBR,2019,0.108,0.555
1388,Liberal Democrats,GBR,2017,0.08,0.327
1388,Liberal Democrats,GBR,2019,0.08,0.327
1516,Labour,GBR,1970,0.103,0.423
1516,Labour,GBR,1974,0.103,0.423
1516,Labour,GBR,1979,0.103,0.423
1516,Labour,GBR,1983,0.115,0.423
1516,Labour,GBR,1987,0.115,0.423
1516,Labour,GBR,1992,0.09,0.407
1516,Labour,GBR,1997,0.09,0.387
1516,Labour,GBR,2001,0.09,0.323
1516,Labour,GBR,2005,0.09,0.323
1516,Labour,GBR,2010,0.09,0.323
1516,Labour,GBR,2015,0.09,0.388
1516,Labour,GBR,2017,0.116,0.514
1516,Labour,GBR,2019,0.116,0.514
1567,Conservatives,GBR,1970,0.089,0.187
1567,Conservatives,GBR,1974,0.089,0.187
1567,Conservatives,GBR,1979,0.114,0.274
1567,Conservatives,GBR,1983,0.132,0.274
1567,Conservatives,GBR,1987,0.132,0.274
1567,Conservatives,GBR,1992,0.117,0.18
1567,Conservatives,GBR,1997,0.092,0.18
1567,Conservatives,GBR,2001,0.092,0.18
1567,Conservatives,GBR,2005,0.092,0.18
1567,Conservatives,GBR,2010,0.092,0.18
1567,Conservatives,GBR,2015,0.092,0.189
1567,Conservatives,GBR,2017,0.348,0.274
1567,Conservatives,GBR,2019,0.348,0.364
118,National Party,URY,1971,0.282,0.112
118,National Party,URY,1984,0.153,0.194
118,National Party,URY,1989,0.039,0.047
118,National Party,URY,1994,0.024,0.047
118,National Party,URY,1999,0.027,0.11
118,National Party,URY,2004,0.022,0.049
118,National Party,URY,2009,0.025,0.109
118,National Party,URY,2014,0.02,0.045
118,National Party,URY,2019,0.046,0.046
1419,Colorado Party,URY,1971,0.358,0.143
1419,Colorado Party,URY,1984,0.139,0.181
1419,Colorado Party,URY,1989,0.044,0.143
1419,Colorado Party,URY,1994,0.024,0.143
1419,Colorado Party,URY,1999,0.022,0.143
1419,Colorado Party,URY,2004,0.025,0.143
1419,Colorado Party,URY,2009,0.021,0.143
1419,Colorado Party,URY,2014,0.021,0.143
1419,Colorado Party,URY,2019,0.022,0.147
1658,Broad Front / Progressive Encounter,URY,1971,0.253,0.636
1658,Broad Front / Progressive Encounter,URY,1984,0.091,0.62
1658,Broad Front / Progressive Encounter,URY,1989,0.034,0.566
1658,Broad Front / Progressive Encounter,URY,1994,0.022,0.526
1658,Broad Front / Progressive Encounter,URY,1999,0.022,0.526
1658,Broad Front / Progressive Encounter,URY,2004,0.02,0.526
1658,Broad Front / Progressive Encounter,URY,2009,0.024,0.515
1658,Broad Front / Progressive Encounter,URY,2014,0.017,0.495
1658,Broad Front / Progressive Encounter,URY,2019,0.02,0.476
3671,New Space,URY,1989,0.016,0.302
3671,New Space,URY,1994,0.016,0.315
8123,Open Cabildo,URY,2019,0.32,0.51
4098,Algerian National Front,DZA,2017,0.878,0.181
4111,National Liberation Front,DZA,1977,0.973,0.239
4111,National Liberation Front,DZA,1982,0.973,0.239
4111,National Liberation Front,DZA,1987,0.973,0.239
4111,National Liberation Front,DZA,1997,0.973,0.239
4111,National Liberation Front,DZA,2002,0.973,0.239
4111,National Liberation Front,DZA,2007,0.973,0.239
4111,National Liberation Front,DZA,2012,0.973,0.239
4111,National Liberation Front,DZA,2017,0.973,0.239
4113,National Rally for Democracy,DZA,1997,0.973,0.241
4113,National Rally for Democracy,DZA,2002,0.973,0.241
4113,National Rally for Democracy,DZA,2007,0.973,0.241
4113,National Rally for Democracy,DZA,2012,0.973,0.241
4113,National Rally for Democracy,DZA,2017,0.972,0.437
4114,Socialist Forces Front,DZA,1997,0.126,0.886
5221,Movement for the Society of Peace,DZA,1997,0.96,0.654
5221,Movement for the Society of Peace,DZA,2002,0.835,0.654
5221,Movement for the Society of Peace,DZA,2007,0.835,0.654
5221,Movement for the Society of Peace,DZA,2012,0.835,0.654
5221,Movement for the Society of Peace,DZA,2017,0.835,0.654
5222,Movement for National Reform,DZA,2002,0.91,0.319
5222,Movement for National Reform,DZA,2012,0.912,0.314
5622,Workers' Party,DZA,2007,0.27,0.861
6219,Movement of the Islamic Renaissance,DZA,1997,0.912,0.318
6219,Movement of the Islamic Renaissance,DZA,2012,0.911,0.304
2298,People's Movement for the Liberation of Angola – Labour Party,AGO,1975,0.999,0.902
2298,People's Movement for the Liberation of Angola – Labour Party,AGO,1980,0.999,0.596
2298,People's Movement for the Liberation of Angola – Labour Party,AGO,1986,0.999,0.5
2298,People's Movement for the Liberation of Angola – Labour Party,AGO,1992,0.744,0.427
2298,People's Movement for the Liberation of Angola – Labour Party,AGO,2008,0.504,0.304
2298,People's Movement for the Liberation of Angola – Labour Party,AGO,2012,0.423,0.162
2298,People's Movement for the Liberation of Angola – Labour Party,AGO,2017,0.386,0.508
2343,National Union for the Total Independence of Angola,AGO,1992,0.881,0.875
2343,National Union for the Total Independence of Angola,AGO,2008,0.447,0.849
2343,National Union for the Total Independence of Angola,AGO,2012,0.365,0.85
2343,National Union for the Total Independence of Angola,AGO,2017,0.388,0.85
3556,Broad Convergence for the Salvation of Angola – Electoral Coalition,AGO,2017,0.169,0.73
2007,Rule of Law / Armenian Renaissance,ARM,1999,0.345,0.63
2007,Rule of Law / Armenian Renaissance,ARM,2003,0.343,0.642
2007,Rule of Law / Armenian Renaissance,ARM,2007,0.335,0.76
2007,Rule of Law / Armenian Renaissance,ARM,2012,0.403,0.552
2008,Justice,ARM,2003,0.366,0.763
2009,National Democratic Union,ARM,1995,0.329,0.721
2009,National Democratic Union,ARM,1999,0.27,0.499
2010,National Self-Determination Union,ARM,1995,0.254,0.583
2011,National Unity,ARM,2003,0.665,0.712
2013,Republican Party of Armenia,ARM,1999,0.855,0.134
2013,Republican Party of Armenia,ARM,2003,0.887,0.127
2013,Republican Party of Armenia,ARM,2007,0.892,0.127
2013,Republican Party of Armenia,ARM,2012,0.706,0.127
2013,Republican Party of Armenia,ARM,2017,0.706,0.22
2015,Semiramis (Women’s Movement),ARM,1995,0.699,0.175
2016,United Labour Party,ARM,2003,0.627,0.57
2018,Armenian Communist Party,ARM,1995,0.812,0.863
2018,Armenian Communist Party,ARM,1999,0.8,0.884
2020,Armenian Revolutionary Federation,ARM,1999,0.539,0.303
2020,Armenian Revolutionary Federation,ARM,2003,0.649,0.398
2020,Armenian Revolutionary Federation,ARM,2007,0.608,0.466
2020,Armenian Revolutionary Federation,ARM,2012,0.611,0.483
2020,Armenian Revolutionary Federation,ARM,2017,0.565,0.414
3783,Heritage Party,ARM,2007,0.116,0.713
3783,Heritage Party,ARM,2012,0.161,0.838
4205,Prosperous Armenia Party,ARM,2007,0.836,0.318
4205,Prosperous Armenia Party,ARM,2012,0.751,0.558
4205,Prosperous Armenia Party,ARM,2018,0.691,0.548
4365,Pan-Armenian National Movement,ARM,1995,0.918,0.091
4539,Armenian National Congress,ARM,2012,0.436,0.809
7507,Bright Armenia,ARM,2018,0.036,0.505
7508,My Step Alliance,ARM,2018,0.437,0.667
93510,alliance: Right and Unity,ARM,1999,0.813,0.554
93511,alliance: Tsarukyan Alliance,ARM,2017,0.689,0.612
93512,alliance: Way Out Alliance,ARM,2017,0.138,0.876
1991,Azerbaijan National Independence Party,AZE,1995,0.385,0.55
1992,Azerbaijan Popular Front,AZE,1995,0.375,0.851
1992,Azerbaijan Popular Front,AZE,2000,0.354,0.824
1993,Azerbaijan Communist Party (1993),AZE,2000,0.647,0.644
1994,Civil Solidarity Party,AZE,2000,0.531,0.478
1995,New Azerbaijan Party,AZE,1995,0.993,0.08
1995,New Azerbaijan Party,AZE,2000,0.996,0.122
1995,New Azerbaijan Party,AZE,2005,0.996,0.122
1995,New Azerbaijan Party,AZE,2010,0.995,0.121
1995,New Azerbaijan Party,AZE,2015,0.996,0.121
7050,Equality Party,AZE,2005,0.266,0.851
2030,"Party of Communists of Belarus / Belarusian Left Party """"A Just World""""",BLR,1995,0.33,0.8
2030,"Party of Communists of Belarus / Belarusian Left Party """"A Just World""""",BLR,2000,0.238,0.841
2030,"Party of Communists of Belarus / Belarusian Left Party """"A Just World""""",BLR,2004,0.217,0.841
2030,"Party of Communists of Belarus / Belarusian Left Party """"A Just World""""",BLR,2008,0.213,0.842
2037,Agrarian Party,BLR,1995,0.728,0.465
2037,Agrarian Party,BLR,2000,0.872,0.172
3646,Liberal Democratic Party,BLR,2019,0.941,0.477
7407,Republican Party of Labour and Justice,BLR,2019,0.887,0.339
7418,Communist Party of Belarus,BLR,2016,0.998,0.443
7418,Communist Party of Belarus,BLR,2019,0.998,0.444
3682,Social Democratic Front,CMR,1997,0.38,0.81
3682,Social Democratic Front,CMR,2002,0.43,0.819
3682,Social Democratic Front,CMR,2007,0.378,0.847
3682,Social Democratic Front,CMR,2013,0.397,0.847
3774,Cameroon People’s Democratic Movement,CMR,2002,0.932,0.193
3774,Cameroon People’s Democratic Movement,CMR,2007,0.892,0.193
3774,Cameroon People’s Democratic Movement,CMR,2013,0.858,0.265
3775,National Union for Democracy and Progress,CMR,1992,0.464,0.547
3775,National Union for Democracy and Progress,CMR,1997,0.493,0.488
5411,Union of the Peoples of Cameroon,CMR,1992,0.442,0.82
5791,Cameroonian National Union,CMR,1970,0.999,0.07
5791,Cameroonian National Union,CMR,1973,0.999,0.07
5791,Cameroonian National Union,CMR,1978,0.999,0.07
5791,Cameroonian National Union,CMR,1983,0.999,0.167
5502,Union for Renewal and Democracy,TCD,1997,0.817,0.233
5502,Union for Renewal and Democracy,TCD,2011,0.813,0.228
5503,Patriotic Salvation Movement,TCD,1997,0.942,0.237
5503,Patriotic Salvation Movement,TCD,2002,0.942,0.237
5503,Patriotic Salvation Movement,TCD,2011,0.942,0.237
5595,Rally for Democracy and Progress,TCD,2002,0.937,0.235
5595,Rally for Democracy and Progress,TCD,2011,0.823,0.235
5596,"Federation, Action for the Republic",TCD,2002,0.816,0.236
5820,National Union for Independence and Revolution,TCD,1990,0.996,0.233
5821,National Union for Democracy and Renewal,TCD,1997,0.817,0.229
5821,National Union for Democracy and Renewal,TCD,2011,0.812,0.237
7184,National Rally for Democracy in Chad,TCD,2011,0.941,0.233
8034,National Rally for Development and Progress,TCD,2011,0.941,0.235
5124,Communist Party of China,CHN,1975,0.993,0.679
5124,Communist Party of China,CHN,1978,0.958,0.596
5124,Communist Party of China,CHN,1984,0.945,0.411
5124,Communist Party of China,CHN,1988,0.95,0.453
5124,Communist Party of China,CHN,1994,0.933,0.372
5124,Communist Party of China,CHN,1998,0.94,0.372
5124,Communist Party of China,CHN,2003,0.94,0.372
5124,Communist Party of China,CHN,2008,0.94,0.372
5124,Communist Party of China,CHN,2013,0.952,0.371
5089,Movement for the Liberation of the Congo,COD,2006,0.92,0.313
5089,Movement for the Liberation of the Congo,COD,2011,0.92,0.313
5090,People's Party for Reconstruction and Democracy,COD,2003,0.991,0.365
5090,People's Party for Reconstruction and Democracy,COD,2006,0.984,0.365
5090,People's Party for Reconstruction and Democracy,COD,2011,0.984,0.365
5091,Popular Movement of the Revolution,COD,1970,0.999,0.092
5091,Popular Movement of the Revolution,COD,1975,0.999,0.092
5091,Popular Movement of the Revolution,COD,1977,0.999,0.092
5091,Popular Movement of the Revolution,COD,1982,0.999,0.092
5091,Popular Movement of the Revolution,COD,1987,0.999,0.092
5092,Union for Democracy and Social Progress,COD,2011,0.734,0.407
5597,Unified Lumumbist Party,COD,2006,0.819,0.312
5598,Social Movement for Renewal,COD,2006,0.923,0.359
5598,Social Movement for Renewal,COD,2011,0.923,0.359
6063,Union for the Congolese Nation,COD,2011,0.822,0.406
6207,People's Party for Peace and Democracy,COD,2011,0.851,0.358
6208,Forces for Renewal,COD,2006,0.82,0.309
5362,Congolese Movement for Democracy and Integral Development,COG,1992,0.44,0.325
5362,Congolese Movement for Democracy and Integral Development,COG,1993,0.44,0.325
5362,Congolese Movement for Democracy and Integral Development,COG,2007,0.436,0.318
5362,Congolese Movement for Democracy and Integral Development,COG,2012,0.436,0.318
5364,Pan-African Union for Social Democracy,COG,1992,0.449,0.32
5364,Pan-African Union for Social Democracy,COG,1993,0.449,0.32
5364,Pan-African Union for Social Democracy,COG,2007,0.44,0.315
5364,Pan-African Union for Social Democracy,COG,2012,0.44,0.315
5364,Pan-African Union for Social Democracy,COG,2017,0.44,0.315
5365,Congolese Party of Labour,COG,1970,0.903,0.324
5365,Congolese Party of Labour,COG,1973,0.903,0.324
5365,Congolese Party of Labour,COG,1977,0.901,0.324
5365,Congolese Party of Labour,COG,1979,0.901,0.324
5365,Congolese Party of Labour,COG,1984,0.901,0.324
5365,Congolese Party of Labour,COG,1989,0.901,0.324
5365,Congolese Party of Labour,COG,1992,0.901,0.324
5365,Congolese Party of Labour,COG,1993,0.901,0.324
5365,Congolese Party of Labour,COG,2001,0.901,0.324
5365,Congolese Party of Labour,COG,2002,0.901,0.324
5365,Congolese Party of Labour,COG,2007,0.901,0.324
5365,Congolese Party of Labour,COG,2012,0.901,0.324
5365,Congolese Party of Labour,COG,2017,0.694,0.324
5589,Rally for Democracy and Social Progress,COG,1992,0.441,0.328
5589,Rally for Democracy and Social Progress,COG,1993,0.441,0.328
6364,United Democratic Forces,COG,2002,0.423,0.322
7640,Dynamic for the Republic and Recovery,COG,2017,0.436,0.315
7994,Action Movement for Renewal,COG,2017,0.45,0.326
5125,People's Rally for Progress,DJI,1977,0.963,0.103
5125,People's Rally for Progress,DJI,1982,0.963,0.103
5125,People's Rally for Progress,DJI,1987,0.962,0.103
5125,People's Rally for Progress,DJI,1992,0.933,0.103
5125,People's Rally for Progress,DJI,1997,0.913,0.128
5151,Movement for Democratic Renewal and Development / Party for Democratic Renewal,DJI,1992,0.515,0.559
5151,Movement for Democratic Renewal and Development / Party for Democratic Renewal,DJI,1997,0.452,0.572
6244,Front for the Restoration of Unity and Democracy,DJI,1997,0.791,0.406
7543,Union for the Presidential Majority,DJI,2003,0.894,0.146
7543,Union for the Presidential Majority,DJI,2008,0.906,0.146
7543,Union for the Presidential Majority,DJI,2013,0.913,0.165
7543,Union for the Presidential Majority,DJI,2018,0.91,0.143
93532,alliance: Union for a Democratic Change,DJI,2003,0.327,0.649
93533,alliance: USN,DJI,2013,0.301,0.617
93534,alliance: UDJ–PDD,DJI,2018,0.345,0.559
194,Social Christian Reformist Party,DOM,1970,0.845,0.473
194,Social Christian Reformist Party,DOM,1986,0.956,0.184
194,Social Christian Reformist Party,DOM,1990,0.96,0.099
194,Social Christian Reformist Party,DOM,1994,0.957,0.071
194,Social Christian Reformist Party,DOM,1998,0.931,0.144
194,Social Christian Reformist Party,DOM,2002,0.869,0.186
194,Social Christian Reformist Party,DOM,2006,0.739,0.2
194,Social Christian Reformist Party,DOM,2010,0.692,0.189
194,Social Christian Reformist Party,DOM,2016,0.758,0.143
1225,Dominican Liberation Party,DOM,1982,0.302,0.64
1225,Dominican Liberation Party,DOM,1986,0.285,0.655
1225,Dominican Liberation Party,DOM,1990,0.289,0.625
1225,Dominican Liberation Party,DOM,1994,0.278,0.439
1225,Dominican Liberation Party,DOM,1998,0.286,0.176
1225,Dominican Liberation Party,DOM,2002,0.337,0.2
1225,Dominican Liberation Party,DOM,2006,0.267,0.186
1225,Dominican Liberation Party,DOM,2010,0.378,0.129
1225,Dominican Liberation Party,DOM,2016,0.546,0.133
1441,Dominican Revolutionary Party,DOM,1978,0.381,0.631
1441,Dominican Revolutionary Party,DOM,1982,0.379,0.508
1441,Dominican Revolutionary Party,DOM,1986,0.489,0.415
1441,Dominican Revolutionary Party,DOM,1990,0.306,0.51
1441,Dominican Revolutionary Party,DOM,1994,0.238,0.4
1441,Dominican Revolutionary Party,DOM,1998,0.304,0.342
1441,Dominican Revolutionary Party,DOM,2002,0.416,0.35
1441,Dominican Revolutionary Party,DOM,2006,0.256,0.335
1441,Dominican Revolutionary Party,DOM,2010,0.445,0.334
1441,Dominican Revolutionary Party,DOM,2016,0.482,0.253
4186,Movement of Democratic Integration,DOM,1970,0.861,0.339
4189,National Youth Movement,DOM,1970,0.85,0.142
4189,National Youth Movement,DOM,1974,0.844,0.142
4190,Popular Democratic Party,DOM,1974,0.662,0.106
4194,Independent Revolutionary Party,DOM,1990,0.68,0.271
4195,Democratic Quisqueyano Party,DOM,1970,0.913,0.174
7429,Reformist Party,DOM,1970,0.998,0.188
7429,Reformist Party,DOM,1974,0.998,0.188
7429,Reformist Party,DOM,1978,0.996,0.187
7429,Reformist Party,DOM,1982,0.991,0.146
7544,Modern Revolutionary Party,DOM,2016,0.243,0.331
4904,People's Front for Democracy and Justice,ERI,1992,0.991,0.681
4904,People's Front for Democracy and Justice,ERI,1997,0.994,0.67
4904,People's Front for Democracy and Justice,ERI,2002,0.999,0.666
4904,People's Front for Democracy and Justice,ERI,2007,1,0.666
4904,People's Front for Democracy and Justice,ERI,2012,1,0.666
4904,People's Front for Democracy and Justice,ERI,2017,1,0.662
5200,Gabonese Democratic Bloc / Gabonese Democratic Party,GAB,1973,0.958,0.294
5200,Gabonese Democratic Bloc / Gabonese Democratic Party,GAB,1980,0.958,0.294
5200,Gabonese Democratic Bloc / Gabonese Democratic Party,GAB,1985,0.949,0.294
5200,Gabonese Democratic Bloc / Gabonese Democratic Party,GAB,1990,0.965,0.294
5200,Gabonese Democratic Bloc / Gabonese Democratic Party,GAB,1996,0.949,0.294
5200,Gabonese Democratic Bloc / Gabonese Democratic Party,GAB,2001,0.965,0.294
5200,Gabonese Democratic Bloc / Gabonese Democratic Party,GAB,2006,0.956,0.31
5200,Gabonese Democratic Bloc / Gabonese Democratic Party,GAB,2011,0.956,0.31
5200,Gabonese Democratic Bloc / Gabonese Democratic Party,GAB,2018,0.959,0.467
5290,Gabonese Progress Party,GAB,1990,0.805,0.532
5290,Gabonese Progress Party,GAB,1996,0.805,0.532
5294,National Regeneration Movement,GAB,1990,0.805,0.375
5591,Union of the Gabonese People,GAB,2006,0.821,0.399
5592,National Woodcutters (Lumberjacks) Rally – Rally for Gabon,GAB,1996,0.804,0.376
5592,National Woodcutters (Lumberjacks) Rally – Rally for Gabon,GAB,2001,0.822,0.376
5592,National Woodcutters (Lumberjacks) Rally – Rally for Gabon,GAB,2006,0.822,0.386
7554,The Democrats,GAB,2018,0.859,0.642
3715,United Democratic Party,GMB,1997,0.202,0.137
3715,United Democratic Party,GMB,2007,0.148,0.16
3715,United Democratic Party,GMB,2017,0.152,0.158
3716,Alliance for Patriotic Reorientation and Construction,GMB,1997,0.981,0.337
3716,Alliance for Patriotic Reorientation and Construction,GMB,2002,0.981,0.337
3716,Alliance for Patriotic Reorientation and Construction,GMB,2007,0.982,0.335
3716,Alliance for Patriotic Reorientation and Construction,GMB,2012,0.981,0.328
3716,Alliance for Patriotic Reorientation and Construction,GMB,2017,0.937,0.325
3717,National Reconciliation Party,GMB,2002,0.127,0.296
3717,National Reconciliation Party,GMB,2007,0.135,0.296
3717,National Reconciliation Party,GMB,2012,0.135,0.296
3717,National Reconciliation Party,GMB,2017,0.14,0.296
3718,People's Democratic Organisation for Independence and Socialism,GMB,2002,0.022,0.352
3718,People's Democratic Organisation for Independence and Socialism,GMB,2007,0.022,0.352
3718,People's Democratic Organisation for Independence and Socialism,GMB,2017,0.023,0.358
5082,National Convention Party,GMB,1977,0.283,0.155
5082,National Convention Party,GMB,1982,0.21,0.155
5082,National Convention Party,GMB,1987,0.23,0.155
5082,National Convention Party,GMB,1992,0.23,0.155
5083,United Party,GMB,1972,0.223,0.271
5084,People's Progressive Party,GMB,1972,0.231,0.271
5084,People's Progressive Party,GMB,1977,0.234,0.271
5084,People's Progressive Party,GMB,1982,0.363,0.109
5084,People's Progressive Party,GMB,1987,0.326,0.109
5084,People's Progressive Party,GMB,1992,0.319,0.109
5084,People's Progressive Party,GMB,2007,0.167,0.105
5954,Gambia Democratic Congress,GMB,2017,0.15,0.155
6215,Gambian People's Party,GMB,1992,0.217,0.188
2146,Burjanadze - Democrats Bloc,GEO,2003,0.381,0.542
2148,Citizens’ Union of Georgia,GEO,1995,0.808,0.13
2148,Citizens’ Union of Georgia,GEO,1999,0.824,0.13
2149,Democratic Party,GEO,1992,0.48,0.528
2150,Election Bloc ’For a New Georgia’,GEO,2003,0.629,0.336
2151,Bloc 11th October,GEO,1992,0.514,0.348
2152,Bloc Peace,GEO,1992,0.563,0.412
2153,Georgian Labour Party,GEO,2003,0.417,0.916
2153,Georgian Labour Party,GEO,2004,0.41,0.915
2153,Georgian Labour Party,GEO,2008,0.329,0.93
2159,Industry will save Georgia,GEO,1999,0.611,0.23
2161,National Democratic Party of Georgia,GEO,1992,0.58,0.399
2161,National Democratic Party of Georgia,GEO,1995,0.419,0.477
2162,New Rights,GEO,2003,0.412,0.38
2168,Union for the Democratic Revival,GEO,1995,0.898,0.276
2168,Union for the Democratic Revival,GEO,1999,0.894,0.34
2168,Union for the Democratic Revival,GEO,2003,0.938,0.4
2169,Union of Georgian Traditionalists,GEO,1992,0.519,0.403
2172,United National Movement,GEO,2003,0.203,0.913
2172,United National Movement,GEO,2004,0.305,0.748
2172,United National Movement,GEO,2008,0.61,0.556
2172,United National Movement,GEO,2012,0.64,0.593
2172,United National Movement,GEO,2016,0.343,0.77
2173,Unity Bloc,GEO,1992,0.614,0.389
2349,Christian Democratic Movement,GEO,2008,0.325,0.458
2988,Georgian Dream – Democratic Georgia,GEO,2012,0.394,0.568
2988,Georgian Dream – Democratic Georgia,GEO,2016,0.586,0.31
6114,Alliance of Patriots of Georgia,GEO,2016,0.828,0.828
7090,Rightist Opposition,GEO,2004,0.211,0.433
93539,alliance: United Opposition (National Council/Rights),GEO,2008,0.273,0.795
4235,Resistance of Guinea-Bissau-Bafatá Movement,GNB,1994,0.414,0.601
4235,Resistance of Guinea-Bissau-Bafatá Movement,GNB,1999,0.414,0.601
4236,Social Renewal Party,GNB,1994,0.459,0.606
4236,Social Renewal Party,GNB,1999,0.459,0.606
4236,Social Renewal Party,GNB,2004,0.459,0.606
4236,Social Renewal Party,GNB,2008,0.459,0.606
4236,Social Renewal Party,GNB,2014,0.473,0.606
4236,Social Renewal Party,GNB,2019,0.373,0.606
4237,African Party for the Independence of Guinea and Cape Verde,GNB,1972,0.973,0.423
4237,African Party for the Independence of Guinea and Cape Verde,GNB,1973,0.975,0.421
4237,African Party for the Independence of Guinea and Cape Verde,GNB,1977,0.975,0.418
4237,African Party for the Independence of Guinea and Cape Verde,GNB,1980,0.971,0.418
4237,African Party for the Independence of Guinea and Cape Verde,GNB,1984,0.975,0.418
4237,African Party for the Independence of Guinea and Cape Verde,GNB,1989,0.97,0.26
4237,African Party for the Independence of Guinea and Cape Verde,GNB,1994,0.865,0.418
4237,African Party for the Independence of Guinea and Cape Verde,GNB,1999,0.88,0.418
4237,African Party for the Independence of Guinea and Cape Verde,GNB,2004,0.868,0.418
4237,African Party for the Independence of Guinea and Cape Verde,GNB,2008,0.868,0.418
4237,African Party for the Independence of Guinea and Cape Verde,GNB,2014,0.828,0.418
4237,African Party for the Independence of Guinea and Cape Verde,GNB,2019,0.75,0.418
4238,United Social Democratic Party,GNB,2004,0.326,0.594
5158,Republican Party for Independence and Development,GNB,2008,0.334,0.589
5915,Union for Change,GNB,1994,0.33,0.477
7559,Assembly of the People United–Democratic Party of Guinea-Bissau,GNB,2019,0.341,0.504
7901,Madem G15,GNB,2019,0.345,0.541
2308,Jamaica Labour Party,JAM,1972,0.9,0.169
2308,Jamaica Labour Party,JAM,1976,0.923,0.147
2308,Jamaica Labour Party,JAM,1980,0.917,0.14
2308,Jamaica Labour Party,JAM,1983,0.9,0.225
2308,Jamaica Labour Party,JAM,1989,0.812,0.225
2308,Jamaica Labour Party,JAM,1993,0.8,0.218
2308,Jamaica Labour Party,JAM,1997,0.677,0.218
2308,Jamaica Labour Party,JAM,2002,0.507,0.215
2308,Jamaica Labour Party,JAM,2007,0.42,0.224
2308,Jamaica Labour Party,JAM,2011,0.431,0.234
2308,Jamaica Labour Party,JAM,2016,0.474,0.298
2309,People's National Party,JAM,1972,0.9,0.485
2309,People's National Party,JAM,1976,0.893,0.475
2309,People's National Party,JAM,1980,0.892,0.571
2309,People's National Party,JAM,1989,0.803,0.568
2309,People's National Party,JAM,1993,0.743,0.452
2309,People's National Party,JAM,1997,0.629,0.254
2309,People's National Party,JAM,2002,0.515,0.254
2309,People's National Party,JAM,2007,0.424,0.254
2309,People's National Party,JAM,2011,0.417,0.25
2309,People's National Party,JAM,2016,0.467,0.317
3747,Democratic Party of Kazakhstan Bright Path,KAZ,2004,0.317,0.288
3747,Democratic Party of Kazakhstan Bright Path,KAZ,2012,0.537,0.162
3747,Democratic Party of Kazakhstan Bright Path,KAZ,2016,0.537,0.162
3748,Nur Otan,KAZ,1999,0.704,0.145
3748,Nur Otan,KAZ,2004,0.695,0.149
3748,Nur Otan,KAZ,2007,0.681,0.149
3748,Nur Otan,KAZ,2012,0.662,0.149
3748,Nur Otan,KAZ,2016,0.662,0.049
3749,Communist People’s Party of Kazakhstan,KAZ,2012,0.565,0.267
3749,Communist People’s Party of Kazakhstan,KAZ,2016,0.565,0.277
4350,Communist Party of Kazakhstan,KAZ,1999,0.336,0.574
5366,Democratic Party,KAZ,1995,0.559,0.213
5367,Civic Party of Kazakhstan,KAZ,1999,0.505,0.27
5840,Agrarian Party of Kazakhstan,KAZ,1999,0.622,0.142
5840,Agrarian Party of Kazakhstan,KAZ,2004,0.622,0.142
5906,People's Union of Kazakhstan Unity,KAZ,1994,0.436,0.15
5906,People's Union of Kazakhstan Unity,KAZ,1995,0.572,0.15
5907,All Together,KAZ,2004,0.616,0.107
6228,Federation of Trade Unions of the Republic of Kazakhstan,KAZ,1994,0.317,0.217
6228,Federation of Trade Unions of the Republic of Kazakhstan,KAZ,1995,0.343,0.217
6229,Peoples' Congress of Kazakhstan,KAZ,1994,0.468,0.217
6378,Socialist Party of Kazakhstan,KAZ,1994,0.234,0.422
6379,Peasants Union of Kazakhstan,KAZ,1995,0.564,0.2
4526,Social Democratic Party Kyrgystan,KGZ,1995,0.578,0.666
4526,Social Democratic Party Kyrgystan,KGZ,2007,0.417,0.761
4526,Social Democratic Party Kyrgystan,KGZ,2010,0.655,0.564
4526,Social Democratic Party Kyrgystan,KGZ,2015,0.897,0.164
4527,Socialist Party 'Fatherland',KGZ,2000,0.555,0.795
4527,Socialist Party 'Fatherland',KGZ,2010,0.719,0.712
4527,Socialist Party 'Fatherland',KGZ,2015,0.557,0.847
4528,Respublika,KGZ,2010,0.678,0.147
4529,Ata Zhurt / Fatherland,KGZ,2010,0.8,0.432
5382,White Path,KGZ,2007,0.983,0.029
5612,Party of Communists of Kyrgyzstan,KGZ,2000,0.586,0.499
5612,Party of Communists of Kyrgyzstan,KGZ,2007,0.653,0.426
5908,Union of Democratic Forces,KGZ,2000,0.476,0.337
5909,My Country Party of Action,KGZ,2000,0.648,0.274
5910,Dignity,KGZ,2010,0.656,0.384
6341,Forward Kyrgyzstan,KGZ,2005,0.994,0.106
6382,Democratic Women's Party of Kyrgyzstan,KGZ,2000,0.54,0.405
6383,Political Party of Afghan War Veterans,KGZ,2000,0.729,0.335
6881,United Kyrgyzstan,KGZ,2010,0.808,0.8
6882,Respublika–Ata Zhurt,KGZ,2015,0.71,0.385
6883,Kyrgyzstan Party,KGZ,2015,0.888,0.306
6885,Önügüü–Progress,KGZ,2015,0.731,0.41
6886,Bir Bol,KGZ,2015,0.686,0.385
5203,Lao People's Revolutionary Party,LAO,1989,0.996,0.683
5203,Lao People's Revolutionary Party,LAO,1992,0.995,0.628
5203,Lao People's Revolutionary Party,LAO,1997,0.995,0.476
5203,Lao People's Revolutionary Party,LAO,2002,0.995,0.47
5203,Lao People's Revolutionary Party,LAO,2006,0.993,0.338
5203,Lao People's Revolutionary Party,LAO,2011,0.991,0.338
5203,Lao People's Revolutionary Party,LAO,2016,0.992,0.468
5833,National Progressive Party,LAO,1972,0.769,0.601
3638,Justice and Construction Party,LBY,2012,0.679,0.44
3639,National Forces Alliance,LBY,2012,0.439,0.439
8068,Arab Socialist Union of Libya,LBY,1971,0.997,0.908
8068,Arab Socialist Union of Libya,LBY,1976,0.997,0.906
5201,I Love Madagascar,MDG,2002,0.548,0.369
5201,I Love Madagascar,MDG,2007,0.683,0.369
5201,I Love Madagascar,MDG,2013,0.648,0.369
5201,I Love Madagascar,MDG,2019,0.655,0.369
5311,Association for the Rebirth of Madagascar,MDG,1977,0.994,0.498
5311,Association for the Rebirth of Madagascar,MDG,1983,0.993,0.498
5311,Association for the Rebirth of Madagascar,MDG,1989,0.983,0.449
5311,Association for the Rebirth of Madagascar,MDG,1998,0.862,0.389
5311,Association for the Rebirth of Madagascar,MDG,2002,0.92,0.384
5368,Committee of Active Forces,MDG,1993,0.417,0.285
5369,Congress Party for the Independence of Madagascar,MDG,1970,0.72,0.505
5369,Congress Party for the Independence of Madagascar,MDG,1972,0.716,0.505
5369,Congress Party for the Independence of Madagascar,MDG,1977,0.878,0.472
5369,Congress Party for the Independence of Madagascar,MDG,1983,0.878,0.47
5369,Congress Party for the Independence of Madagascar,MDG,1989,0.87,0.47
5370,Economic Liberalism and Democratic Action for National Recovery,MDG,1993,0.161,0.29
5370,Economic Liberalism and Democratic Action for National Recovery,MDG,1998,0.161,0.29
5372,Social Democratic Party of Madagascar and the Comoros,MDG,1970,0.906,0.509
5373,Judged By Your Work Party,MDG,1998,0.475,0.251
5692,Popular Impulse for National Unity,MDG,1977,0.911,0.39
5692,Popular Impulse for National Unity,MDG,1983,0.91,0.39
5692,Popular Impulse for National Unity,MDG,1989,0.919,0.393
5838,Party for Proletarian Power / Movement for the Progress of Madagascar,MDG,1983,0.906,0.928
5838,Party for Proletarian Power / Movement for the Progress of Madagascar,MDG,1989,0.913,0.908
5869,National Union for Democracy and Development,MDG,1993,0.461,0.323
6086,Rally for Socialism and Democracy,MDG,1993,0.715,0.339
6086,Rally for Socialism and Democracy,MDG,1998,0.714,0.339
6225,Association of United Malagasys,MDG,1993,0.53,0.351
6226,Fihaonana Party,MDG,1993,0.577,0.344
6227,Political-based groups working together,MDG,2013,0.62,0.193
6227,Political-based groups working together,MDG,2019,0.507,0.193
6598,Militant Party for the Development of Madagascar,MDG,1993,0.681,0.464
8069,With President Andry Rajoelina,MDG,2013,0.656,0.129
8069,With President Andry Rajoelina,MDG,2019,0.572,0.129
93555,alliance: National Union (FP),MDG,2002,0.582,0.33
2259,Party Alliance Our Moldova,MDA,2009,0.354,0.323
2260,Party of Communists of the Republic of Moldova,MDA,1998,0.843,0.161
2260,Party of Communists of the Republic of Moldova,MDA,2001,0.887,0.161
2260,Party of Communists of the Republic of Moldova,MDA,2005,0.937,0.161
2260,Party of Communists of the Republic of Moldova,MDA,2009,0.957,0.161
2260,Party of Communists of the Republic of Moldova,MDA,2010,0.882,0.429
2260,Party of Communists of the Republic of Moldova,MDA,2014,0.751,0.429
2261,Party of Democratic Forces,MDA,1998,0.547,0.328
2262,Agrarian Democratic Party of Moldova,MDA,1994,0.457,0.16
2263,Bloc of Peasants and Intellectuals,MDA,1994,0.415,0.333
2264,Christian Democratic People's Party,MDA,1994,0.515,0.336
2264,Christian Democratic People's Party,MDA,2001,0.572,0.324
2264,Christian Democratic People's Party,MDA,2005,0.572,0.324
2265,Democratic Party of Moldova,MDA,2009,0.397,0.368
2265,Democratic Party of Moldova,MDA,2010,0.416,0.368
2265,Democratic Party of Moldova,MDA,2014,0.657,0.368
2265,Democratic Party of Moldova,MDA,2019,0.664,0.3
2266,Electoral Bloc Democratic Convention of Moldova,MDA,1998,0.394,0.47
2267,"Electoral Bloc """"Democratic Moldova""""",MDA,2005,0.211,0.466
2268,"Electoral Bloc """"For a Democratic and Prosperous Moldova""""",MDA,1998,0.354,0.331
2269,Electoral Block 'Braghis Alliance',MDA,2001,0.429,0.329
2271,Liberal Democratic Party of Moldova,MDA,2009,0.363,0.296
2271,Liberal Democratic Party of Moldova,MDA,2010,0.325,0.143
2271,Liberal Democratic Party of Moldova,MDA,2014,0.325,0.292
2272,Liberal Party,MDA,2009,0.622,0.153
2272,Liberal Party,MDA,2010,0.622,0.153
2272,Liberal Party,MDA,2014,0.622,0.36
2553,Party of Socialists of the Republic of Moldova,MDA,2014,0.617,0.577
2553,Party of Socialists of the Republic of Moldova,MDA,2019,0.731,0.575
3180,Republican Socio-Political Movement Equality,MDA,2019,0.709,0.586
7904,Party of Action and Solidarity,MDA,2019,0.139,0.627
93569,alliance: Electoral Bloc of the Socialist Party and the Movement ‘Unity',MDA,1994,0.425,0.327
2331,South West Africa People's Organization,NAM,1989,0.698,0.45
2331,South West Africa People's Organization,NAM,1994,0.705,0.102
2331,South West Africa People's Organization,NAM,1999,0.764,0.102
2331,South West Africa People's Organization,NAM,2004,0.729,0.102
2331,South West Africa People's Organization,NAM,2009,0.776,0.102
2331,South West Africa People's Organization,NAM,2014,0.708,0.102
2331,South West Africa People's Organization,NAM,2019,0.81,0.398
2355,United Democratic Front,NAM,1989,0.485,0.671
2356,Democratic Turnhalle Alliance,NAM,1978,0.779,0.438
2356,Democratic Turnhalle Alliance,NAM,1989,0.643,0.407
2356,Democratic Turnhalle Alliance,NAM,1994,0.557,0.582
2356,Democratic Turnhalle Alliance,NAM,1999,0.575,0.643
2356,Democratic Turnhalle Alliance,NAM,2004,0.509,0.643
2356,Democratic Turnhalle Alliance,NAM,2009,0.509,0.643
2356,Democratic Turnhalle Alliance,NAM,2014,0.509,0.61
2356,Democratic Turnhalle Alliance,NAM,2019,0.492,0.48
2358,Congress of Democrats,NAM,1999,0.232,0.567
2358,Congress of Democrats,NAM,2004,0.232,0.567
4895,Rally for Democracy and Progress,NAM,2009,0.477,0.651
6447,Action Front for the Retention of Turnhalle Principles,NAM,1978,0.968,0.106
6601,National Party of South West Africa,NAM,1970,0.972,0.095
6601,National Party of South West Africa,NAM,1974,0.972,0.095
6233,Fatah Movement / Palestinian National Liberation Movement,PSE,1996,0.267,0.353
6233,Fatah Movement / Palestinian National Liberation Movement,PSE,2006,0.512,0.346
8011,Hamas,PSE,2006,0.752,0.731
3283,Rwandan Patriotic Front,RWA,1995,0.821,0.228
3283,Rwandan Patriotic Front,RWA,2000,0.835,0.374
3283,Rwandan Patriotic Front,RWA,2003,0.73,0.339
3283,Rwandan Patriotic Front,RWA,2008,0.694,0.348
3283,Rwandan Patriotic Front,RWA,2013,0.711,0.377
3283,Rwandan Patriotic Front,RWA,2018,0.669,0.378
3657,Liberal Party,RWA,2003,0.307,0.124
3657,Liberal Party,RWA,2008,0.253,0.123
3657,Liberal Party,RWA,2013,0.235,0.126
3657,Liberal Party,RWA,2018,0.231,0.127
3658,Social Democratic Party,RWA,2003,0.27,0.152
3658,Social Democratic Party,RWA,2008,0.266,0.149
3658,Social Democratic Party,RWA,2013,0.265,0.181
3658,Social Democratic Party,RWA,2018,0.27,0.182
6055,National Republican Movement for Democracy and Development,RWA,1975,0.997,0.276
6055,National Republican Movement for Democracy and Development,RWA,1981,0.997,0.528
6055,National Republican Movement for Democracy and Development,RWA,1983,0.997,0.552
6055,National Republican Movement for Democracy and Development,RWA,1988,0.991,0.611
7995,Social Party Imberakuri,RWA,2018,0.251,0.359
7996,Democratic Green Party of Rwanda,RWA,2018,0.169,0.462
5286,Somali Revolutionary Socialist Party,SOM,1976,0.999,0.418
5286,Somali Revolutionary Socialist Party,SOM,1979,0.999,0.185
5286,Somali Revolutionary Socialist Party,SOM,1984,0.999,0.181
1966,United National Party,LKA,1970,0.848,0.239
1966,United National Party,LKA,1977,0.916,0.241
1966,United National Party,LKA,1989,0.95,0.246
1966,United National Party,LKA,1994,0.911,0.242
1966,United National Party,LKA,2000,0.906,0.246
1966,United National Party,LKA,2001,0.907,0.241
1966,United National Party,LKA,2004,0.898,0.242
1966,United National Party,LKA,2010,0.844,0.247
1966,United National Party,LKA,2015,0.663,0.273
1967,Sri Lanka Freedom Party,LKA,1970,0.911,0.566
1967,Sri Lanka Freedom Party,LKA,1977,0.948,0.555
1967,Sri Lanka Freedom Party,LKA,1989,0.908,0.554
1967,Sri Lanka Freedom Party,LKA,1994,0.722,0.522
1967,Sri Lanka Freedom Party,LKA,2000,0.852,0.507
1967,Sri Lanka Freedom Party,LKA,2001,0.852,0.506
1967,Sri Lanka Freedom Party,LKA,2004,0.872,0.551
1967,Sri Lanka Freedom Party,LKA,2010,0.958,0.606
1967,Sri Lanka Freedom Party,LKA,2015,0.953,0.606
4066,Tamil United Liberation Front,LKA,1977,0.488,0.399
4067,People's Liberation Front,LKA,2000,0.822,0.888
4067,People's Liberation Front,LKA,2001,0.783,0.886
4160,National Heritage Party,LKA,2004,0.908,0.715
5414,Lanka Equal Society Party,LKA,1970,0.744,0.912
5414,Lanka Equal Society Party,LKA,1994,0.639,0.857
5414,Lanka Equal Society Party,LKA,2000,0.626,0.855
5414,Lanka Equal Society Party,LKA,2001,0.688,0.856
5414,Lanka Equal Society Party,LKA,2004,0.656,0.839
5414,Lanka Equal Society Party,LKA,2010,0.751,0.781
5729,Tamil National Alliance,LKA,2004,0.69,0.639
6691,Communist Party of Sri Lanka,LKA,1994,0.684,0.877
6691,Communist Party of Sri Lanka,LKA,2000,0.687,0.88
6691,Communist Party of Sri Lanka,LKA,2001,0.65,0.863
6691,Communist Party of Sri Lanka,LKA,2004,0.682,0.846
6691,Communist Party of Sri Lanka,LKA,2010,0.723,0.742
6691,Communist Party of Sri Lanka,LKA,2015,0.665,0.846
8070,Ceylon Workers' Congress,LKA,1989,0.616,0.747
8070,Ceylon Workers' Congress,LKA,1994,0.594,0.743
8070,Ceylon Workers' Congress,LKA,2000,0.601,0.723
8070,Ceylon Workers' Congress,LKA,2001,0.593,0.72
8070,Ceylon Workers' Congress,LKA,2004,0.597,0.654
8070,Ceylon Workers' Congress,LKA,2010,0.571,0.702
8070,Ceylon Workers' Congress,LKA,2015,0.568,0.703
93599,alliance: Democratic National Alliance,LKA,2010,0.836,0.314
5558,Imbokodvo National Movement,SWZ,1972,0.99,0.089
5559,Ngwane National Liberatory Congress,SWZ,1972,0.605,0.754
4905,Communist Party of Tajikistan,TJK,1995,0.962,0.318
4905,Communist Party of Tajikistan,TJK,2000,0.864,0.26
4905,Communist Party of Tajikistan,TJK,2005,0.772,0.341
4906,People's Democratic Party of Tajikistan,TJK,1995,0.948,0.328
4906,People's Democratic Party of Tajikistan,TJK,2000,0.938,0.174
4906,People's Democratic Party of Tajikistan,TJK,2005,0.964,0.06
4906,People's Democratic Party of Tajikistan,TJK,2010,0.974,0.06
4906,People's Democratic Party of Tajikistan,TJK,2015,0.996,0.06
5697,Islamic Renaissance Party of Tajikistan,TJK,2000,0.547,0.738
5697,Islamic Renaissance Party of Tajikistan,TJK,2005,0.427,0.773
6933,Agrarian Party,TJK,2015,0.876,0.063
4129,Union for the Republic,TGO,2013,0.912,0.06
4129,Union for the Republic,TGO,2018,0.912,0.06
4130,Union of Forces for Change,TGO,2007,0.53,0.577
4130,Union of Forces for Change,TGO,2013,0.414,0.482
4130,Union of Forces for Change,TGO,2018,0.414,0.482
4131,Rally of the Togolese People,TGO,1970,0.998,0.08
4131,Rally of the Togolese People,TGO,1975,0.998,0.068
4131,Rally of the Togolese People,TGO,1979,0.998,0.094
4131,Rally of the Togolese People,TGO,1985,0.998,0.065
4131,Rally of the Togolese People,TGO,1990,0.997,0.065
4131,Rally of the Togolese People,TGO,1994,0.969,0.065
4131,Rally of the Togolese People,TGO,1999,0.951,0.067
4131,Rally of the Togolese People,TGO,2002,0.951,0.067
4131,Rally of the Togolese People,TGO,2007,0.925,0.067
4133,Action Committee for Renewal,TGO,1994,0.222,0.635
4133,Action Committee for Renewal,TGO,2007,0.283,0.56
4133,Action Committee for Renewal,TGO,2013,0.3,0.642
5767,National Alliance for Change,TGO,2013,0.354,0.706
6613,Togolese Union for Democracy,TGO,1994,0.184,0.603
7659,Movement of Centrist Republicans,TGO,2018,0.859,0.475
7660,New Togolese Commitment,TGO,2018,0.844,0.359
7661,Pan-African Democratic Party,TGO,2018,0.818,0.344
7662,Patriotic Movement for Democracy and Development,TGO,2018,0.461,0.46
8071,Alliance of Democrats for Integral Development,TGO,2013,0.232,0.601
4281,United National Congress,TTO,1991,0.318,0.55
4281,United National Congress,TTO,1995,0.315,0.49
4281,United National Congress,TTO,2000,0.324,0.585
4281,United National Congress,TTO,2001,0.279,0.521
4281,United National Congress,TTO,2002,0.277,0.438
4281,United National Congress,TTO,2007,0.235,0.524
4281,United National Congress,TTO,2015,0.29,0.418
4283,People’s National Movement,TTO,1971,0.397,0.356
4283,People’s National Movement,TTO,1976,0.403,0.351
4283,People’s National Movement,TTO,1981,0.383,0.356
4283,People’s National Movement,TTO,1986,0.419,0.314
4283,People’s National Movement,TTO,1991,0.399,0.314
4283,People’s National Movement,TTO,1995,0.403,0.314
4283,People’s National Movement,TTO,2000,0.391,0.389
4283,People’s National Movement,TTO,2001,0.368,0.383
4283,People’s National Movement,TTO,2002,0.368,0.319
4283,People’s National Movement,TTO,2007,0.34,0.319
4283,People’s National Movement,TTO,2010,0.342,0.322
4283,People’s National Movement,TTO,2015,0.342,0.392
4284,National Alliance for Reconstruction,TTO,1981,0.282,0.499
4284,National Alliance for Reconstruction,TTO,1986,0.275,0.578
4284,National Alliance for Reconstruction,TTO,1991,0.34,0.496
4285,Congress of the People,TTO,2015,0.292,0.437
5386,Democratic Labour Party,TTO,1971,0.291,0.504
5387,United Labour Front,TTO,1976,0.256,0.723
5388,People's Partnership,TTO,2010,0.354,0.693
5698,Democratic Action Congress,TTO,1976,0.315,0.446
5202,Democratic Party of Turkmenistan,TKM,1994,0.951,0.067
5202,Democratic Party of Turkmenistan,TKM,1999,0.951,0.067
5202,Democratic Party of Turkmenistan,TKM,2004,0.951,0.067
5202,Democratic Party of Turkmenistan,TKM,2008,0.951,0.067
5202,Democratic Party of Turkmenistan,TKM,2013,0.951,0.067
5202,Democratic Party of Turkmenistan,TKM,2018,0.951,0.067
5889,Women's Union of Turkmenistan,TKM,2013,0.942,0.067
5890,Party of Industrialists and Entrepreneurs,TKM,2013,0.951,0.067
5890,Party of Industrialists and Entrepreneurs,TKM,2018,0.951,0.067
7663,Agrarian Party,TKM,2018,0.94,0.069
4108,"For Unity, Democracy, and Independence",SML,2005,0.697,0.188
4109,"Peace, Unity, and Development Party",SML,2005,0.601,0.515
4110,For Justice and Development,SML,2005,0.523,0.568
5099,Uzbekistan Liberal Democratic Party,UZB,2004,0.862,0.102
5099,Uzbekistan Liberal Democratic Party,UZB,2009,0.842,0.102
5099,Uzbekistan Liberal Democratic Party,UZB,2014,0.841,0.106
5099,Uzbekistan Liberal Democratic Party,UZB,2019,0.73,0.206
5100,People's Democratic Party of Uzbekistan,UZB,1995,0.753,0.105
5100,People's Democratic Party of Uzbekistan,UZB,1999,0.864,0.105
5100,People's Democratic Party of Uzbekistan,UZB,2004,0.865,0.105
5100,People's Democratic Party of Uzbekistan,UZB,2009,0.846,0.108
5100,People's Democratic Party of Uzbekistan,UZB,2014,0.802,0.105
5100,People's Democratic Party of Uzbekistan,UZB,2019,0.757,0.216
5101,Justice Social Democratic Party,UZB,1995,0.641,0.051
5101,Justice Social Democratic Party,UZB,2014,0.753,0.048
5101,Justice Social Democratic Party,UZB,2019,0.695,0.166
5102,Uzbekistan National Revival Democratic Party,UZB,2004,0.774,0.104
5102,Uzbekistan National Revival Democratic Party,UZB,2009,0.758,0.107
5102,Uzbekistan National Revival Democratic Party,UZB,2014,0.757,0.104
5102,Uzbekistan National Revival Democratic Party,UZB,2019,0.709,0.214
5648,Progress Party of the Fatherland,UZB,1995,0.758,0.107
5648,Progress Party of the Fatherland,UZB,1999,0.754,0.104
5831,Self-Sacrifice National Democratic Party,UZB,1999,0.792,0.105
5831,Self-Sacrifice National Democratic Party,UZB,2004,0.785,0.105
7320,Ecological Movement of Uzbekistan,UZB,2014,0.761,0.108
7320,Ecological Movement of Uzbekistan,UZB,2019,0.711,0.21
463,Freedom Party of Austria,AUT,1970,0.168,0.434
463,Freedom Party of Austria,AUT,1971,0.168,0.434
463,Freedom Party of Austria,AUT,1975,0.168,0.434
463,Freedom Party of Austria,AUT,1979,0.168,0.492
463,Freedom Party of Austria,AUT,1983,0.168,0.441
463,Freedom Party of Austria,AUT,1986,0.476,0.727
463,Freedom Party of Austria,AUT,1990,0.476,0.805
463,Freedom Party of Austria,AUT,1994,0.476,0.805
463,Freedom Party of Austria,AUT,1995,0.476,0.805
463,Freedom Party of Austria,AUT,1999,0.415,0.805
463,Freedom Party of Austria,AUT,2002,0.415,0.729
463,Freedom Party of Austria,AUT,2006,0.415,0.729
463,Freedom Party of Austria,AUT,2008,0.349,0.804
463,Freedom Party of Austria,AUT,2013,0.369,0.804
463,Freedom Party of Austria,AUT,2017,0.387,0.804
463,Freedom Party of Austria,AUT,2019,0.387,0.782
599,Alliance for the Future of Austria,AUT,2008,0.318,0.545
605,Liberal Forum,AUT,1994,0.022,0.243
605,Liberal Forum,AUT,1995,0.022,0.243
1329,Austrian People's Party,AUT,1970,0.044,0.092
1329,Austrian People's Party,AUT,1971,0.044,0.092
1329,Austrian People's Party,AUT,1975,0.044,0.092
1329,Austrian People's Party,AUT,1979,0.044,0.092
1329,Austrian People's Party,AUT,1983,0.044,0.092
1329,Austrian People's Party,AUT,1986,0.044,0.092
1329,Austrian People's Party,AUT,1990,0.044,0.092
1329,Austrian People's Party,AUT,1994,0.044,0.092
1329,Austrian People's Party,AUT,1995,0.044,0.092
1329,Austrian People's Party,AUT,1999,0.044,0.092
1329,Austrian People's Party,AUT,2002,0.044,0.092
1329,Austrian People's Party,AUT,2006,0.044,0.092
1329,Austrian People's Party,AUT,2008,0.044,0.092
1329,Austrian People's Party,AUT,2013,0.044,0.092
1329,Austrian People's Party,AUT,2017,0.068,0.192
1329,Austrian People's Party,AUT,2019,0.068,0.192
1384,Social Democratic Party of Austria,AUT,1970,0.042,0.199
1384,Social Democratic Party of Austria,AUT,1971,0.042,0.199
1384,Social Democratic Party of Austria,AUT,1975,0.042,0.199
1384,Social Democratic Party of Austria,AUT,1979,0.042,0.199
1384,Social Democratic Party of Austria,AUT,1983,0.042,0.122
1384,Social Democratic Party of Austria,AUT,1986,0.042,0.09
1384,Social Democratic Party of Austria,AUT,1990,0.049,0.09
1384,Social Democratic Party of Austria,AUT,1994,0.049,0.09
1384,Social Democratic Party of Austria,AUT,1995,0.049,0.09
1384,Social Democratic Party of Austria,AUT,1999,0.049,0.169
1384,Social Democratic Party of Austria,AUT,2002,0.05,0.256
1384,Social Democratic Party of Austria,AUT,2006,0.05,0.232
1384,Social Democratic Party of Austria,AUT,2008,0.043,0.087
1384,Social Democratic Party of Austria,AUT,2013,0.049,0.087
1384,Social Democratic Party of Austria,AUT,2017,0.056,0.139
1384,Social Democratic Party of Austria,AUT,2019,0.056,0.192
1659,The Greens -- The Green Alternative,AUT,1994,0.028,0.294
1659,The Greens -- The Green Alternative,AUT,1999,0.029,0.301
1659,The Greens -- The Green Alternative,AUT,2002,0.029,0.301
1659,The Greens -- The Green Alternative,AUT,2006,0.029,0.301
1659,The Greens -- The Green Alternative,AUT,2008,0.029,0.301
1659,The Greens -- The Green Alternative,AUT,2013,0.029,0.301
1659,The Greens -- The Green Alternative,AUT,2019,0.029,0.297
1970,NEOS – The New Austria,AUT,2013,0.019,0.245
1970,NEOS – The New Austria,AUT,2017,0.019,0.245
1970,NEOS – The New Austria,AUT,2019,0.019,0.245
1971,Team Stronach,AUT,2013,0.505,0.797
5806,Al-Wefaq National Islamic Societ,BHR,2006,0.428,0.556
5806,Al-Wefaq National Islamic Societ,BHR,2010,0.433,0.555
5883,Al Asalah Islamic Society,BHR,2006,0.983,0.496
5883,Al Asalah Islamic Society,BHR,2010,0.98,0.496
5883,Al Asalah Islamic Society,BHR,2014,0.976,0.481
5894,Al Menbar National Islamic Society,BHR,2006,0.943,0.495
5894,Al Menbar National Islamic Society,BHR,2010,0.94,0.495
5894,Al Menbar National Islamic Society,BHR,2014,0.92,0.482
7413,Liberals [no-party],BHR,2002,0.644,0.39
7414,Islamic Societies [no-party],BHR,2002,0.974,0.47
3686,Democratic Labour Party,BRB,1971,0.452,0.756
3686,Democratic Labour Party,BRB,1976,0.206,0.756
3686,Democratic Labour Party,BRB,1981,0.206,0.756
3686,Democratic Labour Party,BRB,1986,0.206,0.756
3686,Democratic Labour Party,BRB,1991,0.206,0.756
3686,Democratic Labour Party,BRB,1994,0.206,0.756
3686,Democratic Labour Party,BRB,1999,0.206,0.756
3686,Democratic Labour Party,BRB,2003,0.3,0.756
3686,Democratic Labour Party,BRB,2008,0.3,0.756
3686,Democratic Labour Party,BRB,2013,0.3,0.756
3686,Democratic Labour Party,BRB,2018,0.566,0.756
3693,National Democratic Party,BRB,1994,0.208,0.603
3694,Barbados Labour Party,BRB,1971,0.458,0.308
3694,Barbados Labour Party,BRB,1976,0.213,0.308
3694,Barbados Labour Party,BRB,1981,0.213,0.308
3694,Barbados Labour Party,BRB,1986,0.213,0.308
3694,Barbados Labour Party,BRB,1991,0.213,0.481
3694,Barbados Labour Party,BRB,1994,0.213,0.307
3694,Barbados Labour Party,BRB,1999,0.213,0.307
3694,Barbados Labour Party,BRB,2003,0.213,0.307
3694,Barbados Labour Party,BRB,2008,0.213,0.307
3694,Barbados Labour Party,BRB,2013,0.213,0.307
3694,Barbados Labour Party,BRB,2018,0.213,0.369
36,New Flemish Alliance,BEL,2010,0.088,0.562
36,New Flemish Alliance,BEL,2014,0.097,0.501
36,New Flemish Alliance,BEL,2019,0.072,0.537
49,Party of Liberty and Progress -- Open Flemish Liberals and Democrats,BEL,1971,0.039,0.068
49,Party of Liberty and Progress -- Open Flemish Liberals and Democrats,BEL,1974,0.039,0.068
49,Party of Liberty and Progress -- Open Flemish Liberals and Democrats,BEL,1977,0.039,0.068
49,Party of Liberty and Progress -- Open Flemish Liberals and Democrats,BEL,1978,0.039,0.068
49,Party of Liberty and Progress -- Open Flemish Liberals and Democrats,BEL,1981,0.039,0.068
49,Party of Liberty and Progress -- Open Flemish Liberals and Democrats,BEL,1985,0.039,0.068
49,Party of Liberty and Progress -- Open Flemish Liberals and Democrats,BEL,1987,0.045,0.068
49,Party of Liberty and Progress -- Open Flemish Liberals and Democrats,BEL,1991,0.045,0.068
49,Party of Liberty and Progress -- Open Flemish Liberals and Democrats,BEL,1995,0.045,0.068
49,Party of Liberty and Progress -- Open Flemish Liberals and Democrats,BEL,1999,0.045,0.068
49,Party of Liberty and Progress -- Open Flemish Liberals and Democrats,BEL,2003,0.029,0.032
49,Party of Liberty and Progress -- Open Flemish Liberals and Democrats,BEL,2007,0.029,0.032
49,Party of Liberty and Progress -- Open Flemish Liberals and Democrats,BEL,2010,0.038,0.032
49,Party of Liberty and Progress -- Open Flemish Liberals and Democrats,BEL,2014,0.038,0.032
49,Party of Liberty and Progress -- Open Flemish Liberals and Democrats,BEL,2019,0.038,0.032
281,Walloon Rally,BEL,1971,0.067,0.295
281,Walloon Rally,BEL,1974,0.067,0.295
480,Belgian Socialist Party,BEL,1971,0.04,0.07
480,Belgian Socialist Party,BEL,1974,0.04,0.07
480,Belgian Socialist Party,BEL,1977,0.04,0.07
500,Socialist Party [Francophone],BEL,1978,0.041,0.143
500,Socialist Party [Francophone],BEL,1981,0.041,0.143
500,Socialist Party [Francophone],BEL,1985,0.041,0.143
500,Socialist Party [Francophone],BEL,1987,0.041,0.143
500,Socialist Party [Francophone],BEL,1991,0.041,0.143
500,Socialist Party [Francophone],BEL,1995,0.041,0.143
500,Socialist Party [Francophone],BEL,1999,0.041,0.143
500,Socialist Party [Francophone],BEL,2003,0.041,0.143
500,Socialist Party [Francophone],BEL,2007,0.041,0.143
500,Socialist Party [Francophone],BEL,2010,0.052,0.143
500,Socialist Party [Francophone],BEL,2014,0.052,0.143
500,Socialist Party [Francophone],BEL,2019,0.052,0.143
528,Agalev -- Green,BEL,1999,0.03,0.097
528,Agalev -- Green,BEL,2014,0.042,0.111
528,Agalev -- Green,BEL,2019,0.042,0.25
553,Flemish Block / Interest,BEL,1991,0.405,0.812
553,Flemish Block / Interest,BEL,1995,0.405,0.812
553,Flemish Block / Interest,BEL,1999,0.405,0.812
553,Flemish Block / Interest,BEL,2003,0.405,0.812
553,Flemish Block / Interest,BEL,2007,0.405,0.812
553,Flemish Block / Interest,BEL,2010,0.405,0.812
554,Liberal Reformist Party,BEL,1971,0.042,0.072
554,Liberal Reformist Party,BEL,1974,0.042,0.072
554,Liberal Reformist Party,BEL,1977,0.042,0.072
554,Liberal Reformist Party,BEL,1978,0.042,0.072
554,Liberal Reformist Party,BEL,1981,0.042,0.072
554,Liberal Reformist Party,BEL,1985,0.042,0.072
554,Liberal Reformist Party,BEL,1987,0.042,0.072
554,Liberal Reformist Party,BEL,1991,0.042,0.072
554,Liberal Reformist Party,BEL,1995,0.042,0.072
554,Liberal Reformist Party,BEL,1999,0.042,0.072
622,Flemish Christian Peoples Party,BEL,1971,0.041,0.031
622,Flemish Christian Peoples Party,BEL,1974,0.041,0.031
622,Flemish Christian Peoples Party,BEL,1977,0.041,0.031
622,Flemish Christian Peoples Party,BEL,1978,0.041,0.031
622,Flemish Christian Peoples Party,BEL,1981,0.041,0.031
622,Flemish Christian Peoples Party,BEL,1985,0.041,0.031
622,Flemish Christian Peoples Party,BEL,1987,0.041,0.031
622,Flemish Christian Peoples Party,BEL,1991,0.041,0.031
622,Flemish Christian Peoples Party,BEL,1995,0.041,0.031
622,Flemish Christian Peoples Party,BEL,1999,0.041,0.031
622,Flemish Christian Peoples Party,BEL,2003,0.041,0.031
622,Flemish Christian Peoples Party,BEL,2010,0.04,0.048
622,Flemish Christian Peoples Party,BEL,2014,0.03,0.05
622,Flemish Christian Peoples Party,BEL,2019,0.03,0.05
633,Francophone Christian Social Party,BEL,1971,0.042,0.032
633,Francophone Christian Social Party,BEL,1974,0.042,0.032
633,Francophone Christian Social Party,BEL,1977,0.042,0.032
633,Francophone Christian Social Party,BEL,1978,0.042,0.032
633,Francophone Christian Social Party,BEL,1981,0.042,0.032
633,Francophone Christian Social Party,BEL,1985,0.042,0.032
633,Francophone Christian Social Party,BEL,1987,0.042,0.032
633,Francophone Christian Social Party,BEL,1991,0.042,0.032
633,Francophone Christian Social Party,BEL,1995,0.042,0.032
633,Francophone Christian Social Party,BEL,1999,0.042,0.032
633,Francophone Christian Social Party,BEL,2003,0.042,0.032
633,Francophone Christian Social Party,BEL,2007,0.042,0.032
633,Francophone Christian Social Party,BEL,2010,0.042,0.032
633,Francophone Christian Social Party,BEL,2014,0.042,0.032
698,Front Démocratique des Francophones / DéFI,BEL,1974,0.053,0.416
756,Christian-Democrat and Flemish / New Flemish Alliance,BEL,2007,0.054,0.314
789,Reformist Movement,BEL,2003,0.03,0.031
789,Reformist Movement,BEL,2007,0.03,0.031
789,Reformist Movement,BEL,2010,0.03,0.031
789,Reformist Movement,BEL,2014,0.03,0.031
789,Reformist Movement,BEL,2019,0.03,0.031
1424,People's Union [Flemish Concentration],BEL,1971,0.072,0.202
1424,People's Union [Flemish Concentration],BEL,1974,0.072,0.202
1424,People's Union [Flemish Concentration],BEL,1977,0.072,0.202
1424,People's Union [Flemish Concentration],BEL,1978,0.072,0.202
1424,People's Union [Flemish Concentration],BEL,1981,0.072,0.202
1424,People's Union [Flemish Concentration],BEL,1985,0.072,0.202
1424,People's Union [Flemish Concentration],BEL,1987,0.072,0.202
1424,People's Union [Flemish Concentration],BEL,1991,0.072,0.202
1424,People's Union [Flemish Concentration],BEL,1999,0.072,0.199
1563,Confederated ecologists for the organisation of original struggles,BEL,1991,0.029,0.116
1563,Confederated ecologists for the organisation of original struggles,BEL,1999,0.029,0.12
1563,Confederated ecologists for the organisation of original struggles,BEL,2007,0.032,0.109
1563,Confederated ecologists for the organisation of original struggles,BEL,2019,0.031,0.12
1586,Socialist Party Different / Social Liberal Party / Spirit,BEL,2003,0.086,0.262
1586,Socialist Party Different / Social Liberal Party / Spirit,BEL,2007,0.086,0.216
1680,Socialist Party Differently,BEL,1978,0.088,0.218
1680,Socialist Party Differently,BEL,1981,0.088,0.218
1680,Socialist Party Differently,BEL,1985,0.088,0.218
1680,Socialist Party Differently,BEL,1987,0.088,0.218
1680,Socialist Party Differently,BEL,1991,0.088,0.218
1680,Socialist Party Differently,BEL,1995,0.088,0.218
1680,Socialist Party Differently,BEL,1999,0.088,0.218
1680,Socialist Party Differently,BEL,2010,0.085,0.302
1680,Socialist Party Differently,BEL,2014,0.085,0.302
1680,Socialist Party Differently,BEL,2019,0.085,0.302
1753,Workers' Party of Belgium,BEL,2019,0.272,0.848
1968,Flemish Interest,BEL,2019,0.375,0.813
292,Alliance of Independent Social Democrats,BIH,2002,0.919,0.095
292,Alliance of Independent Social Democrats,BIH,2006,0.923,0.095
292,Alliance of Independent Social Democrats,BIH,2010,0.939,0.095
292,Alliance of Independent Social Democrats,BIH,2014,0.939,0.095
292,Alliance of Independent Social Democrats,BIH,2018,0.939,0.095
357,Party for Bosnia and Herzegovina,BIH,2000,0.643,0.184
357,Party for Bosnia and Herzegovina,BIH,2002,0.643,0.184
357,Party for Bosnia and Herzegovina,BIH,2006,0.652,0.184
357,Party for Bosnia and Herzegovina,BIH,2010,0.652,0.184
537,Social Democratic Party of Bosnia and Hercegovina,BIH,1998,0.728,0.141
537,Social Democratic Party of Bosnia and Hercegovina,BIH,2000,0.555,0.143
537,Social Democratic Party of Bosnia and Hercegovina,BIH,2002,0.555,0.143
537,Social Democratic Party of Bosnia and Hercegovina,BIH,2006,0.555,0.143
537,Social Democratic Party of Bosnia and Hercegovina,BIH,2010,0.555,0.143
537,Social Democratic Party of Bosnia and Hercegovina,BIH,2014,0.555,0.144
537,Social Democratic Party of Bosnia and Hercegovina,BIH,2018,0.555,0.145
1166,Serbian Democratic Party,BIH,1996,0.939,0.182
1166,Serbian Democratic Party,BIH,1998,0.939,0.182
1166,Serbian Democratic Party,BIH,2000,0.939,0.182
1166,Serbian Democratic Party,BIH,2002,0.939,0.182
1166,Serbian Democratic Party,BIH,2006,0.922,0.182
1166,Serbian Democratic Party,BIH,2010,0.922,0.182
1166,Serbian Democratic Party,BIH,2014,0.922,0.182
1166,Serbian Democratic Party,BIH,2018,0.922,0.182
1222,Serbian Radical Party of the Republika Srpska,BIH,1998,0.828,0.122
1340,Coalition for a United and Democratic Bosnia and Herzegovina,BIH,1998,0.982,0.089
1454,Party of Democratic Action,BIH,1996,0.516,0.162
1454,Party of Democratic Action,BIH,2000,0.527,0.156
1454,Party of Democratic Action,BIH,2002,0.474,0.156
1454,Party of Democratic Action,BIH,2006,0.474,0.156
1454,Party of Democratic Action,BIH,2010,0.474,0.156
1454,Party of Democratic Action,BIH,2014,0.474,0.156
1454,Party of Democratic Action,BIH,2018,0.474,0.156
1673,Party of Democratic Progress,BIH,2000,0.851,0.381
1673,Party of Democratic Progress,BIH,2006,0.849,0.377
1760,Croatian Democratic Union of Bosnia and Herzegovina,BIH,1996,0.94,0.093
1760,Croatian Democratic Union of Bosnia and Herzegovina,BIH,1998,0.94,0.093
1760,Croatian Democratic Union of Bosnia and Herzegovina,BIH,2000,0.94,0.093
1760,Croatian Democratic Union of Bosnia and Herzegovina,BIH,2002,0.94,0.093
1760,Croatian Democratic Union of Bosnia and Herzegovina,BIH,2006,0.94,0.093
1760,Croatian Democratic Union of Bosnia and Herzegovina,BIH,2010,0.92,0.093
3170,Democratic People's Alliance,BIH,2018,0.98,0.093
3171,Union for a Better Future,BIH,2010,0.889,0.094
3171,Union for a Better Future,BIH,2014,0.889,0.094
3171,Union for a Better Future,BIH,2018,0.889,0.094
4717,Democratic Front,BIH,2014,0.751,0.409
4717,Democratic Front,BIH,2018,0.751,0.409
93524,alliance: Sloga,BIH,1998,0.783,0.09
93525,alliance: HZ,BIH,2006,0.987,0.094
93526,alliance: HDZ–HSS–HKDU–HSP-AS BiH–HSP HB,BIH,2014,0.922,0.09
93527,alliance: HDZ–HSS–HSP-HNS–HKDU–HSP-AS BiH–HDU BiH,BIH,2018,0.988,0.091
58,Blue Coalition,BGR,2009,0.038,0.251
149,Bulgarian Euro-Left Coalition,BGR,1997,0.054,0.199
263,Bulgarian People's Union,BGR,2005,0.131,0.309
374,National Movement (Simeon II) for Stability and Progress,BGR,2001,0.047,0.337
374,National Movement (Simeon II) for Stability and Progress,BGR,2005,0.047,0.267
482,Union of Democratic Forces,BGR,1990,0.105,0.359
482,Union of Democratic Forces,BGR,1991,0.103,0.367
482,Union of Democratic Forces,BGR,1994,0.089,0.373
757,Bulgarian Socialist Party,BGR,1990,0.643,0.531
760,Citizens for European Development of Bulgaria,BGR,2009,0.124,0.701
760,Citizens for European Development of Bulgaria,BGR,2013,0.122,0.47
760,Citizens for European Development of Bulgaria,BGR,2014,0.155,0.468
760,Citizens for European Development of Bulgaria,BGR,2017,0.152,0.393
982,Movement for Rights and Freedoms,BGR,1990,0.046,0.254
982,Movement for Rights and Freedoms,BGR,1991,0.045,0.254
982,Movement for Rights and Freedoms,BGR,1994,0.042,0.219
982,Movement for Rights and Freedoms,BGR,2001,0.038,0.145
982,Movement for Rights and Freedoms,BGR,2005,0.031,0.145
982,Movement for Rights and Freedoms,BGR,2009,0.039,0.145
982,Movement for Rights and Freedoms,BGR,2013,0.037,0.175
982,Movement for Rights and Freedoms,BGR,2014,0.037,0.148
982,Movement for Rights and Freedoms,BGR,2017,0.041,0.181
1027,Bulgarian Business Bloc,BGR,1997,0.19,0.526
1183,United Democratic Forces,BGR,1997,0.072,0.267
1183,United Democratic Forces,BGR,2001,0.068,0.219
1183,United Democratic Forces,BGR,2005,0.067,0.285
1195,Democrats for a Strong Bulgaria,BGR,2005,0.041,0.273
1665,Coalition for Bulgaria -- Democratic Left,BGR,1991,0.436,0.324
1665,Coalition for Bulgaria -- Democratic Left,BGR,1994,0.317,0.495
1665,Coalition for Bulgaria -- Democratic Left,BGR,1997,0.314,0.203
1665,Coalition for Bulgaria -- Democratic Left,BGR,2001,0.274,0.281
1665,Coalition for Bulgaria -- Democratic Left,BGR,2005,0.265,0.24
1665,Coalition for Bulgaria -- Democratic Left,BGR,2009,0.281,0.209
1665,Coalition for Bulgaria -- Democratic Left,BGR,2013,0.295,0.372
1665,Coalition for Bulgaria -- Democratic Left,BGR,2014,0.279,0.41
1665,Coalition for Bulgaria -- Democratic Left,BGR,2017,0.29,0.441
1765,Union for National Salvation,BGR,1997,0.117,0.333
1793,National Union Attack,BGR,2005,0.939,0.93
1793,National Union Attack,BGR,2009,0.936,0.93
1793,National Union Attack,BGR,2013,0.933,0.93
2057,National Front for the Salvation of Bulgaria,BGR,2014,0.774,0.905
2057,National Front for the Salvation of Bulgaria,BGR,2017,0.699,0.665
2060,Bulgarian Agrarian National Union,BGR,1990,0.197,0.326
3188,Bulgaria Without Censorship,BGR,2014,0.518,0.875
3189,Reformist Bloc,BGR,2014,0.04,0.306
6189,Fatherland Front,BGR,1971,0.998,0.022
6189,Fatherland Front,BGR,1976,0.998,0.022
6189,Fatherland Front,BGR,1981,0.994,0.022
6189,Fatherland Front,BGR,1986,0.967,0.022
93528,alliance: People's Union,BGR,1994,0.149,0.363
5296,Comorian Union for Progress,COM,1987,0.712,0.489
5297,Convention for the Renewal of the Comoros,COM,2004,0.845,0.444
5297,Convention for the Renewal of the Comoros,COM,2015,0.844,0.454
5298,Rally for Democracy and Renewal,COM,1993,0.52,0.35
5710,Orange Party,COM,2015,0.572,0.343
5712,Juwa Party,COM,2015,0.65,0.503
5713,Democratic Rally of the Comoros,COM,2015,0.46,0.347
6224,Camp of the Autonomous Islands,COM,2004,0.785,0.347
6517,Union for the Development of the Comoros,COM,2015,0.733,0.398
6578,National Front for Justice,COM,1996,0.657,0.771
6579,National Union for Democracy in the Comoros,COM,1993,0.784,0.353
6580,Union of Democrats for Development,COM,1992,0.829,0.395
6581,Comorian Party for Democracy and Progress,COM,1992,0.685,0.26
6582,National Rally for Development,COM,1996,0.683,0.351
6583,Movement for Democracy and Progress,COM,1992,0.75,0.287
6585,Maecha Bora,COM,1992,0.449,0.342
6586,Islands' Fraternity and Unity Party,COM,1992,0.636,0.38
6693,Umma Party,COM,1972,0.834,0.278
6694,Mahoré People's Movement,COM,1972,0.61,0.218
7481,Rally for Change and Democracy,COM,1992,0.661,0.336
7482,Democratic Front of the Comoros,COM,1992,0.447,0.352
7483,Uweco // Realising Freedom's Capability // Union for a Democratic Republic in the Comoros,COM,1992,0.788,0.297
7485,Baobab Movement,COM,2009,0.65,0.39
7734,Dialogue Proposition Action // Mwangaza,COM,1992,0.801,0.282
93529,alliance: RDPC-UDC,COM,1972,0.685,0.552
72,Croatian Peasant Party,HRV,1995,0.098,0.145
72,Croatian Peasant Party,HRV,2000,0.088,0.13
72,Croatian Peasant Party,HRV,2003,0.105,0.103
72,Croatian Peasant Party,HRV,2007,0.103,0.103
78,Democratic Centre,HRV,2011,0.066,0.074
214,Croatian Social Liberal Party,HRV,1992,0.062,0.097
214,Croatian Social Liberal Party,HRV,1995,0.062,0.113
214,Croatian Social Liberal Party,HRV,2000,0.062,0.105
253,Croatian Party of Rights,HRV,1992,0.7,0.353
253,Croatian Party of Rights,HRV,1995,0.7,0.353
253,Croatian Party of Rights,HRV,2000,0.646,0.332
253,Croatian Party of Rights,HRV,2003,0.53,0.334
513,Istrian Democratic Assembly,HRV,1995,0.015,0.101
513,Istrian Democratic Assembly,HRV,2011,0.015,0.09
799,Croatian People's Party – Liberal Democrats,HRV,1992,0.058,0.089
799,Croatian People's Party – Liberal Democrats,HRV,1995,0.053,0.089
799,Croatian People's Party – Liberal Democrats,HRV,2003,0.025,0.088
799,Croatian People's Party – Liberal Democrats,HRV,2007,0.02,0.088
799,Croatian People's Party – Liberal Democrats,HRV,2011,0.02,0.076
799,Croatian People's Party – Liberal Democrats,HRV,2015,0.024,0.076
1431,Croatian Democratic Union,HRV,1992,0.612,0.083
1431,Croatian Democratic Union,HRV,1995,0.603,0.082
1431,Croatian Democratic Union,HRV,2000,0.306,0.119
1431,Croatian Democratic Union,HRV,2003,0.084,0.083
1431,Croatian Democratic Union,HRV,2007,0.079,0.083
1431,Croatian Democratic Union,HRV,2011,0.079,0.119
1431,Croatian Democratic Union,HRV,2015,0.326,0.083
1475,Social Democratic Party of Croatia,HRV,1992,0.08,0.103
1475,Social Democratic Party of Croatia,HRV,1995,0.08,0.124
1475,Social Democratic Party of Croatia,HRV,2000,0.039,0.075
1475,Social Democratic Party of Croatia,HRV,2003,0.039,0.126
1475,Social Democratic Party of Croatia,HRV,2007,0.039,0.126
1475,Social Democratic Party of Croatia,HRV,2011,0.039,0.126
1475,Social Democratic Party of Croatia,HRV,2015,0.047,0.126
2062,Croatian Party of Pensioners,HRV,2011,0.061,0.121
2522,Kukuriku Coalition,HRV,2016,0.046,0.09
3143,Croatian Labourists – Labour Party,HRV,2011,0.079,0.516
4865,Bridge of Independent Lists,HRV,2015,0.189,0.705
4865,Bridge of Independent Lists,HRV,2016,0.188,0.705
6620,Croatian Civic Party,HRV,2011,0.304,0.29
8036,Croatian Christian Democratic Union,HRV,1995,0.213,0.113
8036,Croatian Christian Democratic Union,HRV,2000,0.213,0.164
8037,Slavonia-Baranja Croatian Party,HRV,1995,0.135,0.326
93530,alliance: HDZ Coalition,HRV,2016,0.201,0.238
93531,alliance: The Only Option Coalition,HRV,2016,0.26,0.612
4892,Communist Party of Cuba,CUB,1965,0.992,0.812
4892,Communist Party of Cuba,CUB,1970,0.995,0.812
4892,Communist Party of Cuba,CUB,1975,0.997,0.805
4892,Communist Party of Cuba,CUB,1976,0.998,0.805
4892,Communist Party of Cuba,CUB,1981,0.998,0.805
4892,Communist Party of Cuba,CUB,1986,0.998,0.817
4892,Communist Party of Cuba,CUB,1993,0.998,0.804
4892,Communist Party of Cuba,CUB,1998,0.998,0.804
4892,Communist Party of Cuba,CUB,2003,0.998,0.791
4892,Communist Party of Cuba,CUB,2008,0.998,0.792
4892,Communist Party of Cuba,CUB,2013,0.997,0.791
563,Democratic Rally,CYP,1976,0.384,0.258
563,Democratic Rally,CYP,1981,0.384,0.258
563,Democratic Rally,CYP,1985,0.384,0.258
563,Democratic Rally,CYP,1991,0.384,0.258
563,Democratic Rally,CYP,1996,0.334,0.258
563,Democratic Rally,CYP,2001,0.155,0.258
563,Democratic Rally,CYP,2006,0.155,0.258
563,Democratic Rally,CYP,2011,0.155,0.258
563,Democratic Rally,CYP,2016,0.137,0.217
635,Democratic Party,CYP,1976,0.619,0.502
635,Democratic Party,CYP,1981,0.619,0.467
635,Democratic Party,CYP,1985,0.619,0.467
635,Democratic Party,CYP,1991,0.357,0.467
635,Democratic Party,CYP,1996,0.357,0.467
635,Democratic Party,CYP,2001,0.264,0.467
635,Democratic Party,CYP,2006,0.211,0.467
635,Democratic Party,CYP,2011,0.211,0.454
635,Democratic Party,CYP,2016,0.255,0.459
1028,Movement for Social Democracy EDEK,CYP,1970,0.373,0.625
1028,Movement for Social Democracy EDEK,CYP,1976,0.373,0.624
1028,Movement for Social Democracy EDEK,CYP,1981,0.373,0.624
1028,Movement for Social Democracy EDEK,CYP,1985,0.373,0.625
1028,Movement for Social Democracy EDEK,CYP,1991,0.228,0.622
1028,Movement for Social Democracy EDEK,CYP,1996,0.224,0.622
1028,Movement for Social Democracy EDEK,CYP,2001,0.224,0.574
1028,Movement for Social Democracy EDEK,CYP,2006,0.224,0.63
1028,Movement for Social Democracy EDEK,CYP,2011,0.198,0.607
1028,Movement for Social Democracy EDEK,CYP,2016,0.224,0.612
1076,Progressive Party of Working People,CYP,1970,0.197,0.833
1076,Progressive Party of Working People,CYP,1976,0.197,0.788
1076,Progressive Party of Working People,CYP,1981,0.173,0.788
1076,Progressive Party of Working People,CYP,1985,0.173,0.788
1076,Progressive Party of Working People,CYP,1991,0.087,0.788
1076,Progressive Party of Working People,CYP,1996,0.087,0.788
1076,Progressive Party of Working People,CYP,2001,0.087,0.788
1076,Progressive Party of Working People,CYP,2006,0.087,0.788
1076,Progressive Party of Working People,CYP,2011,0.072,0.788
1076,Progressive Party of Working People,CYP,2016,0.069,0.837
1817,European Party,CYP,2006,0.098,0.263
3117,Citizen's Alliance,CYP,2016,0.115,0.634
4883,Solidarity Movement,CYP,2016,0.284,0.587
4894,United Party,CYP,1970,0.837,0.476
7411,Progressive Front,CYP,1970,0.944,0.53
7412,Democratic National Party,CYP,1970,0.843,0.621
104,Freedom Union / Democratic Union,CZE,1998,0.015,0.12
104,Freedom Union / Democratic Union,CZE,2002,0.016,0.098
177,Czech Social Democratic Party,CZE,1992,0.071,0.389
177,Czech Social Democratic Party,CZE,1996,0.051,0.489
177,Czech Social Democratic Party,CZE,1998,0.06,0.403
177,Czech Social Democratic Party,CZE,2002,0.046,0.275
177,Czech Social Democratic Party,CZE,2006,0.049,0.268
177,Czech Social Democratic Party,CZE,2010,0.05,0.297
177,Czech Social Democratic Party,CZE,2013,0.05,0.271
177,Czech Social Democratic Party,CZE,2017,0.043,0.244
223,Tradition Responsibility Prosperity 09,CZE,2010,0.026,0.11
223,Tradition Responsibility Prosperity 09,CZE,2013,0.014,0.097
223,Tradition Responsibility Prosperity 09,CZE,2017,0.034,0.139
466,Civic Democratic Party,CZE,1992,0.039,0.073
466,Civic Democratic Party,CZE,1996,0.041,0.055
466,Civic Democratic Party,CZE,1998,0.039,0.087
466,Civic Democratic Party,CZE,2002,0.039,0.108
466,Civic Democratic Party,CZE,2006,0.052,0.106
466,Civic Democratic Party,CZE,2010,0.054,0.098
466,Civic Democratic Party,CZE,2013,0.043,0.098
466,Civic Democratic Party,CZE,2017,0.051,0.184
676,Christian Democratic Union / People's Party,CZE,1990,0.038,0.232
676,Christian Democratic Union / People's Party,CZE,1992,0.05,0.085
676,Christian Democratic Union / People's Party,CZE,1996,0.045,0.081
676,Christian Democratic Union / People's Party,CZE,1998,0.038,0.122
676,Christian Democratic Union / People's Party,CZE,2002,0.039,0.122
676,Christian Democratic Union / People's Party,CZE,2006,0.037,0.122
676,Christian Democratic Union / People's Party,CZE,2013,0.037,0.084
676,Christian Democratic Union / People's Party,CZE,2017,0.04,0.134
824,Christian Democratic Party,CZE,1992,0.049,0.149
936,Liberal Social Union,CZE,1992,0.078,0.29
952,Movement for Self-Governing Democracy / Society for Moravia and Silesia,CZE,1990,0.181,0.467
952,Movement for Self-Governing Democracy / Society for Moravia and Silesia,CZE,1992,0.183,0.457
1008,Civic Democratic Alliance,CZE,1992,0.03,0.023
1008,Civic Democratic Alliance,CZE,1996,0.03,0.043
1041,Communist Party of Czechoslovakia,CZE,1990,0.678,0.458
1202,Public Affairs,CZE,2010,0.173,0.8
1349,Civic Forum,CZE,1990,0.021,0.357
1554,Green Party,CZE,2006,0.041,0.29
1657,Coalition for Republic – Republican Party of Czechoslovakia,CZE,1992,0.762,0.872
1657,Coalition for Republic – Republican Party of Czechoslovakia,CZE,1996,0.76,0.901
1707,Mayors and Independents -- Your Option,CZE,2017,0.03,0.255
1728,Communist Party of Bohemia and Moravia,CZE,1992,0.551,0.705
1728,Communist Party of Bohemia and Moravia,CZE,1996,0.549,0.724
1728,Communist Party of Bohemia and Moravia,CZE,1998,0.448,0.733
1728,Communist Party of Bohemia and Moravia,CZE,2002,0.437,0.735
1728,Communist Party of Bohemia and Moravia,CZE,2006,0.435,0.766
1728,Communist Party of Bohemia and Moravia,CZE,2010,0.435,0.766
1728,Communist Party of Bohemia and Moravia,CZE,2013,0.424,0.727
1728,Communist Party of Bohemia and Moravia,CZE,2017,0.401,0.705
2047,Czech Pirate Party,CZE,2017,0.07,0.427
2049,Dawn of Direct Democracy,CZE,2013,0.642,0.978
2141,Action of Dissatisfied Citizens,CZE,2013,0.228,0.701
2141,Action of Dissatisfied Citizens,CZE,2017,0.246,0.538
6125,Freedom and Direct Democracy Tomio Okamura,CZE,2017,0.659,0.877
6799,National Front,CZE,1971,0.999,0.18
6799,National Front,CZE,1976,0.999,0.138
6799,National Front,CZE,1981,0.999,0.138
6799,National Front,CZE,1986,0.992,0.138
53,Christian People's Party / Christian Democrats,DNK,1975,0.051,0.21
212,[New] Liberal Alliance,DNK,2015,0.054,0.219
329,Socialist Peoples Party,DNK,1971,0.115,0.293
329,Socialist Peoples Party,DNK,1973,0.115,0.293
329,Socialist Peoples Party,DNK,1975,0.115,0.293
329,Socialist Peoples Party,DNK,1979,0.115,0.273
329,Socialist Peoples Party,DNK,1981,0.115,0.244
329,Socialist Peoples Party,DNK,1984,0.115,0.244
329,Socialist Peoples Party,DNK,1987,0.115,0.244
329,Socialist Peoples Party,DNK,1988,0.115,0.264
329,Socialist Peoples Party,DNK,1990,0.055,0.211
329,Socialist Peoples Party,DNK,1994,0.025,0.211
329,Socialist Peoples Party,DNK,1998,0.025,0.211
329,Socialist Peoples Party,DNK,2001,0.029,0.211
329,Socialist Peoples Party,DNK,2005,0.029,0.211
329,Socialist Peoples Party,DNK,2007,0.026,0.232
329,Socialist Peoples Party,DNK,2011,0.021,0.232
329,Socialist Peoples Party,DNK,2019,0.023,0.218
379,Social Democrats,DNK,1971,0.033,0.181
379,Social Democrats,DNK,1973,0.033,0.18
379,Social Democrats,DNK,1975,0.033,0.18
379,Social Democrats,DNK,1977,0.033,0.18
379,Social Democrats,DNK,1979,0.033,0.172
379,Social Democrats,DNK,1981,0.033,0.172
379,Social Democrats,DNK,1984,0.033,0.156
379,Social Democrats,DNK,1987,0.03,0.153
379,Social Democrats,DNK,1988,0.03,0.153
379,Social Democrats,DNK,1990,0.025,0.153
379,Social Democrats,DNK,1994,0.033,0.153
379,Social Democrats,DNK,1998,0.028,0.153
379,Social Democrats,DNK,2001,0.027,0.153
379,Social Democrats,DNK,2005,0.027,0.153
379,Social Democrats,DNK,2007,0.027,0.153
379,Social Democrats,DNK,2011,0.027,0.153
379,Social Democrats,DNK,2015,0.036,0.153
379,Social Democrats,DNK,2019,0.036,0.153
536,Conservative People's Party,DNK,1971,0.031,0.103
536,Conservative People's Party,DNK,1973,0.031,0.105
536,Conservative People's Party,DNK,1975,0.031,0.105
536,Conservative People's Party,DNK,1977,0.031,0.103
536,Conservative People's Party,DNK,1979,0.031,0.103
536,Conservative People's Party,DNK,1981,0.031,0.102
536,Conservative People's Party,DNK,1984,0.031,0.11
536,Conservative People's Party,DNK,1987,0.031,0.11
536,Conservative People's Party,DNK,1988,0.031,0.11
536,Conservative People's Party,DNK,1990,0.025,0.11
536,Conservative People's Party,DNK,1994,0.025,0.11
536,Conservative People's Party,DNK,1998,0.024,0.11
536,Conservative People's Party,DNK,2001,0.042,0.101
536,Conservative People's Party,DNK,2005,0.035,0.109
536,Conservative People's Party,DNK,2007,0.035,0.11
536,Conservative People's Party,DNK,2019,0.034,0.093
800,Centre Democrats,DNK,1973,0.058,0.325
800,Centre Democrats,DNK,1977,0.058,0.324
800,Centre Democrats,DNK,1981,0.057,0.313
800,Centre Democrats,DNK,1990,0.032,0.204
1022,Danish Peoples Party,DNK,1998,0.204,0.655
1022,Danish Peoples Party,DNK,2001,0.204,0.657
1022,Danish Peoples Party,DNK,2005,0.199,0.637
1022,Danish Peoples Party,DNK,2007,0.199,0.635
1022,Danish Peoples Party,DNK,2011,0.204,0.632
1022,Danish Peoples Party,DNK,2015,0.204,0.598
1022,Danish Peoples Party,DNK,2019,0.204,0.599
1204,Liberal Party,DNK,1971,0.03,0.099
1204,Liberal Party,DNK,1973,0.03,0.099
1204,Liberal Party,DNK,1975,0.03,0.105
1204,Liberal Party,DNK,1977,0.03,0.099
1204,Liberal Party,DNK,1979,0.03,0.099
1204,Liberal Party,DNK,1981,0.03,0.099
1204,Liberal Party,DNK,1984,0.03,0.099
1204,Liberal Party,DNK,1987,0.03,0.099
1204,Liberal Party,DNK,1988,0.03,0.099
1204,Liberal Party,DNK,1990,0.025,0.099
1204,Liberal Party,DNK,1994,0.022,0.099
1204,Liberal Party,DNK,1998,0.022,0.217
1204,Liberal Party,DNK,2001,0.041,0.262
1204,Liberal Party,DNK,2005,0.041,0.229
1204,Liberal Party,DNK,2007,0.041,0.14
1204,Liberal Party,DNK,2011,0.042,0.132
1204,Liberal Party,DNK,2015,0.036,0.132
1204,Liberal Party,DNK,2019,0.037,0.13
1507,Danish Social-Liberal Party / Radical Liberal Party,DNK,1971,0.022,0.023
1507,Danish Social-Liberal Party / Radical Liberal Party,DNK,1973,0.022,0.023
1507,Danish Social-Liberal Party / Radical Liberal Party,DNK,1975,0.022,0.023
1507,Danish Social-Liberal Party / Radical Liberal Party,DNK,1979,0.022,0.023
1507,Danish Social-Liberal Party / Radical Liberal Party,DNK,1981,0.022,0.023
1507,Danish Social-Liberal Party / Radical Liberal Party,DNK,1984,0.022,0.023
1507,Danish Social-Liberal Party / Radical Liberal Party,DNK,1987,0.022,0.023
1507,Danish Social-Liberal Party / Radical Liberal Party,DNK,1988,0.022,0.023
1507,Danish Social-Liberal Party / Radical Liberal Party,DNK,2001,0.025,0.02
1507,Danish Social-Liberal Party / Radical Liberal Party,DNK,2005,0.025,0.02
1507,Danish Social-Liberal Party / Radical Liberal Party,DNK,2007,0.025,0.019
1507,Danish Social-Liberal Party / Radical Liberal Party,DNK,2011,0.025,0.02
1507,Danish Social-Liberal Party / Radical Liberal Party,DNK,2019,0.022,0.027
1527,Red-Green Alliance,DNK,2011,0.25,0.474
1527,Red-Green Alliance,DNK,2015,0.25,0.489
1527,Red-Green Alliance,DNK,2019,0.25,0.487
1601,Progress Party,DNK,1973,0.256,0.722
1601,Progress Party,DNK,1975,0.256,0.718
1601,Progress Party,DNK,1977,0.231,0.719
1601,Progress Party,DNK,1979,0.231,0.721
1601,Progress Party,DNK,1981,0.23,0.721
1601,Progress Party,DNK,1988,0.264,0.677
1601,Progress Party,DNK,1990,0.264,0.681
1601,Progress Party,DNK,1994,0.264,0.681
3821,Convergence for Social Democracy,GNQ,1993,0.172,0.82
3821,Convergence for Social Democracy,GNQ,1999,0.172,0.82
3821,Convergence for Social Democracy,GNQ,2004,0.172,0.82
3821,Convergence for Social Democracy,GNQ,2008,0.172,0.751
3821,Convergence for Social Democracy,GNQ,2013,0.172,0.82
3824,Democratic Party of Equatorial Guinea,GNQ,1988,0.999,0.073
3824,Democratic Party of Equatorial Guinea,GNQ,1993,0.999,0.073
3824,Democratic Party of Equatorial Guinea,GNQ,1999,0.999,0.073
3824,Democratic Party of Equatorial Guinea,GNQ,2004,0.999,0.073
3824,Democratic Party of Equatorial Guinea,GNQ,2008,0.999,0.073
3824,Democratic Party of Equatorial Guinea,GNQ,2013,0.999,0.073
3824,Democratic Party of Equatorial Guinea,GNQ,2017,0.999,0.073
3826,Liberal Party,GNQ,1993,0.319,0.333
3827,Social Democratic Union,GNQ,1993,0.296,0.453
6064,Popular Union of Equatorial Guinea,GNQ,1999,0.188,0.662
6367,Worker’s National United Party,GNQ,1973,1,0.085
8040,Citizens for Innovation,GNQ,2017,0.561,0.404
18,Constitution Party -- Estonian United People's Party,EST,1995,0.078,0.344
18,Constitution Party -- Estonian United People's Party,EST,1999,0.079,0.344
83,Right-wingers,EST,1995,0.109,0.108
110,People's Union of Estonia,EST,1999,0.073,0.3
110,People's Union of Estonia,EST,2003,0.076,0.294
110,People's Union of Estonia,EST,2007,0.097,0.308
110,People's Union of Estonia,EST,2015,0.4,0.548
174,Estonian Country People's Party,EST,1995,0.051,0.228
331,Popular Front,EST,1990,0.201,0.401
331,Popular Front,EST,1992,0.118,0.295
491,Union for the Republic / Res Publica Party,EST,2003,0.026,0.369
533,Estonian Centre Party,EST,1995,0.1,0.258
533,Estonian Centre Party,EST,1999,0.085,0.271
533,Estonian Centre Party,EST,2003,0.083,0.314
533,Estonian Centre Party,EST,2007,0.121,0.379
533,Estonian Centre Party,EST,2011,0.182,0.463
533,Estonian Centre Party,EST,2015,0.16,0.433
533,Estonian Centre Party,EST,2019,0.027,0.138
685,Union of Pro Patria and Res Publica,EST,2007,0.025,0.087
685,Union of Pro Patria and Res Publica,EST,2011,0.052,0.119
685,Union of Pro Patria and Res Publica,EST,2015,0.032,0.12
779,Pro Patria Union,EST,1999,0.037,0.076
779,Pro Patria Union,EST,2003,0.03,0.089
779,Pro Patria Union,EST,2019,0.025,0.122
821,Estonian Reform Party,EST,1995,0.027,0.084
821,Estonian Reform Party,EST,1999,0.027,0.072
821,Estonian Reform Party,EST,2003,0.027,0.072
821,Estonian Reform Party,EST,2007,0.029,0.079
821,Estonian Reform Party,EST,2011,0.072,0.079
821,Estonian Reform Party,EST,2015,0.039,0.069
821,Estonian Reform Party,EST,2019,0.037,0.085
908,"National Coalition Party """"Pro Patria""""",EST,1992,0.062,0.23
908,"National Coalition Party """"Pro Patria""""",EST,1995,0.026,0.104
1040,Estonian Greens,EST,2007,0.025,0.281
1150,Social Democratic Party -- Moderates,EST,1992,0.024,0.107
1150,Social Democratic Party -- Moderates,EST,1995,0.024,0.1
1150,Social Democratic Party -- Moderates,EST,1999,0.026,0.101
1150,Social Democratic Party -- Moderates,EST,2003,0.026,0.099
1150,Social Democratic Party -- Moderates,EST,2007,0.027,0.109
1150,Social Democratic Party -- Moderates,EST,2011,0.027,0.109
1150,Social Democratic Party -- Moderates,EST,2015,0.027,0.099
1150,Social Democratic Party -- Moderates,EST,2019,0.026,0.099
1299,Estonian National Independence Party,EST,1992,0.09,0.286
1299,Estonian National Independence Party,EST,1995,0.049,0.127
1319,Estonian Citizens,EST,1992,0.303,0.408
1361,Independent Royalists,EST,1992,0.26,0.375
1556,Estonian Coalition Party,EST,1992,0.026,0.107
1556,Estonian Coalition Party,EST,1995,0.059,0.13
1556,Estonian Coalition Party,EST,1999,0.061,0.13
1975,Russian Party in Estonia,EST,1995,0.099,0.466
3271,Free Party,EST,2015,0.028,0.431
5144,Estonian People's Party,EST,2019,0.56,0.693
7238,Communist Party of Estonia,EST,1990,0.646,0.13
7245,Joint Council of Work Collectives,EST,1990,0.756,0.387
4886,Fijian Association,FJI,1994,0.322,0.34
4886,Fijian Association,FJI,1999,0.318,0.34
4887,Fiji Labour Party,FJI,1992,0.096,0.825
4887,Fiji Labour Party,FJI,1994,0.078,0.825
4887,Fiji Labour Party,FJI,1999,0.068,0.862
4887,Fiji Labour Party,FJI,2001,0.082,0.823
4887,Fiji Labour Party,FJI,2006,0.171,0.861
4888,National Federation Party,FJI,1972,0.059,0.717
4888,National Federation Party,FJI,1982,0.064,0.719
4888,National Federation Party,FJI,1992,0.067,0.685
4888,National Federation Party,FJI,1994,0.042,0.717
4888,National Federation Party,FJI,1999,0.027,0.745
4888,National Federation Party,FJI,2001,0.027,0.7
4888,National Federation Party,FJI,2014,0.021,0.74
4888,National Federation Party,FJI,2018,0.021,0.742
4889,Fijian Political Party,FJI,1992,0.896,0.073
4889,Fijian Political Party,FJI,1994,0.87,0.075
4889,Fijian Political Party,FJI,1999,0.69,0.075
4890,United Fiji Party,FJI,2001,0.871,0.161
4890,United Fiji Party,FJI,2006,0.868,0.156
4891,Alliance Party,FJI,1972,0.372,0.048
4891,Alliance Party,FJI,1977,0.646,0.048
4891,Alliance Party,FJI,1982,0.642,0.048
4891,Alliance Party,FJI,1987,0.681,0.048
5794,Social Democratic Liberal Party,FJI,2014,0.755,0.25
5794,Social Democratic Liberal Party,FJI,2018,0.716,0.25
5795,Fiji First Party,FJI,2014,0.791,0.636
5795,Fiji First Party,FJI,2018,0.797,0.636
5835,General Voters Party,FJI,1992,0.156,0.186
5835,General Voters Party,FJI,1994,0.164,0.345
5893,Conservative Alliance Party,FJI,2001,0.974,0.234
6213,Party of National Unity,FJI,1999,0.306,0.429
6214,Fijian Nationalist United Front Party,FJI,1992,0.978,0.211
7467,National Federation Party - Flower,FJI,1977,0.134,0.637
7468,National Federation Party - Dove,FJI,1977,0.243,0.635
7469,All Nationals Congress,FJI,1992,0.445,0.292
7469,All Nationals Congress,FJI,1994,0.446,0.292
7470,Christian Democratic Alliance,FJI,1999,0.59,0.347
93538,alliance: NFP-FLP,FJI,1987,0.044,0.816
249,Liberal People's Party,FIN,1970,0.015,0.264
249,Liberal People's Party,FIN,1972,0.015,0.236
479,Green League,FIN,1991,0.023,0.253
479,Green League,FIN,1995,0.023,0.308
479,Green League,FIN,1999,0.022,0.308
479,Green League,FIN,2003,0.022,0.268
479,Green League,FIN,2007,0.022,0.266
479,Green League,FIN,2011,0.022,0.264
479,Green League,FIN,2015,0.022,0.264
479,Green League,FIN,2019,0.022,0.262
495,National Coalition Party,FIN,1970,0.028,0.072
495,National Coalition Party,FIN,1972,0.028,0.072
495,National Coalition Party,FIN,1975,0.028,0.148
495,National Coalition Party,FIN,1979,0.028,0.071
495,National Coalition Party,FIN,1983,0.028,0.072
495,National Coalition Party,FIN,1987,0.028,0.069
495,National Coalition Party,FIN,1991,0.027,0.07
495,National Coalition Party,FIN,1995,0.028,0.072
495,National Coalition Party,FIN,1999,0.028,0.059
495,National Coalition Party,FIN,2003,0.027,0.059
495,National Coalition Party,FIN,2007,0.027,0.068
495,National Coalition Party,FIN,2011,0.027,0.068
495,National Coalition Party,FIN,2015,0.027,0.068
495,National Coalition Party,FIN,2019,0.031,0.068
703,Christian Democrats / League,FIN,2003,0.03,0.227
901,Agrarian Union / Centre Party,FIN,1970,0.03,0.325
901,Agrarian Union / Centre Party,FIN,1972,0.03,0.323
901,Agrarian Union / Centre Party,FIN,1975,0.031,0.322
901,Agrarian Union / Centre Party,FIN,1979,0.027,0.325
901,Agrarian Union / Centre Party,FIN,1983,0.027,0.325
901,Agrarian Union / Centre Party,FIN,1987,0.027,0.321
901,Agrarian Union / Centre Party,FIN,1991,0.027,0.323
901,Agrarian Union / Centre Party,FIN,1995,0.027,0.366
901,Agrarian Union / Centre Party,FIN,1999,0.023,0.376
901,Agrarian Union / Centre Party,FIN,2003,0.023,0.293
901,Agrarian Union / Centre Party,FIN,2007,0.023,0.295
901,Agrarian Union / Centre Party,FIN,2011,0.023,0.295
901,Agrarian Union / Centre Party,FIN,2015,0.06,0.288
901,Agrarian Union / Centre Party,FIN,2019,0.024,0.244
1044,Left Alliance,FIN,1991,0.022,0.538
1044,Left Alliance,FIN,1995,0.022,0.537
1044,Left Alliance,FIN,1999,0.022,0.54
1044,Left Alliance,FIN,2003,0.022,0.498
1044,Left Alliance,FIN,2007,0.022,0.524
1044,Left Alliance,FIN,2011,0.022,0.495
1044,Left Alliance,FIN,2015,0.022,0.53
1044,Left Alliance,FIN,2019,0.02,0.521
1096,Finish People's Democratic Union,FIN,1970,0.084,0.52
1096,Finish People's Democratic Union,FIN,1972,0.074,0.477
1096,Finish People's Democratic Union,FIN,1975,0.074,0.477
1096,Finish People's Democratic Union,FIN,1979,0.074,0.515
1096,Finish People's Democratic Union,FIN,1983,0.031,0.536
1096,Finish People's Democratic Union,FIN,1987,0.027,0.571
1229,Swedish People's Party,FIN,1970,0.015,0.032
1229,Swedish People's Party,FIN,1972,0.015,0.032
1229,Swedish People's Party,FIN,1987,0.012,0.031
1229,Swedish People's Party,FIN,1991,0.012,0.096
1229,Swedish People's Party,FIN,1995,0.012,0.031
1229,Swedish People's Party,FIN,1999,0.012,0.025
1303,Social Democratic Party of Finland,FIN,1970,0.021,0.269
1303,Social Democratic Party of Finland,FIN,1972,0.056,0.272
1303,Social Democratic Party of Finland,FIN,1975,0.021,0.274
1303,Social Democratic Party of Finland,FIN,1979,0.021,0.33
1303,Social Democratic Party of Finland,FIN,1983,0.021,0.332
1303,Social Democratic Party of Finland,FIN,1987,0.021,0.354
1303,Social Democratic Party of Finland,FIN,1991,0.041,0.355
1303,Social Democratic Party of Finland,FIN,1995,0.02,0.36
1303,Social Democratic Party of Finland,FIN,1999,0.02,0.36
1303,Social Democratic Party of Finland,FIN,2003,0.02,0.36
1303,Social Democratic Party of Finland,FIN,2007,0.02,0.397
1303,Social Democratic Party of Finland,FIN,2011,0.02,0.395
1303,Social Democratic Party of Finland,FIN,2015,0.016,0.393
1303,Social Democratic Party of Finland,FIN,2019,0.037,0.396
1689,Finnish Party / True Finns,FIN,2011,0.305,0.884
1689,Finnish Party / True Finns,FIN,2015,0.306,0.858
1689,Finnish Party / True Finns,FIN,2019,0.353,0.882
3202,Finnish Rural Party,FIN,1970,0.066,0.936
3202,Finnish Rural Party,FIN,1972,0.066,0.937
3202,Finnish Rural Party,FIN,1983,0.067,0.937
3202,Finnish Rural Party,FIN,1987,0.067,0.937
48,Communist Party of Greece,GRC,1974,0.703,0.928
48,Communist Party of Greece,GRC,1977,0.679,0.928
48,Communist Party of Greece,GRC,1981,0.62,0.928
48,Communist Party of Greece,GRC,1985,0.621,0.928
48,Communist Party of Greece,GRC,1996,0.609,0.926
48,Communist Party of Greece,GRC,2000,0.609,0.926
48,Communist Party of Greece,GRC,2004,0.609,0.926
48,Communist Party of Greece,GRC,2007,0.609,0.926
48,Communist Party of Greece,GRC,2009,0.554,0.926
48,Communist Party of Greece,GRC,2015,0.592,0.927
48,Communist Party of Greece,GRC,2019,0.59,0.927
82,Union of the Democratic Centre,GRC,1974,0.076,0.423
82,Union of the Democratic Centre,GRC,1977,0.076,0.423
301,Coalition of the Radical Left,GRC,2007,0.269,0.788
301,Coalition of the Radical Left,GRC,2012,0.612,0.946
301,Coalition of the Radical Left,GRC,2015,0.59,0.946
301,Coalition of the Radical Left,GRC,2019,0.432,0.906
516,Coalition of the Left,GRC,1989,0.157,0.449
516,Coalition of the Left,GRC,1990,0.125,0.449
516,Coalition of the Left,GRC,1996,0.137,0.467
794,New Democracy,GRC,1974,0.137,0.161
794,New Democracy,GRC,1977,0.114,0.157
794,New Democracy,GRC,1981,0.125,0.146
794,New Democracy,GRC,1985,0.098,0.146
794,New Democracy,GRC,1989,0.105,0.153
794,New Democracy,GRC,1990,0.096,0.154
794,New Democracy,GRC,1993,0.09,0.208
794,New Democracy,GRC,1996,0.08,0.289
794,New Democracy,GRC,2000,0.087,0.309
794,New Democracy,GRC,2004,0.087,0.339
794,New Democracy,GRC,2007,0.079,0.339
794,New Democracy,GRC,2009,0.087,0.239
794,New Democracy,GRC,2012,0.148,0.292
794,New Democracy,GRC,2015,0.148,0.292
794,New Democracy,GRC,2019,0.129,0.149
943,National Alignment,GRC,1977,0.847,0.408
965,Popular Orthodox Rally,GRC,2009,0.927,0.823
1160,Democratic Left,GRC,2012,0.039,0.487
1468,Panhellenic Socialist Movement,GRC,1974,0.401,0.962
1468,Panhellenic Socialist Movement,GRC,1977,0.261,0.962
1468,Panhellenic Socialist Movement,GRC,1981,0.261,0.962
1468,Panhellenic Socialist Movement,GRC,1985,0.242,0.876
1468,Panhellenic Socialist Movement,GRC,1989,0.251,0.873
1468,Panhellenic Socialist Movement,GRC,1990,0.135,0.801
1468,Panhellenic Socialist Movement,GRC,1993,0.123,0.606
1468,Panhellenic Socialist Movement,GRC,1996,0.076,0.417
1468,Panhellenic Socialist Movement,GRC,2000,0.095,0.417
1468,Panhellenic Socialist Movement,GRC,2004,0.084,0.475
1468,Panhellenic Socialist Movement,GRC,2007,0.083,0.502
1468,Panhellenic Socialist Movement,GRC,2009,0.09,0.502
1468,Panhellenic Socialist Movement,GRC,2012,0.139,0.501
1468,Panhellenic Socialist Movement,GRC,2015,0.139,0.5
1468,Panhellenic Socialist Movement,GRC,2019,0.111,0.543
1651,Independent Greeks,GRC,2012,0.927,0.958
1660,People’s Association / Golden Dawn,GRC,2012,0.999,0.97
1660,People’s Association / Golden Dawn,GRC,2015,0.999,0.97
3212,Movement of Democratic Socialists,GRC,2019,0.047,0.54
3882,Alliance for Change,GUY,2006,0.153,0.09
3882,Alliance for Change,GUY,2011,0.213,0.085
3882,Alliance for Change,GUY,2015,0.213,0.085
4246,People's Progressive Party,GUY,1973,0.444,0.868
4246,People's Progressive Party,GUY,1980,0.447,0.701
4246,People's Progressive Party,GUY,1985,0.447,0.866
4246,People's Progressive Party,GUY,1992,0.382,0.866
4246,People's Progressive Party,GUY,1997,0.44,0.715
4246,People's Progressive Party,GUY,2001,0.689,0.081
4246,People's Progressive Party,GUY,2006,0.6,0.203
4246,People's Progressive Party,GUY,2011,0.477,0.094
4246,People's Progressive Party,GUY,2015,0.588,0.268
4247,People's National Congress – Reform,GUY,1973,0.959,0.717
4247,People's National Congress – Reform,GUY,1980,0.994,0.098
4247,People's National Congress – Reform,GUY,1985,0.994,0.092
4247,People's National Congress – Reform,GUY,1992,0.813,0.202
4247,People's National Congress – Reform,GUY,1997,0.501,0.202
4247,People's National Congress – Reform,GUY,2001,0.434,0.202
4247,People's National Congress – Reform,GUY,2006,0.5,0.2
7119,A Partnership for National Unity,GUY,2011,0.426,0.197
7119,A Partnership for National Unity,GUY,2015,0.426,0.197
4518,Civic Party,HKG,2008,0.168,0.476
4518,Civic Party,HKG,2012,0.207,0.44
4518,Civic Party,HKG,2016,0.255,0.455
4519,Democratic Party,HKG,1995,0.267,0.584
4519,Democratic Party,HKG,1998,0.28,0.582
4519,Democratic Party,HKG,2000,0.28,0.597
4519,Democratic Party,HKG,2004,0.293,0.619
4519,Democratic Party,HKG,2008,0.295,0.618
4519,Democratic Party,HKG,2012,0.353,0.618
4519,Democratic Party,HKG,2016,0.309,0.595
4521,Labour Party,HKG,2012,0.21,0.696
4522,League of Social Democrats,HKG,2008,0.36,0.686
5620,Democratic Alliance for the Betterment and Progress of Hong Kong,HKG,1995,0.665,0.362
5620,Democratic Alliance for the Betterment and Progress of Hong Kong,HKG,1996,0.744,0.367
5620,Democratic Alliance for the Betterment and Progress of Hong Kong,HKG,1998,0.736,0.292
5620,Democratic Alliance for the Betterment and Progress of Hong Kong,HKG,2000,0.716,0.202
5620,Democratic Alliance for the Betterment and Progress of Hong Kong,HKG,2004,0.715,0.199
5620,Democratic Alliance for the Betterment and Progress of Hong Kong,HKG,2008,0.736,0.202
5620,Democratic Alliance for the Betterment and Progress of Hong Kong,HKG,2012,0.706,0.192
5620,Democratic Alliance for the Betterment and Progress of Hong Kong,HKG,2016,0.718,0.239
5621,Hong Kong Federation of Trade Unions;,HKG,2008,0.613,0.649
5621,Hong Kong Federation of Trade Unions;,HKG,2012,0.623,0.601
5621,Hong Kong Federation of Trade Unions;,HKG,2016,0.694,0.584
6999,The Frontier,HKG,1998,0.262,0.409
6999,The Frontier,HKG,2000,0.219,0.476
7081,Hong Kong Association for Democracy and People's Livelihood,HKG,1995,0.245,0.59
8001,Liberal Party,HKG,1996,0.584,0.29
8001,Liberal Party,HKG,2004,0.649,0.331
8002,Hong Kong Confederation of Trade Unions,HKG,2000,0.357,0.707
8003,United Democrats of Hong Kong,HKG,1991,0.107,0.567
8004,Meeting Point,HKG,1991,0.185,0.321
8005,Liberal Democratic Federation of Hong Kong,HKG,1991,0.744,0.221
8006,Hong Kong Progressive Alliance,HKG,1996,0.768,0.275
8007,Business and Professionals Alliance for Hong Kong,HKG,2016,0.734,0.278
93543,alliance: People Power–League of Social Democrats,HKG,2016,0.234,0.825
93544,alliance: Civic Passion–Proletariat Political Institute–Hong Kong Resurgence Order,HKG,2016,0.399,0.703
224,Citizens' Movement,ISL,2009,0.087,0.47
363,Independence Party,ISL,1971,0.088,0.057
363,Independence Party,ISL,1974,0.088,0.057
363,Independence Party,ISL,1978,0.088,0.057
363,Independence Party,ISL,1979,0.088,0.057
363,Independence Party,ISL,1983,0.088,0.057
363,Independence Party,ISL,1987,0.088,0.057
363,Independence Party,ISL,1991,0.088,0.057
363,Independence Party,ISL,1995,0.088,0.057
363,Independence Party,ISL,1999,0.088,0.057
363,Independence Party,ISL,2003,0.088,0.057
363,Independence Party,ISL,2007,0.088,0.057
363,Independence Party,ISL,2009,0.088,0.057
363,Independence Party,ISL,2013,0.088,0.057
363,Independence Party,ISL,2016,0.088,0.057
363,Independence Party,ISL,2017,0.088,0.057
457,Left-Green Movement,ISL,1999,0.076,0.069
457,Left-Green Movement,ISL,2003,0.076,0.069
457,Left-Green Movement,ISL,2007,0.076,0.069
457,Left-Green Movement,ISL,2009,0.076,0.069
457,Left-Green Movement,ISL,2013,0.076,0.069
457,Left-Green Movement,ISL,2016,0.076,0.069
457,Left-Green Movement,ISL,2017,0.076,0.069
494,People's Movement,ISL,1995,0.071,0.18
525,Womens Alliance,ISL,1983,0.086,0.236
525,Womens Alliance,ISL,1987,0.086,0.236
525,Womens Alliance,ISL,1991,0.086,0.236
854,Social Democratic Federation,ISL,1983,0.068,0.106
964,Progressive Party,ISL,1971,0.076,0.154
964,Progressive Party,ISL,1974,0.076,0.154
964,Progressive Party,ISL,1978,0.076,0.154
964,Progressive Party,ISL,1979,0.076,0.154
964,Progressive Party,ISL,1983,0.076,0.154
964,Progressive Party,ISL,1987,0.076,0.154
964,Progressive Party,ISL,1991,0.076,0.154
964,Progressive Party,ISL,1995,0.076,0.154
964,Progressive Party,ISL,1999,0.076,0.154
964,Progressive Party,ISL,2003,0.076,0.154
964,Progressive Party,ISL,2007,0.076,0.154
964,Progressive Party,ISL,2009,0.076,0.154
964,Progressive Party,ISL,2013,0.076,0.207
964,Progressive Party,ISL,2016,0.076,0.207
964,Progressive Party,ISL,2017,0.076,0.207
1224,Liberal Party,ISL,2003,0.083,0.282
1224,Liberal Party,ISL,2007,0.083,0.282
1249,People's Alliance,ISL,1971,0.084,0.075
1249,People's Alliance,ISL,1974,0.084,0.075
1249,People's Alliance,ISL,1978,0.084,0.075
1249,People's Alliance,ISL,1979,0.084,0.075
1249,People's Alliance,ISL,1983,0.084,0.075
1249,People's Alliance,ISL,1987,0.084,0.075
1249,People's Alliance,ISL,1991,0.084,0.074
1249,People's Alliance,ISL,1995,0.084,0.074
1325,Social Democratic Party,ISL,1971,0.084,0.072
1325,Social Democratic Party,ISL,1974,0.084,0.072
1325,Social Democratic Party,ISL,1978,0.084,0.072
1325,Social Democratic Party,ISL,1979,0.084,0.072
1325,Social Democratic Party,ISL,1983,0.084,0.072
1325,Social Democratic Party,ISL,1987,0.084,0.072
1325,Social Democratic Party,ISL,1991,0.084,0.072
1325,Social Democratic Party,ISL,1995,0.084,0.072
1396,Social Democratic Alliance,ISL,1999,0.078,0.158
1396,Social Democratic Alliance,ISL,2003,0.078,0.158
1396,Social Democratic Alliance,ISL,2007,0.078,0.158
1396,Social Democratic Alliance,ISL,2009,0.078,0.158
1396,Social Democratic Alliance,ISL,2013,0.078,0.158
1396,Social Democratic Alliance,ISL,2016,0.078,0.158
1396,Social Democratic Alliance,ISL,2017,0.078,0.158
1433,Citizens' Party (1987),ISL,1987,0.087,0.105
1517,Union of Liberals and Leftist,ISL,1971,0.072,0.064
2048,Pirate Party of Iceland,ISL,2013,0.104,0.415
2048,Pirate Party of Iceland,ISL,2016,0.104,0.415
2048,Pirate Party of Iceland,ISL,2017,0.104,0.415
2517,Bright Future,ISL,2013,0.079,0.128
2517,Bright Future,ISL,2016,0.079,0.128
5454,Reform Party,ISL,2016,0.077,0.056
5454,Reform Party,ISL,2017,0.077,0.056
5852,People's Party,ISL,2017,0.089,0.477
7565,Centre Party,ISL,2017,0.087,0.416
235,Israel is Our Home,ISR,2006,0.247,0.281
235,Israel is Our Home,ISR,2009,0.247,0.281
235,Israel is Our Home,ISR,2013,0.226,0.281
235,Israel is Our Home,ISR,2015,0.27,0.251
235,Israel is Our Home,ISR,2019,0.303,0.042
455,Sephardi Torah Guardians,ISR,1996,0.077,0.321
455,Sephardi Torah Guardians,ISR,1999,0.123,0.348
455,Sephardi Torah Guardians,ISR,2003,0.075,0.321
455,Sephardi Torah Guardians,ISR,2006,0.075,0.298
455,Sephardi Torah Guardians,ISR,2009,0.075,0.298
455,Sephardi Torah Guardians,ISR,2013,0.075,0.265
455,Sephardi Torah Guardians,ISR,2015,0.065,0.336
455,Sephardi Torah Guardians,ISR,2019,0.055,0.336
484,Forward,ISR,2006,0.053,0.078
484,Forward,ISR,2009,0.064,0.078
557,Change,ISR,1999,0.083,0.049
557,Change,ISR,2003,0.083,0.049
615,Alignment,ISR,1973,0.208,0.085
615,Alignment,ISR,1977,0.208,0.083
615,Alignment,ISR,1981,0.139,0.083
615,Alignment,ISR,1984,0.139,0.083
615,Alignment,ISR,1988,0.052,0.083
615,Alignment,ISR,1992,0.052,0.083
615,Alignment,ISR,1996,0.052,0.083
615,Alignment,ISR,1999,0.052,0.083
615,Alignment,ISR,2003,0.052,0.083
615,Alignment,ISR,2006,0.052,0.074
615,Alignment,ISR,2009,0.052,0.074
615,Alignment,ISR,2013,0.052,0.074
615,Alignment,ISR,2015,0.06,0.074
745,Crossroads,ISR,1992,0.042,0.047
953,National Union,ISR,2003,0.112,0.081
953,National Union,ISR,2006,0.099,0.081
1036,Likud-National Liberal Movement,ISR,1973,0.088,0.493
1036,Likud-National Liberal Movement,ISR,1977,0.059,0.493
1036,Likud-National Liberal Movement,ISR,1981,0.118,0.493
1036,Likud-National Liberal Movement,ISR,1984,0.071,0.324
1036,Likud-National Liberal Movement,ISR,1988,0.071,0.324
1036,Likud-National Liberal Movement,ISR,1992,0.071,0.324
1036,Likud-National Liberal Movement,ISR,1996,0.104,0.324
1036,Likud-National Liberal Movement,ISR,1999,0.189,0.415
1036,Likud-National Liberal Movement,ISR,2003,0.064,0.297
1036,Likud-National Liberal Movement,ISR,2006,0.073,0.331
1036,Likud-National Liberal Movement,ISR,2009,0.101,0.358
1036,Likud-National Liberal Movement,ISR,2013,0.157,0.464
1036,Likud-National Liberal Movement,ISR,2015,0.159,0.65
1036,Likud-National Liberal Movement,ISR,2019,0.305,0.743
1053,Israel for Immigration,ISR,1996,0.041,0.048
1053,Israel for Immigration,ISR,1999,0.041,0.048
1061,Centre Party,ISR,1999,0.037,0.074
1075,United Torah Judaism,ISR,2013,0.104,0.105
1075,United Torah Judaism,ISR,2015,0.104,0.105
1075,United Torah Judaism,ISR,2019,0.104,0.105
1380,Democratic Movement for Change,ISR,1977,0.039,0.051
1447,National Religious Party,ISR,1973,0.036,0.1
1447,National Religious Party,ISR,1977,0.036,0.1
1447,National Religious Party,ISR,1992,0.057,0.121
1447,National Religious Party,ISR,1996,0.057,0.098
3121,Pensioners of Israel,ISR,2006,0.037,0.047
3128,There is a Future,ISR,2013,0.143,0.225
3128,There is a Future,ISR,2015,0.089,0.067
3131,Energy,ISR,1992,0.053,0.044
3131,Energy,ISR,1996,0.053,0.044
3131,Energy,ISR,1999,0.053,0.044
3131,Energy,ISR,2003,0.053,0.044
3273,All of Us,ISR,2015,0.035,0.255
3677,Jewish Home,ISR,2013,0.056,0.495
3677,Jewish Home,ISR,2015,0.056,0.495
7599,Blue and White,ISR,2019,0.064,0.08
7912,Joint List,ISR,2015,0.163,0.33
7912,Joint List,ISR,2019,0.149,0.33
93548,alliance: Yamina,ISR,2019,0.124,0.124
7451,Liberals [no-party],KWT,2003,0.384,0.59
7451,Liberals [no-party],KWT,2006,0.384,0.59
7451,Liberals [no-party],KWT,2008,0.384,0.59
7451,Liberals [no-party],KWT,2009,0.384,0.59
7451,Liberals [no-party],KWT,2013,0.389,0.581
7452,Tribal candidates // Tribal groups [no-party],KWT,2009,0.743,0.343
7452,Tribal candidates // Tribal groups [no-party],KWT,2012,0.743,0.343
7452,Tribal candidates // Tribal groups [no-party],KWT,2013,0.743,0.343
7453,Shi'ite Religious [no-party],KWT,1971,0.53,0.59
7453,Shi'ite Religious [no-party],KWT,1975,0.534,0.59
7453,Shi'ite Religious [no-party],KWT,1981,0.534,0.59
7453,Shi'ite Religious [no-party],KWT,1985,0.533,0.59
7453,Shi'ite Religious [no-party],KWT,1992,0.533,0.59
7453,Shi'ite Religious [no-party],KWT,1996,0.533,0.59
7453,Shi'ite Religious [no-party],KWT,1999,0.533,0.59
7453,Shi'ite Religious [no-party],KWT,2009,0.536,0.587
7453,Shi'ite Religious [no-party],KWT,2012,0.536,0.587
7453,Shi'ite Religious [no-party],KWT,2013,0.536,0.587
7454,Pro-Government [no-party],KWT,1971,0.624,0.099
7454,Pro-Government [no-party],KWT,1975,0.624,0.099
7454,Pro-Government [no-party],KWT,1981,0.624,0.099
7454,Pro-Government [no-party],KWT,1985,0.624,0.099
7454,Pro-Government [no-party],KWT,1992,0.624,0.099
7454,Pro-Government [no-party],KWT,1996,0.624,0.099
7454,Pro-Government [no-party],KWT,1999,0.624,0.099
7454,Pro-Government [no-party],KWT,2003,0.624,0.099
7454,Pro-Government [no-party],KWT,2006,0.624,0.099
7455,Sunni Religious [no-party],KWT,1971,0.749,0.583
7455,Sunni Religious [no-party],KWT,1975,0.749,0.583
7455,Sunni Religious [no-party],KWT,1981,0.749,0.583
7455,Sunni Religious [no-party],KWT,1985,0.749,0.583
7455,Sunni Religious [no-party],KWT,1992,0.749,0.583
7455,Sunni Religious [no-party],KWT,1996,0.749,0.583
7455,Sunni Religious [no-party],KWT,1999,0.749,0.583
7456,Secular Opposition [no-party],KWT,1971,0.376,0.594
7456,Secular Opposition [no-party],KWT,1975,0.383,0.594
7456,Secular Opposition [no-party],KWT,1981,0.383,0.594
7456,Secular Opposition [no-party],KWT,1985,0.383,0.594
7456,Secular Opposition [no-party],KWT,1992,0.383,0.594
7456,Secular Opposition [no-party],KWT,1996,0.383,0.594
7456,Secular Opposition [no-party],KWT,1999,0.383,0.594
7457,Sunni Islamists [no-party],KWT,2008,0.742,0.58
7457,Sunni Islamists [no-party],KWT,2009,0.742,0.58
7457,Sunni Islamists [no-party],KWT,2012,0.742,0.58
7457,Sunni Islamists [no-party],KWT,2013,0.742,0.58
7458,Islamists [no-party],KWT,2003,0.525,0.577
7458,Islamists [no-party],KWT,2006,0.525,0.577
7458,Islamists [no-party],KWT,2008,0.525,0.577
93552,alliance: Shiite + Popular Action Bloc,KWT,2008,0.527,0.575
64,Lithuanian Social Democratic Party,LTU,1990,0.08,0.464
64,Lithuanian Social Democratic Party,LTU,1992,0.04,0.391
64,Lithuanian Social Democratic Party,LTU,1996,0.037,0.359
64,Lithuanian Social Democratic Party,LTU,2000,0.04,0.296
64,Lithuanian Social Democratic Party,LTU,2004,0.04,0.18
64,Lithuanian Social Democratic Party,LTU,2008,0.04,0.181
64,Lithuanian Social Democratic Party,LTU,2012,0.039,0.213
64,Lithuanian Social Democratic Party,LTU,2016,0.04,0.182
74,The Way of Courage,LTU,2012,0.428,0.971
102,Labour Party,LTU,2004,0.12,0.659
102,Labour Party,LTU,2008,0.078,0.568
102,Labour Party,LTU,2012,0.075,0.537
102,Labour Party,LTU,2016,0.076,0.539
193,Homeland Union / Homeland Union – Lithuanian Christian Democrats,LTU,1992,0.427,0.264
193,Homeland Union / Homeland Union – Lithuanian Christian Democrats,LTU,1996,0.278,0.261
193,Homeland Union / Homeland Union – Lithuanian Christian Democrats,LTU,2000,0.183,0.129
193,Homeland Union / Homeland Union – Lithuanian Christian Democrats,LTU,2004,0.071,0.126
193,Homeland Union / Homeland Union – Lithuanian Christian Democrats,LTU,2008,0.072,0.131
193,Homeland Union / Homeland Union – Lithuanian Christian Democrats,LTU,2012,0.066,0.132
193,Homeland Union / Homeland Union – Lithuanian Christian Democrats,LTU,2016,0.064,0.146
237,Order and Justice – Liberal Democratic Party,LTU,2004,0.131,0.79
237,Order and Justice – Liberal Democratic Party,LTU,2008,0.09,0.704
237,Order and Justice – Liberal Democratic Party,LTU,2012,0.089,0.694
237,Order and Justice – Liberal Democratic Party,LTU,2016,0.09,0.693
347,National Resurrection Party,LTU,2008,0.052,0.538
546,Democratic Labour Party of Lithuania,LTU,1992,0.065,0.215
546,Democratic Labour Party of Lithuania,LTU,1996,0.046,0.205
546,Democratic Labour Party of Lithuania,LTU,2000,0.04,0.188
556,Election Action of Lithuania's Poles,LTU,2012,0.033,0.402
556,Election Action of Lithuania's Poles,LTU,2016,0.033,0.4
1185,Center Union of Lithuania,LTU,1996,0.041,0.297
1193,Liberal and Centre Union,LTU,2004,0.024,0.088
1193,Liberal and Centre Union,LTU,2008,0.024,0.088
1357,Liberal Union of Lithuania,LTU,2000,0.032,0.094
1490,Lithuanian Peasant [Popular/Greens] Union,LTU,2004,0.035,0.314
1490,Lithuanian Peasant [Popular/Greens] Union,LTU,2016,0.061,0.535
1587,Communist Party of Lithuania,LTU,1990,0.383,0.333
1744,Liberals' Movement of the Republic of Lithuania,LTU,2008,0.023,0.049
1744,Liberals' Movement of the Republic of Lithuania,LTU,2012,0.022,0.051
1744,Liberals' Movement of the Republic of Lithuania,LTU,2016,0.022,0.049
1800,New Union (Social Liberals),LTU,2000,0.051,0.637
1800,New Union (Social Liberals),LTU,2004,0.044,0.514
6804,Lithuanian Christian Democratic Party,LTU,1992,0.179,0.201
6804,Lithuanian Christian Democratic Party,LTU,1996,0.069,0.201
7420,Communist Party of Lithuania/Communist Party of the Soviet Union,LTU,1990,0.929,0.206
186,Luxembourg Socialist Workers' Party,LUX,1974,0.037,0.053
186,Luxembourg Socialist Workers' Party,LUX,1979,0.037,0.053
186,Luxembourg Socialist Workers' Party,LUX,1984,0.037,0.053
186,Luxembourg Socialist Workers' Party,LUX,1989,0.037,0.053
186,Luxembourg Socialist Workers' Party,LUX,1994,0.037,0.053
186,Luxembourg Socialist Workers' Party,LUX,1999,0.037,0.055
186,Luxembourg Socialist Workers' Party,LUX,2004,0.037,0.055
186,Luxembourg Socialist Workers' Party,LUX,2009,0.037,0.055
186,Luxembourg Socialist Workers' Party,LUX,2013,0.037,0.055
300,Democratic Party,LUX,1974,0.036,0.058
300,Democratic Party,LUX,1979,0.036,0.058
300,Democratic Party,LUX,1984,0.036,0.058
300,Democratic Party,LUX,1989,0.036,0.058
300,Democratic Party,LUX,1994,0.036,0.058
300,Democratic Party,LUX,1999,0.036,0.058
300,Democratic Party,LUX,2004,0.036,0.058
300,Democratic Party,LUX,2009,0.036,0.058
300,Democratic Party,LUX,2013,0.036,0.058
539,Christian Social People's Party,LUX,1974,0.037,0.104
539,Christian Social People's Party,LUX,1979,0.037,0.104
539,Christian Social People's Party,LUX,1984,0.037,0.104
539,Christian Social People's Party,LUX,1989,0.039,0.104
539,Christian Social People's Party,LUX,1994,0.039,0.104
539,Christian Social People's Party,LUX,1999,0.039,0.104
539,Christian Social People's Party,LUX,2004,0.039,0.105
539,Christian Social People's Party,LUX,2009,0.039,0.105
539,Christian Social People's Party,LUX,2013,0.039,0.105
898,Social Democratic Party,LUX,1974,0.035,0.291
898,Social Democratic Party,LUX,1979,0.035,0.291
1114,Action Committee Pensions / Alternative Democratic Reform Party,LUX,1989,0.035,0.365
1114,Action Committee Pensions / Alternative Democratic Reform Party,LUX,1994,0.035,0.365
1114,Action Committee Pensions / Alternative Democratic Reform Party,LUX,1999,0.035,0.365
1114,Action Committee Pensions / Alternative Democratic Reform Party,LUX,2004,0.035,0.365
1114,Action Committee Pensions / Alternative Democratic Reform Party,LUX,2009,0.035,0.483
1114,Action Committee Pensions / Alternative Democratic Reform Party,LUX,2013,0.271,0.565
1138,The Greens,LUX,1984,0.037,0.134
1138,The Greens,LUX,1994,0.036,0.054
1138,The Greens,LUX,1999,0.036,0.054
1138,The Greens,LUX,2004,0.036,0.054
1138,The Greens,LUX,2009,0.036,0.054
1138,The Greens,LUX,2013,0.036,0.054
1647,Communist Party of Luxembourg,LUX,1974,0.27,0.656
1647,Communist Party of Luxembourg,LUX,1979,0.27,0.656
1647,Communist Party of Luxembourg,LUX,1984,0.27,0.656
1647,Communist Party of Luxembourg,LUX,1989,0.27,0.656
171,Liberal Democratic Party,MKD,1998,0.137,0.16
171,Liberal Democratic Party,MKD,2002,0.135,0.159
354,Democratic Alternative,MKD,1998,0.139,0.254
431,Democratic Party of Albanians,MKD,2002,0.285,0.234
431,Democratic Party of Albanians,MKD,2006,0.263,0.234
431,Democratic Party of Albanians,MKD,2008,0.335,0.222
431,Democratic Party of Albanians,MKD,2011,0.254,0.222
431,Democratic Party of Albanians,MKD,2014,0.252,0.223
1033,Party for Democratic Prosperity,MKD,1994,0.101,0.199
1033,Party for Democratic Prosperity,MKD,1998,0.138,0.213
1220,Democratic Union for Integrations,MKD,2002,0.166,0.236
1220,Democratic Union for Integrations,MKD,2006,0.13,0.246
1220,Democratic Union for Integrations,MKD,2008,0.092,0.19
1220,Democratic Union for Integrations,MKD,2011,0.292,0.173
1220,Democratic Union for Integrations,MKD,2014,0.281,0.192
1220,Democratic Union for Integrations,MKD,2016,0.281,0.179
1508,Social Democratic Union of Macedonia,MKD,1998,0.385,0.18
1508,Social Democratic Union of Macedonia,MKD,2002,0.239,0.18
1508,Social Democratic Union of Macedonia,MKD,2006,0.257,0.18
1508,Social Democratic Union of Macedonia,MKD,2008,0.21,0.18
1508,Social Democratic Union of Macedonia,MKD,2011,0.22,0.18
1508,Social Democratic Union of Macedonia,MKD,2014,0.342,0.18
1674,Internal Macedonian Revolutionary Organization – Democratic Party for Macedonian National Unity,MKD,1994,0.473,0.408
1674,Internal Macedonian Revolutionary Organization – Democratic Party for Macedonian National Unity,MKD,1998,0.604,0.252
1674,Internal Macedonian Revolutionary Organization – Democratic Party for Macedonian National Unity,MKD,2002,0.503,0.197
1674,Internal Macedonian Revolutionary Organization – Democratic Party for Macedonian National Unity,MKD,2006,0.455,0.188
1674,Internal Macedonian Revolutionary Organization – Democratic Party for Macedonian National Unity,MKD,2008,0.739,0.185
1674,Internal Macedonian Revolutionary Organization – Democratic Party for Macedonian National Unity,MKD,2011,0.831,0.185
1674,Internal Macedonian Revolutionary Organization – Democratic Party for Macedonian National Unity,MKD,2014,0.841,0.185
1674,Internal Macedonian Revolutionary Organization – Democratic Party for Macedonian National Unity,MKD,2016,0.796,0.189
2447,New Social Democratic Party,MKD,2006,0.099,0.191
2448,Union of Macedonia,MKD,1994,0.576,0.194
4258,VMRO-People’s Party,MKD,2006,0.418,0.251
5585,Besa Movement,MKD,2016,0.152,0.298
6395,Democratic Party,MKD,1994,0.182,0.22
93554,alliance: Social Democratic Union coalition,MKD,2016,0.277,0.345
2318,United Malays National Organisation,MYS,1974,0.887,0.415
2318,United Malays National Organisation,MYS,1978,0.921,0.415
2318,United Malays National Organisation,MYS,1982,0.921,0.415
2318,United Malays National Organisation,MYS,1986,0.921,0.415
2318,United Malays National Organisation,MYS,1990,0.94,0.415
2318,United Malays National Organisation,MYS,1995,0.931,0.415
2318,United Malays National Organisation,MYS,1999,0.961,0.415
2318,United Malays National Organisation,MYS,2004,0.955,0.415
2318,United Malays National Organisation,MYS,2008,0.923,0.415
2318,United Malays National Organisation,MYS,2013,0.956,0.415
2318,United Malays National Organisation,MYS,2018,0.966,0.418
2483,Pan-Malaysian Islamic Party,MYS,1974,0.518,0.564
2483,Pan-Malaysian Islamic Party,MYS,1978,0.518,0.564
2483,Pan-Malaysian Islamic Party,MYS,1982,0.62,0.622
2483,Pan-Malaysian Islamic Party,MYS,1986,0.62,0.622
2483,Pan-Malaysian Islamic Party,MYS,1990,0.512,0.622
2483,Pan-Malaysian Islamic Party,MYS,1995,0.512,0.622
2483,Pan-Malaysian Islamic Party,MYS,1999,0.512,0.622
2483,Pan-Malaysian Islamic Party,MYS,2004,0.512,0.622
2483,Pan-Malaysian Islamic Party,MYS,2008,0.512,0.622
2483,Pan-Malaysian Islamic Party,MYS,2013,0.512,0.622
2483,Pan-Malaysian Islamic Party,MYS,2018,0.679,0.514
2484,Malaysian Chinese Association,MYS,1974,0.719,0.28
2484,Malaysian Chinese Association,MYS,1978,0.719,0.274
2484,Malaysian Chinese Association,MYS,1982,0.747,0.278
2484,Malaysian Chinese Association,MYS,1986,0.753,0.275
2484,Malaysian Chinese Association,MYS,1990,0.741,0.28
2484,Malaysian Chinese Association,MYS,1995,0.741,0.28
2484,Malaysian Chinese Association,MYS,1999,0.816,0.279
2484,Malaysian Chinese Association,MYS,2004,0.803,0.279
2484,Malaysian Chinese Association,MYS,2008,0.803,0.279
2484,Malaysian Chinese Association,MYS,2013,0.803,0.28
2485,People's Justice Party,MYS,1999,0.155,0.855
2485,People's Justice Party,MYS,2004,0.155,0.855
2485,People's Justice Party,MYS,2008,0.155,0.855
2485,People's Justice Party,MYS,2013,0.155,0.855
2485,People's Justice Party,MYS,2018,0.252,0.854
2486,Democratic Action Party,MYS,1974,0.074,0.808
2486,Democratic Action Party,MYS,1978,0.074,0.809
2486,Democratic Action Party,MYS,1982,0.074,0.809
2486,Democratic Action Party,MYS,1986,0.074,0.809
2486,Democratic Action Party,MYS,1990,0.087,0.809
2486,Democratic Action Party,MYS,1995,0.087,0.809
2486,Democratic Action Party,MYS,1999,0.087,0.855
2486,Democratic Action Party,MYS,2004,0.087,0.856
2486,Democratic Action Party,MYS,2008,0.087,0.854
2486,Democratic Action Party,MYS,2013,0.087,0.854
2486,Democratic Action Party,MYS,2018,0.093,0.805
4743,Malaysian Indian Congress,MYS,1974,0.712,0.285
4743,Malaysian Indian Congress,MYS,1978,0.712,0.285
4743,Malaysian Indian Congress,MYS,1982,0.736,0.285
4743,Malaysian Indian Congress,MYS,1986,0.736,0.286
4743,Malaysian Indian Congress,MYS,1990,0.736,0.286
4743,Malaysian Indian Congress,MYS,1995,0.736,0.286
4743,Malaysian Indian Congress,MYS,1999,0.813,0.286
4743,Malaysian Indian Congress,MYS,2004,0.813,0.286
4743,Malaysian Indian Congress,MYS,2008,0.813,0.286
4743,Malaysian Indian Congress,MYS,2013,0.813,0.287
4743,Malaysian Indian Congress,MYS,2018,0.698,0.287
5599,United Bumiputera Heritage Party,MYS,1974,0.573,0.395
5599,United Bumiputera Heritage Party,MYS,1978,0.578,0.395
5599,United Bumiputera Heritage Party,MYS,1982,0.577,0.395
5599,United Bumiputera Heritage Party,MYS,1986,0.577,0.395
5599,United Bumiputera Heritage Party,MYS,1990,0.567,0.328
5599,United Bumiputera Heritage Party,MYS,1995,0.58,0.328
5599,United Bumiputera Heritage Party,MYS,1999,0.58,0.328
5599,United Bumiputera Heritage Party,MYS,2004,0.58,0.336
5599,United Bumiputera Heritage Party,MYS,2008,0.58,0.336
5599,United Bumiputera Heritage Party,MYS,2013,0.58,0.336
5599,United Bumiputera Heritage Party,MYS,2018,0.592,0.351
6431,Spirit of 46 Malay Party,MYS,1990,0.35,0.593
6431,Spirit of 46 Malay Party,MYS,1995,0.35,0.593
7092,United Sabah Party,MYS,1986,0.317,0.449
7092,United Sabah Party,MYS,1990,0.327,0.388
7092,United Sabah Party,MYS,1995,0.324,0.388
7092,United Sabah Party,MYS,1999,0.323,0.388
7891,Sarawak National Party,MYS,1974,0.478,0.33
7891,Sarawak National Party,MYS,1978,0.483,0.33
7892,Malaysian Social Justice Party,MYS,1974,0.439,0.58
7998,Malaysian United Indigenous Party,MYS,2018,0.403,0.618
7999,National Trust Party / Malaysia Workers' Party,MYS,2018,0.253,0.771
8017,United Sabah National Organisation,MYS,1974,0.628,0.4
8018,Sabah People's United Front,MYS,1978,0.594,0.494
8018,Sabah People's United Front,MYS,1982,0.594,0.494
8027,Sarawak Peoples' Party,MYS,2018,0.401,0.46
699,Nationalist Party,MLT,1971,0.284,0.266
699,Nationalist Party,MLT,1976,0.237,0.679
699,Nationalist Party,MLT,1981,0.32,0.725
699,Nationalist Party,MLT,1987,0.32,0.718
699,Nationalist Party,MLT,1992,0.383,0.271
699,Nationalist Party,MLT,1996,0.355,0.261
699,Nationalist Party,MLT,1998,0.411,0.525
699,Nationalist Party,MLT,2003,0.337,0.251
699,Nationalist Party,MLT,2008,0.259,0.321
699,Nationalist Party,MLT,2013,0.259,0.483
808,Malta Labour Party,MLT,1971,0.508,0.7
808,Malta Labour Party,MLT,1976,0.67,0.654
808,Malta Labour Party,MLT,1981,0.529,0.648
808,Malta Labour Party,MLT,1987,0.684,0.701
808,Malta Labour Party,MLT,1992,0.278,0.537
808,Malta Labour Party,MLT,1996,0.242,0.634
808,Malta Labour Party,MLT,1998,0.242,0.324
808,Malta Labour Party,MLT,2003,0.223,0.691
808,Malta Labour Party,MLT,2008,0.223,0.741
808,Malta Labour Party,MLT,2013,0.349,0.811
2320,Labour Party,MUS,1991,0.564,0.66
2320,Labour Party,MUS,1995,0.564,0.66
2320,Labour Party,MUS,2019,0.564,0.452
2460,Mauritian Militant Movement,MUS,1976,0.601,0.809
2460,Mauritian Militant Movement,MUS,1982,0.601,0.707
2460,Mauritian Militant Movement,MUS,1983,0.623,0.499
2460,Mauritian Militant Movement,MUS,1987,0.554,0.448
2460,Mauritian Militant Movement,MUS,1991,0.554,0.448
2460,Mauritian Militant Movement,MUS,1995,0.554,0.448
2460,Mauritian Militant Movement,MUS,2019,0.554,0.448
3798,Militiant Socialist Movement,MUS,1991,0.556,0.561
3798,Militiant Socialist Movement,MUS,1995,0.556,0.561
3798,Militiant Socialist Movement,MUS,2019,0.556,0.299
3800,Mauritian Social Democrat Party,MUS,1976,0.627,0.233
3800,Mauritian Social Democrat Party,MUS,1982,0.559,0.232
3800,Mauritian Social Democrat Party,MUS,1991,0.495,0.235
5375,Independence Party,MUS,1976,0.665,0.516
6410,Mauritian Socialist Party,MUS,1982,0.533,0.79
93558,alliance: PAN,MUS,1982,0.56,0.617
93559,alliance: MSM / MLP / PMSD,MUS,1983,0.563,0.524
93560,alliance: Alliance (MSM / Labour),MUS,1987,0.537,0.561
93561,alliance: Alliance MSM - MMM,MUS,2000,0.544,0.563
93562,alliance: Alliance PTr - PMXD,MUS,2000,0.565,0.603
93563,alliance: Social Alliance,MUS,2005,0.57,0.555
93564,alliance: MSM-MMM,MUS,2005,0.564,0.457
93565,alliance: Avenir,MUS,2010,0.554,0.556
93566,alliance: Coeur,MUS,2010,0.557,0.56
93567,alliance: MSM-PMSD,MUS,2014,0.556,0.56
93568,alliance: PTR-MMM,MUS,2014,0.571,0.558
3104,Socialist People’s Party of Montenegro,MNE,1998,0.684,0.714
3104,Socialist People’s Party of Montenegro,MNE,2001,0.534,0.714
3104,Socialist People’s Party of Montenegro,MNE,2002,0.512,0.714
3104,Socialist People’s Party of Montenegro,MNE,2006,0.451,0.672
3104,Socialist People’s Party of Montenegro,MNE,2009,0.305,0.672
3104,Socialist People’s Party of Montenegro,MNE,2012,0.305,0.672
3104,Socialist People’s Party of Montenegro,MNE,2016,0.305,0.672
3162,Democratic Party of Socialists of Montenegro,MNE,1998,0.739,0.076
3162,Democratic Party of Socialists of Montenegro,MNE,2001,0.739,0.091
3162,Democratic Party of Socialists of Montenegro,MNE,2002,0.739,0.091
3162,Democratic Party of Socialists of Montenegro,MNE,2006,0.688,0.091
3162,Democratic Party of Socialists of Montenegro,MNE,2009,0.669,0.091
3162,Democratic Party of Socialists of Montenegro,MNE,2012,0.674,0.088
3162,Democratic Party of Socialists of Montenegro,MNE,2016,0.674,0.088
3164,Liberal Alliance of Montenegro,MNE,1998,0.137,0.359
3164,Liberal Alliance of Montenegro,MNE,2001,0.137,0.218
3164,Liberal Alliance of Montenegro,MNE,2002,0.123,0.309
3185,Social Democratic Party of Montenegro,MNE,1998,0.2,0.177
3185,Social Democratic Party of Montenegro,MNE,2001,0.254,0.177
3185,Social Democratic Party of Montenegro,MNE,2002,0.254,0.177
3185,Social Democratic Party of Montenegro,MNE,2006,0.254,0.177
3185,Social Democratic Party of Montenegro,MNE,2009,0.254,0.177
3185,Social Democratic Party of Montenegro,MNE,2012,0.254,0.372
3185,Social Democratic Party of Montenegro,MNE,2016,0.254,0.347
3252,New Serbian Democracy,MNE,2009,0.473,0.739
3252,New Serbian Democracy,MNE,2012,0.579,0.752
3252,New Serbian Democracy,MNE,2016,0.741,0.797
3253,Croatian Civic Initiative,MNE,2006,0.12,0.074
3253,Croatian Civic Initiative,MNE,2009,0.12,0.074
3255,Bosniak Party,MNE,2009,0.312,0.078
3255,Bosniak Party,MNE,2012,0.185,0.078
3645,People’s Party,MNE,1998,0.451,0.164
3645,People’s Party,MNE,2001,0.48,0.495
3645,People’s Party,MNE,2002,0.48,0.437
3645,People’s Party,MNE,2006,0.454,0.487
4766,Movement for Changes,MNE,2006,0.118,0.635
4766,Movement for Changes,MNE,2009,0.22,0.635
4766,Movement for Changes,MNE,2012,0.381,0.746
4766,Movement for Changes,MNE,2016,0.506,0.848
4767,Positive Montenegro,MNE,2012,0.209,0.636
4768,Liberal Party of Montenegro,MNE,2012,0.079,0.158
5467,Democratic Alliance,MNE,2016,0.242,0.676
5468,United Reformist Action,MNE,2016,0.276,0.683
5469,Democratic Montenegro,MNE,2016,0.32,0.782
5486,Serbian People's Party,MNE,2001,0.692,0.639
5486,Serbian People's Party,MNE,2002,0.692,0.694
5487,Democratic Serb Party,MNE,2006,0.732,0.748
6624,Democratic People's Party of Montenegro,MNE,2012,0.496,0.626
6624,Democratic People's Party of Montenegro,MNE,2016,0.544,0.634
93573,alliance: Serb list,MNE,2006,0.63,0.684
591,New Zealand First Party,NZL,1993,0.251,0.907
591,New Zealand First Party,NZL,1996,0.32,0.907
591,New Zealand First Party,NZL,2002,0.316,0.903
591,New Zealand First Party,NZL,2005,0.316,0.903
591,New Zealand First Party,NZL,2011,0.317,0.904
591,New Zealand First Party,NZL,2014,0.317,0.904
591,New Zealand First Party,NZL,2017,0.299,0.904
653,Values Party,NZL,1975,0.015,0.509
716,Alliance,NZL,1993,0.022,0.734
716,Alliance,NZL,1996,0.022,0.759
716,Alliance,NZL,1999,0.022,0.759
752,ACT New Zealand,NZL,1996,0.142,0.237
752,ACT New Zealand,NZL,1999,0.153,0.237
752,ACT New Zealand,NZL,2002,0.153,0.237
870,New Zealand Party,NZL,1984,0.219,0.512
911,Social Credit / Democratic Party,NZL,1972,0.056,0.615
911,Social Credit / Democratic Party,NZL,1975,0.055,0.615
911,Social Credit / Democratic Party,NZL,1978,0.056,0.615
911,Social Credit / Democratic Party,NZL,1981,0.056,0.615
911,Social Credit / Democratic Party,NZL,1984,0.056,0.615
911,Social Credit / Democratic Party,NZL,1987,0.056,0.615
940,United Future New Zealand,NZL,2002,0.046,0.254
1049,Labour Party,NZL,1972,0.086,0.635
1049,Labour Party,NZL,1975,0.093,0.589
1049,Labour Party,NZL,1978,0.093,0.589
1049,Labour Party,NZL,1981,0.093,0.589
1049,Labour Party,NZL,1984,0.093,0.564
1049,Labour Party,NZL,1987,0.086,0.418
1049,Labour Party,NZL,1990,0.086,0.497
1049,Labour Party,NZL,1993,0.086,0.543
1049,Labour Party,NZL,1996,0.061,0.508
1049,Labour Party,NZL,1999,0.061,0.552
1049,Labour Party,NZL,2002,0.061,0.435
1049,Labour Party,NZL,2005,0.061,0.455
1049,Labour Party,NZL,2008,0.061,0.481
1049,Labour Party,NZL,2011,0.061,0.481
1049,Labour Party,NZL,2014,0.061,0.422
1049,Labour Party,NZL,2017,0.061,0.422
1099,Green Party,NZL,1990,0.02,0.388
1099,Green Party,NZL,1999,0.021,0.377
1099,Green Party,NZL,2002,0.021,0.377
1099,Green Party,NZL,2005,0.021,0.377
1099,Green Party,NZL,2008,0.021,0.377
1099,Green Party,NZL,2011,0.021,0.377
1099,Green Party,NZL,2014,0.02,0.377
1099,Green Party,NZL,2017,0.02,0.377
1119,New Labour Party,NZL,1990,0.053,0.826
1824,National Party,NZL,1972,0.137,0.264
1824,National Party,NZL,1975,0.203,0.331
1824,National Party,NZL,1978,0.203,0.282
1824,National Party,NZL,1981,0.203,0.282
1824,National Party,NZL,1984,0.185,0.282
1824,National Party,NZL,1987,0.117,0.334
1824,National Party,NZL,1990,0.117,0.334
1824,National Party,NZL,1993,0.117,0.264
1824,National Party,NZL,1996,0.117,0.264
1824,National Party,NZL,1999,0.117,0.264
1824,National Party,NZL,2002,0.117,0.264
1824,National Party,NZL,2005,0.149,0.287
1824,National Party,NZL,2008,0.115,0.264
1824,National Party,NZL,2011,0.115,0.264
1824,National Party,NZL,2014,0.137,0.264
1824,National Party,NZL,2017,0.116,0.264
101,Progress Party [Anders Lange’s Party],NOR,1973,0.051,0.828
101,Progress Party [Anders Lange’s Party],NOR,1989,0.043,0.807
101,Progress Party [Anders Lange’s Party],NOR,1993,0.043,0.809
101,Progress Party [Anders Lange’s Party],NOR,1997,0.043,0.808
101,Progress Party [Anders Lange’s Party],NOR,2001,0.043,0.804
101,Progress Party [Anders Lange’s Party],NOR,2005,0.043,0.778
101,Progress Party [Anders Lange’s Party],NOR,2009,0.125,0.775
101,Progress Party [Anders Lange’s Party],NOR,2013,0.043,0.752
101,Progress Party [Anders Lange’s Party],NOR,2017,0.043,0.745
448,Norwegian Labour Party,NOR,1973,0.025,0.242
448,Norwegian Labour Party,NOR,1977,0.025,0.224
448,Norwegian Labour Party,NOR,1981,0.025,0.224
448,Norwegian Labour Party,NOR,1985,0.025,0.225
448,Norwegian Labour Party,NOR,1989,0.025,0.266
448,Norwegian Labour Party,NOR,1993,0.025,0.222
448,Norwegian Labour Party,NOR,1997,0.026,0.224
448,Norwegian Labour Party,NOR,2001,0.026,0.225
448,Norwegian Labour Party,NOR,2005,0.026,0.224
448,Norwegian Labour Party,NOR,2009,0.025,0.224
448,Norwegian Labour Party,NOR,2013,0.026,0.239
448,Norwegian Labour Party,NOR,2017,0.026,0.241
503,Conservative Party,NOR,1973,0.026,0.05
503,Conservative Party,NOR,1977,0.026,0.05
503,Conservative Party,NOR,1981,0.026,0.051
503,Conservative Party,NOR,1985,0.026,0.05
503,Conservative Party,NOR,1989,0.026,0.05
503,Conservative Party,NOR,1993,0.026,0.05
503,Conservative Party,NOR,1997,0.025,0.05
503,Conservative Party,NOR,2001,0.025,0.051
503,Conservative Party,NOR,2005,0.025,0.051
503,Conservative Party,NOR,2009,0.025,0.05
503,Conservative Party,NOR,2013,0.025,0.049
503,Conservative Party,NOR,2017,0.025,0.049
705,Christian Democratic Party,NOR,1973,0.025,0.168
705,Christian Democratic Party,NOR,1977,0.025,0.145
705,Christian Democratic Party,NOR,1981,0.025,0.107
705,Christian Democratic Party,NOR,1985,0.025,0.108
705,Christian Democratic Party,NOR,1989,0.025,0.107
705,Christian Democratic Party,NOR,1993,0.025,0.128
705,Christian Democratic Party,NOR,1997,0.025,0.107
705,Christian Democratic Party,NOR,2001,0.025,0.106
705,Christian Democratic Party,NOR,2005,0.025,0.107
705,Christian Democratic Party,NOR,2009,0.024,0.106
705,Christian Democratic Party,NOR,2013,0.025,0.107
705,Christian Democratic Party,NOR,2017,0.025,0.146
719,Socialist Left Party,NOR,1973,0.018,0.477
719,Socialist Left Party,NOR,1985,0.018,0.376
719,Socialist Left Party,NOR,1989,0.018,0.384
719,Socialist Left Party,NOR,1993,0.018,0.451
719,Socialist Left Party,NOR,1997,0.018,0.345
719,Socialist Left Party,NOR,2001,0.018,0.327
719,Socialist Left Party,NOR,2005,0.018,0.326
719,Socialist Left Party,NOR,2009,0.018,0.331
719,Socialist Left Party,NOR,2017,0.018,0.329
1072,Centre [Agrarian] Party,NOR,1973,0.023,0.534
1072,Centre [Agrarian] Party,NOR,1977,0.023,0.466
1072,Centre [Agrarian] Party,NOR,1981,0.023,0.463
1072,Centre [Agrarian] Party,NOR,1985,0.023,0.463
1072,Centre [Agrarian] Party,NOR,1989,0.023,0.465
1072,Centre [Agrarian] Party,NOR,1993,0.023,0.561
1072,Centre [Agrarian] Party,NOR,1997,0.024,0.466
1072,Centre [Agrarian] Party,NOR,2001,0.024,0.454
1072,Centre [Agrarian] Party,NOR,2005,0.024,0.465
1072,Centre [Agrarian] Party,NOR,2009,0.024,0.491
1072,Centre [Agrarian] Party,NOR,2013,0.023,0.639
1072,Centre [Agrarian] Party,NOR,2017,0.023,0.674
1173,Liberal Party of Norway,NOR,2005,0.017,0.11
1173,Liberal Party of Norway,NOR,2013,0.018,0.084
1173,Liberal Party of Norway,NOR,2017,0.018,0.083
220,Beloved Fatherland Party,PRY,2003,0.377,0.218
220,Beloved Fatherland Party,PRY,2008,0.39,0.218
220,Beloved Fatherland Party,PRY,2018,0.466,0.22
384,National Republican Association – Colorado Party,PRY,1973,1,0.141
384,National Republican Association – Colorado Party,PRY,1977,1,0.141
384,National Republican Association – Colorado Party,PRY,1978,1,0.141
384,National Republican Association – Colorado Party,PRY,1983,1,0.141
384,National Republican Association – Colorado Party,PRY,1988,1,0.316
384,National Republican Association – Colorado Party,PRY,1989,0.993,0.316
384,National Republican Association – Colorado Party,PRY,1991,0.967,0.341
384,National Republican Association – Colorado Party,PRY,1993,0.931,0.243
384,National Republican Association – Colorado Party,PRY,1998,0.916,0.381
384,National Republican Association – Colorado Party,PRY,2003,0.878,0.553
384,National Republican Association – Colorado Party,PRY,2008,0.826,0.407
384,National Republican Association – Colorado Party,PRY,2013,0.831,0.213
384,National Republican Association – Colorado Party,PRY,2018,0.828,0.146
571,National Encounter Party,PRY,1993,0.282,0.442
571,National Encounter Party,PRY,1998,0.227,0.442
1245,Authentic Radical Liberal Party,PRY,1973,0.44,0.582
1245,Authentic Radical Liberal Party,PRY,1978,0.49,0.656
1245,Authentic Radical Liberal Party,PRY,1983,0.509,0.688
1245,Authentic Radical Liberal Party,PRY,1988,0.497,0.688
1245,Authentic Radical Liberal Party,PRY,1989,0.392,0.618
1245,Authentic Radical Liberal Party,PRY,1991,0.384,0.58
1245,Authentic Radical Liberal Party,PRY,1993,0.384,0.616
1245,Authentic Radical Liberal Party,PRY,1998,0.453,0.59
1245,Authentic Radical Liberal Party,PRY,2003,0.501,0.518
1245,Authentic Radical Liberal Party,PRY,2008,0.452,0.537
1245,Authentic Radical Liberal Party,PRY,2013,0.429,0.538
1245,Authentic Radical Liberal Party,PRY,2018,0.432,0.579
1339,National Union of Ethical Citizens,PRY,2003,0.95,0.607
1339,National Union of Ethical Citizens,PRY,2008,0.908,0.593
1339,National Union of Ethical Citizens,PRY,2013,0.83,0.606
5081,Liberal Party,PRY,1978,0.705,0.42
5081,Liberal Party,PRY,1983,0.704,0.452
5081,Liberal Party,PRY,1988,0.682,0.452
7638,Guasú Front,PRY,2013,0.377,0.907
8064,Constitution for All,PRY,1991,0.131,0.601
8065,Great Renewed National Alliance,PRY,2018,0.473,0.662
120,Social Democratic Party,ROU,1992,0.771,0.527
120,Social Democratic Party,ROU,1996,0.633,0.423
120,Social Democratic Party,ROU,2004,0.402,0.392
120,Social Democratic Party,ROU,2008,0.28,0.392
120,Social Democratic Party,ROU,2012,0.227,0.392
120,Social Democratic Party,ROU,2016,0.411,0.392
481,National Liberal Party,ROU,1990,0.179,0.246
481,National Liberal Party,ROU,1996,0.08,0.105
481,National Liberal Party,ROU,2000,0.105,0.248
481,National Liberal Party,ROU,2004,0.076,0.111
481,National Liberal Party,ROU,2008,0.076,0.165
481,National Liberal Party,ROU,2012,0.091,0.165
481,National Liberal Party,ROU,2016,0.078,0.106
645,Party of the Civic Alliance,ROU,1992,0.068,0.243
660,Democratic Liberal Party,ROU,2008,0.31,0.293
660,Democratic Liberal Party,ROU,2012,0.217,0.293
1034,Romanian Social Democratic Party,ROU,1992,0.336,0.5
1034,Romanian Social Democratic Party,ROU,2000,0.262,0.505
1105,Democratic Union of Hungarians in Romania / Democratic Alliance of Hungarians in Romania,ROU,1990,0.064,0.187
1105,Democratic Union of Hungarians in Romania / Democratic Alliance of Hungarians in Romania,ROU,1992,0.03,0.187
1105,Democratic Union of Hungarians in Romania / Democratic Alliance of Hungarians in Romania,ROU,1996,0.03,0.187
1105,Democratic Union of Hungarians in Romania / Democratic Alliance of Hungarians in Romania,ROU,2000,0.03,0.187
1105,Democratic Union of Hungarians in Romania / Democratic Alliance of Hungarians in Romania,ROU,2004,0.03,0.187
1105,Democratic Union of Hungarians in Romania / Democratic Alliance of Hungarians in Romania,ROU,2008,0.028,0.187
1105,Democratic Union of Hungarians in Romania / Democratic Alliance of Hungarians in Romania,ROU,2012,0.028,0.187
1105,Democratic Union of Hungarians in Romania / Democratic Alliance of Hungarians in Romania,ROU,2016,0.028,0.187
1305,Greater Romania Party,ROU,2000,0.955,0.777
1305,Greater Romania Party,ROU,2004,0.955,0.777
1373,Romanian Ecologist Party,ROU,1992,0.027,0.212
1373,Romanian Ecologist Party,ROU,1996,0.027,0.212
1373,Romanian Ecologist Party,ROU,2000,0.027,0.22
1443,Conservative Party / Romanian Humanist Party,ROU,2000,0.412,0.225
1443,Conservative Party / Romanian Humanist Party,ROU,2004,0.412,0.225
1443,Conservative Party / Romanian Humanist Party,ROU,2008,0.412,0.225
1443,Conservative Party / Romanian Humanist Party,ROU,2012,0.443,0.225
1451,Romanian National Unity Party,ROU,1992,0.862,0.61
1541,National Union for the Progress of Romania,ROU,2012,0.226,0.245
1715,Democratic Party,ROU,1990,0.845,0.349
1715,Democratic Party,ROU,1992,0.324,0.245
1715,Democratic Party,ROU,1996,0.113,0.245
1715,Democratic Party,ROU,2000,0.117,0.366
1715,Democratic Party,ROU,2004,0.252,0.33
1750,Christian-Democratic National Peasants' Party,ROU,1992,0.093,0.242
1750,Christian-Democratic National Peasants' Party,ROU,1996,0.117,0.153
1750,Christian-Democratic National Peasants' Party,ROU,2000,0.117,0.237
1750,Christian-Democratic National Peasants' Party,ROU,2012,0.079,0.181
2473,Civic Force,ROU,2012,0.306,0.208
2474,People's Party – Dan Diaconescu,ROU,2012,0.671,0.872
3210,People's Movement Party,ROU,2016,0.215,0.252
5662,Alliance of Liberals and Democrats,ROU,2016,0.291,0.074
5773,Romanian Communist Party,ROU,1975,1,0.549
5773,Romanian Communist Party,ROU,1980,1,0.549
5773,Romanian Communist Party,ROU,1985,1,0.549
5969,Save Romania Union,ROU,2016,0.061,0.405
5331,Movement for the Liberation of São Tomé and Príncipe / Social Democratic Party,STP,1980,0.987,0.1
5331,Movement for the Liberation of São Tomé and Príncipe / Social Democratic Party,STP,1985,0.978,0.1
5331,Movement for the Liberation of São Tomé and Príncipe / Social Democratic Party,STP,1991,0.191,0.092
5331,Movement for the Liberation of São Tomé and Príncipe / Social Democratic Party,STP,1994,0.191,0.092
5331,Movement for the Liberation of São Tomé and Príncipe / Social Democratic Party,STP,1998,0.26,0.092
5331,Movement for the Liberation of São Tomé and Príncipe / Social Democratic Party,STP,2002,0.174,0.092
5331,Movement for the Liberation of São Tomé and Príncipe / Social Democratic Party,STP,2006,0.102,0.092
5331,Movement for the Liberation of São Tomé and Príncipe / Social Democratic Party,STP,2010,0.102,0.092
5331,Movement for the Liberation of São Tomé and Príncipe / Social Democratic Party,STP,2014,0.102,0.092
5332,Democratic Convergence Party-Reflection Group,STP,1991,0.317,0.582
5332,Democratic Convergence Party-Reflection Group,STP,1994,0.251,0.372
5332,Democratic Convergence Party-Reflection Group,STP,1998,0.251,0.246
5332,Democratic Convergence Party-Reflection Group,STP,2010,0.114,0.242
5332,Democratic Convergence Party-Reflection Group,STP,2014,0.097,0.242
5340,Independent Democratic Action,STP,1994,0.281,0.153
5340,Independent Democratic Action,STP,1998,0.232,0.153
5340,Independent Democratic Action,STP,2006,0.098,0.159
5340,Independent Democratic Action,STP,2010,0.098,0.159
5340,Independent Democratic Action,STP,2014,0.191,0.159
6143,Force for Change Democratic Movement-Liberal Party,STP,2002,0.157,0.239
6445,Uê Kédadji,STP,2002,0.164,0.289
93586,alliance: Force for Change Democratic Movement - Democratic Convergence Party,STP,2006,0.102,0.15
2175,Serbian Radical Party,SRB,1992,0.995,0.649
2175,Serbian Radical Party,SRB,1993,0.995,0.649
2175,Serbian Radical Party,SRB,1996,0.99,0.649
2175,Serbian Radical Party,SRB,1997,0.99,0.649
2175,Serbian Radical Party,SRB,2000,0.995,0.649
2175,Serbian Radical Party,SRB,2003,0.978,0.649
2175,Serbian Radical Party,SRB,2007,0.967,0.591
2175,Serbian Radical Party,SRB,2008,0.967,0.591
2175,Serbian Radical Party,SRB,2016,0.961,0.542
2176,Serbian Renewal Movement,SRB,1990,0.761,0.484
2176,Serbian Renewal Movement,SRB,1997,0.719,0.487
2176,Serbian Renewal Movement,SRB,2003,0.584,0.487
2178,Socialist Party of Serbia,SRB,1990,0.901,0.543
2178,Socialist Party of Serbia,SRB,1992,0.901,0.543
2178,Socialist Party of Serbia,SRB,1993,0.879,0.481
2178,Socialist Party of Serbia,SRB,1996,0.857,0.481
2178,Socialist Party of Serbia,SRB,2000,0.852,0.546
2178,Socialist Party of Serbia,SRB,2003,0.708,0.368
2178,Socialist Party of Serbia,SRB,2007,0.707,0.368
2180,Turnover – Cedomir Jovanovic,SRB,2012,0.158,0.065
2181,United Regions of Serbia,SRB,2012,0.246,0.085
2189,Democratic Party,SRB,1990,0.07,0.15
2189,Democratic Party,SRB,1993,0.07,0.153
2189,Democratic Party,SRB,2000,0.164,0.152
2189,Democratic Party,SRB,2003,0.145,0.152
2189,Democratic Party,SRB,2007,0.163,0.152
2189,Democratic Party,SRB,2014,0.169,0.154
2190,Democratic Party of Serbia,SRB,1993,0.229,0.324
2190,Democratic Party of Serbia,SRB,2000,0.24,0.329
2190,Democratic Party of Serbia,SRB,2003,0.24,0.329
2190,Democratic Party of Serbia,SRB,2007,0.218,0.329
2190,Democratic Party of Serbia,SRB,2008,0.242,0.329
2190,Democratic Party of Serbia,SRB,2012,0.217,0.329
2192,For a European Serbia Alliance,SRB,2008,0.155,0.148
2193,G17 Plus,SRB,2003,0.295,0.084
2193,G17 Plus,SRB,2007,0.295,0.084
2195,Let's get Serbia moving - Tomislav Nikolic,SRB,2012,0.834,0.65
2196,Liberal Democratic Party,SRB,2007,0.201,0.058
2196,Liberal Democratic Party,SRB,2008,0.201,0.058
2197,New Democracy,SRB,2000,0.348,0.062
2202,Civic Alliance of Serbia,SRB,2000,0.047,0.043
2203,Alliance of Vojvodina Hungarians,SRB,2000,0.297,0.253
2346,New Serbia,SRB,2000,0.671,0.17
4135,Democratic Alternative,SRB,2000,0.381,0.086
4769,League of Social Democrats of Vojvodina,SRB,2000,0.385,0.131
5391,League of Communists of Yugoslavia,SRB,1974,0.932,0.494
5391,League of Communists of Yugoslavia,SRB,1978,0.932,0.494
5391,League of Communists of Yugoslavia,SRB,1982,0.92,0.494
5391,League of Communists of Yugoslavia,SRB,1986,0.942,0.443
5395,Together,SRB,1996,0.244,0.431
6150,Democratic Movement of Serbia,SRB,1992,0.337,0.324
6150,Democratic Movement of Serbia,SRB,1993,0.337,0.324
7648,Enough is Enough - Restart,SRB,2016,0.336,0.445
7965,Social Democracy,SRB,2000,0.41,0.305
7966,Christian Democratic Party of Serbia,SRB,2000,0.287,0.154
7967,Movement for Democratic Serbia,SRB,2000,0.36,0.062
93589,"alliance: Coalition of Socialist Party of Serbia, Yugoslav Left and New Democracy",SRB,1997,0.9,0.257
93590,alliance: Choice For a Better Life – Boris Tadić,SRB,2012,0.452,0.16
93591,alliance: Socialist Party of Serbia/Party of United Pensioners of Serbia/United Serbia,SRB,2012,0.752,0.435
93591,alliance: Socialist Party of Serbia/Party of United Pensioners of Serbia/United Serbia,SRB,2014,0.752,0.496
93592,alliance: Aleksandar Vucic - The future in which we believe,SRB,2014,0.979,0.715
93593,alliance: New Democratic Party-Greens/League of Social Democrats of Vojvodina/Together for Serbia/Democartic Fellowship of Vojvodina Hungarians/Together for Vojvodina/Democratic Left of Roma,SRB,2014,0.219,0.16
93594,alliance: Serbia is Winning,SRB,2016,0.976,0.853
93595,alliance: SPS–JS–ZS,SRB,2016,0.856,0.372
93596,alliance: For a Just Serbia,SRB,2016,0.171,0.296
93597,alliance: Dveri–DSS,SRB,2016,0.916,0.484
93598,alliance: Alliance for a Better Serbia,SRB,2016,0.891,0.17
3847,Seychelles People's Progressive Front / People's Party / Seychelles People's United Party,SYC,1970,0.793,0.807
3847,Seychelles People's Progressive Front / People's Party / Seychelles People's United Party,SYC,1974,0.793,0.807
3847,Seychelles People's Progressive Front / People's Party / Seychelles People's United Party,SYC,1979,0.969,0.656
3847,Seychelles People's Progressive Front / People's Party / Seychelles People's United Party,SYC,1983,0.944,0.659
3847,Seychelles People's Progressive Front / People's Party / Seychelles People's United Party,SYC,1987,0.944,0.659
3847,Seychelles People's Progressive Front / People's Party / Seychelles People's United Party,SYC,1992,0.601,0.659
3847,Seychelles People's Progressive Front / People's Party / Seychelles People's United Party,SYC,1993,0.445,0.659
3847,Seychelles People's Progressive Front / People's Party / Seychelles People's United Party,SYC,1998,0.445,0.659
3847,Seychelles People's Progressive Front / People's Party / Seychelles People's United Party,SYC,2002,0.445,0.659
3847,Seychelles People's Progressive Front / People's Party / Seychelles People's United Party,SYC,2007,0.445,0.659
3847,Seychelles People's Progressive Front / People's Party / Seychelles People's United Party,SYC,2011,0.445,0.659
3847,Seychelles People's Progressive Front / People's Party / Seychelles People's United Party,SYC,2016,0.394,0.723
4117,Seychelles National Party / United Opposition,SYC,1993,0.318,0.829
4117,Seychelles National Party / United Opposition,SYC,1998,0.318,0.829
4117,Seychelles National Party / United Opposition,SYC,2002,0.318,0.829
4117,Seychelles National Party / United Opposition,SYC,2007,0.324,0.829
5485,Seychelles Democratic Party,SYC,1970,0.437,0.693
5485,Seychelles Democratic Party,SYC,1974,0.441,0.693
5485,Seychelles Democratic Party,SYC,1992,0.357,0.812
5485,Seychelles Democratic Party,SYC,1993,0.357,0.812
5485,Seychelles Democratic Party,SYC,1998,0.357,0.812
5485,Seychelles Democratic Party,SYC,2016,0.362,0.808
5541,Popular Democratic Movement,SYC,2011,0.326,0.859
3277,People's Action Party,SGP,1972,0.935,0.05
3277,People's Action Party,SGP,1976,0.935,0.05
3277,People's Action Party,SGP,1980,0.935,0.149
3277,People's Action Party,SGP,1984,0.935,0.149
3277,People's Action Party,SGP,1988,0.935,0.149
3277,People's Action Party,SGP,1991,0.818,0.051
3277,People's Action Party,SGP,1997,0.818,0.051
3277,People's Action Party,SGP,2001,0.818,0.051
3277,People's Action Party,SGP,2006,0.841,0.051
3277,People's Action Party,SGP,2011,0.884,0.168
3277,People's Action Party,SGP,2015,0.913,0.168
3278,Workers' Party of Singapore,SGP,1972,0.27,0.852
3278,Workers' Party of Singapore,SGP,1976,0.27,0.852
3278,Workers' Party of Singapore,SGP,1980,0.269,0.852
3278,Workers' Party of Singapore,SGP,1984,0.275,0.852
3278,Workers' Party of Singapore,SGP,1988,0.275,0.852
3278,Workers' Party of Singapore,SGP,1991,0.275,0.768
3278,Workers' Party of Singapore,SGP,1997,0.229,0.71
3278,Workers' Party of Singapore,SGP,2006,0.233,0.603
3278,Workers' Party of Singapore,SGP,2011,0.233,0.603
3278,Workers' Party of Singapore,SGP,2015,0.233,0.603
3279,National Solidarity Party,SGP,1991,0.257,0.615
3279,National Solidarity Party,SGP,1997,0.257,0.615
3279,National Solidarity Party,SGP,2011,0.257,0.679
3561,Singapore Democratic Party,SGP,1988,0.131,0.678
3561,Singapore Democratic Party,SGP,1991,0.166,0.678
3561,Singapore Democratic Party,SGP,1997,0.096,0.713
3651,Singapore United Front / Democratic Progressive Party,SGP,1976,0.278,0.661
3651,Singapore United Front / Democratic Progressive Party,SGP,1984,0.276,0.699
4369,United National Front,SGP,1972,0.275,0.715
5913,Singapore Democratic Alliance,SGP,2001,0.306,0.613
5913,Singapore Democratic Alliance,SGP,2006,0.306,0.613
9,Party of Civic Understanding,SVK,1998,0.059,0.504
63,Christian Democratic Movement,SVK,1994,0.045,0.091
63,Christian Democratic Movement,SVK,1998,0.046,0.091
63,Christian Democratic Movement,SVK,2002,0.042,0.086
63,Christian Democratic Movement,SVK,2006,0.042,0.091
63,Christian Democratic Movement,SVK,2010,0.042,0.091
63,Christian Democratic Movement,SVK,2012,0.04,0.091
200,Social Democratic Party of Slovakia,SVK,1994,0.035,0.206
200,Social Democratic Party of Slovakia,SVK,1998,0.035,0.212
217,Alliance of the New Citizen,SVK,2002,0.058,0.394
230,Association of Workers of Slovakia,SVK,1994,0.426,0.795
258,Most-Hid,SVK,2010,0.015,0.114
258,Most-Hid,SVK,2012,0.015,0.114
258,Most-Hid,SVK,2016,0.022,0.112
311,Direction -- Social Democracy,SVK,2002,0.156,0.729
311,Direction -- Social Democracy,SVK,2006,0.147,0.568
311,Direction -- Social Democracy,SVK,2010,0.155,0.416
311,Direction -- Social Democracy,SVK,2012,0.289,0.528
311,Direction -- Social Democracy,SVK,2016,0.388,0.374
340,Communist Party of Slovakia,SVK,2002,0.622,0.807
349,Party of the Hungarian Coalition / Party of the Hungarian Community,SVK,1998,0.024,0.153
349,Party of the Hungarian Coalition / Party of the Hungarian Community,SVK,2002,0.022,0.112
349,Party of the Hungarian Coalition / Party of the Hungarian Community,SVK,2006,0.022,0.112
560,Movement for a Democratic Slovakia,SVK,1994,0.798,0.449
560,Movement for a Democratic Slovakia,SVK,1998,0.842,0.33
560,Movement for a Democratic Slovakia,SVK,2002,0.543,0.526
560,Movement for a Democratic Slovakia,SVK,2006,0.425,0.452
656,People's Party Our Slovakia,SVK,2016,0.948,0.887
707,Democratic Union / Alternative of Political Realism,SVK,1994,0.041,0.085
707,Democratic Union / Alternative of Political Realism,SVK,1998,0.042,0.086
730,Slovak National Party,SVK,1994,0.747,0.454
730,Slovak National Party,SVK,1998,0.702,0.407
730,Slovak National Party,SVK,2006,0.673,0.554
730,Slovak National Party,SVK,2010,0.618,0.465
730,Slovak National Party,SVK,2016,0.375,0.48
983,Democratic Party,SVK,1998,0.021,0.052
1077,Coexistence,SVK,1994,0.027,0.151
1242,Party of the Democratic Left (1990),SVK,1994,0.053,0.331
1242,Party of the Democratic Left (1990),SVK,1998,0.057,0.325
1386,Freedom and Solidarity,SVK,2010,0.07,0.325
1386,Freedom and Solidarity,SVK,2012,0.069,0.227
1386,Freedom and Solidarity,SVK,2016,0.058,0.197
1569,Green Party [in Slovakia],SVK,1994,0.021,0.116
1569,Green Party [in Slovakia],SVK,1998,0.021,0.118
1617,Slovak Democratic and Christian Union – Democratic Party,SVK,2002,0.045,0.099
1617,Slovak Democratic and Christian Union – Democratic Party,SVK,2006,0.044,0.085
1617,Slovak Democratic and Christian Union – Democratic Party,SVK,2010,0.044,0.085
1617,Slovak Democratic and Christian Union – Democratic Party,SVK,2012,0.038,0.087
2130,Ordinary People and Independents,SVK,2012,0.147,0.728
2130,Ordinary People and Independents,SVK,2016,0.169,0.707
2283,Hungarian Christian Democratic Movement,SVK,1994,0.021,0.087
4872,Network,SVK,2016,0.048,0.269
4873,We are family – Boris Kollar,SVK,2016,0.401,0.842
96,Slovenian National Party,SVN,1992,0.853,0.813
96,Slovenian National Party,SVN,2004,0.803,0.793
96,Slovenian National Party,SVN,2008,0.803,0.797
98,Civic List,SVN,2011,0.059,0.174
467,Democratic Party of Retired People of Slovenia,SVN,2000,0.059,0.425
467,Democratic Party of Retired People of Slovenia,SVN,2008,0.066,0.376
467,Democratic Party of Retired People of Slovenia,SVN,2011,0.057,0.424
467,Democratic Party of Retired People of Slovenia,SVN,2014,0.082,0.373
472,Slovenian Democratic Party,SVN,1990,0.145,0.419
472,Slovenian Democratic Party,SVN,1996,0.531,0.615
472,Slovenian Democratic Party,SVN,2000,0.534,0.716
472,Slovenian Democratic Party,SVN,2004,0.602,0.767
472,Slovenian Democratic Party,SVN,2008,0.557,0.765
472,Slovenian Democratic Party,SVN,2011,0.584,0.781
472,Slovenian Democratic Party,SVN,2014,0.581,0.8
472,Slovenian Democratic Party,SVN,2018,0.582,0.802
474,For Real,SVN,2008,0.056,0.199
761,Slovenian Democratic Union,SVN,1990,0.144,0.482
764,Slovenian People's Party,SVN,1990,0.168,0.489
764,Slovenian People's Party,SVN,1992,0.309,0.507
764,Slovenian People's Party,SVN,1996,0.199,0.489
764,Slovenian People's Party,SVN,2000,0.358,0.451
764,Slovenian People's Party,SVN,2004,0.296,0.45
764,Slovenian People's Party,SVN,2008,0.29,0.49
764,Slovenian People's Party,SVN,2011,0.356,0.508
975,Liberal Democracy of Slovenia,SVN,1990,0.114,0.131
975,Liberal Democracy of Slovenia,SVN,1992,0.056,0.13
975,Liberal Democracy of Slovenia,SVN,1996,0.059,0.114
975,Liberal Democracy of Slovenia,SVN,2000,0.105,0.147
975,Liberal Democracy of Slovenia,SVN,2004,0.057,0.113
975,Liberal Democracy of Slovenia,SVN,2008,0.06,0.113
1037,Socialist Party of Slovenia,SVN,1990,0.261,0.236
1403,Social Democrats / United List of Social Democrats,SVN,1990,0.214,0.228
1403,Social Democrats / United List of Social Democrats,SVN,1992,0.087,0.232
1403,Social Democrats / United List of Social Democrats,SVN,1996,0.04,0.24
1403,Social Democrats / United List of Social Democrats,SVN,2000,0.032,0.26
1403,Social Democrats / United List of Social Democrats,SVN,2004,0.047,0.272
1403,Social Democrats / United List of Social Democrats,SVN,2008,0.064,0.392
1403,Social Democrats / United List of Social Democrats,SVN,2011,0.1,0.409
1403,Social Democrats / United List of Social Democrats,SVN,2014,0.047,0.28
1403,Social Democrats / United List of Social Democrats,SVN,2018,0.053,0.28
1479,Democratic Party of Slovenia,SVN,1992,0.038,0.261
1494,Greens of Slovenia,SVN,1990,0.042,0.282
1618,New Slovenia -- Christian People's Party,SVN,1990,0.119,0.433
1618,New Slovenia -- Christian People's Party,SVN,1992,0.08,0.384
1618,New Slovenia -- Christian People's Party,SVN,1996,0.202,0.381
1618,New Slovenia -- Christian People's Party,SVN,2000,0.271,0.531
1618,New Slovenia -- Christian People's Party,SVN,2004,0.275,0.49
1618,New Slovenia -- Christian People's Party,SVN,2014,0.254,0.515
1618,New Slovenia -- Christian People's Party,SVN,2018,0.29,0.58
1773,Zoran Janković's List – Positive Slovenia,SVN,2011,0.122,0.339
3098,Party of Miro Cerar / Modern Center Party,SVN,2014,0.066,0.196
3098,Party of Miro Cerar / Modern Center Party,SVN,2018,0.083,0.172
3114,Alliance of Alenka Bratusek,SVN,2018,0.091,0.201
4714,United Left,SVN,2014,0.099,0.667
6131,The Left,SVN,2018,0.068,0.674
6132,List of Marjan Sarec,SVN,2018,0.069,0.455
5335,Our Land Party,VUT,1975,0.896,0.657
5335,Our Land Party,VUT,1979,0.744,0.657
5335,Our Land Party,VUT,1983,0.405,0.325
5335,Our Land Party,VUT,1987,0.405,0.325
5335,Our Land Party,VUT,1991,0.405,0.325
5335,Our Land Party,VUT,1998,0.405,0.325
5335,Our Land Party,VUT,2002,0.405,0.325
5335,Our Land Party,VUT,2004,0.405,0.325
5335,Our Land Party,VUT,2008,0.405,0.325
5335,Our Land Party,VUT,2012,0.405,0.325
5335,Our Land Party,VUT,2016,0.405,0.325
5336,Union of Moderate Parties,VUT,1975,0.777,0.325
5336,Union of Moderate Parties,VUT,1979,0.564,0.325
5336,Union of Moderate Parties,VUT,1983,0.413,0.325
5336,Union of Moderate Parties,VUT,1987,0.413,0.325
5336,Union of Moderate Parties,VUT,1991,0.413,0.325
5336,Union of Moderate Parties,VUT,1995,0.413,0.325
5336,Union of Moderate Parties,VUT,1998,0.413,0.325
5336,Union of Moderate Parties,VUT,2002,0.413,0.325
5336,Union of Moderate Parties,VUT,2004,0.413,0.325
5336,Union of Moderate Parties,VUT,2008,0.413,0.325
5336,Union of Moderate Parties,VUT,2012,0.413,0.325
5336,Union of Moderate Parties,VUT,2016,0.413,0.325
5337,Vanuatu National United Party,VUT,1991,0.406,0.325
5337,Vanuatu National United Party,VUT,1995,0.406,0.325
5337,Vanuatu National United Party,VUT,1998,0.406,0.325
5337,Vanuatu National United Party,VUT,2002,0.406,0.325
5337,Vanuatu National United Party,VUT,2004,0.406,0.325
5337,Vanuatu National United Party,VUT,2008,0.406,0.325
5337,Vanuatu National United Party,VUT,2012,0.406,0.325
5337,Vanuatu National United Party,VUT,2016,0.406,0.325
5338,Vanuatu Republican Party,VUT,1998,0.406,0.325
5338,Vanuatu Republican Party,VUT,2002,0.406,0.325
5338,Vanuatu Republican Party,VUT,2004,0.406,0.325
5338,Vanuatu Republican Party,VUT,2008,0.406,0.325
5339,Melanesian Progressive Party,VUT,1991,0.407,0.322
5339,Melanesian Progressive Party,VUT,1998,0.407,0.322
5339,Melanesian Progressive Party,VUT,2002,0.407,0.322
5342,Federal Party of the New Herbides,VUT,1979,0.787,0.327
5543,Confédération Verte,VUT,2004,0.41,0.325
5543,Confédération Verte,VUT,2012,0.398,0.33
5545,Reunification of Movement for Change (RMC),VUT,2012,0.403,0.329
5546,Land and Justice Party,VUT,2012,0.409,0.591
5546,Land and Justice Party,VUT,2016,0.409,0.591
5888,People's Progess Party,VUT,2002,0.412,0.32
5888,People's Progess Party,VUT,2004,0.412,0.32
5888,People's Progess Party,VUT,2008,0.412,0.32
5888,People's Progess Party,VUT,2012,0.412,0.32
6045,Nagriamel,VUT,1975,0.779,0.664
93605,alliance: UF,VUT,1995,0.402,0.328
42,Movement for a Better Hungary,HUN,2010,0.85,0.836
42,Movement for a Better Hungary,HUN,2014,0.772,0.819
42,Movement for a Better Hungary,HUN,2018,0.577,0.726
299,Hungarian Socialist Workers' Party,HUN,1971,0.999,0.169
299,Hungarian Socialist Workers' Party,HUN,1975,0.999,0.168
299,Hungarian Socialist Workers' Party,HUN,1980,0.998,0.168
299,Hungarian Socialist Workers' Party,HUN,1985,0.974,0.264
469,Democratic Coalition,HUN,2014,0.113,0.407
469,Democratic Coalition,HUN,2018,0.129,0.42
910,Alliance of Free Democrats,HUN,1990,0.019,0.261
910,Alliance of Free Democrats,HUN,1994,0.024,0.184
910,Alliance of Free Democrats,HUN,1998,0.02,0.124
910,Alliance of Free Democrats,HUN,2002,0.025,0.111
910,Alliance of Free Democrats,HUN,2006,0.023,0.099
1294,Independent Smallholders Party (1988),HUN,1990,0.451,0.74
1294,Independent Smallholders Party (1988),HUN,1994,0.567,0.752
1294,Independent Smallholders Party (1988),HUN,1998,0.6,0.752
1408,Hungarian Socialist Party,HUN,1990,0.299,0.268
1408,Hungarian Socialist Party,HUN,1994,0.11,0.429
1408,Hungarian Socialist Party,HUN,1998,0.05,0.326
1408,Hungarian Socialist Party,HUN,2002,0.061,0.413
1408,Hungarian Socialist Party,HUN,2006,0.079,0.336
1408,Hungarian Socialist Party,HUN,2010,0.088,0.347
1408,Hungarian Socialist Party,HUN,2014,0.09,0.438
1408,Hungarian Socialist Party,HUN,2018,0.065,0.444
1412,Christian Democratic People's Party,HUN,1990,0.143,0.401
1412,Christian Democratic People's Party,HUN,1994,0.127,0.318
1412,Christian Democratic People's Party,HUN,2006,0.238,0.392
1412,Christian Democratic People's Party,HUN,2010,0.515,0.597
1412,Christian Democratic People's Party,HUN,2014,0.789,0.651
1412,Christian Democratic People's Party,HUN,2018,0.817,0.651
1597,Hungarian Justice and Life Party,HUN,1998,0.848,0.803
1650,Politics Can Be Different,HUN,2010,0.049,0.221
1650,Politics Can Be Different,HUN,2014,0.06,0.152
1650,Politics Can Be Different,HUN,2018,0.053,0.151
1691,Fidesz – Hungarian Civic Alliance,HUN,1990,0.064,0.359
1691,Fidesz – Hungarian Civic Alliance,HUN,1994,0.05,0.361
1691,Fidesz – Hungarian Civic Alliance,HUN,1998,0.108,0.433
1691,Fidesz – Hungarian Civic Alliance,HUN,2002,0.168,0.524
1691,Fidesz – Hungarian Civic Alliance,HUN,2006,0.441,0.671
1691,Fidesz – Hungarian Civic Alliance,HUN,2010,0.663,0.803
1691,Fidesz – Hungarian Civic Alliance,HUN,2014,0.878,0.82
1691,Fidesz – Hungarian Civic Alliance,HUN,2018,0.906,0.83
1697,Hungarian Democratic Forum,HUN,1990,0.141,0.459
1697,Hungarian Democratic Forum,HUN,1994,0.127,0.388
1697,Hungarian Democratic Forum,HUN,2002,0.056,0.339
1697,Hungarian Democratic Forum,HUN,2006,0.056,0.345
2458,Together -- Party for a New Era,HUN,2014,0.039,0.204
8072,Party of the Revolution,ZZB,1995,0.971,0.405
8072,Party of the Revolution,ZZB,2000,0.927,0.405
8072,Party of the Revolution,ZZB,2005,0.922,0.405
8072,Party of the Revolution,ZZB,2010,0.831,0.405
8073,Civic United Front,ZZB,1995,0.633,0.63
8073,Civic United Front,ZZB,2000,0.643,0.63
8073,Civic United Front,ZZB,2005,0.593,0.63
8073,Civic United Front,ZZB,2010,0.529,0.631
