window,treatment_def,outcome,outcome_label,panel,spec,treatment,n_first_stage,n_first_stage_treated,first_stage_coef,first_stage_pval,n_outcome,n_outcome_treated,rd_estimate,rd_se,rd_pval,late_estimate,late_se,late_pval,bandwidth,covariates
1,backsliding_Nyr,Y_gdp_growth,PWT,growth,instr-antiplural_w1_trt-ert_gapany_illibany_covlp_exclyr,backsliding_Nyr,1347,32,0.00558928863698847,0.8159503331395996,1309,31,-0.01432300637979258,0.01250834042417483,0.25217747894966447,-6.333781635029984,46.84948041035186,0.8924582717928308,15.332279593377624,Z_Y_gdp_growth
1,backsliding_Nyr,Y_gdp_growth_wb,World Bank,growth,instr-antiplural_w1_trt-ert_gapany_illibany_covlp_exclyr,backsliding_Nyr,1347,32,0.00558928863698847,0.8159503331395996,1325,31,0.00190817675148045,0.01036152258909811,0.853888032632276,-0.7687174051165141,12.61855313135377,0.9514232275366558,17.055863181173915,Z_Y_gdp_growth_wb
1,backsliding_Nyr,Y_gdp_growth_imf,IMF WEO,growth,instr-antiplural_w1_trt-ert_gapany_illibany_covlp_exclyr,backsliding_Nyr,1347,32,0.00558928863698847,0.8159503331395996,1025,25,0.00270214803310207,0.01122906526397323,0.8098351278737914,2.382963735916187,10.275219908193804,0.8166050836941079,21.897139109167505,Z_Y_gdp_growth_imf
1,backsliding_Nyr,Y_inflation,"CPI, cumulative log",inflation,instr-antiplural_w1_trt-ert_gapany_illibany_covlp_exclyr,backsliding_Nyr,1347,32,0.00558928863698847,0.8159503331395996,1221,29,-0.03861307976429925,0.05061475676287431,0.445533855682976,-45.090797943982714,1168.73900507517,0.9692246702134304,20.926700086522978,Z_Y_inflation
1,backsliding_Nyr,Y_unemployment,Unemployment rate,unemployment,instr-antiplural_w1_trt-ert_gapany_illibany_covlp_exclyr,backsliding_Nyr,1347,32,0.00558928863698847,0.8159503331395996,939,28,0.08579829437282627,0.32080565968574415,0.7891255365953007,24.20176509602647,488.4389992574853,0.9604816237899448,18.001900699760238,Z_Y_unemployment
1,backsliding_Nyr,Y_trade_pct_gdp,Trade / GDP,trade,instr-antiplural_w1_trt-ert_gapany_illibany_covlp_exclyr,backsliding_Nyr,1347,32,0.00558928863698847,0.8159503331395996,1193,27,-0.6640732295616179,1.838944950570929,0.7180124138786498,120.2244549491072,485.0507504017583,0.8042430870808982,16.66418431931934,Z_Y_trade_pct_gdp
1,backsliding_Nyr,Y_top10_share,Top-10% income share,top10,instr-antiplural_w1_trt-ert_gapany_illibany_covlp_exclyr,backsliding_Nyr,1347,32,0.00558928863698847,0.8159503331395996,1239,29,-0.3790409574949948,0.3522504569677296,0.28190254257830527,-1474.3119255876568,13069.600527499688,0.9101854188233626,19.435432564489965,Z_Y_top10_share
1,backsliding_Nyr,Y_gini_disp,Disposable,gini,instr-antiplural_w1_trt-ert_gapany_illibany_covlp_exclyr,backsliding_Nyr,1347,32,0.00558928863698847,0.8159503331395996,1083,27,0.13739931847502693,0.1334107370807965,0.30305835710860707,-110.11585047499204,2375.473402602449,0.9630270407175024,24.683820647813057,Z_Y_gini_disp
1,backsliding_Nyr,Y_gini_mkt,Market,gini,instr-antiplural_w1_trt-ert_gapany_illibany_covlp_exclyr,backsliding_Nyr,1347,32,0.00558928863698847,0.8159503331395996,1083,27,-0.04180083677031183,0.1105929069878436,0.7054526403075447,-13.82808986149082,254.1522558191726,0.9566095600015042,22.10055711568387,Z_Y_gini_mkt
1,backsliding_Nyr,Y_debt,Debt / GDP,fiscal,instr-antiplural_w1_trt-ert_gapany_illibany_covlp_exclyr,backsliding_Nyr,1347,32,0.00558928863698847,0.8159503331395996,1289,31,-3.1610426063015256,2.1688609593374077,0.14498759936389327,-1222.1476900266398,10161.800439897184,0.9042702073487232,16.727358398773802,Z_Y_debt
1,backsliding_Nyr,Y_deficit,Deficit / GDP,fiscal,instr-antiplural_w1_trt-ert_gapany_illibany_covlp_exclyr,backsliding_Nyr,1347,32,0.00558928863698847,0.8159503331395996,1141,27,-0.295583375837609,0.7386032900637742,0.6890148592078139,-24.668178959795092,74.10998681899679,0.7392406904394125,11.760099040646248,Z_Y_deficit
1,backsliding_Nyr,Y_checks_balances,Checks & balances,institutions,instr-antiplural_w1_trt-ert_gapany_illibany_covlp_exclyr,backsliding_Nyr,1347,32,0.00558928863698847,0.8159503331395996,1321,31,-0.00482605073860128,0.01178317208327958,0.682120352257269,-5.3220221642032906,141.37076167494553,0.9699700526267874,17.556231640922658,Z_Y_checks_balances
1,backsliding_Nyr,Y_jucon,Judicial constraints,institutions,instr-antiplural_w1_trt-ert_gapany_illibany_covlp_exclyr,backsliding_Nyr,1347,32,0.00558928863698847,0.8159503331395996,1345,31,0.00393668574929124,0.00994189404805792,0.69212760772746,1.9590646865875856,7.12854227901368,0.783454672125783,15.83522448658026,Z_Y_jucon
1,backsliding_Nyr,Y_legcon,Legislative constraints,institutions,instr-antiplural_w1_trt-ert_gapany_illibany_covlp_exclyr,backsliding_Nyr,1347,32,0.00558928863698847,0.8159503331395996,1321,31,-0.02037491297104959,0.01613083582268717,0.2065520356814604,-10.76533112218547,216.13033277379984,0.9602742429589988,16.52658964756449,Z_Y_legcon
1,backsliding_Nyr,Y_hos_power,HOS,exec_power,instr-antiplural_w1_trt-ert_gapany_illibany_covlp_exclyr,backsliding_Nyr,1347,32,0.00558928863698847,0.8159503331395996,1345,31,-7.505706030025929e-4,0.01090868858249863,0.945144963234017,-10.443175730396192,92.4771243447819,0.9100883316698576,22.940194319051766,Z_Y_hos_power
1,backsliding_Nyr,Y_hog_power,HOG,exec_power,instr-antiplural_w1_trt-ert_gapany_illibany_covlp_exclyr,backsliding_Nyr,1347,32,0.00558928863698847,0.8159503331395996,705,18,0.01303370963995555,0.01327936143635731,0.32634562605174455,1.054915260568693,2.2095448195471916,0.6330519999388917,13.098197262325805,Z_Y_hog_power
1,backsliding_Nyr,Y_hos_power_vdem,HOS (v2ex_hosw),exec_power_alt,instr-antiplural_w1_trt-ert_gapany_illibany_covlp_exclyr,backsliding_Nyr,1347,32,0.00558928863698847,0.8159503331395996,1345,31,-0.00844554329193711,0.01850532923582468,0.64811359284769,-2.2944137358506165,12.725098622978528,0.8569122157815644,16.324544453831475,Z_Y_hos_power_vdem
1,backsliding_Nyr,Y_hog_power_vdem,HOG (v2ex_hogw),exec_power_alt,instr-antiplural_w1_trt-ert_gapany_illibany_covlp_exclyr,backsliding_Nyr,1347,32,0.00558928863698847,0.8159503331395996,1345,31,0.01476308436135027,0.01535317525330492,0.3362678849425175,2.62860916249639,11.295336791913972,0.8159816989447839,13.257848777393322,Z_Y_hog_power_vdem
1,backsliding_Nyr,Y_polyarchy,Electoral (polyarchy),vdem_high,instr-antiplural_w1_trt-ert_gapany_illibany_covlp_exclyr,backsliding_Nyr,1347,32,0.00558928863698847,0.8159503331395996,1345,31,-0.00250247874051259,0.01298176122816431,0.8471400266866809,-0.13974271642563085,17.284440157817325,0.993549265106431,15.492488860319208,Z_Y_polyarchy
1,backsliding_Nyr,Y_libdem,Liberal,vdem_high,instr-antiplural_w1_trt-ert_gapany_illibany_covlp_exclyr,backsliding_Nyr,1347,32,0.00558928863698847,0.8159503331395996,1345,31,-0.00279594323596521,0.01189513421293904,0.8141704516884447,-0.14398649429431054,13.76637122918985,0.9916548446779744,15.26735534973426,Z_Y_libdem
1,backsliding_Nyr,Y_partipdem,Participatory,vdem_high,instr-antiplural_w1_trt-ert_gapany_illibany_covlp_exclyr,backsliding_Nyr,1347,32,0.00558928863698847,0.8159503331395996,1344,31,0.00168673874856399,0.0087502082054793,0.8471425799612771,0.907994913191757,4.176402528024805,0.8278882342506736,15.157388077722016,Z_Y_partipdem
1,backsliding_Nyr,Y_delibdem,Deliberative,vdem_high,instr-antiplural_w1_trt-ert_gapany_illibany_covlp_exclyr,backsliding_Nyr,1347,32,0.00558928863698847,0.8159503331395996,1345,31,-5.513378570229948e-4,0.01364920816029369,0.9677794959584332,-0.16414689795565507,24.428158865871517,0.9946385934896828,16.21495670937569,Z_Y_delibdem
1,backsliding_Nyr,Y_egaldem,Egalitarian,vdem_high,instr-antiplural_w1_trt-ert_gapany_illibany_covlp_exclyr,backsliding_Nyr,1347,32,0.00558928863698847,0.8159503331395996,1345,31,-0.00162563410901934,0.00888733105078909,0.8548640112829976,0.08869381898100026,9.413827005210942,0.9924827191106212,14.778881893920207,Z_Y_egaldem
1,backsliding_Nyr,Y_elecoff,Elected officials,vdem_electoral,instr-antiplural_w1_trt-ert_gapany_illibany_covlp_exclyr,backsliding_Nyr,1347,32,0.00558928863698847,0.8159503331395996,1345,31,-1.2967067736682498e-4,0.02357999530563199,0.9956123099833432,-23.051387275571308,2097.533783112555,0.991231618796719,17.49259000659693,Z_Y_elecoff
1,backsliding_Nyr,Y_frefair,Clean elections,vdem_electoral,instr-antiplural_w1_trt-ert_gapany_illibany_covlp_exclyr,backsliding_Nyr,1347,32,0.00558928863698847,0.8159503331395996,1345,31,-0.01995482142250668,0.01568734673370623,0.20336142406544583,-2.9998452736950103,38.8711484899259,0.938485058221456,15.917629195216032,Z_Y_frefair
1,backsliding_Nyr,Y_frassoc,Association,vdem_electoral,instr-antiplural_w1_trt-ert_gapany_illibany_covlp_exclyr,backsliding_Nyr,1347,32,0.00558928863698847,0.8159503331395996,1345,31,0.00149067462408962,0.01147693608748234,0.8966579097156347,0.2105263059335326,5.856163156619879,0.9713226031133904,13.95197606301166,Z_Y_frassoc
1,backsliding_Nyr,Y_suffr,Suffrage,vdem_electoral,instr-antiplural_w1_trt-ert_gapany_illibany_covlp_exclyr,backsliding_Nyr,1347,32,0.00558928863698847,0.8159503331395996,1345,31,0.00332129412557256,0.00674667657172514,0.6225172068709942,-2.013695827201548,57.011368500377685,0.97182381623635,16.138294620091173,Z_Y_suffr
1,backsliding_Nyr,Y_freexp,Expression & alt. info,vdem_electoral,instr-antiplural_w1_trt-ert_gapany_illibany_covlp_exclyr,backsliding_Nyr,1347,32,0.00558928863698847,0.8159503331395996,1345,31,-0.00292027047412376,0.01301989346639436,0.8225293520093595,-0.8890535095995105,10.269281780877908,0.931010078422612,13.936003227549964,Z_Y_freexp
1,backsliding_Nyr,Y_cl_rol,Rule of law,vdem_liberal,instr-antiplural_w1_trt-ert_gapany_illibany_covlp_exclyr,backsliding_Nyr,1347,32,0.00558928863698847,0.8159503331395996,1345,31,0.00438507034873226,0.01087988005891341,0.6869158580279898,0.5752122541783561,2.4421327451130876,0.8137920810162262,13.219487539308414,Z_Y_cl_rol
1,backsliding_Nyr,Y_cspart,Civil society,vdem_particip,instr-antiplural_w1_trt-ert_gapany_illibany_covlp_exclyr,backsliding_Nyr,1347,32,0.00558928863698847,0.8159503331395996,1345,31,0.00790437939271758,0.01214330104507865,0.5150948407539383,0.2704166066282637,8.648188034043775,0.9750553433218706,21.72422091576229,Z_Y_cspart
1,backsliding_Nyr,Y_dd,Direct democracy,vdem_particip,instr-antiplural_w1_trt-ert_gapany_illibany_covlp_exclyr,backsliding_Nyr,1347,32,0.00558928863698847,0.8159503331395996,1345,31,0.00882611264138127,0.00817171960149171,0.2801064626618499,-16.429870462026305,65.26939050024106,0.8012544237552811,23.91301071127396,Z_Y_dd
1,backsliding_Nyr,Y_locelec,Local elections,vdem_particip,instr-antiplural_w1_trt-ert_gapany_illibany_covlp_exclyr,backsliding_Nyr,1347,32,0.00558928863698847,0.8159503331395996,1330,31,-0.00309749659886139,0.01217334511758318,0.7991486295030704,7.599073894243427,747.7573723732228,0.9918916488174429,17.5452562793542,Z_Y_locelec
1,backsliding_Nyr,Y_regelec,Regional elections,vdem_particip,instr-antiplural_w1_trt-ert_gapany_illibany_covlp_exclyr,backsliding_Nyr,1347,32,0.00558928863698847,0.8159503331395996,1344,31,-0.01753719886756844,0.016006221257943012,0.27323244899457305,-5.20298700892577,187.83534009641505,0.9779016441301276,18.992897625908125,Z_Y_regelec
1,backsliding_Nyr,Y_delib,Deliberation,vdem_egal_delib,instr-antiplural_w1_trt-ert_gapany_illibany_covlp_exclyr,backsliding_Nyr,1347,32,0.00558928863698847,0.8159503331395996,1345,31,-0.01359929268715288,0.01348533542362449,0.31323825985193393,-2.892908853009402,47.9858443881161,0.9519272837839196,20.827443297339823,Z_Y_delib
1,backsliding_Nyr,Y_eqprotec,Equal protection,vdem_egal_delib,instr-antiplural_w1_trt-ert_gapany_illibany_covlp_exclyr,backsliding_Nyr,1347,32,0.00558928863698847,0.8159503331395996,1345,31,6.044642575828898e-4,0.00745198879133674,0.9353509036637804,0.5966019626727529,2.894611643393827,0.8367067263004327,15.916791472391967,Z_Y_eqprotec
1,backsliding_Nyr,Y_eqaccess,Equal access,vdem_egal_delib,instr-antiplural_w1_trt-ert_gapany_illibany_covlp_exclyr,backsliding_Nyr,1347,32,0.00558928863698847,0.8159503331395996,1345,31,0.0012796945650185,0.00802168350705233,0.8732517766202416,0.43493512197043815,1.8632402701125252,0.8154279592323048,13.681269405895849,Z_Y_eqaccess
1,backsliding_Nyr,Y_eqdr,Equal distribution,vdem_egal_delib,instr-antiplural_w1_trt-ert_gapany_illibany_covlp_exclyr,backsliding_Nyr,1347,32,0.00558928863698847,0.8159503331395996,1345,31,-0.00343134200003003,0.0066514207566334,0.6059374821052739,-1.7020511354955945,29.739103910342894,0.9543597784968312,18.658798769584013,Z_Y_eqdr
1,backsliding_union_Nyr,Y_gdp_growth,PWT,growth,instr-antiplural_w1_trt-ertOrDdcg_gapany_illibany_covlp_exclyr,backsliding_union_Nyr,1347,42,0.03518678730105092,0.2232005638395503,1309,41,-0.01432300637979258,0.01250834042417483,0.25217747894966447,-0.4557167793766137,0.4199264675322368,0.27781982234883057,16.283438084258858,Z_Y_gdp_growth
1,backsliding_union_Nyr,Y_gdp_growth_wb,World Bank,growth,instr-antiplural_w1_trt-ertOrDdcg_gapany_illibany_covlp_exclyr,backsliding_union_Nyr,1347,42,0.03518678730105092,0.2232005638395503,1325,41,0.00190817675148045,0.01036152258909811,0.853888032632276,0.14659403822748926,0.3963697957621071,0.711500519474719,20.85470532358744,Z_Y_gdp_growth_wb
1,backsliding_union_Nyr,Y_gdp_growth_imf,IMF WEO,growth,instr-antiplural_w1_trt-ertOrDdcg_gapany_illibany_covlp_exclyr,backsliding_union_Nyr,1347,42,0.03518678730105092,0.2232005638395503,1025,31,0.00270214803310207,0.01122906526397323,0.8098351278737914,0.3916355679773842,1.3870933625209851,0.7776808117257432,20.98673365865271,Z_Y_gdp_growth_imf
1,backsliding_union_Nyr,Y_inflation,"CPI, cumulative log",inflation,instr-antiplural_w1_trt-ertOrDdcg_gapany_illibany_covlp_exclyr,backsliding_union_Nyr,1347,42,0.03518678730105092,0.2232005638395503,1221,37,-0.03861307976429925,0.05061475676287431,0.445533855682976,-0.5490263681184191,1.237363210113032,0.6572546382578454,14.34213170968322,Z_Y_inflation
1,backsliding_union_Nyr,Y_unemployment,Unemployment rate,unemployment,instr-antiplural_w1_trt-ertOrDdcg_gapany_illibany_covlp_exclyr,backsliding_union_Nyr,1347,42,0.03518678730105092,0.2232005638395503,939,33,0.08579829437282627,0.32080565968574415,0.7891255365953007,1.371331624033223,30.201701668493527,0.9637838791809268,17.034895677464736,Z_Y_unemployment
1,backsliding_union_Nyr,Y_trade_pct_gdp,Trade / GDP,trade,instr-antiplural_w1_trt-ertOrDdcg_gapany_illibany_covlp_exclyr,backsliding_union_Nyr,1347,42,0.03518678730105092,0.2232005638395503,1193,35,-0.6640732295616179,1.838944950570929,0.7180124138786498,-16.506013933254508,61.5865409948645,0.7886890581509477,17.549116953897244,Z_Y_trade_pct_gdp
1,backsliding_union_Nyr,Y_top10_share,Top-10% income share,top10,instr-antiplural_w1_trt-ertOrDdcg_gapany_illibany_covlp_exclyr,backsliding_union_Nyr,1347,42,0.03518678730105092,0.2232005638395503,1239,37,-0.3790409574949948,0.3522504569677296,0.28190254257830527,-53.498034039572424,146.64167518535248,0.7152446644372236,20.35015496096837,Z_Y_top10_share
1,backsliding_union_Nyr,Y_gini_disp,Disposable,gini,instr-antiplural_w1_trt-ertOrDdcg_gapany_illibany_covlp_exclyr,backsliding_union_Nyr,1347,42,0.03518678730105092,0.2232005638395503,1083,32,0.13739931847502693,0.1334107370807965,0.30305835710860707,11.191771826952934,38.77988470816207,0.7728895262774537,22.884766475248348,Z_Y_gini_disp
1,backsliding_union_Nyr,Y_gini_mkt,Market,gini,instr-antiplural_w1_trt-ertOrDdcg_gapany_illibany_covlp_exclyr,backsliding_union_Nyr,1347,42,0.03518678730105092,0.2232005638395503,1083,32,-0.04180083677031183,0.1105929069878436,0.7054526403075447,-3.813613489192573,16.38172244163955,0.8159191539878816,21.536567209906213,Z_Y_gini_mkt
1,backsliding_union_Nyr,Y_debt,Debt / GDP,fiscal,instr-antiplural_w1_trt-ertOrDdcg_gapany_illibany_covlp_exclyr,backsliding_union_Nyr,1347,42,0.03518678730105092,0.2232005638395503,1289,41,-3.1610426063015256,2.1688609593374077,0.14498759936389327,-82.22157838434998,73.79016596472029,0.26516680127499137,14.987504308786448,Z_Y_debt
1,backsliding_union_Nyr,Y_deficit,Deficit / GDP,fiscal,instr-antiplural_w1_trt-ertOrDdcg_gapany_illibany_covlp_exclyr,backsliding_union_Nyr,1347,42,0.03518678730105092,0.2232005638395503,1141,30,-0.295583375837609,0.7386032900637742,0.6890148592078139,-11.863059691562931,31.57149708468309,0.7071011219750667,16.181237195112196,Z_Y_deficit
1,backsliding_union_Nyr,Y_checks_balances,Checks & balances,institutions,instr-antiplural_w1_trt-ertOrDdcg_gapany_illibany_covlp_exclyr,backsliding_union_Nyr,1347,42,0.03518678730105092,0.2232005638395503,1321,38,-0.00482605073860128,0.01178317208327958,0.682120352257269,-0.14807737627159862,0.34377188641097955,0.6666551590395728,17.908523210694316,Z_Y_checks_balances
1,backsliding_union_Nyr,Y_jucon,Judicial constraints,institutions,instr-antiplural_w1_trt-ertOrDdcg_gapany_illibany_covlp_exclyr,backsliding_union_Nyr,1347,42,0.03518678730105092,0.2232005638395503,1345,41,0.00393668574929124,0.00994189404805792,0.69212760772746,0.08807545792329181,0.19961300208940191,0.6590457242908927,13.421845160585782,Z_Y_jucon
1,backsliding_union_Nyr,Y_legcon,Legislative constraints,institutions,instr-antiplural_w1_trt-ertOrDdcg_gapany_illibany_covlp_exclyr,backsliding_union_Nyr,1347,42,0.03518678730105092,0.2232005638395503,1321,38,-0.02037491297104959,0.01613083582268717,0.2065520356814604,-0.6130286296234533,0.6809127809436932,0.3679583919749977,21.405049194705654,Z_Y_legcon
1,backsliding_union_Nyr,Y_hos_power,HOS,exec_power,instr-antiplural_w1_trt-ertOrDdcg_gapany_illibany_covlp_exclyr,backsliding_union_Nyr,1347,42,0.03518678730105092,0.2232005638395503,1345,41,-7.505706030025929e-4,0.01090868858249863,0.945144963234017,-0.03523470299776427,0.2621292794651315,0.8930726234664133,15.64559910383019,Z_Y_hos_power
1,backsliding_union_Nyr,Y_hog_power,HOG,exec_power,instr-antiplural_w1_trt-ertOrDdcg_gapany_illibany_covlp_exclyr,backsliding_union_Nyr,1347,42,0.03518678730105092,0.2232005638395503,705,23,0.01303370963995555,0.01327936143635731,0.32634562605174455,0.2750314060331363,0.4789573947864663,0.5658125929490505,13.312038884105478,Z_Y_hog_power
1,backsliding_union_Nyr,Y_hos_power_vdem,HOS (v2ex_hosw),exec_power_alt,instr-antiplural_w1_trt-ertOrDdcg_gapany_illibany_covlp_exclyr,backsliding_union_Nyr,1347,42,0.03518678730105092,0.2232005638395503,1345,41,-0.00844554329193711,0.01850532923582468,0.64811359284769,-0.23177200577203472,0.5243869012020737,0.6584988719444167,17.42235631916681,Z_Y_hos_power_vdem
1,backsliding_union_Nyr,Y_hog_power_vdem,HOG (v2ex_hogw),exec_power_alt,instr-antiplural_w1_trt-ertOrDdcg_gapany_illibany_covlp_exclyr,backsliding_union_Nyr,1347,42,0.03518678730105092,0.2232005638395503,1345,41,0.01476308436135027,0.01535317525330492,0.3362678849425175,0.31145580301194,0.3689704048248246,0.3986015881363249,14.224008785557617,Z_Y_hog_power_vdem
1,backsliding_union_Nyr,Y_polyarchy,Electoral (polyarchy),vdem_high,instr-antiplural_w1_trt-ertOrDdcg_gapany_illibany_covlp_exclyr,backsliding_union_Nyr,1347,42,0.03518678730105092,0.2232005638395503,1345,41,-0.00250247874051259,0.01298176122816431,0.8471400266866809,-0.02928387830837223,0.31006844543327733,0.9247570438804016,14.96694115385968,Z_Y_polyarchy
1,backsliding_union_Nyr,Y_libdem,Liberal,vdem_high,instr-antiplural_w1_trt-ertOrDdcg_gapany_illibany_covlp_exclyr,backsliding_union_Nyr,1347,42,0.03518678730105092,0.2232005638395503,1345,41,-0.00279594323596521,0.01189513421293904,0.8141704516884447,-0.04873780965995256,0.2675903665769859,0.8554760833673427,14.529469622134664,Z_Y_libdem
1,backsliding_union_Nyr,Y_partipdem,Participatory,vdem_high,instr-antiplural_w1_trt-ertOrDdcg_gapany_illibany_covlp_exclyr,backsliding_union_Nyr,1347,42,0.03518678730105092,0.2232005638395503,1344,41,0.00168673874856399,0.0087502082054793,0.8471425799612771,0.03166871435077574,0.18286759317958973,0.8625112136499312,14.259329177848738,Z_Y_partipdem
1,backsliding_union_Nyr,Y_delibdem,Deliberative,vdem_high,instr-antiplural_w1_trt-ertOrDdcg_gapany_illibany_covlp_exclyr,backsliding_union_Nyr,1347,42,0.03518678730105092,0.2232005638395503,1345,41,-5.513378570229948e-4,0.01364920816029369,0.9677794959584332,-0.00246152271022964,0.33325713090143233,0.9941066734175,15.542004452899793,Z_Y_delibdem
1,backsliding_union_Nyr,Y_egaldem,Egalitarian,vdem_high,instr-antiplural_w1_trt-ertOrDdcg_gapany_illibany_covlp_exclyr,backsliding_union_Nyr,1347,42,0.03518678730105092,0.2232005638395503,1345,41,-0.00162563410901934,0.00888733105078909,0.8548640112829976,-0.02797055385632957,0.2296634347746072,0.9030658713328794,16.13861144076525,Z_Y_egaldem
1,backsliding_union_Nyr,Y_elecoff,Elected officials,vdem_electoral,instr-antiplural_w1_trt-ertOrDdcg_gapany_illibany_covlp_exclyr,backsliding_union_Nyr,1347,42,0.03518678730105092,0.2232005638395503,1345,41,-1.2967067736682498e-4,0.02357999530563199,0.9956123099833432,-0.1240116892374592,0.8749444224559336,0.8872880265867549,21.835147759876527,Z_Y_elecoff
1,backsliding_union_Nyr,Y_frefair,Clean elections,vdem_electoral,instr-antiplural_w1_trt-ertOrDdcg_gapany_illibany_covlp_exclyr,backsliding_union_Nyr,1347,42,0.03518678730105092,0.2232005638395503,1345,41,-0.01995482142250668,0.01568734673370623,0.20336142406544583,-0.22157985132140173,0.4382393077243352,0.6131277765113441,14.885380088415928,Z_Y_frefair
1,backsliding_union_Nyr,Y_frassoc,Association,vdem_electoral,instr-antiplural_w1_trt-ertOrDdcg_gapany_illibany_covlp_exclyr,backsliding_union_Nyr,1347,42,0.03518678730105092,0.2232005638395503,1345,41,0.00149067462408962,0.01147693608748234,0.8966579097156347,-0.08452470695193866,0.35638115194129544,0.8125210143944067,18.13129968388888,Z_Y_frassoc
1,backsliding_union_Nyr,Y_suffr,Suffrage,vdem_electoral,instr-antiplural_w1_trt-ertOrDdcg_gapany_illibany_covlp_exclyr,backsliding_union_Nyr,1347,42,0.03518678730105092,0.2232005638395503,1345,41,0.00332129412557256,0.00674667657172514,0.6225172068709942,0.03977892625397673,0.1354849700256343,0.7690605351541329,10.995701839564482,Z_Y_suffr
1,backsliding_union_Nyr,Y_freexp,Expression & alt. info,vdem_electoral,instr-antiplural_w1_trt-ertOrDdcg_gapany_illibany_covlp_exclyr,backsliding_union_Nyr,1347,42,0.03518678730105092,0.2232005638395503,1345,41,-0.00292027047412376,0.01301989346639436,0.8225293520093595,-0.04925340618818504,0.24898539817798404,0.8431886795976371,12.72692662230268,Z_Y_freexp
1,backsliding_union_Nyr,Y_cl_rol,Rule of law,vdem_liberal,instr-antiplural_w1_trt-ertOrDdcg_gapany_illibany_covlp_exclyr,backsliding_union_Nyr,1347,42,0.03518678730105092,0.2232005638395503,1345,41,0.00438507034873226,0.01087988005891341,0.6869158580279898,-0.02244442721546741,0.2446772546759897,0.9269119682219564,15.404159774234351,Z_Y_cl_rol
1,backsliding_union_Nyr,Y_cspart,Civil society,vdem_particip,instr-antiplural_w1_trt-ertOrDdcg_gapany_illibany_covlp_exclyr,backsliding_union_Nyr,1347,42,0.03518678730105092,0.2232005638395503,1345,41,0.00790437939271758,0.01214330104507865,0.5150948407539383,0.17558870001091137,0.3847737430835927,0.6481435420805752,18.811909877020604,Z_Y_cspart
1,backsliding_union_Nyr,Y_dd,Direct democracy,vdem_particip,instr-antiplural_w1_trt-ertOrDdcg_gapany_illibany_covlp_exclyr,backsliding_union_Nyr,1347,42,0.03518678730105092,0.2232005638395503,1345,41,0.00882611264138127,0.00817171960149171,0.2801064626618499,0.24027961366615547,0.3830376726684344,0.5304624638143323,18.748255403573165,Z_Y_dd
1,backsliding_union_Nyr,Y_locelec,Local elections,vdem_particip,instr-antiplural_w1_trt-ertOrDdcg_gapany_illibany_covlp_exclyr,backsliding_union_Nyr,1347,42,0.03518678730105092,0.2232005638395503,1330,41,-0.00309749659886139,0.01217334511758318,0.7991486295030704,-0.063138212499409,0.2941455586708249,0.8300405570730146,15.103334421055406,Z_Y_locelec
1,backsliding_union_Nyr,Y_regelec,Regional elections,vdem_particip,instr-antiplural_w1_trt-ertOrDdcg_gapany_illibany_covlp_exclyr,backsliding_union_Nyr,1347,42,0.03518678730105092,0.2232005638395503,1344,41,-0.01753719886756844,0.016006221257943012,0.27323244899457305,-0.5597020813187954,0.8172847501985266,0.49345045629059536,21.35062426104148,Z_Y_regelec
1,backsliding_union_Nyr,Y_delib,Deliberation,vdem_egal_delib,instr-antiplural_w1_trt-ertOrDdcg_gapany_illibany_covlp_exclyr,backsliding_union_Nyr,1347,42,0.03518678730105092,0.2232005638395503,1345,41,-0.01359929268715288,0.01348533542362449,0.31323825985193393,-0.25363616580216997,0.5362759484860987,0.636242923466211,19.063394907651453,Z_Y_delib
1,backsliding_union_Nyr,Y_eqprotec,Equal protection,vdem_egal_delib,instr-antiplural_w1_trt-ertOrDdcg_gapany_illibany_covlp_exclyr,backsliding_union_Nyr,1347,42,0.03518678730105092,0.2232005638395503,1345,41,6.044642575828898e-4,0.00745198879133674,0.9353509036637804,0.01448203903935467,0.1527501302642331,0.9244667880291672,13.94250620144183,Z_Y_eqprotec
1,backsliding_union_Nyr,Y_eqaccess,Equal access,vdem_egal_delib,instr-antiplural_w1_trt-ertOrDdcg_gapany_illibany_covlp_exclyr,backsliding_union_Nyr,1347,42,0.03518678730105092,0.2232005638395503,1345,41,0.0012796945650185,0.00802168350705233,0.8732517766202416,0.04407424647046543,0.17284668213590326,0.7987305056168501,13.86361144395269,Z_Y_eqaccess
1,backsliding_union_Nyr,Y_eqdr,Equal distribution,vdem_egal_delib,instr-antiplural_w1_trt-ertOrDdcg_gapany_illibany_covlp_exclyr,backsliding_union_Nyr,1347,42,0.03518678730105092,0.2232005638395503,1345,41,-0.00343134200003003,0.0066514207566334,0.6059374821052739,-0.07656526592540555,0.1735665411304999,0.6591194798558234,16.280584905348537,Z_Y_eqdr
1,polyarchy_decline,Y_gdp_growth,PWT,growth,instr-antiplural_w1_trt-polyarchy_gapany_illibany_covlp_exclyr,polyarchy_decline,1345,512,0.00162384387955752,0.8982821340429894,1309,495,-0.01432300637979258,0.01250834042417483,0.25217747894966447,-11.880345667318814,17.949993305179596,0.5080622666659409,14.084313790714363,Z_Y_gdp_growth
1,polyarchy_decline,Y_gdp_growth_wb,World Bank,growth,instr-antiplural_w1_trt-polyarchy_gapany_illibany_covlp_exclyr,polyarchy_decline,1345,512,0.00162384387955752,0.8982821340429894,1325,508,0.00190817675148045,0.01036152258909811,0.853888032632276,0.5616133031266004,0.8691258877652713,0.5181616452509596,22.28824965506889,Z_Y_gdp_growth_wb
1,polyarchy_decline,Y_gdp_growth_imf,IMF WEO,growth,instr-antiplural_w1_trt-polyarchy_gapany_illibany_covlp_exclyr,polyarchy_decline,1345,512,0.00162384387955752,0.8982821340429894,1025,402,0.00270214803310207,0.01122906526397323,0.8098351278737914,0.5090232603232663,5.550289248406185,0.9269275597092498,15.51249823762881,Z_Y_gdp_growth_imf
1,polyarchy_decline,Y_inflation,"CPI, cumulative log",inflation,instr-antiplural_w1_trt-polyarchy_gapany_illibany_covlp_exclyr,polyarchy_decline,1345,512,0.00162384387955752,0.8982821340429894,1221,476,-0.03861307976429925,0.05061475676287431,0.445533855682976,-5.086258252659356,6.821253036184803,0.4558796742563297,14.685379654312396,Z_Y_inflation
1,polyarchy_decline,Y_unemployment,Unemployment rate,unemployment,instr-antiplural_w1_trt-polyarchy_gapany_illibany_covlp_exclyr,polyarchy_decline,1345,512,0.00162384387955752,0.8982821340429894,939,404,0.08579829437282627,0.32080565968574415,0.7891255365953007,8.068198943517075,48.88633549357351,0.8689125283310963,17.03832425633137,Z_Y_unemployment
1,polyarchy_decline,Y_trade_pct_gdp,Trade / GDP,trade,instr-antiplural_w1_trt-polyarchy_gapany_illibany_covlp_exclyr,polyarchy_decline,1345,512,0.00162384387955752,0.8982821340429894,1193,458,-0.6640732295616179,1.838944950570929,0.7180124138786498,-135.1758934437961,335.6306416329467,0.6871307167812853,16.435223851118693,Z_Y_trade_pct_gdp
1,polyarchy_decline,Y_top10_share,Top-10% income share,top10,instr-antiplural_w1_trt-polyarchy_gapany_illibany_covlp_exclyr,polyarchy_decline,1345,512,0.00162384387955752,0.8982821340429894,1239,478,-0.3790409574949948,0.3522504569677296,0.28190254257830527,-61.25261034151585,57.15456338860385,0.28385429175870525,21.104725131085537,Z_Y_top10_share
1,polyarchy_decline,Y_gini_disp,Disposable,gini,instr-antiplural_w1_trt-polyarchy_gapany_illibany_covlp_exclyr,polyarchy_decline,1345,512,0.00162384387955752,0.8982821340429894,1083,422,0.13739931847502693,0.1334107370807965,0.30305835710860707,318.4881401406367,625.755460027083,0.6107761832540639,15.442879543178812,Z_Y_gini_disp
1,polyarchy_decline,Y_gini_mkt,Market,gini,instr-antiplural_w1_trt-polyarchy_gapany_illibany_covlp_exclyr,polyarchy_decline,1345,512,0.00162384387955752,0.8982821340429894,1083,422,-0.04180083677031183,0.1105929069878436,0.7054526403075447,-43.53014697258691,67.64344908720858,0.5198844917114753,17.587888531592263,Z_Y_gini_mkt
1,polyarchy_decline,Y_debt,Debt / GDP,fiscal,instr-antiplural_w1_trt-polyarchy_gapany_illibany_covlp_exclyr,polyarchy_decline,1345,512,0.00162384387955752,0.8982821340429894,1289,504,-3.1610426063015256,2.1688609593374077,0.14498759936389327,-1687.3907889003729,3226.780444931885,0.6010207042604574,13.023250173733356,Z_Y_debt
1,polyarchy_decline,Y_deficit,Deficit / GDP,fiscal,instr-antiplural_w1_trt-polyarchy_gapany_illibany_covlp_exclyr,polyarchy_decline,1345,512,0.00162384387955752,0.8982821340429894,1141,453,-0.295583375837609,0.7386032900637742,0.6890148592078139,27.64301023491333,120.56516410411226,0.8186523968190657,14.596584676366604,Z_Y_deficit
1,polyarchy_decline,Y_checks_balances,Checks & balances,institutions,instr-antiplural_w1_trt-polyarchy_gapany_illibany_covlp_exclyr,polyarchy_decline,1345,512,0.00162384387955752,0.8982821340429894,1321,511,-0.00482605073860128,0.01178317208327958,0.682120352257269,-7.494627370885004,23.811659275981786,0.7529544237824869,20.089020894175007,Z_Y_checks_balances
1,polyarchy_decline,Y_jucon,Judicial constraints,institutions,instr-antiplural_w1_trt-polyarchy_gapany_illibany_covlp_exclyr,polyarchy_decline,1345,512,0.00162384387955752,0.8982821340429894,1345,512,0.00393668574929124,0.00994189404805792,0.69212760772746,2.5780065044959626,4.229409231468851,0.5421646248869797,17.876093255007707,Z_Y_jucon
1,polyarchy_decline,Y_legcon,Legislative constraints,institutions,instr-antiplural_w1_trt-polyarchy_gapany_illibany_covlp_exclyr,polyarchy_decline,1345,512,0.00162384387955752,0.8982821340429894,1321,511,-0.02037491297104959,0.01613083582268717,0.2065520356814604,-11.639123118027015,24.006246599661004,0.6277917812806522,15.127230552782429,Z_Y_legcon
1,polyarchy_decline,Y_hos_power,HOS,exec_power,instr-antiplural_w1_trt-polyarchy_gapany_illibany_covlp_exclyr,polyarchy_decline,1345,512,0.00162384387955752,0.8982821340429894,1345,512,-7.505706030025929e-4,0.01090868858249863,0.945144963234017,0.7827332190193261,2.466506890777116,0.750981961686924,18.540706625288372,Z_Y_hos_power
1,polyarchy_decline,Y_hog_power,HOG,exec_power,instr-antiplural_w1_trt-polyarchy_gapany_illibany_covlp_exclyr,polyarchy_decline,1345,512,0.00162384387955752,0.8982821340429894,705,266,0.01303370963995555,0.01327936143635731,0.32634562605174455,0.6643539587222256,1.0684371028663031,0.5340735290370224,19.663294102644844,Z_Y_hog_power
1,polyarchy_decline,Y_hos_power_vdem,HOS (v2ex_hosw),exec_power_alt,instr-antiplural_w1_trt-polyarchy_gapany_illibany_covlp_exclyr,polyarchy_decline,1345,512,0.00162384387955752,0.8982821340429894,1345,512,-0.00844554329193711,0.01850532923582468,0.64811359284769,-2.5229411609962593,4.503404917519772,0.575322775115096,15.24362328562636,Z_Y_hos_power_vdem
1,polyarchy_decline,Y_hog_power_vdem,HOG (v2ex_hogw),exec_power_alt,instr-antiplural_w1_trt-polyarchy_gapany_illibany_covlp_exclyr,polyarchy_decline,1345,512,0.00162384387955752,0.8982821340429894,1345,512,0.01476308436135027,0.01535317525330492,0.3362678849425175,3.775424087634734,4.445511527587686,0.3957330081944421,13.34242255206876,Z_Y_hog_power_vdem
1,polyarchy_decline,Y_polyarchy,Electoral (polyarchy),vdem_high,instr-antiplural_w1_trt-polyarchy_gapany_illibany_covlp_exclyr,polyarchy_decline,1345,512,0.00162384387955752,0.8982821340429894,1345,512,-0.00250247874051259,0.01298176122816431,0.8471400266866809,-1,1.0726254910832268e-16,0,14.580239269550894,Z_Y_polyarchy
1,polyarchy_decline,Y_libdem,Liberal,vdem_high,instr-antiplural_w1_trt-polyarchy_gapany_illibany_covlp_exclyr,polyarchy_decline,1345,512,0.00162384387955752,0.8982821340429894,1345,512,-0.00279594323596521,0.01189513421293904,0.8141704516884447,-1.0388597086312217,0.49679399551027176,0.03651661400516866,19.96127287967408,Z_Y_libdem
1,polyarchy_decline,Y_partipdem,Participatory,vdem_high,instr-antiplural_w1_trt-polyarchy_gapany_illibany_covlp_exclyr,polyarchy_decline,1345,512,0.00162384387955752,0.8982821340429894,1344,512,0.00168673874856399,0.0087502082054793,0.8471425799612771,0.26801977453987946,0.9810379867241372,0.7846993259666557,15.870648594653897,Z_Y_partipdem
1,polyarchy_decline,Y_delibdem,Deliberative,vdem_high,instr-antiplural_w1_trt-polyarchy_gapany_illibany_covlp_exclyr,polyarchy_decline,1345,512,0.00162384387955752,0.8982821340429894,1345,512,-5.513378570229948e-4,0.01364920816029369,0.9677794959584332,-0.898984444650779,1.059930225682409,0.3963520097360075,17.73379338517154,Z_Y_delibdem
1,polyarchy_decline,Y_egaldem,Egalitarian,vdem_high,instr-antiplural_w1_trt-polyarchy_gapany_illibany_covlp_exclyr,polyarchy_decline,1345,512,0.00162384387955752,0.8982821340429894,1345,512,-0.00162563410901934,0.00888733105078909,0.8548640112829976,-0.4770822124628129,0.4232529509879432,0.259666433460429,18.568883733366892,Z_Y_egaldem
1,polyarchy_decline,Y_elecoff,Elected officials,vdem_electoral,instr-antiplural_w1_trt-polyarchy_gapany_illibany_covlp_exclyr,polyarchy_decline,1345,512,0.00162384387955752,0.8982821340429894,1345,512,-1.2967067736682498e-4,0.02357999530563199,0.9956123099833432,-1.537674856487961,2.3533540828730146,0.5135002740995688,22.302052474687898,Z_Y_elecoff
1,polyarchy_decline,Y_frefair,Clean elections,vdem_electoral,instr-antiplural_w1_trt-polyarchy_gapany_illibany_covlp_exclyr,polyarchy_decline,1345,512,0.00162384387955752,0.8982821340429894,1345,512,-0.01995482142250668,0.01568734673370623,0.20336142406544583,-2.710643761973712,1.870951919292286,0.14739215658007096,17.244701915986187,Z_Y_frefair
1,polyarchy_decline,Y_frassoc,Association,vdem_electoral,instr-antiplural_w1_trt-polyarchy_gapany_illibany_covlp_exclyr,polyarchy_decline,1345,512,0.00162384387955752,0.8982821340429894,1345,512,0.00149067462408962,0.01147693608748234,0.8966579097156347,-1.36676197153859,2.001468740460755,0.4946829891108181,18.73684227149216,Z_Y_frassoc
1,polyarchy_decline,Y_suffr,Suffrage,vdem_electoral,instr-antiplural_w1_trt-polyarchy_gapany_illibany_covlp_exclyr,polyarchy_decline,1345,512,0.00162384387955752,0.8982821340429894,1345,512,0.00332129412557256,0.00674667657172514,0.6225172068709942,1.968497226356717,3.0142415074725744,0.5137140335855898,15.22495706107432,Z_Y_suffr
1,polyarchy_decline,Y_freexp,Expression & alt. info,vdem_electoral,instr-antiplural_w1_trt-polyarchy_gapany_illibany_covlp_exclyr,polyarchy_decline,1345,512,0.00162384387955752,0.8982821340429894,1345,512,-0.00292027047412376,0.01301989346639436,0.8225293520093595,-3.2844744183177443,5.948946792343914,0.5808728292291404,12.3612301812028,Z_Y_freexp
1,polyarchy_decline,Y_cl_rol,Rule of law,vdem_liberal,instr-antiplural_w1_trt-polyarchy_gapany_illibany_covlp_exclyr,polyarchy_decline,1345,512,0.00162384387955752,0.8982821340429894,1345,512,0.00438507034873226,0.01087988005891341,0.6869158580279898,-1.8604169871379552,1.9941617718878335,0.3508551677906146,21.9421876113206,Z_Y_cl_rol
1,polyarchy_decline,Y_cspart,Civil society,vdem_particip,instr-antiplural_w1_trt-polyarchy_gapany_illibany_covlp_exclyr,polyarchy_decline,1345,512,0.00162384387955752,0.8982821340429894,1345,512,0.00790437939271758,0.01214330104507865,0.5150948407539383,0.16112895321572832,1.098010008082982,0.8833322381482688,22.207345886425685,Z_Y_cspart
1,polyarchy_decline,Y_dd,Direct democracy,vdem_particip,instr-antiplural_w1_trt-polyarchy_gapany_illibany_covlp_exclyr,polyarchy_decline,1345,512,0.00162384387955752,0.8982821340429894,1345,512,0.00882611264138127,0.00817171960149171,0.2801064626618499,1.1920829935309103,1.5818834516074154,0.4510986998990772,20.408461558872737,Z_Y_dd
1,polyarchy_decline,Y_locelec,Local elections,vdem_particip,instr-antiplural_w1_trt-polyarchy_gapany_illibany_covlp_exclyr,polyarchy_decline,1345,512,0.00162384387955752,0.8982821340429894,1330,508,-0.00309749659886139,0.01217334511758318,0.7991486295030704,-0.8059874927927467,1.4892649474552713,0.5883709854868643,19.104028803758688,Z_Y_locelec
1,polyarchy_decline,Y_regelec,Regional elections,vdem_particip,instr-antiplural_w1_trt-polyarchy_gapany_illibany_covlp_exclyr,polyarchy_decline,1345,512,0.00162384387955752,0.8982821340429894,1344,512,-0.01753719886756844,0.016006221257943012,0.27323244899457305,-6.325552244048156,9.722210665082606,0.5152860027178399,16.238942181414135,Z_Y_regelec
1,polyarchy_decline,Y_delib,Deliberation,vdem_egal_delib,instr-antiplural_w1_trt-polyarchy_gapany_illibany_covlp_exclyr,polyarchy_decline,1345,512,0.00162384387955752,0.8982821340429894,1345,512,-0.01359929268715288,0.01348533542362449,0.31323825985193393,-2.45823407581693,2.5704198557246056,0.3388928732185302,20.3751300070564,Z_Y_delib
1,polyarchy_decline,Y_eqprotec,Equal protection,vdem_egal_delib,instr-antiplural_w1_trt-polyarchy_gapany_illibany_covlp_exclyr,polyarchy_decline,1345,512,0.00162384387955752,0.8982821340429894,1345,512,6.044642575828898e-4,0.00745198879133674,0.9353509036637804,0.1960466336890084,1.577399726500177,0.9010898700882,14.761161066154532,Z_Y_eqprotec
1,polyarchy_decline,Y_eqaccess,Equal access,vdem_egal_delib,instr-antiplural_w1_trt-polyarchy_gapany_illibany_covlp_exclyr,polyarchy_decline,1345,512,0.00162384387955752,0.8982821340429894,1345,512,0.0012796945650185,0.00802168350705233,0.8732517766202416,0.25166940100291224,1.5949119539880172,0.8746182057017856,13.743070676686356,Z_Y_eqaccess
1,polyarchy_decline,Y_eqdr,Equal distribution,vdem_egal_delib,instr-antiplural_w1_trt-polyarchy_gapany_illibany_covlp_exclyr,polyarchy_decline,1345,512,0.00162384387955752,0.8982821340429894,1345,512,-0.00343134200003003,0.0066514207566334,0.6059374821052739,-2.290729369249181,3.0869339671198435,0.4580432999921337,15.820130455256493,Z_Y_eqdr
2,backsliding_Nyr,Y_gdp_growth,PWT,growth,instr-antiplural_w2_trt-ert_gapany_illibany_covlp_exclyr,backsliding_Nyr,1347,55,0.02863944366669336,0.3824616217414698,1297,53,-0.01315358428490593,0.01525312525436269,0.388493080653081,-1.687033015467502,4.515232689406375,0.7086785191715899,18.061142322001096,Z_Y_gdp_growth
2,backsliding_Nyr,Y_gdp_growth_wb,World Bank,growth,instr-antiplural_w2_trt-ert_gapany_illibany_covlp_exclyr,backsliding_Nyr,1347,55,0.02863944366669336,0.3824616217414698,1304,54,-0.00362496199964819,0.01293225358769387,0.7792443065136636,-0.505883287451077,0.8522064533299298,0.5527690544555166,17.430596903182646,Z_Y_gdp_growth_wb
2,backsliding_Nyr,Y_gdp_growth_imf,IMF WEO,growth,instr-antiplural_w2_trt-ert_gapany_illibany_covlp_exclyr,backsliding_Nyr,1347,55,0.02863944366669336,0.3824616217414698,1007,45,-0.00493938896222761,0.0127246392505789,0.6978864092438603,-0.3149878110480172,0.7521327207032154,0.6753675255268335,22.61566064295586,Z_Y_gdp_growth_imf
2,backsliding_Nyr,Y_inflation,"CPI, cumulative log",inflation,instr-antiplural_w2_trt-ert_gapany_illibany_covlp_exclyr,backsliding_Nyr,1347,55,0.02863944366669336,0.3824616217414698,1198,50,-0.01047585889814548,0.0621688940742131,0.866184879257815,-2.5215305210746717,4.5317565335141685,0.5779282111049958,18.779116101040465,Z_Y_inflation
2,backsliding_Nyr,Y_unemployment,Unemployment rate,unemployment,instr-antiplural_w2_trt-ert_gapany_illibany_covlp_exclyr,backsliding_Nyr,1347,55,0.02863944366669336,0.3824616217414698,939,47,-0.1515351319623499,0.49005090334146584,0.757151710665671,-6.391511056337523,26.336627211469505,0.8082492318497404,16.151291036869818,Z_Y_unemployment
2,backsliding_Nyr,Y_trade_pct_gdp,Trade / GDP,trade,instr-antiplural_w2_trt-ert_gapany_illibany_covlp_exclyr,backsliding_Nyr,1347,55,0.02863944366669336,0.3824616217414698,1175,49,0.19343806404687736,1.909214056740326,0.9192978971312116,12.802120918797328,198.3348088292676,0.9485338654997464,14.703875856865691,Z_Y_trade_pct_gdp
2,backsliding_Nyr,Y_top10_share,Top-10% income share,top10,instr-antiplural_w2_trt-ert_gapany_illibany_covlp_exclyr,backsliding_Nyr,1347,55,0.02863944366669336,0.3824616217414698,1218,49,-0.528877692566581,0.3830650299451558,0.1673874378027056,-31.78525879621585,76.26986313473488,0.6768632601864868,17.049318722984587,Z_Y_top10_share
2,backsliding_Nyr,Y_gini_disp,Disposable,gini,instr-antiplural_w2_trt-ert_gapany_illibany_covlp_exclyr,backsliding_Nyr,1347,55,0.02863944366669336,0.3824616217414698,1059,43,0.2727607712545219,0.1827937193480851,0.13565248138471991,27.136612191176138,206.31421506833328,0.8953556593940425,19.60334471670219,Z_Y_gini_disp
2,backsliding_Nyr,Y_gini_mkt,Market,gini,instr-antiplural_w2_trt-ert_gapany_illibany_covlp_exclyr,backsliding_Nyr,1347,55,0.02863944366669336,0.3824616217414698,1059,43,0.03023700250244744,0.15108577672604173,0.8413778449936298,2.084191761565864,21.78551388479691,0.923783701742014,19.23216780115398,Z_Y_gini_mkt
2,backsliding_Nyr,Y_debt,Debt / GDP,fiscal,instr-antiplural_w2_trt-ert_gapany_illibany_covlp_exclyr,backsliding_Nyr,1347,55,0.02863944366669336,0.3824616217414698,1268,52,-3.227166990268375,2.8111668820588713,0.25097628681096606,-135.0739767102164,231.08245144726084,0.558865675480086,15.380554132731492,Z_Y_debt
2,backsliding_Nyr,Y_deficit,Deficit / GDP,fiscal,instr-antiplural_w2_trt-ert_gapany_illibany_covlp_exclyr,backsliding_Nyr,1347,55,0.02863944366669336,0.3824616217414698,1121,47,-0.7171783954631624,0.7555027355150832,0.34248175027055777,-19.11869843900528,34.084791254608035,0.5748549287766547,14.81168469290788,Z_Y_deficit
2,backsliding_Nyr,Y_checks_balances,Checks & balances,institutions,instr-antiplural_w2_trt-ert_gapany_illibany_covlp_exclyr,backsliding_Nyr,1347,55,0.02863944366669336,0.3824616217414698,1318,51,-0.00192209333185654,0.01243361157600773,0.8771457386577471,-0.38245249252097946,0.915772917461428,0.676219057303698,16.74456267627312,Z_Y_checks_balances
2,backsliding_Nyr,Y_jucon,Judicial constraints,institutions,instr-antiplural_w2_trt-ert_gapany_illibany_covlp_exclyr,backsliding_Nyr,1347,55,0.02863944366669336,0.3824616217414698,1345,54,-0.00996546230500067,0.01483031114658637,0.5016054513030537,-0.4884363502254177,1.1706833657840103,0.67651510088381694,16.27742277152056,Z_Y_jucon
2,backsliding_Nyr,Y_legcon,Legislative constraints,institutions,instr-antiplural_w2_trt-ert_gapany_illibany_covlp_exclyr,backsliding_Nyr,1347,55,0.02863944366669336,0.3824616217414698,1318,51,-0.0142910692806147,0.01730171145109115,0.4088088254900171,-0.8652069098013023,1.5951652183244025,0.5875476015873213,21.57431962581778,Z_Y_legcon
2,backsliding_Nyr,Y_hos_power,HOS,exec_power,instr-antiplural_w2_trt-ert_gapany_illibany_covlp_exclyr,backsliding_Nyr,1347,55,0.02863944366669336,0.3824616217414698,1345,54,0.00651976199756243,0.01143504440241659,0.5685717286885399,0.2267980524540379,0.7843381080645968,0.7724600670007091,16.846916018939414,Z_Y_hos_power
2,backsliding_Nyr,Y_hog_power,HOG,exec_power,instr-antiplural_w2_trt-ert_gapany_illibany_covlp_exclyr,backsliding_Nyr,1347,55,0.02863944366669336,0.3824616217414698,700,33,0.01743108955250583,0.01380985436371954,0.20686923859643075,0.880770454730237,1.8911641588089096,0.6414093167502631,11.550509694409836,Z_Y_hog_power
2,backsliding_Nyr,Y_hos_power_vdem,HOS (v2ex_hosw),exec_power_alt,instr-antiplural_w2_trt-ert_gapany_illibany_covlp_exclyr,backsliding_Nyr,1347,55,0.02863944366669336,0.3824616217414698,1345,54,-4.051913077162914e-4,0.01836657859933382,0.982399026365393,0.4307198930489364,1.2783549519028423,0.7361674527115714,22.484709283810044,Z_Y_hos_power_vdem
2,backsliding_Nyr,Y_hog_power_vdem,HOG (v2ex_hogw),exec_power_alt,instr-antiplural_w2_trt-ert_gapany_illibany_covlp_exclyr,backsliding_Nyr,1347,55,0.02863944366669336,0.3824616217414698,1345,54,0.00875769509714865,0.01651556137242658,0.59592523185814394,0.17520229983114916,0.7988249764374358,0.8263968771946847,18.46768199340944,Z_Y_hog_power_vdem
2,backsliding_Nyr,Y_polyarchy,Electoral (polyarchy),vdem_high,instr-antiplural_w2_trt-ert_gapany_illibany_covlp_exclyr,backsliding_Nyr,1347,55,0.02863944366669336,0.3824616217414698,1345,54,-0.01565964682435822,0.01624121475208448,0.33494975194089716,-0.9147366407442524,1.834985043044015,0.6181329760872949,21.45264777245117,Z_Y_polyarchy
2,backsliding_Nyr,Y_libdem,Liberal,vdem_high,instr-antiplural_w2_trt-ert_gapany_illibany_covlp_exclyr,backsliding_Nyr,1347,55,0.02863944366669336,0.3824616217414698,1345,54,-0.01251682234961016,0.01475988917626934,0.39642150756871103,-0.6875470969829229,1.4059506830457773,0.6248229582571185,20.576204078458876,Z_Y_libdem
2,backsliding_Nyr,Y_partipdem,Participatory,vdem_high,instr-antiplural_w2_trt-ert_gapany_illibany_covlp_exclyr,backsliding_Nyr,1347,55,0.02863944366669336,0.3824616217414698,1344,54,-0.00927151463020384,0.01155079766150784,0.4221637016416822,-0.3613656743181481,0.936758190297542,0.6996729712161419,17.242436195859582,Z_Y_partipdem
2,backsliding_Nyr,Y_delibdem,Deliberative,vdem_high,instr-antiplural_w2_trt-ert_gapany_illibany_covlp_exclyr,backsliding_Nyr,1347,55,0.02863944366669336,0.3824616217414698,1345,54,-0.00868325905933071,0.01601431317973909,0.5876678981527819,-0.44195130070684285,1.155340117242761,0.7020688935832305,18.446482215736747,Z_Y_delibdem
2,backsliding_Nyr,Y_egaldem,Egalitarian,vdem_high,instr-antiplural_w2_trt-ert_gapany_illibany_covlp_exclyr,backsliding_Nyr,1347,55,0.02863944366669336,0.3824616217414698,1345,54,-0.0083687403832483,0.01102172392322744,0.44767607979679647,-0.4211855316851808,0.8938785164062041,0.6375059270943451,18.688653538280025,Z_Y_egaldem
2,backsliding_Nyr,Y_elecoff,Elected officials,vdem_electoral,instr-antiplural_w2_trt-ert_gapany_illibany_covlp_exclyr,backsliding_Nyr,1347,55,0.02863944366669336,0.3824616217414698,1345,54,-0.02033885566090982,0.0299810569295563,0.4975243114885314,-0.930132079590548,3.0030487143208764,0.7567668439936353,17.051128690970458,Z_Y_elecoff
2,backsliding_Nyr,Y_frefair,Clean elections,vdem_electoral,instr-antiplural_w2_trt-ert_gapany_illibany_covlp_exclyr,backsliding_Nyr,1347,55,0.02863944366669336,0.3824616217414698,1345,54,-0.03866975722365099,0.02277075272365481,0.0894661681529975,-1.558648840405645,3.208479989169853,0.6271157675158556,17.417756197867657,Z_Y_frefair
2,backsliding_Nyr,Y_frassoc,Association,vdem_electoral,instr-antiplural_w2_trt-ert_gapany_illibany_covlp_exclyr,backsliding_Nyr,1347,55,0.02863944366669336,0.3824616217414698,1345,54,-0.01294119845446738,0.01484958901453206,0.3834892318581401,-0.48984779437738807,1.293912704102271,0.7050007389376545,16.183205483120307,Z_Y_frassoc
2,backsliding_Nyr,Y_suffr,Suffrage,vdem_electoral,instr-antiplural_w2_trt-ert_gapany_illibany_covlp_exclyr,backsliding_Nyr,1347,55,0.02863944366669336,0.3824616217414698,1345,54,0.00193332405917518,0.00657651898692135,0.7687779491659529,0.09745590950033647,0.3297792638736972,0.7675977384763046,12.50779643147786,Z_Y_suffr
2,backsliding_Nyr,Y_freexp,Expression & alt. info,vdem_electoral,instr-antiplural_w2_trt-ert_gapany_illibany_covlp_exclyr,backsliding_Nyr,1347,55,0.02863944366669336,0.3824616217414698,1345,54,-0.01810066447223991,0.01566570868771563,0.24791347645790415,-0.6591906413842956,1.523222157591693,0.6651886488096008,15.856076564701109,Z_Y_freexp
2,backsliding_Nyr,Y_cl_rol,Rule of law,vdem_liberal,instr-antiplural_w2_trt-ert_gapany_illibany_covlp_exclyr,backsliding_Nyr,1347,55,0.02863944366669336,0.3824616217414698,1345,54,-0.00871815431660591,0.01251194502327506,0.48593641908996105,-0.4614501841827771,1.1407945267426274,0.6858458524660247,16.489009349543995,Z_Y_cl_rol
2,backsliding_Nyr,Y_cspart,Civil society,vdem_particip,instr-antiplural_w2_trt-ert_gapany_illibany_covlp_exclyr,backsliding_Nyr,1347,55,0.02863944366669336,0.3824616217414698,1345,54,-0.00479334566970793,0.01368893608753199,0.7262170995724755,-0.09316709668548875,0.79887610798062,0.9071590405303166,15.560138367560636,Z_Y_cspart
2,backsliding_Nyr,Y_dd,Direct democracy,vdem_particip,instr-antiplural_w2_trt-ert_gapany_illibany_covlp_exclyr,backsliding_Nyr,1347,55,0.02863944366669336,0.3824616217414698,1345,54,0.0014247310686557,0.00982417410114423,0.8846927229931607,0.1175374451146064,0.6652644325448412,0.859761492846409,19.87350480458506,Z_Y_dd
2,backsliding_Nyr,Y_locelec,Local elections,vdem_particip,instr-antiplural_w2_trt-ert_gapany_illibany_covlp_exclyr,backsliding_Nyr,1347,55,0.02863944366669336,0.3824616217414698,1330,53,-0.01946824003569532,0.01649394183327301,0.23787030034320625,-0.605379260446041,1.4400061555418933,0.6741929269245743,16.200315966822174,Z_Y_locelec
2,backsliding_Nyr,Y_regelec,Regional elections,vdem_particip,instr-antiplural_w2_trt-ert_gapany_illibany_covlp_exclyr,backsliding_Nyr,1347,55,0.02863944366669336,0.3824616217414698,1344,54,-0.0318849193971133,0.02027978001587165,0.11589218065171616,-1.1723961590880478,2.669341073179807,0.6605107732274431,16.525217739949056,Z_Y_regelec
2,backsliding_Nyr,Y_delib,Deliberation,vdem_egal_delib,instr-antiplural_w2_trt-ert_gapany_illibany_covlp_exclyr,backsliding_Nyr,1347,55,0.02863944366669336,0.3824616217414698,1345,54,-0.01713766411352191,0.01729281238689533,0.3216718279742746,-0.47138383866073985,1.383670783183007,0.7333472846225916,17.235419656613313,Z_Y_delib
2,backsliding_Nyr,Y_eqprotec,Equal protection,vdem_egal_delib,instr-antiplural_w2_trt-ert_gapany_illibany_covlp_exclyr,backsliding_Nyr,1347,55,0.02863944366669336,0.3824616217414698,1345,54,4.6334425259624896e-4,0.00837172409581057,0.9558625481237862,0.04970917503464603,0.3878283937030057,0.8980119721519629,15.993970608108944,Z_Y_eqprotec
2,backsliding_Nyr,Y_eqaccess,Equal access,vdem_egal_delib,instr-antiplural_w2_trt-ert_gapany_illibany_covlp_exclyr,backsliding_Nyr,1347,55,0.02863944366669336,0.3824616217414698,1345,54,-3.4741944424089116e-4,0.00972723291794422,0.9715086819245964,0.00221481258978875,0.484499147488659,0.9963526073784722,17.021151210152016,Z_Y_eqaccess
2,backsliding_Nyr,Y_eqdr,Equal distribution,vdem_egal_delib,instr-antiplural_w2_trt-ert_gapany_illibany_covlp_exclyr,backsliding_Nyr,1347,55,0.02863944366669336,0.3824616217414698,1345,54,-0.00504152003368118,0.00739209951372174,0.49522969839082354,-0.17194280543759866,0.5197569778727786,0.7407851007426032,16.612353276443677,Z_Y_eqdr
2,backsliding_union_Nyr,Y_gdp_growth,PWT,growth,instr-antiplural_w2_trt-ertOrDdcg_gapany_illibany_covlp_exclyr,backsliding_union_Nyr,1347,68,0.0488204385197907,0.1591057151758174,1297,66,-0.01315358428490593,0.01525312525436269,0.388493080653081,-0.468913461173196,0.5314932352152237,0.3776380129461578,18.23283317431178,Z_Y_gdp_growth
2,backsliding_union_Nyr,Y_gdp_growth_wb,World Bank,growth,instr-antiplural_w2_trt-ertOrDdcg_gapany_illibany_covlp_exclyr,backsliding_union_Nyr,1347,68,0.0488204385197907,0.1591057151758174,1304,67,-0.00362496199964819,0.01293225358769387,0.7792443065136636,-0.1563930129042196,0.30622175584920797,0.6095484199791006,19.395964152894308,Z_Y_gdp_growth_wb
2,backsliding_union_Nyr,Y_gdp_growth_imf,IMF WEO,growth,instr-antiplural_w2_trt-ertOrDdcg_gapany_illibany_covlp_exclyr,backsliding_union_Nyr,1347,68,0.0488204385197907,0.1591057151758174,1007,53,-0.00493938896222761,0.0127246392505789,0.6978864092438603,-0.2508502820168866,0.6022771702877248,0.6770419315819162,22.147258800118585,Z_Y_gdp_growth_imf
2,backsliding_union_Nyr,Y_inflation,"CPI, cumulative log",inflation,instr-antiplural_w2_trt-ertOrDdcg_gapany_illibany_covlp_exclyr,backsliding_union_Nyr,1347,68,0.0488204385197907,0.1591057151758174,1198,58,-0.01047585889814548,0.0621688940742131,0.866184879257815,-0.4561138037390693,1.1103052772051587,0.6812189317248591,17.33448544665026,Z_Y_inflation
2,backsliding_union_Nyr,Y_unemployment,Unemployment rate,unemployment,instr-antiplural_w2_trt-ertOrDdcg_gapany_illibany_covlp_exclyr,backsliding_union_Nyr,1347,68,0.0488204385197907,0.1591057151758174,939,55,-0.1515351319623499,0.49005090334146584,0.757151710665671,-4.848140041707598,17.885281932888788,0.7863381978780853,17.15759124889463,Z_Y_unemployment
2,backsliding_union_Nyr,Y_trade_pct_gdp,Trade / GDP,trade,instr-antiplural_w2_trt-ertOrDdcg_gapany_illibany_covlp_exclyr,backsliding_union_Nyr,1347,68,0.0488204385197907,0.1591057151758174,1175,59,0.19343806404687736,1.909214056740326,0.9192978971312116,2.9002749366527993,39.09858266442859,0.9408683385229272,15.355683911615714,Z_Y_trade_pct_gdp
2,backsliding_union_Nyr,Y_top10_share,Top-10% income share,top10,instr-antiplural_w2_trt-ertOrDdcg_gapany_illibany_covlp_exclyr,backsliding_union_Nyr,1347,68,0.0488204385197907,0.1591057151758174,1218,60,-0.528877692566581,0.3830650299451558,0.1673874378027056,-22.83364904088849,45.50345274062131,0.6158079587255016,18.38691792084641,Z_Y_top10_share
2,backsliding_union_Nyr,Y_gini_disp,Disposable,gini,instr-antiplural_w2_trt-ertOrDdcg_gapany_illibany_covlp_exclyr,backsliding_union_Nyr,1347,68,0.0488204385197907,0.1591057151758174,1059,49,0.2727607712545219,0.1827937193480851,0.13565248138471991,12.50576144514696,33.7901264333657,0.7113071959870341,19.69838602516981,Z_Y_gini_disp
2,backsliding_union_Nyr,Y_gini_mkt,Market,gini,instr-antiplural_w2_trt-ertOrDdcg_gapany_illibany_covlp_exclyr,backsliding_union_Nyr,1347,68,0.0488204385197907,0.1591057151758174,1059,49,0.03023700250244744,0.15108577672604173,0.8413778449936298,1.295039380718206,9.413506143110254,0.8905783068723163,19.836582153093428,Z_Y_gini_mkt
2,backsliding_union_Nyr,Y_debt,Debt / GDP,fiscal,instr-antiplural_w2_trt-ertOrDdcg_gapany_illibany_covlp_exclyr,backsliding_union_Nyr,1347,68,0.0488204385197907,0.1591057151758174,1268,64,-3.227166990268375,2.8111668820588713,0.25097628681096606,-48.18076887632982,55.74416557473613,0.38741240528146775,15.549527219641895,Z_Y_debt
2,backsliding_union_Nyr,Y_deficit,Deficit / GDP,fiscal,instr-antiplural_w2_trt-ertOrDdcg_gapany_illibany_covlp_exclyr,backsliding_union_Nyr,1347,68,0.0488204385197907,0.1591057151758174,1121,52,-0.7171783954631624,0.7555027355150832,0.34248175027055777,-13.218074729570516,20.78793068823067,0.5248720308791746,15.14979232284884,Z_Y_deficit
2,backsliding_union_Nyr,Y_checks_balances,Checks & balances,institutions,instr-antiplural_w2_trt-ertOrDdcg_gapany_illibany_covlp_exclyr,backsliding_union_Nyr,1347,68,0.0488204385197907,0.1591057151758174,1318,60,-0.00192209333185654,0.01243361157600773,0.8771457386577471,-0.20240364034924457,0.5427738531825824,0.7092183872572071,17.180500779721122,Z_Y_checks_balances
2,backsliding_union_Nyr,Y_jucon,Judicial constraints,institutions,instr-antiplural_w2_trt-ertOrDdcg_gapany_illibany_covlp_exclyr,backsliding_union_Nyr,1347,68,0.0488204385197907,0.1591057151758174,1345,67,-0.00996546230500067,0.01483031114658637,0.5016054513030537,-0.17803873829824707,0.2561668863765126,0.4870485684079791,15.94160260768043,Z_Y_jucon
2,backsliding_union_Nyr,Y_legcon,Legislative constraints,institutions,instr-antiplural_w2_trt-ertOrDdcg_gapany_illibany_covlp_exclyr,backsliding_union_Nyr,1347,68,0.0488204385197907,0.1591057151758174,1318,60,-0.0142910692806147,0.01730171145109115,0.4088088254900171,-0.6247569811962779,0.9321954562705522,0.5027305866744202,16.852617764085142,Z_Y_legcon
2,backsliding_union_Nyr,Y_hos_power,HOS,exec_power,instr-antiplural_w2_trt-ertOrDdcg_gapany_illibany_covlp_exclyr,backsliding_union_Nyr,1347,68,0.0488204385197907,0.1591057151758174,1345,67,0.00651976199756243,0.01143504440241659,0.5685717286885399,0.05825855866053765,0.2044718360875176,0.7757037726363107,15.753008947449446,Z_Y_hos_power
2,backsliding_union_Nyr,Y_hog_power,HOG,exec_power,instr-antiplural_w2_trt-ertOrDdcg_gapany_illibany_covlp_exclyr,backsliding_union_Nyr,1347,68,0.0488204385197907,0.1591057151758174,700,38,0.01743108955250583,0.01380985436371954,0.20686923859643075,0.2851707681298001,0.4425737353527443,0.51935087008545755,16.142015675139536,Z_Y_hog_power
2,backsliding_union_Nyr,Y_hos_power_vdem,HOS (v2ex_hosw),exec_power_alt,instr-antiplural_w2_trt-ertOrDdcg_gapany_illibany_covlp_exclyr,backsliding_union_Nyr,1347,68,0.0488204385197907,0.1591057151758174,1345,67,-4.051913077162914e-4,0.01836657859933382,0.982399026365393,-0.11991281113955216,0.35786185838285095,0.7375637704842812,17.029426379352824,Z_Y_hos_power_vdem
2,backsliding_union_Nyr,Y_hog_power_vdem,HOG (v2ex_hogw),exec_power_alt,instr-antiplural_w2_trt-ertOrDdcg_gapany_illibany_covlp_exclyr,backsliding_union_Nyr,1347,68,0.0488204385197907,0.1591057151758174,1345,67,0.00875769509714865,0.01651556137242658,0.59592523185814394,0.17917563552336163,0.28139794629908516,0.5242981331937306,15.1158481724262,Z_Y_hog_power_vdem
2,backsliding_union_Nyr,Y_polyarchy,Electoral (polyarchy),vdem_high,instr-antiplural_w2_trt-ertOrDdcg_gapany_illibany_covlp_exclyr,backsliding_union_Nyr,1347,68,0.0488204385197907,0.1591057151758174,1345,67,-0.01565964682435822,0.01624121475208448,0.33494975194089716,-0.22126571902026376,0.32323223358407294,0.4936336036003843,15.858638930104108,Z_Y_polyarchy
2,backsliding_union_Nyr,Y_libdem,Liberal,vdem_high,instr-antiplural_w2_trt-ertOrDdcg_gapany_illibany_covlp_exclyr,backsliding_union_Nyr,1347,68,0.0488204385197907,0.1591057151758174,1345,67,-0.01251682234961016,0.01475988917626934,0.39642150756871103,-0.24202656334960712,0.30426950036004075,0.4263605964654292,18.07421269173828,Z_Y_libdem
2,backsliding_union_Nyr,Y_partipdem,Participatory,vdem_high,instr-antiplural_w2_trt-ertOrDdcg_gapany_illibany_covlp_exclyr,backsliding_union_Nyr,1347,68,0.0488204385197907,0.1591057151758174,1344,67,-0.00927151463020384,0.01155079766150784,0.4221637016416822,-0.17529167014772812,0.23015318172632057,0.44628059902195766,17.588994062999557,Z_Y_partipdem
2,backsliding_union_Nyr,Y_delibdem,Deliberative,vdem_high,instr-antiplural_w2_trt-ertOrDdcg_gapany_illibany_covlp_exclyr,backsliding_union_Nyr,1347,68,0.0488204385197907,0.1591057151758174,1345,67,-0.00868325905933071,0.01601431317973909,0.5876678981527819,-0.11707126637761986,0.2983773711654771,0.6947924322676333,16.174750417589294,Z_Y_delibdem
2,backsliding_union_Nyr,Y_egaldem,Egalitarian,vdem_high,instr-antiplural_w2_trt-ertOrDdcg_gapany_illibany_covlp_exclyr,backsliding_union_Nyr,1347,68,0.0488204385197907,0.1591057151758174,1345,67,-0.0083687403832483,0.01102172392322744,0.44767607979679647,-0.130437451003772,0.209295129989408,0.5331382650720236,16.132771417182774,Z_Y_egaldem
2,backsliding_union_Nyr,Y_elecoff,Elected officials,vdem_electoral,instr-antiplural_w2_trt-ertOrDdcg_gapany_illibany_covlp_exclyr,backsliding_union_Nyr,1347,68,0.0488204385197907,0.1591057151758174,1345,67,-0.02033885566090982,0.0299810569295563,0.4975243114885314,-0.3270360311360514,0.600617014621975,0.5860973720359275,15.627421219556096,Z_Y_elecoff
2,backsliding_union_Nyr,Y_frefair,Clean elections,vdem_electoral,instr-antiplural_w2_trt-ertOrDdcg_gapany_illibany_covlp_exclyr,backsliding_union_Nyr,1347,68,0.0488204385197907,0.1591057151758174,1345,67,-0.03866975722365099,0.02277075272365481,0.0894661681529975,-0.9111775296613536,0.852571831034578,0.2851868891587223,21.603600359159135,Z_Y_frefair
2,backsliding_union_Nyr,Y_frassoc,Association,vdem_electoral,instr-antiplural_w2_trt-ertOrDdcg_gapany_illibany_covlp_exclyr,backsliding_union_Nyr,1347,68,0.0488204385197907,0.1591057151758174,1345,67,-0.01294119845446738,0.01484958901453206,0.3834892318581401,-0.17515398665318976,0.2587279818361668,0.49841786533587074,15.426002668415038,Z_Y_frassoc
2,backsliding_union_Nyr,Y_suffr,Suffrage,vdem_electoral,instr-antiplural_w2_trt-ertOrDdcg_gapany_illibany_covlp_exclyr,backsliding_union_Nyr,1347,68,0.0488204385197907,0.1591057151758174,1345,67,0.00193332405917518,0.00657651898692135,0.7687779491659529,0.03009939333543163,0.09689347574668324,0.7560711446035098,11.817832508801528,Z_Y_suffr
2,backsliding_union_Nyr,Y_freexp,Expression & alt. info,vdem_electoral,instr-antiplural_w2_trt-ertOrDdcg_gapany_illibany_covlp_exclyr,backsliding_union_Nyr,1347,68,0.0488204385197907,0.1591057151758174,1345,67,-0.01810066447223991,0.01566570868771563,0.24791347645790415,-0.2867209557396498,0.2989057697883735,0.3374402379283432,16.371030429713933,Z_Y_freexp
2,backsliding_union_Nyr,Y_cl_rol,Rule of law,vdem_liberal,instr-antiplural_w2_trt-ertOrDdcg_gapany_illibany_covlp_exclyr,backsliding_union_Nyr,1347,68,0.0488204385197907,0.1591057151758174,1345,67,-0.00871815431660591,0.01251194502327506,0.48593641908996105,-0.05945604968815621,0.18982897418568279,0.7541222553191439,12.796498792330429,Z_Y_cl_rol
2,backsliding_union_Nyr,Y_cspart,Civil society,vdem_particip,instr-antiplural_w2_trt-ertOrDdcg_gapany_illibany_covlp_exclyr,backsliding_union_Nyr,1347,68,0.0488204385197907,0.1591057151758174,1345,67,-0.00479334566970793,0.01368893608753199,0.7262170995724755,-0.0343856444935115,0.2481364092744924,0.8897855488882321,15.362491088043988,Z_Y_cspart
2,backsliding_union_Nyr,Y_dd,Direct democracy,vdem_particip,instr-antiplural_w2_trt-ertOrDdcg_gapany_illibany_covlp_exclyr,backsliding_union_Nyr,1347,68,0.0488204385197907,0.1591057151758174,1345,67,0.0014247310686557,0.00982417410114423,0.8846927229931607,0.02954969351515351,0.3203048190413959,0.9264955090088376,26.016415974605582,Z_Y_dd
2,backsliding_union_Nyr,Y_locelec,Local elections,vdem_particip,instr-antiplural_w2_trt-ertOrDdcg_gapany_illibany_covlp_exclyr,backsliding_union_Nyr,1347,68,0.0488204385197907,0.1591057151758174,1330,66,-0.01946824003569532,0.01649394183327301,0.23787030034320625,-0.2378361810287354,0.3696206381803193,0.5199255122318316,16.2429968581819,Z_Y_locelec
2,backsliding_union_Nyr,Y_regelec,Regional elections,vdem_particip,instr-antiplural_w2_trt-ertOrDdcg_gapany_illibany_covlp_exclyr,backsliding_union_Nyr,1347,68,0.0488204385197907,0.1591057151758174,1344,67,-0.0318849193971133,0.02027978001587165,0.11589218065171616,-0.4585911622527219,0.5567695240628869,0.4101303479718451,16.50129452340511,Z_Y_regelec
2,backsliding_union_Nyr,Y_delib,Deliberation,vdem_egal_delib,instr-antiplural_w2_trt-ertOrDdcg_gapany_illibany_covlp_exclyr,backsliding_union_Nyr,1347,68,0.0488204385197907,0.1591057151758174,1345,67,-0.01713766411352191,0.01729281238689533,0.3216718279742746,-0.18784007205464243,0.3680669682973417,0.6098118082201549,17.261069856811122,Z_Y_delib
2,backsliding_union_Nyr,Y_eqprotec,Equal protection,vdem_egal_delib,instr-antiplural_w2_trt-ertOrDdcg_gapany_illibany_covlp_exclyr,backsliding_union_Nyr,1347,68,0.0488204385197907,0.1591057151758174,1345,67,4.6334425259624896e-4,0.00837172409581057,0.9558625481237862,0.00693384834107913,0.1321167668253357,0.9581440574043928,14.572411679145176,Z_Y_eqprotec
2,backsliding_union_Nyr,Y_eqaccess,Equal access,vdem_egal_delib,instr-antiplural_w2_trt-ertOrDdcg_gapany_illibany_covlp_exclyr,backsliding_union_Nyr,1347,68,0.0488204385197907,0.1591057151758174,1345,67,-3.4741944424089116e-4,0.00972723291794422,0.9715086819245964,0.00890192316805794,0.15768632984280123,0.9549806494488322,14.560584683646931,Z_Y_eqaccess
2,backsliding_union_Nyr,Y_eqdr,Equal distribution,vdem_egal_delib,instr-antiplural_w2_trt-ertOrDdcg_gapany_illibany_covlp_exclyr,backsliding_union_Nyr,1347,68,0.0488204385197907,0.1591057151758174,1345,67,-0.00504152003368118,0.00739209951372174,0.49522969839082354,-0.05878578196601438,0.13500043647681056,0.6632366741658856,15.614517152830476,Z_Y_eqdr
2,polyarchy_decline,Y_gdp_growth,PWT,growth,instr-antiplural_w2_trt-polyarchy_gapany_illibany_covlp_exclyr,polyarchy_decline,1345,513,0.01270000499639659,0.4459712028240359,1297,491,-0.01315358428490593,0.01525312525436269,0.388493080653081,-2.3455457861546813,2.663326638107195,0.378489564382448,16.524482232256965,Z_Y_gdp_growth
2,polyarchy_decline,Y_gdp_growth_wb,World Bank,growth,instr-antiplural_w2_trt-polyarchy_gapany_illibany_covlp_exclyr,polyarchy_decline,1345,513,0.01270000499639659,0.4459712028240359,1304,495,-0.00362496199964819,0.01293225358769387,0.7792443065136636,-0.20037387728648012,0.6959693507857704,0.773418556054141,23.51141378681551,Z_Y_gdp_growth_wb
2,polyarchy_decline,Y_gdp_growth_imf,IMF WEO,growth,instr-antiplural_w2_trt-polyarchy_gapany_illibany_covlp_exclyr,polyarchy_decline,1345,513,0.01270000499639659,0.4459712028240359,1007,389,-0.00493938896222761,0.0127246392505789,0.6978864092438603,-21158481.334602717,47893746.0317906,0.6586486813157117,15.360618607752848,Z_Y_gdp_growth_imf
2,polyarchy_decline,Y_inflation,"CPI, cumulative log",inflation,instr-antiplural_w2_trt-polyarchy_gapany_illibany_covlp_exclyr,polyarchy_decline,1345,513,0.01270000499639659,0.4459712028240359,1198,457,-0.01047585889814548,0.0621688940742131,0.866184879257815,-2.8619348098052155,3.7844500035958486,0.44950811184472605,18.77845862363973,Z_Y_inflation
2,polyarchy_decline,Y_unemployment,Unemployment rate,unemployment,instr-antiplural_w2_trt-polyarchy_gapany_illibany_covlp_exclyr,polyarchy_decline,1345,513,0.01270000499639659,0.4459712028240359,939,413,-0.1515351319623499,0.49005090334146584,0.757151710665671,-20.781494410747037,59.43856505618973,0.7266165335198671,17.378414797532773,Z_Y_unemployment
2,polyarchy_decline,Y_trade_pct_gdp,Trade / GDP,trade,instr-antiplural_w2_trt-polyarchy_gapany_illibany_covlp_exclyr,polyarchy_decline,1345,513,0.01270000499639659,0.4459712028240359,1175,449,0.19343806404687736,1.909214056740326,0.9192978971312116,15.30824500943118,91.83064739684325,0.8676054535534163,22.464655334063423,Z_Y_trade_pct_gdp
2,polyarchy_decline,Y_top10_share,Top-10% income share,top10,instr-antiplural_w2_trt-polyarchy_gapany_illibany_covlp_exclyr,polyarchy_decline,1345,513,0.01270000499639659,0.4459712028240359,1218,464,-0.528877692566581,0.3830650299451558,0.1673874378027056,-5997.800985164371,9385.338326925512,0.5227834376284567,17.368811956017627,Z_Y_top10_share
2,polyarchy_decline,Y_gini_disp,Disposable,gini,instr-antiplural_w2_trt-polyarchy_gapany_illibany_covlp_exclyr,polyarchy_decline,1345,513,0.01270000499639659,0.4459712028240359,1059,410,0.2727607712545219,0.1827937193480851,0.13565248138471991,5063.600107306487,24475.021606919625,0.836096950669866,14.156326443960658,Z_Y_gini_disp
2,polyarchy_decline,Y_gini_mkt,Market,gini,instr-antiplural_w2_trt-polyarchy_gapany_illibany_covlp_exclyr,polyarchy_decline,1345,513,0.01270000499639659,0.4459712028240359,1059,410,0.03023700250244744,0.15108577672604173,0.8413778449936298,386.5039883340574,650.3091912096448,0.5522855284323203,15.404985874771905,Z_Y_gini_mkt
2,polyarchy_decline,Y_debt,Debt / GDP,fiscal,instr-antiplural_w2_trt-polyarchy_gapany_illibany_covlp_exclyr,polyarchy_decline,1345,513,0.01270000499639659,0.4459712028240359,1268,490,-3.227166990268375,2.8111668820588713,0.25097628681096606,-124.8172746901862,192.53834799177187,0.5168088566964618,21.267340220315724,Z_Y_debt
2,polyarchy_decline,Y_deficit,Deficit / GDP,fiscal,instr-antiplural_w2_trt-polyarchy_gapany_illibany_covlp_exclyr,polyarchy_decline,1345,513,0.01270000499639659,0.4459712028240359,1121,438,-0.7171783954631624,0.7555027355150832,0.34248175027055777,-1825.0141892523495,5655.994027251534,0.746945897965059,15.527365439636656,Z_Y_deficit
2,polyarchy_decline,Y_checks_balances,Checks & balances,institutions,instr-antiplural_w2_trt-polyarchy_gapany_illibany_covlp_exclyr,polyarchy_decline,1345,513,0.01270000499639659,0.4459712028240359,1318,507,-0.00192209333185654,0.01243361157600773,0.8771457386577471,0.3042055689798717,74.16055129279243,0.9967270976025984,19.994577041552866,Z_Y_checks_balances
2,polyarchy_decline,Y_jucon,Judicial constraints,institutions,instr-antiplural_w2_trt-polyarchy_gapany_illibany_covlp_exclyr,polyarchy_decline,1345,513,0.01270000499639659,0.4459712028240359,1345,513,-0.00996546230500067,0.01483031114658637,0.5016054513030537,-0.5278907220132054,0.5498754196996629,0.3370457701757504,22.419687511987103,Z_Y_jucon
2,polyarchy_decline,Y_legcon,Legislative constraints,institutions,instr-antiplural_w2_trt-polyarchy_gapany_illibany_covlp_exclyr,polyarchy_decline,1345,513,0.01270000499639659,0.4459712028240359,1318,507,-0.0142910692806147,0.01730171145109115,0.4088088254900171,-30294.29815275241,464991.2494920751,0.9480543682438888,17.098856413337472,Z_Y_legcon
2,polyarchy_decline,Y_hos_power,HOS,exec_power,instr-antiplural_w2_trt-polyarchy_gapany_illibany_covlp_exclyr,polyarchy_decline,1345,513,0.01270000499639659,0.4459712028240359,1345,513,0.00651976199756243,0.01143504440241659,0.5685717286885399,0.6484114454709266,0.7265817200803059,0.37217125693036096,20.50276541673672,Z_Y_hos_power
2,polyarchy_decline,Y_hog_power,HOG,exec_power,instr-antiplural_w2_trt-polyarchy_gapany_illibany_covlp_exclyr,polyarchy_decline,1345,513,0.01270000499639659,0.4459712028240359,700,267,0.01743108955250583,0.01380985436371954,0.20686923859643075,0.8515173830648268,0.9819063918627732,0.38582788368997933,23.257305097818364,Z_Y_hog_power
2,polyarchy_decline,Y_hos_power_vdem,HOS (v2ex_hosw),exec_power_alt,instr-antiplural_w2_trt-polyarchy_gapany_illibany_covlp_exclyr,polyarchy_decline,1345,513,0.01270000499639659,0.4459712028240359,1345,513,-4.051913077162914e-4,0.01836657859933382,0.982399026365393,0.35653123510616663,0.8791749168795726,0.6850884468192121,21.235653499119415,Z_Y_hos_power_vdem
2,polyarchy_decline,Y_hog_power_vdem,HOG (v2ex_hogw),exec_power_alt,instr-antiplural_w2_trt-polyarchy_gapany_illibany_covlp_exclyr,polyarchy_decline,1345,513,0.01270000499639659,0.4459712028240359,1345,513,0.00875769509714865,0.01651556137242658,0.59592523185814394,-0.1410368571023206,0.8059780251837609,0.8610886976751987,20.78976916351994,Z_Y_hog_power_vdem
2,polyarchy_decline,Y_polyarchy,Electoral (polyarchy),vdem_high,instr-antiplural_w2_trt-polyarchy_gapany_illibany_covlp_exclyr,polyarchy_decline,1345,513,0.01270000499639659,0.4459712028240359,1345,513,-0.01565964682435822,0.01624121475208448,0.33494975194089716,-1,3.778121044653244e-17,0,22.97866577298677,Z_Y_polyarchy
2,polyarchy_decline,Y_libdem,Liberal,vdem_high,instr-antiplural_w2_trt-polyarchy_gapany_illibany_covlp_exclyr,polyarchy_decline,1345,513,0.01270000499639659,0.4459712028240359,1345,513,-0.01251682234961016,0.01475988917626934,0.39642150756871103,-0.8572799113827084,0.24748682268975844,5.323219776178047e-4,18.39524560160086,Z_Y_libdem
2,polyarchy_decline,Y_partipdem,Participatory,vdem_high,instr-antiplural_w2_trt-polyarchy_gapany_illibany_covlp_exclyr,polyarchy_decline,1345,513,0.01270000499639659,0.4459712028240359,1344,513,-0.00927151463020384,0.01155079766150784,0.4221637016416822,-0.5405109414137257,0.244270514985569,0.02691450227462091,17.918464385399858,Z_Y_partipdem
2,polyarchy_decline,Y_delibdem,Deliberative,vdem_high,instr-antiplural_w2_trt-polyarchy_gapany_illibany_covlp_exclyr,polyarchy_decline,1345,513,0.01270000499639659,0.4459712028240359,1345,513,-0.00868325905933071,0.01601431317973909,0.5876678981527819,-0.6904924346570646,0.3393976875384352,0.04190481762481223,21.840484082508524,Z_Y_delibdem
2,polyarchy_decline,Y_egaldem,Egalitarian,vdem_high,instr-antiplural_w2_trt-polyarchy_gapany_illibany_covlp_exclyr,polyarchy_decline,1345,513,0.01270000499639659,0.4459712028240359,1345,513,-0.0083687403832483,0.01102172392322744,0.44767607979679647,-0.5705787355505095,0.1603476030805556,3.7314006244376e-4,21.913160446478575,Z_Y_egaldem
2,polyarchy_decline,Y_elecoff,Elected officials,vdem_electoral,instr-antiplural_w2_trt-polyarchy_gapany_illibany_covlp_exclyr,polyarchy_decline,1345,513,0.01270000499639659,0.4459712028240359,1345,513,-0.02033885566090982,0.0299810569295563,0.4975243114885314,-2.266415949160077,1.2411493721558982,0.06784089366530725,22.408911374184104,Z_Y_elecoff
2,polyarchy_decline,Y_frefair,Clean elections,vdem_electoral,instr-antiplural_w2_trt-polyarchy_gapany_illibany_covlp_exclyr,polyarchy_decline,1345,513,0.01270000499639659,0.4459712028240359,1345,513,-0.03866975722365099,0.02277075272365481,0.0894661681529975,-2.2991532903651715,0.7523511581405027,0.00224342927855216,16.60829774201752,Z_Y_frefair
2,polyarchy_decline,Y_frassoc,Association,vdem_electoral,instr-antiplural_w2_trt-polyarchy_gapany_illibany_covlp_exclyr,polyarchy_decline,1345,513,0.01270000499639659,0.4459712028240359,1345,513,-0.01294119845446738,0.01484958901453206,0.3834892318581401,-1.0247697361176062,0.6259901955119973,0.10162253035864514,17.36628704360382,Z_Y_frassoc
2,polyarchy_decline,Y_suffr,Suffrage,vdem_electoral,instr-antiplural_w2_trt-polyarchy_gapany_illibany_covlp_exclyr,polyarchy_decline,1345,513,0.01270000499639659,0.4459712028240359,1345,513,0.00193332405917518,0.00657651898692135,0.7687779491659529,0.01151965607009987,0.25488303119676625,0.9639511995136896,23.382659374865685,Z_Y_suffr
2,polyarchy_decline,Y_freexp,Expression & alt. info,vdem_electoral,instr-antiplural_w2_trt-polyarchy_gapany_illibany_covlp_exclyr,polyarchy_decline,1345,513,0.01270000499639659,0.4459712028240359,1345,513,-0.01810066447223991,0.01566570868771563,0.24791347645790415,-1.2929630456390164,0.9009991336195498,0.15127783455821833,17.952284367695995,Z_Y_freexp
2,polyarchy_decline,Y_cl_rol,Rule of law,vdem_liberal,instr-antiplural_w2_trt-polyarchy_gapany_illibany_covlp_exclyr,polyarchy_decline,1345,513,0.01270000499639659,0.4459712028240359,1345,513,-0.00871815431660591,0.01251194502327506,0.48593641908996105,-1.2740468461110384,1.0254207332444742,0.21406595434857423,19.634603193959187,Z_Y_cl_rol
2,polyarchy_decline,Y_cspart,Civil society,vdem_particip,instr-antiplural_w2_trt-polyarchy_gapany_illibany_covlp_exclyr,polyarchy_decline,1345,513,0.01270000499639659,0.4459712028240359,1345,513,-0.00479334566970793,0.01368893608753199,0.7262170995724755,-0.13121533908008404,0.8754041214697853,0.8808504863614801,18.70278404971276,Z_Y_cspart
2,polyarchy_decline,Y_dd,Direct democracy,vdem_particip,instr-antiplural_w2_trt-polyarchy_gapany_illibany_covlp_exclyr,polyarchy_decline,1345,513,0.01270000499639659,0.4459712028240359,1345,513,0.0014247310686557,0.00982417410114423,0.8846927229931607,0.13209472636254135,0.6234435690121573,0.8322012760415377,20.698447772206325,Z_Y_dd
2,polyarchy_decline,Y_locelec,Local elections,vdem_particip,instr-antiplural_w2_trt-polyarchy_gapany_illibany_covlp_exclyr,polyarchy_decline,1345,513,0.01270000499639659,0.4459712028240359,1330,508,-0.01946824003569532,0.01649394183327301,0.23787030034320625,-1.1074037975366626,0.8346150865106239,0.1845603801861136,20.49106270933328,Z_Y_locelec
2,polyarchy_decline,Y_regelec,Regional elections,vdem_particip,instr-antiplural_w2_trt-polyarchy_gapany_illibany_covlp_exclyr,polyarchy_decline,1345,513,0.01270000499639659,0.4459712028240359,1344,513,-0.0318849193971133,0.02027978001587165,0.11589218065171616,-1.6685258052836078,0.9633734694620696,0.08328040899611588,21.369366909051095,Z_Y_regelec
2,polyarchy_decline,Y_delib,Deliberation,vdem_egal_delib,instr-antiplural_w2_trt-polyarchy_gapany_illibany_covlp_exclyr,polyarchy_decline,1345,513,0.01270000499639659,0.4459712028240359,1345,513,-0.01713766411352191,0.01729281238689533,0.3216718279742746,-1.0032663858037938,0.6889347120209394,0.1453214316873975,21.748394641596693,Z_Y_delib
2,polyarchy_decline,Y_eqprotec,Equal protection,vdem_egal_delib,instr-antiplural_w2_trt-polyarchy_gapany_illibany_covlp_exclyr,polyarchy_decline,1345,513,0.01270000499639659,0.4459712028240359,1345,513,4.6334425259624896e-4,0.00837172409581057,0.9558625481237862,-0.14590089808760034,0.4012529374171424,0.7161468060508087,22.23032418376178,Z_Y_eqprotec
2,polyarchy_decline,Y_eqaccess,Equal access,vdem_egal_delib,instr-antiplural_w2_trt-polyarchy_gapany_illibany_covlp_exclyr,polyarchy_decline,1345,513,0.01270000499639659,0.4459712028240359,1345,513,-3.4741944424089116e-4,0.00972723291794422,0.9715086819245964,-0.1958898069583385,0.4495232741315261,0.6630019175382948,21.063833204520712,Z_Y_eqaccess
2,polyarchy_decline,Y_eqdr,Equal distribution,vdem_egal_delib,instr-antiplural_w2_trt-polyarchy_gapany_illibany_covlp_exclyr,polyarchy_decline,1345,513,0.01270000499639659,0.4459712028240359,1345,513,-0.00504152003368118,0.00739209951372174,0.49522969839082354,-0.3748712381059359,0.46891686534227023,0.4240349049872813,18.44796976200837,Z_Y_eqdr
3,backsliding_Nyr,Y_gdp_growth,PWT,growth,instr-antiplural_w3_trt-ert_gapany_illibany_covlp_exclyr,backsliding_Nyr,1347,86,0.02011128395864073,0.634980269871624,1274,84,-0.03788502016597262,0.02143109129676434,0.07710107974876555,-3.792629102193176,34.53009029259448,0.9125398509009732,20.295701376998032,Z_Y_gdp_growth
3,backsliding_Nyr,Y_gdp_growth_wb,World Bank,growth,instr-antiplural_w3_trt-ert_gapany_illibany_covlp_exclyr,backsliding_Nyr,1347,86,0.02011128395864073,0.634980269871624,1292,84,-0.02232296119502028,0.01795045431828264,0.21365140702595745,-0.4986480036833303,116.37180063713728,0.996581110511991,19.056572112861023,Z_Y_gdp_growth_wb
3,backsliding_Nyr,Y_gdp_growth_imf,IMF WEO,growth,instr-antiplural_w3_trt-ert_gapany_illibany_covlp_exclyr,backsliding_Nyr,1347,86,0.02011128395864073,0.634980269871624,996,70,-0.0230270546182793,0.01621134324897841,0.15548295898185296,-3.980455613515928,16.53906162198615,0.8098109084015128,20.417166877467658,Z_Y_gdp_growth_imf
3,backsliding_Nyr,Y_inflation,"CPI, cumulative log",inflation,instr-antiplural_w3_trt-ert_gapany_illibany_covlp_exclyr,backsliding_Nyr,1347,86,0.02011128395864073,0.634980269871624,1186,77,-0.00462232485130742,0.08492087445778283,0.956591811671375,-4.757530395506854,11.5623307083851,0.6807293183235072,19.938318087296334,Z_Y_inflation
3,backsliding_Nyr,Y_unemployment,Unemployment rate,unemployment,instr-antiplural_w3_trt-ert_gapany_illibany_covlp_exclyr,backsliding_Nyr,1347,86,0.02011128395864073,0.634980269871624,917,72,0.2613328468354065,0.5558585643603345,0.6382530681452916,5.457031652459803,22.282099743266993,0.806528808099834,17.576580457572195,Z_Y_unemployment
3,backsliding_Nyr,Y_trade_pct_gdp,Trade / GDP,trade,instr-antiplural_w3_trt-ert_gapany_illibany_covlp_exclyr,backsliding_Nyr,1347,86,0.02011128395864073,0.634980269871624,1164,78,-1.132537618913551,2.289925042119648,0.62090078768092,-150.47904780186627,443.9784709375339,0.7346600465348114,16.193458622729267,Z_Y_trade_pct_gdp
3,backsliding_Nyr,Y_top10_share,Top-10% income share,top10,instr-antiplural_w3_trt-ert_gapany_illibany_covlp_exclyr,backsliding_Nyr,1347,86,0.02011128395864073,0.634980269871624,1205,77,-0.5216480022207957,0.4617617144594479,0.2586064972089601,-139.14065043391793,513.5190792737618,0.7864255104804526,22.556879984881785,Z_Y_top10_share
3,backsliding_Nyr,Y_gini_disp,Disposable,gini,instr-antiplural_w3_trt-ert_gapany_illibany_covlp_exclyr,backsliding_Nyr,1347,86,0.02011128395864073,0.634980269871624,1037,68,0.4097540386784634,0.21496241974345112,0.0566286822568799,649.847725070342,3304.9179003775794,0.8441166853941933,23.45364222295743,Z_Y_gini_disp
3,backsliding_Nyr,Y_gini_mkt,Market,gini,instr-antiplural_w3_trt-ert_gapany_illibany_covlp_exclyr,backsliding_Nyr,1347,86,0.02011128395864073,0.634980269871624,1037,68,0.18544934826137388,0.19192411631808717,0.33391213705055967,55.01815248598536,190.26074516520129,0.7724494669918325,23.100930165924773,Z_Y_gini_mkt
3,backsliding_Nyr,Y_debt,Debt / GDP,fiscal,instr-antiplural_w3_trt-ert_gapany_illibany_covlp_exclyr,backsliding_Nyr,1347,86,0.02011128395864073,0.634980269871624,1257,81,-2.1499026147995295,3.376264413819116,0.5242749161180709,-204.8566089198962,3375.4210483194256,0.9516055518727866,17.191129629676634,Z_Y_debt
3,backsliding_Nyr,Y_deficit,Deficit / GDP,fiscal,instr-antiplural_w3_trt-ert_gapany_illibany_covlp_exclyr,backsliding_Nyr,1347,86,0.02011128395864073,0.634980269871624,1109,73,0.5491357858004673,0.6844457495105268,0.42237525070564863,3.3183370756816117,185.5764773277263,0.9857335968844484,17.762414908666074,Z_Y_deficit
3,backsliding_Nyr,Y_checks_balances,Checks & balances,institutions,instr-antiplural_w3_trt-ert_gapany_illibany_covlp_exclyr,backsliding_Nyr,1347,86,0.02011128395864073,0.634980269871624,1291,76,-5.65813110989853e-4,0.01365963285910538,0.9669592526839532,0.0278417340146533,1.37255667071031,0.9838163575513316,18.655386674487417,Z_Y_checks_balances
3,backsliding_Nyr,Y_jucon,Judicial constraints,institutions,instr-antiplural_w3_trt-ert_gapany_illibany_covlp_exclyr,backsliding_Nyr,1347,86,0.02011128395864073,0.634980269871624,1324,85,-0.01282393063909611,0.01589820478147545,0.4198810721523354,-0.5800209128823041,4.238861973093231,0.8911619199620961,17.211367407815274,Z_Y_jucon
3,backsliding_Nyr,Y_legcon,Legislative constraints,institutions,instr-antiplural_w3_trt-ert_gapany_illibany_covlp_exclyr,backsliding_Nyr,1347,86,0.02011128395864073,0.634980269871624,1291,76,-0.00784278112520772,0.01801209035917134,0.6632593387856804,-0.47848932873271127,2.6740390681030664,0.8579857603309,18.659024426432396,Z_Y_legcon
3,backsliding_Nyr,Y_hos_power,HOS,exec_power,instr-antiplural_w3_trt-ert_gapany_illibany_covlp_exclyr,backsliding_Nyr,1347,86,0.02011128395864073,0.634980269871624,1324,85,0.00869127932724332,0.01161868247540871,0.4544339496936949,0.09070576929383678,1.9013261939323096,0.9619500903643612,16.930656866933163,Z_Y_hos_power
3,backsliding_Nyr,Y_hog_power,HOG,exec_power,instr-antiplural_w3_trt-ert_gapany_illibany_covlp_exclyr,backsliding_Nyr,1347,86,0.02011128395864073,0.634980269871624,689,55,0.01204103243123714,0.01176897269210103,0.3062526747493371,4.853179746346771,92.52126668294032,0.9581663513734344,17.004681834571187,Z_Y_hog_power
3,backsliding_Nyr,Y_hos_power_vdem,HOS (v2ex_hosw),exec_power_alt,instr-antiplural_w3_trt-ert_gapany_illibany_covlp_exclyr,backsliding_Nyr,1347,86,0.02011128395864073,0.634980269871624,1324,85,0.0022752116050989,0.01697547504474724,0.8933793789676122,-0.11307348255048456,2.638385399079599,0.965815465986066,15.892630796424028,Z_Y_hos_power_vdem
3,backsliding_Nyr,Y_hog_power_vdem,HOG (v2ex_hogw),exec_power_alt,instr-antiplural_w3_trt-ert_gapany_illibany_covlp_exclyr,backsliding_Nyr,1347,86,0.02011128395864073,0.634980269871624,1324,85,0.00489523771162103,0.01558073409697553,0.7533803020840596,0.3532593245508151,1.4419663171720267,0.8064684719624337,14.502228731528662,Z_Y_hog_power_vdem
3,backsliding_Nyr,Y_polyarchy,Electoral (polyarchy),vdem_high,instr-antiplural_w3_trt-ert_gapany_illibany_covlp_exclyr,backsliding_Nyr,1347,86,0.02011128395864073,0.634980269871624,1324,85,-0.01581521093116547,0.01745457766541145,0.36489450493279535,-1.1627106965199916,4.408006199651112,0.7919552468987592,18.972535278422676,Z_Y_polyarchy
3,backsliding_Nyr,Y_libdem,Liberal,vdem_high,instr-antiplural_w3_trt-ert_gapany_illibany_covlp_exclyr,backsliding_Nyr,1347,86,0.02011128395864073,0.634980269871624,1324,85,-0.01337943662903589,0.01552952975355186,0.3889362493902556,-0.6327512314993706,4.561420958629401,0.8896729869287392,16.886199797211948,Z_Y_libdem
3,backsliding_Nyr,Y_partipdem,Participatory,vdem_high,instr-antiplural_w3_trt-ert_gapany_illibany_covlp_exclyr,backsliding_Nyr,1347,86,0.02011128395864073,0.634980269871624,1323,85,-0.00909092621591679,0.01199908007788831,0.4486693625042606,-0.31947409263717746,2.4983777655113335,0.8982497849071938,17.3733236126146,Z_Y_partipdem
3,backsliding_Nyr,Y_delibdem,Deliberative,vdem_high,instr-antiplural_w3_trt-ert_gapany_illibany_covlp_exclyr,backsliding_Nyr,1347,86,0.02011128395864073,0.634980269871624,1324,85,-0.01176943354636072,0.01671887826007681,0.4814572369926268,-0.4786867509672986,3.804455534778743,0.8998722968010682,17.62330142258706,Z_Y_delibdem
3,backsliding_Nyr,Y_egaldem,Egalitarian,vdem_high,instr-antiplural_w3_trt-ert_gapany_illibany_covlp_exclyr,backsliding_Nyr,1347,86,0.02011128395864073,0.634980269871624,1324,85,-0.01313577467084905,0.01085991088739832,0.22644562330197557,-0.5518306357637581,2.514087620014112,0.8262641726963307,18.155770312808137,Z_Y_egaldem
3,backsliding_Nyr,Y_elecoff,Elected officials,vdem_electoral,instr-antiplural_w3_trt-ert_gapany_illibany_covlp_exclyr,backsliding_Nyr,1347,86,0.02011128395864073,0.634980269871624,1324,85,-0.0031108026267535,0.02966551987616514,0.91648486072644,0.07957967683733913,6.84843052698027,0.990728683551136,15.952947734696789,Z_Y_elecoff
3,backsliding_Nyr,Y_frefair,Clean elections,vdem_electoral,instr-antiplural_w3_trt-ert_gapany_illibany_covlp_exclyr,backsliding_Nyr,1347,86,0.02011128395864073,0.634980269871624,1324,85,-0.03484419734062097,0.02372782391154009,0.14196973830544687,-1.682296628231895,8.503082429771325,0.8431659428013439,18.40256932498997,Z_Y_frefair
3,backsliding_Nyr,Y_frassoc,Association,vdem_electoral,instr-antiplural_w3_trt-ert_gapany_illibany_covlp_exclyr,backsliding_Nyr,1347,86,0.02011128395864073,0.634980269871624,1324,85,-0.01771451326169145,0.01758607038793856,0.31378886617347684,-0.7238118766297011,6.754305619133607,0.9146596418159212,16.57621016150928,Z_Y_frassoc
3,backsliding_Nyr,Y_suffr,Suffrage,vdem_electoral,instr-antiplural_w3_trt-ert_gapany_illibany_covlp_exclyr,backsliding_Nyr,1347,86,0.02011128395864073,0.634980269871624,1324,85,0.0026760881364162,0.00655128047937902,0.6829189483378522,0.1236872065971542,0.8978378986469895,0.8904291671906209,15.108096499474932,Z_Y_suffr
3,backsliding_Nyr,Y_freexp,Expression & alt. info,vdem_electoral,instr-antiplural_w3_trt-ert_gapany_illibany_covlp_exclyr,backsliding_Nyr,1347,86,0.02011128395864073,0.634980269871624,1324,85,-0.02057107664739969,0.01639372268761415,0.20954620259513984,-0.9398392143965204,8.392270656152546,0.9108323914732364,15.91742175026556,Z_Y_freexp
3,backsliding_Nyr,Y_cl_rol,Rule of law,vdem_liberal,instr-antiplural_w3_trt-ert_gapany_illibany_covlp_exclyr,backsliding_Nyr,1347,86,0.02011128395864073,0.634980269871624,1324,85,-0.01705286831174853,0.0137241452918196,0.21403554279093864,-2.0374911724191875,6.407206935296099,0.7504850118503559,21.0362259185737,Z_Y_cl_rol
3,backsliding_Nyr,Y_cspart,Civil society,vdem_particip,instr-antiplural_w3_trt-ert_gapany_illibany_covlp_exclyr,backsliding_Nyr,1347,86,0.02011128395864073,0.634980269871624,1324,85,-0.00258249938391388,0.01508276898304525,0.8640493390759961,0.02354887696640861,2.6904772653540476,0.993016463772192,15.774001502315476,Z_Y_cspart
3,backsliding_Nyr,Y_dd,Direct democracy,vdem_particip,instr-antiplural_w3_trt-ert_gapany_illibany_covlp_exclyr,backsliding_Nyr,1347,86,0.02011128395864073,0.634980269871624,1324,85,0.00719688310282507,0.00977739672910871,0.46168593957716114,0.41331122693923816,2.9411959868296367,0.888245292412615,18.440958626928584,Z_Y_dd
3,backsliding_Nyr,Y_locelec,Local elections,vdem_particip,instr-antiplural_w3_trt-ert_gapany_illibany_covlp_exclyr,backsliding_Nyr,1347,86,0.02011128395864073,0.634980269871624,1308,84,-0.02054433298742496,0.01715385866291682,0.23105298065253776,-0.7701751086751039,3.6362596781882393,0.8322597838944255,17.885186797061237,Z_Y_locelec
3,backsliding_Nyr,Y_regelec,Regional elections,vdem_particip,instr-antiplural_w3_trt-ert_gapany_illibany_covlp_exclyr,backsliding_Nyr,1347,86,0.02011128395864073,0.634980269871624,1323,85,-0.04045907581572233,0.02618516078444583,0.12231853147189065,-1.9297740301553297,9.322126138322332,0.8360019902883074,18.01720765807824,Z_Y_regelec
3,backsliding_Nyr,Y_delib,Deliberation,vdem_egal_delib,instr-antiplural_w3_trt-ert_gapany_illibany_covlp_exclyr,backsliding_Nyr,1347,86,0.02011128395864073,0.634980269871624,1324,85,-0.02028576486188189,0.0183833112561573,0.2698152647267033,-0.6115613733529389,4.127325899731464,0.8822056442708295,18.35988577500343,Z_Y_delib
3,backsliding_Nyr,Y_eqprotec,Equal protection,vdem_egal_delib,instr-antiplural_w3_trt-ert_gapany_illibany_covlp_exclyr,backsliding_Nyr,1347,86,0.02011128395864073,0.634980269871624,1324,85,-0.00535700504552966,0.00921240099055597,0.560903966605433,-0.19323688029697988,0.6418766285121777,0.7633764610010992,18.51897814512759,Z_Y_eqprotec
3,backsliding_Nyr,Y_eqaccess,Equal access,vdem_egal_delib,instr-antiplural_w3_trt-ert_gapany_illibany_covlp_exclyr,backsliding_Nyr,1347,86,0.02011128395864073,0.634980269871624,1324,85,-0.00225006973777644,0.01077186162549234,0.8345387807396005,-0.05026638765439023,1.4152493869743556,0.9716669414520264,16.284321641719227,Z_Y_eqaccess
3,backsliding_Nyr,Y_eqdr,Equal distribution,vdem_egal_delib,instr-antiplural_w3_trt-ert_gapany_illibany_covlp_exclyr,backsliding_Nyr,1347,86,0.02011128395864073,0.634980269871624,1324,85,-0.0067904947222855,0.00806567464593936,0.3998437056204026,-0.2849796236872816,1.6387798591828353,0.8619460638646697,17.987326893052703,Z_Y_eqdr
3,backsliding_union_Nyr,Y_gdp_growth,PWT,growth,instr-antiplural_w3_trt-ertOrDdcg_gapany_illibany_covlp_exclyr,backsliding_union_Nyr,1347,100,0.03504265600594994,0.4190818536455948,1274,98,-0.03788502016597262,0.02143109129676434,0.07710107974876555,-0.8694588565166002,1.3891447152917786,0.5313837553059028,20.140853080700172,Z_Y_gdp_growth
3,backsliding_union_Nyr,Y_gdp_growth_wb,World Bank,growth,instr-antiplural_w3_trt-ertOrDdcg_gapany_illibany_covlp_exclyr,backsliding_union_Nyr,1347,100,0.03504265600594994,0.4190818536455948,1292,98,-0.02232296119502028,0.01795045431828264,0.21365140702595745,-0.6258345952136039,1.159004029321789,0.589213443686554,20.278014124264818,Z_Y_gdp_growth_wb
3,backsliding_union_Nyr,Y_gdp_growth_imf,IMF WEO,growth,instr-antiplural_w3_trt-ertOrDdcg_gapany_illibany_covlp_exclyr,backsliding_union_Nyr,1347,100,0.03504265600594994,0.4190818536455948,996,79,-0.0230270546182793,0.01621134324897841,0.15548295898185296,-1.5589277467213234,5.639692972943962,0.7822249776142238,18.8857899333301,Z_Y_gdp_growth_imf
3,backsliding_union_Nyr,Y_inflation,"CPI, cumulative log",inflation,instr-antiplural_w3_trt-ertOrDdcg_gapany_illibany_covlp_exclyr,backsliding_union_Nyr,1347,100,0.03504265600594994,0.4190818536455948,1186,86,-0.00462232485130742,0.08492087445778283,0.956591811671375,-0.43290743495649053,1.7146532732559645,0.8006737777696239,16.628893144196287,Z_Y_inflation
3,backsliding_union_Nyr,Y_unemployment,Unemployment rate,unemployment,instr-antiplural_w3_trt-ertOrDdcg_gapany_illibany_covlp_exclyr,backsliding_union_Nyr,1347,100,0.03504265600594994,0.4190818536455948,917,81,0.2613328468354065,0.5558585643603345,0.6382530681452916,7.690057526678343,19.40336564901339,0.6918645782327086,20.334139424007457,Z_Y_unemployment
3,backsliding_union_Nyr,Y_trade_pct_gdp,Trade / GDP,trade,instr-antiplural_w3_trt-ertOrDdcg_gapany_illibany_covlp_exclyr,backsliding_union_Nyr,1347,100,0.03504265600594994,0.4190818536455948,1164,89,-1.132537618913551,2.289925042119648,0.62090078768092,-27.134393157357785,48.34981784690139,0.5746545010751172,17.803523333328876,Z_Y_trade_pct_gdp
3,backsliding_union_Nyr,Y_top10_share,Top-10% income share,top10,instr-antiplural_w3_trt-ertOrDdcg_gapany_illibany_covlp_exclyr,backsliding_union_Nyr,1347,100,0.03504265600594994,0.4190818536455948,1205,89,-0.5216480022207957,0.4617617144594479,0.2586064972089601,-54.84159509880869,220.77679240738055,0.8038226913709942,19.64337123341199,Z_Y_top10_share
3,backsliding_union_Nyr,Y_gini_disp,Disposable,gini,instr-antiplural_w3_trt-ertOrDdcg_gapany_illibany_covlp_exclyr,backsliding_union_Nyr,1347,100,0.03504265600594994,0.4190818536455948,1037,75,0.4097540386784634,0.21496241974345112,0.0566286822568799,53.09566593897068,142.11499900174135,0.708694067998106,23.152271672362676,Z_Y_gini_disp
3,backsliding_union_Nyr,Y_gini_mkt,Market,gini,instr-antiplural_w3_trt-ertOrDdcg_gapany_illibany_covlp_exclyr,backsliding_union_Nyr,1347,100,0.03504265600594994,0.4190818536455948,1037,75,0.18544934826137388,0.19192411631808717,0.33391213705055967,9.948624556977858,34.53598623680237,0.7732966359189415,20.052186139752177,Z_Y_gini_mkt
3,backsliding_union_Nyr,Y_debt,Debt / GDP,fiscal,instr-antiplural_w3_trt-ertOrDdcg_gapany_illibany_covlp_exclyr,backsliding_union_Nyr,1347,100,0.03504265600594994,0.4190818536455948,1257,94,-2.1499026147995295,3.376264413819116,0.5242749161180709,-42.03880958231448,96.9925705864088,0.6647075043590234,16.887249907827645,Z_Y_debt
3,backsliding_union_Nyr,Y_deficit,Deficit / GDP,fiscal,instr-antiplural_w3_trt-ertOrDdcg_gapany_illibany_covlp_exclyr,backsliding_union_Nyr,1347,100,0.03504265600594994,0.4190818536455948,1109,79,0.5491357858004673,0.6844457495105268,0.42237525070564863,7.527438053055365,46.23338266164834,0.8706649515663063,17.489477602848964,Z_Y_deficit
3,backsliding_union_Nyr,Y_checks_balances,Checks & balances,institutions,instr-antiplural_w3_trt-ertOrDdcg_gapany_illibany_covlp_exclyr,backsliding_union_Nyr,1347,100,0.03504265600594994,0.4190818536455948,1291,86,-5.65813110989853e-4,0.01365963285910538,0.9669592526839532,0.00728109003029277,0.8138527545480632,0.9928618637804032,18.78267200782961,Z_Y_checks_balances
3,backsliding_union_Nyr,Y_jucon,Judicial constraints,institutions,instr-antiplural_w3_trt-ertOrDdcg_gapany_illibany_covlp_exclyr,backsliding_union_Nyr,1347,100,0.03504265600594994,0.4190818536455948,1324,99,-0.01282393063909611,0.01589820478147545,0.4198810721523354,-0.2199388315002751,0.4693181621041624,0.6393306853799157,17.20229328448911,Z_Y_jucon
3,backsliding_union_Nyr,Y_legcon,Legislative constraints,institutions,instr-antiplural_w3_trt-ertOrDdcg_gapany_illibany_covlp_exclyr,backsliding_union_Nyr,1347,100,0.03504265600594994,0.4190818536455948,1291,86,-0.00784278112520772,0.01801209035917134,0.6632593387856804,-0.39462904771458435,1.3935370565167788,0.7770348851856504,19.47759574547159,Z_Y_legcon
3,backsliding_union_Nyr,Y_hos_power,HOS,exec_power,instr-antiplural_w3_trt-ertOrDdcg_gapany_illibany_covlp_exclyr,backsliding_union_Nyr,1347,100,0.03504265600594994,0.4190818536455948,1324,99,0.00869127932724332,0.01161868247540871,0.4544339496936949,0.03843935410772978,0.27706006616361817,0.8896554927263958,17.02415587779321,Z_Y_hos_power
3,backsliding_union_Nyr,Y_hog_power,HOG,exec_power,instr-antiplural_w3_trt-ertOrDdcg_gapany_illibany_covlp_exclyr,backsliding_union_Nyr,1347,100,0.03504265600594994,0.4190818536455948,689,61,0.01204103243123714,0.01176897269210103,0.3062526747493371,0.5629509106227236,1.6102140641216274,0.72662955374274385,16.608265762852053,Z_Y_hog_power
3,backsliding_union_Nyr,Y_hos_power_vdem,HOS (v2ex_hosw),exec_power_alt,instr-antiplural_w3_trt-ertOrDdcg_gapany_illibany_covlp_exclyr,backsliding_union_Nyr,1347,100,0.03504265600594994,0.4190818536455948,1324,99,0.0022752116050989,0.01697547504474724,0.8933793789676122,-0.00925805934293531,0.39171785755894406,0.9811441454016496,17.414145104713395,Z_Y_hos_power_vdem
3,backsliding_union_Nyr,Y_hog_power_vdem,HOG (v2ex_hogw),exec_power_alt,instr-antiplural_w3_trt-ertOrDdcg_gapany_illibany_covlp_exclyr,backsliding_union_Nyr,1347,100,0.03504265600594994,0.4190818536455948,1324,99,0.00489523771162103,0.01558073409697553,0.7533803020840596,0.1064229409175907,0.32265447713087675,0.7415241679414504,15.926954625551645,Z_Y_hog_power_vdem
3,backsliding_union_Nyr,Y_polyarchy,Electoral (polyarchy),vdem_high,instr-antiplural_w3_trt-ertOrDdcg_gapany_illibany_covlp_exclyr,backsliding_union_Nyr,1347,100,0.03504265600594994,0.4190818536455948,1324,99,-0.01581521093116547,0.01745457766541145,0.36489450493279535,-0.25536421310827867,0.5173056755589927,0.6215584806770971,16.70476780806414,Z_Y_polyarchy
3,backsliding_union_Nyr,Y_libdem,Liberal,vdem_high,instr-antiplural_w3_trt-ertOrDdcg_gapany_illibany_covlp_exclyr,backsliding_union_Nyr,1347,100,0.03504265600594994,0.4190818536455948,1324,99,-0.01337943662903589,0.01552952975355186,0.3889362493902556,-0.2235520375794859,0.4418001020299611,0.6128547652199552,16.00203147575356,Z_Y_libdem
3,backsliding_union_Nyr,Y_partipdem,Participatory,vdem_high,instr-antiplural_w3_trt-ertOrDdcg_gapany_illibany_covlp_exclyr,backsliding_union_Nyr,1347,100,0.03504265600594994,0.4190818536455948,1323,99,-0.00909092621591679,0.01199908007788831,0.4486693625042606,-0.12701491233938972,0.30036421589902335,0.6723903637054028,16.25715951531476,Z_Y_partipdem
3,backsliding_union_Nyr,Y_delibdem,Deliberative,vdem_high,instr-antiplural_w3_trt-ertOrDdcg_gapany_illibany_covlp_exclyr,backsliding_union_Nyr,1347,100,0.03504265600594994,0.4190818536455948,1324,99,-0.01176943354636072,0.01671887826007681,0.4814572369926268,-0.192682540057721,0.4803044759620207,0.6882968158492517,17.621583911701514,Z_Y_delibdem
3,backsliding_union_Nyr,Y_egaldem,Egalitarian,vdem_high,instr-antiplural_w3_trt-ertOrDdcg_gapany_illibany_covlp_exclyr,backsliding_union_Nyr,1347,100,0.03504265600594994,0.4190818536455948,1324,99,-0.01313577467084905,0.01085991088739832,0.22644562330197557,-0.1849920017210449,0.3477303021790808,0.5947270293103463,16.89042318721995,Z_Y_egaldem
3,backsliding_union_Nyr,Y_elecoff,Elected officials,vdem_electoral,instr-antiplural_w3_trt-ertOrDdcg_gapany_illibany_covlp_exclyr,backsliding_union_Nyr,1347,100,0.03504265600594994,0.4190818536455948,1324,99,-0.0031108026267535,0.02966551987616514,0.91648486072644,-0.05238289749593672,0.6553291141593475,0.9362899666017152,15.5440432731498,Z_Y_elecoff
3,backsliding_union_Nyr,Y_frefair,Clean elections,vdem_electoral,instr-antiplural_w3_trt-ertOrDdcg_gapany_illibany_covlp_exclyr,backsliding_union_Nyr,1347,100,0.03504265600594994,0.4190818536455948,1324,99,-0.03484419734062097,0.02372782391154009,0.14196973830544687,-0.6006845106656447,0.8891440931665974,0.49930981151464104,17.234218925192796,Z_Y_frefair
3,backsliding_union_Nyr,Y_frassoc,Association,vdem_electoral,instr-antiplural_w3_trt-ertOrDdcg_gapany_illibany_covlp_exclyr,backsliding_union_Nyr,1347,100,0.03504265600594994,0.4190818536455948,1324,99,-0.01771451326169145,0.01758607038793856,0.31378886617347684,-0.29527415490593356,0.5226998106474051,0.5721404408676449,16.608197947612197,Z_Y_frassoc
3,backsliding_union_Nyr,Y_suffr,Suffrage,vdem_electoral,instr-antiplural_w3_trt-ertOrDdcg_gapany_illibany_covlp_exclyr,backsliding_union_Nyr,1347,100,0.03504265600594994,0.4190818536455948,1324,99,0.0026760881364162,0.00655128047937902,0.6829189483378522,0.03775765968467345,0.11704302522237768,0.7470009133338458,14.395333164271728,Z_Y_suffr
3,backsliding_union_Nyr,Y_freexp,Expression & alt. info,vdem_electoral,instr-antiplural_w3_trt-ertOrDdcg_gapany_illibany_covlp_exclyr,backsliding_union_Nyr,1347,100,0.03504265600594994,0.4190818536455948,1324,99,-0.02057107664739969,0.01639372268761415,0.20954620259513984,-0.3505567679523917,0.5536493205630993,0.5266195352948577,15.831119672524734,Z_Y_freexp
3,backsliding_union_Nyr,Y_cl_rol,Rule of law,vdem_liberal,instr-antiplural_w3_trt-ertOrDdcg_gapany_illibany_covlp_exclyr,backsliding_union_Nyr,1347,100,0.03504265600594994,0.4190818536455948,1324,99,-0.01705286831174853,0.0137241452918196,0.21403554279093864,-0.22385359045999653,0.4155864685501934,0.5901318024737179,15.491717100487756,Z_Y_cl_rol
3,backsliding_union_Nyr,Y_cspart,Civil society,vdem_particip,instr-antiplural_w3_trt-ertOrDdcg_gapany_illibany_covlp_exclyr,backsliding_union_Nyr,1347,100,0.03504265600594994,0.4190818536455948,1324,99,-0.00258249938391388,0.01508276898304525,0.8640493390759961,-0.11069854332278362,0.3892361685192676,0.7761042980107816,19.86061207657591,Z_Y_cspart
3,backsliding_union_Nyr,Y_dd,Direct democracy,vdem_particip,instr-antiplural_w3_trt-ertOrDdcg_gapany_illibany_covlp_exclyr,backsliding_union_Nyr,1347,100,0.03504265600594994,0.4190818536455948,1324,99,0.00719688310282507,0.00977739672910871,0.46168593957716114,0.16487981194539517,0.45286159214300575,0.7157950335688323,19.672080924594713,Z_Y_dd
3,backsliding_union_Nyr,Y_locelec,Local elections,vdem_particip,instr-antiplural_w3_trt-ertOrDdcg_gapany_illibany_covlp_exclyr,backsliding_union_Nyr,1347,100,0.03504265600594994,0.4190818536455948,1308,98,-0.02054433298742496,0.01715385866291682,0.23105298065253776,-0.32562170564905335,0.5859298574175063,0.5783920538909476,18.417410054411818,Z_Y_locelec
3,backsliding_union_Nyr,Y_regelec,Regional elections,vdem_particip,instr-antiplural_w3_trt-ertOrDdcg_gapany_illibany_covlp_exclyr,backsliding_union_Nyr,1347,100,0.03504265600594994,0.4190818536455948,1323,99,-0.04045907581572233,0.02618516078444583,0.12231853147189065,-0.7188783087236573,1.088645350543105,0.5090343475261522,18.204411906949183,Z_Y_regelec
3,backsliding_union_Nyr,Y_delib,Deliberation,vdem_egal_delib,instr-antiplural_w3_trt-ertOrDdcg_gapany_illibany_covlp_exclyr,backsliding_union_Nyr,1347,100,0.03504265600594994,0.4190818536455948,1324,99,-0.02028576486188189,0.0183833112561573,0.2698152647267033,-0.2641725326126421,0.5742221667140595,0.6454783009044351,18.8271372781322,Z_Y_delib
3,backsliding_union_Nyr,Y_eqprotec,Equal protection,vdem_egal_delib,instr-antiplural_w3_trt-ertOrDdcg_gapany_illibany_covlp_exclyr,backsliding_union_Nyr,1347,100,0.03504265600594994,0.4190818536455948,1324,99,-0.00535700504552966,0.00921240099055597,0.560903966605433,-0.0110926956934595,0.18937033211063625,0.9532892419206656,16.792362033683425,Z_Y_eqprotec
3,backsliding_union_Nyr,Y_eqaccess,Equal access,vdem_egal_delib,instr-antiplural_w3_trt-ertOrDdcg_gapany_illibany_covlp_exclyr,backsliding_union_Nyr,1347,100,0.03504265600594994,0.4190818536455948,1324,99,-0.00225006973777644,0.01077186162549234,0.8345387807396005,-0.03627066639822156,0.23789652318832377,0.8788209461976181,17.160088289850044,Z_Y_eqaccess
3,backsliding_union_Nyr,Y_eqdr,Equal distribution,vdem_egal_delib,instr-antiplural_w3_trt-ertOrDdcg_gapany_illibany_covlp_exclyr,backsliding_union_Nyr,1347,100,0.03504265600594994,0.4190818536455948,1324,99,-0.0067904947222855,0.00806567464593936,0.3998437056204026,-0.12518948131541374,0.21726075418433827,0.5644680763332819,18.419094654939208,Z_Y_eqdr
3,polyarchy_decline,Y_gdp_growth,PWT,growth,instr-antiplural_w3_trt-polyarchy_gapany_illibany_covlp_exclyr,polyarchy_decline,1324,520,0.01538835568728241,0.38567552070883215,1274,496,-0.03788502016597262,0.02143109129676434,0.07710107974876555,-3.537542077048383,3.808509785430837,0.3529657716585084,15.875946368840184,Z_Y_gdp_growth
3,polyarchy_decline,Y_gdp_growth_wb,World Bank,growth,instr-antiplural_w3_trt-polyarchy_gapany_illibany_covlp_exclyr,polyarchy_decline,1324,520,0.01538835568728241,0.38567552070883215,1292,508,-0.02232296119502028,0.01795045431828264,0.21365140702595745,-0.9960003159942882,1.011011905195104,0.3245494551647092,24.057014312231953,Z_Y_gdp_growth_wb
3,polyarchy_decline,Y_gdp_growth_imf,IMF WEO,growth,instr-antiplural_w3_trt-polyarchy_gapany_illibany_covlp_exclyr,polyarchy_decline,1324,520,0.01538835568728241,0.38567552070883215,996,404,-0.0230270546182793,0.01621134324897841,0.15548295898185296,-53.684191477531094,151.7192920806156,0.7234595989563992,14.921718579574652,Z_Y_gdp_growth_imf
3,polyarchy_decline,Y_inflation,"CPI, cumulative log",inflation,instr-antiplural_w3_trt-polyarchy_gapany_illibany_covlp_exclyr,polyarchy_decline,1324,520,0.01538835568728241,0.38567552070883215,1186,467,-0.00462232485130742,0.08492087445778283,0.956591811671375,-3.293754268113537,4.490721436592618,0.4632793111360159,19.931227280883014,Z_Y_inflation
3,polyarchy_decline,Y_unemployment,Unemployment rate,unemployment,instr-antiplural_w3_trt-polyarchy_gapany_illibany_covlp_exclyr,polyarchy_decline,1324,520,0.01538835568728241,0.38567552070883215,917,421,0.2613328468354065,0.5558585643603345,0.6382530681452916,35.06052030118778,80.2564017903523,0.6622155156008322,16.400866303964868,Z_Y_unemployment
3,polyarchy_decline,Y_trade_pct_gdp,Trade / GDP,trade,instr-antiplural_w3_trt-polyarchy_gapany_illibany_covlp_exclyr,polyarchy_decline,1324,520,0.01538835568728241,0.38567552070883215,1164,463,-1.132537618913551,2.289925042119648,0.62090078768092,-6.029998347126444,87.39338578402035,0.9449909426522088,24.51742420073984,Z_Y_trade_pct_gdp
3,polyarchy_decline,Y_top10_share,Top-10% income share,top10,instr-antiplural_w3_trt-polyarchy_gapany_illibany_covlp_exclyr,polyarchy_decline,1324,520,0.01538835568728241,0.38567552070883215,1205,476,-0.5216480022207957,0.4617617144594479,0.2586064972089601,-103.76614330193478,92.14271299254844,0.2601037460594119,21.8727039760551,Z_Y_top10_share
3,polyarchy_decline,Y_gini_disp,Disposable,gini,instr-antiplural_w3_trt-polyarchy_gapany_illibany_covlp_exclyr,polyarchy_decline,1324,520,0.01538835568728241,0.38567552070883215,1037,411,0.4097540386784634,0.21496241974345112,0.0566286822568799,214.3748217434619,1626.8994546304623,0.8951670520901446,14.956680918645135,Z_Y_gini_disp
3,polyarchy_decline,Y_gini_mkt,Market,gini,instr-antiplural_w3_trt-polyarchy_gapany_illibany_covlp_exclyr,polyarchy_decline,1324,520,0.01538835568728241,0.38567552070883215,1037,411,0.18544934826137388,0.19192411631808717,0.33391213705055967,1883.139403656234,4444.535788572593,0.6717863235428057,15.927836720558169,Z_Y_gini_mkt
3,polyarchy_decline,Y_debt,Debt / GDP,fiscal,instr-antiplural_w3_trt-polyarchy_gapany_illibany_covlp_exclyr,polyarchy_decline,1324,520,0.01538835568728241,0.38567552070883215,1257,501,-2.1499026147995295,3.376264413819116,0.5242749161180709,-7.685996454879241,170.21436565999431,0.9639839180262256,23.299630655455303,Z_Y_debt
3,polyarchy_decline,Y_deficit,Deficit / GDP,fiscal,instr-antiplural_w3_trt-polyarchy_gapany_illibany_covlp_exclyr,polyarchy_decline,1324,520,0.01538835568728241,0.38567552070883215,1109,447,0.5491357858004673,0.6844457495105268,0.42237525070564863,132527.16405562172,303950.0622088741,0.6628249449757277,18.645863727128972,Z_Y_deficit
3,polyarchy_decline,Y_checks_balances,Checks & balances,institutions,instr-antiplural_w3_trt-polyarchy_gapany_illibany_covlp_exclyr,polyarchy_decline,1324,520,0.01538835568728241,0.38567552070883215,1291,508,-5.65813110989853e-4,0.01365963285910538,0.9669592526839532,-4.894561491810039,77.9715772928213,0.9499467386296296,22.42123472500971,Z_Y_checks_balances
3,polyarchy_decline,Y_jucon,Judicial constraints,institutions,instr-antiplural_w3_trt-polyarchy_gapany_illibany_covlp_exclyr,polyarchy_decline,1324,520,0.01538835568728241,0.38567552070883215,1324,520,-0.01282393063909611,0.01589820478147545,0.4198810721523354,-0.6154632265064512,0.5601981645820429,0.2719195810469965,23.689999129843915,Z_Y_jucon
3,polyarchy_decline,Y_legcon,Legislative constraints,institutions,instr-antiplural_w3_trt-polyarchy_gapany_illibany_covlp_exclyr,polyarchy_decline,1324,520,0.01538835568728241,0.38567552070883215,1291,508,-0.00784278112520772,0.01801209035917134,0.6632593387856804,2.0712200669405414,21.507189164512077,0.9232794400088616,19.148357879825618,Z_Y_legcon
3,polyarchy_decline,Y_hos_power,HOS,exec_power,instr-antiplural_w3_trt-polyarchy_gapany_illibany_covlp_exclyr,polyarchy_decline,1324,520,0.01538835568728241,0.38567552070883215,1324,520,0.00869127932724332,0.01161868247540871,0.4544339496936949,0.4349756333411494,0.5217072704632408,0.4044195030615483,23.26004512385755,Z_Y_hos_power
3,polyarchy_decline,Y_hog_power,HOG,exec_power,instr-antiplural_w3_trt-polyarchy_gapany_illibany_covlp_exclyr,polyarchy_decline,1324,520,0.01538835568728241,0.38567552070883215,689,276,0.01204103243123714,0.01176897269210103,0.3062526747493371,1.8737525388477112,3.036521657172308,0.537187226080995,18.554697677573092,Z_Y_hog_power
3,polyarchy_decline,Y_hos_power_vdem,HOS (v2ex_hosw),exec_power_alt,instr-antiplural_w3_trt-polyarchy_gapany_illibany_covlp_exclyr,polyarchy_decline,1324,520,0.01538835568728241,0.38567552070883215,1324,520,0.0022752116050989,0.01697547504474724,0.8933793789676122,0.552972205365669,0.8616642427708199,0.521036138754773,21.66384862570255,Z_Y_hos_power_vdem
3,polyarchy_decline,Y_hog_power_vdem,HOG (v2ex_hogw),exec_power_alt,instr-antiplural_w3_trt-polyarchy_gapany_illibany_covlp_exclyr,polyarchy_decline,1324,520,0.01538835568728241,0.38567552070883215,1324,520,0.00489523771162103,0.01558073409697553,0.7533803020840596,-0.3065875967311202,0.7564012986772025,0.6852393704633892,21.674054074857033,Z_Y_hog_power_vdem
3,polyarchy_decline,Y_polyarchy,Electoral (polyarchy),vdem_high,instr-antiplural_w3_trt-polyarchy_gapany_illibany_covlp_exclyr,polyarchy_decline,1324,520,0.01538835568728241,0.38567552070883215,1324,520,-0.01581521093116547,0.01745457766541145,0.36489450493279535,-1,4.881580832140399e-17,0,18.237977822128094,Z_Y_polyarchy
3,polyarchy_decline,Y_libdem,Liberal,vdem_high,instr-antiplural_w3_trt-polyarchy_gapany_illibany_covlp_exclyr,polyarchy_decline,1324,520,0.01538835568728241,0.38567552070883215,1324,520,-0.01337943662903589,0.01552952975355186,0.3889362493902556,-0.8462697879558061,0.18533310355184152,4.966223282920435e-6,23.951401434713834,Z_Y_libdem
3,polyarchy_decline,Y_partipdem,Participatory,vdem_high,instr-antiplural_w3_trt-polyarchy_gapany_illibany_covlp_exclyr,polyarchy_decline,1324,520,0.01538835568728241,0.38567552070883215,1323,520,-0.00909092621591679,0.01199908007788831,0.4486693625042606,-0.5127828947525698,0.24688894997621005,0.0378035982967897,17.825932894313343,Z_Y_partipdem
3,polyarchy_decline,Y_delibdem,Deliberative,vdem_high,instr-antiplural_w3_trt-polyarchy_gapany_illibany_covlp_exclyr,polyarchy_decline,1324,520,0.01538835568728241,0.38567552070883215,1324,520,-0.01176943354636072,0.01671887826007681,0.4814572369926268,-0.7719327629772796,0.3943713396835294,0.05030334728770588,20.269583768865367,Z_Y_delibdem
3,polyarchy_decline,Y_egaldem,Egalitarian,vdem_high,instr-antiplural_w3_trt-polyarchy_gapany_illibany_covlp_exclyr,polyarchy_decline,1324,520,0.01538835568728241,0.38567552070883215,1324,520,-0.01313577467084905,0.01085991088739832,0.22644562330197557,-0.60503533638381235,0.19598205077111255,0.00202053167195624,18.518869744606572,Z_Y_egaldem
3,polyarchy_decline,Y_elecoff,Elected officials,vdem_electoral,instr-antiplural_w3_trt-polyarchy_gapany_illibany_covlp_exclyr,polyarchy_decline,1324,520,0.01538835568728241,0.38567552070883215,1324,520,-0.0031108026267535,0.02966551987616514,0.91648486072644,-1.6416328420980468,0.9209803187025712,0.07467030986629071,23.67321652769496,Z_Y_elecoff
3,polyarchy_decline,Y_frefair,Clean elections,vdem_electoral,instr-antiplural_w3_trt-polyarchy_gapany_illibany_covlp_exclyr,polyarchy_decline,1324,520,0.01538835568728241,0.38567552070883215,1324,520,-0.03484419734062097,0.02372782391154009,0.14196973830544687,-1.8678644211974629,0.5637939496632248,9.229216137690312e-4,16.344693816752994,Z_Y_frefair
3,polyarchy_decline,Y_frassoc,Association,vdem_electoral,instr-antiplural_w3_trt-polyarchy_gapany_illibany_covlp_exclyr,polyarchy_decline,1324,520,0.01538835568728241,0.38567552070883215,1324,520,-0.01771451326169145,0.01758607038793856,0.31378886617347684,-1.3158271701741302,0.6608983616911587,0.04648445850295901,20.263208778690373,Z_Y_frassoc
3,polyarchy_decline,Y_suffr,Suffrage,vdem_electoral,instr-antiplural_w3_trt-polyarchy_gapany_illibany_covlp_exclyr,polyarchy_decline,1324,520,0.01538835568728241,0.38567552070883215,1324,520,0.0026760881364162,0.00655128047937902,0.6829189483378522,0.0294845921409642,0.2209538826475643,0.8938436016658178,25.254152515162932,Z_Y_suffr
3,polyarchy_decline,Y_freexp,Expression & alt. info,vdem_electoral,instr-antiplural_w3_trt-polyarchy_gapany_illibany_covlp_exclyr,polyarchy_decline,1324,520,0.01538835568728241,0.38567552070883215,1324,520,-0.02057107664739969,0.01639372268761415,0.20954620259513984,-1.3882798357018715,0.8532268644893999,0.10371725365612408,20.215004792097343,Z_Y_freexp
3,polyarchy_decline,Y_cl_rol,Rule of law,vdem_liberal,instr-antiplural_w3_trt-polyarchy_gapany_illibany_covlp_exclyr,polyarchy_decline,1324,520,0.01538835568728241,0.38567552070883215,1324,520,-0.01705286831174853,0.0137241452918196,0.21403554279093864,-1.3955457674774605,0.8843102876896229,0.11453855959361692,21.90687809612147,Z_Y_cl_rol
3,polyarchy_decline,Y_cspart,Civil society,vdem_particip,instr-antiplural_w3_trt-polyarchy_gapany_illibany_covlp_exclyr,polyarchy_decline,1324,520,0.01538835568728241,0.38567552070883215,1324,520,-0.00258249938391388,0.01508276898304525,0.8640493390759961,-0.28322505974863554,0.7534017398894365,0.7069701766065253,20.506520496390376,Z_Y_cspart
3,polyarchy_decline,Y_dd,Direct democracy,vdem_particip,instr-antiplural_w3_trt-polyarchy_gapany_illibany_covlp_exclyr,polyarchy_decline,1324,520,0.01538835568728241,0.38567552070883215,1324,520,0.00719688310282507,0.00977739672910871,0.46168593957716114,0.3696376423076917,0.6336904296261113,0.5596849741076534,22.575948178019047,Z_Y_dd
3,polyarchy_decline,Y_locelec,Local elections,vdem_particip,instr-antiplural_w3_trt-polyarchy_gapany_illibany_covlp_exclyr,polyarchy_decline,1324,520,0.01538835568728241,0.38567552070883215,1308,513,-0.02054433298742496,0.01715385866291682,0.23105298065253776,-1.000277453419119,0.7844475700069439,0.2022610564806644,21.84054851948357,Z_Y_locelec
3,polyarchy_decline,Y_regelec,Regional elections,vdem_particip,instr-antiplural_w3_trt-polyarchy_gapany_illibany_covlp_exclyr,polyarchy_decline,1324,520,0.01538835568728241,0.38567552070883215,1323,520,-0.04045907581572233,0.02618516078444583,0.12231853147189065,-2.407706050040596,1.7625227366229328,0.1719211574152476,18.961244449479494,Z_Y_regelec
3,polyarchy_decline,Y_delib,Deliberation,vdem_egal_delib,instr-antiplural_w3_trt-polyarchy_gapany_illibany_covlp_exclyr,polyarchy_decline,1324,520,0.01538835568728241,0.38567552070883215,1324,520,-0.02028576486188189,0.0183833112561573,0.2698152647267033,-1.021701419312514,0.6700951438839984,0.12733120343481552,22.5575440147471,Z_Y_delib
3,polyarchy_decline,Y_eqprotec,Equal protection,vdem_egal_delib,instr-antiplural_w3_trt-polyarchy_gapany_illibany_covlp_exclyr,polyarchy_decline,1324,520,0.01538835568728241,0.38567552070883215,1324,520,-0.00535700504552966,0.00921240099055597,0.560903966605433,-0.1682746963140355,0.44079109730236654,0.7026422737620335,21.573907748591942,Z_Y_eqprotec
3,polyarchy_decline,Y_eqaccess,Equal access,vdem_egal_delib,instr-antiplural_w3_trt-polyarchy_gapany_illibany_covlp_exclyr,polyarchy_decline,1324,520,0.01538835568728241,0.38567552070883215,1324,520,-0.00225006973777644,0.01077186162549234,0.8345387807396005,-0.20968125545021016,0.6165079563359415,0.7337727942285619,18.906997550317225,Z_Y_eqaccess
3,polyarchy_decline,Y_eqdr,Equal distribution,vdem_egal_delib,instr-antiplural_w3_trt-polyarchy_gapany_illibany_covlp_exclyr,polyarchy_decline,1324,520,0.01538835568728241,0.38567552070883215,1324,520,-0.0067904947222855,0.00806567464593936,0.3998437056204026,-0.46304733039579016,0.5318987532293956,0.3839969591487016,18.7332955206734,Z_Y_eqdr
4,backsliding_Nyr,Y_gdp_growth,PWT,growth,instr-antiplural_w4_trt-ert_gapany_illibany_covlp_exclyr,backsliding_Nyr,1347,109,-0.03606530447630701,0.5047740757469432,1243,101,-0.03968145122576262,0.02181427207015498,0.06890240629869455,0.7502828067002549,1.5145473467215853,0.620328954393518,21.62687731729452,Z_Y_gdp_growth
4,backsliding_Nyr,Y_gdp_growth_wb,World Bank,growth,instr-antiplural_w4_trt-ert_gapany_illibany_covlp_exclyr,backsliding_Nyr,1347,109,-0.03606530447630701,0.5047740757469432,1269,107,-0.0391517782511273,0.0219256845620233,0.07415461858169112,0.6917847086163448,0.9248696689775888,0.4544717688224661,19.736000131549677,Z_Y_gdp_growth_wb
4,backsliding_Nyr,Y_gdp_growth_imf,IMF WEO,growth,instr-antiplural_w4_trt-ert_gapany_illibany_covlp_exclyr,backsliding_Nyr,1347,109,-0.03606530447630701,0.5047740757469432,976,89,-0.03537043431829571,0.01956389761525116,0.07061519280904935,0.7329889146388923,1.1868752037635322,0.5368530503034404,22.574370360892235,Z_Y_gdp_growth_imf
4,backsliding_Nyr,Y_inflation,"CPI, cumulative log",inflation,instr-antiplural_w4_trt-ert_gapany_illibany_covlp_exclyr,backsliding_Nyr,1347,109,-0.03606530447630701,0.5047740757469432,1162,98,0.00409919932204634,0.093932014863767,0.9651913141067372,-0.8694844211994971,2.3496530901027306,0.711346727817747,17.200833778534697,Z_Y_inflation
4,backsliding_Nyr,Y_unemployment,Unemployment rate,unemployment,instr-antiplural_w4_trt-ert_gapany_illibany_covlp_exclyr,backsliding_Nyr,1347,109,-0.03606530447630701,0.5047740757469432,905,92,-0.0838229472850891,0.5634626370674959,0.8817398701611757,-0.26416604747744055,10.181488445075347,0.9793006330910884,17.228795771730688,Z_Y_unemployment
4,backsliding_Nyr,Y_trade_pct_gdp,Trade / GDP,trade,instr-antiplural_w4_trt-ert_gapany_illibany_covlp_exclyr,backsliding_Nyr,1347,109,-0.03606530447630701,0.5047740757469432,1140,99,-2.4114251729605956,2.4112502615322886,0.3172754041570534,43.42244822685824,57.63346119428733,0.45119500512486377,15.469921206086047,Z_Y_trade_pct_gdp
4,backsliding_Nyr,Y_top10_share,Top-10% income share,top10,instr-antiplural_w4_trt-ert_gapany_illibany_covlp_exclyr,backsliding_Nyr,1347,109,-0.03606530447630701,0.5047740757469432,1184,98,-0.6991000619553311,0.49554498061486696,0.15831240155370663,13.54151430327534,22.03121489885379,0.5387850451471661,18.54593661570644,Z_Y_top10_share
4,backsliding_Nyr,Y_gini_disp,Disposable,gini,instr-antiplural_w4_trt-ert_gapany_illibany_covlp_exclyr,backsliding_Nyr,1347,109,-0.03606530447630701,0.5047740757469432,1010,85,0.6678423962388148,0.2563317181798506,0.00917715111198989,-7.161571123977286,5.930501375403071,0.22720780002765556,16.659945548104563,Z_Y_gini_disp
4,backsliding_Nyr,Y_gini_mkt,Market,gini,instr-antiplural_w4_trt-ert_gapany_illibany_covlp_exclyr,backsliding_Nyr,1347,109,-0.03606530447630701,0.5047740757469432,1010,85,0.3252613218188346,0.2538555449354021,0.20009355203831375,-3.395995021127139,4.615392742425977,0.4618538664348256,17.959531265444944,Z_Y_gini_mkt
4,backsliding_Nyr,Y_debt,Debt / GDP,fiscal,instr-antiplural_w4_trt-ert_gapany_illibany_covlp_exclyr,backsliding_Nyr,1347,109,-0.03606530447630701,0.5047740757469432,1232,104,2.531416161203962,4.149916863651768,0.5418670952476226,-63.91960793283336,131.75296267393006,0.6275717873184083,17.710111235002667,Z_Y_debt
4,backsliding_Nyr,Y_deficit,Deficit / GDP,fiscal,instr-antiplural_w4_trt-ert_gapany_illibany_covlp_exclyr,backsliding_Nyr,1347,109,-0.03606530447630701,0.5047740757469432,1086,94,0.17291265453646115,0.7258006497463761,0.8116971902885425,-1.9342371144636288,19.03408969901876,0.9190585992125638,16.70524179777202,Z_Y_deficit
4,backsliding_Nyr,Y_checks_balances,Checks & balances,institutions,instr-antiplural_w4_trt-ert_gapany_illibany_covlp_exclyr,backsliding_Nyr,1347,109,-0.03606530447630701,0.5047740757469432,1283,103,0.01016703780724115,0.0137912413841803,0.460994796574601,-0.18109003076515257,0.3053941256845183,0.5532001863202777,18.792489582672367,Z_Y_checks_balances
4,backsliding_Nyr,Y_jucon,Judicial constraints,institutions,instr-antiplural_w4_trt-ert_gapany_illibany_covlp_exclyr,backsliding_Nyr,1347,109,-0.03606530447630701,0.5047740757469432,1312,107,-0.00107415852918517,0.0155276580518604,0.9448486419949798,0.02170655013339925,0.38428937733592905,0.9549555179818686,21.443692207231912,Z_Y_jucon
4,backsliding_Nyr,Y_legcon,Legislative constraints,institutions,instr-antiplural_w4_trt-ert_gapany_illibany_covlp_exclyr,backsliding_Nyr,1347,109,-0.03606530447630701,0.5047740757469432,1283,103,0.00199700116162792,0.01730938453994613,0.908151056866199,-0.02189922840944968,0.361888227605728,0.9517464327045518,19.111572875309264,Z_Y_legcon
4,backsliding_Nyr,Y_hos_power,HOS,exec_power,instr-antiplural_w4_trt-ert_gapany_illibany_covlp_exclyr,backsliding_Nyr,1347,109,-0.03606530447630701,0.5047740757469432,1312,107,0.01049720497604807,0.01303155248524184,0.42051839425417303,-0.10585458148859224,0.35338586685491336,0.7645250798108436,16.648695879834698,Z_Y_hos_power
4,backsliding_Nyr,Y_hog_power,HOG,exec_power,instr-antiplural_w4_trt-ert_gapany_illibany_covlp_exclyr,backsliding_Nyr,1347,109,-0.03606530447630701,0.5047740757469432,672,67,0.00479463482240611,0.01147430368202028,0.6760506083151133,-0.8826432524100164,4.547340351696988,0.8460968084799909,16.99631984735957,Z_Y_hog_power
4,backsliding_Nyr,Y_hos_power_vdem,HOS (v2ex_hosw),exec_power_alt,instr-antiplural_w4_trt-ert_gapany_illibany_covlp_exclyr,backsliding_Nyr,1347,109,-0.03606530447630701,0.5047740757469432,1312,107,0.01439108422733788,0.02096877056441675,0.49251742480451144,-0.26918469549691243,0.5726275718142632,0.6382929637527257,16.99696338274902,Z_Y_hos_power_vdem
4,backsliding_Nyr,Y_hog_power_vdem,HOG (v2ex_hogw),exec_power_alt,instr-antiplural_w4_trt-ert_gapany_illibany_covlp_exclyr,backsliding_Nyr,1347,109,-0.03606530447630701,0.5047740757469432,1312,107,-0.00665548793225099,0.01993222387948914,0.7384505380268225,0.1322822881283111,0.48272597779230575,0.7840601527353295,16.251882479922255,Z_Y_hog_power_vdem
4,backsliding_Nyr,Y_polyarchy,Electoral (polyarchy),vdem_high,instr-antiplural_w4_trt-ert_gapany_illibany_covlp_exclyr,backsliding_Nyr,1347,109,-0.03606530447630701,0.5047740757469432,1312,107,-0.01394442041596853,0.01723661740438032,0.4185152485276196,0.22744823015606863,0.5384489741071591,0.672723070701998,18.15160453182897,Z_Y_polyarchy
4,backsliding_Nyr,Y_libdem,Liberal,vdem_high,instr-antiplural_w4_trt-ert_gapany_illibany_covlp_exclyr,backsliding_Nyr,1347,109,-0.03606530447630701,0.5047740757469432,1312,107,-0.00496637064657871,0.01548163731741184,0.7483687444757273,0.07595003422114655,0.38156040348870646,0.8422227390678007,17.442418213052047,Z_Y_libdem
4,backsliding_Nyr,Y_partipdem,Participatory,vdem_high,instr-antiplural_w4_trt-ert_gapany_illibany_covlp_exclyr,backsliding_Nyr,1347,109,-0.03606530447630701,0.5047740757469432,1311,107,-0.00914586662578299,0.01224879204498052,0.45525977260128225,0.17558642538236302,0.41289354135627754,0.6706483534395389,22.503563560861547,Z_Y_partipdem
4,backsliding_Nyr,Y_delibdem,Deliberative,vdem_high,instr-antiplural_w4_trt-ert_gapany_illibany_covlp_exclyr,backsliding_Nyr,1347,109,-0.03606530447630701,0.5047740757469432,1312,107,-0.00326941371528721,0.0166696352518391,0.8445085023430591,0.01177829802274271,0.3868958446692044,0.9757136943400893,18.565623552134827,Z_Y_delibdem
4,backsliding_Nyr,Y_egaldem,Egalitarian,vdem_high,instr-antiplural_w4_trt-ert_gapany_illibany_covlp_exclyr,backsliding_Nyr,1347,109,-0.03606530447630701,0.5047740757469432,1312,107,-0.01271632211471623,0.01019045939992333,0.2120803383701026,0.16939568320756587,0.38815655379831177,0.6625387586440497,17.973723990054562,Z_Y_egaldem
4,backsliding_Nyr,Y_elecoff,Elected officials,vdem_electoral,instr-antiplural_w4_trt-ert_gapany_illibany_covlp_exclyr,backsliding_Nyr,1347,109,-0.03606530447630701,0.5047740757469432,1312,107,-0.01748159515808338,0.02680943332043928,0.5143567867528316,0.282742842566655,0.8385365215025626,0.7359766301054975,21.95351605992492,Z_Y_elecoff
4,backsliding_Nyr,Y_frefair,Clean elections,vdem_electoral,instr-antiplural_w4_trt-ert_gapany_illibany_covlp_exclyr,backsliding_Nyr,1347,109,-0.03606530447630701,0.5047740757469432,1312,107,-0.03839393980105961,0.02352863245730917,0.10272236551647965,0.6695114606059234,1.124823519504181,0.5516999850699349,20.193174901260647,Z_Y_frefair
4,backsliding_Nyr,Y_frassoc,Association,vdem_electoral,instr-antiplural_w4_trt-ert_gapany_illibany_covlp_exclyr,backsliding_Nyr,1347,109,-0.03606530447630701,0.5047740757469432,1312,107,-0.01689654410089059,0.01809123135689903,0.35032288256288563,0.30050431843301545,0.541991468133966,0.5792745145774367,20.038041246957633,Z_Y_frassoc
4,backsliding_Nyr,Y_suffr,Suffrage,vdem_electoral,instr-antiplural_w4_trt-ert_gapany_illibany_covlp_exclyr,backsliding_Nyr,1347,109,-0.03606530447630701,0.5047740757469432,1312,107,0.00203896653298385,0.00654733670721593,0.7554819394620015,-0.03340789784224421,0.11859039609489792,0.7781671963825096,17.841000708634663,Z_Y_suffr
4,backsliding_Nyr,Y_freexp,Expression & alt. info,vdem_electoral,instr-antiplural_w4_trt-ert_gapany_illibany_covlp_exclyr,backsliding_Nyr,1347,109,-0.03606530447630701,0.5047740757469432,1312,107,-0.01034258378796915,0.01682101916235399,0.5386467118940477,0.21434046667901577,0.4458293872412534,0.6306814534278684,23.163449002786297,Z_Y_freexp
4,backsliding_Nyr,Y_cl_rol,Rule of law,vdem_liberal,instr-antiplural_w4_trt-ert_gapany_illibany_covlp_exclyr,backsliding_Nyr,1347,109,-0.03606530447630701,0.5047740757469432,1312,107,-0.01349611298510273,0.01379916359887204,0.3280552929859874,0.18699854533322963,0.4121207819815671,0.6500109747621323,18.27532047474681,Z_Y_cl_rol
4,backsliding_Nyr,Y_cspart,Civil society,vdem_particip,instr-antiplural_w4_trt-ert_gapany_illibany_covlp_exclyr,backsliding_Nyr,1347,109,-0.03606530447630701,0.5047740757469432,1312,107,-0.01043068535461017,0.01552811648513552,0.5017562688361819,0.1883134269708393,0.38780477314571726,0.6272591548292128,20.673833498455572,Z_Y_cspart
4,backsliding_Nyr,Y_dd,Direct democracy,vdem_particip,instr-antiplural_w4_trt-ert_gapany_illibany_covlp_exclyr,backsliding_Nyr,1347,109,-0.03606530447630701,0.5047740757469432,1312,107,0.0036890044162104,0.0115799627369179,0.7500541978780313,-0.02334583021563275,0.2686599971282408,0.9307531402260608,23.49938768533734,Z_Y_dd
4,backsliding_Nyr,Y_locelec,Local elections,vdem_particip,instr-antiplural_w4_trt-ert_gapany_illibany_covlp_exclyr,backsliding_Nyr,1347,109,-0.03606530447630701,0.5047740757469432,1297,105,-0.01925967311361904,0.01807625448296699,0.28666413894187015,0.2704453573770268,0.5646500977831775,0.6319663965645808,18.9233767822411,Z_Y_locelec
4,backsliding_Nyr,Y_regelec,Regional elections,vdem_particip,instr-antiplural_w4_trt-ert_gapany_illibany_covlp_exclyr,backsliding_Nyr,1347,109,-0.03606530447630701,0.5047740757469432,1311,107,-0.05626535812087826,0.02734731970778578,0.0396443120934186,1.026661254705291,1.245213713376332,0.4096634760374098,18.246509503408028,Z_Y_regelec
4,backsliding_Nyr,Y_delib,Deliberation,vdem_egal_delib,instr-antiplural_w4_trt-ert_gapany_illibany_covlp_exclyr,backsliding_Nyr,1347,109,-0.03606530447630701,0.5047740757469432,1312,107,-0.00786053848392116,0.01867095859566851,0.6737525430426805,0.10404659206772762,0.45666514293713506,0.8197706188473883,22.128846001981376,Z_Y_delib
4,backsliding_Nyr,Y_eqprotec,Equal protection,vdem_egal_delib,instr-antiplural_w4_trt-ert_gapany_illibany_covlp_exclyr,backsliding_Nyr,1347,109,-0.03606530447630701,0.5047740757469432,1312,107,-0.00630095100743907,0.00983356076213466,0.5216787165574587,0.06515309721009384,0.20208543964080783,0.7471468674905297,17.167536463935484,Z_Y_eqprotec
4,backsliding_Nyr,Y_eqaccess,Equal access,vdem_egal_delib,instr-antiplural_w4_trt-ert_gapany_illibany_covlp_exclyr,backsliding_Nyr,1347,109,-0.03606530447630701,0.5047740757469432,1312,107,-0.00445494680315997,0.01069878251545792,0.6771191225961561,0.09043048783435044,0.27305585623939305,0.740508942978113,19.36827122640963,Z_Y_eqaccess
4,backsliding_Nyr,Y_eqdr,Equal distribution,vdem_egal_delib,instr-antiplural_w4_trt-ert_gapany_illibany_covlp_exclyr,backsliding_Nyr,1347,109,-0.03606530447630701,0.5047740757469432,1312,107,-0.00382475428566817,0.0081618445276287,0.639345596984628,0.06967666963116129,0.19145021941973855,0.7159017346507086,18.462719068476368,Z_Y_eqdr
4,backsliding_union_Nyr,Y_gdp_growth,PWT,growth,instr-antiplural_w4_trt-ertOrDdcg_gapany_illibany_covlp_exclyr,backsliding_union_Nyr,1347,129,-0.00333681829561044,0.953485761012225,1243,121,-0.03968145122576262,0.02181427207015498,0.06890240629869455,0.6403940849142349,14.834788077455787,0.9655672937079988,23.131892466023498,Z_Y_gdp_growth
4,backsliding_union_Nyr,Y_gdp_growth_wb,World Bank,growth,instr-antiplural_w4_trt-ertOrDdcg_gapany_illibany_covlp_exclyr,backsliding_union_Nyr,1347,129,-0.00333681829561044,0.953485761012225,1269,127,-0.0391517782511273,0.0219256845620233,0.07415461858169112,0.6628869524279786,3.129431240813266,0.8322447655752736,26.842083686299414,Z_Y_gdp_growth_wb
4,backsliding_union_Nyr,Y_gdp_growth_imf,IMF WEO,growth,instr-antiplural_w4_trt-ertOrDdcg_gapany_illibany_covlp_exclyr,backsliding_union_Nyr,1347,129,-0.00333681829561044,0.953485761012225,976,104,-0.03537043431829571,0.01956389761525116,0.07061519280904935,0.8803782845181031,1.6370804449110503,0.5907335118683001,16.506240974330186,Z_Y_gdp_growth_imf
4,backsliding_union_Nyr,Y_inflation,"CPI, cumulative log",inflation,instr-antiplural_w4_trt-ertOrDdcg_gapany_illibany_covlp_exclyr,backsliding_union_Nyr,1347,129,-0.00333681829561044,0.953485761012225,1162,113,0.00409919932204634,0.093932014863767,0.9651913141067372,-2.7239999803924704,18.038642782390895,0.8799685038483109,17.800903853266025,Z_Y_inflation
4,backsliding_union_Nyr,Y_unemployment,Unemployment rate,unemployment,instr-antiplural_w4_trt-ertOrDdcg_gapany_illibany_covlp_exclyr,backsliding_union_Nyr,1347,129,-0.00333681829561044,0.953485761012225,905,107,-0.0838229472850891,0.5634626370674959,0.8817398701611757,-0.5865487908908107,13.380218081690746,0.9650343235072484,17.233072076963943,Z_Y_unemployment
4,backsliding_union_Nyr,Y_trade_pct_gdp,Trade / GDP,trade,instr-antiplural_w4_trt-ertOrDdcg_gapany_illibany_covlp_exclyr,backsliding_union_Nyr,1347,129,-0.00333681829561044,0.953485761012225,1140,116,-2.4114251729605956,2.4112502615322886,0.3172754041570534,336.1624471144977,1305.281187637044,0.7967617456576421,15.164094393701172,Z_Y_trade_pct_gdp
4,backsliding_union_Nyr,Y_top10_share,Top-10% income share,top10,instr-antiplural_w4_trt-ertOrDdcg_gapany_illibany_covlp_exclyr,backsliding_union_Nyr,1347,129,-0.00333681829561044,0.953485761012225,1184,116,-0.6991000619553311,0.49554498061486696,0.15831240155370663,13.706506435863728,27.042013811020695,0.6122532788682424,20.387879587961425,Z_Y_top10_share
4,backsliding_union_Nyr,Y_gini_disp,Disposable,gini,instr-antiplural_w4_trt-ertOrDdcg_gapany_illibany_covlp_exclyr,backsliding_union_Nyr,1347,129,-0.00333681829561044,0.953485761012225,1010,97,0.6678423962388148,0.2563317181798506,0.00917715111198989,-8.291629935649786,9.051549014811972,0.3596430776629316,18.405486671878847,Z_Y_gini_disp
4,backsliding_union_Nyr,Y_gini_mkt,Market,gini,instr-antiplural_w4_trt-ertOrDdcg_gapany_illibany_covlp_exclyr,backsliding_union_Nyr,1347,129,-0.00333681829561044,0.953485761012225,1010,97,0.3252613218188346,0.2538555449354021,0.20009355203831375,-4.0865801778176705,6.595875472707323,0.5355435575824645,18.643377660050533,Z_Y_gini_mkt
4,backsliding_union_Nyr,Y_debt,Debt / GDP,fiscal,instr-antiplural_w4_trt-ertOrDdcg_gapany_illibany_covlp_exclyr,backsliding_union_Nyr,1347,129,-0.00333681829561044,0.953485761012225,1232,122,2.531416161203962,4.149916863651768,0.5418670952476226,-360.2510923855017,3426.5008197740453,0.9162673142767233,18.96417194942682,Z_Y_debt
4,backsliding_union_Nyr,Y_deficit,Deficit / GDP,fiscal,instr-antiplural_w4_trt-ertOrDdcg_gapany_illibany_covlp_exclyr,backsliding_union_Nyr,1347,129,-0.00333681829561044,0.953485761012225,1086,105,0.17291265453646115,0.7258006497463761,0.8116971902885425,-7.188310978565337,39.16063271940274,0.8543589409836352,18.077007415339157,Z_Y_deficit
4,backsliding_union_Nyr,Y_checks_balances,Checks & balances,institutions,instr-antiplural_w4_trt-ertOrDdcg_gapany_illibany_covlp_exclyr,backsliding_union_Nyr,1347,129,-0.00333681829561044,0.953485761012225,1283,117,0.01016703780724115,0.0137912413841803,0.460994796574601,-0.23855141972276436,0.4543127173967554,0.5995262046566228,18.597022015694417,Z_Y_checks_balances
4,backsliding_union_Nyr,Y_jucon,Judicial constraints,institutions,instr-antiplural_w4_trt-ertOrDdcg_gapany_illibany_covlp_exclyr,backsliding_union_Nyr,1347,129,-0.00333681829561044,0.953485761012225,1312,127,-0.00107415852918517,0.0155276580518604,0.9448486419949798,-0.01377322248405024,1.0977825612394796,0.9899896813310252,22.207052725149193,Z_Y_jucon
4,backsliding_union_Nyr,Y_legcon,Legislative constraints,institutions,instr-antiplural_w4_trt-ertOrDdcg_gapany_illibany_covlp_exclyr,backsliding_union_Nyr,1347,129,-0.00333681829561044,0.953485761012225,1283,117,0.00199700116162792,0.01730938453994613,0.908151056866199,-0.02555973525098163,0.4758587388370138,0.957163934397712,19.472557528491905,Z_Y_legcon
4,backsliding_union_Nyr,Y_hos_power,HOS,exec_power,instr-antiplural_w4_trt-ertOrDdcg_gapany_illibany_covlp_exclyr,backsliding_union_Nyr,1347,129,-0.00333681829561044,0.953485761012225,1312,127,0.01049720497604807,0.01303155248524184,0.42051839425417303,-0.3463373692584962,1.769733572005764,0.844844759184247,22.870713899393856,Z_Y_hos_power
4,backsliding_union_Nyr,Y_hog_power,HOG,exec_power,instr-antiplural_w4_trt-ertOrDdcg_gapany_illibany_covlp_exclyr,backsliding_union_Nyr,1347,129,-0.00333681829561044,0.953485761012225,672,79,0.00479463482240611,0.01147430368202028,0.6760506083151133,-0.2890808446633165,9.01769157839855,0.9744265323883834,25.751720065277027,Z_Y_hog_power
4,backsliding_union_Nyr,Y_hos_power_vdem,HOS (v2ex_hosw),exec_power_alt,instr-antiplural_w4_trt-ertOrDdcg_gapany_illibany_covlp_exclyr,backsliding_union_Nyr,1347,129,-0.00333681829561044,0.953485761012225,1312,127,0.01439108422733788,0.02096877056441675,0.49251742480451144,-0.7527950663931768,2.48724180744198,0.7621470043577873,23.173836844677705,Z_Y_hos_power_vdem
4,backsliding_union_Nyr,Y_hog_power_vdem,HOG (v2ex_hogw),exec_power_alt,instr-antiplural_w4_trt-ertOrDdcg_gapany_illibany_covlp_exclyr,backsliding_union_Nyr,1347,129,-0.00333681829561044,0.953485761012225,1312,127,-0.00665548793225099,0.01993222387948914,0.7384505380268225,0.6351201538491902,2.4246598968663884,0.793366193064915,22.969279869453672,Z_Y_hog_power_vdem
4,backsliding_union_Nyr,Y_polyarchy,Electoral (polyarchy),vdem_high,instr-antiplural_w4_trt-ertOrDdcg_gapany_illibany_covlp_exclyr,backsliding_union_Nyr,1347,129,-0.00333681829561044,0.953485761012225,1312,127,-0.01394442041596853,0.01723661740438032,0.4185152485276196,0.47098465887854635,2.3349498384127063,0.8401427992108367,24.237629485809663,Z_Y_polyarchy
4,backsliding_union_Nyr,Y_libdem,Liberal,vdem_high,instr-antiplural_w4_trt-ertOrDdcg_gapany_illibany_covlp_exclyr,backsliding_union_Nyr,1347,129,-0.00333681829561044,0.953485761012225,1312,127,-0.00496637064657871,0.01548163731741184,0.7483687444757273,0.22058016464327615,1.4976274169850412,0.8829059593332913,23.45036171898794,Z_Y_libdem
4,backsliding_union_Nyr,Y_partipdem,Participatory,vdem_high,instr-antiplural_w4_trt-ertOrDdcg_gapany_illibany_covlp_exclyr,backsliding_union_Nyr,1347,129,-0.00333681829561044,0.953485761012225,1311,127,-0.00914586662578299,0.01224879204498052,0.45525977260128225,0.2851240464481658,1.544065459270324,0.8534972872117341,26.86605917655344,Z_Y_partipdem
4,backsliding_union_Nyr,Y_delibdem,Deliberative,vdem_high,instr-antiplural_w4_trt-ertOrDdcg_gapany_illibany_covlp_exclyr,backsliding_union_Nyr,1347,129,-0.00333681829561044,0.953485761012225,1312,127,-0.00326941371528721,0.0166696352518391,0.8445085023430591,0.14817386651754555,1.430437644715331,0.9174975916567766,23.959182706905946,Z_Y_delibdem
4,backsliding_union_Nyr,Y_egaldem,Egalitarian,vdem_high,instr-antiplural_w4_trt-ertOrDdcg_gapany_illibany_covlp_exclyr,backsliding_union_Nyr,1347,129,-0.00333681829561044,0.953485761012225,1312,127,-0.01271632211471623,0.01019045939992333,0.2120803383701026,0.3469062714803262,1.6200009640865698,0.8304382374924945,24.394679184939385,Z_Y_egaldem
4,backsliding_union_Nyr,Y_elecoff,Elected officials,vdem_electoral,instr-antiplural_w4_trt-ertOrDdcg_gapany_illibany_covlp_exclyr,backsliding_union_Nyr,1347,129,-0.00333681829561044,0.953485761012225,1312,127,-0.01748159515808338,0.02680943332043928,0.5143567867528316,0.56494277758057,4.2431589598359825,0.8940810596050252,22.40843067743895,Z_Y_elecoff
4,backsliding_union_Nyr,Y_frefair,Clean elections,vdem_electoral,instr-antiplural_w4_trt-ertOrDdcg_gapany_illibany_covlp_exclyr,backsliding_union_Nyr,1347,129,-0.00333681829561044,0.953485761012225,1312,127,-0.03839393980105961,0.02352863245730917,0.10272236551647965,1.076665270744248,5.179259214685536,0.83532253529289,23.82381898413074,Z_Y_frefair
4,backsliding_union_Nyr,Y_frassoc,Association,vdem_electoral,instr-antiplural_w4_trt-ertOrDdcg_gapany_illibany_covlp_exclyr,backsliding_union_Nyr,1347,129,-0.00333681829561044,0.953485761012225,1312,127,-0.01689654410089059,0.01809123135689903,0.35032288256288563,0.5654159729083985,2.1182211387098375,0.789523346975123,25.087994916948382,Z_Y_frassoc
4,backsliding_union_Nyr,Y_suffr,Suffrage,vdem_electoral,instr-antiplural_w4_trt-ertOrDdcg_gapany_illibany_covlp_exclyr,backsliding_union_Nyr,1347,129,-0.00333681829561044,0.953485761012225,1312,127,0.00203896653298385,0.00654733670721593,0.7554819394620015,-0.05751954221379477,0.3779962401544964,0.8790531588150151,16.75003469746538,Z_Y_suffr
4,backsliding_union_Nyr,Y_freexp,Expression & alt. info,vdem_electoral,instr-antiplural_w4_trt-ertOrDdcg_gapany_illibany_covlp_exclyr,backsliding_union_Nyr,1347,129,-0.00333681829561044,0.953485761012225,1312,127,-0.01034258378796915,0.01682101916235399,0.5386467118940477,0.37395138730407235,1.4361733566021206,0.7945703632983407,25.1094930054628,Z_Y_freexp
4,backsliding_union_Nyr,Y_cl_rol,Rule of law,vdem_liberal,instr-antiplural_w4_trt-ertOrDdcg_gapany_illibany_covlp_exclyr,backsliding_union_Nyr,1347,129,-0.00333681829561044,0.953485761012225,1312,127,-0.01349611298510273,0.01379916359887204,0.3280552929859874,0.46093915263185026,1.75234793951979,0.7925190667777953,23.535689164204673,Z_Y_cl_rol
4,backsliding_union_Nyr,Y_cspart,Civil society,vdem_particip,instr-antiplural_w4_trt-ertOrDdcg_gapany_illibany_covlp_exclyr,backsliding_union_Nyr,1347,129,-0.00333681829561044,0.953485761012225,1312,127,-0.01043068535461017,0.01552811648513552,0.5017562688361819,0.398918278098241,1.2593992780086984,0.7514311630726876,23.281750203391617,Z_Y_cspart
4,backsliding_union_Nyr,Y_dd,Direct democracy,vdem_particip,instr-antiplural_w4_trt-ertOrDdcg_gapany_illibany_covlp_exclyr,backsliding_union_Nyr,1347,129,-0.00333681829561044,0.953485761012225,1312,127,0.0036890044162104,0.0115799627369179,0.7500541978780313,-0.07198946307904966,0.45303645276607574,0.8737442333954416,26.654745060013575,Z_Y_dd
4,backsliding_union_Nyr,Y_locelec,Local elections,vdem_particip,instr-antiplural_w4_trt-ertOrDdcg_gapany_illibany_covlp_exclyr,backsliding_union_Nyr,1347,129,-0.00333681829561044,0.953485761012225,1297,125,-0.01925967311361904,0.01807625448296699,0.28666413894187015,0.40364262466922984,2.804984499406864,0.8855779280776376,24.80916820704551,Z_Y_locelec
4,backsliding_union_Nyr,Y_regelec,Regional elections,vdem_particip,instr-antiplural_w4_trt-ertOrDdcg_gapany_illibany_covlp_exclyr,backsliding_union_Nyr,1347,129,-0.00333681829561044,0.953485761012225,1311,127,-0.05626535812087826,0.02734731970778578,0.0396443120934186,1.6536210757072949,7.156753625218152,0.8172701888311862,20.8617720917247,Z_Y_regelec
4,backsliding_union_Nyr,Y_delib,Deliberation,vdem_egal_delib,instr-antiplural_w4_trt-ertOrDdcg_gapany_illibany_covlp_exclyr,backsliding_union_Nyr,1347,129,-0.00333681829561044,0.953485761012225,1312,127,-0.00786053848392116,0.01867095859566851,0.6737525430426805,0.21141510177122644,1.4251575892055908,0.8820704484049928,22.967698981523213,Z_Y_delib
4,backsliding_union_Nyr,Y_eqprotec,Equal protection,vdem_egal_delib,instr-antiplural_w4_trt-ertOrDdcg_gapany_illibany_covlp_exclyr,backsliding_union_Nyr,1347,129,-0.00333681829561044,0.953485761012225,1312,127,-0.00630095100743907,0.00983356076213466,0.5216787165574587,0.2321171376680312,0.627009050089069,0.7112353928424693,19.485689047932937,Z_Y_eqprotec
4,backsliding_union_Nyr,Y_eqaccess,Equal access,vdem_egal_delib,instr-antiplural_w4_trt-ertOrDdcg_gapany_illibany_covlp_exclyr,backsliding_union_Nyr,1347,129,-0.00333681829561044,0.953485761012225,1312,127,-0.00445494680315997,0.01069878251545792,0.6771191225961561,0.18340508121427465,1.546197162936837,0.9055788925500898,20.843985975937173,Z_Y_eqaccess
4,backsliding_union_Nyr,Y_eqdr,Equal distribution,vdem_egal_delib,instr-antiplural_w4_trt-ertOrDdcg_gapany_illibany_covlp_exclyr,backsliding_union_Nyr,1347,129,-0.00333681829561044,0.953485761012225,1312,127,-0.00382475428566817,0.0081618445276287,0.639345596984628,0.1013138454359504,0.6517017731920178,0.8764583377892151,22.34781080362375,Z_Y_eqdr
4,polyarchy_decline,Y_gdp_growth,PWT,growth,instr-antiplural_w4_trt-polyarchy_gapany_illibany_covlp_exclyr,polyarchy_decline,1312,516,0.01428402961815931,0.4277883690371255,1243,480,-0.03968145122576262,0.02181427207015498,0.06890240629869455,-2.1183996387355433,2.181961779417836,0.33161338283906405,22.861851271804746,Z_Y_gdp_growth
4,polyarchy_decline,Y_gdp_growth_wb,World Bank,growth,instr-antiplural_w4_trt-polyarchy_gapany_illibany_covlp_exclyr,polyarchy_decline,1312,516,0.01428402961815931,0.4277883690371255,1269,500,-0.0391517782511273,0.0219256845620233,0.07415461858169112,-2.0986391836487974,2.102965376936681,0.3183070900028022,23.143644881252715,Z_Y_gdp_growth_wb
4,polyarchy_decline,Y_gdp_growth_imf,IMF WEO,growth,instr-antiplural_w4_trt-polyarchy_gapany_illibany_covlp_exclyr,polyarchy_decline,1312,516,0.01428402961815931,0.4277883690371255,976,393,-0.03537043431829571,0.01956389761525116,0.07061519280904935,-15.01880732782437,59.72433919556216,0.801451688817387,15.528979797156106,Z_Y_gdp_growth_imf
4,polyarchy_decline,Y_inflation,"CPI, cumulative log",inflation,instr-antiplural_w4_trt-polyarchy_gapany_illibany_covlp_exclyr,polyarchy_decline,1312,516,0.01428402961815931,0.4277883690371255,1162,458,0.00409919932204634,0.093932014863767,0.9651913141067372,2.6783471747108925,7.28895923678798,0.7132814267615615,17.625807463218102,Z_Y_inflation
4,polyarchy_decline,Y_unemployment,Unemployment rate,unemployment,instr-antiplural_w4_trt-polyarchy_gapany_illibany_covlp_exclyr,polyarchy_decline,1312,516,0.01428402961815931,0.4277883690371255,905,423,-0.0838229472850891,0.5634626370674959,0.8817398701611757,-4.874499662160822,81.99663894027141,0.9525956369931048,15.553193357395797,Z_Y_unemployment
4,polyarchy_decline,Y_trade_pct_gdp,Trade / GDP,trade,instr-antiplural_w4_trt-polyarchy_gapany_illibany_covlp_exclyr,polyarchy_decline,1312,516,0.01428402961815931,0.4277883690371255,1140,453,-2.4114251729605956,2.4112502615322886,0.3172754041570534,-118.17823764759056,164.95881745646764,0.4737378805942851,19.9226991969062,Z_Y_trade_pct_gdp
4,polyarchy_decline,Y_top10_share,Top-10% income share,top10,instr-antiplural_w4_trt-polyarchy_gapany_illibany_covlp_exclyr,polyarchy_decline,1312,516,0.01428402961815931,0.4277883690371255,1184,467,-0.6991000619553311,0.49554498061486696,0.15831240155370663,-519.3319737287106,645.4469150381777,0.4210457253452178,19.77466929512813,Z_Y_top10_share
4,polyarchy_decline,Y_gini_disp,Disposable,gini,instr-antiplural_w4_trt-polyarchy_gapany_illibany_covlp_exclyr,polyarchy_decline,1312,516,0.01428402961815931,0.4277883690371255,1010,395,0.6678423962388148,0.2563317181798506,0.00917715111198989,337.98142945454464,2921.419351982843,0.9078975740920132,13.998037204391258,Z_Y_gini_disp
4,polyarchy_decline,Y_gini_mkt,Market,gini,instr-antiplural_w4_trt-polyarchy_gapany_illibany_covlp_exclyr,polyarchy_decline,1312,516,0.01428402961815931,0.4277883690371255,1010,395,0.3252613218188346,0.2538555449354021,0.20009355203831375,33057.007290222136,126236.47559286152,0.7934249585833962,18.629495919730164,Z_Y_gini_mkt
4,polyarchy_decline,Y_debt,Debt / GDP,fiscal,instr-antiplural_w4_trt-polyarchy_gapany_illibany_covlp_exclyr,polyarchy_decline,1312,516,0.01428402961815931,0.4277883690371255,1232,489,2.531416161203962,4.149916863651768,0.5418670952476226,325.02540339854187,386.4206612093373,0.40028178911176027,21.396851816223315,Z_Y_debt
4,polyarchy_decline,Y_deficit,Deficit / GDP,fiscal,instr-antiplural_w4_trt-polyarchy_gapany_illibany_covlp_exclyr,polyarchy_decline,1312,516,0.01428402961815931,0.4277883690371255,1086,442,0.17291265453646115,0.7258006497463761,0.8116971902885425,1505.1072596260165,4709.5807383966785,0.7492836069061717,19.018396712998005,Z_Y_deficit
4,polyarchy_decline,Y_checks_balances,Checks & balances,institutions,instr-antiplural_w4_trt-polyarchy_gapany_illibany_covlp_exclyr,polyarchy_decline,1312,516,0.01428402961815931,0.4277883690371255,1283,509,0.01016703780724115,0.0137912413841803,0.460994796574601,-1.7453664584496908,4.589356680456239,0.703717218554068,22.817705377844423,Z_Y_checks_balances
4,polyarchy_decline,Y_jucon,Judicial constraints,institutions,instr-antiplural_w4_trt-polyarchy_gapany_illibany_covlp_exclyr,polyarchy_decline,1312,516,0.01428402961815931,0.4277883690371255,1312,516,-0.00107415852918517,0.0155276580518604,0.9448486419949798,-0.1237446187579994,0.7785025813787826,0.8737066140073408,22.705478491370357,Z_Y_jucon
4,polyarchy_decline,Y_legcon,Legislative constraints,institutions,instr-antiplural_w4_trt-polyarchy_gapany_illibany_covlp_exclyr,polyarchy_decline,1312,516,0.01428402961815931,0.4277883690371255,1283,509,0.00199700116162792,0.01730938453994613,0.908151056866199,-0.09507133998931522,3.240075289513925,0.9765915714897224,19.640233902326713,Z_Y_legcon
4,polyarchy_decline,Y_hos_power,HOS,exec_power,instr-antiplural_w4_trt-polyarchy_gapany_illibany_covlp_exclyr,polyarchy_decline,1312,516,0.01428402961815931,0.4277883690371255,1312,516,0.01049720497604807,0.01303155248524184,0.42051839425417303,0.7532852479137527,0.7595193154265739,0.321298957908069,23.778510251739476,Z_Y_hos_power
4,polyarchy_decline,Y_hog_power,HOG,exec_power,instr-antiplural_w4_trt-polyarchy_gapany_illibany_covlp_exclyr,polyarchy_decline,1312,516,0.01428402961815931,0.4277883690371255,672,266,0.00479463482240611,0.01147430368202028,0.6760506083151133,0.9989537633544644,1.7067738699115085,0.558354279766279,16.506541669113698,Z_Y_hog_power
4,polyarchy_decline,Y_hos_power_vdem,HOS (v2ex_hosw),exec_power_alt,instr-antiplural_w4_trt-polyarchy_gapany_illibany_covlp_exclyr,polyarchy_decline,1312,516,0.01428402961815931,0.4277883690371255,1312,516,0.01439108422733788,0.02096877056441675,0.49251742480451144,1.4630274087864008,1.5857812224061472,0.35622041225563544,20.65264767979621,Z_Y_hos_power_vdem
4,polyarchy_decline,Y_hog_power_vdem,HOG (v2ex_hogw),exec_power_alt,instr-antiplural_w4_trt-polyarchy_gapany_illibany_covlp_exclyr,polyarchy_decline,1312,516,0.01428402961815931,0.4277883690371255,1312,516,-0.00665548793225099,0.01993222387948914,0.7384505380268225,-1.1538476772669732,1.418029891381885,0.4158181455905725,20.439204228660554,Z_Y_hog_power_vdem
4,polyarchy_decline,Y_polyarchy,Electoral (polyarchy),vdem_high,instr-antiplural_w4_trt-polyarchy_gapany_illibany_covlp_exclyr,polyarchy_decline,1312,516,0.01428402961815931,0.4277883690371255,1312,516,-0.01394442041596853,0.01723661740438032,0.4185152485276196,-1,1.0641908646242092e-16,0,23.752597294011977,Z_Y_polyarchy
4,polyarchy_decline,Y_libdem,Liberal,vdem_high,instr-antiplural_w4_trt-polyarchy_gapany_illibany_covlp_exclyr,polyarchy_decline,1312,516,0.01428402961815931,0.4277883690371255,1312,516,-0.00496637064657871,0.01548163731741184,0.7483687444757273,-0.5145335604587628,0.3204696532317801,0.10837041155269826,22.145451053821063,Z_Y_libdem
4,polyarchy_decline,Y_partipdem,Participatory,vdem_high,instr-antiplural_w4_trt-polyarchy_gapany_illibany_covlp_exclyr,polyarchy_decline,1312,516,0.01428402961815931,0.4277883690371255,1311,516,-0.00914586662578299,0.01224879204498052,0.45525977260128225,-0.5798823322169535,0.2893168351684258,0.04503623195304342,19.311457734059523,Z_Y_partipdem
4,polyarchy_decline,Y_delibdem,Deliberative,vdem_high,instr-antiplural_w4_trt-polyarchy_gapany_illibany_covlp_exclyr,polyarchy_decline,1312,516,0.01428402961815931,0.4277883690371255,1312,516,-0.00326941371528721,0.0166696352518391,0.8445085023430591,-0.33869663757946306,0.5746029007478716,0.55556299460756,21.725358497411708,Z_Y_delibdem
4,polyarchy_decline,Y_egaldem,Egalitarian,vdem_high,instr-antiplural_w4_trt-polyarchy_gapany_illibany_covlp_exclyr,polyarchy_decline,1312,516,0.01428402961815931,0.4277883690371255,1312,516,-0.01271632211471623,0.01019045939992333,0.2120803383701026,-0.5697713357268098,0.2297838800889866,0.01315310836356652,17.895669356451865,Z_Y_egaldem
4,polyarchy_decline,Y_elecoff,Elected officials,vdem_electoral,instr-antiplural_w4_trt-polyarchy_gapany_illibany_covlp_exclyr,polyarchy_decline,1312,516,0.01428402961815931,0.4277883690371255,1312,516,-0.01748159515808338,0.02680943332043928,0.5143567867528316,-2.1697886046847317,1.3081551519793368,0.09718371049379695,24.010438706540473,Z_Y_elecoff
4,polyarchy_decline,Y_frefair,Clean elections,vdem_electoral,instr-antiplural_w4_trt-polyarchy_gapany_illibany_covlp_exclyr,polyarchy_decline,1312,516,0.01428402961815931,0.4277883690371255,1312,516,-0.03839393980105961,0.02352863245730917,0.10272236551647965,-2.712320965641967,1.2942325447669245,0.03610896127530786,17.262823432133164,Z_Y_frefair
4,polyarchy_decline,Y_frassoc,Association,vdem_electoral,instr-antiplural_w4_trt-polyarchy_gapany_illibany_covlp_exclyr,polyarchy_decline,1312,516,0.01428402961815931,0.4277883690371255,1312,516,-0.01689654410089059,0.01809123135689903,0.35032288256288563,-1.7247760772860856,1.1081043057522444,0.11958672844825571,20.66387899790146,Z_Y_frassoc
4,polyarchy_decline,Y_suffr,Suffrage,vdem_electoral,instr-antiplural_w4_trt-polyarchy_gapany_illibany_covlp_exclyr,polyarchy_decline,1312,516,0.01428402961815931,0.4277883690371255,1312,516,0.00203896653298385,0.00654733670721593,0.7554819394620015,0.05081532053896329,0.302681540973459,0.8666747125060678,23.535270720942975,Z_Y_suffr
4,polyarchy_decline,Y_freexp,Expression & alt. info,vdem_electoral,instr-antiplural_w4_trt-polyarchy_gapany_illibany_covlp_exclyr,polyarchy_decline,1312,516,0.01428402961815931,0.4277883690371255,1312,516,-0.01034258378796915,0.01682101916235399,0.5386467118940477,-0.9915046005572972,0.8082044626163992,0.21989806583775545,20.13060032775522,Z_Y_freexp
4,polyarchy_decline,Y_cl_rol,Rule of law,vdem_liberal,instr-antiplural_w4_trt-polyarchy_gapany_illibany_covlp_exclyr,polyarchy_decline,1312,516,0.01428402961815931,0.4277883690371255,1312,516,-0.01349611298510273,0.01379916359887204,0.3280552929859874,-1.2894682457591418,0.9926682922978742,0.19394664858000843,22.686592569375176,Z_Y_cl_rol
4,polyarchy_decline,Y_cspart,Civil society,vdem_particip,instr-antiplural_w4_trt-polyarchy_gapany_illibany_covlp_exclyr,polyarchy_decline,1312,516,0.01428402961815931,0.4277883690371255,1312,516,-0.01043068535461017,0.01552811648513552,0.5017562688361819,-0.9268123786041228,0.9911009356189184,0.34971914445096575,21.33683613395031,Z_Y_cspart
4,polyarchy_decline,Y_dd,Direct democracy,vdem_particip,instr-antiplural_w4_trt-polyarchy_gapany_illibany_covlp_exclyr,polyarchy_decline,1312,516,0.01428402961815931,0.4277883690371255,1312,516,0.0036890044162104,0.0115799627369179,0.7500541978780313,0.16286671014120763,0.7030885688552404,0.8168140197164171,24.586802026898336,Z_Y_dd
4,polyarchy_decline,Y_locelec,Local elections,vdem_particip,instr-antiplural_w4_trt-polyarchy_gapany_illibany_covlp_exclyr,polyarchy_decline,1312,516,0.01428402961815931,0.4277883690371255,1297,510,-0.01925967311361904,0.01807625448296699,0.28666413894187015,-0.8591797109109081,0.8097606821835409,0.2886766412751204,24.533146039602123,Z_Y_locelec
4,polyarchy_decline,Y_regelec,Regional elections,vdem_particip,instr-antiplural_w4_trt-polyarchy_gapany_illibany_covlp_exclyr,polyarchy_decline,1312,516,0.01428402961815931,0.4277883690371255,1311,516,-0.05626535812087826,0.02734731970778578,0.0396443120934186,-3.992403586496701,3.507909261676252,0.25507253241153,19.625555259961818,Z_Y_regelec
4,polyarchy_decline,Y_delib,Deliberation,vdem_egal_delib,instr-antiplural_w4_trt-polyarchy_gapany_illibany_covlp_exclyr,polyarchy_decline,1312,516,0.01428402961815931,0.4277883690371255,1312,516,-0.00786053848392116,0.01867095859566851,0.6737525430426805,-0.48452409721488054,0.8296163715511365,0.5591974947011258,23.061949264896697,Z_Y_delib
4,polyarchy_decline,Y_eqprotec,Equal protection,vdem_egal_delib,instr-antiplural_w4_trt-polyarchy_gapany_illibany_covlp_exclyr,polyarchy_decline,1312,516,0.01428402961815931,0.4277883690371255,1312,516,-0.00630095100743907,0.00983356076213466,0.5216787165574587,-0.30269139794854355,0.6952554957482925,0.6632959567624657,18.964033384500624,Z_Y_eqprotec
4,polyarchy_decline,Y_eqaccess,Equal access,vdem_egal_delib,instr-antiplural_w4_trt-polyarchy_gapany_illibany_covlp_exclyr,polyarchy_decline,1312,516,0.01428402961815931,0.4277883690371255,1312,516,-0.00445494680315997,0.01069878251545792,0.6771191225961561,-0.5484950742938334,0.7732976770638488,0.4781423143816449,19.561516352204137,Z_Y_eqaccess
4,polyarchy_decline,Y_eqdr,Equal distribution,vdem_egal_delib,instr-antiplural_w4_trt-polyarchy_gapany_illibany_covlp_exclyr,polyarchy_decline,1312,516,0.01428402961815931,0.4277883690371255,1312,516,-0.00382475428566817,0.0081618445276287,0.639345596984628,-0.3001027981624843,0.488582625796819,0.5390624160121811,21.044607127692057,Z_Y_eqdr
5,backsliding_Nyr,Y_gdp_growth,PWT,growth,instr-antiplural_w5_trt-ert_gapany_illibany_covlp_exclyr,backsliding_Nyr,1347,142,-0.02517375790941217,0.6611258698560012,1207,129,-0.06063006363607653,0.02790842916412051,0.02982066604115675,1.7844882456190585,4.194908143856298,0.6705495676959772,20.0288985232422,Z_Y_gdp_growth
5,backsliding_Nyr,Y_gdp_growth_wb,World Bank,growth,instr-antiplural_w5_trt-ert_gapany_illibany_covlp_exclyr,backsliding_Nyr,1347,142,-0.02517375790941217,0.6611258698560012,1240,134,-0.0463992023663979,0.02411352445211823,0.05432973418051311,1.001395282851589,2.6018565787818497,0.7003283966251976,21.08362423654602,Z_Y_gdp_growth_wb
5,backsliding_Nyr,Y_gdp_growth_imf,IMF WEO,growth,instr-antiplural_w5_trt-ert_gapany_illibany_covlp_exclyr,backsliding_Nyr,1347,142,-0.02517375790941217,0.6611258698560012,950,110,-0.04742300889238621,0.02082383387308637,0.02276576081610096,1.2270326854099654,3.140406844533711,0.6960011717707433,20.87856163167655,Z_Y_gdp_growth_imf
5,backsliding_Nyr,Y_inflation,"CPI, cumulative log",inflation,instr-antiplural_w5_trt-ert_gapany_illibany_covlp_exclyr,backsliding_Nyr,1347,142,-0.02517375790941217,0.6611258698560012,1135,123,0.01678107117794558,0.12189834809602512,0.890505602799766,-0.42473875461308624,2.9265733996903607,0.8846068411849262,18.17943836862245,Z_Y_inflation
5,backsliding_Nyr,Y_unemployment,Unemployment rate,unemployment,instr-antiplural_w5_trt-ert_gapany_illibany_covlp_exclyr,backsliding_Nyr,1347,142,-0.02517375790941217,0.6611258698560012,883,122,0.3151159931992633,0.5572195502064853,0.571723549874052,-10.097379154876524,29.139385915874637,0.7289519783293832,22.89234322319212,Z_Y_unemployment
5,backsliding_Nyr,Y_trade_pct_gdp,Trade / GDP,trade,instr-antiplural_w5_trt-ert_gapany_illibany_covlp_exclyr,backsliding_Nyr,1347,142,-0.02517375790941217,0.6611258698560012,1115,123,-1.8252886965376451,2.793627481580563,0.5135140117822141,28.73888806502957,72.42010406963978,0.6914885681748877,19.843901876315,Z_Y_trade_pct_gdp
5,backsliding_Nyr,Y_top10_share,Top-10% income share,top10,instr-antiplural_w5_trt-ert_gapany_illibany_covlp_exclyr,backsliding_Nyr,1347,142,-0.02517375790941217,0.6611258698560012,1152,125,-0.6795448034143351,0.533470379620364,0.20272750488508232,15.980564618673052,61.921018842155625,0.796345315164781,25.24006829224488,Z_Y_top10_share
5,backsliding_Nyr,Y_gini_disp,Disposable,gini,instr-antiplural_w5_trt-ert_gapany_illibany_covlp_exclyr,backsliding_Nyr,1347,142,-0.02517375790941217,0.6611258698560012,975,109,0.6917540502247308,0.2787868002146389,0.01309036700687118,-9.802890419694602,12.82034312024314,0.4444885797554154,21.55748055522364,Z_Y_gini_disp
5,backsliding_Nyr,Y_gini_mkt,Market,gini,instr-antiplural_w5_trt-ert_gapany_illibany_covlp_exclyr,backsliding_Nyr,1347,142,-0.02517375790941217,0.6611258698560012,975,109,0.45653671017012687,0.2785011158447861,0.10115839694583743,-7.360062028785071,12.055606963784095,0.5415243825236924,21.776304828887785,Z_Y_gini_mkt
5,backsliding_Nyr,Y_debt,Debt / GDP,fiscal,instr-antiplural_w5_trt-ert_gapany_illibany_covlp_exclyr,backsliding_Nyr,1347,142,-0.02517375790941217,0.6611258698560012,1201,131,3.82340546990598,5.17410279629346,0.4599371000857792,-153.0335229163405,577.9457638462776,0.7911722218016963,23.67506223599601,Z_Y_debt
5,backsliding_Nyr,Y_deficit,Deficit / GDP,fiscal,instr-antiplural_w5_trt-ert_gapany_illibany_covlp_exclyr,backsliding_Nyr,1347,142,-0.02517375790941217,0.6611258698560012,1053,118,1.590149084874646,2.203210247613577,0.47045319437686306,-41.72441780397118,119.58890696722072,0.7271653383997476,23.129739132067336,Z_Y_deficit
5,backsliding_Nyr,Y_checks_balances,Checks & balances,institutions,instr-antiplural_w5_trt-ert_gapany_illibany_covlp_exclyr,backsliding_Nyr,1347,142,-0.02517375790941217,0.6611258698560012,1259,136,0.01123714292303989,0.01496366913088607,0.45267568525570184,-0.25097888399538826,0.5740433920715685,0.6619573243009859,21.473095713149664,Z_Y_checks_balances
5,backsliding_Nyr,Y_jucon,Judicial constraints,institutions,instr-antiplural_w5_trt-ert_gapany_illibany_covlp_exclyr,backsliding_Nyr,1347,142,-0.02517375790941217,0.6611258698560012,1289,140,-5.480330630668438e-4,0.01773622870368017,0.975350027519332,0.00380072372207396,0.5490759884789818,0.9944770585048586,22.53435467529774,Z_Y_jucon
5,backsliding_Nyr,Y_legcon,Legislative constraints,institutions,instr-antiplural_w5_trt-ert_gapany_illibany_covlp_exclyr,backsliding_Nyr,1347,142,-0.02517375790941217,0.6611258698560012,1259,136,0.00125255991404541,0.0193118895377793,0.9482858498880656,-0.00807394395061465,0.531075334266774,0.9878702198072123,22.50358570017639,Z_Y_legcon
5,backsliding_Nyr,Y_hos_power,HOS,exec_power,instr-antiplural_w5_trt-ert_gapany_illibany_covlp_exclyr,backsliding_Nyr,1347,142,-0.02517375790941217,0.6611258698560012,1289,140,0.00819164127715311,0.01317569561377843,0.5341236123046362,-0.19761698879539177,0.8082484419518106,0.8068433674859488,20.941227281436824,Z_Y_hos_power
5,backsliding_Nyr,Y_hog_power,HOG,exec_power,instr-antiplural_w5_trt-ert_gapany_illibany_covlp_exclyr,backsliding_Nyr,1347,142,-0.02517375790941217,0.6611258698560012,659,81,0.00469127203237961,0.01164937161806473,0.6871645077560233,-6.592397308527943,106.079482311895,0.9504467016874262,15.78008026274414,Z_Y_hog_power
5,backsliding_Nyr,Y_hos_power_vdem,HOS (v2ex_hosw),exec_power_alt,instr-antiplural_w5_trt-ert_gapany_illibany_covlp_exclyr,backsliding_Nyr,1347,142,-0.02517375790941217,0.6611258698560012,1289,140,0.0113222573247928,0.02102620014054757,0.5902434416930957,-0.44496813324907014,1.296022290362437,0.7313474280390232,19.56881748459188,Z_Y_hos_power_vdem
5,backsliding_Nyr,Y_hog_power_vdem,HOG (v2ex_hogw),exec_power_alt,instr-antiplural_w5_trt-ert_gapany_illibany_covlp_exclyr,backsliding_Nyr,1347,142,-0.02517375790941217,0.6611258698560012,1289,140,-0.00783237361626643,0.01989331767603948,0.6937886429886904,0.2371283329121726,0.9364747891938934,0.8001030089099553,18.56075015356456,Z_Y_hog_power_vdem
5,backsliding_Nyr,Y_polyarchy,Electoral (polyarchy),vdem_high,instr-antiplural_w5_trt-ert_gapany_illibany_covlp_exclyr,backsliding_Nyr,1347,142,-0.02517375790941217,0.6611258698560012,1289,140,-0.01935492976237644,0.0165912775426081,0.2433830143542154,0.4820143247902175,1.284745877384483,0.7075246546740277,23.610932754506287,Z_Y_polyarchy
5,backsliding_Nyr,Y_libdem,Liberal,vdem_high,instr-antiplural_w5_trt-ert_gapany_illibany_covlp_exclyr,backsliding_Nyr,1347,142,-0.02517375790941217,0.6611258698560012,1289,140,-0.00677743820041868,0.01559677990108675,0.6638957278803161,0.19260969044209816,0.8040001492279905,0.8106680843636492,22.6462447733439,Z_Y_libdem
5,backsliding_Nyr,Y_partipdem,Participatory,vdem_high,instr-antiplural_w5_trt-ert_gapany_illibany_covlp_exclyr,backsliding_Nyr,1347,142,-0.02517375790941217,0.6611258698560012,1288,140,-0.01377435941327865,0.0117587684773961,0.24143331654646744,0.3455011233932997,0.98054131672011,0.7245701429530975,23.21729532646876,Z_Y_partipdem
5,backsliding_Nyr,Y_delibdem,Deliberative,vdem_high,instr-antiplural_w5_trt-ert_gapany_illibany_covlp_exclyr,backsliding_Nyr,1347,142,-0.02517375790941217,0.6611258698560012,1289,140,-0.00266219851684097,0.01774029563823587,0.8807132864166519,0.14953839915528516,0.6831023213251424,0.8267196205509004,24.386396159026205,Z_Y_delibdem
5,backsliding_Nyr,Y_egaldem,Egalitarian,vdem_high,instr-antiplural_w5_trt-ert_gapany_illibany_covlp_exclyr,backsliding_Nyr,1347,142,-0.02517375790941217,0.6611258698560012,1289,140,-0.00923976633121997,0.01217101030163196,0.4477557622046699,0.289321408962827,0.9364741028102248,0.757361401466585,21.678309667886506,Z_Y_egaldem
5,backsliding_Nyr,Y_elecoff,Elected officials,vdem_electoral,instr-antiplural_w5_trt-ert_gapany_illibany_covlp_exclyr,backsliding_Nyr,1347,142,-0.02517375790941217,0.6611258698560012,1289,140,-0.01574475290583426,0.02905121461379095,0.587842347466313,0.41548010471786245,1.738824525439951,0.8111497122916258,20.05026724988168,Z_Y_elecoff
5,backsliding_Nyr,Y_frefair,Clean elections,vdem_electoral,instr-antiplural_w5_trt-ert_gapany_illibany_covlp_exclyr,backsliding_Nyr,1347,142,-0.02517375790941217,0.6611258698560012,1289,140,-0.04836496257731538,0.0224853834296525,0.03148005130278547,1.1575295487383217,3.1459883330559206,0.7129192530479699,22.540211102669065,Z_Y_frefair
5,backsliding_Nyr,Y_frassoc,Association,vdem_electoral,instr-antiplural_w5_trt-ert_gapany_illibany_covlp_exclyr,backsliding_Nyr,1347,142,-0.02517375790941217,0.6611258698560012,1289,140,-0.01920423925684713,0.01836543078926443,0.29571192839821875,0.508097577003471,1.1877921523083592,0.6688211992532156,20.23386353724382,Z_Y_frassoc
5,backsliding_Nyr,Y_suffr,Suffrage,vdem_electoral,instr-antiplural_w5_trt-ert_gapany_illibany_covlp_exclyr,backsliding_Nyr,1347,142,-0.02517375790941217,0.6611258698560012,1289,140,0.00202746214661737,0.00674681159736431,0.7637906800476462,-0.0289307305419735,0.1268743339578199,0.8196255151803503,16.605615150372547,Z_Y_suffr
5,backsliding_Nyr,Y_freexp,Expression & alt. info,vdem_electoral,instr-antiplural_w5_trt-ert_gapany_illibany_covlp_exclyr,backsliding_Nyr,1347,142,-0.02517375790941217,0.6611258698560012,1289,140,-0.00850779656109228,0.01883252442899354,0.6514413024405756,0.2384979868827429,0.7727243632125385,0.7575911174657249,19.056282472279833,Z_Y_freexp
5,backsliding_Nyr,Y_cl_rol,Rule of law,vdem_liberal,instr-antiplural_w5_trt-ert_gapany_illibany_covlp_exclyr,backsliding_Nyr,1347,142,-0.02517375790941217,0.6611258698560012,1289,140,-0.01853566089952996,0.01483207378885208,0.21140870681046467,0.5084301568974666,1.0287194443869851,0.6211395362295796,22.73879912750931,Z_Y_cl_rol
5,backsliding_Nyr,Y_cspart,Civil society,vdem_particip,instr-antiplural_w5_trt-ert_gapany_illibany_covlp_exclyr,backsliding_Nyr,1347,142,-0.02517375790941217,0.6611258698560012,1289,140,-0.01824322463942184,0.01628208394683015,0.2625229982416874,0.4411912567850505,0.9420665818054657,0.639553768016873,19.620071847538117,Z_Y_cspart
5,backsliding_Nyr,Y_dd,Direct democracy,vdem_particip,instr-antiplural_w5_trt-ert_gapany_illibany_covlp_exclyr,backsliding_Nyr,1347,142,-0.02517375790941217,0.6611258698560012,1289,140,0.0074534487905343,0.013479656072893441,0.5803041017860455,-0.1448611840732416,0.4222005933861196,0.731515817987386,24.167103363497475,Z_Y_dd
5,backsliding_Nyr,Y_locelec,Local elections,vdem_particip,instr-antiplural_w5_trt-ert_gapany_illibany_covlp_exclyr,backsliding_Nyr,1347,142,-0.02517375790941217,0.6611258698560012,1270,135,-0.02501117136441057,0.02306463168636151,0.2781896980349831,0.7962054434564918,2.907375218079368,0.7841944150451647,22.14233272907817,Z_Y_locelec
5,backsliding_Nyr,Y_regelec,Regional elections,vdem_particip,instr-antiplural_w5_trt-ert_gapany_illibany_covlp_exclyr,backsliding_Nyr,1347,142,-0.02517375790941217,0.6611258698560012,1288,140,-0.05718716131280844,0.02705274247954182,0.0345226440650043,1.3570572502534055,3.1369817961798137,0.6653056383943287,22.76295346330594,Z_Y_regelec
5,backsliding_Nyr,Y_delib,Deliberation,vdem_egal_delib,instr-antiplural_w5_trt-ert_gapany_illibany_covlp_exclyr,backsliding_Nyr,1347,142,-0.02517375790941217,0.6611258698560012,1289,140,-0.00464473575595631,0.02246048170710524,0.836169250380623,0.24777474957256995,0.7326916713618491,0.7352346633426576,24.66294990633591,Z_Y_delib
5,backsliding_Nyr,Y_eqprotec,Equal protection,vdem_egal_delib,instr-antiplural_w5_trt-ert_gapany_illibany_covlp_exclyr,backsliding_Nyr,1347,142,-0.02517375790941217,0.6611258698560012,1289,140,0.00311637795651396,0.01223616901818159,0.7989658186357268,-0.10422457072355364,0.4066743713422837,0.797730722893585,18.285858850136705,Z_Y_eqprotec
5,backsliding_Nyr,Y_eqaccess,Equal access,vdem_egal_delib,instr-antiplural_w5_trt-ert_gapany_illibany_covlp_exclyr,backsliding_Nyr,1347,142,-0.02517375790941217,0.6611258698560012,1289,140,-0.00166862600430046,0.01196056012652925,0.8890466086037644,0.09051122025226878,0.42679968732620216,0.8320527701891307,20.5497426524728,Z_Y_eqaccess
5,backsliding_Nyr,Y_eqdr,Equal distribution,vdem_egal_delib,instr-antiplural_w5_trt-ert_gapany_illibany_covlp_exclyr,backsliding_Nyr,1347,142,-0.02517375790941217,0.6611258698560012,1289,140,-0.00831986810460782,0.00988654263573201,0.40004848718743286,0.1874148445822574,0.4551695378843975,0.680524625732958,19.37026565114672,Z_Y_eqdr
5,backsliding_union_Nyr,Y_gdp_growth,PWT,growth,instr-antiplural_w5_trt-ertOrDdcg_gapany_illibany_covlp_exclyr,backsliding_union_Nyr,1347,165,-0.00253904406382984,0.9657286435159588,1207,152,-0.06063006363607653,0.02790842916412051,0.02982066604115675,-58.4696688151651,2252.1772624048585,0.9792881285159282,20.81698117284131,Z_Y_gdp_growth
5,backsliding_union_Nyr,Y_gdp_growth_wb,World Bank,growth,instr-antiplural_w5_trt-ertOrDdcg_gapany_illibany_covlp_exclyr,backsliding_union_Nyr,1347,165,-0.00253904406382984,0.9657286435159588,1240,156,-0.0463992023663979,0.02411352445211823,0.05432973418051311,72.39205958558443,1103.7944109947437,0.9477084457908792,19.585598921032023,Z_Y_gdp_growth_wb
5,backsliding_union_Nyr,Y_gdp_growth_imf,IMF WEO,growth,instr-antiplural_w5_trt-ertOrDdcg_gapany_illibany_covlp_exclyr,backsliding_union_Nyr,1347,165,-0.00253904406382984,0.9657286435159588,950,126,-0.04742300889238621,0.02082383387308637,0.02276576081610096,1.6571159191100653,6.213555519219202,0.7897050288158629,21.16334851369848,Z_Y_gdp_growth_imf
5,backsliding_union_Nyr,Y_inflation,"CPI, cumulative log",inflation,instr-antiplural_w5_trt-ertOrDdcg_gapany_illibany_covlp_exclyr,backsliding_union_Nyr,1347,165,-0.00253904406382984,0.9657286435159588,1135,139,0.01678107117794558,0.12189834809602512,0.890505602799766,-117.52265625119384,565.7353089699747,0.8354363958687896,25.464504396406443,Z_Y_inflation
5,backsliding_union_Nyr,Y_unemployment,Unemployment rate,unemployment,instr-antiplural_w5_trt-ertOrDdcg_gapany_illibany_covlp_exclyr,backsliding_union_Nyr,1347,165,-0.00253904406382984,0.9657286435159588,883,138,0.3151159931992633,0.5572195502064853,0.571723549874052,-11.620592184976282,42.61650544320528,0.7851005903265561,21.303987967695708,Z_Y_unemployment
5,backsliding_union_Nyr,Y_trade_pct_gdp,Trade / GDP,trade,instr-antiplural_w5_trt-ertOrDdcg_gapany_illibany_covlp_exclyr,backsliding_union_Nyr,1347,165,-0.00253904406382984,0.9657286435159588,1115,142,-1.8252886965376451,2.793627481580563,0.5135140117822141,541.4783807805579,3236.1678242700955,0.8671175922502623,21.256682854429297,Z_Y_trade_pct_gdp
5,backsliding_union_Nyr,Y_top10_share,Top-10% income share,top10,instr-antiplural_w5_trt-ertOrDdcg_gapany_illibany_covlp_exclyr,backsliding_union_Nyr,1347,165,-0.00253904406382984,0.9657286435159588,1152,145,-0.6795448034143351,0.533470379620364,0.20272750488508232,14.346146082308165,79.02009083430083,0.8559354082034345,26.414888363675736,Z_Y_top10_share
5,backsliding_union_Nyr,Y_gini_disp,Disposable,gini,instr-antiplural_w5_trt-ertOrDdcg_gapany_illibany_covlp_exclyr,backsliding_union_Nyr,1347,165,-0.00253904406382984,0.9657286435159588,975,122,0.6917540502247308,0.2787868002146389,0.01309036700687118,-11.825983796965136,20.71553080576882,0.5680842101174461,21.736030579112843,Z_Y_gini_disp
5,backsliding_union_Nyr,Y_gini_mkt,Market,gini,instr-antiplural_w5_trt-ertOrDdcg_gapany_illibany_covlp_exclyr,backsliding_union_Nyr,1347,165,-0.00253904406382984,0.9657286435159588,975,122,0.45653671017012687,0.2785011158447861,0.10115839694583743,-9.509735677359794,21.521321453370536,0.6585796031442593,21.46625442991204,Z_Y_gini_mkt
5,backsliding_union_Nyr,Y_debt,Debt / GDP,fiscal,instr-antiplural_w5_trt-ertOrDdcg_gapany_illibany_covlp_exclyr,backsliding_union_Nyr,1347,165,-0.00253904406382984,0.9657286435159588,1201,151,3.82340546990598,5.17410279629346,0.4599371000857792,454.1384838049271,2762.6064123317938,0.8694259544729124,19.25890009956814,Z_Y_debt
5,backsliding_union_Nyr,Y_deficit,Deficit / GDP,fiscal,instr-antiplural_w5_trt-ertOrDdcg_gapany_illibany_covlp_exclyr,backsliding_union_Nyr,1347,165,-0.00253904406382984,0.9657286435159588,1053,130,1.590149084874646,2.203210247613577,0.47045319437686306,-26.86275013460804,145.8968171647538,0.8539180901772809,28.703801662365453,Z_Y_deficit
5,backsliding_union_Nyr,Y_checks_balances,Checks & balances,institutions,instr-antiplural_w5_trt-ertOrDdcg_gapany_illibany_covlp_exclyr,backsliding_union_Nyr,1347,165,-0.00253904406382984,0.9657286435159588,1259,153,0.01123714292303989,0.01496366913088607,0.45267568525570184,-0.3223354616055113,0.9934384619614948,0.7455864343857379,22.32188395665509,Z_Y_checks_balances
5,backsliding_union_Nyr,Y_jucon,Judicial constraints,institutions,instr-antiplural_w5_trt-ertOrDdcg_gapany_illibany_covlp_exclyr,backsliding_union_Nyr,1347,165,-0.00253904406382984,0.9657286435159588,1289,163,-5.480330630668438e-4,0.01773622870368017,0.975350027519332,-0.05289512608694535,2.907046525676987,0.9854829032176118,22.398960510315316,Z_Y_jucon
5,backsliding_union_Nyr,Y_legcon,Legislative constraints,institutions,instr-antiplural_w5_trt-ertOrDdcg_gapany_illibany_covlp_exclyr,backsliding_union_Nyr,1347,165,-0.00253904406382984,0.9657286435159588,1259,153,0.00125255991404541,0.0193118895377793,0.9482858498880656,-0.00734241448083847,0.7585709078501309,0.9922771785515642,22.682068461517055,Z_Y_legcon
5,backsliding_union_Nyr,Y_hos_power,HOS,exec_power,instr-antiplural_w5_trt-ertOrDdcg_gapany_illibany_covlp_exclyr,backsliding_union_Nyr,1347,165,-0.00253904406382984,0.9657286435159588,1289,163,0.00819164127715311,0.01317569561377843,0.5341236123046362,0.9401682126195618,62.976861962590654,0.9880889930847396,19.9911178668844,Z_Y_hos_power
5,backsliding_union_Nyr,Y_hog_power,HOG,exec_power,instr-antiplural_w5_trt-ertOrDdcg_gapany_illibany_covlp_exclyr,backsliding_union_Nyr,1347,165,-0.00253904406382984,0.9657286435159588,659,94,0.00469127203237961,0.01164937161806473,0.6871645077560233,0.5918599436076162,1.6518343726164193,0.7201153355043409,20.558725146076128,Z_Y_hog_power
5,backsliding_union_Nyr,Y_hos_power_vdem,HOS (v2ex_hosw),exec_power_alt,instr-antiplural_w5_trt-ertOrDdcg_gapany_illibany_covlp_exclyr,backsliding_union_Nyr,1347,165,-0.00253904406382984,0.9657286435159588,1289,163,0.0113222573247928,0.02102620014054757,0.5902434416930957,-0.8324934157246424,9.335746981884656,0.9289446908927484,24.78896855748107,Z_Y_hos_power_vdem
5,backsliding_union_Nyr,Y_hog_power_vdem,HOG (v2ex_hogw),exec_power_alt,instr-antiplural_w5_trt-ertOrDdcg_gapany_illibany_covlp_exclyr,backsliding_union_Nyr,1347,165,-0.00253904406382984,0.9657286435159588,1289,163,-0.00783237361626643,0.01989331767603948,0.6937886429886904,0.7438079811435521,9.927165067863012,0.9402731720128864,24.43697596362477,Z_Y_hog_power_vdem
5,backsliding_union_Nyr,Y_polyarchy,Electoral (polyarchy),vdem_high,instr-antiplural_w5_trt-ertOrDdcg_gapany_illibany_covlp_exclyr,backsliding_union_Nyr,1347,165,-0.00253904406382984,0.9657286435159588,1289,163,-0.01935492976237644,0.0165912775426081,0.2433830143542154,0.46118934982798054,5.973388149194005,0.9384586105882236,26.875054270778183,Z_Y_polyarchy
5,backsliding_union_Nyr,Y_libdem,Liberal,vdem_high,instr-antiplural_w5_trt-ertOrDdcg_gapany_illibany_covlp_exclyr,backsliding_union_Nyr,1347,165,-0.00253904406382984,0.9657286435159588,1289,163,-0.00677743820041868,0.01559677990108675,0.6638957278803161,0.41292764276945815,10.468714765323378,0.968536426338048,22.95772778889748,Z_Y_libdem
5,backsliding_union_Nyr,Y_partipdem,Participatory,vdem_high,instr-antiplural_w5_trt-ertOrDdcg_gapany_illibany_covlp_exclyr,backsliding_union_Nyr,1347,165,-0.00253904406382984,0.9657286435159588,1288,163,-0.01377435941327865,0.0117587684773961,0.24143331654646744,0.30046968656139617,4.363625980178854,0.9451028091904412,26.81614067931919,Z_Y_partipdem
5,backsliding_union_Nyr,Y_delibdem,Deliberative,vdem_high,instr-antiplural_w5_trt-ertOrDdcg_gapany_illibany_covlp_exclyr,backsliding_union_Nyr,1347,165,-0.00253904406382984,0.9657286435159588,1289,163,-0.00266219851684097,0.01774029563823587,0.8807132864166519,0.23772305103732116,5.772849577227846,0.9671527975607264,23.88809881316307,Z_Y_delibdem
5,backsliding_union_Nyr,Y_egaldem,Egalitarian,vdem_high,instr-antiplural_w5_trt-ertOrDdcg_gapany_illibany_covlp_exclyr,backsliding_union_Nyr,1347,165,-0.00253904406382984,0.9657286435159588,1289,163,-0.00923976633121997,0.01217101030163196,0.4477557622046699,0.2627287962518502,7.283740287966019,0.971226074301748,24.796691564052573,Z_Y_egaldem
5,backsliding_union_Nyr,Y_elecoff,Elected officials,vdem_electoral,instr-antiplural_w5_trt-ertOrDdcg_gapany_illibany_covlp_exclyr,backsliding_union_Nyr,1347,165,-0.00253904406382984,0.9657286435159588,1289,163,-0.01574475290583426,0.02905121461379095,0.587842347466313,0.6688536801703342,40.151759419756715,0.9867093409603944,23.868153177646857,Z_Y_elecoff
5,backsliding_union_Nyr,Y_frefair,Clean elections,vdem_electoral,instr-antiplural_w5_trt-ertOrDdcg_gapany_illibany_covlp_exclyr,backsliding_union_Nyr,1347,165,-0.00253904406382984,0.9657286435159588,1289,163,-0.04836496257731538,0.0224853834296525,0.03148005130278547,2.4014826645802154,79.23252391639629,0.9758203763582038,22.238108050719767,Z_Y_frefair
5,backsliding_union_Nyr,Y_frassoc,Association,vdem_electoral,instr-antiplural_w5_trt-ertOrDdcg_gapany_illibany_covlp_exclyr,backsliding_union_Nyr,1347,165,-0.00253904406382984,0.9657286435159588,1289,163,-0.01920423925684713,0.01836543078926443,0.29571192839821875,1.6742561758853507,24.676821598359407,0.9459071757573546,21.099650987222493,Z_Y_frassoc
5,backsliding_union_Nyr,Y_suffr,Suffrage,vdem_electoral,instr-antiplural_w5_trt-ertOrDdcg_gapany_illibany_covlp_exclyr,backsliding_union_Nyr,1347,165,-0.00253904406382984,0.9657286435159588,1289,163,0.00202746214661737,0.00674681159736431,0.7637906800476462,-0.2214248856396692,0.7456361747503673,0.7664962621447009,18.11654021990432,Z_Y_suffr
5,backsliding_union_Nyr,Y_freexp,Expression & alt. info,vdem_electoral,instr-antiplural_w5_trt-ertOrDdcg_gapany_illibany_covlp_exclyr,backsliding_union_Nyr,1347,165,-0.00253904406382984,0.9657286435159588,1289,163,-0.00850779656109228,0.01883252442899354,0.6514413024405756,1.0345388720543496,24.196129226280515,0.9658957366650864,20.8850004012455,Z_Y_freexp
5,backsliding_union_Nyr,Y_cl_rol,Rule of law,vdem_liberal,instr-antiplural_w5_trt-ertOrDdcg_gapany_illibany_covlp_exclyr,backsliding_union_Nyr,1347,165,-0.00253904406382984,0.9657286435159588,1289,163,-0.01853566089952996,0.01483207378885208,0.21140870681046467,1.3297060955037765,15.886532523539744,0.93329479082197,22.091398593534706,Z_Y_cl_rol
5,backsliding_union_Nyr,Y_cspart,Civil society,vdem_particip,instr-antiplural_w5_trt-ertOrDdcg_gapany_illibany_covlp_exclyr,backsliding_union_Nyr,1347,165,-0.00253904406382984,0.9657286435159588,1289,163,-0.01824322463942184,0.01628208394683015,0.2625229982416874,10.873621615588393,103.93069760487715,0.916674350854745,18.800979595300664,Z_Y_cspart
5,backsliding_union_Nyr,Y_dd,Direct democracy,vdem_particip,instr-antiplural_w5_trt-ertOrDdcg_gapany_illibany_covlp_exclyr,backsliding_union_Nyr,1347,165,-0.00253904406382984,0.9657286435159588,1289,163,0.0074534487905343,0.013479656072893441,0.5803041017860455,-0.2420170905873913,0.7282540123010655,0.73964378558359,28.073001186926795,Z_Y_dd
5,backsliding_union_Nyr,Y_locelec,Local elections,vdem_particip,instr-antiplural_w5_trt-ertOrDdcg_gapany_illibany_covlp_exclyr,backsliding_union_Nyr,1347,165,-0.00253904406382984,0.9657286435159588,1270,158,-0.02501117136441057,0.02306463168636151,0.2781896980349831,-5.261625859159072,49.61558743281056,0.9155443956229404,26.20672646612068,Z_Y_locelec
5,backsliding_union_Nyr,Y_regelec,Regional elections,vdem_particip,instr-antiplural_w5_trt-ertOrDdcg_gapany_illibany_covlp_exclyr,backsliding_union_Nyr,1347,165,-0.00253904406382984,0.9657286435159588,1288,163,-0.05718716131280844,0.02705274247954182,0.0345226440650043,0.8404401012855449,21.537082526639807,0.9688721056524998,25.316152055368935,Z_Y_regelec
5,backsliding_union_Nyr,Y_delib,Deliberation,vdem_egal_delib,instr-antiplural_w5_trt-ertOrDdcg_gapany_illibany_covlp_exclyr,backsliding_union_Nyr,1347,165,-0.00253904406382984,0.9657286435159588,1289,163,-0.00464473575595631,0.02246048170710524,0.836169250380623,0.5720542363621242,6.585898445427335,0.9307824208426176,23.32138936207177,Z_Y_delib
5,backsliding_union_Nyr,Y_eqprotec,Equal protection,vdem_egal_delib,instr-antiplural_w5_trt-ertOrDdcg_gapany_illibany_covlp_exclyr,backsliding_union_Nyr,1347,165,-0.00253904406382984,0.9657286435159588,1289,163,0.00311637795651396,0.01223616901818159,0.7989658186357268,-5.155433820531253,40.947586572314066,0.8998085179210876,16.91420074552508,Z_Y_eqprotec
5,backsliding_union_Nyr,Y_eqaccess,Equal access,vdem_egal_delib,instr-antiplural_w5_trt-ertOrDdcg_gapany_illibany_covlp_exclyr,backsliding_union_Nyr,1347,165,-0.00253904406382984,0.9657286435159588,1289,163,-0.00166862600430046,0.01196056012652925,0.8890466086037644,0.16000911176105248,17.2781298370255,0.9926110651887748,21.921633814853248,Z_Y_eqaccess
5,backsliding_union_Nyr,Y_eqdr,Equal distribution,vdem_egal_delib,instr-antiplural_w5_trt-ertOrDdcg_gapany_illibany_covlp_exclyr,backsliding_union_Nyr,1347,165,-0.00253904406382984,0.9657286435159588,1289,163,-0.00831986810460782,0.00988654263573201,0.40004848718743286,0.11328663418267636,44.46310480944201,0.9979670884669384,19.960143865526472,Z_Y_eqdr
5,polyarchy_decline,Y_gdp_growth,PWT,growth,instr-antiplural_w5_trt-polyarchy_gapany_illibany_covlp_exclyr,polyarchy_decline,1289,496,0.01745619218063444,0.33442186654480127,1207,439,-0.06063006363607653,0.02790842916412051,0.02982066604115675,-6.0542415292789835,7.994199435176494,0.4488525962504375,16.597265038570743,Z_Y_gdp_growth
5,polyarchy_decline,Y_gdp_growth_wb,World Bank,growth,instr-antiplural_w5_trt-polyarchy_gapany_illibany_covlp_exclyr,polyarchy_decline,1289,496,0.01745619218063444,0.33442186654480127,1240,471,-0.0463992023663979,0.02411352445211823,0.05432973418051311,-3.4496137460245393,4.231593707337521,0.41495532825194664,18.781431512928243,Z_Y_gdp_growth_wb
5,polyarchy_decline,Y_gdp_growth_imf,IMF WEO,growth,instr-antiplural_w5_trt-polyarchy_gapany_illibany_covlp_exclyr,polyarchy_decline,1289,496,0.01745619218063444,0.33442186654480127,950,368,-0.04742300889238621,0.02082383387308637,0.02276576081610096,-30.692926809597225,89.13899380961308,0.7306006808419259,18.513872034047463,Z_Y_gdp_growth_imf
5,polyarchy_decline,Y_inflation,"CPI, cumulative log",inflation,instr-antiplural_w5_trt-polyarchy_gapany_illibany_covlp_exclyr,polyarchy_decline,1289,496,0.01745619218063444,0.33442186654480127,1135,432,0.01678107117794558,0.12189834809602512,0.890505602799766,1.262520552771137,7.1548842691403145,0.8599359004312291,18.5033553497712,Z_Y_inflation
5,polyarchy_decline,Y_unemployment,Unemployment rate,unemployment,instr-antiplural_w5_trt-polyarchy_gapany_illibany_covlp_exclyr,polyarchy_decline,1289,496,0.01745619218063444,0.33442186654480127,883,407,0.3151159931992633,0.5572195502064853,0.571723549874052,975.0735499446474,9177.191351752574,0.9153842632179452,16.76069464042044,Z_Y_unemployment
5,polyarchy_decline,Y_trade_pct_gdp,Trade / GDP,trade,instr-antiplural_w5_trt-polyarchy_gapany_illibany_covlp_exclyr,polyarchy_decline,1289,496,0.01745619218063444,0.33442186654480127,1115,432,-1.8252886965376451,2.793627481580563,0.5135140117822141,13.25260571293591,119.36187519941996,0.911593509194797,25.201341085196344,Z_Y_trade_pct_gdp
5,polyarchy_decline,Y_top10_share,Top-10% income share,top10,instr-antiplural_w5_trt-polyarchy_gapany_illibany_covlp_exclyr,polyarchy_decline,1289,496,0.01745619218063444,0.33442186654480127,1152,436,-0.6795448034143351,0.533470379620364,0.20272750488508232,-118.07472468953354,129.05273099954422,0.36022630678584927,21.553133025038687,Z_Y_top10_share
5,polyarchy_decline,Y_gini_disp,Disposable,gini,instr-antiplural_w5_trt-polyarchy_gapany_illibany_covlp_exclyr,polyarchy_decline,1289,496,0.01745619218063444,0.33442186654480127,975,362,0.6917540502247308,0.2787868002146389,0.01309036700687118,885.5074955549228,9672.681283652606,0.9270577535820465,17.898326283384854,Z_Y_gini_disp
5,polyarchy_decline,Y_gini_mkt,Market,gini,instr-antiplural_w5_trt-polyarchy_gapany_illibany_covlp_exclyr,polyarchy_decline,1289,496,0.01745619218063444,0.33442186654480127,975,362,0.45653671017012687,0.2785011158447861,0.10115839694583743,447.2537044584853,1278.367776457686,0.726441446055739,19.342197473426506,Z_Y_gini_mkt
5,polyarchy_decline,Y_debt,Debt / GDP,fiscal,instr-antiplural_w5_trt-polyarchy_gapany_illibany_covlp_exclyr,polyarchy_decline,1289,496,0.01745619218063444,0.33442186654480127,1201,461,3.82340546990598,5.17410279629346,0.4599371000857792,389.0852864554448,497.1991928926996,0.4338889812737217,19.807268669999008,Z_Y_debt
5,polyarchy_decline,Y_deficit,Deficit / GDP,fiscal,instr-antiplural_w5_trt-polyarchy_gapany_illibany_covlp_exclyr,polyarchy_decline,1289,496,0.01745619218063444,0.33442186654480127,1053,412,1.590149084874646,2.203210247613577,0.47045319437686306,25240.5296650286,55226.57972808898,0.6476452406856866,19.287077578107567,Z_Y_deficit
5,polyarchy_decline,Y_checks_balances,Checks & balances,institutions,instr-antiplural_w5_trt-polyarchy_gapany_illibany_covlp_exclyr,polyarchy_decline,1289,496,0.01745619218063444,0.33442186654480127,1259,488,0.01123714292303989,0.01496366913088607,0.45267568525570184,-1.221125057028643,3.482306397226556,0.725839237022573,19.198907925912867,Z_Y_checks_balances
5,polyarchy_decline,Y_jucon,Judicial constraints,institutions,instr-antiplural_w5_trt-polyarchy_gapany_illibany_covlp_exclyr,polyarchy_decline,1289,496,0.01745619218063444,0.33442186654480127,1289,496,-5.480330630668438e-4,0.01773622870368017,0.975350027519332,0.11528068226538551,0.9769825875962032,0.9060703042881696,25.905388213626622,Z_Y_jucon
5,polyarchy_decline,Y_legcon,Legislative constraints,institutions,instr-antiplural_w5_trt-polyarchy_gapany_illibany_covlp_exclyr,polyarchy_decline,1289,496,0.01745619218063444,0.33442186654480127,1259,488,0.00125255991404541,0.0193118895377793,0.9482858498880656,0.0069278931722666,3.0988779151829697,0.9982162400237022,19.416846661645295,Z_Y_legcon
5,polyarchy_decline,Y_hos_power,HOS,exec_power,instr-antiplural_w5_trt-polyarchy_gapany_illibany_covlp_exclyr,polyarchy_decline,1289,496,0.01745619218063444,0.33442186654480127,1289,496,0.00819164127715311,0.01317569561377843,0.5341236123046362,0.7488927621562821,0.8875887387519144,0.3988155667530692,23.48753258192192,Z_Y_hos_power
5,polyarchy_decline,Y_hog_power,HOG,exec_power,instr-antiplural_w5_trt-polyarchy_gapany_illibany_covlp_exclyr,polyarchy_decline,1289,496,0.01745619218063444,0.33442186654480127,659,243,0.00469127203237961,0.01164937161806473,0.6871645077560233,0.964509681656368,1.782330931794455,0.5884036955142131,18.72435361989001,Z_Y_hog_power
5,polyarchy_decline,Y_hos_power_vdem,HOS (v2ex_hosw),exec_power_alt,instr-antiplural_w5_trt-polyarchy_gapany_illibany_covlp_exclyr,polyarchy_decline,1289,496,0.01745619218063444,0.33442186654480127,1289,496,0.0113222573247928,0.02102620014054757,0.5902434416930957,1.4808725322980825,1.849449834264675,0.4232996911707083,20.604846010181376,Z_Y_hos_power_vdem
5,polyarchy_decline,Y_hog_power_vdem,HOG (v2ex_hogw),exec_power_alt,instr-antiplural_w5_trt-polyarchy_gapany_illibany_covlp_exclyr,polyarchy_decline,1289,496,0.01745619218063444,0.33442186654480127,1289,496,-0.00783237361626643,0.01989331767603948,0.6937886429886904,-1.152763720912836,1.7798482692766928,0.5171949978854331,19.57899842564479,Z_Y_hog_power_vdem
5,polyarchy_decline,Y_polyarchy,Electoral (polyarchy),vdem_high,instr-antiplural_w5_trt-polyarchy_gapany_illibany_covlp_exclyr,polyarchy_decline,1289,496,0.01745619218063444,0.33442186654480127,1289,496,-0.01935492976237644,0.0165912775426081,0.2433830143542154,-1,4.925372250436417e-17,0,24.125328532364307,Z_Y_polyarchy
5,polyarchy_decline,Y_libdem,Liberal,vdem_high,instr-antiplural_w5_trt-polyarchy_gapany_illibany_covlp_exclyr,polyarchy_decline,1289,496,0.01745619218063444,0.33442186654480127,1289,496,-0.00677743820041868,0.01559677990108675,0.6638957278803161,-0.4331359589087443,0.4051331440555979,0.28501558741792005,22.879347552927424,Z_Y_libdem
5,polyarchy_decline,Y_partipdem,Participatory,vdem_high,instr-antiplural_w5_trt-polyarchy_gapany_illibany_covlp_exclyr,polyarchy_decline,1289,496,0.01745619218063444,0.33442186654480127,1288,496,-0.01377435941327865,0.0117587684773961,0.24143331654646744,-0.6422610903646523,0.2590503910860873,0.01316441582587175,23.50962802785403,Z_Y_partipdem
5,polyarchy_decline,Y_delibdem,Deliberative,vdem_high,instr-antiplural_w5_trt-polyarchy_gapany_illibany_covlp_exclyr,polyarchy_decline,1289,496,0.01745619218063444,0.33442186654480127,1289,496,-0.00266219851684097,0.01774029563823587,0.8807132864166519,-0.33168812716146334,0.636889477657772,0.6025103833262517,23.703195867230914,Z_Y_delibdem
5,polyarchy_decline,Y_egaldem,Egalitarian,vdem_high,instr-antiplural_w5_trt-polyarchy_gapany_illibany_covlp_exclyr,polyarchy_decline,1289,496,0.01745619218063444,0.33442186654480127,1289,496,-0.00923976633121997,0.01217101030163196,0.4477557622046699,-0.47862455270917353,0.3003006400105352,0.1109768142501866,19.600442399931374,Z_Y_egaldem
5,polyarchy_decline,Y_elecoff,Elected officials,vdem_electoral,instr-antiplural_w5_trt-polyarchy_gapany_illibany_covlp_exclyr,polyarchy_decline,1289,496,0.01745619218063444,0.33442186654480127,1289,496,-0.01574475290583426,0.02905121461379095,0.587842347466313,-2.4810545915606452,1.8556631250384357,0.18121683324337873,23.871523337346392,Z_Y_elecoff
5,polyarchy_decline,Y_frefair,Clean elections,vdem_electoral,instr-antiplural_w5_trt-polyarchy_gapany_illibany_covlp_exclyr,polyarchy_decline,1289,496,0.01745619218063444,0.33442186654480127,1289,496,-0.04836496257731538,0.0224853834296525,0.03148005130278547,-2.5976536527660707,1.176050058095812,0.02718889324384358,20.77491350804847,Z_Y_frefair
5,polyarchy_decline,Y_frassoc,Association,vdem_electoral,instr-antiplural_w5_trt-polyarchy_gapany_illibany_covlp_exclyr,polyarchy_decline,1289,496,0.01745619218063444,0.33442186654480127,1289,496,-0.01920423925684713,0.01836543078926443,0.29571192839821875,-2.062547373757406,1.6414654495156558,0.2089245840924862,20.695289391313576,Z_Y_frassoc
5,polyarchy_decline,Y_suffr,Suffrage,vdem_electoral,instr-antiplural_w5_trt-polyarchy_gapany_illibany_covlp_exclyr,polyarchy_decline,1289,496,0.01745619218063444,0.33442186654480127,1289,496,0.00202746214661737,0.00674681159736431,0.7637906800476462,0.1529146137292402,0.4808885483515702,0.7504974686832284,20.737367297059535,Z_Y_suffr
5,polyarchy_decline,Y_freexp,Expression & alt. info,vdem_electoral,instr-antiplural_w5_trt-polyarchy_gapany_illibany_covlp_exclyr,polyarchy_decline,1289,496,0.01745619218063444,0.33442186654480127,1289,496,-0.00850779656109228,0.01883252442899354,0.6514413024405756,-0.8993011164383272,0.8346831687507771,0.2812943974846517,20.600414443593824,Z_Y_freexp
5,polyarchy_decline,Y_cl_rol,Rule of law,vdem_liberal,instr-antiplural_w5_trt-polyarchy_gapany_illibany_covlp_exclyr,polyarchy_decline,1289,496,0.01745619218063444,0.33442186654480127,1289,496,-0.01853566089952996,0.01483207378885208,0.21140870681046467,-2.1168883790580924,1.898262114806148,0.2647768080957855,20.41367150341164,Z_Y_cl_rol
5,polyarchy_decline,Y_cspart,Civil society,vdem_particip,instr-antiplural_w5_trt-polyarchy_gapany_illibany_covlp_exclyr,polyarchy_decline,1289,496,0.01745619218063444,0.33442186654480127,1289,496,-0.01824322463942184,0.01628208394683015,0.2625229982416874,-1.5591375264261242,1.614349309561553,0.33414458993192353,20.09583993434709,Z_Y_cspart
5,polyarchy_decline,Y_dd,Direct democracy,vdem_particip,instr-antiplural_w5_trt-polyarchy_gapany_illibany_covlp_exclyr,polyarchy_decline,1289,496,0.01745619218063444,0.33442186654480127,1289,496,0.0074534487905343,0.013479656072893441,0.5803041017860455,0.4420372814843913,0.9074061368014068,0.6261564227069663,24.44135587712053,Z_Y_dd
5,polyarchy_decline,Y_locelec,Local elections,vdem_particip,instr-antiplural_w5_trt-polyarchy_gapany_illibany_covlp_exclyr,polyarchy_decline,1289,496,0.01745619218063444,0.33442186654480127,1270,488,-0.02501117136441057,0.02306463168636151,0.2781896980349831,-1.238548580580998,1.0876308025637798,0.2548039877576387,23.78773918937148,Z_Y_locelec
5,polyarchy_decline,Y_regelec,Regional elections,vdem_particip,instr-antiplural_w5_trt-polyarchy_gapany_illibany_covlp_exclyr,polyarchy_decline,1289,496,0.01745619218063444,0.33442186654480127,1288,496,-0.05718716131280844,0.02705274247954182,0.0345226440650043,-4.189299198567566,4.110346112647421,0.3081040495908531,20.57662944804837,Z_Y_regelec
5,polyarchy_decline,Y_delib,Deliberation,vdem_egal_delib,instr-antiplural_w5_trt-polyarchy_gapany_illibany_covlp_exclyr,polyarchy_decline,1289,496,0.01745619218063444,0.33442186654480127,1289,496,-0.00464473575595631,0.02246048170710524,0.836169250380623,-0.5180126016837918,1.263514655174692,0.681822439940456,19.76206587675908,Z_Y_delib
5,polyarchy_decline,Y_eqprotec,Equal protection,vdem_egal_delib,instr-antiplural_w5_trt-polyarchy_gapany_illibany_covlp_exclyr,polyarchy_decline,1289,496,0.01745619218063444,0.33442186654480127,1289,496,0.00311637795651396,0.01223616901818159,0.7989658186357268,0.3443379958885975,0.9822715763450656,0.7259239145145853,20.292633748643436,Z_Y_eqprotec
5,polyarchy_decline,Y_eqaccess,Equal access,vdem_egal_delib,instr-antiplural_w5_trt-polyarchy_gapany_illibany_covlp_exclyr,polyarchy_decline,1289,496,0.01745619218063444,0.33442186654480127,1289,496,-0.00166862600430046,0.01196056012652925,0.8890466086037644,-0.27824248642754457,1.0388210515526832,0.788819029560938,17.76893996758538,Z_Y_eqaccess
5,polyarchy_decline,Y_eqdr,Equal distribution,vdem_egal_delib,instr-antiplural_w5_trt-polyarchy_gapany_illibany_covlp_exclyr,polyarchy_decline,1289,496,0.01745619218063444,0.33442186654480127,1289,496,-0.00831986810460782,0.00988654263573201,0.40004848718743286,-0.408746095458882,0.5290787314433549,0.4397816716023039,23.571916824961487,Z_Y_eqdr
6,backsliding_Nyr,Y_gdp_growth,PWT,growth,instr-antiplural_w6_trt-ert_gapany_illibany_covlp_exclyr,backsliding_Nyr,1347,164,-0.0161934092150489,0.7779123676125181,1179,146,-0.0608749839714773,0.02928492254618003,0.03764362819562456,1.8755407603517091,3.8560576907510176,0.6266919918220156,23.908940533461752,Z_Y_gdp_growth
6,backsliding_Nyr,Y_gdp_growth_wb,World Bank,growth,instr-antiplural_w6_trt-ert_gapany_illibany_covlp_exclyr,backsliding_Nyr,1347,164,-0.0161934092150489,0.7779123676125181,1204,151,-0.04656516614789208,0.02719851208335011,0.0868877693252978,1.5444557056449275,3.268616007778725,0.6365623786655945,22.597693013643223,Z_Y_gdp_growth_wb
6,backsliding_Nyr,Y_gdp_growth_imf,IMF WEO,growth,instr-antiplural_w6_trt-ert_gapany_illibany_covlp_exclyr,backsliding_Nyr,1347,164,-0.0161934092150489,0.7779123676125181,919,119,-0.05286170212361378,0.02421500110987633,0.02903473132085619,8.270632507421627,31.59346187437429,0.7934887149951357,21.363422852802792,Z_Y_gdp_growth_imf
6,backsliding_Nyr,Y_inflation,"CPI, cumulative log",inflation,instr-antiplural_w6_trt-ert_gapany_illibany_covlp_exclyr,backsliding_Nyr,1347,164,-0.0161934092150489,0.7779123676125181,1097,135,-0.02173003261307777,0.16763209501202933,0.8968597138007923,0.5763744249935658,3.7631859857473184,0.8782710825120967,17.35761382475391,Z_Y_inflation
6,backsliding_Nyr,Y_unemployment,Unemployment rate,unemployment,instr-antiplural_w6_trt-ert_gapany_illibany_covlp_exclyr,backsliding_Nyr,1347,164,-0.0161934092150489,0.7779123676125181,854,134,0.4895246441909634,0.5657894550123608,0.3869255262235979,-17.438030820825684,39.12366022048663,0.6558025997450688,23.661304189923992,Z_Y_unemployment
6,backsliding_Nyr,Y_trade_pct_gdp,Trade / GDP,trade,instr-antiplural_w6_trt-ert_gapany_illibany_covlp_exclyr,backsliding_Nyr,1347,164,-0.0161934092150489,0.7779123676125181,1082,137,-1.1227376622860703,2.8993017830746273,0.6985754659579688,37.22982608724056,91.92406694519003,0.6854728812534362,15.489472763845097,Z_Y_trade_pct_gdp
6,backsliding_Nyr,Y_top10_share,Top-10% income share,top10,instr-antiplural_w6_trt-ert_gapany_illibany_covlp_exclyr,backsliding_Nyr,1347,164,-0.0161934092150489,0.7779123676125181,1116,142,-0.8880291590983689,0.567855943316777,0.11785791096237758,46.24507848244485,138.26614443870864,0.7380292842808069,22.261734434464604,Z_Y_top10_share
6,backsliding_Nyr,Y_gini_disp,Disposable,gini,instr-antiplural_w6_trt-ert_gapany_illibany_covlp_exclyr,backsliding_Nyr,1347,164,-0.0161934092150489,0.7779123676125181,946,121,0.5917327700872163,0.3121831145623031,0.05803056878555451,-11.540326871309238,14.92514973212229,0.4393960533945427,21.829823204764807,Z_Y_gini_disp
6,backsliding_Nyr,Y_gini_mkt,Market,gini,instr-antiplural_w6_trt-ert_gapany_illibany_covlp_exclyr,backsliding_Nyr,1347,164,-0.0161934092150489,0.7779123676125181,946,121,0.5149584802892311,0.29811833889079525,0.08410255622531057,-10.830079236601527,16.353871585464898,0.5078216811542673,22.077538078895003,Z_Y_gini_mkt
6,backsliding_Nyr,Y_debt,Debt / GDP,fiscal,instr-antiplural_w6_trt-ert_gapany_illibany_covlp_exclyr,backsliding_Nyr,1347,164,-0.0161934092150489,0.7779123676125181,1165,146,4.539050339451007,4.911248811377933,0.3553743323680832,-258.30325819070174,903.7587598202242,0.7750236765189464,16.788567903148575,Z_Y_debt
6,backsliding_Nyr,Y_deficit,Deficit / GDP,fiscal,instr-antiplural_w6_trt-ert_gapany_illibany_covlp_exclyr,backsliding_Nyr,1347,164,-0.0161934092150489,0.7779123676125181,1017,128,0.5008142936182886,0.9607271905103846,0.6021670741770095,-23.1602444418484,46.624588432646064,0.6193732221687358,18.624618318981497,Z_Y_deficit
6,backsliding_Nyr,Y_checks_balances,Checks & balances,institutions,instr-antiplural_w6_trt-ert_gapany_illibany_covlp_exclyr,backsliding_Nyr,1347,164,-0.0161934092150489,0.7779123676125181,1229,154,5.888330097011794e-4,0.01791035362396061,0.9737729274048534,-0.08126760760478327,0.7615980859234159,0.9150216784512032,20.815343225672947,Z_Y_checks_balances
6,backsliding_Nyr,Y_jucon,Judicial constraints,institutions,instr-antiplural_w6_trt-ert_gapany_illibany_covlp_exclyr,backsliding_Nyr,1347,164,-0.0161934092150489,0.7779123676125181,1258,156,-0.00543760231841649,0.01824579019608352,0.7656882368449385,0.25476983739137005,0.956372983247255,0.7899375466966054,23.372895263057895,Z_Y_jucon
6,backsliding_Nyr,Y_legcon,Legislative constraints,institutions,instr-antiplural_w6_trt-ert_gapany_illibany_covlp_exclyr,backsliding_Nyr,1347,164,-0.0161934092150489,0.7779123676125181,1229,154,-0.01386445888076839,0.02258983567107283,0.539382085982463,0.4444664550148464,1.0992206056411409,0.6859576345936815,23.34255008468249,Z_Y_legcon
6,backsliding_Nyr,Y_hos_power,HOS,exec_power,instr-antiplural_w6_trt-ert_gapany_illibany_covlp_exclyr,backsliding_Nyr,1347,164,-0.0161934092150489,0.7779123676125181,1258,156,0.00665926931696611,0.01498120591524744,0.6566751803486295,-0.6030893732199037,2.3180724447779517,0.7947338203247553,20.995018897488933,Z_Y_hos_power
6,backsliding_Nyr,Y_hog_power,HOG,exec_power,instr-antiplural_w6_trt-ert_gapany_illibany_covlp_exclyr,backsliding_Nyr,1347,164,-0.0161934092150489,0.7779123676125181,637,88,-0.00320602274233173,0.01127717730057657,0.776185838164009,0.04103229256769931,0.5450565593807629,0.939991299359604,18.57604595695706,Z_Y_hog_power
6,backsliding_Nyr,Y_hos_power_vdem,HOS (v2ex_hosw),exec_power_alt,instr-antiplural_w6_trt-ert_gapany_illibany_covlp_exclyr,backsliding_Nyr,1347,164,-0.0161934092150489,0.7779123676125181,1258,156,0.03189130731675584,0.02755866641618985,0.24718445433914027,-2.5415626372926563,7.327954751254063,0.7287182081785597,17.48315868867182,Z_Y_hos_power_vdem
6,backsliding_Nyr,Y_hog_power_vdem,HOG (v2ex_hogw),exec_power_alt,instr-antiplural_w6_trt-ert_gapany_illibany_covlp_exclyr,backsliding_Nyr,1347,164,-0.0161934092150489,0.7779123676125181,1258,156,-0.02444450032074852,0.02765671034687798,0.3767749095743598,1.2284261830747267,4.387165300258483,0.7794740250205912,15.14252182892504,Z_Y_hog_power_vdem
6,backsliding_Nyr,Y_polyarchy,Electoral (polyarchy),vdem_high,instr-antiplural_w6_trt-ert_gapany_illibany_covlp_exclyr,backsliding_Nyr,1347,164,-0.0161934092150489,0.7779123676125181,1258,156,-0.02594978388899085,0.01771479086869669,0.14295764935885652,1.1803870074090463,3.211118186288876,0.7131761684639991,23.12660500201351,Z_Y_polyarchy
6,backsliding_Nyr,Y_libdem,Liberal,vdem_high,instr-antiplural_w6_trt-ert_gapany_illibany_covlp_exclyr,backsliding_Nyr,1347,164,-0.0161934092150489,0.7779123676125181,1258,156,-0.01741798621415452,0.01582179703567881,0.2709465135621581,0.8166100689932709,2.2819981087729317,0.7204565391755573,22.92032198792376,Z_Y_libdem
6,backsliding_Nyr,Y_partipdem,Participatory,vdem_high,instr-antiplural_w6_trt-ert_gapany_illibany_covlp_exclyr,backsliding_Nyr,1347,164,-0.0161934092150489,0.7779123676125181,1257,156,-0.01625699786341402,0.01260080868927623,0.1969968046639748,0.6903930653282608,1.8527575999882973,0.709423841293426,23.642512028721892,Z_Y_partipdem
6,backsliding_Nyr,Y_delibdem,Deliberative,vdem_high,instr-antiplural_w6_trt-ert_gapany_illibany_covlp_exclyr,backsliding_Nyr,1347,164,-0.0161934092150489,0.7779123676125181,1258,156,-0.00890098001474142,0.01847295348711969,0.6299206844001666,0.4880813675224619,1.8692245649906096,0.7940043215390717,21.712369707123287,Z_Y_delibdem
6,backsliding_Nyr,Y_egaldem,Egalitarian,vdem_high,instr-antiplural_w6_trt-ert_gapany_illibany_covlp_exclyr,backsliding_Nyr,1347,164,-0.0161934092150489,0.7779123676125181,1258,156,-0.01232921842853207,0.01331662588146898,0.35452314413519165,0.8717604370937497,2.692161627814488,0.7460786280475178,21.942511635457617,Z_Y_egaldem
6,backsliding_Nyr,Y_elecoff,Elected officials,vdem_electoral,instr-antiplural_w6_trt-ert_gapany_illibany_covlp_exclyr,backsliding_Nyr,1347,164,-0.0161934092150489,0.7779123676125181,1258,156,-0.01699847750353232,0.02824783803255542,0.5473325261342314,1.0312765261214265,2.9410461852988825,0.7258512771525933,24.90579512100101,Z_Y_elecoff
6,backsliding_Nyr,Y_frefair,Clean elections,vdem_electoral,instr-antiplural_w6_trt-ert_gapany_illibany_covlp_exclyr,backsliding_Nyr,1347,164,-0.0161934092150489,0.7779123676125181,1258,156,-0.05200262177877225,0.02557086119371834,0.04198516098885847,2.4664553162800913,7.178538170429313,0.7311565965069136,23.17280861096821,Z_Y_frefair
6,backsliding_Nyr,Y_frassoc,Association,vdem_electoral,instr-antiplural_w6_trt-ert_gapany_illibany_covlp_exclyr,backsliding_Nyr,1347,164,-0.0161934092150489,0.7779123676125181,1258,156,-0.02632046466658822,0.01893221114273588,0.16445364655645453,1.4374785026793164,3.807970906902047,0.7058080184137409,20.085430026853594,Z_Y_frassoc
6,backsliding_Nyr,Y_suffr,Suffrage,vdem_electoral,instr-antiplural_w6_trt-ert_gapany_illibany_covlp_exclyr,backsliding_Nyr,1347,164,-0.0161934092150489,0.7779123676125181,1258,156,8.671079633319945e-4,0.00660881545639009,0.8956133404524069,-0.00811125992422946,0.14886317258031512,0.9565463509285528,13.569421203407062,Z_Y_suffr
6,backsliding_Nyr,Y_freexp,Expression & alt. info,vdem_electoral,instr-antiplural_w6_trt-ert_gapany_illibany_covlp_exclyr,backsliding_Nyr,1347,164,-0.0161934092150489,0.7779123676125181,1258,156,-0.01734897362856423,0.02007400699168026,0.38745021257959,1.4888444507176706,4.128136821298951,0.7183553281759725,17.611240713250254,Z_Y_freexp
6,backsliding_Nyr,Y_cl_rol,Rule of law,vdem_liberal,instr-antiplural_w6_trt-ert_gapany_illibany_covlp_exclyr,backsliding_Nyr,1347,164,-0.0161934092150489,0.7779123676125181,1258,156,-0.02360820823170253,0.01605053393137856,0.14132696160330346,1.7559154230456584,4.746151049057575,0.7114076819188181,17.551596424685865,Z_Y_cl_rol
6,backsliding_Nyr,Y_cspart,Civil society,vdem_particip,instr-antiplural_w6_trt-ert_gapany_illibany_covlp_exclyr,backsliding_Nyr,1347,164,-0.0161934092150489,0.7779123676125181,1258,156,-0.02083203174390645,0.01642208303046418,0.2046059897454616,1.240437369320761,3.622555044661517,0.7320344092294341,18.417973370796023,Z_Y_cspart
6,backsliding_Nyr,Y_dd,Direct democracy,vdem_particip,instr-antiplural_w6_trt-ert_gapany_illibany_covlp_exclyr,backsliding_Nyr,1347,164,-0.0161934092150489,0.7779123676125181,1258,156,0.01053002485438105,0.01519843126224871,0.4884122900410374,-0.30092372259245204,0.6357788483380229,0.6359883981361754,25.624035923592643,Z_Y_dd
6,backsliding_Nyr,Y_locelec,Local elections,vdem_particip,instr-antiplural_w6_trt-ert_gapany_illibany_covlp_exclyr,backsliding_Nyr,1347,164,-0.0161934092150489,0.7779123676125181,1239,152,-0.01674848110474917,0.02405398969403116,0.486249092450153,0.9974264522036752,4.44240265178173,0.8223495173466692,23.789349088914133,Z_Y_locelec
6,backsliding_Nyr,Y_regelec,Regional elections,vdem_particip,instr-antiplural_w6_trt-ert_gapany_illibany_covlp_exclyr,backsliding_Nyr,1347,164,-0.0161934092150489,0.7779123676125181,1257,156,-0.05402419437391259,0.02730704226986763,0.04788383938305105,1.886551332923172,4.55534702875135,0.6787715938027237,24.42761428257402,Z_Y_regelec
6,backsliding_Nyr,Y_delib,Deliberation,vdem_egal_delib,instr-antiplural_w6_trt-ert_gapany_illibany_covlp_exclyr,backsliding_Nyr,1347,164,-0.0161934092150489,0.7779123676125181,1258,156,-0.00796544210899936,0.02413994113977701,0.7414230769048284,0.7297431632531151,2.967749159901166,0.8057665184534061,18.494756434006657,Z_Y_delib
6,backsliding_Nyr,Y_eqprotec,Equal protection,vdem_egal_delib,instr-antiplural_w6_trt-ert_gapany_illibany_covlp_exclyr,backsliding_Nyr,1347,164,-0.0161934092150489,0.7779123676125181,1258,156,0.00380359514460313,0.01270141202488805,0.7645872678884948,-0.35019871441633843,1.4739982936641027,0.8122036015002617,16.905884195924738,Z_Y_eqprotec
6,backsliding_Nyr,Y_eqaccess,Equal access,vdem_egal_delib,instr-antiplural_w6_trt-ert_gapany_illibany_covlp_exclyr,backsliding_Nyr,1347,164,-0.0161934092150489,0.7779123676125181,1258,156,-0.00499216488626104,0.01381518971571877,0.7178353272732304,0.5467950094358001,1.5673678849297468,0.727192955620459,17.735804497690452,Z_Y_eqaccess
6,backsliding_Nyr,Y_eqdr,Equal distribution,vdem_egal_delib,instr-antiplural_w6_trt-ert_gapany_illibany_covlp_exclyr,backsliding_Nyr,1347,164,-0.0161934092150489,0.7779123676125181,1258,156,-0.00844266755133507,0.0114290591904248,0.4600880417806279,0.5373606961903239,1.610923941679446,0.7387018120057969,17.96988651710166,Z_Y_eqdr
6,backsliding_union_Nyr,Y_gdp_growth,PWT,growth,instr-antiplural_w6_trt-ertOrDdcg_gapany_illibany_covlp_exclyr,backsliding_union_Nyr,1347,186,0.00704093293329974,0.9063966844831266,1179,168,-0.0608749839714773,0.02928492254618003,0.03764362819562456,1.0388527321176166,40.473603765946024,0.9795226153831332,18.168285445328085,Z_Y_gdp_growth
6,backsliding_union_Nyr,Y_gdp_growth_wb,World Bank,growth,instr-antiplural_w6_trt-ertOrDdcg_gapany_illibany_covlp_exclyr,backsliding_union_Nyr,1347,186,0.00704093293329974,0.9063966844831266,1204,172,-0.04656516614789208,0.02719851208335011,0.0868877693252978,9.623560935030692,105.7020467812533,0.9274574504480688,24.66288699100632,Z_Y_gdp_growth_wb
6,backsliding_union_Nyr,Y_gdp_growth_imf,IMF WEO,growth,instr-antiplural_w6_trt-ertOrDdcg_gapany_illibany_covlp_exclyr,backsliding_union_Nyr,1347,186,0.00704093293329974,0.9063966844831266,919,134,-0.05286170212361378,0.02421500110987633,0.02903473132085619,43.99529005641438,196.7228404955902,0.8230366689307214,24.45248760515642,Z_Y_gdp_growth_imf
6,backsliding_union_Nyr,Y_inflation,"CPI, cumulative log",inflation,instr-antiplural_w6_trt-ertOrDdcg_gapany_illibany_covlp_exclyr,backsliding_union_Nyr,1347,186,0.00704093293329974,0.9063966844831266,1097,151,-0.02173003261307777,0.16763209501202933,0.8968597138007923,115.57851105791649,5580.352328994994,0.983475646103996,18.29070341171977,Z_Y_inflation
6,backsliding_union_Nyr,Y_unemployment,Unemployment rate,unemployment,instr-antiplural_w6_trt-ertOrDdcg_gapany_illibany_covlp_exclyr,backsliding_union_Nyr,1347,186,0.00704093293329974,0.9063966844831266,854,149,0.4895246441909634,0.5657894550123608,0.3869255262235979,-22.493809466780625,73.55913796742075,0.7597628797150895,21.902129712122655,Z_Y_unemployment
6,backsliding_union_Nyr,Y_trade_pct_gdp,Trade / GDP,trade,instr-antiplural_w6_trt-ertOrDdcg_gapany_illibany_covlp_exclyr,backsliding_union_Nyr,1347,186,0.00704093293329974,0.9063966844831266,1082,155,-1.1227376622860703,2.8993017830746273,0.6985754659579688,-57.95480814632832,460.73998258932136,0.899901034290146,20.478886197894656,Z_Y_trade_pct_gdp
6,backsliding_union_Nyr,Y_top10_share,Top-10% income share,top10,instr-antiplural_w6_trt-ertOrDdcg_gapany_illibany_covlp_exclyr,backsliding_union_Nyr,1347,186,0.00704093293329974,0.9063966844831266,1116,161,-0.8880291590983689,0.567855943316777,0.11785791096237758,32.160540427692126,116.9752063566144,0.7833664259491208,24.932552057620093,Z_Y_top10_share
6,backsliding_union_Nyr,Y_gini_disp,Disposable,gini,instr-antiplural_w6_trt-ertOrDdcg_gapany_illibany_covlp_exclyr,backsliding_union_Nyr,1347,186,0.00704093293329974,0.9063966844831266,946,134,0.5917327700872163,0.3121831145623031,0.05803056878555451,-17.311893098878944,30.03884713553416,0.564401050475732,21.174826573528943,Z_Y_gini_disp
6,backsliding_union_Nyr,Y_gini_mkt,Market,gini,instr-antiplural_w6_trt-ertOrDdcg_gapany_illibany_covlp_exclyr,backsliding_union_Nyr,1347,186,0.00704093293329974,0.9063966844831266,946,134,0.5149584802892311,0.29811833889079525,0.08410255622531057,-17.17859958300895,35.810220383275016,0.6314320520768701,21.483397447648574,Z_Y_gini_mkt
6,backsliding_union_Nyr,Y_debt,Debt / GDP,fiscal,instr-antiplural_w6_trt-ertOrDdcg_gapany_illibany_covlp_exclyr,backsliding_union_Nyr,1347,186,0.00704093293329974,0.9063966844831266,1165,165,4.539050339451007,4.911248811377933,0.3553743323680832,132.91199995962202,658.4425776881037,0.8400276207692546,18.908035474729015,Z_Y_debt
6,backsliding_union_Nyr,Y_deficit,Deficit / GDP,fiscal,instr-antiplural_w6_trt-ertOrDdcg_gapany_illibany_covlp_exclyr,backsliding_union_Nyr,1347,186,0.00704093293329974,0.9063966844831266,1017,139,0.5008142936182886,0.9607271905103846,0.6021670741770095,-34.088059888809255,98.52407998937014,0.7293524157530398,19.940430844299787,Z_Y_deficit
6,backsliding_union_Nyr,Y_checks_balances,Checks & balances,institutions,instr-antiplural_w6_trt-ertOrDdcg_gapany_illibany_covlp_exclyr,backsliding_union_Nyr,1347,186,0.00704093293329974,0.9063966844831266,1229,170,5.888330097011794e-4,0.01791035362396061,0.9737729274048534,-0.12400694054868625,1.1578738341296873,0.9147105701299176,22.537395764852956,Z_Y_checks_balances
6,backsliding_union_Nyr,Y_jucon,Judicial constraints,institutions,instr-antiplural_w6_trt-ertOrDdcg_gapany_illibany_covlp_exclyr,backsliding_union_Nyr,1347,186,0.00704093293329974,0.9063966844831266,1258,178,-0.00543760231841649,0.01824579019608352,0.7656882368449385,-0.675340077274797,5.659669806479093,0.9050178809935704,20.939706137094458,Z_Y_jucon
6,backsliding_union_Nyr,Y_legcon,Legislative constraints,institutions,instr-antiplural_w6_trt-ertOrDdcg_gapany_illibany_covlp_exclyr,backsliding_union_Nyr,1347,186,0.00704093293329974,0.9063966844831266,1229,170,-0.01386445888076839,0.02258983567107283,0.539382085982463,0.48798429720989817,1.560357166058987,0.7544790811194646,24.67517637207746,Z_Y_legcon
6,backsliding_union_Nyr,Y_hos_power,HOS,exec_power,instr-antiplural_w6_trt-ertOrDdcg_gapany_illibany_covlp_exclyr,backsliding_union_Nyr,1347,186,0.00704093293329974,0.9063966844831266,1258,178,0.00665926931696611,0.01498120591524744,0.6566751803486295,0.2430251527539431,2.718586783721853,0.9287688484545804,18.912341792265927,Z_Y_hos_power
6,backsliding_union_Nyr,Y_hog_power,HOG,exec_power,instr-antiplural_w6_trt-ertOrDdcg_gapany_illibany_covlp_exclyr,backsliding_union_Nyr,1347,186,0.00704093293329974,0.9063966844831266,637,101,-0.00320602274233173,0.01127717730057657,0.776185838164009,0.20174182903459237,1.9264923941429188,0.9165981787143488,20.88121939467686,Z_Y_hog_power
6,backsliding_union_Nyr,Y_hos_power_vdem,HOS (v2ex_hosw),exec_power_alt,instr-antiplural_w6_trt-ertOrDdcg_gapany_illibany_covlp_exclyr,backsliding_union_Nyr,1347,186,0.00704093293329974,0.9063966844831266,1258,178,0.03189130731675584,0.02755866641618985,0.24718445433914027,1.6535581869312277,55.13325481016345,0.9760734101072736,21.116605230800644,Z_Y_hos_power_vdem
6,backsliding_union_Nyr,Y_hog_power_vdem,HOG (v2ex_hogw),exec_power_alt,instr-antiplural_w6_trt-ertOrDdcg_gapany_illibany_covlp_exclyr,backsliding_union_Nyr,1347,186,0.00704093293329974,0.9063966844831266,1258,178,-0.02444450032074852,0.02765671034687798,0.3767749095743598,147.4491218981056,2348.5938911268136,0.9499402011497788,23.587258762837223,Z_Y_hog_power_vdem
6,backsliding_union_Nyr,Y_polyarchy,Electoral (polyarchy),vdem_high,instr-antiplural_w6_trt-ertOrDdcg_gapany_illibany_covlp_exclyr,backsliding_union_Nyr,1347,186,0.00704093293329974,0.9063966844831266,1258,178,-0.02594978388899085,0.01771479086869669,0.14295764935885652,0.4402490358668026,57.999626953701885,0.993943675951544,25.319992050320337,Z_Y_polyarchy
6,backsliding_union_Nyr,Y_libdem,Liberal,vdem_high,instr-antiplural_w6_trt-ertOrDdcg_gapany_illibany_covlp_exclyr,backsliding_union_Nyr,1347,186,0.00704093293329974,0.9063966844831266,1258,178,-0.01741798621415452,0.01582179703567881,0.2709465135621581,-0.18181896851695625,63.77224039753435,0.9977251802602468,24.84579937117125,Z_Y_libdem
6,backsliding_union_Nyr,Y_partipdem,Participatory,vdem_high,instr-antiplural_w6_trt-ertOrDdcg_gapany_illibany_covlp_exclyr,backsliding_union_Nyr,1347,186,0.00704093293329974,0.9063966844831266,1257,178,-0.01625699786341402,0.01260080868927623,0.1969968046639748,-0.8659280427897351,38.94630798523544,0.9822613815981016,22.187550816853328,Z_Y_partipdem
6,backsliding_union_Nyr,Y_delibdem,Deliberative,vdem_high,instr-antiplural_w6_trt-ertOrDdcg_gapany_illibany_covlp_exclyr,backsliding_union_Nyr,1347,186,0.00704093293329974,0.9063966844831266,1258,178,-0.00890098001474142,0.01847295348711969,0.6299206844001666,112.22747069304046,5713.225828320754,0.9843278017533792,23.655898735606375,Z_Y_delibdem
6,backsliding_union_Nyr,Y_egaldem,Egalitarian,vdem_high,instr-antiplural_w6_trt-ertOrDdcg_gapany_illibany_covlp_exclyr,backsliding_union_Nyr,1347,186,0.00704093293329974,0.9063966844831266,1258,178,-0.01232921842853207,0.01331662588146898,0.35452314413519165,-0.8954849560552416,6.29642955384485,0.8869053885320074,20.944835379997347,Z_Y_egaldem
6,backsliding_union_Nyr,Y_elecoff,Elected officials,vdem_electoral,instr-antiplural_w6_trt-ertOrDdcg_gapany_illibany_covlp_exclyr,backsliding_union_Nyr,1347,186,0.00704093293329974,0.9063966844831266,1258,178,-0.01699847750353232,0.02824783803255542,0.5473325261342314,-0.23796672756968215,3.428213198014083,0.9446599143763156,17.574670850812353,Z_Y_elecoff
6,backsliding_union_Nyr,Y_frefair,Clean elections,vdem_electoral,instr-antiplural_w6_trt-ertOrDdcg_gapany_illibany_covlp_exclyr,backsliding_union_Nyr,1347,186,0.00704093293329974,0.9063966844831266,1258,178,-0.05200262177877225,0.02557086119371834,0.04198516098885847,-19.07213266177785,438.42257383681743,0.965301599622063,23.039998000454137,Z_Y_frefair
6,backsliding_union_Nyr,Y_frassoc,Association,vdem_electoral,instr-antiplural_w6_trt-ertOrDdcg_gapany_illibany_covlp_exclyr,backsliding_union_Nyr,1347,186,0.00704093293329974,0.9063966844831266,1258,178,-0.02632046466658822,0.01893221114273588,0.16445364655645453,-1.7536541266069814,43.95366552938684,0.9681746128525346,20.856403101712864,Z_Y_frassoc
6,backsliding_union_Nyr,Y_suffr,Suffrage,vdem_electoral,instr-antiplural_w6_trt-ertOrDdcg_gapany_illibany_covlp_exclyr,backsliding_union_Nyr,1347,186,0.00704093293329974,0.9063966844831266,1258,178,8.671079633319945e-4,0.00660881545639009,0.8956133404524069,0.069710690577002,4.86089606825351,0.9885578345154096,16.27307694532037,Z_Y_suffr
6,backsliding_union_Nyr,Y_freexp,Expression & alt. info,vdem_electoral,instr-antiplural_w6_trt-ertOrDdcg_gapany_illibany_covlp_exclyr,backsliding_union_Nyr,1347,186,0.00704093293329974,0.9063966844831266,1258,178,-0.01734897362856423,0.02007400699168026,0.38745021257959,2.617968896933677,329.9895261972384,0.9936700565141952,22.36518752427148,Z_Y_freexp
6,backsliding_union_Nyr,Y_cl_rol,Rule of law,vdem_liberal,instr-antiplural_w6_trt-ertOrDdcg_gapany_illibany_covlp_exclyr,backsliding_union_Nyr,1347,186,0.00704093293329974,0.9063966844831266,1258,178,-0.02360820823170253,0.01605053393137856,0.14132696160330346,-1.1718318890221775,5.737241340789838,0.8381580934526961,18.525718048520677,Z_Y_cl_rol
6,backsliding_union_Nyr,Y_cspart,Civil society,vdem_particip,instr-antiplural_w6_trt-ertOrDdcg_gapany_illibany_covlp_exclyr,backsliding_union_Nyr,1347,186,0.00704093293329974,0.9063966844831266,1258,178,-0.02083203174390645,0.01642208303046418,0.2046059897454616,-2.021418821568855,8.56039348353144,0.813326981471518,20.13544537278455,Z_Y_cspart
6,backsliding_union_Nyr,Y_dd,Direct democracy,vdem_particip,instr-antiplural_w6_trt-ertOrDdcg_gapany_illibany_covlp_exclyr,backsliding_union_Nyr,1347,186,0.00704093293329974,0.9063966844831266,1258,178,0.01053002485438105,0.01519843126224871,0.4884122900410374,-0.48432955074699,1.81921536173109,0.7900621454487119,27.598764667957937,Z_Y_dd
6,backsliding_union_Nyr,Y_locelec,Local elections,vdem_particip,instr-antiplural_w6_trt-ertOrDdcg_gapany_illibany_covlp_exclyr,backsliding_union_Nyr,1347,186,0.00704093293329974,0.9063966844831266,1239,174,-0.01674848110474917,0.02405398969403116,0.486249092450153,-1.8480790431908605,18.736408015445413,0.9214275100272326,21.924518008553136,Z_Y_locelec
6,backsliding_union_Nyr,Y_regelec,Regional elections,vdem_particip,instr-antiplural_w6_trt-ertOrDdcg_gapany_illibany_covlp_exclyr,backsliding_union_Nyr,1347,186,0.00704093293329974,0.9063966844831266,1257,178,-0.05402419437391259,0.02730704226986763,0.04788383938305105,-3.017539941279475,235.081486391329,0.9897585196832588,22.063224901725047,Z_Y_regelec
6,backsliding_union_Nyr,Y_delib,Deliberation,vdem_egal_delib,instr-antiplural_w6_trt-ertOrDdcg_gapany_illibany_covlp_exclyr,backsliding_union_Nyr,1347,186,0.00704093293329974,0.9063966844831266,1258,178,-0.00796544210899936,0.02413994113977701,0.7414230769048284,-0.787247314054238,22.31720112094409,0.9718601706023212,21.43024402271898,Z_Y_delib
6,backsliding_union_Nyr,Y_eqprotec,Equal protection,vdem_egal_delib,instr-antiplural_w6_trt-ertOrDdcg_gapany_illibany_covlp_exclyr,backsliding_union_Nyr,1347,186,0.00704093293329974,0.9063966844831266,1258,178,0.00380359514460313,0.01270141202488805,0.7645872678884948,0.1210387299137185,1.4280669097780154,0.9324545445180888,17.9936624564865,Z_Y_eqprotec
6,backsliding_union_Nyr,Y_eqaccess,Equal access,vdem_egal_delib,instr-antiplural_w6_trt-ertOrDdcg_gapany_illibany_covlp_exclyr,backsliding_union_Nyr,1347,186,0.00704093293329974,0.9063966844831266,1258,178,-0.00499216488626104,0.01381518971571877,0.7178353272732304,-0.3924775408961439,1.5456815796232168,0.7995583258627796,19.86518576766052,Z_Y_eqaccess
6,backsliding_union_Nyr,Y_eqdr,Equal distribution,vdem_egal_delib,instr-antiplural_w6_trt-ertOrDdcg_gapany_illibany_covlp_exclyr,backsliding_union_Nyr,1347,186,0.00704093293329974,0.9063966844831266,1258,178,-0.00844266755133507,0.0114290591904248,0.4600880417806279,-0.2126961782332456,1.2176717108334756,0.8613354180256527,17.560406581592108,Z_Y_eqdr
6,polyarchy_decline,Y_gdp_growth,PWT,growth,instr-antiplural_w6_trt-polyarchy_gapany_illibany_covlp_exclyr,polyarchy_decline,1258,458,0.0251806932676514,0.19238731641664625,1179,407,-0.0608749839714773,0.02928492254618003,0.03764362819562456,-4.472846989664996,4.812682668549393,0.3526883168224058,14.301778899345353,Z_Y_gdp_growth
6,polyarchy_decline,Y_gdp_growth_wb,World Bank,growth,instr-antiplural_w6_trt-polyarchy_gapany_illibany_covlp_exclyr,polyarchy_decline,1258,458,0.0251806932676514,0.19238731641664625,1204,430,-0.04656516614789208,0.02719851208335011,0.0868877693252978,-3.544340257527247,4.246353412684613,0.40389870235432446,15.11976983462216,Z_Y_gdp_growth_wb
6,polyarchy_decline,Y_gdp_growth_imf,IMF WEO,growth,instr-antiplural_w6_trt-polyarchy_gapany_illibany_covlp_exclyr,polyarchy_decline,1258,458,0.0251806932676514,0.19238731641664625,919,335,-0.05286170212361378,0.02421500110987633,0.02903473132085619,-29.70653421560438,2800.637752181784,0.9915369488480048,18.928632171269964,Z_Y_gdp_growth_imf
6,polyarchy_decline,Y_inflation,"CPI, cumulative log",inflation,instr-antiplural_w6_trt-polyarchy_gapany_illibany_covlp_exclyr,polyarchy_decline,1258,458,0.0251806932676514,0.19238731641664625,1097,393,-0.02173003261307777,0.16763209501202933,0.8968597138007923,-3.5039644569374637,9.88799705516831,0.7230650289157419,21.58201484781008,Z_Y_inflation
6,polyarchy_decline,Y_unemployment,Unemployment rate,unemployment,instr-antiplural_w6_trt-polyarchy_gapany_illibany_covlp_exclyr,polyarchy_decline,1258,458,0.0251806932676514,0.19238731641664625,854,380,0.4895246441909634,0.5657894550123608,0.3869255262235979,338.93270014786793,2680.9997223036903,0.8993992602810741,23.920593163248885,Z_Y_unemployment
6,polyarchy_decline,Y_trade_pct_gdp,Trade / GDP,trade,instr-antiplural_w6_trt-polyarchy_gapany_illibany_covlp_exclyr,polyarchy_decline,1258,458,0.0251806932676514,0.19238731641664625,1082,395,-1.1227376622860703,2.8993017830746273,0.6985754659579688,11.693387456467136,133.3057792100837,0.9301003888194984,25.391731243147568,Z_Y_trade_pct_gdp
6,polyarchy_decline,Y_top10_share,Top-10% income share,top10,instr-antiplural_w6_trt-polyarchy_gapany_illibany_covlp_exclyr,polyarchy_decline,1258,458,0.0251806932676514,0.19238731641664625,1116,398,-0.8880291590983689,0.567855943316777,0.11785791096237758,-506.3152692745504,778.108199084109,0.515239944028687,19.437163909353387,Z_Y_top10_share
6,polyarchy_decline,Y_gini_disp,Disposable,gini,instr-antiplural_w6_trt-polyarchy_gapany_illibany_covlp_exclyr,polyarchy_decline,1258,458,0.0251806932676514,0.19238731641664625,946,329,0.5917327700872163,0.3121831145623031,0.05803056878555451,-95.16407287847602,1954.0706580813696,0.9611580366277516,18.68431756386083,Z_Y_gini_disp
6,polyarchy_decline,Y_gini_mkt,Market,gini,instr-antiplural_w6_trt-polyarchy_gapany_illibany_covlp_exclyr,polyarchy_decline,1258,458,0.0251806932676514,0.19238731641664625,946,329,0.5149584802892311,0.29811833889079525,0.08410255622531057,253.26988494611572,1324.7933983991577,0.8483870069242883,19.936064867701763,Z_Y_gini_mkt
6,polyarchy_decline,Y_debt,Debt / GDP,fiscal,instr-antiplural_w6_trt-polyarchy_gapany_illibany_covlp_exclyr,polyarchy_decline,1258,458,0.0251806932676514,0.19238731641664625,1165,422,4.539050339451007,4.911248811377933,0.3553743323680832,431.5358111756799,665.4043712202122,0.516641131040806,18.665696558964665,Z_Y_debt
6,polyarchy_decline,Y_deficit,Deficit / GDP,fiscal,instr-antiplural_w6_trt-polyarchy_gapany_illibany_covlp_exclyr,polyarchy_decline,1258,458,0.0251806932676514,0.19238731641664625,1017,372,0.5008142936182886,0.9607271905103846,0.6021670741770095,688.0761370953027,1999.3643439325497,0.7307354012080212,20.519767352408447,Z_Y_deficit
6,polyarchy_decline,Y_checks_balances,Checks & balances,institutions,instr-antiplural_w6_trt-polyarchy_gapany_illibany_covlp_exclyr,polyarchy_decline,1258,458,0.0251806932676514,0.19238731641664625,1229,453,5.888330097011794e-4,0.01791035362396061,0.9737729274048534,-2.373873525787267,12.308584644246196,0.8470660739910867,23.716599187541583,Z_Y_checks_balances
6,polyarchy_decline,Y_jucon,Judicial constraints,institutions,instr-antiplural_w6_trt-polyarchy_gapany_illibany_covlp_exclyr,polyarchy_decline,1258,458,0.0251806932676514,0.19238731641664625,1258,458,-0.00543760231841649,0.01824579019608352,0.7656882368449385,-0.1878761345438476,0.7989088563139352,0.8140799577998163,26.69445286250451,Z_Y_jucon
6,polyarchy_decline,Y_legcon,Legislative constraints,institutions,instr-antiplural_w6_trt-polyarchy_gapany_illibany_covlp_exclyr,polyarchy_decline,1258,458,0.0251806932676514,0.19238731641664625,1229,453,-0.01386445888076839,0.02258983567107283,0.539382085982463,16.92051505463744,134.8016339824909,0.9001106360777317,23.201124560533096,Z_Y_legcon
6,polyarchy_decline,Y_hos_power,HOS,exec_power,instr-antiplural_w6_trt-polyarchy_gapany_illibany_covlp_exclyr,polyarchy_decline,1258,458,0.0251806932676514,0.19238731641664625,1258,458,0.00665926931696611,0.01498120591524744,0.6566751803486295,0.5200208504316294,0.6595420461652792,0.4304291686058565,22.242539543180943,Z_Y_hos_power
6,polyarchy_decline,Y_hog_power,HOG,exec_power,instr-antiplural_w6_trt-polyarchy_gapany_illibany_covlp_exclyr,polyarchy_decline,1258,458,0.0251806932676514,0.19238731641664625,637,231,-0.00320602274233173,0.01127717730057657,0.776185838164009,-0.08225919762601219,1.0855822106011,0.9395986882209768,16.59911469036291,Z_Y_hog_power
6,polyarchy_decline,Y_hos_power_vdem,HOS (v2ex_hosw),exec_power_alt,instr-antiplural_w6_trt-polyarchy_gapany_illibany_covlp_exclyr,polyarchy_decline,1258,458,0.0251806932676514,0.19238731641664625,1258,458,0.03189130731675584,0.02755866641618985,0.24718445433914027,1.7862757361486783,1.7461329077334538,0.30631278169125753,21.16316776621454,Z_Y_hos_power_vdem
6,polyarchy_decline,Y_hog_power_vdem,HOG (v2ex_hogw),exec_power_alt,instr-antiplural_w6_trt-polyarchy_gapany_illibany_covlp_exclyr,polyarchy_decline,1258,458,0.0251806932676514,0.19238731641664625,1258,458,-0.02444450032074852,0.02765671034687798,0.3767749095743598,-1.6875065538965708,1.7271083662848177,0.32853427437161825,20.394193921388204,Z_Y_hog_power_vdem
6,polyarchy_decline,Y_polyarchy,Electoral (polyarchy),vdem_high,instr-antiplural_w6_trt-polyarchy_gapany_illibany_covlp_exclyr,polyarchy_decline,1258,458,0.0251806932676514,0.19238731641664625,1258,458,-0.02594978388899085,0.01771479086869669,0.14295764935885652,-1,3.717898556810939e-17,0,21.398010150772375,Z_Y_polyarchy
6,polyarchy_decline,Y_libdem,Liberal,vdem_high,instr-antiplural_w6_trt-polyarchy_gapany_illibany_covlp_exclyr,polyarchy_decline,1258,458,0.0251806932676514,0.19238731641664625,1258,458,-0.01741798621415452,0.01582179703567881,0.2709465135621581,-0.6951442594804018,0.26029903196249227,0.00757247702039478,21.646729609057356,Z_Y_libdem
6,polyarchy_decline,Y_partipdem,Participatory,vdem_high,instr-antiplural_w6_trt-polyarchy_gapany_illibany_covlp_exclyr,polyarchy_decline,1258,458,0.0251806932676514,0.19238731641664625,1257,458,-0.01625699786341402,0.01260080868927623,0.1969968046639748,-0.6251365532134284,0.2499834471175568,0.01239439994579753,21.572709966028174,Z_Y_partipdem
6,polyarchy_decline,Y_delibdem,Deliberative,vdem_high,instr-antiplural_w6_trt-polyarchy_gapany_illibany_covlp_exclyr,polyarchy_decline,1258,458,0.0251806932676514,0.19238731641664625,1258,458,-0.00890098001474142,0.01847295348711969,0.6299206844001666,-0.4539998835891854,0.5096260091869621,0.3730101174336047,22.71652428317047,Z_Y_delibdem
6,polyarchy_decline,Y_egaldem,Egalitarian,vdem_high,instr-antiplural_w6_trt-polyarchy_gapany_illibany_covlp_exclyr,polyarchy_decline,1258,458,0.0251806932676514,0.19238731641664625,1258,458,-0.01232921842853207,0.01331662588146898,0.35452314413519165,-0.546272911547412,0.2186873058783488,0.01249090484598097,21.40006687256266,Z_Y_egaldem
6,polyarchy_decline,Y_elecoff,Elected officials,vdem_electoral,instr-antiplural_w6_trt-polyarchy_gapany_illibany_covlp_exclyr,polyarchy_decline,1258,458,0.0251806932676514,0.19238731641664625,1258,458,-0.01699847750353232,0.02824783803255542,0.5473325261342314,-1.456005002843811,1.0928031903078568,0.18274259759720216,24.62021395261704,Z_Y_elecoff
6,polyarchy_decline,Y_frefair,Clean elections,vdem_electoral,instr-antiplural_w6_trt-polyarchy_gapany_illibany_covlp_exclyr,polyarchy_decline,1258,458,0.0251806932676514,0.19238731641664625,1258,458,-0.05200262177877225,0.02557086119371834,0.04198516098885847,-2.2764418792447936,0.8850097388673644,0.0101047954769017,17.79117136085116,Z_Y_frefair
6,polyarchy_decline,Y_frassoc,Association,vdem_electoral,instr-antiplural_w6_trt-polyarchy_gapany_illibany_covlp_exclyr,polyarchy_decline,1258,458,0.0251806932676514,0.19238731641664625,1258,458,-0.02632046466658822,0.01893221114273588,0.16445364655645453,-1.5680730493396569,1.0072569125481046,0.1195237569161258,21.610757248877313,Z_Y_frassoc
6,polyarchy_decline,Y_suffr,Suffrage,vdem_electoral,instr-antiplural_w6_trt-polyarchy_gapany_illibany_covlp_exclyr,polyarchy_decline,1258,458,0.0251806932676514,0.19238731641664625,1258,458,8.671079633319945e-4,0.00660881545639009,0.8956133404524069,0.11818078848727025,0.3399530130693436,0.7281116159616645,20.599814446155477,Z_Y_suffr
6,polyarchy_decline,Y_freexp,Expression & alt. info,vdem_electoral,instr-antiplural_w6_trt-polyarchy_gapany_illibany_covlp_exclyr,polyarchy_decline,1258,458,0.0251806932676514,0.19238731641664625,1258,458,-0.01734897362856423,0.02007400699168026,0.38745021257959,-1.0094694535783493,0.7048190535974519,0.15207538636411452,21.764657007592085,Z_Y_freexp
6,polyarchy_decline,Y_cl_rol,Rule of law,vdem_liberal,instr-antiplural_w6_trt-polyarchy_gapany_illibany_covlp_exclyr,polyarchy_decline,1258,458,0.0251806932676514,0.19238731641664625,1258,458,-0.02360820823170253,0.01605053393137856,0.14132696160330346,-1.7258669726880782,1.2557700956548017,0.16933321337313792,20.194114605512965,Z_Y_cl_rol
6,polyarchy_decline,Y_cspart,Civil society,vdem_particip,instr-antiplural_w6_trt-polyarchy_gapany_illibany_covlp_exclyr,polyarchy_decline,1258,458,0.0251806932676514,0.19238731641664625,1258,458,-0.02083203174390645,0.01642208303046418,0.2046059897454616,-1.2524998176345596,1.0204415666544011,0.2196686643707035,20.711419209182527,Z_Y_cspart
6,polyarchy_decline,Y_dd,Direct democracy,vdem_particip,instr-antiplural_w6_trt-polyarchy_gapany_illibany_covlp_exclyr,polyarchy_decline,1258,458,0.0251806932676514,0.19238731641664625,1258,458,0.01053002485438105,0.01519843126224871,0.4884122900410374,0.4560246306028785,0.8463436919601071,0.5900129190320149,24.290117459728524,Z_Y_dd
6,polyarchy_decline,Y_locelec,Local elections,vdem_particip,instr-antiplural_w6_trt-polyarchy_gapany_illibany_covlp_exclyr,polyarchy_decline,1258,458,0.0251806932676514,0.19238731641664625,1239,451,-0.01674848110474917,0.02405398969403116,0.486249092450153,-0.7019084915724505,0.8420816138556249,0.40454039354915167,22.062689321336254,Z_Y_locelec
6,polyarchy_decline,Y_regelec,Regional elections,vdem_particip,instr-antiplural_w6_trt-polyarchy_gapany_illibany_covlp_exclyr,polyarchy_decline,1258,458,0.0251806932676514,0.19238731641664625,1257,458,-0.05402419437391259,0.02730704226986763,0.04788383938305105,-2.6558898640545445,2.221759936789913,0.23193113095924608,22.441068279399783,Z_Y_regelec
6,polyarchy_decline,Y_delib,Deliberation,vdem_egal_delib,instr-antiplural_w6_trt-polyarchy_gapany_illibany_covlp_exclyr,polyarchy_decline,1258,458,0.0251806932676514,0.19238731641664625,1258,458,-0.00796544210899936,0.02413994113977701,0.7414230769048284,-0.70891917021332,0.8197802602702013,0.387166517066745,21.621976721173652,Z_Y_delib
6,polyarchy_decline,Y_eqprotec,Equal protection,vdem_egal_delib,instr-antiplural_w6_trt-polyarchy_gapany_illibany_covlp_exclyr,polyarchy_decline,1258,458,0.0251806932676514,0.19238731641664625,1258,458,0.00380359514460313,0.01270141202488805,0.7645872678884948,0.08351567964325043,0.6568457267493052,0.8988243948536907,22.354408000899344,Z_Y_eqprotec
6,polyarchy_decline,Y_eqaccess,Equal access,vdem_egal_delib,instr-antiplural_w6_trt-polyarchy_gapany_illibany_covlp_exclyr,polyarchy_decline,1258,458,0.0251806932676514,0.19238731641664625,1258,458,-0.00499216488626104,0.01381518971571877,0.7178353272732304,-0.4954085578449458,0.5877595651575201,0.39929767690870976,22.579070733492443,Z_Y_eqaccess
6,polyarchy_decline,Y_eqdr,Equal distribution,vdem_egal_delib,instr-antiplural_w6_trt-polyarchy_gapany_illibany_covlp_exclyr,polyarchy_decline,1258,458,0.0251806932676514,0.19238731641664625,1258,458,-0.00844266755133507,0.0114290591904248,0.4600880417806279,-0.3327724174785269,0.4499124675563894,0.45951959691779665,22.817424599521317,Z_Y_eqdr
7,backsliding_Nyr,Y_gdp_growth,PWT,growth,instr-antiplural_w7_trt-ert_gapany_illibany_covlp_exclyr,backsliding_Nyr,1347,177,0.00508376395439719,0.9339516100070436,1156,156,-0.04806537039158738,0.02851824575044485,0.09190656275401594,7.631886507143239,25.250906814591815,0.7624675308293272,20.218143363097717,Z_Y_gdp_growth
7,backsliding_Nyr,Y_gdp_growth_wb,World Bank,growth,instr-antiplural_w7_trt-ert_gapany_illibany_covlp_exclyr,backsliding_Nyr,1347,177,0.00508376395439719,0.9339516100070436,1176,158,-0.04212888763681827,0.02810264814463118,0.1338457736181182,2.057975165784085,5.3954379113259465,0.7028851273653061,22.220905385600183,Z_Y_gdp_growth_wb
7,backsliding_Nyr,Y_gdp_growth_imf,IMF WEO,growth,instr-antiplural_w7_trt-ert_gapany_illibany_covlp_exclyr,backsliding_Nyr,1347,177,0.00508376395439719,0.9339516100070436,897,128,-0.05580204202959858,0.02484946102004513,0.02472940220089899,686.7179293060443,8621.393315221407,0.9365134176140784,21.906324262543535,Z_Y_gdp_growth_imf
7,backsliding_Nyr,Y_inflation,"CPI, cumulative log",inflation,instr-antiplural_w7_trt-ert_gapany_illibany_covlp_exclyr,backsliding_Nyr,1347,177,0.00508376395439719,0.9339516100070436,1069,142,-0.01148835916087571,0.18296468222048737,0.9499336995607948,1.054155893825634,5.019192580498881,0.833648165329893,18.53928690783944,Z_Y_inflation
7,backsliding_Nyr,Y_unemployment,Unemployment rate,unemployment,instr-antiplural_w7_trt-ert_gapany_illibany_covlp_exclyr,backsliding_Nyr,1347,177,0.00508376395439719,0.9339516100070436,819,141,0.05219793689364649,0.5694748357728205,0.9269683554981172,-11.530993863445572,29.15939913018836,0.692513105635461,25.843324425326745,Z_Y_unemployment
7,backsliding_Nyr,Y_trade_pct_gdp,Trade / GDP,trade,instr-antiplural_w7_trt-ert_gapany_illibany_covlp_exclyr,backsliding_Nyr,1347,177,0.00508376395439719,0.9339516100070436,1056,144,-0.9471081406720014,3.1761627425903365,0.7655561899372363,18.429482471661174,175.44855449469864,0.9163424121683382,17.466894703822497,Z_Y_trade_pct_gdp
7,backsliding_Nyr,Y_top10_share,Top-10% income share,top10,instr-antiplural_w7_trt-ert_gapany_illibany_covlp_exclyr,backsliding_Nyr,1347,177,0.00508376395439719,0.9339516100070436,1087,149,-0.46343324361988936,0.5555513593076559,0.4041761005267496,21.970956644430604,95.78456081739796,0.8185744388535037,25.766440246181393,Z_Y_top10_share
7,backsliding_Nyr,Y_gini_disp,Disposable,gini,instr-antiplural_w7_trt-ert_gapany_illibany_covlp_exclyr,backsliding_Nyr,1347,177,0.00508376395439719,0.9339516100070436,909,122,0.8122675147889006,0.3533444686300997,0.02151641935960864,-20.412318564152113,34.461661071229756,0.5536365689419557,22.851549078286663,Z_Y_gini_disp
7,backsliding_Nyr,Y_gini_mkt,Market,gini,instr-antiplural_w7_trt-ert_gapany_illibany_covlp_exclyr,backsliding_Nyr,1347,177,0.00508376395439719,0.9339516100070436,909,122,0.8296269360794926,0.3150251404483542,0.00845033355411653,-26.67618473109289,55.48355849746184,0.6306626241150994,22.61780280909819,Z_Y_gini_mkt
7,backsliding_Nyr,Y_debt,Debt / GDP,fiscal,instr-antiplural_w7_trt-ert_gapany_illibany_covlp_exclyr,backsliding_Nyr,1347,177,0.00508376395439719,0.9339516100070436,1137,154,2.9296163437174,4.9767514603085345,0.5560891292376962,-802.2847971009847,4376.96056307653,0.8545647987440397,21.771941193120124,Z_Y_debt
7,backsliding_Nyr,Y_deficit,Deficit / GDP,fiscal,instr-antiplural_w7_trt-ert_gapany_illibany_covlp_exclyr,backsliding_Nyr,1347,177,0.00508376395439719,0.9339516100070436,988,136,-0.05635923148992379,1.0177706862822553,0.9558395716904636,3.4324811577939,24.881465835635705,0.8902772991739475,23.06795543835512,Z_Y_deficit
7,backsliding_Nyr,Y_checks_balances,Checks & balances,institutions,instr-antiplural_w7_trt-ert_gapany_illibany_covlp_exclyr,backsliding_Nyr,1347,177,0.00508376395439719,0.9339516100070436,1191,161,0.00645875557872134,0.01906327810588509,0.7347557791609285,-0.565535364615368,2.7786457777931144,0.8387214777463443,22.612027822668058,Z_Y_checks_balances
7,backsliding_Nyr,Y_jucon,Judicial constraints,institutions,instr-antiplural_w7_trt-ert_gapany_illibany_covlp_exclyr,backsliding_Nyr,1347,177,0.00508376395439719,0.9339516100070436,1222,164,-0.00861609440697786,0.02239543517967673,0.7004408199579522,1.0862514108271049,4.186455004126132,0.7952741130774109,22.261193349511593,Z_Y_jucon
7,backsliding_Nyr,Y_legcon,Legislative constraints,institutions,instr-antiplural_w7_trt-ert_gapany_illibany_covlp_exclyr,backsliding_Nyr,1347,177,0.00508376395439719,0.9339516100070436,1191,161,-0.00809685694323029,0.02342555721771155,0.729611761841233,1.552683185685696,5.900244747037163,0.7924305544767453,20.878851535070012,Z_Y_legcon
7,backsliding_Nyr,Y_hos_power,HOS,exec_power,instr-antiplural_w7_trt-ert_gapany_illibany_covlp_exclyr,backsliding_Nyr,1347,177,0.00508376395439719,0.9339516100070436,1222,164,0.00711290711859216,0.01607204308747722,0.6580811539296154,-0.6205171031926069,3.4371010405815263,0.8567325644907192,23.4433444548433,Z_Y_hos_power
7,backsliding_Nyr,Y_hog_power,HOG,exec_power,instr-antiplural_w7_trt-ert_gapany_illibany_covlp_exclyr,backsliding_Nyr,1347,177,0.00508376395439719,0.9339516100070436,616,92,0.0058464863987254,0.01157288314903871,0.61342651225398,0.17800010678766232,1.0137317451181087,0.8606168731825556,15.74533355792848,Z_Y_hog_power
7,backsliding_Nyr,Y_hos_power_vdem,HOS (v2ex_hosw),exec_power_alt,instr-antiplural_w7_trt-ert_gapany_illibany_covlp_exclyr,backsliding_Nyr,1347,177,0.00508376395439719,0.9339516100070436,1222,164,0.04275185037987667,0.03008971544626455,0.15537121244693383,-14.439957086664403,89.84673314883516,0.8723157762855054,20.333848941876916,Z_Y_hos_power_vdem
7,backsliding_Nyr,Y_hog_power_vdem,HOG (v2ex_hogw),exec_power_alt,instr-antiplural_w7_trt-ert_gapany_illibany_covlp_exclyr,backsliding_Nyr,1347,177,0.00508376395439719,0.9339516100070436,1222,164,-0.02833062555932293,0.029770780717648,0.3412870896855972,7521.373256894118,35594.46202621159,0.8326474082338243,17.6054286032761,Z_Y_hog_power_vdem
7,backsliding_Nyr,Y_polyarchy,Electoral (polyarchy),vdem_high,instr-antiplural_w7_trt-ert_gapany_illibany_covlp_exclyr,backsliding_Nyr,1347,177,0.00508376395439719,0.9339516100070436,1222,164,-0.01794539883902399,0.02079777540353061,0.3882189308514253,0.9851300480482912,3.628515124861076,0.7860090023194259,25.05374640564777,Z_Y_polyarchy
7,backsliding_Nyr,Y_libdem,Liberal,vdem_high,instr-antiplural_w7_trt-ert_gapany_illibany_covlp_exclyr,backsliding_Nyr,1347,177,0.00508376395439719,0.9339516100070436,1222,164,-0.01080141785771419,0.01821062028667622,0.5530885453845864,0.7337886395910125,2.811226811653376,0.7940764757645223,24.28647143563408,Z_Y_libdem
7,backsliding_Nyr,Y_partipdem,Participatory,vdem_high,instr-antiplural_w7_trt-ert_gapany_illibany_covlp_exclyr,backsliding_Nyr,1347,177,0.00508376395439719,0.9339516100070436,1221,164,-0.0098203186553074,0.01497201506112182,0.5118809911450812,0.5260132412343086,1.8441519227069951,0.7754655333535185,25.78367247637265,Z_Y_partipdem
7,backsliding_Nyr,Y_delibdem,Deliberative,vdem_high,instr-antiplural_w7_trt-ert_gapany_illibany_covlp_exclyr,backsliding_Nyr,1347,177,0.00508376395439719,0.9339516100070436,1222,164,-0.0087665290819917,0.01899281743422897,0.6443891707749928,0.33267604670944073,1.0456715708459328,0.7503743231312974,27.07574180383003,Z_Y_delibdem
7,backsliding_Nyr,Y_egaldem,Egalitarian,vdem_high,instr-antiplural_w7_trt-ert_gapany_illibany_covlp_exclyr,backsliding_Nyr,1347,177,0.00508376395439719,0.9339516100070436,1222,164,-0.00677775014834231,0.0145624814286512,0.6416267791142407,8.36221376200573,68.01963856259648,0.9021560144928128,21.263350802110164,Z_Y_egaldem
7,backsliding_Nyr,Y_elecoff,Elected officials,vdem_electoral,instr-antiplural_w7_trt-ert_gapany_illibany_covlp_exclyr,backsliding_Nyr,1347,177,0.00508376395439719,0.9339516100070436,1222,164,-0.03762081187353643,0.0275991950368872,0.17284701072588973,5.404595021977144,26.50741748013504,0.838439528417218,22.79947169795478,Z_Y_elecoff
7,backsliding_Nyr,Y_frefair,Clean elections,vdem_electoral,instr-antiplural_w7_trt-ert_gapany_illibany_covlp_exclyr,backsliding_Nyr,1347,177,0.00508376395439719,0.9339516100070436,1222,164,-0.04900130248399731,0.02818105235260749,0.08206939507274026,2.249089799991654,11.022196515524865,0.8383136748397608,24.905604075626293,Z_Y_frefair
7,backsliding_Nyr,Y_frassoc,Association,vdem_electoral,instr-antiplural_w7_trt-ert_gapany_illibany_covlp_exclyr,backsliding_Nyr,1347,177,0.00508376395439719,0.9339516100070436,1222,164,-0.02174378919941918,0.02016179512697109,0.2808263192085788,10.760926815774647,53.62377190994541,0.8409530534877125,19.05865621877951,Z_Y_frassoc
7,backsliding_Nyr,Y_suffr,Suffrage,vdem_electoral,instr-antiplural_w7_trt-ert_gapany_illibany_covlp_exclyr,backsliding_Nyr,1347,177,0.00508376395439719,0.9339516100070436,1222,164,0.00170174504934705,0.00656537556599601,0.7954809660475277,-0.5126986756769506,1.8101319817252208,0.7769941832727908,17.133851682397545,Z_Y_suffr
7,backsliding_Nyr,Y_freexp,Expression & alt. info,vdem_electoral,instr-antiplural_w7_trt-ert_gapany_illibany_covlp_exclyr,backsliding_Nyr,1347,177,0.00508376395439719,0.9339516100070436,1222,164,-0.01346872408406079,0.02191915040337617,0.5389028705373167,192.6560169418508,871.2139849334717,0.8249872182739845,18.225876087427533,Z_Y_freexp
7,backsliding_Nyr,Y_cl_rol,Rule of law,vdem_liberal,instr-antiplural_w7_trt-ert_gapany_illibany_covlp_exclyr,backsliding_Nyr,1347,177,0.00508376395439719,0.9339516100070436,1222,164,-0.02496468023685983,0.01807937541990035,0.16732891885981066,1559.8767024638262,8987.473054927877,0.8622103188248523,17.5323988659306,Z_Y_cl_rol
7,backsliding_Nyr,Y_cspart,Civil society,vdem_particip,instr-antiplural_w7_trt-ert_gapany_illibany_covlp_exclyr,backsliding_Nyr,1347,177,0.00508376395439719,0.9339516100070436,1222,164,-0.02069784065996481,0.01726238458523354,0.2305225048687284,9.946274939381002,62.54109845125877,0.8736406518815462,19.23387370589938,Z_Y_cspart
7,backsliding_Nyr,Y_dd,Direct democracy,vdem_particip,instr-antiplural_w7_trt-ert_gapany_illibany_covlp_exclyr,backsliding_Nyr,1347,177,0.00508376395439719,0.9339516100070436,1222,164,0.00528994740144171,0.01722908192588444,0.7588160147606289,-0.18811747635749737,0.5457206764733544,0.730309503547784,28.153627793768617,Z_Y_dd
7,backsliding_Nyr,Y_locelec,Local elections,vdem_particip,instr-antiplural_w7_trt-ert_gapany_illibany_covlp_exclyr,backsliding_Nyr,1347,177,0.00508376395439719,0.9339516100070436,1205,161,-0.00985883484252896,0.02544415055142196,0.6984085861838605,1.3272058145625167,10.67564800323069,0.9010612260650172,24.524245536006653,Z_Y_locelec
7,backsliding_Nyr,Y_regelec,Regional elections,vdem_particip,instr-antiplural_w7_trt-ert_gapany_illibany_covlp_exclyr,backsliding_Nyr,1347,177,0.00508376395439719,0.9339516100070436,1221,164,-0.05099129637046527,0.02879446250168058,0.07658205317985298,1.5195222995583109,5.221032795674865,0.7710217652905472,26.27772715528491,Z_Y_regelec
7,backsliding_Nyr,Y_delib,Deliberation,vdem_egal_delib,instr-antiplural_w7_trt-ert_gapany_illibany_covlp_exclyr,backsliding_Nyr,1347,177,0.00508376395439719,0.9339516100070436,1222,164,-0.02082550922156811,0.02583688931146953,0.42022105843065904,3.06576949300782,13.57065936616554,0.8212701685207842,21.598125738254417,Z_Y_delib
7,backsliding_Nyr,Y_eqprotec,Equal protection,vdem_egal_delib,instr-antiplural_w7_trt-ert_gapany_illibany_covlp_exclyr,backsliding_Nyr,1347,177,0.00508376395439719,0.9339516100070436,1222,164,0.01058169546164821,0.0132509899569043,0.424546249339419,-5.138458401167862,66.9894400598974,0.9388578301759548,19.726943182177568,Z_Y_eqprotec
7,backsliding_Nyr,Y_eqaccess,Equal access,vdem_egal_delib,instr-antiplural_w7_trt-ert_gapany_illibany_covlp_exclyr,backsliding_Nyr,1347,177,0.00508376395439719,0.9339516100070436,1222,164,-0.00306546004879214,0.01462512939656894,0.8339781222995516,1.0086717532345164,5.693292139005224,0.8593760755388401,21.614268007403712,Z_Y_eqaccess
7,backsliding_Nyr,Y_eqdr,Equal distribution,vdem_egal_delib,instr-antiplural_w7_trt-ert_gapany_illibany_covlp_exclyr,backsliding_Nyr,1347,177,0.00508376395439719,0.9339516100070436,1222,164,-0.00875595131535728,0.01214857439846168,0.4710701148969526,1.3665855728838725,8.861049265917801,0.8774331984217634,20.97146322295674,Z_Y_eqdr
7,backsliding_union_Nyr,Y_gdp_growth,PWT,growth,instr-antiplural_w7_trt-ertOrDdcg_gapany_illibany_covlp_exclyr,backsliding_union_Nyr,1347,201,0.02566404141363035,0.6846989904104288,1156,180,-0.04806537039158738,0.02851824575044485,0.09190656275401594,-0.9066314347090734,6.078889311461369,0.8814398037178551,19.328228668517372,Z_Y_gdp_growth
7,backsliding_union_Nyr,Y_gdp_growth_wb,World Bank,growth,instr-antiplural_w7_trt-ertOrDdcg_gapany_illibany_covlp_exclyr,backsliding_union_Nyr,1347,201,0.02566404141363035,0.6846989904104288,1176,181,-0.04212888763681827,0.02810264814463118,0.1338457736181182,1.2564215294341894,99.44134790414992,0.9899191564712772,22.873107767447745,Z_Y_gdp_growth_wb
7,backsliding_union_Nyr,Y_gdp_growth_imf,IMF WEO,growth,instr-antiplural_w7_trt-ertOrDdcg_gapany_illibany_covlp_exclyr,backsliding_union_Nyr,1347,201,0.02566404141363035,0.6846989904104288,897,143,-0.05580204202959858,0.02484946102004513,0.02472940220089899,-2.411212824306889,36.453694079514534,0.9472627507193562,20.440843738134472,Z_Y_gdp_growth_imf
7,backsliding_union_Nyr,Y_inflation,"CPI, cumulative log",inflation,instr-antiplural_w7_trt-ertOrDdcg_gapany_illibany_covlp_exclyr,backsliding_union_Nyr,1347,201,0.02566404141363035,0.6846989904104288,1069,159,-0.01148835916087571,0.18296468222048737,0.9499336995607948,3.78033113923821,681.9565886266664,0.9955770609840016,22.512673527831986,Z_Y_inflation
7,backsliding_union_Nyr,Y_unemployment,Unemployment rate,unemployment,instr-antiplural_w7_trt-ertOrDdcg_gapany_illibany_covlp_exclyr,backsliding_union_Nyr,1347,201,0.02566404141363035,0.6846989904104288,819,157,0.05219793689364649,0.5694748357728205,0.9269683554981172,-13.853180580333383,45.58070728101739,0.7611839591632075,24.60787015071158,Z_Y_unemployment
7,backsliding_union_Nyr,Y_trade_pct_gdp,Trade / GDP,trade,instr-antiplural_w7_trt-ertOrDdcg_gapany_illibany_covlp_exclyr,backsliding_union_Nyr,1347,201,0.02566404141363035,0.6846989904104288,1056,164,-0.9471081406720014,3.1761627425903365,0.7655561899372363,-34.88837932936704,129.20979344400124,0.7871499227031677,16.38656813402552,Z_Y_trade_pct_gdp
7,backsliding_union_Nyr,Y_top10_share,Top-10% income share,top10,instr-antiplural_w7_trt-ertOrDdcg_gapany_illibany_covlp_exclyr,backsliding_union_Nyr,1347,201,0.02566404141363035,0.6846989904104288,1087,169,-0.46343324361988936,0.5555513593076559,0.4041761005267496,22.167208295585752,143.18885416043915,0.8769703267591427,25.89134386828286,Z_Y_top10_share
7,backsliding_union_Nyr,Y_gini_disp,Disposable,gini,instr-antiplural_w7_trt-ertOrDdcg_gapany_illibany_covlp_exclyr,backsliding_union_Nyr,1347,201,0.02566404141363035,0.6846989904104288,909,134,0.8122675147889006,0.3533444686300997,0.02151641935960864,-30.61990080321491,94.88091353658712,0.7469078438536056,23.965224959534854,Z_Y_gini_disp
7,backsliding_union_Nyr,Y_gini_mkt,Market,gini,instr-antiplural_w7_trt-ertOrDdcg_gapany_illibany_covlp_exclyr,backsliding_union_Nyr,1347,201,0.02566404141363035,0.6846989904104288,909,134,0.8296269360794926,0.3150251404483542,0.00845033355411653,-47.25925633146096,231.56343798834152,0.8382849428542378,23.66110893631434,Z_Y_gini_mkt
7,backsliding_union_Nyr,Y_debt,Debt / GDP,fiscal,instr-antiplural_w7_trt-ertOrDdcg_gapany_illibany_covlp_exclyr,backsliding_union_Nyr,1347,201,0.02566404141363035,0.6846989904104288,1137,174,2.9296163437174,4.9767514603085345,0.5560891292376962,79.2533903803041,331.83983452523063,0.8112372133781283,20.45399170382532,Z_Y_debt
7,backsliding_union_Nyr,Y_deficit,Deficit / GDP,fiscal,instr-antiplural_w7_trt-ertOrDdcg_gapany_illibany_covlp_exclyr,backsliding_union_Nyr,1347,201,0.02566404141363035,0.6846989904104288,988,147,-0.05635923148992379,1.0177706862822553,0.9558395716904636,3.2744132058049145,61.64689618469155,0.9576397848474224,21.27084804502375,Z_Y_deficit
7,backsliding_union_Nyr,Y_checks_balances,Checks & balances,institutions,instr-antiplural_w7_trt-ertOrDdcg_gapany_illibany_covlp_exclyr,backsliding_union_Nyr,1347,201,0.02566404141363035,0.6846989904104288,1191,179,0.00645875557872134,0.01906327810588509,0.7347557791609285,-0.4773537655339141,3.859151653944067,0.9015575910330847,25.11123147269555,Z_Y_checks_balances
7,backsliding_union_Nyr,Y_jucon,Judicial constraints,institutions,instr-antiplural_w7_trt-ertOrDdcg_gapany_illibany_covlp_exclyr,backsliding_union_Nyr,1347,201,0.02566404141363035,0.6846989904104288,1222,188,-0.00861609440697786,0.02239543517967673,0.7004408199579522,-0.27803763662831976,0.9417004033527656,0.7678024283411917,20.46908605063251,Z_Y_jucon
7,backsliding_union_Nyr,Y_legcon,Legislative constraints,institutions,instr-antiplural_w7_trt-ertOrDdcg_gapany_illibany_covlp_exclyr,backsliding_union_Nyr,1347,201,0.02566404141363035,0.6846989904104288,1191,179,-0.00809685694323029,0.02342555721771155,0.729611761841233,0.9846484621969044,4.4545692167949955,0.8250594554101652,23.846366578453907,Z_Y_legcon
7,backsliding_union_Nyr,Y_hos_power,HOS,exec_power,instr-antiplural_w7_trt-ertOrDdcg_gapany_illibany_covlp_exclyr,backsliding_union_Nyr,1347,201,0.02566404141363035,0.6846989904104288,1222,188,0.00711290711859216,0.01607204308747722,0.6580811539296154,0.17078140007340847,0.8538334797747277,0.8414671126216002,19.513864013852093,Z_Y_hos_power
7,backsliding_union_Nyr,Y_hog_power,HOG,exec_power,instr-antiplural_w7_trt-ertOrDdcg_gapany_illibany_covlp_exclyr,backsliding_union_Nyr,1347,201,0.02566404141363035,0.6846989904104288,616,106,0.0058464863987254,0.01157288314903871,0.61342651225398,0.12285355529570384,0.42845972811021976,0.7743167461299514,17.207323136437527,Z_Y_hog_power
7,backsliding_union_Nyr,Y_hos_power_vdem,HOS (v2ex_hosw),exec_power_alt,instr-antiplural_w7_trt-ertOrDdcg_gapany_illibany_covlp_exclyr,backsliding_union_Nyr,1347,201,0.02566404141363035,0.6846989904104288,1222,188,0.04275185037987667,0.03008971544626455,0.15537121244693383,0.6292326570242042,2.361979686124092,0.7899307516156986,18.086005930334192,Z_Y_hos_power_vdem
7,backsliding_union_Nyr,Y_hog_power_vdem,HOG (v2ex_hogw),exec_power_alt,instr-antiplural_w7_trt-ertOrDdcg_gapany_illibany_covlp_exclyr,backsliding_union_Nyr,1347,201,0.02566404141363035,0.6846989904104288,1222,188,-0.02833062555932293,0.029770780717648,0.3412870896855972,-1.500728926717661,15.872517068823232,0.9246731449297354,23.13986531119939,Z_Y_hog_power_vdem
7,backsliding_union_Nyr,Y_polyarchy,Electoral (polyarchy),vdem_high,instr-antiplural_w7_trt-ertOrDdcg_gapany_illibany_covlp_exclyr,backsliding_union_Nyr,1347,201,0.02566404141363035,0.6846989904104288,1222,188,-0.01794539883902399,0.02079777540353061,0.3882189308514253,-0.5613599435171782,1.7447516293622525,0.7476481287298262,20.60766014055574,Z_Y_polyarchy
7,backsliding_union_Nyr,Y_libdem,Liberal,vdem_high,instr-antiplural_w7_trt-ertOrDdcg_gapany_illibany_covlp_exclyr,backsliding_union_Nyr,1347,201,0.02566404141363035,0.6846989904104288,1222,188,-0.01080141785771419,0.01821062028667622,0.5530885453845864,-0.41875627894465073,1.596689404237522,0.7931168867488076,21.823633562887633,Z_Y_libdem
7,backsliding_union_Nyr,Y_partipdem,Participatory,vdem_high,instr-antiplural_w7_trt-ertOrDdcg_gapany_illibany_covlp_exclyr,backsliding_union_Nyr,1347,201,0.02566404141363035,0.6846989904104288,1221,188,-0.0098203186553074,0.01497201506112182,0.5118809911450812,-0.3065253808695394,1.1492302974843145,0.789682960908202,20.8795138045068,Z_Y_partipdem
7,backsliding_union_Nyr,Y_delibdem,Deliberative,vdem_high,instr-antiplural_w7_trt-ertOrDdcg_gapany_illibany_covlp_exclyr,backsliding_union_Nyr,1347,201,0.02566404141363035,0.6846989904104288,1222,188,-0.0087665290819917,0.01899281743422897,0.6443891707749928,-0.2526711435506833,0.8805546284379336,0.7741540895190431,20.841218955970746,Z_Y_delibdem
7,backsliding_union_Nyr,Y_egaldem,Egalitarian,vdem_high,instr-antiplural_w7_trt-ertOrDdcg_gapany_illibany_covlp_exclyr,backsliding_union_Nyr,1347,201,0.02566404141363035,0.6846989904104288,1222,188,-0.00677775014834231,0.0145624814286512,0.6416267791142407,-0.17499696016319882,0.4510263959906484,0.6980181362210417,19.280357063347505,Z_Y_egaldem
7,backsliding_union_Nyr,Y_elecoff,Elected officials,vdem_electoral,instr-antiplural_w7_trt-ertOrDdcg_gapany_illibany_covlp_exclyr,backsliding_union_Nyr,1347,201,0.02566404141363035,0.6846989904104288,1222,188,-0.03762081187353643,0.0275991950368872,0.17284701072588973,-0.4536578334662579,2.095399308801591,0.8285965808017784,18.572131537589343,Z_Y_elecoff
7,backsliding_union_Nyr,Y_frefair,Clean elections,vdem_electoral,instr-antiplural_w7_trt-ertOrDdcg_gapany_illibany_covlp_exclyr,backsliding_union_Nyr,1347,201,0.02566404141363035,0.6846989904104288,1222,188,-0.04900130248399731,0.02818105235260749,0.08206939507274026,-9.033469016929754,46.10596938612121,0.8446662045967794,24.4933653320796,Z_Y_frefair
7,backsliding_union_Nyr,Y_frassoc,Association,vdem_electoral,instr-antiplural_w7_trt-ertOrDdcg_gapany_illibany_covlp_exclyr,backsliding_union_Nyr,1347,201,0.02566404141363035,0.6846989904104288,1222,188,-0.02174378919941918,0.02016179512697109,0.2808263192085788,-0.6633878510084336,2.3288366181332165,0.7757528984675899,19.972665158295506,Z_Y_frassoc
7,backsliding_union_Nyr,Y_suffr,Suffrage,vdem_electoral,instr-antiplural_w7_trt-ertOrDdcg_gapany_illibany_covlp_exclyr,backsliding_union_Nyr,1347,201,0.02566404141363035,0.6846989904104288,1222,188,0.00170174504934705,0.00656537556599601,0.7954809660475277,3.1005112625458187e-4,0.2901006869919853,0.9991472444889172,15.624548319293634,Z_Y_suffr
7,backsliding_union_Nyr,Y_freexp,Expression & alt. info,vdem_electoral,instr-antiplural_w7_trt-ertOrDdcg_gapany_illibany_covlp_exclyr,backsliding_union_Nyr,1347,201,0.02566404141363035,0.6846989904104288,1222,188,-0.01346872408406079,0.02191915040337617,0.5389028705373167,-0.2427337599199531,1.1474613580055049,0.832466069564317,19.26625064336346,Z_Y_freexp
7,backsliding_union_Nyr,Y_cl_rol,Rule of law,vdem_liberal,instr-antiplural_w7_trt-ertOrDdcg_gapany_illibany_covlp_exclyr,backsliding_union_Nyr,1347,201,0.02566404141363035,0.6846989904104288,1222,188,-0.02496468023685983,0.01807937541990035,0.16732891885981066,-0.38755228832067656,1.255797006785783,0.7576177441169242,17.41793839860562,Z_Y_cl_rol
7,backsliding_union_Nyr,Y_cspart,Civil society,vdem_particip,instr-antiplural_w7_trt-ertOrDdcg_gapany_illibany_covlp_exclyr,backsliding_union_Nyr,1347,201,0.02566404141363035,0.6846989904104288,1222,188,-0.02069784065996481,0.01726238458523354,0.2305225048687284,-0.5827690483323933,1.4470793114066978,0.6871535744240075,19.42188076800955,Z_Y_cspart
7,backsliding_union_Nyr,Y_dd,Direct democracy,vdem_particip,instr-antiplural_w7_trt-ertOrDdcg_gapany_illibany_covlp_exclyr,backsliding_union_Nyr,1347,201,0.02566404141363035,0.6846989904104288,1222,188,0.00528994740144171,0.01722908192588444,0.7588160147606289,-0.6313109583874972,12.90887119318379,0.9609948429139196,23.302291014078225,Z_Y_dd
7,backsliding_union_Nyr,Y_locelec,Local elections,vdem_particip,instr-antiplural_w7_trt-ertOrDdcg_gapany_illibany_covlp_exclyr,backsliding_union_Nyr,1347,201,0.02566404141363035,0.6846989904104288,1205,185,-0.00985883484252896,0.02544415055142196,0.6984085861838605,-0.1787122598992501,1.3008978716070057,0.8907335312059156,19.319630812063867,Z_Y_locelec
7,backsliding_union_Nyr,Y_regelec,Regional elections,vdem_particip,instr-antiplural_w7_trt-ertOrDdcg_gapany_illibany_covlp_exclyr,backsliding_union_Nyr,1347,201,0.02566404141363035,0.6846989904104288,1221,188,-0.05099129637046527,0.02879446250168058,0.07658205317985298,-1.409776139555399,8.931277361310324,0.8745772914715151,20.925034713117125,Z_Y_regelec
7,backsliding_union_Nyr,Y_delib,Deliberation,vdem_egal_delib,instr-antiplural_w7_trt-ertOrDdcg_gapany_illibany_covlp_exclyr,backsliding_union_Nyr,1347,201,0.02566404141363035,0.6846989904104288,1222,188,-0.02082550922156811,0.02583688931146953,0.42022105843065904,-0.5055674636471377,1.432704718557367,0.7241812191744046,19.19706621941523,Z_Y_delib
7,backsliding_union_Nyr,Y_eqprotec,Equal protection,vdem_egal_delib,instr-antiplural_w7_trt-ertOrDdcg_gapany_illibany_covlp_exclyr,backsliding_union_Nyr,1347,201,0.02566404141363035,0.6846989904104288,1222,188,0.01058169546164821,0.0132509899569043,0.424546249339419,0.13202630430163184,0.6553075136010886,0.8403292958866577,17.411662179127813,Z_Y_eqprotec
7,backsliding_union_Nyr,Y_eqaccess,Equal access,vdem_egal_delib,instr-antiplural_w7_trt-ertOrDdcg_gapany_illibany_covlp_exclyr,backsliding_union_Nyr,1347,201,0.02566404141363035,0.6846989904104288,1222,188,-0.00306546004879214,0.01462512939656894,0.8339781222995516,-0.05259337952592678,0.3827176208201139,0.8906981540269254,17.275234800206416,Z_Y_eqaccess
7,backsliding_union_Nyr,Y_eqdr,Equal distribution,vdem_egal_delib,instr-antiplural_w7_trt-ertOrDdcg_gapany_illibany_covlp_exclyr,backsliding_union_Nyr,1347,201,0.02566404141363035,0.6846989904104288,1222,188,-0.00875595131535728,0.01214857439846168,0.4710701148969526,-0.1294430991250608,0.4141768527764924,0.754637020043349,17.13644955303233,Z_Y_eqdr
7,polyarchy_decline,Y_gdp_growth,PWT,growth,instr-antiplural_w7_trt-polyarchy_gapany_illibany_covlp_exclyr,polyarchy_decline,1222,427,0.01471155506189987,0.5163481114013803,1156,388,-0.04806537039158738,0.02851824575044485,0.09190656275401594,-3.122314942053947,5.209530823906957,0.5489417332980826,20.6670300495473,Z_Y_gdp_growth
7,polyarchy_decline,Y_gdp_growth_wb,World Bank,growth,instr-antiplural_w7_trt-polyarchy_gapany_illibany_covlp_exclyr,polyarchy_decline,1222,427,0.01471155506189987,0.5163481114013803,1176,405,-0.04212888763681827,0.02810264814463118,0.1338457736181182,-2.6217490563021393,4.78989550471038,0.5841383346929471,20.12759257589511,Z_Y_gdp_growth_wb
7,polyarchy_decline,Y_gdp_growth_imf,IMF WEO,growth,instr-antiplural_w7_trt-polyarchy_gapany_illibany_covlp_exclyr,polyarchy_decline,1222,427,0.01471155506189987,0.5163481114013803,897,314,-0.05580204202959858,0.02484946102004513,0.02472940220089899,6.0806940349442185,30.5926285341009,0.8424478484288339,17.156039644575664,Z_Y_gdp_growth_imf
7,polyarchy_decline,Y_inflation,"CPI, cumulative log",inflation,instr-antiplural_w7_trt-polyarchy_gapany_illibany_covlp_exclyr,polyarchy_decline,1222,427,0.01471155506189987,0.5163481114013803,1069,367,-0.01148835916087571,0.18296468222048737,0.9499336995607948,-4.415026924050956,13.625209004910152,0.7459125185443941,25.664727983470012,Z_Y_inflation
7,polyarchy_decline,Y_unemployment,Unemployment rate,unemployment,instr-antiplural_w7_trt-polyarchy_gapany_illibany_covlp_exclyr,polyarchy_decline,1222,427,0.01471155506189987,0.5163481114013803,819,354,0.05219793689364649,0.5694748357728205,0.9269683554981172,-51.72357193059221,332.53746793329776,0.8763939766454869,18.054647966900323,Z_Y_unemployment
7,polyarchy_decline,Y_trade_pct_gdp,Trade / GDP,trade,instr-antiplural_w7_trt-polyarchy_gapany_illibany_covlp_exclyr,polyarchy_decline,1222,427,0.01471155506189987,0.5163481114013803,1056,370,-0.9471081406720014,3.1761627425903365,0.7655561899372363,-48.83838150009629,186.1930251901329,0.7930903649319666,19.54549032616787,Z_Y_trade_pct_gdp
7,polyarchy_decline,Y_top10_share,Top-10% income share,top10,instr-antiplural_w7_trt-polyarchy_gapany_illibany_covlp_exclyr,polyarchy_decline,1222,427,0.01471155506189987,0.5163481114013803,1087,373,-0.46343324361988936,0.5555513593076559,0.4041761005267496,-83.82489627615038,184.49675726848065,0.649581635484374,22.025188294031928,Z_Y_top10_share
7,polyarchy_decline,Y_gini_disp,Disposable,gini,instr-antiplural_w7_trt-polyarchy_gapany_illibany_covlp_exclyr,polyarchy_decline,1222,427,0.01471155506189987,0.5163481114013803,909,306,0.8122675147889006,0.3533444686300997,0.02151641935960864,-67.59048163959619,187.2115841110329,0.7180710972602415,18.353350266224204,Z_Y_gini_disp
7,polyarchy_decline,Y_gini_mkt,Market,gini,instr-antiplural_w7_trt-polyarchy_gapany_illibany_covlp_exclyr,polyarchy_decline,1222,427,0.01471155506189987,0.5163481114013803,909,306,0.8296269360794926,0.3150251404483542,0.00845033355411653,-76.03000947277518,251.9268334317245,0.7628090968666746,17.44553985788606,Z_Y_gini_mkt
7,polyarchy_decline,Y_debt,Debt / GDP,fiscal,instr-antiplural_w7_trt-polyarchy_gapany_illibany_covlp_exclyr,polyarchy_decline,1222,427,0.01471155506189987,0.5163481114013803,1137,394,2.9296163437174,4.9767514603085345,0.5560891292376962,191.96047284458484,395.8405465705296,0.6277161148562667,24.92503274490568,Z_Y_debt
7,polyarchy_decline,Y_deficit,Deficit / GDP,fiscal,instr-antiplural_w7_trt-polyarchy_gapany_illibany_covlp_exclyr,polyarchy_decline,1222,427,0.01471155506189987,0.5163481114013803,988,349,-0.05635923148992379,1.0177706862822553,0.9558395716904636,6.56942402957492,104.6644934911432,0.9499524416236236,16.797974229417463,Z_Y_deficit
7,polyarchy_decline,Y_checks_balances,Checks & balances,institutions,instr-antiplural_w7_trt-polyarchy_gapany_illibany_covlp_exclyr,polyarchy_decline,1222,427,0.01471155506189987,0.5163481114013803,1191,420,0.00645875557872134,0.01906327810588509,0.7347557791609285,0.00854161772330869,2.297576706663534,0.997033740293816,17.18293660821903,Z_Y_checks_balances
7,polyarchy_decline,Y_jucon,Judicial constraints,institutions,instr-antiplural_w7_trt-polyarchy_gapany_illibany_covlp_exclyr,polyarchy_decline,1222,427,0.01471155506189987,0.5163481114013803,1222,427,-0.00861609440697786,0.02239543517967673,0.7004408199579522,-0.2941663376571293,1.411368309551575,0.83489608796135,27.28298958499841,Z_Y_jucon
7,polyarchy_decline,Y_legcon,Legislative constraints,institutions,instr-antiplural_w7_trt-polyarchy_gapany_illibany_covlp_exclyr,polyarchy_decline,1222,427,0.01471155506189987,0.5163481114013803,1191,420,-0.00809685694323029,0.02342555721771155,0.729611761841233,2.172009376337344,5.453334473332348,0.6904163242560557,17.46354353978742,Z_Y_legcon
7,polyarchy_decline,Y_hos_power,HOS,exec_power,instr-antiplural_w7_trt-polyarchy_gapany_illibany_covlp_exclyr,polyarchy_decline,1222,427,0.01471155506189987,0.5163481114013803,1222,427,0.00711290711859216,0.01607204308747722,0.6580811539296154,0.6916791816579658,1.0655455550704818,0.5162533846222843,23.397322298328625,Z_Y_hos_power
7,polyarchy_decline,Y_hog_power,HOG,exec_power,instr-antiplural_w7_trt-polyarchy_gapany_illibany_covlp_exclyr,polyarchy_decline,1222,427,0.01471155506189987,0.5163481114013803,616,211,0.0058464863987254,0.01157288314903871,0.61342651225398,0.40064394297269496,0.6891646690806772,0.5610064828420138,13.99100748116531,Z_Y_hog_power
7,polyarchy_decline,Y_hos_power_vdem,HOS (v2ex_hosw),exec_power_alt,instr-antiplural_w7_trt-polyarchy_gapany_illibany_covlp_exclyr,polyarchy_decline,1222,427,0.01471155506189987,0.5163481114013803,1222,427,0.04275185037987667,0.03008971544626455,0.15537121244693383,2.002023898320821,2.416973689289215,0.4074901771833778,23.21400446861363,Z_Y_hos_power_vdem
7,polyarchy_decline,Y_hog_power_vdem,HOG (v2ex_hogw),exec_power_alt,instr-antiplural_w7_trt-polyarchy_gapany_illibany_covlp_exclyr,polyarchy_decline,1222,427,0.01471155506189987,0.5163481114013803,1222,427,-0.02833062555932293,0.029770780717648,0.3412870896855972,-2.092923960862127,3.625072638956901,0.5637052283884216,19.57935155765344,Z_Y_hog_power_vdem
7,polyarchy_decline,Y_polyarchy,Electoral (polyarchy),vdem_high,instr-antiplural_w7_trt-polyarchy_gapany_illibany_covlp_exclyr,polyarchy_decline,1222,427,0.01471155506189987,0.5163481114013803,1222,427,-0.01794539883902399,0.02079777540353061,0.3882189308514253,-1,5.68620904943826e-17,0,25.26549418653411,Z_Y_polyarchy
7,polyarchy_decline,Y_libdem,Liberal,vdem_high,instr-antiplural_w7_trt-polyarchy_gapany_illibany_covlp_exclyr,polyarchy_decline,1222,427,0.01471155506189987,0.5163481114013803,1222,427,-0.01080141785771419,0.01821062028667622,0.5530885453845864,-0.6029963152587511,0.6090166546514298,0.32211808077056553,19.765407489253025,Z_Y_libdem
7,polyarchy_decline,Y_partipdem,Participatory,vdem_high,instr-antiplural_w7_trt-polyarchy_gapany_illibany_covlp_exclyr,polyarchy_decline,1222,427,0.01471155506189987,0.5163481114013803,1221,427,-0.0098203186553074,0.01497201506112182,0.5118809911450812,-0.6059239288330791,0.3884126791526906,0.11875979032044356,21.431239995927477,Z_Y_partipdem
7,polyarchy_decline,Y_delibdem,Deliberative,vdem_high,instr-antiplural_w7_trt-polyarchy_gapany_illibany_covlp_exclyr,polyarchy_decline,1222,427,0.01471155506189987,0.5163481114013803,1222,427,-0.0087665290819917,0.01899281743422897,0.6443891707749928,-0.49417870407011794,0.8317867121166603,0.5524337985932732,23.48150691920411,Z_Y_delibdem
7,polyarchy_decline,Y_egaldem,Egalitarian,vdem_high,instr-antiplural_w7_trt-polyarchy_gapany_illibany_covlp_exclyr,polyarchy_decline,1222,427,0.01471155506189987,0.5163481114013803,1222,427,-0.00677775014834231,0.0145624814286512,0.6416267791142407,-0.3826466627382718,0.4349580681866774,0.379004345948428,20.306716702156283,Z_Y_egaldem
7,polyarchy_decline,Y_elecoff,Elected officials,vdem_electoral,instr-antiplural_w7_trt-polyarchy_gapany_illibany_covlp_exclyr,polyarchy_decline,1222,427,0.01471155506189987,0.5163481114013803,1222,427,-0.03762081187353643,0.0275991950368872,0.17284701072588973,-3.959977674169872,5.8558312050678705,0.49888498678669974,21.514632567380037,Z_Y_elecoff
7,polyarchy_decline,Y_frefair,Clean elections,vdem_electoral,instr-antiplural_w7_trt-polyarchy_gapany_illibany_covlp_exclyr,polyarchy_decline,1222,427,0.01471155506189987,0.5163481114013803,1222,427,-0.04900130248399731,0.02818105235260749,0.08206939507274026,-2.7003288554154437,1.711714243764466,0.11466713975521936,21.307486636496176,Z_Y_frefair
7,polyarchy_decline,Y_frassoc,Association,vdem_electoral,instr-antiplural_w7_trt-polyarchy_gapany_illibany_covlp_exclyr,polyarchy_decline,1222,427,0.01471155506189987,0.5163481114013803,1222,427,-0.02174378919941918,0.02016179512697109,0.2808263192085788,-1.8568817846819587,2.6963446226474788,0.49103326248485735,20.220911253640153,Z_Y_frassoc
7,polyarchy_decline,Y_suffr,Suffrage,vdem_electoral,instr-antiplural_w7_trt-polyarchy_gapany_illibany_covlp_exclyr,polyarchy_decline,1222,427,0.01471155506189987,0.5163481114013803,1222,427,0.00170174504934705,0.00656537556599601,0.7954809660475277,0.09887872972750926,0.4759232733450656,0.835414872654547,22.830290410696993,Z_Y_suffr
7,polyarchy_decline,Y_freexp,Expression & alt. info,vdem_electoral,instr-antiplural_w7_trt-polyarchy_gapany_illibany_covlp_exclyr,polyarchy_decline,1222,427,0.01471155506189987,0.5163481114013803,1222,427,-0.01346872408406079,0.02191915040337617,0.5389028705373167,-1.1841193587613896,1.6577898847705284,0.4750565927602619,19.78922089682664,Z_Y_freexp
7,polyarchy_decline,Y_cl_rol,Rule of law,vdem_liberal,instr-antiplural_w7_trt-polyarchy_gapany_illibany_covlp_exclyr,polyarchy_decline,1222,427,0.01471155506189987,0.5163481114013803,1222,427,-0.02496468023685983,0.01807937541990035,0.16732891885981066,-2.6720385378777194,5.069729190374584,0.5981536939453036,19.607342278455256,Z_Y_cl_rol
7,polyarchy_decline,Y_cspart,Civil society,vdem_particip,instr-antiplural_w7_trt-polyarchy_gapany_illibany_covlp_exclyr,polyarchy_decline,1222,427,0.01471155506189987,0.5163481114013803,1222,427,-0.02069784065996481,0.01726238458523354,0.2305225048687284,-1.7581201886414577,3.1543315351638572,0.5772767325849466,20.00687576315556,Z_Y_cspart
7,polyarchy_decline,Y_dd,Direct democracy,vdem_particip,instr-antiplural_w7_trt-polyarchy_gapany_illibany_covlp_exclyr,polyarchy_decline,1222,427,0.01471155506189987,0.5163481114013803,1222,427,0.00528994740144171,0.01722908192588444,0.7588160147606289,0.429251395347237,1.4031199020100598,0.7596606983142187,24.884225770864997,Z_Y_dd
7,polyarchy_decline,Y_locelec,Local elections,vdem_particip,instr-antiplural_w7_trt-polyarchy_gapany_illibany_covlp_exclyr,polyarchy_decline,1222,427,0.01471155506189987,0.5163481114013803,1205,422,-0.00985883484252896,0.02544415055142196,0.6984085861838605,-0.7078245427903577,1.3773291430589163,0.6073142441181347,23.19352187324203,Z_Y_locelec
7,polyarchy_decline,Y_regelec,Regional elections,vdem_particip,instr-antiplural_w7_trt-polyarchy_gapany_illibany_covlp_exclyr,polyarchy_decline,1222,427,0.01471155506189987,0.5163481114013803,1221,427,-0.05099129637046527,0.02879446250168058,0.07658205317985298,-3.3912563383962393,4.171170087861433,0.4162049924119367,26.97851982803203,Z_Y_regelec
7,polyarchy_decline,Y_delib,Deliberation,vdem_egal_delib,instr-antiplural_w7_trt-polyarchy_gapany_illibany_covlp_exclyr,polyarchy_decline,1222,427,0.01471155506189987,0.5163481114013803,1222,427,-0.02082550922156811,0.02583688931146953,0.42022105843065904,-1.4777793577496343,1.5096544508162195,0.32763639186261495,22.16005138475086,Z_Y_delib
7,polyarchy_decline,Y_eqprotec,Equal protection,vdem_egal_delib,instr-antiplural_w7_trt-polyarchy_gapany_illibany_covlp_exclyr,polyarchy_decline,1222,427,0.01471155506189987,0.5163481114013803,1222,427,0.01058169546164821,0.0132509899569043,0.424546249339419,-0.11527327895163232,1.2010019776483605,0.9235357234383952,27.403469361443044,Z_Y_eqprotec
7,polyarchy_decline,Y_eqaccess,Equal access,vdem_egal_delib,instr-antiplural_w7_trt-polyarchy_gapany_illibany_covlp_exclyr,polyarchy_decline,1222,427,0.01471155506189987,0.5163481114013803,1222,427,-0.00306546004879214,0.01462512939656894,0.8339781222995516,-0.6867545941001995,1.00026676995941,0.4923528326753963,22.89229925136482,Z_Y_eqaccess
7,polyarchy_decline,Y_eqdr,Equal distribution,vdem_egal_delib,instr-antiplural_w7_trt-polyarchy_gapany_illibany_covlp_exclyr,polyarchy_decline,1222,427,0.01471155506189987,0.5163481114013803,1222,427,-0.00875595131535728,0.01214857439846168,0.4710701148969526,-0.5162182299758421,0.7759254120308092,0.505862707377879,22.48447389877833,Z_Y_eqdr
8,backsliding_Nyr,Y_gdp_growth,PWT,growth,instr-antiplural_w8_trt-ert_gapany_illibany_covlp_exclyr,backsliding_Nyr,1347,202,-0.0059033637577239,0.9236352977763628,1120,173,-0.04415294524270538,0.03095095877852844,0.15371099631387633,90.69417415111108,5103.9921569881335,0.985822926216074,23.18108912211095,Z_Y_gdp_growth
8,backsliding_Nyr,Y_gdp_growth_wb,World Bank,growth,instr-antiplural_w8_trt-ert_gapany_illibany_covlp_exclyr,backsliding_Nyr,1347,202,-0.0059033637577239,0.9236352977763628,1151,180,-0.03980402238213432,0.03135776796612469,0.20431581034741209,1.913653439042947,13.927326490780173,0.8907124302927129,25.167778931082708,Z_Y_gdp_growth_wb
8,backsliding_Nyr,Y_gdp_growth_imf,IMF WEO,growth,instr-antiplural_w8_trt-ert_gapany_illibany_covlp_exclyr,backsliding_Nyr,1347,202,-0.0059033637577239,0.9236352977763628,875,144,-0.06014897561873334,0.02738908202289342,0.02808527625641924,9.047491323693317,98.59339119578851,0.9268841983652304,24.780289253041065,Z_Y_gdp_growth_imf
8,backsliding_Nyr,Y_inflation,"CPI, cumulative log",inflation,instr-antiplural_w8_trt-ert_gapany_illibany_covlp_exclyr,backsliding_Nyr,1347,202,-0.0059033637577239,0.9236352977763628,1045,163,0.02303022534291925,0.18632409499698568,0.9016295820775556,0.08672978381942398,3.8981094847271023,0.9822491782667548,18.309924286038548,Z_Y_inflation
8,backsliding_Nyr,Y_unemployment,Unemployment rate,unemployment,instr-antiplural_w8_trt-ert_gapany_illibany_covlp_exclyr,backsliding_Nyr,1347,202,-0.0059033637577239,0.9236352977763628,790,157,0.07396716044792644,0.6407167743783263,0.9080928919668864,-5.470984685494553,38.75156403746054,0.887726953019448,21.703131646845826,Z_Y_unemployment
8,backsliding_Nyr,Y_trade_pct_gdp,Trade / GDP,trade,instr-antiplural_w8_trt-ert_gapany_illibany_covlp_exclyr,backsliding_Nyr,1347,202,-0.0059033637577239,0.9236352977763628,1033,164,0.6785188734414378,3.54046556450128,0.8480188858114476,-46.95270646193017,258.9011844772455,0.8560899014931433,22.384557595604655,Z_Y_trade_pct_gdp
8,backsliding_Nyr,Y_top10_share,Top-10% income share,top10,instr-antiplural_w8_trt-ert_gapany_illibany_covlp_exclyr,backsliding_Nyr,1347,202,-0.0059033637577239,0.9236352977763628,1063,171,-0.5793473836594368,0.6419646563723246,0.366812593923877,24.024546576918475,792.5105986087658,0.9758162486254728,24.101023622601115,Z_Y_top10_share
8,backsliding_Nyr,Y_gini_disp,Disposable,gini,instr-antiplural_w8_trt-ert_gapany_illibany_covlp_exclyr,backsliding_Nyr,1347,202,-0.0059033637577239,0.9236352977763628,879,138,0.9814349982262826,0.41470368047144934,0.01795264318810499,-23.696623785977987,44.379726115489746,0.593375051485675,23.9561930937944,Z_Y_gini_disp
8,backsliding_Nyr,Y_gini_mkt,Market,gini,instr-antiplural_w8_trt-ert_gapany_illibany_covlp_exclyr,backsliding_Nyr,1347,202,-0.0059033637577239,0.9236352977763628,879,138,0.9394983393104668,0.3628009255713551,0.00960959244169856,-28.266200932053874,67.0095063426245,0.6731536724339957,23.810227801345057,Z_Y_gini_mkt
8,backsliding_Nyr,Y_debt,Debt / GDP,fiscal,instr-antiplural_w8_trt-ert_gapany_illibany_covlp_exclyr,backsliding_Nyr,1347,202,-0.0059033637577239,0.9236352977763628,1112,175,4.671655612028025,5.161017734503755,0.3653694629529373,-468.8093241731295,4753.683056022198,0.9214398057954152,23.48671017033126,Z_Y_debt
8,backsliding_Nyr,Y_deficit,Deficit / GDP,fiscal,instr-antiplural_w8_trt-ert_gapany_illibany_covlp_exclyr,backsliding_Nyr,1347,202,-0.0059033637577239,0.9236352977763628,964,157,-0.03164616155941535,0.7879986377537247,0.9679654293961674,2.2176192442347644,17.044289824394006,0.8964800161019427,25.736891137859747,Z_Y_deficit
8,backsliding_Nyr,Y_checks_balances,Checks & balances,institutions,instr-antiplural_w8_trt-ert_gapany_illibany_covlp_exclyr,backsliding_Nyr,1347,202,-0.0059033637577239,0.9236352977763628,1161,178,0.00829577590800401,0.02276178287990438,0.7155139962778927,-0.3324037597843376,1.4799717043409275,0.8222893530520186,26.6546641201877,Z_Y_checks_balances
8,backsliding_Nyr,Y_jucon,Judicial constraints,institutions,instr-antiplural_w8_trt-ert_gapany_illibany_covlp_exclyr,backsliding_Nyr,1347,202,-0.0059033637577239,0.9236352977763628,1194,184,-0.00447608781286849,0.02225212875665676,0.8405787525930717,0.179744864112371,0.9910861174040022,0.856083836871428,25.87083468083232,Z_Y_jucon
8,backsliding_Nyr,Y_legcon,Legislative constraints,institutions,instr-antiplural_w8_trt-ert_gapany_illibany_covlp_exclyr,backsliding_Nyr,1347,202,-0.0059033637577239,0.9236352977763628,1161,178,-0.00569031360175032,0.02645387114757237,0.8296868217665564,0.02561850399779075,1.1236878911580874,0.9818109295707028,26.014024416907063,Z_Y_legcon
8,backsliding_Nyr,Y_hos_power,HOS,exec_power,instr-antiplural_w8_trt-ert_gapany_illibany_covlp_exclyr,backsliding_Nyr,1347,202,-0.0059033637577239,0.9236352977763628,1194,184,0.01551946887434,0.01840645915104038,0.39914264884338385,-0.6746247836735809,3.731433213130859,0.856528421405377,23.0316952928051,Z_Y_hos_power
8,backsliding_Nyr,Y_hog_power,HOG,exec_power,instr-antiplural_w8_trt-ert_gapany_illibany_covlp_exclyr,backsliding_Nyr,1347,202,-0.0059033637577239,0.9236352977763628,599,107,0.0079825271374246,0.01153076706229838,0.4887610873496337,1.1201347348914528,5.9844016961491215,0.8515228559667419,22.989296591119295,Z_Y_hog_power
8,backsliding_Nyr,Y_hos_power_vdem,HOS (v2ex_hosw),exec_power_alt,instr-antiplural_w8_trt-ert_gapany_illibany_covlp_exclyr,backsliding_Nyr,1347,202,-0.0059033637577239,0.9236352977763628,1194,184,0.03079825606802927,0.02789713474488468,0.26959594735364295,-1.7115799243010894,11.860564387230484,0.8852568886107058,22.244029541460485,Z_Y_hos_power_vdem
8,backsliding_Nyr,Y_hog_power_vdem,HOG (v2ex_hogw),exec_power_alt,instr-antiplural_w8_trt-ert_gapany_illibany_covlp_exclyr,backsliding_Nyr,1347,202,-0.0059033637577239,0.9236352977763628,1194,184,-0.01788019965973242,0.02734016020962303,0.5131180530415735,0.7650648029982798,5.5191694254899355,0.8897507908083435,17.6708837949514,Z_Y_hog_power_vdem
8,backsliding_Nyr,Y_polyarchy,Electoral (polyarchy),vdem_high,instr-antiplural_w8_trt-ert_gapany_illibany_covlp_exclyr,backsliding_Nyr,1347,202,-0.0059033637577239,0.9236352977763628,1194,184,-0.01698063583334243,0.02245688206195108,0.4495628850385616,0.7415270251429491,3.1562986457167463,0.8142586911279803,25.451225988388025,Z_Y_polyarchy
8,backsliding_Nyr,Y_libdem,Liberal,vdem_high,instr-antiplural_w8_trt-ert_gapany_illibany_covlp_exclyr,backsliding_Nyr,1347,202,-0.0059033637577239,0.9236352977763628,1194,184,-0.00889066780887224,0.019629273990372,0.65059985431225,0.4620005456402791,1.9051550602848455,0.8083925764894399,24.875402280413713,Z_Y_libdem
8,backsliding_Nyr,Y_partipdem,Participatory,vdem_high,instr-antiplural_w8_trt-ert_gapany_illibany_covlp_exclyr,backsliding_Nyr,1347,202,-0.0059033637577239,0.9236352977763628,1193,184,-0.00850938772755345,0.01599223176826828,0.59466014976936,0.44475602649717594,1.908213628823866,0.8157035194590416,25.9640333089359,Z_Y_partipdem
8,backsliding_Nyr,Y_delibdem,Deliberative,vdem_high,instr-antiplural_w8_trt-ert_gapany_illibany_covlp_exclyr,backsliding_Nyr,1347,202,-0.0059033637577239,0.9236352977763628,1194,184,-0.00650804354824907,0.02088870928037731,0.7553764917028328,0.3933149692356572,1.7286233867405132,0.8200110640282696,24.41953457897089,Z_Y_delibdem
8,backsliding_Nyr,Y_egaldem,Egalitarian,vdem_high,instr-antiplural_w8_trt-ert_gapany_illibany_covlp_exclyr,backsliding_Nyr,1347,202,-0.0059033637577239,0.9236352977763628,1194,184,-0.00388889608417208,0.0152634377168444,0.7988891053494485,0.49809493412449096,2.838969763828314,0.8607266950735979,20.35062636699897,Z_Y_egaldem
8,backsliding_Nyr,Y_elecoff,Elected officials,vdem_electoral,instr-antiplural_w8_trt-ert_gapany_illibany_covlp_exclyr,backsliding_Nyr,1347,202,-0.0059033637577239,0.9236352977763628,1194,184,-0.04384348697325112,0.03486221911933793,0.20852856330180625,1.0683612667635454,7.74360791301806,0.8902666091278306,26.607827931624637,Z_Y_elecoff
8,backsliding_Nyr,Y_frefair,Clean elections,vdem_electoral,instr-antiplural_w8_trt-ert_gapany_illibany_covlp_exclyr,backsliding_Nyr,1347,202,-0.0059033637577239,0.9236352977763628,1194,184,-0.04809995146190722,0.03031894939071286,0.11263386999436847,3.219385439980486,24.89899360542534,0.8971220012181905,22.334084107576132,Z_Y_frefair
8,backsliding_Nyr,Y_frassoc,Association,vdem_electoral,instr-antiplural_w8_trt-ert_gapany_illibany_covlp_exclyr,backsliding_Nyr,1347,202,-0.0059033637577239,0.9236352977763628,1194,184,-0.02244901803525511,0.02099022782260664,0.2848450858490074,1.0584489672767576,3.3956342025387003,0.7552618608346291,19.391562190549138,Z_Y_frassoc
8,backsliding_Nyr,Y_suffr,Suffrage,vdem_electoral,instr-antiplural_w8_trt-ert_gapany_illibany_covlp_exclyr,backsliding_Nyr,1347,202,-0.0059033637577239,0.9236352977763628,1194,184,0.00119510402415543,0.00660428192300818,0.8563997850456,-0.01400953885823356,0.23627675971735568,0.95271880073434,14.875550625105523,Z_Y_suffr
8,backsliding_Nyr,Y_freexp,Expression & alt. info,vdem_electoral,instr-antiplural_w8_trt-ert_gapany_illibany_covlp_exclyr,backsliding_Nyr,1347,202,-0.0059033637577239,0.9236352977763628,1194,184,-0.01185801468795182,0.022952046223066,0.6054053724030322,0.9052556094085618,4.16442369720423,0.827913491269092,17.958456413984237,Z_Y_freexp
8,backsliding_Nyr,Y_cl_rol,Rule of law,vdem_liberal,instr-antiplural_w8_trt-ert_gapany_illibany_covlp_exclyr,backsliding_Nyr,1347,202,-0.0059033637577239,0.9236352977763628,1194,184,-0.02194071811599873,0.01962846360413385,0.26365195362347926,1.5429341333918465,6.911268604056918,0.8233416806075698,17.59942592100284,Z_Y_cl_rol
8,backsliding_Nyr,Y_cspart,Civil society,vdem_particip,instr-antiplural_w8_trt-ert_gapany_illibany_covlp_exclyr,backsliding_Nyr,1347,202,-0.0059033637577239,0.9236352977763628,1194,184,-0.01881231765784429,0.01760158667699782,0.28516641029874146,0.9430887548616146,4.311690833200733,0.8268617117675988,22.338545372286145,Z_Y_cspart
8,backsliding_Nyr,Y_dd,Direct democracy,vdem_particip,instr-antiplural_w8_trt-ert_gapany_illibany_covlp_exclyr,backsliding_Nyr,1347,202,-0.0059033637577239,0.9236352977763628,1194,184,0.00733941509348551,0.02026446938098175,0.7172164336793874,-0.34668310013977455,1.7195958226714978,0.8402237245480386,22.166379201696476,Z_Y_dd
8,backsliding_Nyr,Y_locelec,Local elections,vdem_particip,instr-antiplural_w8_trt-ert_gapany_illibany_covlp_exclyr,backsliding_Nyr,1347,202,-0.0059033637577239,0.9236352977763628,1177,182,-0.00155069626656927,0.02674989639545544,0.9537723827446664,0.5948069006791554,11.628371553135102,0.9592049183092476,23.47725278235747,Z_Y_locelec
8,backsliding_Nyr,Y_regelec,Regional elections,vdem_particip,instr-antiplural_w8_trt-ert_gapany_illibany_covlp_exclyr,backsliding_Nyr,1347,202,-0.0059033637577239,0.9236352977763628,1193,184,-0.04063049203192345,0.03105098544761313,0.19070074453889355,1.5453552810628004,7.36704127674978,0.8338502576816008,24.298548384701927,Z_Y_regelec
8,backsliding_Nyr,Y_delib,Deliberation,vdem_egal_delib,instr-antiplural_w8_trt-ert_gapany_illibany_covlp_exclyr,backsliding_Nyr,1347,202,-0.0059033637577239,0.9236352977763628,1194,184,-0.01575195268945206,0.02702265733507904,0.5599495161096955,0.942546998568382,4.170078436163858,0.8211810399416127,20.13990220280312,Z_Y_delib
8,backsliding_Nyr,Y_eqprotec,Equal protection,vdem_egal_delib,instr-antiplural_w8_trt-ert_gapany_illibany_covlp_exclyr,backsliding_Nyr,1347,202,-0.0059033637577239,0.9236352977763628,1194,184,0.0167205799447298,0.01319022630202848,0.20492325023691155,-1.0233739999755382,5.902445742984159,0.8623516851355182,19.063286426340813,Z_Y_eqprotec
8,backsliding_Nyr,Y_eqaccess,Equal access,vdem_egal_delib,instr-antiplural_w8_trt-ert_gapany_illibany_covlp_exclyr,backsliding_Nyr,1347,202,-0.0059033637577239,0.9236352977763628,1194,184,0.00728984758828297,0.0151193995239703,0.6296980253975686,-0.17813979327653134,3.9989888682505343,0.964469019182994,20.912449691801445,Z_Y_eqaccess
8,backsliding_Nyr,Y_eqdr,Equal distribution,vdem_egal_delib,instr-antiplural_w8_trt-ert_gapany_illibany_covlp_exclyr,backsliding_Nyr,1347,202,-0.0059033637577239,0.9236352977763628,1194,184,-0.00574164854385983,0.0127948710487255,0.6536148215580597,0.3835038026810212,1.620829738711735,0.8129597071047605,22.130018043804508,Z_Y_eqdr
8,backsliding_union_Nyr,Y_gdp_growth,PWT,growth,instr-antiplural_w8_trt-ertOrDdcg_gapany_illibany_covlp_exclyr,backsliding_union_Nyr,1347,226,0.00618849132894028,0.9182661380438998,1120,197,-0.04415294524270538,0.03095095877852844,0.15371099631387633,-1.5937875485949904,3.950089692003115,0.6865941469272644,23.892133326939852,Z_Y_gdp_growth
8,backsliding_union_Nyr,Y_gdp_growth_wb,World Bank,growth,instr-antiplural_w8_trt-ertOrDdcg_gapany_illibany_covlp_exclyr,backsliding_union_Nyr,1347,226,0.00618849132894028,0.9182661380438998,1151,203,-0.03980402238213432,0.03135776796612469,0.20431581034741209,-0.8973731198213755,3.07787941173602,0.7706263920644686,19.31371993695357,Z_Y_gdp_growth_wb
8,backsliding_union_Nyr,Y_gdp_growth_imf,IMF WEO,growth,instr-antiplural_w8_trt-ertOrDdcg_gapany_illibany_covlp_exclyr,backsliding_union_Nyr,1347,226,0.00618849132894028,0.9182661380438998,875,158,-0.06014897561873334,0.02738908202289342,0.02808527625641924,-810.6098991034935,12873.635434118532,0.9497930485210948,27.57987343700902,Z_Y_gdp_growth_imf
8,backsliding_union_Nyr,Y_inflation,"CPI, cumulative log",inflation,instr-antiplural_w8_trt-ertOrDdcg_gapany_illibany_covlp_exclyr,backsliding_union_Nyr,1347,226,0.00618849132894028,0.9182661380438998,1045,179,0.02303022534291925,0.18632409499698568,0.9016295820775556,2.6871047009068305,41.06522138954331,0.947827620212735,19.625485524173325,Z_Y_inflation
8,backsliding_union_Nyr,Y_unemployment,Unemployment rate,unemployment,instr-antiplural_w8_trt-ertOrDdcg_gapany_illibany_covlp_exclyr,backsliding_union_Nyr,1347,226,0.00618849132894028,0.9182661380438998,790,172,0.07396716044792644,0.6407167743783263,0.9080928919668864,-7.980466737847376,61.40117345642678,0.8965881488697706,22.61180446358425,Z_Y_unemployment
8,backsliding_union_Nyr,Y_trade_pct_gdp,Trade / GDP,trade,instr-antiplural_w8_trt-ertOrDdcg_gapany_illibany_covlp_exclyr,backsliding_union_Nyr,1347,226,0.00618849132894028,0.9182661380438998,1033,184,0.6785188734414378,3.54046556450128,0.8480188858114476,15.16226652339816,614.3556286963777,0.9803102473697912,17.493605687246646,Z_Y_trade_pct_gdp
8,backsliding_union_Nyr,Y_top10_share,Top-10% income share,top10,instr-antiplural_w8_trt-ertOrDdcg_gapany_illibany_covlp_exclyr,backsliding_union_Nyr,1347,226,0.00618849132894028,0.9182661380438998,1063,191,-0.5793473836594368,0.6419646563723246,0.366812593923877,-251.14644553167423,2767.4466918040935,0.9276910512517352,24.70368260361894,Z_Y_top10_share
8,backsliding_union_Nyr,Y_gini_disp,Disposable,gini,instr-antiplural_w8_trt-ertOrDdcg_gapany_illibany_covlp_exclyr,backsliding_union_Nyr,1347,226,0.00618849132894028,0.9182661380438998,879,149,0.9814349982262826,0.41470368047144934,0.01795264318810499,-31.83038383571526,115.52115601375434,0.7829034969839476,26.248507450919575,Z_Y_gini_disp
8,backsliding_union_Nyr,Y_gini_mkt,Market,gini,instr-antiplural_w8_trt-ertOrDdcg_gapany_illibany_covlp_exclyr,backsliding_union_Nyr,1347,226,0.00618849132894028,0.9182661380438998,879,149,0.9394983393104668,0.3628009255713551,0.00960959244169856,-41.46767209616794,263.5342152704421,0.8749673321505919,25.954430443676276,Z_Y_gini_mkt
8,backsliding_union_Nyr,Y_debt,Debt / GDP,fiscal,instr-antiplural_w8_trt-ertOrDdcg_gapany_illibany_covlp_exclyr,backsliding_union_Nyr,1347,226,0.00618849132894028,0.9182661380438998,1112,195,4.671655612028025,5.161017734503755,0.3653694629529373,175.56442537945247,507.86954163551445,0.729577175011516,21.492333881620876,Z_Y_debt
8,backsliding_union_Nyr,Y_deficit,Deficit / GDP,fiscal,instr-antiplural_w8_trt-ertOrDdcg_gapany_illibany_covlp_exclyr,backsliding_union_Nyr,1347,226,0.00618849132894028,0.9182661380438998,964,167,-0.03164616155941535,0.7879986377537247,0.9679654293961674,1.3228460060160945,40.68837580176528,0.974064030036706,22.619346405871244,Z_Y_deficit
8,backsliding_union_Nyr,Y_checks_balances,Checks & balances,institutions,instr-antiplural_w8_trt-ertOrDdcg_gapany_illibany_covlp_exclyr,backsliding_union_Nyr,1347,226,0.00618849132894028,0.9182661380438998,1161,196,0.00829577590800401,0.02276178287990438,0.7155139962778927,-0.16987794890215446,4.391117444897246,0.9691401581523716,26.915235922529803,Z_Y_checks_balances
8,backsliding_union_Nyr,Y_jucon,Judicial constraints,institutions,instr-antiplural_w8_trt-ertOrDdcg_gapany_illibany_covlp_exclyr,backsliding_union_Nyr,1347,226,0.00618849132894028,0.9182661380438998,1194,208,-0.00447608781286849,0.02225212875665676,0.8405787525930717,2234.8530735476184,16203.952660449506,0.8903034524274167,26.947333249902915,Z_Y_jucon
8,backsliding_union_Nyr,Y_legcon,Legislative constraints,institutions,instr-antiplural_w8_trt-ertOrDdcg_gapany_illibany_covlp_exclyr,backsliding_union_Nyr,1347,226,0.00618849132894028,0.9182661380438998,1161,196,-0.00569031360175032,0.02645387114757237,0.8296868217665564,0.9111183565106378,7.001405608324433,0.8964607001054727,23.482736091835474,Z_Y_legcon
8,backsliding_union_Nyr,Y_hos_power,HOS,exec_power,instr-antiplural_w8_trt-ertOrDdcg_gapany_illibany_covlp_exclyr,backsliding_union_Nyr,1347,226,0.00618849132894028,0.9182661380438998,1194,208,0.01551946887434,0.01840645915104038,0.39914264884338385,5.579932574205285,28.663629313117752,0.8456517400515006,24.69379282024948,Z_Y_hos_power
8,backsliding_union_Nyr,Y_hog_power,HOG,exec_power,instr-antiplural_w8_trt-ertOrDdcg_gapany_illibany_covlp_exclyr,backsliding_union_Nyr,1347,226,0.00618849132894028,0.9182661380438998,599,120,0.0079825271374246,0.01153076706229838,0.4887610873496337,0.3734883811388637,1.1392092159421776,0.7430259831059358,24.069004361794963,Z_Y_hog_power
8,backsliding_union_Nyr,Y_hos_power_vdem,HOS (v2ex_hosw),exec_power_alt,instr-antiplural_w8_trt-ertOrDdcg_gapany_illibany_covlp_exclyr,backsliding_union_Nyr,1347,226,0.00618849132894028,0.9182661380438998,1194,208,0.03079825606802927,0.02789713474488468,0.26959594735364295,0.9687860888832618,4.609619569896547,0.8335379825294964,18.51656785409426,Z_Y_hos_power_vdem
8,backsliding_union_Nyr,Y_hog_power_vdem,HOG (v2ex_hogw),exec_power_alt,instr-antiplural_w8_trt-ertOrDdcg_gapany_illibany_covlp_exclyr,backsliding_union_Nyr,1347,226,0.00618849132894028,0.9182661380438998,1194,208,-0.01788019965973242,0.02734016020962303,0.5131180530415735,-0.42065663268682496,2.37598009478527,0.8594726340858143,18.669479791752785,Z_Y_hog_power_vdem
8,backsliding_union_Nyr,Y_polyarchy,Electoral (polyarchy),vdem_high,instr-antiplural_w8_trt-ertOrDdcg_gapany_illibany_covlp_exclyr,backsliding_union_Nyr,1347,226,0.00618849132894028,0.9182661380438998,1194,208,-0.01698063583334243,0.02245688206195108,0.4495628850385616,-1.4548597568272452,5.204296872119016,0.7798229836832702,21.99473176409435,Z_Y_polyarchy
8,backsliding_union_Nyr,Y_libdem,Liberal,vdem_high,instr-antiplural_w8_trt-ertOrDdcg_gapany_illibany_covlp_exclyr,backsliding_union_Nyr,1347,226,0.00618849132894028,0.9182661380438998,1194,208,-0.00889066780887224,0.019629273990372,0.65059985431225,-2.8343735055761927,12.174854906735831,0.8159124213688658,24.629968337523827,Z_Y_libdem
8,backsliding_union_Nyr,Y_partipdem,Participatory,vdem_high,instr-antiplural_w8_trt-ertOrDdcg_gapany_illibany_covlp_exclyr,backsliding_union_Nyr,1347,226,0.00618849132894028,0.9182661380438998,1193,208,-0.00850938772755345,0.01599223176826828,0.59466014976936,-5.2481205883672555,28.217462251665037,0.8524538599615549,25.34821549855884,Z_Y_partipdem
8,backsliding_union_Nyr,Y_delibdem,Deliberative,vdem_high,instr-antiplural_w8_trt-ertOrDdcg_gapany_illibany_covlp_exclyr,backsliding_union_Nyr,1347,226,0.00618849132894028,0.9182661380438998,1194,208,-0.00650804354824907,0.02088870928037731,0.7553764917028328,-1.214157726125541,4.314802125420467,0.77840852230612,24.30293845198088,Z_Y_delibdem
8,backsliding_union_Nyr,Y_egaldem,Egalitarian,vdem_high,instr-antiplural_w8_trt-ertOrDdcg_gapany_illibany_covlp_exclyr,backsliding_union_Nyr,1347,226,0.00618849132894028,0.9182661380438998,1194,208,-0.00388889608417208,0.0152634377168444,0.7988891053494485,-0.3821060995979764,1.0443294428770458,0.7144497311491321,21.424538102997964,Z_Y_egaldem
8,backsliding_union_Nyr,Y_elecoff,Elected officials,vdem_electoral,instr-antiplural_w8_trt-ertOrDdcg_gapany_illibany_covlp_exclyr,backsliding_union_Nyr,1347,226,0.00618849132894028,0.9182661380438998,1194,208,-0.04384348697325112,0.03486221911933793,0.20852856330180625,-1.972228700042832,6.2848067968885335,0.7536661369592651,20.211977155104073,Z_Y_elecoff
8,backsliding_union_Nyr,Y_frefair,Clean elections,vdem_electoral,instr-antiplural_w8_trt-ertOrDdcg_gapany_illibany_covlp_exclyr,backsliding_union_Nyr,1347,226,0.00618849132894028,0.9182661380438998,1194,208,-0.04809995146190722,0.03031894939071286,0.11263386999436847,-3.0114003921841173,9.512142168907468,0.751558609694584,20.81083169546042,Z_Y_frefair
8,backsliding_union_Nyr,Y_frassoc,Association,vdem_electoral,instr-antiplural_w8_trt-ertOrDdcg_gapany_illibany_covlp_exclyr,backsliding_union_Nyr,1347,226,0.00618849132894028,0.9182661380438998,1194,208,-0.02244901803525511,0.02099022782260664,0.2848450858490074,-1.9993266541180876,9.989153071653664,0.841363452740463,20.325443687477136,Z_Y_frassoc
8,backsliding_union_Nyr,Y_suffr,Suffrage,vdem_electoral,instr-antiplural_w8_trt-ertOrDdcg_gapany_illibany_covlp_exclyr,backsliding_union_Nyr,1347,226,0.00618849132894028,0.9182661380438998,1194,208,0.00119510402415543,0.00660428192300818,0.8563997850456,0.13290262391304125,0.9812031669356628,0.8922571778261528,16.090549752015857,Z_Y_suffr
8,backsliding_union_Nyr,Y_freexp,Expression & alt. info,vdem_electoral,instr-antiplural_w8_trt-ertOrDdcg_gapany_illibany_covlp_exclyr,backsliding_union_Nyr,1347,226,0.00618849132894028,0.9182661380438998,1194,208,-0.01185801468795182,0.022952046223066,0.6054053724030322,-4.445710044608001,31.75072461410255,0.8886448456864519,23.407788378908492,Z_Y_freexp
8,backsliding_union_Nyr,Y_cl_rol,Rule of law,vdem_liberal,instr-antiplural_w8_trt-ertOrDdcg_gapany_illibany_covlp_exclyr,backsliding_union_Nyr,1347,226,0.00618849132894028,0.9182661380438998,1194,208,-0.02194071811599873,0.01962846360413385,0.26365195362347926,-0.8169485400347027,4.045679443441328,0.8399705808954157,18.337570836459548,Z_Y_cl_rol
8,backsliding_union_Nyr,Y_cspart,Civil society,vdem_particip,instr-antiplural_w8_trt-ertOrDdcg_gapany_illibany_covlp_exclyr,backsliding_union_Nyr,1347,226,0.00618849132894028,0.9182661380438998,1194,208,-0.01881231765784429,0.01760158667699782,0.28516641029874146,-5.2919363352563105,22.21819424177931,0.8117412500540622,23.582189888650873,Z_Y_cspart
8,backsliding_union_Nyr,Y_dd,Direct democracy,vdem_particip,instr-antiplural_w8_trt-ertOrDdcg_gapany_illibany_covlp_exclyr,backsliding_union_Nyr,1347,226,0.00618849132894028,0.9182661380438998,1194,208,0.00733941509348551,0.02026446938098175,0.7172164336793874,-0.28480484245339766,5.6523806598720725,0.9598142300134712,28.86682856582211,Z_Y_dd
8,backsliding_union_Nyr,Y_locelec,Local elections,vdem_particip,instr-antiplural_w8_trt-ertOrDdcg_gapany_illibany_covlp_exclyr,backsliding_union_Nyr,1347,226,0.00618849132894028,0.9182661380438998,1177,206,-0.00155069626656927,0.02674989639545544,0.9537723827446664,-1.0644474362808811,6.106114703872992,0.8616101828027112,22.92761512533396,Z_Y_locelec
8,backsliding_union_Nyr,Y_regelec,Regional elections,vdem_particip,instr-antiplural_w8_trt-ertOrDdcg_gapany_illibany_covlp_exclyr,backsliding_union_Nyr,1347,226,0.00618849132894028,0.9182661380438998,1193,208,-0.04063049203192345,0.03105098544761313,0.19070074453889355,-7.117030977831368,45.86277585048113,0.876678634222359,22.867550577152592,Z_Y_regelec
8,backsliding_union_Nyr,Y_delib,Deliberation,vdem_egal_delib,instr-antiplural_w8_trt-ertOrDdcg_gapany_illibany_covlp_exclyr,backsliding_union_Nyr,1347,226,0.00618849132894028,0.9182661380438998,1194,208,-0.01575195268945206,0.02702265733507904,0.5599495161096955,-2.203032944511772,10.133471421574397,0.8278953810218763,22.284164044558164,Z_Y_delib
8,backsliding_union_Nyr,Y_eqprotec,Equal protection,vdem_egal_delib,instr-antiplural_w8_trt-ertOrDdcg_gapany_illibany_covlp_exclyr,backsliding_union_Nyr,1347,226,0.00618849132894028,0.9182661380438998,1194,208,0.0167205799447298,0.01319022630202848,0.20492325023691155,0.5372485670161805,2.396130068848186,0.8225899266647021,19.19132665455776,Z_Y_eqprotec
8,backsliding_union_Nyr,Y_eqaccess,Equal access,vdem_egal_delib,instr-antiplural_w8_trt-ertOrDdcg_gapany_illibany_covlp_exclyr,backsliding_union_Nyr,1347,226,0.00618849132894028,0.9182661380438998,1194,208,0.00728984758828297,0.0151193995239703,0.6296980253975686,0.20630924294034345,1.3362806280029194,0.8773017206509515,20.66132632053168,Z_Y_eqaccess
8,backsliding_union_Nyr,Y_eqdr,Equal distribution,vdem_egal_delib,instr-antiplural_w8_trt-ertOrDdcg_gapany_illibany_covlp_exclyr,backsliding_union_Nyr,1347,226,0.00618849132894028,0.9182661380438998,1194,208,-0.00574164854385983,0.0127948710487255,0.6536148215580597,-0.2317766965958835,0.9041033687878284,0.7976722249328679,18.659304970480736,Z_Y_eqdr
8,polyarchy_decline,Y_gdp_growth,PWT,growth,instr-antiplural_w8_trt-polyarchy_gapany_illibany_covlp_exclyr,polyarchy_decline,1194,418,0.01736892930878193,0.47208397265324287,1120,372,-0.04415294524270538,0.03095095877852844,0.15371099631387633,-3.7990735530901887,8.987443963216382,0.6725075800074212,19.4632922034152,Z_Y_gdp_growth
8,polyarchy_decline,Y_gdp_growth_wb,World Bank,growth,instr-antiplural_w8_trt-polyarchy_gapany_illibany_covlp_exclyr,polyarchy_decline,1194,418,0.01736892930878193,0.47208397265324287,1151,403,-0.03980402238213432,0.03135776796612469,0.20431581034741209,-2.1995990221748727,4.689955764051317,0.6390681471720876,21.001594608518737,Z_Y_gdp_growth_wb
8,polyarchy_decline,Y_gdp_growth_imf,IMF WEO,growth,instr-antiplural_w8_trt-polyarchy_gapany_illibany_covlp_exclyr,polyarchy_decline,1194,418,0.01736892930878193,0.47208397265324287,875,311,-0.06014897561873334,0.02738908202289342,0.02808527625641924,10.1946846796006,41.73479983363777,0.8070193945454245,18.589368107967974,Z_Y_gdp_growth_imf
8,polyarchy_decline,Y_inflation,"CPI, cumulative log",inflation,instr-antiplural_w8_trt-polyarchy_gapany_illibany_covlp_exclyr,polyarchy_decline,1194,418,0.01736892930878193,0.47208397265324287,1045,363,0.02303022534291925,0.18632409499698568,0.9016295820775556,-2.0625434259001043,14.303491364567536,0.8853436466505091,22.49510473928661,Z_Y_inflation
8,polyarchy_decline,Y_unemployment,Unemployment rate,unemployment,instr-antiplural_w8_trt-polyarchy_gapany_illibany_covlp_exclyr,polyarchy_decline,1194,418,0.01736892930878193,0.47208397265324287,790,340,0.07396716044792644,0.6407167743783263,0.9080928919668864,-827.0675364775592,8298.104818491154,0.9206067557604584,15.766871241074274,Z_Y_unemployment
8,polyarchy_decline,Y_trade_pct_gdp,Trade / GDP,trade,instr-antiplural_w8_trt-polyarchy_gapany_illibany_covlp_exclyr,polyarchy_decline,1194,418,0.01736892930878193,0.47208397265324287,1033,372,0.6785188734414378,3.54046556450128,0.8480188858114476,43.469773889761186,327.20583574235366,0.8943108536706713,19.15639994701402,Z_Y_trade_pct_gdp
8,polyarchy_decline,Y_top10_share,Top-10% income share,top10,instr-antiplural_w8_trt-polyarchy_gapany_illibany_covlp_exclyr,polyarchy_decline,1194,418,0.01736892930878193,0.47208397265324287,1063,377,-0.5793473836594368,0.6419646563723246,0.366812593923877,-116.2911630632901,274.916599589079,0.6722914356271841,21.854244228763644,Z_Y_top10_share
8,polyarchy_decline,Y_gini_disp,Disposable,gini,instr-antiplural_w8_trt-polyarchy_gapany_illibany_covlp_exclyr,polyarchy_decline,1194,418,0.01736892930878193,0.47208397265324287,879,299,0.9814349982262826,0.41470368047144934,0.01795264318810499,-62.367616301210234,148.76519112694737,0.6750441919608399,18.29869629863847,Z_Y_gini_disp
8,polyarchy_decline,Y_gini_mkt,Market,gini,instr-antiplural_w8_trt-polyarchy_gapany_illibany_covlp_exclyr,polyarchy_decline,1194,418,0.01736892930878193,0.47208397265324287,879,299,0.9394983393104668,0.3628009255713551,0.00960959244169856,-58.366751133139246,174.74519337400238,0.7383715415971478,16.98378610437869,Z_Y_gini_mkt
8,polyarchy_decline,Y_debt,Debt / GDP,fiscal,instr-antiplural_w8_trt-polyarchy_gapany_illibany_covlp_exclyr,polyarchy_decline,1194,418,0.01736892930878193,0.47208397265324287,1112,394,4.671655612028025,5.161017734503755,0.3653694629529373,252.88661134317215,588.7037186089591,0.6675119799265588,23.334309766179057,Z_Y_debt
8,polyarchy_decline,Y_deficit,Deficit / GDP,fiscal,instr-antiplural_w8_trt-polyarchy_gapany_illibany_covlp_exclyr,polyarchy_decline,1194,418,0.01736892930878193,0.47208397265324287,964,350,-0.03164616155941535,0.7879986377537247,0.9679654293961674,10.325002359342394,94.44291413812095,0.9129444598870958,15.841229111441706,Z_Y_deficit
8,polyarchy_decline,Y_checks_balances,Checks & balances,institutions,instr-antiplural_w8_trt-polyarchy_gapany_illibany_covlp_exclyr,polyarchy_decline,1194,418,0.01736892930878193,0.47208397265324287,1161,409,0.00829577590800401,0.02276178287990438,0.7155139962778927,-1.12332097593432,1.962203843406086,0.5669973425036857,19.87617532982352,Z_Y_checks_balances
8,polyarchy_decline,Y_jucon,Judicial constraints,institutions,instr-antiplural_w8_trt-polyarchy_gapany_illibany_covlp_exclyr,polyarchy_decline,1194,418,0.01736892930878193,0.47208397265324287,1194,418,-0.00447608781286849,0.02225212875665676,0.8405787525930717,-0.33663460582554094,1.9582847447858245,0.863513955311619,25.85187845807652,Z_Y_jucon
8,polyarchy_decline,Y_legcon,Legislative constraints,institutions,instr-antiplural_w8_trt-polyarchy_gapany_illibany_covlp_exclyr,polyarchy_decline,1194,418,0.01736892930878193,0.47208397265324287,1161,409,-0.00569031360175032,0.02645387114757237,0.8296868217665564,0.41907845746075134,2.793792697131844,0.8807619175525037,22.99126034407317,Z_Y_legcon
8,polyarchy_decline,Y_hos_power,HOS,exec_power,instr-antiplural_w8_trt-polyarchy_gapany_illibany_covlp_exclyr,polyarchy_decline,1194,418,0.01736892930878193,0.47208397265324287,1194,418,0.01551946887434,0.01840645915104038,0.39914264884338385,0.687472146968163,1.0114109360024397,0.4966843336028582,23.744774925605206,Z_Y_hos_power
8,polyarchy_decline,Y_hog_power,HOG,exec_power,instr-antiplural_w8_trt-polyarchy_gapany_illibany_covlp_exclyr,polyarchy_decline,1194,418,0.01736892930878193,0.47208397265324287,599,205,0.0079825271374246,0.01153076706229838,0.4887610873496337,0.40727236384581256,1.0404619361394307,0.6954763323978377,15.089253744055927,Z_Y_hog_power
8,polyarchy_decline,Y_hos_power_vdem,HOS (v2ex_hosw),exec_power_alt,instr-antiplural_w8_trt-polyarchy_gapany_illibany_covlp_exclyr,polyarchy_decline,1194,418,0.01736892930878193,0.47208397265324287,1194,418,0.03079825606802927,0.02789713474488468,0.26959594735364295,1.4739828124422016,2.213223187864058,0.5054179827363741,20.153733905497344,Z_Y_hos_power_vdem
8,polyarchy_decline,Y_hog_power_vdem,HOG (v2ex_hogw),exec_power_alt,instr-antiplural_w8_trt-polyarchy_gapany_illibany_covlp_exclyr,polyarchy_decline,1194,418,0.01736892930878193,0.47208397265324287,1194,418,-0.01788019965973242,0.02734016020962303,0.5131180530415735,-0.6908459017639927,1.79926900920811,0.7010086825403761,19.25357471910522,Z_Y_hog_power_vdem
8,polyarchy_decline,Y_polyarchy,Electoral (polyarchy),vdem_high,instr-antiplural_w8_trt-polyarchy_gapany_illibany_covlp_exclyr,polyarchy_decline,1194,418,0.01736892930878193,0.47208397265324287,1194,418,-0.01698063583334243,0.02245688206195108,0.4495628850385616,-1,7.828412284347974e-17,0,25.075073112279892,Z_Y_polyarchy
8,polyarchy_decline,Y_libdem,Liberal,vdem_high,instr-antiplural_w8_trt-polyarchy_gapany_illibany_covlp_exclyr,polyarchy_decline,1194,418,0.01736892930878193,0.47208397265324287,1194,418,-0.00889066780887224,0.019629273990372,0.65059985431225,-0.5585008946260549,0.6759972481843743,0.4086973870946076,24.584330492739007,Z_Y_libdem
8,polyarchy_decline,Y_partipdem,Participatory,vdem_high,instr-antiplural_w8_trt-polyarchy_gapany_illibany_covlp_exclyr,polyarchy_decline,1194,418,0.01736892930878193,0.47208397265324287,1193,418,-0.00850938772755345,0.01599223176826828,0.59466014976936,-0.5802252561239557,0.4283080700704919,0.17551590122080235,23.03195634865827,Z_Y_partipdem
8,polyarchy_decline,Y_delibdem,Deliberative,vdem_high,instr-antiplural_w8_trt-polyarchy_gapany_illibany_covlp_exclyr,polyarchy_decline,1194,418,0.01736892930878193,0.47208397265324287,1194,418,-0.00650804354824907,0.02088870928037731,0.7553764917028328,-0.4436597145483747,1.0416275954482106,0.6701593626403779,23.94338093659232,Z_Y_delibdem
8,polyarchy_decline,Y_egaldem,Egalitarian,vdem_high,instr-antiplural_w8_trt-polyarchy_gapany_illibany_covlp_exclyr,polyarchy_decline,1194,418,0.01736892930878193,0.47208397265324287,1194,418,-0.00388889608417208,0.0152634377168444,0.7988891053494485,-0.24107849089273817,0.6519517645299377,0.7115466841777215,20.256493453074036,Z_Y_egaldem
8,polyarchy_decline,Y_elecoff,Elected officials,vdem_electoral,instr-antiplural_w8_trt-polyarchy_gapany_illibany_covlp_exclyr,polyarchy_decline,1194,418,0.01736892930878193,0.47208397265324287,1194,418,-0.04384348697325112,0.03486221911933793,0.20852856330180625,-2.146062721614656,2.2332093469983336,0.3365637543390296,26.825702658818912,Z_Y_elecoff
8,polyarchy_decline,Y_frefair,Clean elections,vdem_electoral,instr-antiplural_w8_trt-polyarchy_gapany_illibany_covlp_exclyr,polyarchy_decline,1194,418,0.01736892930878193,0.47208397265324287,1194,418,-0.04809995146190722,0.03031894939071286,0.11263386999436847,-2.366765003248264,1.2286770303808252,0.05407053726654547,22.79295677684152,Z_Y_frefair
8,polyarchy_decline,Y_frassoc,Association,vdem_electoral,instr-antiplural_w8_trt-polyarchy_gapany_illibany_covlp_exclyr,polyarchy_decline,1194,418,0.01736892930878193,0.47208397265324287,1194,418,-0.02244901803525511,0.02099022782260664,0.2848450858490074,-1.896733072112226,3.0323726402288993,0.5316464134554133,21.061277193491986,Z_Y_frassoc
8,polyarchy_decline,Y_suffr,Suffrage,vdem_electoral,instr-antiplural_w8_trt-polyarchy_gapany_illibany_covlp_exclyr,polyarchy_decline,1194,418,0.01736892930878193,0.47208397265324287,1194,418,0.00119510402415543,0.00660428192300818,0.8563997850456,0.08290625516344285,0.3786576738054299,0.8266907301565481,23.89177777726361,Z_Y_suffr
8,polyarchy_decline,Y_freexp,Expression & alt. info,vdem_electoral,instr-antiplural_w8_trt-polyarchy_gapany_illibany_covlp_exclyr,polyarchy_decline,1194,418,0.01736892930878193,0.47208397265324287,1194,418,-0.01185801468795182,0.022952046223066,0.6054053724030322,-0.9976522920538716,1.757948755179502,0.5703682004327505,20.22734313070877,Z_Y_freexp
8,polyarchy_decline,Y_cl_rol,Rule of law,vdem_liberal,instr-antiplural_w8_trt-polyarchy_gapany_illibany_covlp_exclyr,polyarchy_decline,1194,418,0.01736892930878193,0.47208397265324287,1194,418,-0.02194071811599873,0.01962846360413385,0.26365195362347926,-2.3361931615640343,4.990726162891094,0.6397081725809471,20.058755446908016,Z_Y_cl_rol
8,polyarchy_decline,Y_cspart,Civil society,vdem_particip,instr-antiplural_w8_trt-polyarchy_gapany_illibany_covlp_exclyr,polyarchy_decline,1194,418,0.01736892930878193,0.47208397265324287,1194,418,-0.01881231765784429,0.01760158667699782,0.28516641029874146,-1.5305299673515569,2.59201655158472,0.5548699159360999,23.0387609067802,Z_Y_cspart
8,polyarchy_decline,Y_dd,Direct democracy,vdem_particip,instr-antiplural_w8_trt-polyarchy_gapany_illibany_covlp_exclyr,polyarchy_decline,1194,418,0.01736892930878193,0.47208397265324287,1194,418,0.00733941509348551,0.02026446938098175,0.7172164336793874,0.4672074653308554,1.653997567757505,0.7775818617976246,21.507488840817317,Z_Y_dd
8,polyarchy_decline,Y_locelec,Local elections,vdem_particip,instr-antiplural_w8_trt-polyarchy_gapany_illibany_covlp_exclyr,polyarchy_decline,1194,418,0.01736892930878193,0.47208397265324287,1177,414,-0.00155069626656927,0.02674989639545544,0.9537723827446664,-0.4528526476447885,1.1859162306864883,0.7025660396188024,23.771524811568533,Z_Y_locelec
8,polyarchy_decline,Y_regelec,Regional elections,vdem_particip,instr-antiplural_w8_trt-polyarchy_gapany_illibany_covlp_exclyr,polyarchy_decline,1194,418,0.01736892930878193,0.47208397265324287,1193,418,-0.04063049203192345,0.03105098544761313,0.19070074453889355,-2.7778990631860263,3.591378801795578,0.4392318724429249,25.30300479586137,Z_Y_regelec
8,polyarchy_decline,Y_delib,Deliberation,vdem_egal_delib,instr-antiplural_w8_trt-polyarchy_gapany_illibany_covlp_exclyr,polyarchy_decline,1194,418,0.01736892930878193,0.47208397265324287,1194,418,-0.01575195268945206,0.02702265733507904,0.5599495161096955,-1.2520909477443438,1.2433630924528174,0.31392537717321906,23.940309216167183,Z_Y_delib
8,polyarchy_decline,Y_eqprotec,Equal protection,vdem_egal_delib,instr-antiplural_w8_trt-polyarchy_gapany_illibany_covlp_exclyr,polyarchy_decline,1194,418,0.01736892930878193,0.47208397265324287,1194,418,0.0167205799447298,0.01319022630202848,0.20492325023691155,0.06924254235010097,1.3791849564037673,0.9599587026618353,24.801488051064428,Z_Y_eqprotec
8,polyarchy_decline,Y_eqaccess,Equal access,vdem_egal_delib,instr-antiplural_w8_trt-polyarchy_gapany_illibany_covlp_exclyr,polyarchy_decline,1194,418,0.01736892930878193,0.47208397265324287,1194,418,0.00728984758828297,0.0151193995239703,0.6296980253975686,-0.0352479950796713,1.3054996694719363,0.9784600370607606,25.382878210303904,Z_Y_eqaccess
8,polyarchy_decline,Y_eqdr,Equal distribution,vdem_egal_delib,instr-antiplural_w8_trt-polyarchy_gapany_illibany_covlp_exclyr,polyarchy_decline,1194,418,0.01736892930878193,0.47208397265324287,1194,418,-0.00574164854385983,0.0127948710487255,0.6536148215580597,-0.4340784840460622,0.7614794294129085,0.5686463376505255,23.231297650913564,Z_Y_eqdr
9,backsliding_Nyr,Y_gdp_growth,PWT,growth,instr-antiplural_w9_trt-ert_gapany_illibany_covlp_exclyr,backsliding_Nyr,1347,221,0.00588388959784161,0.9278218989788364,1083,178,-0.04078980316636289,0.03267379759468317,0.2118864658579037,-2.730730468291521,26.926999753641574,0.91922312886614,20.646208095639324,Z_Y_gdp_growth
9,backsliding_Nyr,Y_gdp_growth_wb,World Bank,growth,instr-antiplural_w9_trt-ert_gapany_illibany_covlp_exclyr,backsliding_Nyr,1347,221,0.00588388959784161,0.9278218989788364,1117,192,-0.03552660798084288,0.03430261693887716,0.30035045364533175,-0.15661340118362155,35.003144982923665,0.9964300636999022,18.522237682725933,Z_Y_gdp_growth_wb
9,backsliding_Nyr,Y_gdp_growth_imf,IMF WEO,growth,instr-antiplural_w9_trt-ert_gapany_illibany_covlp_exclyr,backsliding_Nyr,1347,221,0.00588388959784161,0.9278218989788364,842,153,-0.05783987326421737,0.03006689537903676,0.05439141958859105,-2.506402305325671,8.724661620239255,0.7738995573543226,21.541753000256296,Z_Y_gdp_growth_imf
9,backsliding_Nyr,Y_inflation,"CPI, cumulative log",inflation,instr-antiplural_w9_trt-ert_gapany_illibany_covlp_exclyr,backsliding_Nyr,1347,221,0.00588388959784161,0.9278218989788364,1010,174,0.02908649901829056,0.19800672473862105,0.8832136978958288,-3.1108100658268087,27.540050496700996,0.9100655504360844,16.399878389900678,Z_Y_inflation
9,backsliding_Nyr,Y_unemployment,Unemployment rate,unemployment,instr-antiplural_w9_trt-ert_gapany_illibany_covlp_exclyr,backsliding_Nyr,1347,221,0.00588388959784161,0.9278218989788364,766,172,0.3101184683981411,0.7228119902907794,0.6678908814282012,-9.607740870511597,110.65613244069272,0.9308104562698504,20.821733889116626,Z_Y_unemployment
9,backsliding_Nyr,Y_trade_pct_gdp,Trade / GDP,trade,instr-antiplural_w9_trt-ert_gapany_illibany_covlp_exclyr,backsliding_Nyr,1347,221,0.00588388959784161,0.9278218989788364,996,175,0.18436533799081933,3.689090175501862,0.9601416502963084,-11.519881316526837,460.4244755300583,0.980038905338576,15.933510848668668,Z_Y_trade_pct_gdp
9,backsliding_Nyr,Y_top10_share,Top-10% income share,top10,instr-antiplural_w9_trt-ert_gapany_illibany_covlp_exclyr,backsliding_Nyr,1347,221,0.00588388959784161,0.9278218989788364,1029,182,-0.2650329538352695,0.625537054499173,0.6717928894278566,-9.541357183931098,40.613494007109175,0.8142625095483057,22.64684027562399,Z_Y_top10_share
9,backsliding_Nyr,Y_gini_disp,Disposable,gini,instr-antiplural_w9_trt-ert_gapany_illibany_covlp_exclyr,backsliding_Nyr,1347,221,0.00588388959784161,0.9278218989788364,843,140,1.2053871874049256,0.4632416601402551,0.00926629593427197,11.298618926480737,101.91419263146278,0.9117241632634008,18.698752880899423,Z_Y_gini_disp
9,backsliding_Nyr,Y_gini_mkt,Market,gini,instr-antiplural_w9_trt-ert_gapany_illibany_covlp_exclyr,backsliding_Nyr,1347,221,0.00588388959784161,0.9278218989788364,843,140,0.9535302636568336,0.4440243449327323,0.03175564955055075,8.351670767966613,28.1428813405656,0.7666500360789762,18.154406481431323,Z_Y_gini_mkt
9,backsliding_Nyr,Y_debt,Debt / GDP,fiscal,instr-antiplural_w9_trt-ert_gapany_illibany_covlp_exclyr,backsliding_Nyr,1347,221,0.00588388959784161,0.9278218989788364,1077,186,6.241885118951702,5.615892429407936,0.2663669266152534,309.6986296508287,1297.8894850387608,0.8114025014695826,23.35818267751427,Z_Y_debt
9,backsliding_Nyr,Y_deficit,Deficit / GDP,fiscal,instr-antiplural_w9_trt-ert_gapany_illibany_covlp_exclyr,backsliding_Nyr,1347,221,0.00588388959784161,0.9278218989788364,927,167,0.177630314258668,0.8582624859471366,0.8360371754644913,2.136341621061863,170.02737298283296,0.9899750897921624,23.70922278728941,Z_Y_deficit
9,backsliding_Nyr,Y_checks_balances,Checks & balances,institutions,instr-antiplural_w9_trt-ert_gapany_illibany_covlp_exclyr,backsliding_Nyr,1347,221,0.00588388959784161,0.9278218989788364,1141,199,-0.01127418642806176,0.0271880177177305,0.6783799658080439,0.32613481340403694,6.257970291109768,0.9584369728672484,22.629288688300047,Z_Y_checks_balances
9,backsliding_Nyr,Y_jucon,Judicial constraints,institutions,instr-antiplural_w9_trt-ert_gapany_illibany_covlp_exclyr,backsliding_Nyr,1347,221,0.00588388959784161,0.9278218989788364,1169,200,-0.01296156322746519,0.02407554076159359,0.5903212221375909,0.6040215663580816,2.955419792255178,0.8380584433454885,25.41836564567868,Z_Y_jucon
9,backsliding_Nyr,Y_legcon,Legislative constraints,institutions,instr-antiplural_w9_trt-ert_gapany_illibany_covlp_exclyr,backsliding_Nyr,1347,221,0.00588388959784161,0.9278218989788364,1141,199,-0.03310872280591804,0.03243146568092983,0.30731000832164596,8.717437362416929,163.59783263712072,0.957504213702982,20.671352773019773,Z_Y_legcon
9,backsliding_Nyr,Y_hos_power,HOS,exec_power,instr-antiplural_w9_trt-ert_gapany_illibany_covlp_exclyr,backsliding_Nyr,1347,221,0.00588388959784161,0.9278218989788364,1169,200,0.02715826257424409,0.02103575416525237,0.19668548049411583,-10.280912690741204,292.9535495841231,0.9720047835368976,21.26329099667652,Z_Y_hos_power
9,backsliding_Nyr,Y_hog_power,HOG,exec_power,instr-antiplural_w9_trt-ert_gapany_illibany_covlp_exclyr,backsliding_Nyr,1347,221,0.00588388959784161,0.9278218989788364,583,113,0.00983253371611086,0.0128067015201942,0.44262697289470654,0.1758118400652461,0.4731692848325784,0.7102188063613519,20.32977846789965,Z_Y_hog_power
9,backsliding_Nyr,Y_hos_power_vdem,HOS (v2ex_hosw),exec_power_alt,instr-antiplural_w9_trt-ert_gapany_illibany_covlp_exclyr,backsliding_Nyr,1347,221,0.00588388959784161,0.9278218989788364,1169,200,0.02304223176358095,0.03305096143494666,0.4856946507105364,-1328.2561834268452,14804.304276565905,0.928508970630204,18.02639082557876,Z_Y_hos_power_vdem
9,backsliding_Nyr,Y_hog_power_vdem,HOG (v2ex_hogw),exec_power_alt,instr-antiplural_w9_trt-ert_gapany_illibany_covlp_exclyr,backsliding_Nyr,1347,221,0.00588388959784161,0.9278218989788364,1169,200,-0.01240144548923788,0.03149864900546866,0.6937925229477646,955.121132875696,10026.136565505883,0.924105828863758,16.831976615688465,Z_Y_hog_power_vdem
9,backsliding_Nyr,Y_polyarchy,Electoral (polyarchy),vdem_high,instr-antiplural_w9_trt-ert_gapany_illibany_covlp_exclyr,backsliding_Nyr,1347,221,0.00588388959784161,0.9278218989788364,1169,200,-0.02527274672616942,0.02434897986089241,0.299298628827747,35.407241275015046,1866.6975958005892,0.9848667522289976,21.209663695900332,Z_Y_polyarchy
9,backsliding_Nyr,Y_libdem,Liberal,vdem_high,instr-antiplural_w9_trt-ert_gapany_illibany_covlp_exclyr,backsliding_Nyr,1347,221,0.00588388959784161,0.9278218989788364,1169,200,-0.01888113342734855,0.02205800648338521,0.3920108222853506,1.5997006722054827,36.42183826005629,0.964967001321703,23.60525947503393,Z_Y_libdem
9,backsliding_Nyr,Y_partipdem,Participatory,vdem_high,instr-antiplural_w9_trt-ert_gapany_illibany_covlp_exclyr,backsliding_Nyr,1347,221,0.00588388959784161,0.9278218989788364,1168,200,-0.01245560106560491,0.01722964047429661,0.4697308406471232,20.59231376991101,758.3654659921946,0.9783372646331844,21.515783071905357,Z_Y_partipdem
9,backsliding_Nyr,Y_delibdem,Deliberative,vdem_high,instr-antiplural_w9_trt-ert_gapany_illibany_covlp_exclyr,backsliding_Nyr,1347,221,0.00588388959784161,0.9278218989788364,1169,200,-0.01423663070800354,0.02395986481101746,0.5523873114386977,1.0173729742799844,9.493430111086225,0.9146572845332422,25.043517665459056,Z_Y_delibdem
9,backsliding_Nyr,Y_egaldem,Egalitarian,vdem_high,instr-antiplural_w9_trt-ert_gapany_illibany_covlp_exclyr,backsliding_Nyr,1347,221,0.00588388959784161,0.9278218989788364,1169,200,-0.00808224243134024,0.01641122228775775,0.6223781760508117,-0.17197537544769126,13.391024964777383,0.9897533814279376,18.335455616848517,Z_Y_egaldem
9,backsliding_Nyr,Y_elecoff,Elected officials,vdem_electoral,instr-antiplural_w9_trt-ert_gapany_illibany_covlp_exclyr,backsliding_Nyr,1347,221,0.00588388959784161,0.9278218989788364,1169,200,-0.0363291358466335,0.03176364233512235,0.25273425390324217,0.7738980711159793,21.204119161576397,0.970885644567388,26.857284927645676,Z_Y_elecoff
9,backsliding_Nyr,Y_frefair,Clean elections,vdem_electoral,instr-antiplural_w9_trt-ert_gapany_illibany_covlp_exclyr,backsliding_Nyr,1347,221,0.00588388959784161,0.9278218989788364,1169,200,-0.05234817928828893,0.03173040830607298,0.09898802931549731,-28.852755418369,3776.6905968023007,0.9939044664743396,20.329328378785913,Z_Y_frefair
9,backsliding_Nyr,Y_frassoc,Association,vdem_electoral,instr-antiplural_w9_trt-ert_gapany_illibany_covlp_exclyr,backsliding_Nyr,1347,221,0.00588388959784161,0.9278218989788364,1169,200,-0.02403881599024458,0.01983847080615002,0.22561679832585124,2.0287122835265876,13.04857209335273,0.8764477351118533,21.31241426257412,Z_Y_frassoc
9,backsliding_Nyr,Y_suffr,Suffrage,vdem_electoral,instr-antiplural_w9_trt-ert_gapany_illibany_covlp_exclyr,backsliding_Nyr,1347,221,0.00588388959784161,0.9278218989788364,1169,200,5.397856399955738e-4,0.00665556084199867,0.93536007705267,-0.00932644573165206,0.28448845177986193,0.9738474644835352,13.104473120445174,Z_Y_suffr
9,backsliding_Nyr,Y_freexp,Expression & alt. info,vdem_electoral,instr-antiplural_w9_trt-ert_gapany_illibany_covlp_exclyr,backsliding_Nyr,1347,221,0.00588388959784161,0.9278218989788364,1169,200,-0.02146947167538052,0.02322300528820969,0.3552304596884355,4.768685066415779,40.20814698015498,0.9055922883173656,19.47917799678931,Z_Y_freexp
9,backsliding_Nyr,Y_cl_rol,Rule of law,vdem_liberal,instr-antiplural_w9_trt-ert_gapany_illibany_covlp_exclyr,backsliding_Nyr,1347,221,0.00588388959784161,0.9278218989788364,1169,200,-0.02333417417698395,0.02005806522182226,0.2446951295697599,17.174948599850037,443.0852017541227,0.9690799976892964,18.21211697343361,Z_Y_cl_rol
9,backsliding_Nyr,Y_cspart,Civil society,vdem_particip,instr-antiplural_w9_trt-ert_gapany_illibany_covlp_exclyr,backsliding_Nyr,1347,221,0.00588388959784161,0.9278218989788364,1169,200,-0.01485328036416744,0.0193688017742893,0.4431610424275077,1.2777459585420878,28.259449711129516,0.9639360809305856,21.974488390439856,Z_Y_cspart
9,backsliding_Nyr,Y_dd,Direct democracy,vdem_particip,instr-antiplural_w9_trt-ert_gapany_illibany_covlp_exclyr,backsliding_Nyr,1347,221,0.00588388959784161,0.9278218989788364,1169,200,0.01194784041943368,0.02211776127782061,0.5890645444057718,-1.3637558925643594,9.975838292633163,0.8912632705083818,22.06966361238644,Z_Y_dd
9,backsliding_Nyr,Y_locelec,Local elections,vdem_particip,instr-antiplural_w9_trt-ert_gapany_illibany_covlp_exclyr,backsliding_Nyr,1347,221,0.00588388959784161,0.9278218989788364,1153,198,-0.00387951593263795,0.02793448734542852,0.8895457016485022,-6.743489306968058,149.7079279139247,0.9640719958679728,22.00426979130336,Z_Y_locelec
9,backsliding_Nyr,Y_regelec,Regional elections,vdem_particip,instr-antiplural_w9_trt-ert_gapany_illibany_covlp_exclyr,backsliding_Nyr,1347,221,0.00588388959784161,0.9278218989788364,1168,200,-0.04427987812220431,0.0327871902803604,0.17684805096462555,3.34988920999077,111.76029347224578,0.9760878875121148,23.069996190121557,Z_Y_regelec
9,backsliding_Nyr,Y_delib,Deliberation,vdem_egal_delib,instr-antiplural_w9_trt-ert_gapany_illibany_covlp_exclyr,backsliding_Nyr,1347,221,0.00588388959784161,0.9278218989788364,1169,200,-0.02015225470397819,0.02451089845391408,0.4109771478993234,2.348325654383053,21.251395971464724,0.9120111184012116,22.0580600748088,Z_Y_delib
9,backsliding_Nyr,Y_eqprotec,Equal protection,vdem_egal_delib,instr-antiplural_w9_trt-ert_gapany_illibany_covlp_exclyr,backsliding_Nyr,1347,221,0.00588388959784161,0.9278218989788364,1169,200,0.02275315880082363,0.01397722553474041,0.1035516546218519,14.387119805812535,880.4028836206876,0.9869619351686822,20.271725582879867,Z_Y_eqprotec
9,backsliding_Nyr,Y_eqaccess,Equal access,vdem_egal_delib,instr-antiplural_w9_trt-ert_gapany_illibany_covlp_exclyr,backsliding_Nyr,1347,221,0.00588388959784161,0.9278218989788364,1169,200,0.00425894189837447,0.01491591345225353,0.7752380658388958,-0.8021735385585829,20.608326556898295,0.9689504001438848,18.110367789072903,Z_Y_eqaccess
9,backsliding_Nyr,Y_eqdr,Equal distribution,vdem_egal_delib,instr-antiplural_w9_trt-ert_gapany_illibany_covlp_exclyr,backsliding_Nyr,1347,221,0.00588388959784161,0.9278218989788364,1169,200,-0.00491338558784895,0.0133113219949672,0.7120432983482976,4.426056592133734,77.32030081210662,0.9543515159131032,18.704554775173488,Z_Y_eqdr
9,backsliding_union_Nyr,Y_gdp_growth,PWT,growth,instr-antiplural_w9_trt-ertOrDdcg_gapany_illibany_covlp_exclyr,backsliding_union_Nyr,1347,246,0.01210839205896574,0.8470193893997551,1083,203,-0.04078980316636289,0.03267379759468317,0.2118864658579037,-0.8853403820804125,1.7097115394327491,0.6045766991141568,21.44596297940405,Z_Y_gdp_growth
9,backsliding_union_Nyr,Y_gdp_growth_wb,World Bank,growth,instr-antiplural_w9_trt-ertOrDdcg_gapany_illibany_covlp_exclyr,backsliding_union_Nyr,1347,246,0.01210839205896574,0.8470193893997551,1117,216,-0.03552660798084288,0.03430261693887716,0.30035045364533175,-1.4741368231479204,2.7790875571169975,0.5958074925663264,25.89852992121199,Z_Y_gdp_growth_wb
9,backsliding_union_Nyr,Y_gdp_growth_imf,IMF WEO,growth,instr-antiplural_w9_trt-ertOrDdcg_gapany_illibany_covlp_exclyr,backsliding_union_Nyr,1347,246,0.01210839205896574,0.8470193893997551,842,167,-0.05783987326421737,0.03006689537903676,0.05439141958859105,-1.6950568736070886,4.432659501868357,0.7021633719554903,20.90152986879641,Z_Y_gdp_growth_imf
9,backsliding_union_Nyr,Y_inflation,"CPI, cumulative log",inflation,instr-antiplural_w9_trt-ertOrDdcg_gapany_illibany_covlp_exclyr,backsliding_union_Nyr,1347,246,0.01210839205896574,0.8470193893997551,1010,190,0.02908649901829056,0.19800672473862105,0.8832136978958288,0.6581962121898324,5.91573587220954,0.9114086404705276,17.681544619698812,Z_Y_inflation
9,backsliding_union_Nyr,Y_unemployment,Unemployment rate,unemployment,instr-antiplural_w9_trt-ertOrDdcg_gapany_illibany_covlp_exclyr,backsliding_union_Nyr,1347,246,0.01210839205896574,0.8470193893997551,766,188,0.3101184683981411,0.7228119902907794,0.6678908814282012,-9.97217401986812,172.25202964856052,0.9538339178423708,24.42589849224836,Z_Y_unemployment
9,backsliding_union_Nyr,Y_trade_pct_gdp,Trade / GDP,trade,instr-antiplural_w9_trt-ertOrDdcg_gapany_illibany_covlp_exclyr,backsliding_union_Nyr,1347,246,0.01210839205896574,0.8470193893997551,996,196,0.18436533799081933,3.689090175501862,0.9601416502963084,-0.0183420302319206,63.26256830382647,0.999768665374752,16.426934613387054,Z_Y_trade_pct_gdp
9,backsliding_union_Nyr,Y_top10_share,Top-10% income share,top10,instr-antiplural_w9_trt-ertOrDdcg_gapany_illibany_covlp_exclyr,backsliding_union_Nyr,1347,246,0.01210839205896574,0.8470193893997551,1029,203,-0.2650329538352695,0.625537054499173,0.6717928894278566,-8.38999383583877,31.458681320469715,0.7897010466421375,22.39501280787794,Z_Y_top10_share
9,backsliding_union_Nyr,Y_gini_disp,Disposable,gini,instr-antiplural_w9_trt-ertOrDdcg_gapany_illibany_covlp_exclyr,backsliding_union_Nyr,1347,246,0.01210839205896574,0.8470193893997551,843,152,1.2053871874049256,0.4632416601402551,0.00926629593427197,12.932435667432337,40.64770660865412,0.750364294370141,19.809844568232354,Z_Y_gini_disp
9,backsliding_union_Nyr,Y_gini_mkt,Market,gini,instr-antiplural_w9_trt-ertOrDdcg_gapany_illibany_covlp_exclyr,backsliding_union_Nyr,1347,246,0.01210839205896574,0.8470193893997551,843,152,0.9535302636568336,0.4440243449327323,0.03175564955055075,7.070561704774504,14.455602515801775,0.6247549111147768,18.12439638844614,Z_Y_gini_mkt
9,backsliding_union_Nyr,Y_debt,Debt / GDP,fiscal,instr-antiplural_w9_trt-ertOrDdcg_gapany_illibany_covlp_exclyr,backsliding_union_Nyr,1347,246,0.01210839205896574,0.8470193893997551,1077,207,6.241885118951702,5.615892429407936,0.2663669266152534,96.324640369229,157.05330350792784,0.5396617903104338,21.117014705016768,Z_Y_debt
9,backsliding_union_Nyr,Y_deficit,Deficit / GDP,fiscal,instr-antiplural_w9_trt-ertOrDdcg_gapany_illibany_covlp_exclyr,backsliding_union_Nyr,1347,246,0.01210839205896574,0.8470193893997551,927,178,0.177630314258668,0.8582624859471366,0.8360371754644913,6.052587590088308,92.27105160846534,0.9476996835657177,20.61110184316569,Z_Y_deficit
9,backsliding_union_Nyr,Y_checks_balances,Checks & balances,institutions,instr-antiplural_w9_trt-ertOrDdcg_gapany_illibany_covlp_exclyr,backsliding_union_Nyr,1347,246,0.01210839205896574,0.8470193893997551,1141,218,-0.01127418642806176,0.0271880177177305,0.6783799658080439,-0.26771177794494927,6.87179908401521,0.9689238477227476,21.415136402745297,Z_Y_checks_balances
9,backsliding_union_Nyr,Y_jucon,Judicial constraints,institutions,instr-antiplural_w9_trt-ertOrDdcg_gapany_illibany_covlp_exclyr,backsliding_union_Nyr,1347,246,0.01210839205896574,0.8470193893997551,1169,225,-0.01296156322746519,0.02407554076159359,0.5903212221375909,-0.5687311418799357,1.1525152685826208,0.621680880198299,20.608302446379923,Z_Y_jucon
9,backsliding_union_Nyr,Y_legcon,Legislative constraints,institutions,instr-antiplural_w9_trt-ertOrDdcg_gapany_illibany_covlp_exclyr,backsliding_union_Nyr,1347,246,0.01210839205896574,0.8470193893997551,1141,218,-0.03310872280591804,0.03243146568092983,0.30731000832164596,-1.255462913806685,4.004385908040228,0.7538841403046108,20.069103785587036,Z_Y_legcon
9,backsliding_union_Nyr,Y_hos_power,HOS,exec_power,instr-antiplural_w9_trt-ertOrDdcg_gapany_illibany_covlp_exclyr,backsliding_union_Nyr,1347,246,0.01210839205896574,0.8470193893997551,1169,225,0.02715826257424409,0.02103575416525237,0.19668548049411583,0.974800166227646,2.9842116029763472,0.7439307341572943,21.750499432493065,Z_Y_hos_power
9,backsliding_union_Nyr,Y_hog_power,HOG,exec_power,instr-antiplural_w9_trt-ertOrDdcg_gapany_illibany_covlp_exclyr,backsliding_union_Nyr,1347,246,0.01210839205896574,0.8470193893997551,583,126,0.00983253371611086,0.0128067015201942,0.44262697289470654,0.18473361983765563,0.7040889369898161,0.7930342225410029,27.010180090592534,Z_Y_hog_power
9,backsliding_union_Nyr,Y_hos_power_vdem,HOS (v2ex_hosw),exec_power_alt,instr-antiplural_w9_trt-ertOrDdcg_gapany_illibany_covlp_exclyr,backsliding_union_Nyr,1347,246,0.01210839205896574,0.8470193893997551,1169,225,0.02304223176358095,0.03305096143494666,0.4856946507105364,0.8075195136896125,2.82344950196356,0.7748746069760736,21.31356945790438,Z_Y_hos_power_vdem
9,backsliding_union_Nyr,Y_hog_power_vdem,HOG (v2ex_hogw),exec_power_alt,instr-antiplural_w9_trt-ertOrDdcg_gapany_illibany_covlp_exclyr,backsliding_union_Nyr,1347,246,0.01210839205896574,0.8470193893997551,1169,225,-0.01240144548923788,0.03149864900546866,0.6937925229477646,-0.4471201667093177,1.7961485933649697,0.8034128197961586,20.136604863349813,Z_Y_hog_power_vdem
9,backsliding_union_Nyr,Y_polyarchy,Electoral (polyarchy),vdem_high,instr-antiplural_w9_trt-ertOrDdcg_gapany_illibany_covlp_exclyr,backsliding_union_Nyr,1347,246,0.01210839205896574,0.8470193893997551,1169,225,-0.02527274672616942,0.02434897986089241,0.299298628827747,-0.8399318584996199,1.849561333562072,0.6497389312790725,20.735743091651777,Z_Y_polyarchy
9,backsliding_union_Nyr,Y_libdem,Liberal,vdem_high,instr-antiplural_w9_trt-ertOrDdcg_gapany_illibany_covlp_exclyr,backsliding_union_Nyr,1347,246,0.01210839205896574,0.8470193893997551,1169,225,-0.01888113342734855,0.02205800648338521,0.3920108222853506,-0.6358726308834499,1.3950292609737078,0.6485243734101209,20.91176390715295,Z_Y_libdem
9,backsliding_union_Nyr,Y_partipdem,Participatory,vdem_high,instr-antiplural_w9_trt-ertOrDdcg_gapany_illibany_covlp_exclyr,backsliding_union_Nyr,1347,246,0.01210839205896574,0.8470193893997551,1168,225,-0.01245560106560491,0.01722964047429661,0.4697308406471232,-0.5097436890905334,1.2462802782824929,0.6825307959736615,21.44356354215211,Z_Y_partipdem
9,backsliding_union_Nyr,Y_delibdem,Deliberative,vdem_high,instr-antiplural_w9_trt-ertOrDdcg_gapany_illibany_covlp_exclyr,backsliding_union_Nyr,1347,246,0.01210839205896574,0.8470193893997551,1169,225,-0.01423663070800354,0.02395986481101746,0.5523873114386977,-0.4935666072047152,1.0969522369427689,0.6527511291168342,21.295155509805365,Z_Y_delibdem
9,backsliding_union_Nyr,Y_egaldem,Egalitarian,vdem_high,instr-antiplural_w9_trt-ertOrDdcg_gapany_illibany_covlp_exclyr,backsliding_union_Nyr,1347,246,0.01210839205896574,0.8470193893997551,1169,225,-0.00808224243134024,0.01641122228775775,0.6223781760508117,-0.21810913986763583,0.47783873126580945,0.6480669430106067,19.53743770302032,Z_Y_egaldem
9,backsliding_union_Nyr,Y_elecoff,Elected officials,vdem_electoral,instr-antiplural_w9_trt-ertOrDdcg_gapany_illibany_covlp_exclyr,backsliding_union_Nyr,1347,246,0.01210839205896574,0.8470193893997551,1169,225,-0.0363291358466335,0.03176364233512235,0.25273425390324217,-1.1909785643598514,3.414721802974799,0.7272562616722047,21.23804974629834,Z_Y_elecoff
9,backsliding_union_Nyr,Y_frefair,Clean elections,vdem_electoral,instr-antiplural_w9_trt-ertOrDdcg_gapany_illibany_covlp_exclyr,backsliding_union_Nyr,1347,246,0.01210839205896574,0.8470193893997551,1169,225,-0.05234817928828893,0.03173040830607298,0.09898802931549731,-1.859218655699454,4.126386994153811,0.6523008084330171,20.91362395562586,Z_Y_frefair
9,backsliding_union_Nyr,Y_frassoc,Association,vdem_electoral,instr-antiplural_w9_trt-ertOrDdcg_gapany_illibany_covlp_exclyr,backsliding_union_Nyr,1347,246,0.01210839205896574,0.8470193893997551,1169,225,-0.02403881599024458,0.01983847080615002,0.22561679832585124,-0.8715227456280817,2.600086240324564,0.7374818117840587,19.655347782561048,Z_Y_frassoc
9,backsliding_union_Nyr,Y_suffr,Suffrage,vdem_electoral,instr-antiplural_w9_trt-ertOrDdcg_gapany_illibany_covlp_exclyr,backsliding_union_Nyr,1347,246,0.01210839205896574,0.8470193893997551,1169,225,5.397856399955738e-4,0.00665556084199867,0.93536007705267,0.02290493330866496,0.353751322123105,0.9483740982300418,18.03057025349659,Z_Y_suffr
9,backsliding_union_Nyr,Y_freexp,Expression & alt. info,vdem_electoral,instr-antiplural_w9_trt-ertOrDdcg_gapany_illibany_covlp_exclyr,backsliding_union_Nyr,1347,246,0.01210839205896574,0.8470193893997551,1169,225,-0.02146947167538052,0.02322300528820969,0.3552304596884355,-1.0132824683954027,3.094314297666497,0.7433155175807947,21.450040994200982,Z_Y_freexp
9,backsliding_union_Nyr,Y_cl_rol,Rule of law,vdem_liberal,instr-antiplural_w9_trt-ertOrDdcg_gapany_illibany_covlp_exclyr,backsliding_union_Nyr,1347,246,0.01210839205896574,0.8470193893997551,1169,225,-0.02333417417698395,0.02005806522182226,0.2446951295697599,-0.8550399239945472,1.746644505913035,0.6244644788068947,19.6085875716328,Z_Y_cl_rol
9,backsliding_union_Nyr,Y_cspart,Civil society,vdem_particip,instr-antiplural_w9_trt-ertOrDdcg_gapany_illibany_covlp_exclyr,backsliding_union_Nyr,1347,246,0.01210839205896574,0.8470193893997551,1169,225,-0.01485328036416744,0.0193688017742893,0.4431610424275077,-0.5152754306613063,1.0810289484834414,0.6336094078754717,19.49525271071024,Z_Y_cspart
9,backsliding_union_Nyr,Y_dd,Direct democracy,vdem_particip,instr-antiplural_w9_trt-ertOrDdcg_gapany_illibany_covlp_exclyr,backsliding_union_Nyr,1347,246,0.01210839205896574,0.8470193893997551,1169,225,0.01194784041943368,0.02211776127782061,0.5890645444057718,0.5131207882266363,3.150255719634199,0.8706111344988913,21.57908337192841,Z_Y_dd
9,backsliding_union_Nyr,Y_locelec,Local elections,vdem_particip,instr-antiplural_w9_trt-ertOrDdcg_gapany_illibany_covlp_exclyr,backsliding_union_Nyr,1347,246,0.01210839205896574,0.8470193893997551,1153,223,-0.00387951593263795,0.02793448734542852,0.8895457016485022,-0.5180392579367885,2.0540263122952744,0.8008812770106172,22.550790467999985,Z_Y_locelec
9,backsliding_union_Nyr,Y_regelec,Regional elections,vdem_particip,instr-antiplural_w9_trt-ertOrDdcg_gapany_illibany_covlp_exclyr,backsliding_union_Nyr,1347,246,0.01210839205896574,0.8470193893997551,1168,225,-0.04427987812220431,0.0327871902803604,0.17684805096462555,-1.9496974859107612,6.705369059313129,0.7712298174993647,22.181499944818647,Z_Y_regelec
9,backsliding_union_Nyr,Y_delib,Deliberation,vdem_egal_delib,instr-antiplural_w9_trt-ertOrDdcg_gapany_illibany_covlp_exclyr,backsliding_union_Nyr,1347,246,0.01210839205896574,0.8470193893997551,1169,225,-0.02015225470397819,0.02451089845391408,0.4109771478993234,-0.6439959059249477,1.4937343799724885,0.6663727761446985,20.47809771972542,Z_Y_delib
9,backsliding_union_Nyr,Y_eqprotec,Equal protection,vdem_egal_delib,instr-antiplural_w9_trt-ertOrDdcg_gapany_illibany_covlp_exclyr,backsliding_union_Nyr,1347,246,0.01210839205896574,0.8470193893997551,1169,225,0.02275315880082363,0.01397722553474041,0.1035516546218519,0.535762008645041,1.5784626856091837,0.7342932567844002,20.551032538270775,Z_Y_eqprotec
9,backsliding_union_Nyr,Y_eqaccess,Equal access,vdem_egal_delib,instr-antiplural_w9_trt-ertOrDdcg_gapany_illibany_covlp_exclyr,backsliding_union_Nyr,1347,246,0.01210839205896574,0.8470193893997551,1169,225,0.00425894189837447,0.01491591345225353,0.7752380658388958,-0.00688637540882632,0.5096802556366875,0.9892199758775416,22.26978139530279,Z_Y_eqaccess
9,backsliding_union_Nyr,Y_eqdr,Equal distribution,vdem_egal_delib,instr-antiplural_w9_trt-ertOrDdcg_gapany_illibany_covlp_exclyr,backsliding_union_Nyr,1347,246,0.01210839205896574,0.8470193893997551,1169,225,-0.00491338558784895,0.0133113219949672,0.7120432983482976,-0.16884942260772046,0.392922996504088,0.6673946069109296,19.54061392895712,Z_Y_eqdr
9,polyarchy_decline,Y_gdp_growth,PWT,growth,instr-antiplural_w9_trt-polyarchy_gapany_illibany_covlp_exclyr,polyarchy_decline,1169,399,0.02359725230521799,0.3696998563195688,1083,340,-0.04078980316636289,0.03267379759468317,0.2118864658579037,-1.518430115364895,2.054059062032271,0.459764972009639,23.419284420274582,Z_Y_gdp_growth
9,polyarchy_decline,Y_gdp_growth_wb,World Bank,growth,instr-antiplural_w9_trt-polyarchy_gapany_illibany_covlp_exclyr,polyarchy_decline,1169,399,0.02359725230521799,0.3696998563195688,1117,370,-0.03552660798084288,0.03430261693887716,0.30035045364533175,-1.218734439292281,2.0722659739701306,0.5564538954935523,23.563496012062043,Z_Y_gdp_growth_wb
9,polyarchy_decline,Y_gdp_growth_imf,IMF WEO,growth,instr-antiplural_w9_trt-polyarchy_gapany_illibany_covlp_exclyr,polyarchy_decline,1169,399,0.02359725230521799,0.3696998563195688,842,278,-0.05783987326421737,0.03006689537903676,0.05439141958859105,-40.08101793132481,219.8668463945022,0.8553498262312135,17.11702683931402,Z_Y_gdp_growth_imf
9,polyarchy_decline,Y_inflation,"CPI, cumulative log",inflation,instr-antiplural_w9_trt-polyarchy_gapany_illibany_covlp_exclyr,polyarchy_decline,1169,399,0.02359725230521799,0.3696998563195688,1010,333,0.02908649901829056,0.19800672473862105,0.8832136978958288,0.24096616816527255,9.99282968134951,0.9807617501621324,22.443498261519604,Z_Y_inflation
9,polyarchy_decline,Y_unemployment,Unemployment rate,unemployment,instr-antiplural_w9_trt-polyarchy_gapany_illibany_covlp_exclyr,polyarchy_decline,1169,399,0.02359725230521799,0.3696998563195688,766,328,0.3101184683981411,0.7228119902907794,0.6678908814282012,-19.94591674991871,639.7955771605153,0.9751296163085968,18.11238087318275,Z_Y_unemployment
9,polyarchy_decline,Y_trade_pct_gdp,Trade / GDP,trade,instr-antiplural_w9_trt-polyarchy_gapany_illibany_covlp_exclyr,polyarchy_decline,1169,399,0.02359725230521799,0.3696998563195688,996,335,0.18436533799081933,3.689090175501862,0.9601416502963084,-8.753677669136982,147.7252212206273,0.9527478184236724,18.564682519153596,Z_Y_trade_pct_gdp
9,polyarchy_decline,Y_top10_share,Top-10% income share,top10,instr-antiplural_w9_trt-polyarchy_gapany_illibany_covlp_exclyr,polyarchy_decline,1169,399,0.02359725230521799,0.3696998563195688,1029,344,-0.2650329538352695,0.625537054499173,0.6717928894278566,-17.78312290412954,37.33858437974432,0.6338844138481181,24.178533603278133,Z_Y_top10_share
9,polyarchy_decline,Y_gini_disp,Disposable,gini,instr-antiplural_w9_trt-polyarchy_gapany_illibany_covlp_exclyr,polyarchy_decline,1169,399,0.02359725230521799,0.3696998563195688,843,265,1.2053871874049256,0.4632416601402551,0.00926629593427197,-161.2749567527855,1157.009489995787,0.8891423811356212,19.518879670281265,Z_Y_gini_disp
9,polyarchy_decline,Y_gini_mkt,Market,gini,instr-antiplural_w9_trt-polyarchy_gapany_illibany_covlp_exclyr,polyarchy_decline,1169,399,0.02359725230521799,0.3696998563195688,843,265,0.9535302636568336,0.4440243449327323,0.03175564955055075,-126.7577163146176,3455.06536599473,0.9707341741740076,19.890363237323367,Z_Y_gini_mkt
9,polyarchy_decline,Y_debt,Debt / GDP,fiscal,instr-antiplural_w9_trt-polyarchy_gapany_illibany_covlp_exclyr,polyarchy_decline,1169,399,0.02359725230521799,0.3696998563195688,1077,360,6.241885118951702,5.615892429407936,0.2663669266152534,210.50193662966623,326.98619082717704,0.5197284845282679,23.464660047366248,Z_Y_debt
9,polyarchy_decline,Y_deficit,Deficit / GDP,fiscal,instr-antiplural_w9_trt-polyarchy_gapany_illibany_covlp_exclyr,polyarchy_decline,1169,399,0.02359725230521799,0.3696998563195688,927,322,0.177630314258668,0.8582624859471366,0.8360371754644913,37.95274899354165,841.0441225540275,0.9640070747265924,18.58272344302532,Z_Y_deficit
9,polyarchy_decline,Y_checks_balances,Checks & balances,institutions,instr-antiplural_w9_trt-polyarchy_gapany_illibany_covlp_exclyr,polyarchy_decline,1169,399,0.02359725230521799,0.3696998563195688,1141,396,-0.01127418642806176,0.0271880177177305,0.6783799658080439,16.995410859727663,78.0184253258355,0.8275550049370677,16.666503337319753,Z_Y_checks_balances
9,polyarchy_decline,Y_jucon,Judicial constraints,institutions,instr-antiplural_w9_trt-polyarchy_gapany_illibany_covlp_exclyr,polyarchy_decline,1169,399,0.02359725230521799,0.3696998563195688,1169,399,-0.01296156322746519,0.02407554076159359,0.5903212221375909,-0.9532377997386332,1.3278317304338676,0.4728247990132362,19.60234839088103,Z_Y_jucon
9,polyarchy_decline,Y_legcon,Legislative constraints,institutions,instr-antiplural_w9_trt-polyarchy_gapany_illibany_covlp_exclyr,polyarchy_decline,1169,399,0.02359725230521799,0.3696998563195688,1141,396,-0.03310872280591804,0.03243146568092983,0.30731000832164596,10.163939393168455,29.979688009650044,0.7345889956803222,18.966933953595245,Z_Y_legcon
9,polyarchy_decline,Y_hos_power,HOS,exec_power,instr-antiplural_w9_trt-polyarchy_gapany_illibany_covlp_exclyr,polyarchy_decline,1169,399,0.02359725230521799,0.3696998563195688,1169,399,0.02715826257424409,0.02103575416525237,0.19668548049411583,0.9942447540031312,1.0975118118789555,0.36498453826188465,23.776401057125263,Z_Y_hos_power
9,polyarchy_decline,Y_hog_power,HOG,exec_power,instr-antiplural_w9_trt-polyarchy_gapany_illibany_covlp_exclyr,polyarchy_decline,1169,399,0.02359725230521799,0.3696998563195688,583,192,0.00983253371611086,0.0128067015201942,0.44262697289470654,-5.790152584272163,48.89226135003672,0.9057295157212448,16.650259646191152,Z_Y_hog_power
9,polyarchy_decline,Y_hos_power_vdem,HOS (v2ex_hosw),exec_power_alt,instr-antiplural_w9_trt-polyarchy_gapany_illibany_covlp_exclyr,polyarchy_decline,1169,399,0.02359725230521799,0.3696998563195688,1169,399,0.02304223176358095,0.03305096143494666,0.4856946507105364,0.9071375801461534,1.4086689113537234,0.519596240703396,21.258399352528635,Z_Y_hos_power_vdem
9,polyarchy_decline,Y_hog_power_vdem,HOG (v2ex_hogw),exec_power_alt,instr-antiplural_w9_trt-polyarchy_gapany_illibany_covlp_exclyr,polyarchy_decline,1169,399,0.02359725230521799,0.3696998563195688,1169,399,-0.01240144548923788,0.03149864900546866,0.6937925229477646,-0.5827338030859414,1.3309930939216037,0.6615176394768877,15.65822648910989,Z_Y_hog_power_vdem
9,polyarchy_decline,Y_polyarchy,Electoral (polyarchy),vdem_high,instr-antiplural_w9_trt-polyarchy_gapany_illibany_covlp_exclyr,polyarchy_decline,1169,399,0.02359725230521799,0.3696998563195688,1169,399,-0.02527274672616942,0.02434897986089241,0.299298628827747,-1,5.2843613716174435e-17,0,20.21252248577758,Z_Y_polyarchy
9,polyarchy_decline,Y_libdem,Liberal,vdem_high,instr-antiplural_w9_trt-polyarchy_gapany_illibany_covlp_exclyr,polyarchy_decline,1169,399,0.02359725230521799,0.3696998563195688,1169,399,-0.01888113342734855,0.02205800648338521,0.3920108222853506,-0.8089266534088517,0.3885230827678579,0.03733739304345609,19.53970638228944,Z_Y_libdem
9,polyarchy_decline,Y_partipdem,Participatory,vdem_high,instr-antiplural_w9_trt-polyarchy_gapany_illibany_covlp_exclyr,polyarchy_decline,1169,399,0.02359725230521799,0.3696998563195688,1168,399,-0.01245560106560491,0.01722964047429661,0.4697308406471232,-0.5507335905832852,0.32763597951064755,0.092776249028773,21.381716622076627,Z_Y_partipdem
9,polyarchy_decline,Y_delibdem,Deliberative,vdem_high,instr-antiplural_w9_trt-polyarchy_gapany_illibany_covlp_exclyr,polyarchy_decline,1169,399,0.02359725230521799,0.3696998563195688,1169,399,-0.01423663070800354,0.02395986481101746,0.5523873114386977,-0.5850385549880143,0.6877486986636191,0.3949596654592957,19.403278095062426,Z_Y_delibdem
9,polyarchy_decline,Y_egaldem,Egalitarian,vdem_high,instr-antiplural_w9_trt-polyarchy_gapany_illibany_covlp_exclyr,polyarchy_decline,1169,399,0.02359725230521799,0.3696998563195688,1169,399,-0.00808224243134024,0.01641122228775775,0.6223781760508117,-0.2971707365693756,0.44932711576005224,0.5083761131757093,19.424421119726848,Z_Y_egaldem
9,polyarchy_decline,Y_elecoff,Elected officials,vdem_electoral,instr-antiplural_w9_trt-polyarchy_gapany_illibany_covlp_exclyr,polyarchy_decline,1169,399,0.02359725230521799,0.3696998563195688,1169,399,-0.0363291358466335,0.03176364233512235,0.25273425390324217,-1.9493180167784592,1.896302000364396,0.3039697818839561,22.487509208834005,Z_Y_elecoff
9,polyarchy_decline,Y_frefair,Clean elections,vdem_electoral,instr-antiplural_w9_trt-polyarchy_gapany_illibany_covlp_exclyr,polyarchy_decline,1169,399,0.02359725230521799,0.3696998563195688,1169,399,-0.05234817928828893,0.03173040830607298,0.09898802931549731,-2.1466137011860127,1.0828774974409852,0.04744302583192209,19.97006129616793,Z_Y_frefair
9,polyarchy_decline,Y_frassoc,Association,vdem_electoral,instr-antiplural_w9_trt-polyarchy_gapany_illibany_covlp_exclyr,polyarchy_decline,1169,399,0.02359725230521799,0.3696998563195688,1169,399,-0.02403881599024458,0.01983847080615002,0.22561679832585124,-1.273320277522346,1.3796021141587431,0.35602702701171485,19.43569669895616,Z_Y_frassoc
9,polyarchy_decline,Y_suffr,Suffrage,vdem_electoral,instr-antiplural_w9_trt-polyarchy_gapany_illibany_covlp_exclyr,polyarchy_decline,1169,399,0.02359725230521799,0.3696998563195688,1169,399,5.397856399955738e-4,0.00665556084199867,0.93536007705267,0.07004072396986522,0.3520298835007555,0.8422921270339743,18.229379708088754,Z_Y_suffr
9,polyarchy_decline,Y_freexp,Expression & alt. info,vdem_electoral,instr-antiplural_w9_trt-polyarchy_gapany_illibany_covlp_exclyr,polyarchy_decline,1169,399,0.02359725230521799,0.3696998563195688,1169,399,-0.02146947167538052,0.02322300528820969,0.3552304596884355,-1.1900428871039883,1.2959668998875291,0.35847940238688847,18.035472251470058,Z_Y_freexp
9,polyarchy_decline,Y_cl_rol,Rule of law,vdem_liberal,instr-antiplural_w9_trt-polyarchy_gapany_illibany_covlp_exclyr,polyarchy_decline,1169,399,0.02359725230521799,0.3696998563195688,1169,399,-0.02333417417698395,0.02005806522182226,0.2446951295697599,-1.2800965372946522,1.6507075606838757,0.43805398994098865,18.528515202506263,Z_Y_cl_rol
9,polyarchy_decline,Y_cspart,Civil society,vdem_particip,instr-antiplural_w9_trt-polyarchy_gapany_illibany_covlp_exclyr,polyarchy_decline,1169,399,0.02359725230521799,0.3696998563195688,1169,399,-0.01485328036416744,0.0193688017742893,0.4431610424275077,-0.808209156081952,1.128849489670985,0.4740171009455274,19.936792009577985,Z_Y_cspart
9,polyarchy_decline,Y_dd,Direct democracy,vdem_particip,instr-antiplural_w9_trt-polyarchy_gapany_illibany_covlp_exclyr,polyarchy_decline,1169,399,0.02359725230521799,0.3696998563195688,1169,399,0.01194784041943368,0.02211776127782061,0.5890645444057718,0.6534900640765755,1.648912483994679,0.6918720755291923,18.95835074752377,Z_Y_dd
9,polyarchy_decline,Y_locelec,Local elections,vdem_particip,instr-antiplural_w9_trt-polyarchy_gapany_illibany_covlp_exclyr,polyarchy_decline,1169,399,0.02359725230521799,0.3696998563195688,1153,393,-0.00387951593263795,0.02793448734542852,0.8895457016485022,-0.257665744387644,0.960238508173925,0.788441351977709,20.95846138822567,Z_Y_locelec
9,polyarchy_decline,Y_regelec,Regional elections,vdem_particip,instr-antiplural_w9_trt-polyarchy_gapany_illibany_covlp_exclyr,polyarchy_decline,1169,399,0.02359725230521799,0.3696998563195688,1168,399,-0.04427987812220431,0.0327871902803604,0.17684805096462555,-1.9666106465611004,2.059210831841668,0.3395619057811731,25.09289630328525,Z_Y_regelec
9,polyarchy_decline,Y_delib,Deliberation,vdem_egal_delib,instr-antiplural_w9_trt-polyarchy_gapany_illibany_covlp_exclyr,polyarchy_decline,1169,399,0.02359725230521799,0.3696998563195688,1169,399,-0.02015225470397819,0.02451089845391408,0.4109771478993234,-0.8679644329350027,1.0002913548679604,0.3855522224910776,20.21152717614731,Z_Y_delib
9,polyarchy_decline,Y_eqprotec,Equal protection,vdem_egal_delib,instr-antiplural_w9_trt-polyarchy_gapany_illibany_covlp_exclyr,polyarchy_decline,1169,399,0.02359725230521799,0.3696998563195688,1169,399,0.02275315880082363,0.01397722553474041,0.1035516546218519,0.7011615363468023,1.420771931413186,0.6216540753954279,21.702614551808015,Z_Y_eqprotec
9,polyarchy_decline,Y_eqaccess,Equal access,vdem_egal_delib,instr-antiplural_w9_trt-polyarchy_gapany_illibany_covlp_exclyr,polyarchy_decline,1169,399,0.02359725230521799,0.3696998563195688,1169,399,0.00425894189837447,0.01491591345225353,0.7752380658388958,0.20622904924822433,1.2432072131850291,0.8682476923190676,19.350473934757535,Z_Y_eqaccess
9,polyarchy_decline,Y_eqdr,Equal distribution,vdem_egal_delib,instr-antiplural_w9_trt-polyarchy_gapany_illibany_covlp_exclyr,polyarchy_decline,1169,399,0.02359725230521799,0.3696998563195688,1169,399,-0.00491338558784895,0.0133113219949672,0.7120432983482976,-0.314725552312397,0.5726166210242839,0.5825752398260573,21.019835424557456,Z_Y_eqdr
10,backsliding_Nyr,Y_gdp_growth,PWT,growth,instr-antiplural_w10_trt-ert_gapany_illibany_covlp_exclyr,backsliding_Nyr,1347,248,0.00822944699853078,0.9049511365498633,1047,194,-0.05401968630979922,0.03912818575628244,0.16740738446594067,-1.8730100540766237,6.805101140578775,0.7831347910304199,18.329237256714837,Z_Y_gdp_growth
10,backsliding_Nyr,Y_gdp_growth_wb,World Bank,growth,instr-antiplural_w10_trt-ert_gapany_illibany_covlp_exclyr,backsliding_Nyr,1347,248,0.00822944699853078,0.9049511365498633,1080,205,-0.04057850064029413,0.03638003046959253,0.2646765222345239,82.68294273236714,6157.357168561017,0.9892860753344036,19.23780702217567,Z_Y_gdp_growth_wb
10,backsliding_Nyr,Y_gdp_growth_imf,IMF WEO,growth,instr-antiplural_w10_trt-ert_gapany_illibany_covlp_exclyr,backsliding_Nyr,1347,248,0.00822944699853078,0.9049511365498633,814,160,-0.05748833579541735,0.03012440148542452,0.05634413288768274,-2.2807041625994247,7.12658213551289,0.7489472820518401,19.328058319199663,Z_Y_gdp_growth_imf
10,backsliding_Nyr,Y_inflation,"CPI, cumulative log",inflation,instr-antiplural_w10_trt-ert_gapany_illibany_covlp_exclyr,backsliding_Nyr,1347,248,0.00822944699853078,0.9049511365498633,972,185,0.02270151424525655,0.18911994658039943,0.90445332197315,-0.5773771933875149,19.511964612050225,0.9763932983709016,17.608746204688547,Z_Y_inflation
10,backsliding_Nyr,Y_unemployment,Unemployment rate,unemployment,instr-antiplural_w10_trt-ert_gapany_illibany_covlp_exclyr,backsliding_Nyr,1347,248,0.00822944699853078,0.9049511365498633,731,183,0.4863496812636051,0.7197303637836003,0.4992065420440243,60.63849984169132,349.0773009223411,0.8620927434643288,21.23640574550968,Z_Y_unemployment
10,backsliding_Nyr,Y_trade_pct_gdp,Trade / GDP,trade,instr-antiplural_w10_trt-ert_gapany_illibany_covlp_exclyr,backsliding_Nyr,1347,248,0.00822944699853078,0.9049511365498633,967,187,1.2631767871088997,3.9702419201060857,0.7503626905992532,88.13331313738311,663.6993675709947,0.8943586598676293,16.30974543430171,Z_Y_trade_pct_gdp
10,backsliding_Nyr,Y_top10_share,Top-10% income share,top10,instr-antiplural_w10_trt-ert_gapany_illibany_covlp_exclyr,backsliding_Nyr,1347,248,0.00822944699853078,0.9049511365498633,993,192,-0.30900786038402717,0.5718707036474499,0.5889586659538806,-2.162645470613492,17.413735484811156,0.9011633093242818,22.228978248342713,Z_Y_top10_share
10,backsliding_Nyr,Y_gini_disp,Disposable,gini,instr-antiplural_w10_trt-ert_gapany_illibany_covlp_exclyr,backsliding_Nyr,1347,248,0.00822944699853078,0.9049511365498633,815,156,1.317882034768448,0.5272642210790516,0.0124378609081242,16.071119927064785,33.60499518021246,0.6324822115695278,18.932302099076757,Z_Y_gini_disp
10,backsliding_Nyr,Y_gini_mkt,Market,gini,instr-antiplural_w10_trt-ert_gapany_illibany_covlp_exclyr,backsliding_Nyr,1347,248,0.00822944699853078,0.9049511365498633,815,156,0.9901689091391508,0.4991281276014328,0.04727846868922758,8.082189003275635,13.94892343729186,0.562310465375746,18.73505033941207,Z_Y_gini_mkt
10,backsliding_Nyr,Y_debt,Debt / GDP,fiscal,instr-antiplural_w10_trt-ert_gapany_illibany_covlp_exclyr,backsliding_Nyr,1347,248,0.00822944699853078,0.9049511365498633,1041,199,0.5016498053429743,5.875075730085998,0.9319544431877076,58.71465719676536,598.0565884661464,0.9217927340298478,24.247064081357458,Z_Y_debt
10,backsliding_Nyr,Y_deficit,Deficit / GDP,fiscal,instr-antiplural_w10_trt-ert_gapany_illibany_covlp_exclyr,backsliding_Nyr,1347,248,0.00822944699853078,0.9049511365498633,892,174,-0.00923594196206534,0.8161094757081283,0.9909705028358404,-5.871974544201089,34.13936615274701,0.8634374468813288,17.383557268177356,Z_Y_deficit
10,backsliding_Nyr,Y_checks_balances,Checks & balances,institutions,instr-antiplural_w10_trt-ert_gapany_illibany_covlp_exclyr,backsliding_Nyr,1347,248,0.00822944699853078,0.9049511365498633,1103,217,0.00736220828051022,0.02830241455758538,0.794766190765502,1.923128277126505,25.173259137899937,0.9391043055560988,24.775005052234828,Z_Y_checks_balances
10,backsliding_Nyr,Y_jucon,Judicial constraints,institutions,instr-antiplural_w10_trt-ert_gapany_illibany_covlp_exclyr,backsliding_Nyr,1347,248,0.00822944699853078,0.9049511365498633,1133,219,0.00216827765329696,0.02509998901153082,0.9311598923247768,-0.0775181131994297,5.068221247532917,0.9877968835083614,23.342980688292265,Z_Y_jucon
10,backsliding_Nyr,Y_legcon,Legislative constraints,institutions,instr-antiplural_w10_trt-ert_gapany_illibany_covlp_exclyr,backsliding_Nyr,1347,248,0.00822944699853078,0.9049511365498633,1103,217,-0.02137692265064018,0.03471130848676578,0.5379942214934883,-0.3394806368379579,3.919479521702042,0.93097857308651355,23.876667744629874,Z_Y_legcon
10,backsliding_Nyr,Y_hos_power,HOS,exec_power,instr-antiplural_w10_trt-ert_gapany_illibany_covlp_exclyr,backsliding_Nyr,1347,248,0.00822944699853078,0.9049511365498633,1133,219,0.01090212990601585,0.02167671342333142,0.6150050410915004,0.9241066201621588,3.8295293336358944,0.8093142747889361,23.11786647010729,Z_Y_hos_power
10,backsliding_Nyr,Y_hog_power,HOG,exec_power,instr-antiplural_w10_trt-ert_gapany_illibany_covlp_exclyr,backsliding_Nyr,1347,248,0.00822944699853078,0.9049511365498633,566,122,0.01067068065181183,0.01477352443182649,0.4701198740992258,0.08736550759242198,0.5667794186075166,0.8774963893697536,27.165747713275096,Z_Y_hog_power
10,backsliding_Nyr,Y_hos_power_vdem,HOS (v2ex_hosw),exec_power_alt,instr-antiplural_w10_trt-ert_gapany_illibany_covlp_exclyr,backsliding_Nyr,1347,248,0.00822944699853078,0.9049511365498633,1133,219,0.02601106682291635,0.03467318028713279,0.45314733710204913,1.0135145536010275,6.768884239094519,0.8809765291550795,18.33246919022331,Z_Y_hos_power_vdem
10,backsliding_Nyr,Y_hog_power_vdem,HOG (v2ex_hogw),exec_power_alt,instr-antiplural_w10_trt-ert_gapany_illibany_covlp_exclyr,backsliding_Nyr,1347,248,0.00822944699853078,0.9049511365498633,1133,219,-0.01592421205690229,0.03269117200552513,0.6261800493489336,-0.5199807284551947,4.245255163023213,0.9025148035909242,17.13132710584356,Z_Y_hog_power_vdem
10,backsliding_Nyr,Y_polyarchy,Electoral (polyarchy),vdem_high,instr-antiplural_w10_trt-ert_gapany_illibany_covlp_exclyr,backsliding_Nyr,1347,248,0.00822944699853078,0.9049511365498633,1133,219,-0.0263472180955304,0.02561804048049687,0.30373187889957676,-1.8342093477851849,6.58612989700237,0.7806318081204692,23.174040780812724,Z_Y_polyarchy
10,backsliding_Nyr,Y_libdem,Liberal,vdem_high,instr-antiplural_w10_trt-ert_gapany_illibany_covlp_exclyr,backsliding_Nyr,1347,248,0.00822944699853078,0.9049511365498633,1133,219,-0.01789991436919286,0.0226616804334461,0.4296002693491503,-1.138832644234185,4.437880167395255,0.7974749461973485,21.54601495631315,Z_Y_libdem
10,backsliding_Nyr,Y_partipdem,Participatory,vdem_high,instr-antiplural_w10_trt-ert_gapany_illibany_covlp_exclyr,backsliding_Nyr,1347,248,0.00822944699853078,0.9049511365498633,1132,219,-0.01148273444668352,0.01855502382752061,0.5360166729021105,-0.9852800932156908,3.4296086884218124,0.7738929995325298,23.852655330783453,Z_Y_partipdem
10,backsliding_Nyr,Y_delibdem,Deliberative,vdem_high,instr-antiplural_w10_trt-ert_gapany_illibany_covlp_exclyr,backsliding_Nyr,1347,248,0.00822944699853078,0.9049511365498633,1133,219,-0.01130245308693568,0.02445735459814876,0.6439888071065544,-0.823372610505315,2.172985194276394,0.7047523773818792,23.807202782830284,Z_Y_delibdem
10,backsliding_Nyr,Y_egaldem,Egalitarian,vdem_high,instr-antiplural_w10_trt-ert_gapany_illibany_covlp_exclyr,backsliding_Nyr,1347,248,0.00822944699853078,0.9049511365498633,1133,219,-0.01217645210965936,0.01723659194732421,0.4799205369614199,-0.6518267857986321,1.7653219732616756,0.7119491387848972,21.6088739782703,Z_Y_egaldem
10,backsliding_Nyr,Y_elecoff,Elected officials,vdem_electoral,instr-antiplural_w10_trt-ert_gapany_illibany_covlp_exclyr,backsliding_Nyr,1347,248,0.00822944699853078,0.9049511365498633,1133,219,-0.04648725779405377,0.03831728067247847,0.22504605333727656,-3.198962766646436,15.739056203881823,0.8389396541826719,22.23606622551247,Z_Y_elecoff
10,backsliding_Nyr,Y_frefair,Clean elections,vdem_electoral,instr-antiplural_w10_trt-ert_gapany_illibany_covlp_exclyr,backsliding_Nyr,1347,248,0.00822944699853078,0.9049511365498633,1133,219,-0.053504655877197,0.03363717845303258,0.11169052102484876,-3.3213225617097364,13.632666339090022,0.8075176153880104,20.51145309515525,Z_Y_frefair
10,backsliding_Nyr,Y_frassoc,Association,vdem_electoral,instr-antiplural_w10_trt-ert_gapany_illibany_covlp_exclyr,backsliding_Nyr,1347,248,0.00822944699853078,0.9049511365498633,1133,219,-0.02106467940401695,0.02079713167500917,0.3111248174550713,-3.9315926398189305,41.860416397472285,0.9251715235066352,23.198107475465143,Z_Y_frassoc
10,backsliding_Nyr,Y_suffr,Suffrage,vdem_electoral,instr-antiplural_w10_trt-ert_gapany_illibany_covlp_exclyr,backsliding_Nyr,1347,248,0.00822944699853078,0.9049511365498633,1133,219,8.602945531219634e-4,0.00698197993118124,0.901935725468115,-0.43208384455187393,14.460432267224313,0.9761624184182824,17.246709483286843,Z_Y_suffr
10,backsliding_Nyr,Y_freexp,Expression & alt. info,vdem_electoral,instr-antiplural_w10_trt-ert_gapany_illibany_covlp_exclyr,backsliding_Nyr,1347,248,0.00822944699853078,0.9049511365498633,1133,219,-0.0187989733389944,0.02574549837595573,0.46527719063443024,-1.5011989807558148,11.290599952694272,0.8942249581248308,19.73965256602172,Z_Y_freexp
10,backsliding_Nyr,Y_cl_rol,Rule of law,vdem_liberal,instr-antiplural_w10_trt-ert_gapany_illibany_covlp_exclyr,backsliding_Nyr,1347,248,0.00822944699853078,0.9049511365498633,1133,219,-0.01682697788960275,0.0215890348980839,0.4357309194002263,-1.579782637787002,7.5184484363540225,0.8335733671310792,18.75308316336573,Z_Y_cl_rol
10,backsliding_Nyr,Y_cspart,Civil society,vdem_particip,instr-antiplural_w10_trt-ert_gapany_illibany_covlp_exclyr,backsliding_Nyr,1347,248,0.00822944699853078,0.9049511365498633,1133,219,-0.00394608221692616,0.01989676831519237,0.8427886051708631,-0.5833804690307685,1.6616350412012084,0.7255221741911682,22.473599351571984,Z_Y_cspart
10,backsliding_Nyr,Y_dd,Direct democracy,vdem_particip,instr-antiplural_w10_trt-ert_gapany_illibany_covlp_exclyr,backsliding_Nyr,1347,248,0.00822944699853078,0.9049511365498633,1133,219,0.02267230059870274,0.02210064553910237,0.304954755962047,3.2679948444568523,30.75419311682393,0.9153746668247228,21.44284417004658,Z_Y_dd
10,backsliding_Nyr,Y_locelec,Local elections,vdem_particip,instr-antiplural_w10_trt-ert_gapany_illibany_covlp_exclyr,backsliding_Nyr,1347,248,0.00822944699853078,0.9049511365498633,1116,213,-0.01809793587577757,0.03012699623653561,0.5480254632014755,-1.1450724884879435,5.524130497757122,0.8357868500288498,21.809616142407855,Z_Y_locelec
10,backsliding_Nyr,Y_regelec,Regional elections,vdem_particip,instr-antiplural_w10_trt-ert_gapany_illibany_covlp_exclyr,backsliding_Nyr,1347,248,0.00822944699853078,0.9049511365498633,1132,219,-0.04150554673300627,0.03505253882090664,0.23637533746025005,-3.295444001826996,19.604180528404573,0.8665053615635929,20.6342884559513,Z_Y_regelec
10,backsliding_Nyr,Y_delib,Deliberation,vdem_egal_delib,instr-antiplural_w10_trt-ert_gapany_illibany_covlp_exclyr,backsliding_Nyr,1347,248,0.00822944699853078,0.9049511365498633,1133,219,-0.01130683534132539,0.02607206354229049,0.6645235389597679,-1.1984355827739477,3.998029116695405,0.7643628280830985,23.797841065538645,Z_Y_delib
10,backsliding_Nyr,Y_eqprotec,Equal protection,vdem_egal_delib,instr-antiplural_w10_trt-ert_gapany_illibany_covlp_exclyr,backsliding_Nyr,1347,248,0.00822944699853078,0.9049511365498633,1133,219,0.01037487631754005,0.01424979631768447,0.4665695724696992,0.5043164712466468,2.930308687552841,0.8633561370636399,17.68675309532371,Z_Y_eqprotec
10,backsliding_Nyr,Y_eqaccess,Equal access,vdem_egal_delib,instr-antiplural_w10_trt-ert_gapany_illibany_covlp_exclyr,backsliding_Nyr,1347,248,0.00822944699853078,0.9049511365498633,1133,219,-0.00181998782961362,0.01549342667941989,0.9064888946831064,-0.09068085847724262,0.6721602929387414,0.8926833701571316,17.38670227156001,Z_Y_eqaccess
10,backsliding_Nyr,Y_eqdr,Equal distribution,vdem_egal_delib,instr-antiplural_w10_trt-ert_gapany_illibany_covlp_exclyr,backsliding_Nyr,1347,248,0.00822944699853078,0.9049511365498633,1133,219,-0.00848553988736257,0.01433995758884831,0.5540240816642927,-0.3998027836735734,1.7738300026748874,0.8216762239236244,17.81943685709665,Z_Y_eqdr
10,backsliding_union_Nyr,Y_gdp_growth,PWT,growth,instr-antiplural_w10_trt-ertOrDdcg_gapany_illibany_covlp_exclyr,backsliding_union_Nyr,1347,273,0.02331366707030374,0.7266749057863864,1047,219,-0.05401968630979922,0.03912818575628244,0.16740738446594067,-0.7718260072102378,1.1730949702073412,0.5105767397554153,24.492334236091416,Z_Y_gdp_growth
10,backsliding_union_Nyr,Y_gdp_growth_wb,World Bank,growth,instr-antiplural_w10_trt-ertOrDdcg_gapany_illibany_covlp_exclyr,backsliding_union_Nyr,1347,273,0.02331366707030374,0.7266749057863864,1080,229,-0.04057850064029413,0.03638003046959253,0.2646765222345239,-0.9092089229064422,1.9715200072741137,0.6446755367521306,21.761044562381333,Z_Y_gdp_growth_wb
10,backsliding_union_Nyr,Y_gdp_growth_imf,IMF WEO,growth,instr-antiplural_w10_trt-ertOrDdcg_gapany_illibany_covlp_exclyr,backsliding_union_Nyr,1347,273,0.02331366707030374,0.7266749057863864,814,174,-0.05748833579541735,0.03012440148542452,0.05634413288768274,-1.4438493651123745,3.084084136943068,0.6396691230091449,20.647132908591125,Z_Y_gdp_growth_imf
10,backsliding_union_Nyr,Y_inflation,"CPI, cumulative log",inflation,instr-antiplural_w10_trt-ertOrDdcg_gapany_illibany_covlp_exclyr,backsliding_union_Nyr,1347,273,0.02331366707030374,0.7266749057863864,972,201,0.02270151424525655,0.18911994658039943,0.90445332197315,0.844908302450164,6.431789432650136,0.8954870317071223,16.059197590909957,Z_Y_inflation
10,backsliding_union_Nyr,Y_unemployment,Unemployment rate,unemployment,instr-antiplural_w10_trt-ertOrDdcg_gapany_illibany_covlp_exclyr,backsliding_union_Nyr,1347,273,0.02331366707030374,0.7266749057863864,731,199,0.4863496812636051,0.7197303637836003,0.4992065420440243,54.25637245839839,213.79896549849448,0.7996710507467938,23.644328461467506,Z_Y_unemployment
10,backsliding_union_Nyr,Y_trade_pct_gdp,Trade / GDP,trade,instr-antiplural_w10_trt-ertOrDdcg_gapany_illibany_covlp_exclyr,backsliding_union_Nyr,1347,273,0.02331366707030374,0.7266749057863864,967,208,1.2631767871088997,3.9702419201060857,0.7503626905992532,15.89855826493899,67.4661851398281,0.8137025260827133,16.5695185329379,Z_Y_trade_pct_gdp
10,backsliding_union_Nyr,Y_top10_share,Top-10% income share,top10,instr-antiplural_w10_trt-ertOrDdcg_gapany_illibany_covlp_exclyr,backsliding_union_Nyr,1347,273,0.02331366707030374,0.7266749057863864,993,213,-0.30900786038402717,0.5718707036474499,0.5889586659538806,-2.851940724330818,15.297805378203698,0.8521090614764409,22.800731373568446,Z_Y_top10_share
10,backsliding_union_Nyr,Y_gini_disp,Disposable,gini,instr-antiplural_w10_trt-ertOrDdcg_gapany_illibany_covlp_exclyr,backsliding_union_Nyr,1347,273,0.02331366707030374,0.7266749057863864,815,168,1.317882034768448,0.5272642210790516,0.0124378609081242,12.585366379985992,18.814841678004058,0.5035552427684613,19.779835066374257,Z_Y_gini_disp
10,backsliding_union_Nyr,Y_gini_mkt,Market,gini,instr-antiplural_w10_trt-ertOrDdcg_gapany_illibany_covlp_exclyr,backsliding_union_Nyr,1347,273,0.02331366707030374,0.7266749057863864,815,168,0.9901689091391508,0.4991281276014328,0.04727846868922758,6.736446755524494,9.109122082275125,0.4595867156805572,19.18082642506207,Z_Y_gini_mkt
10,backsliding_union_Nyr,Y_debt,Debt / GDP,fiscal,instr-antiplural_w10_trt-ertOrDdcg_gapany_illibany_covlp_exclyr,backsliding_union_Nyr,1347,273,0.02331366707030374,0.7266749057863864,1041,220,0.5016498053429743,5.875075730085998,0.9319544431877076,28.904387340785348,115.7102378804464,0.8027422208046041,24.092512925230533,Z_Y_debt
10,backsliding_union_Nyr,Y_deficit,Deficit / GDP,fiscal,instr-antiplural_w10_trt-ertOrDdcg_gapany_illibany_covlp_exclyr,backsliding_union_Nyr,1347,273,0.02331366707030374,0.7266749057863864,892,185,-0.00923594196206534,0.8161094757081283,0.9909705028358404,-3.080791687928757,18.527141253824556,0.8679324149339335,17.608686775884415,Z_Y_deficit
10,backsliding_union_Nyr,Y_checks_balances,Checks & balances,institutions,instr-antiplural_w10_trt-ertOrDdcg_gapany_illibany_covlp_exclyr,backsliding_union_Nyr,1347,273,0.02331366707030374,0.7266749057863864,1103,236,0.00736220828051022,0.02830241455758538,0.794766190765502,1.2156476238926992,5.163388999173171,0.8138703515496043,26.157948501685592,Z_Y_checks_balances
10,backsliding_union_Nyr,Y_jucon,Judicial constraints,institutions,instr-antiplural_w10_trt-ertOrDdcg_gapany_illibany_covlp_exclyr,backsliding_union_Nyr,1347,273,0.02331366707030374,0.7266749057863864,1133,244,0.00216827765329696,0.02509998901153082,0.9311598923247768,0.07758304707232676,1.0533379113107206,0.941285326887976,26.1565639515486,Z_Y_jucon
10,backsliding_union_Nyr,Y_legcon,Legislative constraints,institutions,instr-antiplural_w10_trt-ertOrDdcg_gapany_illibany_covlp_exclyr,backsliding_union_Nyr,1347,273,0.02331366707030374,0.7266749057863864,1103,236,-0.02137692265064018,0.03471130848676578,0.5379942214934883,-0.30282017905930575,1.248758496148555,0.8083950873462842,21.447364377464904,Z_Y_legcon
10,backsliding_union_Nyr,Y_hos_power,HOS,exec_power,instr-antiplural_w10_trt-ertOrDdcg_gapany_illibany_covlp_exclyr,backsliding_union_Nyr,1347,273,0.02331366707030374,0.7266749057863864,1133,244,0.01090212990601585,0.02167671342333142,0.6150050410915004,0.33812110903750253,0.6459322480308329,0.6006526563304078,23.90359232450573,Z_Y_hos_power
10,backsliding_union_Nyr,Y_hog_power,HOG,exec_power,instr-antiplural_w10_trt-ertOrDdcg_gapany_illibany_covlp_exclyr,backsliding_union_Nyr,1347,273,0.02331366707030374,0.7266749057863864,566,135,0.01067068065181183,0.01477352443182649,0.4701198740992258,0.1027782561450247,0.2128329769625968,0.6291626996574313,22.07482378297158,Z_Y_hog_power
10,backsliding_union_Nyr,Y_hos_power_vdem,HOS (v2ex_hosw),exec_power_alt,instr-antiplural_w10_trt-ertOrDdcg_gapany_illibany_covlp_exclyr,backsliding_union_Nyr,1347,273,0.02331366707030374,0.7266749057863864,1133,244,0.02601106682291635,0.03467318028713279,0.45314733710204913,0.6509425114385732,1.4299441691400054,0.6489492998227481,23.120348414091488,Z_Y_hos_power_vdem
10,backsliding_union_Nyr,Y_hog_power_vdem,HOG (v2ex_hogw),exec_power_alt,instr-antiplural_w10_trt-ertOrDdcg_gapany_illibany_covlp_exclyr,backsliding_union_Nyr,1347,273,0.02331366707030374,0.7266749057863864,1133,244,-0.01592421205690229,0.03269117200552513,0.6261800493489336,-0.1967309187786837,0.6873295934809773,0.7747057905767363,17.243990107901904,Z_Y_hog_power_vdem
10,backsliding_union_Nyr,Y_polyarchy,Electoral (polyarchy),vdem_high,instr-antiplural_w10_trt-ertOrDdcg_gapany_illibany_covlp_exclyr,backsliding_union_Nyr,1347,273,0.02331366707030374,0.7266749057863864,1133,244,-0.0263472180955304,0.02561804048049687,0.30373187889957676,-0.6455659451482989,0.838412665347345,0.4413082464794988,23.602408025065085,Z_Y_polyarchy
10,backsliding_union_Nyr,Y_libdem,Liberal,vdem_high,instr-antiplural_w10_trt-ertOrDdcg_gapany_illibany_covlp_exclyr,backsliding_union_Nyr,1347,273,0.02331366707030374,0.7266749057863864,1133,244,-0.01789991436919286,0.0226616804334461,0.4296002693491503,-0.4468612359328611,0.581425208239491,0.44215345810791423,23.45174927980486,Z_Y_libdem
10,backsliding_union_Nyr,Y_partipdem,Participatory,vdem_high,instr-antiplural_w10_trt-ertOrDdcg_gapany_illibany_covlp_exclyr,backsliding_union_Nyr,1347,273,0.02331366707030374,0.7266749057863864,1132,244,-0.01148273444668352,0.01855502382752061,0.5360166729021105,-0.37617002748592177,0.5030672858164333,0.4546092097960731,24.67524036852325,Z_Y_partipdem
10,backsliding_union_Nyr,Y_delibdem,Deliberative,vdem_high,instr-antiplural_w10_trt-ertOrDdcg_gapany_illibany_covlp_exclyr,backsliding_union_Nyr,1347,273,0.02331366707030374,0.7266749057863864,1133,244,-0.01130245308693568,0.02445735459814876,0.6439888071065544,-0.28997464677999,0.499614968035008,0.5616474429991135,24.46402658516763,Z_Y_delibdem
10,backsliding_union_Nyr,Y_egaldem,Egalitarian,vdem_high,instr-antiplural_w10_trt-ertOrDdcg_gapany_illibany_covlp_exclyr,backsliding_union_Nyr,1347,273,0.02331366707030374,0.7266749057863864,1133,244,-0.01217645210965936,0.01723659194732421,0.4799205369614199,-0.24955904223728972,0.3335324335093841,0.45432131290611744,21.916321388093433,Z_Y_egaldem
10,backsliding_union_Nyr,Y_elecoff,Elected officials,vdem_electoral,instr-antiplural_w10_trt-ertOrDdcg_gapany_illibany_covlp_exclyr,backsliding_union_Nyr,1347,273,0.02331366707030374,0.7266749057863864,1133,244,-0.04648725779405377,0.03831728067247847,0.22504605333727656,-0.978546059757162,1.846350526574228,0.5961193357472283,21.705766292817888,Z_Y_elecoff
10,backsliding_union_Nyr,Y_frefair,Clean elections,vdem_electoral,instr-antiplural_w10_trt-ertOrDdcg_gapany_illibany_covlp_exclyr,backsliding_union_Nyr,1347,273,0.02331366707030374,0.7266749057863864,1133,244,-0.053504655877197,0.03363717845303258,0.11169052102484876,-1.2722512155991164,1.7377046091372377,0.46408025455230134,22.077530757780075,Z_Y_frefair
10,backsliding_union_Nyr,Y_frassoc,Association,vdem_electoral,instr-antiplural_w10_trt-ertOrDdcg_gapany_illibany_covlp_exclyr,backsliding_union_Nyr,1347,273,0.02331366707030374,0.7266749057863864,1133,244,-0.02106467940401695,0.02079713167500917,0.3111248174550713,-0.7840503731285424,1.5771076688073842,0.6190871693896982,25.46287132018189,Z_Y_frassoc
10,backsliding_union_Nyr,Y_suffr,Suffrage,vdem_electoral,instr-antiplural_w10_trt-ertOrDdcg_gapany_illibany_covlp_exclyr,backsliding_union_Nyr,1347,273,0.02331366707030374,0.7266749057863864,1133,244,8.602945531219634e-4,0.00698197993118124,0.901935725468115,0.01595343676659141,0.12471230273662635,0.8982107667464582,15.379203771032136,Z_Y_suffr
10,backsliding_union_Nyr,Y_freexp,Expression & alt. info,vdem_electoral,instr-antiplural_w10_trt-ertOrDdcg_gapany_illibany_covlp_exclyr,backsliding_union_Nyr,1347,273,0.02331366707030374,0.7266749057863864,1133,244,-0.0187989733389944,0.02574549837595573,0.46527719063443024,-0.5000047780385897,0.8099987647434278,0.5370429400323726,21.913764821986433,Z_Y_freexp
10,backsliding_union_Nyr,Y_cl_rol,Rule of law,vdem_liberal,instr-antiplural_w10_trt-ertOrDdcg_gapany_illibany_covlp_exclyr,backsliding_union_Nyr,1347,273,0.02331366707030374,0.7266749057863864,1133,244,-0.01682697788960275,0.0215890348980839,0.4357309194002263,-0.43405140726376207,0.5714346495264621,0.44750455167639297,19.553653608957937,Z_Y_cl_rol
10,backsliding_union_Nyr,Y_cspart,Civil society,vdem_particip,instr-antiplural_w10_trt-ertOrDdcg_gapany_illibany_covlp_exclyr,backsliding_union_Nyr,1347,273,0.02331366707030374,0.7266749057863864,1133,244,-0.00394608221692616,0.01989676831519237,0.8427886051708631,-0.21029649118616667,0.4467311565750274,0.6378227924824122,23.815728310846957,Z_Y_cspart
10,backsliding_union_Nyr,Y_dd,Direct democracy,vdem_particip,instr-antiplural_w10_trt-ertOrDdcg_gapany_illibany_covlp_exclyr,backsliding_union_Nyr,1347,273,0.02331366707030374,0.7266749057863864,1133,244,0.02267230059870274,0.02210064553910237,0.304954755962047,0.69658500105464,1.7986291607961709,0.6985440328518937,23.339475251876475,Z_Y_dd
10,backsliding_union_Nyr,Y_locelec,Local elections,vdem_particip,instr-antiplural_w10_trt-ertOrDdcg_gapany_illibany_covlp_exclyr,backsliding_union_Nyr,1347,273,0.02331366707030374,0.7266749057863864,1116,238,-0.01809793587577757,0.03012699623653561,0.5480254632014755,-0.7195723023611709,1.442843657983531,0.6179779649306101,24.80263032280277,Z_Y_locelec
10,backsliding_union_Nyr,Y_regelec,Regional elections,vdem_particip,instr-antiplural_w10_trt-ertOrDdcg_gapany_illibany_covlp_exclyr,backsliding_union_Nyr,1347,273,0.02331366707030374,0.7266749057863864,1132,244,-0.04150554673300627,0.03505253882090664,0.23637533746025005,-0.9598830323565286,2.095703670926539,0.6469350431075717,21.639988923755148,Z_Y_regelec
10,backsliding_union_Nyr,Y_delib,Deliberation,vdem_egal_delib,instr-antiplural_w10_trt-ertOrDdcg_gapany_illibany_covlp_exclyr,backsliding_union_Nyr,1347,273,0.02331366707030374,0.7266749057863864,1133,244,-0.01130683534132539,0.02607206354229049,0.6645235389597679,-0.33552715997900784,0.7347483659242708,0.6479184091931895,26.337899889968597,Z_Y_delib
10,backsliding_union_Nyr,Y_eqprotec,Equal protection,vdem_egal_delib,instr-antiplural_w10_trt-ertOrDdcg_gapany_illibany_covlp_exclyr,backsliding_union_Nyr,1347,273,0.02331366707030374,0.7266749057863864,1133,244,0.01037487631754005,0.01424979631768447,0.4665695724696992,0.16642910916280146,0.42158379948056424,0.6930118095116262,18.851817831183464,Z_Y_eqprotec
10,backsliding_union_Nyr,Y_eqaccess,Equal access,vdem_egal_delib,instr-antiplural_w10_trt-ertOrDdcg_gapany_illibany_covlp_exclyr,backsliding_union_Nyr,1347,273,0.02331366707030374,0.7266749057863864,1133,244,-0.00181998782961362,0.01549342667941989,0.9064888946831064,-0.0366357712766086,0.2511391419508033,0.8840173989567046,18.70709408932657,Z_Y_eqaccess
10,backsliding_union_Nyr,Y_eqdr,Equal distribution,vdem_egal_delib,instr-antiplural_w10_trt-ertOrDdcg_gapany_illibany_covlp_exclyr,backsliding_union_Nyr,1347,273,0.02331366707030374,0.7266749057863864,1133,244,-0.00848553988736257,0.01433995758884831,0.5540240816642927,-0.16124473350241053,0.26750189174139877,0.5466551946863067,18.671107857826986,Z_Y_eqdr
10,polyarchy_decline,Y_gdp_growth,PWT,growth,instr-antiplural_w10_trt-polyarchy_gapany_illibany_covlp_exclyr,polyarchy_decline,1133,388,0.02701162728393688,0.31930121054341104,1047,328,-0.05401968630979922,0.03912818575628244,0.16740738446594067,-1.8465773224653432,1.965115685596085,0.3473824019366038,15.364111287544416,Z_Y_gdp_growth
10,polyarchy_decline,Y_gdp_growth_wb,World Bank,growth,instr-antiplural_w10_trt-polyarchy_gapany_illibany_covlp_exclyr,polyarchy_decline,1133,388,0.02701162728393688,0.31930121054341104,1080,362,-0.04057850064029413,0.03638003046959253,0.2646765222345239,-1.8206205518945184,2.913393659722224,0.5320274883364948,15.98286259310361,Z_Y_gdp_growth_wb
10,polyarchy_decline,Y_gdp_growth_imf,IMF WEO,growth,instr-antiplural_w10_trt-polyarchy_gapany_illibany_covlp_exclyr,polyarchy_decline,1133,388,0.02701162728393688,0.31930121054341104,814,274,-0.05748833579541735,0.03012440148542452,0.05634413288768274,-4.6197651413161305,11.03065277823978,0.6753538396140468,17.562609502944422,Z_Y_gdp_growth_imf
10,polyarchy_decline,Y_inflation,"CPI, cumulative log",inflation,instr-antiplural_w10_trt-polyarchy_gapany_illibany_covlp_exclyr,polyarchy_decline,1133,388,0.02701162728393688,0.31930121054341104,972,325,0.02270151424525655,0.18911994658039943,0.90445332197315,1.381083130842358,13.319687655075429,0.917417464880881,16.80033296267826,Z_Y_inflation
10,polyarchy_decline,Y_unemployment,Unemployment rate,unemployment,instr-antiplural_w10_trt-polyarchy_gapany_illibany_covlp_exclyr,polyarchy_decline,1133,388,0.02701162728393688,0.31930121054341104,731,322,0.4863496812636051,0.7197303637836003,0.4992065420440243,7.174107248866903,299.61147093085015,0.9808967178208295,20.09031176652094,Z_Y_unemployment
10,polyarchy_decline,Y_trade_pct_gdp,Trade / GDP,trade,instr-antiplural_w10_trt-polyarchy_gapany_illibany_covlp_exclyr,polyarchy_decline,1133,388,0.02701162728393688,0.31930121054341104,967,333,1.2631767871088997,3.9702419201060857,0.7503626905992532,15.556318008355934,150.74969817201608,0.9178097722537376,18.668316207330008,Z_Y_trade_pct_gdp
10,polyarchy_decline,Y_top10_share,Top-10% income share,top10,instr-antiplural_w10_trt-polyarchy_gapany_illibany_covlp_exclyr,polyarchy_decline,1133,388,0.02701162728393688,0.31930121054341104,993,335,-0.30900786038402717,0.5718707036474499,0.5889586659538806,-15.061112882983618,31.477571922666712,0.632314839070486,24.56879186635797,Z_Y_top10_share
10,polyarchy_decline,Y_gini_disp,Disposable,gini,instr-antiplural_w10_trt-polyarchy_gapany_illibany_covlp_exclyr,polyarchy_decline,1133,388,0.02701162728393688,0.31930121054341104,815,261,1.317882034768448,0.5272642210790516,0.0124378609081242,165615.3281069279,21381364.370335683,0.9938198241376558,17.67201009643761,Z_Y_gini_disp
10,polyarchy_decline,Y_gini_mkt,Market,gini,instr-antiplural_w10_trt-polyarchy_gapany_illibany_covlp_exclyr,polyarchy_decline,1133,388,0.02701162728393688,0.31930121054341104,815,261,0.9901689091391508,0.4991281276014328,0.04727846868922758,457120.2421060319,101129071.38904431,0.9963934412075348,18.330099171105616,Z_Y_gini_mkt
10,polyarchy_decline,Y_debt,Debt / GDP,fiscal,instr-antiplural_w10_trt-polyarchy_gapany_illibany_covlp_exclyr,polyarchy_decline,1133,388,0.02701162728393688,0.31930121054341104,1041,352,0.5016498053429743,5.875075730085998,0.9319544431877076,20.761175928139515,313.5515755858121,0.9472082839189732,19.339646538644192,Z_Y_debt
10,polyarchy_decline,Y_deficit,Deficit / GDP,fiscal,instr-antiplural_w10_trt-polyarchy_gapany_illibany_covlp_exclyr,polyarchy_decline,1133,388,0.02701162728393688,0.31930121054341104,892,311,-0.00923594196206534,0.8161094757081283,0.9909705028358404,35.90213122124983,297.96158030779253,0.9040930324413696,23.577559957031365,Z_Y_deficit
10,polyarchy_decline,Y_checks_balances,Checks & balances,institutions,instr-antiplural_w10_trt-polyarchy_gapany_illibany_covlp_exclyr,polyarchy_decline,1133,388,0.02701162728393688,0.31930121054341104,1103,382,0.00736220828051022,0.02830241455758538,0.794766190765502,-2.8191226145859605,13.126391790517328,0.8299485770769923,17.071420933992552,Z_Y_checks_balances
10,polyarchy_decline,Y_jucon,Judicial constraints,institutions,instr-antiplural_w10_trt-polyarchy_gapany_illibany_covlp_exclyr,polyarchy_decline,1133,388,0.02701162728393688,0.31930121054341104,1133,388,0.00216827765329696,0.02509998901153082,0.9311598923247768,-0.1557026724884295,2.2835786948949903,0.9456394623048496,20.82234066760861,Z_Y_jucon
10,polyarchy_decline,Y_legcon,Legislative constraints,institutions,instr-antiplural_w10_trt-polyarchy_gapany_illibany_covlp_exclyr,polyarchy_decline,1133,388,0.02701162728393688,0.31930121054341104,1103,382,-0.02137692265064018,0.03471130848676578,0.5379942214934883,3.5215430195786688,10.05769278133499,0.7262379255348671,19.472203650543463,Z_Y_legcon
10,polyarchy_decline,Y_hos_power,HOS,exec_power,instr-antiplural_w10_trt-polyarchy_gapany_illibany_covlp_exclyr,polyarchy_decline,1133,388,0.02701162728393688,0.31930121054341104,1133,388,0.01090212990601585,0.02167671342333142,0.6150050410915004,0.45387760049579545,0.8912980868145806,0.6105895422049632,20.413887685306292,Z_Y_hos_power
10,polyarchy_decline,Y_hog_power,HOG,exec_power,instr-antiplural_w10_trt-polyarchy_gapany_illibany_covlp_exclyr,polyarchy_decline,1133,388,0.02701162728393688,0.31930121054341104,566,188,0.01067068065181183,0.01477352443182649,0.4701198740992258,0.5100001810638289,1.3286112420481877,0.7010825105523912,16.103652576717074,Z_Y_hog_power
10,polyarchy_decline,Y_hos_power_vdem,HOS (v2ex_hosw),exec_power_alt,instr-antiplural_w10_trt-polyarchy_gapany_illibany_covlp_exclyr,polyarchy_decline,1133,388,0.02701162728393688,0.31930121054341104,1133,388,0.02601106682291635,0.03467318028713279,0.45314733710204913,0.9892965561585976,1.6089980295979691,0.5386520953367019,20.659681406489874,Z_Y_hos_power_vdem
10,polyarchy_decline,Y_hog_power_vdem,HOG (v2ex_hogw),exec_power_alt,instr-antiplural_w10_trt-polyarchy_gapany_illibany_covlp_exclyr,polyarchy_decline,1133,388,0.02701162728393688,0.31930121054341104,1133,388,-0.01592421205690229,0.03269117200552513,0.6261800493489336,-0.707678000487986,1.4100741516411466,0.6157569308101034,20.25371096460111,Z_Y_hog_power_vdem
10,polyarchy_decline,Y_polyarchy,Electoral (polyarchy),vdem_high,instr-antiplural_w10_trt-polyarchy_gapany_illibany_covlp_exclyr,polyarchy_decline,1133,388,0.02701162728393688,0.31930121054341104,1133,388,-0.0263472180955304,0.02561804048049687,0.30373187889957676,-1,5.805864472201708e-17,0,18.495749741044875,Z_Y_polyarchy
10,polyarchy_decline,Y_libdem,Liberal,vdem_high,instr-antiplural_w10_trt-polyarchy_gapany_illibany_covlp_exclyr,polyarchy_decline,1133,388,0.02701162728393688,0.31930121054341104,1133,388,-0.01789991436919286,0.0226616804334461,0.4296002693491503,-0.6919485667261548,0.4312030934243343,0.10856139283240096,23.974561912664807,Z_Y_libdem
10,polyarchy_decline,Y_partipdem,Participatory,vdem_high,instr-antiplural_w10_trt-polyarchy_gapany_illibany_covlp_exclyr,polyarchy_decline,1133,388,0.02701162728393688,0.31930121054341104,1132,388,-0.01148273444668352,0.01855502382752061,0.5360166729021105,-0.451843995810318,0.4237368357095675,0.2862737506565802,19.649387543620985,Z_Y_partipdem
10,polyarchy_decline,Y_delibdem,Deliberative,vdem_high,instr-antiplural_w10_trt-polyarchy_gapany_illibany_covlp_exclyr,polyarchy_decline,1133,388,0.02701162728393688,0.31930121054341104,1133,388,-0.01130245308693568,0.02445735459814876,0.6439888071065544,-0.48538598238139774,0.8262009989978566,0.5568737239882782,19.85338812380108,Z_Y_delibdem
10,polyarchy_decline,Y_egaldem,Egalitarian,vdem_high,instr-antiplural_w10_trt-polyarchy_gapany_illibany_covlp_exclyr,polyarchy_decline,1133,388,0.02701162728393688,0.31930121054341104,1133,388,-0.01217645210965936,0.01723659194732421,0.4799205369614199,-0.41903336183130857,0.37597194303449055,0.2650503397510654,22.937738525057824,Z_Y_egaldem
10,polyarchy_decline,Y_elecoff,Elected officials,vdem_electoral,instr-antiplural_w10_trt-polyarchy_gapany_illibany_covlp_exclyr,polyarchy_decline,1133,388,0.02701162728393688,0.31930121054341104,1133,388,-0.04648725779405377,0.03831728067247847,0.22504605333727656,-2.4424169966160356,2.706616631471341,0.3668510626191263,22.28972934102239,Z_Y_elecoff
10,polyarchy_decline,Y_frefair,Clean elections,vdem_electoral,instr-antiplural_w10_trt-polyarchy_gapany_illibany_covlp_exclyr,polyarchy_decline,1133,388,0.02701162728393688,0.31930121054341104,1133,388,-0.053504655877197,0.03363717845303258,0.11169052102484876,-2.2405795073776624,1.29910624359852,0.0845800286236745,21.241651223145215,Z_Y_frefair
10,polyarchy_decline,Y_frassoc,Association,vdem_electoral,instr-antiplural_w10_trt-polyarchy_gapany_illibany_covlp_exclyr,polyarchy_decline,1133,388,0.02701162728393688,0.31930121054341104,1133,388,-0.02106467940401695,0.02079713167500917,0.3111248174550713,-1.0517236570315327,1.0705337988751298,0.3258884497914262,21.24717597681701,Z_Y_frassoc
10,polyarchy_decline,Y_suffr,Suffrage,vdem_electoral,instr-antiplural_w10_trt-polyarchy_gapany_illibany_covlp_exclyr,polyarchy_decline,1133,388,0.02701162728393688,0.31930121054341104,1133,388,8.602945531219634e-4,0.00698197993118124,0.901935725468115,0.07935392202127944,0.30696102706644773,0.7960097451699009,20.729037501261217,Z_Y_suffr
10,polyarchy_decline,Y_freexp,Expression & alt. info,vdem_electoral,instr-antiplural_w10_trt-polyarchy_gapany_illibany_covlp_exclyr,polyarchy_decline,1133,388,0.02701162728393688,0.31930121054341104,1133,388,-0.0187989733389944,0.02574549837595573,0.46527719063443024,-0.8749071273427118,1.05489027713532,0.406888219554859,18.666076070544616,Z_Y_freexp
10,polyarchy_decline,Y_cl_rol,Rule of law,vdem_liberal,instr-antiplural_w10_trt-polyarchy_gapany_illibany_covlp_exclyr,polyarchy_decline,1133,388,0.02701162728393688,0.31930121054341104,1133,388,-0.01682697788960275,0.0215890348980839,0.4357309194002263,-0.8888591236719384,1.265311122531096,0.4823782114922001,18.87879770219191,Z_Y_cl_rol
10,polyarchy_decline,Y_cspart,Civil society,vdem_particip,instr-antiplural_w10_trt-polyarchy_gapany_illibany_covlp_exclyr,polyarchy_decline,1133,388,0.02701162728393688,0.31930121054341104,1133,388,-0.00394608221692616,0.01989676831519237,0.8427886051708631,-0.06464225361434675,1.3998071183854213,0.9631672609347888,19.655897411097385,Z_Y_cspart
10,polyarchy_decline,Y_dd,Direct democracy,vdem_particip,instr-antiplural_w10_trt-polyarchy_gapany_illibany_covlp_exclyr,polyarchy_decline,1133,388,0.02701162728393688,0.31930121054341104,1133,388,0.02267230059870274,0.02210064553910237,0.304954755962047,1.0624444645350366,1.9498476677826344,0.5858320073456851,20.39156374852423,Z_Y_dd
10,polyarchy_decline,Y_locelec,Local elections,vdem_particip,instr-antiplural_w10_trt-polyarchy_gapany_illibany_covlp_exclyr,polyarchy_decline,1133,388,0.02701162728393688,0.31930121054341104,1116,380,-0.01809793587577757,0.03012699623653561,0.5480254632014755,-0.5326090365444324,1.0805245766532086,0.6220711669799768,18.31637829930019,Z_Y_locelec
10,polyarchy_decline,Y_regelec,Regional elections,vdem_particip,instr-antiplural_w10_trt-polyarchy_gapany_illibany_covlp_exclyr,polyarchy_decline,1133,388,0.02701162728393688,0.31930121054341104,1132,388,-0.04150554673300627,0.03505253882090664,0.23637533746025005,-2.239490410609405,3.1990922275973803,0.4839027368395726,21.460322923289382,Z_Y_regelec
10,polyarchy_decline,Y_delib,Deliberation,vdem_egal_delib,instr-antiplural_w10_trt-polyarchy_gapany_illibany_covlp_exclyr,polyarchy_decline,1133,388,0.02701162728393688,0.31930121054341104,1133,388,-0.01130683534132539,0.02607206354229049,0.6645235389597679,-0.40139104223121275,1.3461333831322668,0.7655652242567448,21.60331918880211,Z_Y_delib
10,polyarchy_decline,Y_eqprotec,Equal protection,vdem_egal_delib,instr-antiplural_w10_trt-polyarchy_gapany_illibany_covlp_exclyr,polyarchy_decline,1133,388,0.02701162728393688,0.31930121054341104,1133,388,0.01037487631754005,0.01424979631768447,0.4665695724696992,0.23642135610110565,1.0266591236750953,0.8178724652280058,21.97895850112166,Z_Y_eqprotec
10,polyarchy_decline,Y_eqaccess,Equal access,vdem_egal_delib,instr-antiplural_w10_trt-polyarchy_gapany_illibany_covlp_exclyr,polyarchy_decline,1133,388,0.02701162728393688,0.31930121054341104,1133,388,-0.00181998782961362,0.01549342667941989,0.9064888946831064,-0.30255477447391266,0.7331829192540701,0.6798562237493451,22.033812193304055,Z_Y_eqaccess
10,polyarchy_decline,Y_eqdr,Equal distribution,vdem_egal_delib,instr-antiplural_w10_trt-polyarchy_gapany_illibany_covlp_exclyr,polyarchy_decline,1133,388,0.02701162728393688,0.31930121054341104,1133,388,-0.00848553988736257,0.01433995758884831,0.5540240816642927,-0.42339694419664897,0.5510070263420175,0.4422461902878168,22.080521868962933,Z_Y_eqdr
