country_name,ep_start,ep_end,outcome_label,prch_label,bermeo_category_primary,bermeo_category_secondary,precise_start_date,precise_end_date,precipitating_event,consequential_events,description,confidence,source_url
Türkiye,1954,1961,Autocracy deepening,No,Executive aggrandizement,Strategic harassment,1954,27 May 1960,"Following the Democrat Party's 1954 re-election (57.6% of votes but 92.8% of seats), Adnan Menderes's government imposed press censorship, jailed journalists, and interfered with the judiciary and universities to entrench one-party dominance.","On 27 May 1960, 38 military officers led by Cemal Gürsel staged a coup, arresting the Menderes government; Menderes and two ministers were executed 16-17 September 1961, a new constitution passed by referendum on 9 July 1961, and elections on 15 October 1961 restored civilian multiparty rule.","Adnan Menderes's Democrat Party government progressively used censorship, arrests of journalists, and pressure on courts and universities to suppress opposition through the late 1950s, prompting a May 1960 military coup that toppled and later executed Menderes, followed by a new constitution and 1961 elections.",Medium,https://en.wikipedia.org/wiki/Adnan_Menderes; https://en.wikipedia.org/wiki/1960_Turkish_coup_d'etat
Indonesia,1957,1966,Autocracy deepening,No,Executive coup,Promissory coup,5 July 1959,11 March 1966,"President Sukarno issued Presidential Decree No. 150 of 1959, unilaterally dissolving the elected Constituent Assembly and reinstating the powerful-executive 1945 Constitution, formally ending parliamentary democracy and launching ""Guided Democracy.""","After the failed 30 September Movement coup attempt against army generals (1 October 1965) was crushed by General Suharto, Sukarno signed the ""Supersemar"" order on 11 March 1966 transferring emergency powers to Suharto, who immediately banned the PKI; Suharto became acting president in March 1967 and full president in March 1968.","Sukarno's 1959 decree scrapped the elected Constituent Assembly in favor of a president-centric ""Guided Democracy,"" banning parties like Masyumi. This system collapsed in the crisis following the September 1965 attempted coup, which General Suharto exploited to sideline Sukarno via the March 1966 Supersemar transfer of power, ultimately installing himself as president by 1968.",High,https://en.wikipedia.org/wiki/Guided_Democracy_in_Indonesia; https://en.wikipedia.org/wiki/30_September_Movement
Ghana,1958,1966,Autocracy deepening,No,Executive aggrandizement,Strategic harassment,July 1958,24 February 1966,"In July 1958, Nkrumah's government enacted the Preventive Detention Act, permitting detention without trial for up to five years, used to jail opposition politicians and consolidate CPP dominance.","A 1964 referendum made the CPP the sole legal party and Nkrumah president for life; worsening economic conditions and repression culminated in the 24 February 1966 ""Operation Cold Chop"" military coup while Nkrumah was abroad, with the new National Liberation Council dissolving the CPP and Parliament and suspending the constitution.",Kwame Nkrumah progressively dismantled Ghana's democratic checks via the 1958 Preventive Detention Act and a 1964 referendum making Ghana a one-party state with himself as president for life. Economic mismanagement and military discontent led to his February 1966 overthrow.,High,https://en.wikipedia.org/wiki/Convention_People's_Party; https://en.wikipedia.org/wiki/1966_Ghanaian_coup_d'etat
Iraq,1958,1968,Autocracy deepening,No,Open-ended coup,NA,14 July 1958,17 July 1968,"On 14 July 1958, the Free Officers led by Brigadier Abd al-Karim Qasim overthrew and killed King Faisal II, Crown Prince Abd al-Ilah, and PM Nuri al-Said, ending the Hashemite monarchy and founding the Republic of Iraq.","After a further coup in November 1963 unseated Qasim's Ba'athist-Nasserist successors, a final coup on 17 July 1968 led by Ahmed Hassan al-Bakr seized key government and military installations, establishing the Revolutionary Command Council and inaugurating over three decades of Ba'ath Party rule.","Iraq's 1958-1968 decade was marked by a cascade of military coups d'etat, each replacing one authoritarian regime with another rather than restoring competitive politics.",High,https://en.wikipedia.org/wiki/14_July_Revolution; https://en.wikipedia.org/wiki/17_July_Revolution
Burma/Myanmar,1958,1963,Autocracy deepening,No,Promissory coup,Open-ended coup,28 October 1958,4 July 1962,"Amid an AFPFL party split and political instability, Prime Minister U Nu invited army Chief of Staff Ne Win to form a ""caretaker government"" on 28 October 1958, promising to restore order and hold new elections.","Ne Win's caretaker government held elections in February 1960 and returned power to civilians, but on 2 March 1962 Ne Win staged a second, permanent coup, abolishing parliament and the constitution; by 4 July 1962 all other parties were banned in favor of the sole legal Burma Socialist Programme Party.","Burma's parliamentary system was first interrupted in October 1958 when U Nu handed power to General Ne Win's ""caretaker government"" (a promissory coup that did restore elections in 1960). Ne Win seized power again permanently on 2 March 1962, abolishing the constitution and parliament outright.",High,https://en.wikipedia.org/wiki/Ne_Win's_First_Cabinet; https://en.wikipedia.org/wiki/1962_Burmese_coup_d'etat
Cuba,1959,1961,Autocracy deepening,No,Other/unclear,NA,1 January 1959,2 December 1961,"Facing defeat by Fidel Castro's 26th of July Movement guerrillas, dictator Fulgencio Batista fled Cuba on 1 January 1959; Castro's forces entered Havana on 7-8 January and Castro became Prime Minister by mid-February 1959.","Through 1959-61 the revolutionary government nationalized private industry and land, postponed promised elections, and merged rival factions into the Integrated Revolutionary Organizations; Castro declared Cuba a socialist state on 1 May 1961 and publicly proclaimed himself Marxist-Leninist in December 1961.","This episode captures a revolutionary transfer of power between two non-democratic regimes rather than backsliding from democracy: Castro's guerrilla movement toppled the Batista dictatorship, then progressively consolidated one-party communist rule.",Medium,https://en.wikipedia.org/wiki/Timeline_of_the_Cuban_Revolution
Laos,1959,1965,Autocracy deepening,No,Open-ended coup,NA,December 1959,February 1965,"On 25 December 1959, General Phoumi Nosavan staged a bloodless coup in Vientiane, deploying tanks and paratroopers to seize effective control of government days after PM Phoui Sananikone had dropped Phoumi and other CDNI-aligned ministers from the cabinet.","A cycle of coups and counter-coups followed (Kong Le 1960, Phoumi's CIA-backed counter-coup and the Battle of Vientiane December 1960); Phoumi's final coup attempt collapsed by early February 1965 when General Kouprasith Abhay crushed it and forced Phoumi into exile in Thailand.","Laos's fragile constitutional monarchy was repeatedly seized by rival military factions between 1959 and 1965, entrenching military power over civilian government.",Medium,https://en.wikipedia.org/wiki/Phoui_Sananikone; https://en.wikipedia.org/wiki/1965_Laotian_coups
Ecuador,1960,1964,Autocracy deepening,No,Open-ended coup,NA,November 1961,1964,"On 7 November 1961, the military forced elected President Jose Maria Velasco Ibarra from office after he ordered arrest of his own vice president amid a tax-hike crisis, installing Vice President Carlos Julio Arosemena Monroy as constitutional successor.","Arosemena was overthrown on 11 July 1963 by a military junta led by Ramon Castro Jijon, which declared martial law and outlawed the Communist Party; the junta ruled by decree through 1964 amid harsh austerity measures.",Ecuador underwent two military coups in under three years that entrenched direct military rule and pursued unpopular austerity policies deepening authoritarian control through 1964.,Medium,https://en.wikipedia.org/wiki/Carlos_Julio_Arosemena_Monroy
South Korea,1961,1962,Autocracy deepening,No,Open-ended coup,Executive aggrandizement,May 1961,December 1962,"In the early morning of 16 May 1961, Major General Park Chung-hee led military units to seize Seoul, dissolving the National Assembly, imposing martial law, and ousting the elected government of PM Chang Myon and President Yun Posun.","The junta's Supreme Council for National Reconstruction consolidated control and drafted a new constitution, approved in a referendum on 17 December 1962 with over 78% support, paving the way for Park to convert military rule into a tightly controlled presidency.","Park Chung-hee's May 1961 coup toppled South Korea's fledgling Second Republic democracy, replacing it with military rule; the junta engineered a new constitution via referendum to legitimize Park's continued dominance.",High,https://en.wikipedia.org/wiki/May_16_coup
Nepal,1961,1961,Autocracy deepening,No,Open-ended coup,Executive aggrandizement,December 1960,December 1962,"On 15 December 1960, King Mahendra used the Royal Nepalese Army to seize power, dismissing and imprisoning PM B.P. Koirala and his cabinet, dissolving the elected Parliament, and abrogating Nepal's 1959 constitution.","Mahendra announced the partyless Panchayat system in 1961, then formalized the new order via the Constitution of Nepal, 1962, which outlawed political parties and vested ultimate authority in the king.","King Mahendra's palace coup dissolved Nepal's first democratically elected government, replacing multiparty parliamentary democracy with direct royal rule institutionalized via the 1962 constitution.",High,https://en.wikipedia.org/wiki/1960_Nepal_coup_d'etat
Argentina,1962,1962,Autocracy deepening,No,Open-ended coup,NA,March 1962,1962,"After the ruling Radicals lost heavily to Peronist-backed candidates in March 1962 provincial elections, army officers annulled the elections and forced elected President Arturo Frondizi from office and into detention on 29 March 1962.","Senate President Jose Maria Guido was installed as a provisional civilian president under military tutelage; his government kept the Peronist party proscribed from politics, continuing through the 1963 elections.","Army officers annulled provincial elections showing Peronist gains and ousted elected President Frondizi, installing a military-controlled civilian figurehead and continuing the proscription of Peronism.",High,https://en.wikipedia.org/wiki/Arturo_Frondizi
Republic of the Congo,1962,1968,Autocracy deepening,No,Executive aggrandizement,Open-ended coup,August 1962,September 1968,"Building on a March 1961 constitution stripping the National Assembly of its power to unseat the government, President Fulbert Youlou announced in August 1962 plans to merge Congo's parties into a single ruling party.","Youlou's push for one-party rule triggered a popular uprising forcing his resignation in 1963; successor Alphonse Massamba-Debat declared one-party rule by July 1964, before he too was overthrown by the military on 4 September 1968.","The Republic of Congo's brief pluralist period gave way to entrenched one-party autocracy across the 1960s, culminating in a 1968 military coup installing Ngouabi's Marxist-Leninist regime.",Medium,https://en.wikipedia.org/wiki/Fulbert_Youlou; https://en.wikipedia.org/wiki/Alphonse_Massamba-Debat
Greece,1962,1968,Autocracy deepening,No,Election-day fraud,Open-ended coup,29 October 1961,September 1968,"The 1961 Greek legislative election was marred by widespread fraud and intimidation orchestrated by the army and ""parakratos"" deep-state network under a plan codenamed ""Pericles,"" becoming known as the ""elections of violence and fraud.""","The 1965 royal Apostasia crisis destabilized parliamentary rule; on 21 April 1967 colonels led by Papadopoulos seized power in a coup, and the junta cemented its rule via a controlled September 1968 constitutional referendum.","Greece's slide into military dictatorship began with the fraudulent 1961 election and the political paralysis it caused, culminating in the 21 April 1967 coup by right-wing colonels who abolished parliamentary democracy.",Medium,https://en.wikipedia.org/wiki/1961_Greek_legislative_election; https://en.wikipedia.org/wiki/Greek_military_junta_of_1967-74
Central African Republic,1963,1966,Autocracy deepening,No,Executive aggrandizement,Open-ended coup,December 1963,1 January 1966,"In December 1963 the CAR's National Assembly formally adopted a constitutional amendment entrenching a strong seven-year presidency, followed by Dacko's unopposed re-election on 5 January 1964.","On the night of 31 December 1965/1 January 1966, army commander Jean-Bedel Bokassa staged the bloodless Saint-Sylvestre coup, invalidating the 1959 constitution and dissolving the National Assembly.","David Dacko converted the CAR into a one-party state, entrenching presidential power via constitutional amendment; this executive aggrandizement set the stage for Bokassa's New Year's Eve 1965 coup.",Medium,https://en.wikipedia.org/wiki/Saint-Sylvestre_coup_d'etat
Syria,1963,1970,Autocracy deepening,No,Open-ended coup,NA,8 March 1963,13 November 1970,"On 8 March 1963, the clandestine Military Committee of the Syrian Ba'ath Party seized power in the ""March 8 Revolution"" coup, ending Syria's post-colonial democratic experimentation and purging 90% of the officer corps.","Intra-Ba'athist rivalry produced further upheavals; on 13 November 1970 Defense Minister Hafez al-Assad staged the bloodless ""Corrective Movement"" coup against Salah Jadid, later purging the ""Old Guard"" and consolidating durable personal dictatorship.","Beginning with the March 1963 Ba'athist coup, Syria underwent a chain of military coups and purges that eliminated its brief democratic era, ending with Hafez al-Assad's November 1970 Corrective Movement establishing the durable Assad-family dictatorship.",High,https://en.wikipedia.org/wiki/1963_Syrian_coup_d'etat; https://en.wikipedia.org/wiki/Corrective_Movement_(Syria)
Togo,1963,1968,Autocracy deepening,No,Open-ended coup,NA,13 January 1963,14 April 1967,"On 13 January 1963, former French army NCOs led by Emmanuel Bodjolle, Etienne Eyadema, and Kleber Dadjo seized government buildings in Lome and assassinated President Sylvanus Olympio.","The 1963 plotters installed civilian Nicolas Grunitzky, but on 13 January 1967 Eyadema staged a second coup ousting Grunitzky, banning parties and suspending the constitution; he formally assumed the presidency 14 April 1967.","Togo's first president was assassinated in a 1963 military coup that installed a civilian government, itself toppled in a 1967 coup by Eyadema, who became president in April 1967, entrenching decades of one-man military rule.",High,https://en.wikipedia.org/wiki/1963_Togolese_coup_d'etat; https://en.wikipedia.org/wiki/1967_Togolese_coup_d'etat
Uruguay,1963,1974,Democratic breakdown,Yes,Executive coup,Executive aggrandizement,June 1968,27 June 1973,"President Jorge Pacheco Areco declared a state of emergency in June 1968 amid unrest over his wage/price freeze, beginning a pattern of rule-by-emergency-decree against labor and the Tupamaros.","On 27 June 1973 President Juan Maria Bordaberry dissolved the General Assembly, suspended the constitution, banned trade unions, and ruled by decree with a military-dominated National Security Council, inaugurating the 1973-1985 civic-military dictatorship.","Beginning with Pacheco Areco's emergency security powers against labor unrest in the late 1960s, Uruguay's elected government progressively ceded authority to the military, completed by Bordaberry's June 1973 self-coup dissolving Congress.",Medium,https://en.wikipedia.org/wiki/1973_Uruguayan_coup_d'etat; https://en.wikipedia.org/wiki/Juan_Maria_Bordaberry
Republic of Vietnam,1963,1964,Autocracy deepening,No,Open-ended coup,NA,1-2 November 1963,30 January 1964,"On 1-2 November 1963, ARVN generals led by Duong Van Minh, with CIA foreknowledge, launched a coup that arrested and summarily executed President Ngo Dinh Diem and his brother Ngo Dinh Nhu, ending Diem's autocratic family rule amid the Buddhist crisis.","The Minh-led junta proved unstable; before dawn on 30 January 1964, General Nguyen Khanh staged a bloodless coup ousting Minh's junta without firing a shot.","South Vietnam's autocratic trajectory deepened when a CIA-backed coup killed President Diem in November 1963, replacing his personalist dictatorship with a military junta that was itself overthrown within three months.",High,https://en.wikipedia.org/wiki/Arrest_and_assassination_of_Ngo_Dinh_Diem; https://en.wikipedia.org/wiki/January_1964_South_Vietnamese_coup
Benin,1964,1966,Autocracy deepening,No,Open-ended coup,Other/unclear,27 November 1965,22 December 1965,"General Christophe Soglo, who first seized power in an October 1963 coup before handing the presidency to civilian leader Sourou-Migan Apithy in January 1964, staged a second coup on 27 November 1965 removing the fractious Apithy-Ahomadegbe power-sharing government.","A caretaker presidency under Tahirou Congacou gave way when Soglo formally installed himself as President of Dahomey on 22 December 1965, ruling through a military government until younger officers ousted him in December 1967.","Dahomey's fragile post-1963 civilian coalition collapsed under mutual distrust, prompting army chief Soglo to seize power outright in November 1965 rather than merely broker a transition as in 1963.",Medium,https://en.wikipedia.org/wiki/Christophe_Soglo
Bolivia,1964,1965,Autocracy deepening,No,Open-ended coup,NA,3 November 1964,1965,"Vice President Rene Barrientos and Army commander Alfredo Ovando Candia launched a military uprising on 3 November 1964; by the evening all major military units backed the coup, and President Victor Paz Estenssoro was forced into exile in Lima.","Barrientos and Ovando ruled jointly as a military junta through 1965, suppressing striking miners and leftist opposition, entrenching military control that persisted until Barrientos's death in a 1969 helicopter crash.","Vice President Barrientos turned against President Paz Estenssoro alongside army chief Ovando amid escalating labor unrest, launching an open military uprising that exiled the elected president within 24 hours.",High,https://en.wikipedia.org/wiki/1964_Bolivian_coup_d'etat
Brazil,1964,1965,Autocracy deepening,No,Open-ended coup,Executive aggrandizement,31 March 1964,27 October 1965,"General Olimpio Mourao Filho launched a military rebellion in Minas Gerais on 31 March 1964; within two days the military controlled the country, Congress declared the presidency vacant, and President Joao Goulart went into exile on 4 April.","Congress installed coup leader General Humberto Castelo Branco as president; Institutional Act No. 2, issued 27 October 1965, abolished all existing political parties and imposed indirect elections, cementing military-dominated rule.","A military rebellion against elected President Goulart escalated into a full ouster within days, installing a military-controlled presidency that within 18 months dissolved the party system entirely, launching the 1964-1985 military dictatorship.",High,https://en.wikipedia.org/wiki/1964_Brazilian_coup_d'etat
Dominican Republic,1964,1964,Autocracy deepening,No,Other/unclear,Executive aggrandizement,27 June 1964,31 December 1964,"The last remaining civilian member of the 1963 Triumvirate, Manuel Enrique Tavares Espaillat, resigned on 27 June 1964 amid continued repression of supporters of ousted elected president Juan Bosch, leaving Donald Reid Cabral as unelected de facto ruler.","Reid Cabral governed by decree for the remainder of 1964 without any election in prospect, imposing unpopular austerity measures and purging military officers not personally loyal to him.","Following the 1963 coup that overthrew Bosch, the ruling civilian junta disintegrated in 1964, leaving Reid Cabral as sole de facto strongman by controlling the security forces; this personalist consolidation set the stage for the 1965 civil war.",Low,https://en.wikipedia.org/wiki/Second_Triumvirate_(Dominican_Republic)
Mali,1964,1969,Autocracy deepening,No,Executive aggrandizement,Open-ended coup,22 August 1967,19 November 1968,"President Modibo Keita launched the ""Active Revolution"" on 22 August 1967, suspending the constitution and National Assembly and creating the National Committee for the Defense of the Revolution to rule by decree.","Amid economic hardship, Lieutenant Moussa Traore led a bloodless military coup on 19 November 1968 that overthrew and imprisoned Keita; Traore's junta promised elections that never materialized and he formally became president in 1969.","Keita's already-authoritarian one-party regime deepened further in 1967 under the ""Active Revolution,"" culminating in Traore's November 1968 coup that overthrew Keita entirely and installed a military junta.",High,https://en.wikipedia.org/wiki/Modibo_Keita; https://en.wikipedia.org/wiki/1968_Malian_coup_d'etat
Panama,1964,1969,Autocracy deepening,No,Open-ended coup,NA,11 October 1968,23 February 1969,"National Guard officers led by Major Boris Martinez staged a coup on 11 October 1968, deposing democratically elected President Arnulfo Arias just ten days after his inauguration, suspending civil rights and installing a Provisional Junta.","An internal power struggle culminated on 23 February 1969, when Lt. Col. Omar Torrijos exiled rival strongman Boris Martinez, consolidating personal control over the National Guard and inaugurating a personalist military dictatorship lasting until 1989.","Arnulfo Arias was deposed by the National Guard within days of taking office; a subsequent power struggle within the junta left Omar Torrijos as sole military strongman by early 1969, beginning two decades of military dictatorship in Panama.",High,https://en.wikipedia.org/wiki/1968_Panamanian_coup_d'etat
Somalia,1964,1970,Autocracy deepening,No,Open-ended coup,Election-day fraud,March 1969,1970,"The March 1969 parliamentary elections were fraud-ridden and violent, with more than 25 people killed in election-related violence amid widespread allegations of fraud, deepening perceptions that the ruling Somali Youth League was becoming authoritarian.","President Abdirashid Ali Shermarke was assassinated on 15 October 1969; six days later General Siad Barre's Supreme Revolutionary Council seized power, dissolved parliament and the Supreme Court, and in 1970 declared Somalia a one-party socialist state.","Somalia's slide into military dictatorship began with the fraudulent 1969 election, followed by Shermarke's assassination and Barre's coup, beginning 21 years of military dictatorship.",High,https://en.wikipedia.org/wiki/1969_Somali_coup_d'etat
Zanzibar,1964,1964,Autocracy deepening,No,Open-ended coup,Other/unclear,January 1964,April 1964,"On 12 January 1964, 600-800 mainly African men led by John Okello launched an armed uprising that overthrew Sultan Jamshid bin Abdullah and his Arab-dominated government just a month after independence.","The new revolutionary government banished the Sultan, banned the opposition ZNP and ZPPP parties, installed Abeid Karume as President, and merged Zanzibar with Tanganyika in April 1964 to form Tanzania.","A popular armed uprising overthrew Zanzibar's Sultan and installed a revolutionary one-party government, which soon merged with Tanganyika to form Tanzania.",Medium,https://en.wikipedia.org/wiki/Zanzibar_Revolution
Burundi,1965,1967,Autocracy deepening,No,Open-ended coup,Executive coup,October 1965,November 1966,"A failed Hutu-officer coup attempt on 18-19 October 1965 opened a period of military instability that culminated on 8 July 1966, when Crown Prince Ndizeye's forces ousted PM Leopold Biha's government, suspended the constitution, and installed Ndizeye as King Ntare V with Michel Micombero as premier.","On 28 November 1966, PM Micombero ousted King Ntare V in a second coup, declared an end to the monarchy, and became the first President of the new Republic of Burundi.","A series of coups (1965, July 1966, November 1966) ended Burundi's monarchy and installed Micombero's republic under military-backed rule.",High,https://en.wikipedia.org/wiki/November_1966_Burundian_coup_d'etat
Burkina Faso,1965,1967,Autocracy deepening,No,Open-ended coup,Strategic harassment,January 1966,1967,"President Maurice Yameogo's government announced an austerity budget in December 1965 cutting salaries and raising taxes, then declared a state of emergency and deployed troops against a threatened general strike, provoking mass unrest.","Rank-and-file soldiers refused to fire on protesters, allowing Lt. Col. Sangoule Lamizana to force Yameogo's resignation, suspend the constitution, dissolve the National Assembly, and install a military-dominated council which continued consolidating control through 1967.","President Yameogo's austerity measures triggered mass unrest that the military used as pretext to intervene, installing Lamizana's military government.",Medium,https://en.wikipedia.org/wiki/1966_Upper_Voltan_coup_d'etat
Democratic Republic of the Congo,1965,1966,Autocracy deepening,No,Promissory coup,Executive aggrandizement,November 1965,1966,"A political impasse in which PM-designate Evariste Kimba lost a no-confidence vote but was reappointed anyway by President Kasa-Vubu caused governmental paralysis that Gen. Joseph Mobutu used to seize power on 25 November 1965, canceling scheduled elections while pledging to restore democracy.","Mobutu assumed near-dictatorial powers, framing his takeover as a five-year caretaker mission to restore democratic order -- a promise he never honored -- and by 1966 had abolished the prime ministership.","Mobutu's 1965 coup was explicitly framed as a temporary restoration of order with a promise to return to democracy within five years, a promise he abandoned, entrenching one-man rule.",High,https://en.wikipedia.org/wiki/Second_Mobutu_coup_d'etat
Algeria,1965,1966,Autocracy deepening,No,Open-ended coup,Executive aggrandizement,June 1965,1966,"On 19 June 1965, Defense Minister Col. Houari Boumedienne and allied army officers arrested President Ahmed Ben Bella in a bloodless pre-dawn coup, ending Ben Bella's increasingly personalist rule.","Boumedienne installed himself as Chairman of a new Revolutionary Council and by mid-1966 had reorganized the ruling FLN party, consolidating one-party military-backed rule with Ben Bella under house arrest until 1980.",Boumedienne's bloodless 1965 coup ousted Ben Bella and consolidated military-backed one-party rule in Algeria.,High,https://en.wikipedia.org/wiki/1965_Algerian_coup_d'etat
Argentina,1966,1967,Democratic breakdown,Yes,Open-ended coup,Executive aggrandizement,June 1966,1970,"General Juan Carlos Ongania led the ""Argentine Revolution,"" a military coup on 28 June 1966 that overthrew democratically elected President Arturo Illia, dissolved Congress, and banned all political parties, explicitly rejecting the label of a ""provisional government.""","The regime consolidated authoritarian rule via repression such as the ""Night of the Long Batons"" crackdown on university autonomy; Ongania was forced to resign in 1970 after the 1969 Cordobazo uprising.","General Ongania's 1966 coup ended Argentina's civilian constitutional government and installed an explicitly permanent military dictatorship, banning parties and shutting Congress.",High,https://en.wikipedia.org/wiki/Argentine_Revolution
Philippines,1966,1973,Autocracy deepening,No,Executive coup,Executive aggrandizement,September 1972,January 1973,"President Ferdinand Marcos, first elected 1965 and reelected 1969, signed Proclamation No. 1081 and announced martial law on 23 September 1972, suspending civil and political rights, abolishing Congress, and arresting opposition figures.","A Marcos-dominated Constitutional Convention approved a new charter, ratified by a lopsided plebiscite (95.27% in favor) in January 1973 via citizens' assemblies, formally entrenching Marcos's one-man rule; martial law was not lifted until 1981.","Marcos gradually centralized power before declaring martial law in September 1972, abolishing Congress and banning parties; a lopsided 1973 plebiscite cemented his authoritarian rule for over a decade.",High,https://en.wikipedia.org/wiki/Martial_law_under_Ferdinand_Marcos
Uganda,1966,1972,Autocracy deepening,No,Executive coup,Open-ended coup,February 1966,1972,"On 22 February 1966 PM Milton Obote had five cabinet ministers arrested, then suspended Uganda's 1962 constitution and assumed all executive powers; a new ""Revolutionary"" constitution was pushed through parliament under military guard on 15 April 1966, abolishing the federal structure.","General Idi Amin overthrew Obote in a military coup on 25 January 1971 while Obote was abroad; Amin then purged roughly 5,000 soldiers from the Lango and Acholi ethnic groups by 1972, entrenching a more violent military dictatorship.","PM Obote's 1966 self-coup suspended Uganda's constitution and abolished the federal system, followed by Idi Amin's January 1971 military coup against Obote, which triggered further violent authoritarian consolidation.",Medium,https://en.wikipedia.org/wiki/Milton_Obote
Sierra Leone,1967,1968,Autocracy deepening,No,Promissory coup,Open-ended coup,March 1967,April 1968,"Following the 17 March 1967 general election in which Siaka Stevens' opposition APC narrowly defeated the incumbent SLPP, Brigadier David Lansana staged a coup hours after Stevens was sworn in, arresting him and annulling the election result.","Dissenting officers arrested Lansana two days later and formed the National Reformation Council under Andrew Juxon-Smith, which vowed to restore democracy but ruled by decree for over a year until the 18 April 1968 ""Sergeants' Coup"" installed Siaka Stevens as elected PM.","A narrow opposition election win in March 1967 triggered a coup that annulled the results, then a countercoup, before a final 1968 coup finally seated the elected Stevens government.",High,https://en.wikipedia.org/wiki/1967_Sierra_Leonean_coups_d'etat
Guyana,1968,1974,Autocracy deepening,No,Strategic harassment,Election-day fraud,1968,January 1969,"In the run-up to Guyana's 16 December 1968 general election, PM Forbes Burnham's PNC government, which controlled the electoral machinery, padded voter rolls and manipulated an opaque overseas/postal ballot process to manufacture a parliamentary majority despite Cheddi Jagan's PPP likely winning the domestic vote.",The fraud handed the PNC 30 of 53 seats and its first outright majority; it was exposed in two Granada Television documentaries and set the template for further rigged elections that entrenched PNC one-party dominance through the 1970s.,"Guyana's 1968 election was rigged by the incumbent PNC through voter-roll padding and overseas-ballot manipulation, converting a likely loss into a majority and entrenching one-party rule.",Medium,https://en.wikipedia.org/wiki/1968_Guyanese_general_election
Peru,1968,1969,Autocracy deepening,No,Open-ended coup,NA,October 1968,1969,"In the early hours of 3 October 1968, General Juan Velasco Alvarado led an armored assault on the presidential palace, deposed and exiled elected President Fernando Belaunde amid an oil-contract scandal, and installed a military junta.","Within days the junta nationalized IPC's oil fields, defusing public opposition, and by 1969 was implementing a sweeping state-led ""Peruvian Revolution"" program including agrarian reform, confirming permanent revolutionary rule; the junta held power until 1980.","General Velasco's bloodless coup ousted elected President Belaunde, triggered by a disputed oil contract scandal; rather than promising elections, the junta declared a permanent revolutionary program.",High,https://en.wikipedia.org/wiki/1968_Peruvian_coup_d'etat
Lesotho,1969,1971,Autocracy deepening,No,Executive coup,Election-day fraud,30 January 1970,1971,"PM Leabua Jonathan's ruling BNP lost the January 1970 election to Ntsu Mokhehle's BCP; before results were finalized, Jonathan declared a state of emergency, annulled the election, dissolved parliament, and suspended the constitution.","King Moshoeshoe II, who opposed the coup, was forced into exile for most of 1970; Jonathan then ruled by decree without an elected parliament for over a decade, until deposed in the 1986 military coup.","PM Jonathan staged a self-coup after losing the 1970 election, annulling the results and exiling the king who objected, inaugurating 16 years of unelected rule.",High,https://en.wikipedia.org/wiki/1970_Lesotho_coup_d'etat
Malaysia,1969,1970,Autocracy deepening,No,Executive coup,Strategic harassment,13 May 1969,February 1971,"Sino-Malay race riots erupted in Kuala Lumpur after opposition parties made major gains in the 1969 election; the government declared a state of emergency on 15-16 May 1969, suspended Parliament, and created the National Operations Council to rule by decree.","The NOC governed by decree for about 21 months; Parliament reconvened in February 1971, and constitutional amendments entrenched permanent restrictions on public discussion of ""sensitive"" issues even after normal rule resumed.","Following deadly race riots tied to the 1969 election, Malaysia's government suspended Parliament and ruled by emergency decree for 21 months, permanently narrowing political debate even after resumption.",Medium,https://en.wikipedia.org/wiki/13_May_incident
Sudan,1969,1969,Autocracy deepening,No,Open-ended coup,NA,25 May 1969,1969,"Colonel Gaafar Nimeiry led the Free Officers Movement in a bloodless military coup on 25 May 1969, overthrowing the elected government, dissolving parliament, banning political parties, and establishing a Revolutionary Command Council.",The coup ended Sudan's second democratic era and installed Nimeiry as head of a new government; the regime pursued Nasserist Arab nationalism before Nimeiry consolidated one-man military rule that lasted 16 years.,"A group of army officers overthrew Sudan's elected civilian government, ending its second democratic period and beginning 16 years of military-backed autocratic rule.",High,https://en.wikipedia.org/wiki/1969_Sudanese_coup_d'etat
Zambia,1969,1974,Autocracy deepening,No,Executive aggrandizement,Strategic harassment,17 June 1969,December 1973,"In a June 1969 constitutional referendum (85% in favor), Zambia removed the requirement that fundamental-rights amendments be approved by public referendum, allowing amendments via a two-thirds parliamentary majority alone.","In February 1972 Kaunda banned all opposition parties, making UNIP the sole legal party; a new constitution promulgated August 1973 formalized one-party rule, and single-candidate elections in December 1973 cemented one-party executive rule.","Kaunda dismantled Zambia's multiparty system through a sequence of ostensibly legal steps: a 1969 referendum weakening rights protections, a 1972 party ban, and a 1973 one-party constitution.",High,https://en.wikipedia.org/wiki/1969_Zambian_constitutional_referendum
Benin,1970,1973,Autocracy deepening,No,Open-ended coup,NA,7 May 1970,26 October 1972,"Following a disputed 28 March 1970 election that gave regional pluralities to three rival politicians, Dahomey's leaders brokered a compromise on 7 May 1970 establishing a rotating three-person Presidential Council, each to serve two-year terms.","The Council survived a 1972 coup attempt and Maga's peaceful handover to Ahomadegbe-Tometin, but on 26 October 1972 Major Mathieu Kerekou seized power in a military coup, imprisoning all three council members and ending civilian power-sharing.","A fragile 1970 power-sharing arrangement among three rival politicians was toppled in October 1972 when Major Kerekou seized power in a military coup, installing a long-running military dictatorship.",High,https://en.wikipedia.org/wiki/Mathieu_Kerekou
Ecuador,1970,1973,Autocracy deepening,No,Executive coup,Open-ended coup,1970,15 February 1972,"President Jose Maria Velasco Ibarra, elected in 1968, suspended Congress in 1970 and began ruling by decree with military backing, effectively declaring himself dictator.","After Velasco's government promised elections for June 1972 in which populist favorite Assad Bucaram appeared likely to win, the military, anxious to control impending oil revenues, staged a coup on 15 February 1972 led by Gen. Guillermo Rodriguez Lara, arresting Velasco and deporting him to Panama.","Elected president Velasco suspended Congress and ruled by decree, deepening Ecuador's authoritarian drift; when a populist rival seemed poised to win 1972 elections, the military preempted this with a coup.",Medium,https://en.wikipedia.org/wiki/1972_Ecuadorian_coup_d'etat
Cambodia,1970,1975,Autocracy deepening,No,Open-ended coup,Election-day fraud,March 1970,April 1975,"On 18 March 1970, Cambodia's National Assembly voted to withdraw confidence in Head of State Prince Norodom Sihanouk while abroad, following orchestrated demonstrations and pressure from PM Lon Nol; Sihanouk was formally deposed and Lon Nol assumed emergency powers, founding the Khmer Republic.","Lon Nol's 1972 ""re-election"" as president amid widespread fraud allegations entrenched his one-man rule; the Khmer Republic collapsed when Khmer Rouge forces captured Phnom Penh on 17 April 1975, ending the republic.","The National Assembly ousted Sihanouk in March 1970 under military/elite pressure, and Lon Nol established the Khmer Republic, consolidating one-man rule through a fraud-tainted 1972 election before the republic's collapse to the Khmer Rouge in 1975.",High,https://en.wikipedia.org/wiki/1970_Cambodian_coup_d'etat
Sri Lanka,1970,1989,Democratic breakdown,Yes,Executive aggrandizement,Strategic harassment,October 1977,December 1989,"PM J.R. Jayewardene's Second Amendment, passed 4 October 1977, converted the presidency into a powerful executive office he assumed personally in February 1978, and the full 1978 constitution granted the president sweeping, near-dictatorial powers.","A 1982 referendum extended the sitting parliament's term to 1989 rather than holding an election, while an amendment barred Tamil separatist-linked TULF MPs from parliament; Black July 1983 and the 1987-1989 JVP insurrection crackdown involved mass extrajudicial killings.","Jayewardene's 1978 constitution created a powerful executive presidency; a 1982 referendum extended parliament's term without election and banned opposition MPs, while state responses to Tamil militancy and the JVP insurgency involved mass killings, moving Sri Lanka to full authoritarian breakdown by decade's end.",Medium,https://en.wikipedia.org/wiki/J._R._Jayewardene
Equatorial Guinea,1971,1973,Autocracy deepening,No,Executive coup,NA,May 1971,July 1973,"On 7 May 1971, President Francisco Macias Nguema issued Decree 415, repealing parts of the 1968 constitution and granting himself all direct powers of Government, effectively suspending constitutional government; an accompanying law imposed the death penalty for threatening the president.","A new constitution approved by plebiscite on 29 July 1973 (99% approval) enshrined Macias Nguema's absolute power, following a July 1972 decree that had already declared him President for Life and merged all parties into his sole legal party.","Having been freely elected in 1968, Macias Nguema used a series of decrees between 1971 and 1973 to dismantle Equatorial Guinea's constitutional order and install a personalist, one-party dictatorship.",High,https://en.wikipedia.org/wiki/Francisco_Macias_Nguema
India,1971,1975,Democratic breakdown,Yes,Executive coup,Executive aggrandizement,25 June 1975,21 March 1977,"Following the Allahabad High Court's 12 June 1975 ruling that found PM Indira Gandhi guilty of electoral malpractice in her 1971 election and voided her seat, Gandhi had a national Emergency proclaimed just before midnight on 25 June 1975, suspending civil liberties and arresting opposition leaders within hours.","The Emergency, during which the press was censored and opposition figures jailed, was lifted on 21 March 1977 when Gandhi called fresh elections, in which her Congress party was defeated, restoring competitive politics.","PM Gandhi responded to a court ruling invalidating her own election by declaring a national Emergency, suspending constitutional protections and jailing opposition politicians for 21 months before losing the 1977 elections she called.",High,https://en.wikipedia.org/wiki/The_Emergency_(India)
Chile,1972,1974,Democratic breakdown,Yes,Open-ended coup,NA,11 September 1973,December 1974,"On 11 September 1973, a military junta led by General Augusto Pinochet launched a coup against elected President Salvador Allende amid escalating economic crisis and polarization; Allende died during the assault on La Moneda palace.","The junta banned political parties and began repression; Pinochet was proclaimed Supreme Chief of the Nation via decree in June 1974 and formally titled President of the Republic on 17 December 1974, consolidating personal dictatorial power lasting until 1990.",Chile's elected socialist government was overthrown by a September 1973 military coup; Pinochet quickly sidelined the collegial junta structure to concentrate executive power in himself by late 1974.,High,https://en.wikipedia.org/wiki/1973_Chilean_coup_d'etat
Ghana,1972,1973,Autocracy deepening,No,Open-ended coup,NA,13 January 1972,1973,"On 13 January 1972, Colonel Ignatius Kutu Acheampong led a bloodless military coup that overthrew the elected government of PM Kofi Busia while Busia was abroad, suspending the constitution and installing the National Redemption Council.","The NRC ruled by decree through 1973, keeping the constitution suspended, parliament dissolved, and political parties banned, entrenching military rule until reorganized as the Supreme Military Council in 1975.","Ghana's Second Republic ended when Acheampong's coup deposed the elected Busia government in January 1972, suspending the constitution and banning parties, deepening the country's move away from multiparty democracy.",Medium,https://en.wikipedia.org/wiki/Ignatius_Kutu_Acheampong
Madagascar,1972,1973,Autocracy deepening,No,Open-ended coup,Executive aggrandizement,May 1972,October 1972,"Mass ""Rotaka"" protests in May 1972 forced President Philibert Tsiranana to transfer full executive power to army Chief of Staff General Gabriel Ramanantsoa, sidelining the elected civilian government.","An October 1972 referendum abolished the presidency and vested Ramanantsoa with sweeping powers for a five-year military-led transition, formally ending Madagascar's civilian First Republic.","Mass unrest forced Tsiranana to cede power to army chief Ramanantsoa; an October 1972 referendum eliminated the presidency and installed Ramanantsoa as unchecked head of state, ending the First Republic.",Medium,https://en.wikipedia.org/wiki/Gabriel_Ramanantsoa
Seychelles,1972,1978,Autocracy deepening,No,Open-ended coup,Executive aggrandizement,June 1977,June 1979,"On 4-5 June 1977, armed SPUP supporters trained in Tanzania seized strategic sites on Mahe and ousted elected President James Mancham while he was abroad, installing SPUP leader France-Albert Rene as president.","Proclamations of June 1977 suspended and then revoked the constitution, vesting all legislative power in Rene by decree; a new 1979 constitution formalized one-party socialist rule, and Rene won the 1979 election unopposed.","A June 1977 armed coup ousted elected President Mancham and installed Rene, who suspended the constitution before a 1979 constitution formalized single-party rule and unopposed elections.",High,https://en.wikipedia.org/wiki/1977_Seychellois_coup_d'etat
Honduras,1973,1973,Autocracy deepening,No,Open-ended coup,NA,December 1972,April 1975,"On 2 December 1972, General Oswaldo Lopez Arellano led a bloodless military coup that overthrew elected civilian President Ramon Ernesto Cruz, placing him under house arrest and ending Honduras's brief democratic interlude.","Lopez Arellano ruled by decree via a three-member military Defense Council; he was himself ousted in an internal military coup in April 1975 amid bribery allegations, with no return to elected civilian rule.",A bloodless military coup overthrew elected President Cruz and restored military rule; Lopez Arellano governed by decree until being removed in a subsequent internal military coup in April 1975.,High,https://en.wikipedia.org/wiki/1972_Honduran_coup_d'etat
Rwanda,1973,1974,Autocracy deepening,No,Open-ended coup,NA,July 1973,1975,"On 5 July 1973, Army Chief of Staff Juvenal Habyarimana seized power in a military coup against President Gregoire Kayibanda, ousting the ruling Parmehutu party.","Military rule continued until 1975, when Habyarimana founded the MRND as Rwanda's sole legal party; a 1978 constitutional referendum formalized a one-party totalitarian state that he led unopposed through subsequent elections.",A July 1973 coup deposed President Kayibanda; Habyarimana then built a one-party totalitarian state via the MRND and a 1978 constitutional referendum.,High,https://en.wikipedia.org/wiki/Juvenal_Habyarimana
Eswatini,1973,1974,Autocracy deepening,No,Executive coup,NA,April 1973,1978,"On 12 April 1973, King Sobhuza II repealed Swaziland's Westminster-style independence constitution and dissolved parliament by royal decree, banning political parties and assuming absolute personal rule.","Sobhuza ruled by decree from 1973 until a 1978 constitution introduced the tinkhundla system of tribal councils, formalizing indirect royal control over representation and ending multiparty competition.","King Sobhuza II unilaterally repealed the independence-era constitution and dissolved parliament, banning parties and ruling as absolute monarch until the 1978 tinkhundla constitution.",High,https://en.wikipedia.org/wiki/Sobhuza_II
Bahrain,1974,1976,Autocracy deepening,No,Executive coup,NA,August 1975,Ongoing,"On 28 August 1975, Emir Isa bin Salman Al Khalifa dissolved Bahrain's elected National Assembly after it refused to pass the government's proposed State Security Law, suspending the parliamentary provisions of the 1973 constitution.","Bahrain was governed by Emiri decree without an elected legislature for the remainder of Isa bin Salman's reign; the parliamentary system was never restored in his lifetime, with an elected legislature not reintroduced until 2002.","The Emir dissolved Bahrain's newly elected National Assembly after it blocked his State Security Law, suspending constitutional parliamentary rule for decades.",High,https://en.wikipedia.org/wiki/Isa_bin_Salman_Al_Khalifa
Argentina,1975,1977,Autocracy deepening,No,Open-ended coup,NA,November 1975,March 1976,President Isabel Peron declared a state of siege on 6 November 1975 suspending constitutional guarantees amid escalating guerrilla violence and the assassination of the Buenos Aires police chief.,"On 24 March 1976 (Operation Aries) the armed forces arrested President Isabel Peron and installed a military junta led by Videla, formally named president 29 March 1976, launching the ""Process of National Reorganization.""","Isabel Peron's presidency, marked by state-of-siege repression and economic collapse, was overthrown by an open military coup in March 1976 installing a hardline dictatorship under Videla.",High,https://en.wikipedia.org/wiki/1976_Argentine_coup_d'etat
Bangladesh,1975,1976,Autocracy deepening,No,Open-ended coup,NA,15 August 1975,29 September 1976,"In the early morning of 15 August 1975, junior army officers stormed the residence of President Sheikh Mujibur Rahman and assassinated him along with most of his family, installing an interim martial-law government.","After a counter-coup and the Sipahi-Janata mutiny that restored Ziaur Rahman as Army Chief, Zia formally consolidated military control by becoming Chief Martial Law Administrator on 29 September 1976.",The assassination of founding president Mujibur Rahman in a military coup ended Bangladesh's brief democratic experiment; a chaotic sequence of coups through 1976 entrenched military-backed rule under Zia.,High,https://en.wikipedia.org/wiki/Assassination_of_Sheikh_Mujibur_Rahman
Laos,1975,1976,Autocracy deepening,No,Open-ended coup,Executive aggrandizement,May 1975,December 1975,"Following communist victories in Saigon and Phnom Penh, the Pathet Lao pressured rightist ministers to resign through mid-1975, dismantling the fragile 1973 coalition government from within.","A Congress of People's Representatives convened December 1975 formally abolished the Lao monarchy, forcing King Savang Vatthana's abdication, and proclaimed the Lao People's Democratic Republic under one-party communist rule.","The Pathet Lao used mass-pressure campaigns and legislative action to dismantle Laos's coalition government and monarchy, culminating in the December 1975 proclamation of the Lao PDR.",Medium,https://en.wikipedia.org/wiki/Laotian_Civil_War
Suriname,1975,1975,Democratic erosion,Yes,Other/unclear,NA,1975,1975,"The NPS-led coalition government of PM Henck Arron finalized independence negotiations with the Netherlands, and independence was granted on 25 November 1975 amid controversial expropriations of Dutch-descended settlers' property.","In the run-up to and aftermath of independence, roughly a third of Suriname's population emigrated to the Netherlands amid fears the new country would not be viable, marked by social unrest and economic depression.","Suriname's abrupt transition to independence was accompanied by mass emigration and instability rather than a classic coup or power-grab, likely explaining a mild erosion coding tied to decolonization itself.",Low,https://en.wikipedia.org/wiki/Suriname
Kuwait,1976,1976,Autocracy deepening,No,Executive coup,Executive aggrandizement,29 August 1976,1976,"Amid conflict between Emir Sabah Al-Salim Al-Sabah's government and an assertive National Assembly, the Emir issued a decree on 29 August 1976 suspending four constitutional articles governing press freedom and legislative dissolution, and dissolved the National Assembly outright.","The constitution and National Assembly remained suspended for roughly five years, with parliamentary life only reinstated in 1981.","The Emir unilaterally suspended core constitutional provisions and shut down the elected National Assembly in August 1976, ending Kuwait's brief parliamentary experiment for five years.",Medium,https://en.wikipedia.org/wiki/History_of_Kuwait
Thailand,1976,1977,Autocracy deepening,No,Open-ended coup,NA,6 October 1976,20 October 1977,"On 6 October 1976, Thai police and paramilitaries violently crushed a student protest at Thammasat University (the ""6 October massacre""), and that same day the military under Admiral Sangad Chaloryu seized power from the elected government, installing royalist judge Thanin Kraivichien as PM.","On 20 October 1977, Sangad again seized power and forced Thanin's resignation, citing that Thanin's government had ""divided the country"" and had virtually no public support; General Kriangsak Chamanan was installed as the new PM.","The October 1976 massacre and same-day coup ended Thailand's 1973-76 democratic interlude, installing a repressive royalist government replaced a year later by a second coup.",High,https://en.wikipedia.org/wiki/6_October_1976_massacre
Pakistan,1977,1978,Autocracy deepening,No,Promissory coup,Open-ended coup,"July 5, 1977",March 1978,"Army Chief Gen. Muhammad Zia-ul-Haq launched ""Operation Fair Play,"" a bloodless coup against elected PM Zulfikar Ali Bhutto amid a crisis over opposition allegations of massive rigging in the March 1977 elections. Zia suspended the constitution and promised ""free and fair elections"" within 90 days.","Instead of the promised 90-day elections, Zia pursued a criminal case against Bhutto; the Lahore High Court sentenced Bhutto to death March 1978 (executed April 1979), and elections were delayed until 1985.","Zia's coup ousted elected PM Bhutto, framed as a temporary custodianship pending swift elections, but led instead to Bhutto's execution and 11 years of military rule.",High,https://en.wikipedia.org/wiki/1977_Pakistani_coup_d'etat
Mauritania,1978,1979,Autocracy deepening,No,Open-ended coup,NA,"July 10, 1978",August 1979,"Col. Mustafa Ould Salek led junior officers in a bloodless coup against founding President Moktar Ould Daddah, driven by military exhaustion from the Western Sahara War and Daddah's threats to hold officers accountable for corruption.","The junta imprisoned Daddah and dissolved one-party rule with no timetable for civilian rule; Daddah was exiled to France in August 1979, and Mauritania entered a prolonged period of serial military coups.","Mauritania's army overthrew founding-president Daddah in a bloodless coup and installed an open-ended junta, beginning over a decade of continuous military government.",High,https://en.wikipedia.org/wiki/1978_Mauritanian_coup_d'etat
Zimbabwe,1978,1978,Autocracy deepening,No,Strategic harassment,Executive aggrandizement,"March 3, 1978",1978,"PM Ian Smith signed the ""Internal Settlement"" with hand-picked, non-militant Black leaders, creating a transitional biracial Executive Council while excluding the actual insurgent opposition (Patriotic Front) from the transition.","Despite adding Black ministers, civil service, judiciary, police, and armed forces stayed under predominantly white officials; the resulting April 1979 elections excluded the Patriotic Front and were declared ""null and void"" by the UN.","Smith negotiated a power-sharing deal with moderate leaders that preserved white control of the security state while giving the appearance of participation, further tilting the playing field within an already-authoritarian regime.",Medium,https://en.wikipedia.org/wiki/Internal_Settlement
Burkina Faso,1980,1981,Autocracy deepening,No,Open-ended coup,NA,"November 25, 1980",May 1981,"Col. Saye Zerbo led a bloodless coup ousting President Lamizana amid drought/famine-driven economic desperation and a wave of strikes, immediately following a failed no-confidence motion.","Zerbo suspended the constitution and installed a 31-member junta with no timetable for elections; the initially union-friendly regime turned repressive, imposing mandatory military service in May 1981 and banning strikes.",Burkina Faso's military ousted long-serving President Lamizana and installed an open-ended junta under Zerbo that grew increasingly authoritarian within months.,High,https://en.wikipedia.org/wiki/1980_Upper_Voltan_coup_d'etat
Liberia,1980,1981,Autocracy deepening,No,Open-ended coup,NA,"April 12, 1980",August 1981,"Master Sgt. Samuel Doe led indigenous soldiers storming the Executive Mansion and killing President Tolbert, capping resentment of Americo-Liberian elite rule inflamed by 1979 rice-price riots.",Doe's People's Redemption Council publicly executed 13 Tolbert-era officials in April 1980; consolidation continued in 1981 as the regime executed alleged coup plotters within the junta itself in August 1981.,Indigenous NCOs led by Doe overthrew the Americo-Liberian-dominated Tolbert government and installed an open-ended junta that continued purging rivals via summary executions.,High,https://en.wikipedia.org/wiki/1980_Liberian_coup_d'etat
Suriname,1980,1981,Democratic breakdown,Yes,Open-ended coup,Promissory coup,"February 25, 1980",1981,"Sgt.-Maj. Desi Bouterse led 16 NCOs in a coup against elected PM Henck Arron's government, triggered when Arron refused to recognize an NCO union and arrested its leaders.","The military initially retained civilian President Ferrier and installed a PM figurehead, but forced Ferrier's resignation in August 1980, continuing consolidation through 1981 before dismissing the figurehead outright in February 1982.","Sergeants led by Bouterse overthrew Suriname's elected government over pay/union grievances; the military progressively stripped away civilian checks, turning a democracy into a consolidated military dictatorship.",Medium,https://en.wikipedia.org/wiki/1980_Surinamese_coup_d'etat
Türkiye,1980,1981,Democratic breakdown,Yes,Open-ended coup,NA,"September 12, 1980","November 6, 1983","On 12 September 1980, General Kenan Evren led the Turkish Armed Forces in a coup; the National Security Council abolished parliament, suspended the 1961 constitution, and banned all political parties and trade unions.","The junta's new constitution was approved by referendum November 1982, and power was handed to a civilian government after elections on 6 November 1983, ending three years of direct military rule during which ~650,000 people were arrested.","General Evren's coup dissolved parliament and banned parties, ushering in three years of direct military rule before a controlled transition back to elected civilian government in 1983.",High,https://en.wikipedia.org/wiki/1980_Turkish_coup_d'etat
Ghana,1981,1982,Autocracy deepening,No,Open-ended coup,NA,"December 31, 1981",1982,"On 31 December 1981, Flight Lieutenant Jerry Rawlings led his second coup, overthrowing the elected government of President Hilla Limann amid economic crisis, and installed the Provisional National Defence Council with himself as chairman.","The PNDC abolished the 1979 constitution, banned political parties, and consolidated military-backed rule, surviving counter-coup attempts; PNDC rule lasted 11 years until the 1992 constitution restored multiparty democracy.","Rawlings' second coup ousted Ghana's elected civilian government amid economic crisis, replacing it with the PNDC military-revolutionary regime.",High,https://en.wikipedia.org/wiki/1981_Ghanaian_coup_d'etat
Bangladesh,1982,1983,Autocracy deepening,No,Open-ended coup,NA,"March 24, 1982",December 1983,"On 24 March 1982, Army Chief Gen. Hussain Muhammad Ershad forced President Abdus Sattar to resign, declared martial law, suspended the constitution, and banned political parties, installing a figurehead civilian president.","Ershad formally assumed the presidency himself in December 1983, replacing the figurehead president and consolidating personal military rule that continued until 1990.","General Ershad's coup ousted Bangladesh's elected president and imposed martial law; Ershad took the presidency outright in late 1983, ruling as military head of state until 1990.",High,https://en.wikipedia.org/wiki/1982_Bangladeshi_coup_d'etat
Nigeria,1983,1984,Autocracy deepening,No,Open-ended coup,NA,"December 31, 1983",1984,"On 31 December 1983, Major General Muhammadu Buhari led a military coup that overthrew the elected government of President Shehu Shagari, following a firefight between coup plotters and the presidential guard.","The Buhari-led Supreme Military Council suspended the 1979 constitution, banned political parties, and ruled by decree, before Buhari was overthrown in a further coup by General Ibrahim Babangida in August 1985.","Nigeria's Second Republic ended when Buhari's coup deposed elected President Shagari, installing a Supreme Military Council that suspended the constitution and ruled by decree.",High,https://en.wikipedia.org/wiki/1983_Nigerian_coup_d'etat
Kuwait,1986,1986,Autocracy deepening,No,Executive coup,Executive aggrandizement,1986,October 1992,"In 1986, amid strained oil revenues and friction between the ruling family and elected deputies, Emir Jaber Al-Ahmad Al-Sabah suspended Kuwait's 1962 constitution and dissolved the National Assembly, ruling by decree through the Council of Ministers.","The suspension provoked a pro-democracy movement; under domestic and Gulf War-era international pressure the Emir agreed in October 1990 to restore constitutional rule, with elections finally held in October 1992.","The Emir suspended the constitution and dissolved the National Assembly in 1986, ruling by decree for roughly six years until a pro-democracy movement and post-Gulf War pressure forced restoration of parliament.",Medium,https://en.wikipedia.org/wiki/History_of_Kuwait
Burundi,1987,1988,Autocracy deepening,No,Open-ended coup,NA,"September 3, 1987",October 1988,"On 3 September 1987, Major Pierre Buyoya led a bloodless military coup that deposed President Bagaza while he was abroad at a summit; Buyoya suspended the constitution and formed a Military Committee for National Salvation.","Ethnic violence erupted in August 1988, with roughly 20,000 Hutu killed in military reprisals; Buyoya was proclaimed president in September 1988 and in October 1988 appointed a mixed civilian-military government under a Hutu prime minister.","Buyoya's coup deposed President Bagaza, and the new regime's early consolidation was tested by deadly ethnic violence, after which Buyoya broadened his government's ethnic balance.",High,https://en.wikipedia.org/wiki/1987_Burundian_coup_d'etat
Fiji,1987,1988,Democratic breakdown,Yes,Open-ended coup,NA,14 May 1987,1988,"On 14 May 1987, Lt. Col. Sitiveni Rabuka led armed soldiers into Fiji's House of Representatives and forced PM Timoci Bavadra's newly elected multiracial coalition government to leave in a bloodless military coup.","A second coup on 25 September 1987 scuttled a negotiated power-sharing accord; Rabuka declared Fiji a republic on 7 October 1987, and a civilian interim government under Ratu Sir Kamisese Mara was installed in December 1987.","The military overthrew the newly elected multiracial coalition government citing threats to indigenous Fijian political dominance; a second coup scuttled a compromise and Rabuka declared Fiji a republic, installing an interim, ethnically favored government.",High,https://en.wikipedia.org/wiki/1987_Fijian_coups_d'etat
Sudan,1989,1990,Autocracy deepening,No,Open-ended coup,NA,30 June 1989,1990,"On 30 June 1989, Brigadier General Omar al-Bashir, backed by Hassan al-Turabi's National Islamic Front, led a bloodless military coup overthrowing the elected government, dissolving parliament and suspending the constitution.","Al-Bashir established the Revolutionary Command Council; through 1989-1990 the regime banned all political parties and civil society bodies, purged tens of thousands from the army, police and civil service, and built a network of clandestine detention centers.",A 1989 military coup backed by Islamist leader Turabi ended Sudan's fragile parliamentary period and installed a military-Islamist junta that purged and repressed the civil administration.,High,https://en.wikipedia.org/wiki/1989_Sudanese_coup_d'etat
Peru,1990,1992,Democratic breakdown,Yes,Executive coup,Executive aggrandizement,5 April 1992,November 1992,"On 5 April 1992, elected President Alberto Fujimori announced he was dissolving Congress and ""reorganizing"" the judiciary, deployed army tanks to Congress, and issued a decree suspending the constitution amid gridlock with an opposition-controlled Congress.","Fujimori called elections for a Democratic Constituent Congress held November 1992, which his supporters won; the new congress drafted a constitution approved by referendum in October 1993.","Facing a hostile Congress and insurgency, elected President Fujimori staged a ""self-coup,"" dissolving Congress and suspending the constitution, then convened a hand-picked constituent assembly.",High,https://en.wikipedia.org/wiki/1992_Peruvian_constitutional_crisis
Estonia,1991,1992,Democratic breakdown,Yes,Other/unclear,Strategic harassment,August 1991,28 June 1992,"Following restoration of independence in August 1991, Estonia's Supreme Council restored the 1938 citizenship law, automatically granting citizenship only to pre-1940 citizens and their descendants; Soviet-era Russian-speaking settlers did not automatically become citizens.","Roughly 30% of Estonia's population was left without citizenship in the first years of independence; the new constitution was approved by referendum 28 June 1992, and the September 1992 elections were conducted under the citizen-only franchise this policy created.","Restoring pre-1940 citizenship rules automatically enfranchised only pre-Soviet citizens and descendants, leaving a large share of Russian-speaking settlers stateless and outside the electorate, hitting the suffrage component of V-Dem's polyarchy index.",Medium,https://en.wikipedia.org/wiki/Non-citizens_(Estonia)
Suriname,1991,1991,Autocracy deepening,No,Open-ended coup,NA,24 December 1990,May 1991,"On 24 December 1990 (the ""telephone coup""), acting military commander Ivan Graanoogst phoned President Ramsewak Shankar to inform him he was deposed, driven by former strongman Desi Bouterse reasserting military dominance.","The government was dismissed 27 December 1990, the National Assembly dissolved, and Johan Kraag installed as interim president; the Netherlands suspended aid and international pressure forced observed elections in May 1991, won by Ronald Venetiaan.","Suriname's military deposed elected President Shankar by telephone on Christmas Eve 1990; international pressure forced free elections in May 1991, though Bouterse's military remained a powerful background actor.",High,https://en.wikipedia.org/wiki/1990_Surinamese_coup_d'etat
Thailand,1991,1991,Autocracy deepening,No,Open-ended coup,NA,23 February 1991,1991,"On 23 February 1991, a military junta led by General Sunthorn Kongsompong staged a bloodless coup, arresting PM Chatichai Choonhavan and ending Thailand's longest democratically elected government to that point.","King Bhumibol endorsed the coup on 26 February 1991; the junta formed the National Peace Keeping Council and appointed Anand Panyarachun as interim PM, drafting a new constitution preserving military influence.","Thailand's military ousted the elected government of Chatichai Choonhavan, ending the country's longest period of elected civilian rule to that point.",High,https://en.wikipedia.org/wiki/1991_Thai_coup_d'etat
Algeria,1992,1993,Autocracy deepening,No,Open-ended coup,NA,"January 11, 1992",1993,"On January 11, 1992, Algeria's military forced President Chadli Bendjedid to resign and canceled the second round of elections the Islamic Salvation Front was poised to win, installing a High Council of State headed by Mohamed Boudiaf.",The FIS was banned and tens of thousands of supporters interned in desert camps; President Boudiaf was assassinated in June 1992; cancellation of the electoral process triggered a decade-long civil war.,"Algeria's military canceled elections the Islamist FIS was set to win, forced elected President Bendjedid to resign, and installed an unelected council, triggering a brutal civil war.",High,https://en.wikipedia.org/wiki/1992_Algerian_coup_d'etat
Haiti,1992,1992,Autocracy deepening,No,Open-ended coup,NA,"September 30, 1991",Ongoing,"On the night of September 29-30, 1991, General Raoul Cedras and police chief Michel Francois led a military mutiny that attacked President Jean-Bertrand Aristide's residence, killed hundreds of civilians, and forced Aristide into exile.",The junta installed Joseph Nerette as provisional president October 1991 and through 1992 waged mass repression against Aristide supporters while resisting international sanctions.,"Following the 1991 coup that ousted elected President Aristide, the military junta under Cedras consolidated brutal repressive rule through 1992, killing and displacing thousands of Aristide supporters.",High,https://en.wikipedia.org/wiki/1991_Haitian_coup_d'etat
Tajikistan,1992,1995,Autocracy deepening,No,Open-ended coup,Other/unclear,"September 7, 1992",1995,"On September 7, 1992, opposition paramilitary forces captured President Rahmon Nabiyev and forced him at gunpoint to resign, amid a civil war between the government and a coalition of regional, Islamist, and democratic opposition forces.",The Supreme Soviet elected Emomali Rahmon as new leader in December 1992; Kulob-based militias backed by Russian and Uzbek forces waged what HRW described as ethnic cleansing against Pamiri and Garmi populations.,"Tajikistan's civil war saw President Nabiyev forced to resign at gunpoint and replaced by Rahmon, whose government deepened authoritarian, ethnically-targeted repression; this is fundamentally a civil-war state collapse rather than a clean fit to Bermeo's categories.",Medium,https://en.wikipedia.org/wiki/Tajikistani_Civil_War
Armenia,1993,1997,Democratic breakdown,Yes,Executive aggrandizement,Election-day fraud,"December 28, 1994",September 1996,"On December 28, 1994, President Levon Ter-Petrosyan banned the opposition Armenian Revolutionary Federation, alleging a coup plot, raided its offices, and had 31 members arrested and later convicted.","In the September 25, 1996 presidential election, official results gave Ter-Petrosyan just above 50% amid widespread fraud allegations; roughly 200,000 protesters stormed parliament and were crushed by tanks and troops, and a minister later admitted the vote had been rigged.","President Ter-Petrosyan banned Armenia's largest opposition party, then secured a disputed re-election marred by fraud allegations and a violent military crackdown on protesters.",High,https://en.wikipedia.org/wiki/Levon_Ter-Petrosyan
Azerbaijan,1993,1996,Autocracy deepening,No,Open-ended coup,Executive aggrandizement,"June 4, 1993",1996,"On June 4, 1993, military commander Surat Huseynov launched an armed mutiny from Ganja and marched on Baku, forcing President Abulfaz Elchibey to flee by June 18, ending his government.","Heydar Aliyev, recalled to power as parliament speaker, was elected president after an August 1993 referendum formally removed Elchibey, and progressively entrenched one-man, one-party dominance over the following years.","A June 1993 military mutiny toppled Azerbaijan's first elected president, paving the way for former Soviet-era leader Heydar Aliyev to seize the presidency via referendum and steadily consolidate authoritarian control.",High,https://en.wikipedia.org/wiki/1993_Azerbaijani_coup_d'etat
The Gambia,1993,1995,Autocracy deepening,No,Promissory coup,Open-ended coup,"July 22, 1994",1995,"On July 22, 1994, Lieutenant Yahya Jammeh led junior officers in a coup that overthrew long-serving elected President Dawda Jawara, dissolved the government, and abolished the constitution, publicly pledging a transition back to civilian democratic rule.","The junta shortened its planned transition, but by 1995-96 had banned key opposition parties and converted itself into the ruling APRC party ahead of the September 1996 election that confirmed Jammeh's rule.","Yahya Jammeh's 1994 coup ousted Gambia's long-serving elected president in a classic ""promissory coup,"" but the junta instead banned opposition parties and transformed itself into a ruling party, cementing 22 years of authoritarian rule.",High,https://en.wikipedia.org/wiki/1994_Gambian_coup_d'etat
Russia,1993,2014,Autocracy deepening,No,Executive coup,Executive aggrandizement,September 1993,March 2014,"President Yeltsin issued a decree dissolving the Congress of People's Deputies on 21 September 1993; parliament impeached him, and the standoff culminated in the October 3-4, 1993 armed storming of the White House parliament building by government troops.","The December 1993 referendum created a super-presidential constitution; Putin's 2000s ""power vertical"" (abolition of elected governors, media/oligarch crackdowns, protest-law tightening) culminated in the March 2014 annexation of Crimea.","Yeltsin's violent 1993 dissolution of parliament established a super-presidential template that Putin systematically expanded after 2000, centralizing control over regions, media, courts and elections through the 2014 Crimea annexation.",Medium,https://en.wikipedia.org/wiki/1993_Russian_constitutional_crisis
Rwanda,1993,1995,Autocracy deepening,No,Other/unclear,NA,April 1994,July 1994,"The April 6, 1994 assassination of President Habyarimana triggered genocide against Tutsi and moderate Hutu, executed by a Hutu Power-led crisis committee that seized state control after the stalled 1993 Arusha power-sharing accords.","The RPF captured Kigali on July 4, 1994, ending the genocide; the new RPF-dominated government banned ethnically organized parties and ""genocide ideology,"" establishing a de facto one-party state.","Rwanda's collapse from a stalled power-sharing transition into genocide, followed by the RPF's military conquest and one-party consolidation, does not map cleanly onto Bermeo's categories since it centers on genocide and civil-war conquest rather than an elected government losing power.",Medium,https://en.wikipedia.org/wiki/Rwandan_genocide
Belarus,1994,2001,Democratic breakdown,Yes,Executive coup,Executive aggrandizement,May 1995,November 1996,"The May 14, 1995 referendum granted President Lukashenko power to dissolve parliament for constitutional violations plus closer Russia ties, in a vote the OSCE found ""violated international standards.""","A second November 1996 referendum gave Lukashenko's decrees force of law, extended his term to 2001, and replaced the elected Supreme Soviet with a loyalist House of Representatives; the 2001 election, won amid OSCE findings the environment was ""not democratic,"" cemented control.","Lukashenko used successive referenda to strip the elected parliament of power and concentrate authority in the presidency, completing the transformation of a young post-Soviet democracy into personalist authoritarian rule.",High,https://en.wikipedia.org/wiki/1996_Belarusian_referendum
Republic of the Congo,1994,1998,Autocracy deepening,No,Open-ended coup,NA,June 1997,October 1997,"President Lissouba ordered his Cocoye militia to detain rival Sassou Nguesso and disarm his Cobra militia on June 5, 1997, fearing a coup, triggering civil war between the two factions.","With Angolan troops intervening on Sassou's behalf, Cobra militia forces took Brazzaville by October 16, 1997, and Sassou Nguesso declared himself president, ousting the elected Lissouba government by force.","Congo's elected government was violently overthrown when Sassou Nguesso's Cobra militia, backed by Angolan military intervention, seized Brazzaville and installed Sassou as president.",High,https://en.wikipedia.org/wiki/Republic_of_the_Congo_Civil_War_(1997-1999)
Lesotho,1994,1995,Democratic breakdown,Yes,Open-ended coup,NA,"August 17, 1994","September 14, 1994","On August 17, 1994, King Letsie III, backed by military elements, staged a coup that suspended Parliament and installed an interim ruling council, ousting Ntsu Mokhehle's elected BCP government, demanding reinstatement of his father as head of state.","Under domestic protest and SADC mediation pressure, Letsie III reinstated Mokhehle's elected government on September 14, 1994; a negotiated settlement led Letsie III to abdicate in 1995 in favor of his father.",King Letsie III and allied officers staged a month-long coup to press for his father's reinstatement as monarch; domestic and SADC pressure forced restoration of the elected government within a month.,High,https://en.wikipedia.org/wiki/History_of_Lesotho
Niger,1996,1996,Democratic breakdown,Yes,Promissory coup,Strategic harassment,"January 27, 1996",November 1996,"On January 27, 1996, Colonel Ibrahim Bare Mainassara led a military coup in Niamey that deposed Niger's first democratically elected president, Mahamane Ousmane, and arrested PM Hama Amadou.","The junta reauthorized political parties and promised elections; Bare Mainassara nonetheless dissolved the independent National Electoral Commission to secure victory in the July 1996 election, and opposition boycotted the November 1996 legislative elections over the fraud.","Bare Mainassara's coup ousted Niger's elected president but was framed as a corrective intervention with a promise of prompt elections; those elections were then manipulated, turning a promissory coup into entrenched personal rule.",High,https://en.wikipedia.org/wiki/1996_Nigerien_coup_d'etat
Nicaragua,1996,2025,Democratic breakdown,Yes,Executive aggrandizement,Strategic harassment,January 2000,Ongoing,"The Ortega-Aleman Pact, sealed January 2000 between FSLN leader Daniel Ortega and Liberal President Arnoldo Aleman, split control of the Supreme Court, Comptroller General, and Supreme Electoral Council between their two parties and lowered the winning threshold for president, entrenching a two-party duopoly.","After regaining the presidency in 2007, Ortega used a 2009 Supreme Court ruling and a 2014 constitutional amendment to abolish presidential term limits; his forces killed over 300 protesters in 2018, and in February 2025 a reform installed his wife as co-president.","Ortega engineered a pact with Aleman to divide control of Nicaragua's courts and electoral institutions, laying groundwork for his 2006 comeback; once back in office he eliminated term limits, packed institutions, and violently suppressed protests, culminating in his wife's 2025 installation as co-president.",High,https://en.wikipedia.org/wiki/Daniel_Ortega
Madagascar,1997,2002,Democratic breakdown,Yes,Election-day fraud,Strategic harassment,December 2001,July 2002,"In the December 16, 2001 presidential election, the Ratsiraka-controlled electoral apparatus certified a count showing challenger Marc Ravalomanana with only 46%, a result disputed as manipulated to force a runoff Ratsiraka could contest from a stronger patronage position.","After months of parallel governments and regional blockades, Ratsiraka fled to the Seychelles on July 5, 2002, and Ravalomanana's forces took the last stronghold of Toamasina, ending the crisis with Ravalomanana recognized as president.","Ratsiraka's patronage-based authoritarian rule continued through a disputed December 2001 election whose official count denied Ravalomanana an outright majority, triggering a six-month constitutional crisis before Ratsiraka fled the country.",High,https://en.wikipedia.org/wiki/2002_Malagasy_political_crisis
Ukraine,1997,2000,Democratic breakdown,Yes,Executive aggrandizement,Election-day fraud,October 1999,April 2000,"President Leonid Kuchma's re-election in the October-November 1999 contest against Communist leader Petro Symonenko was marred by documented electoral fraud, using administrative resources and slanted media coverage to secure a second term.","Kuchma followed his re-election with an April 2000 constitutional referendum to grant himself power to dissolve parliament, passed amid further documented fraud, but the Verkhovna Rada refused to implement the changes.",Kuchma used a fraud-marred 1999 re-election and manipulated 2000 referendum to try to expand presidential power at parliament's expense; parliament's refusal to implement the results checked full consolidation.,Medium,https://en.wikipedia.org/wiki/Leonid_Kuchma
Moldova,1998,2006,Democratic breakdown,Yes,Strategic harassment,Executive aggrandizement,April 2001,2006,"The February 2001 election gave the Party of Communists a two-thirds supermajority, and on April 4, 2001 parliament elected PCRM leader Vladimir Voronin president, concentrating both a constitutional supermajority and the presidency in one party for the first time since independence.","PCRM used its dominance of state media and administrative resources through the 2005 election cycle, entrenching one-party dominance even as Voronin pursued a pro-EU pivot after 2003.","The Communist Party's growth to an outright constitutional supermajority concentrated unprecedented power in a single party controlling both the presidency and parliament, entrenched through continued state-media dominance.",Medium,https://en.wikipedia.org/wiki/Vladimir_Voronin
Solomon Islands,1998,2001,Democratic breakdown,Yes,Open-ended coup,NA,June 2000,July 2001,"On June 5, 2000, the Malaita Eagle Force militia, backed by elements of the police, staged an armed coup, seizing PM Bartholomew Ulufa'alu at gunpoint and forcing his resignation.","Parliament installed Manasseh Sogavare as PM on June 30, 2000; the Townsville Peace Agreement (October 2000) granted amnesty and mandated disarmament, completed by mid-2001.",Ethnic tension culminated in a June 2000 coup in which a militia forced out elected PM Ulufa'alu at gunpoint; parliament replaced him under duress before a peace agreement began disarmament.,High,https://en.wikipedia.org/wiki/2000_Solomon_Islands_coup_d'etat
Venezuela,1998,2018,Democratic breakdown,Yes,Executive aggrandizement,Strategic harassment,April 1999,May 2018,"Following Chavez's December 1998 election win, an April 1999 referendum approved a Constituent Assembly; the July 1999 assembly election gave Chavez's coalition a near-total supermajority, letting it unilaterally rewrite the constitution, ratified in a December 1999 referendum.","After two decades of enabling-act decree powers, court-packing, and an unconstitutional 2017 Constituent Assembly, the May 20, 2018 election, held on a truncated timeline with major opposition barred, gave Maduro 67.85% on 46% turnout and was rejected as fraudulent internationally.","Chavez converted his 1998 win into unchecked power via a 1999 Constituent Assembly rewriting the constitution, then over two decades used patronage, court-packing, and electoral manipulation to erode checks, culminating under Maduro's fraud-marred 2018 re-election.",High,https://en.wikipedia.org/wiki/Hugo_Chavez
Comoros,1999,2000,Autocracy deepening,No,Open-ended coup,Executive aggrandizement,"April 30, 1999",April 2000,"On 30 April 1999, Colonel Azali Assoumani led a bloodless military coup that ousted interim President Tadjidine Ben Said Massounde, suspending the constitution amid the Anjouan secession crisis.","Azali adopted a new ""Fundamental Act"" in May 1999 concentrating power in himself; he retained power past his pledged April 2000 deadline, continuing military-dominated rule through 2000.","Comoran army chief Azali seized power in a coup amid Anjouan secession violence, suspended the constitution, and concentrated power in himself, deepening the country's already-autocratic trajectory.",High,https://en.wikipedia.org/wiki/1999_Comorian_coup_d'etat
Malawi,1999,2005,Democratic breakdown,Yes,Executive aggrandizement,Strategic harassment,2002,February 2005,"In 2002 President Bakili Muluzi and UDF allies pushed the ""Open Terms Bill"" to abolish presidential term limits so Muluzi could seek a third term, backed by state patronage and UDF dominance of campaign resources.","The bill was defeated in 2002-2003 amid protests; Muluzi then handpicked Bingu wa Mutharika as UDF successor, who won the disputed 2004 election, before breaking from UDF in February 2005 to found the DPP, personalizing power.","Muluzi sought UDF/executive dominance via a failed 2002 third-term bid; though blocked, he engineered the succession of Mutharika via the contested 2004 election, whose subsequent break from UDF left executive power personalized.",Medium,https://en.wikipedia.org/wiki/Bakili_Muluzi
Niger,1999,1999,Autocracy deepening,No,Promissory coup,Open-ended coup,"April 9, 1999",December 1999,"President Ibrahim Bare Mainassara (himself a 1996 coup leader) was assassinated by his own Presidential Guard on 9 April 1999; Major Daouda Malam Wanke then seized power heading a military ""National Reconciliation Council.""","Wanke's junta adopted a new constitution in July 1999 and organized elections in October-November 1999, won by Mamadou Tandja; the junta transferred power to the elected civilian government by December 1999.",Niger's autocratic presidency was thrown into brief further deepening after Bare Mainassara's assassination; the military council promised a swift return to elected government and delivered by year's end.,High,https://en.wikipedia.org/wiki/Ibrahim_Bare_Mainassara
Pakistan,1999,2000,Autocracy deepening,No,Open-ended coup,Promissory coup,"October 12, 1999",Ongoing,"On 12 October 1999, Army Chief Gen. Pervez Musharraf staged a bloodless coup after PM Nawaz Sharif tried to dismiss him while abroad; troops seized key institutions within 17 hours.","Musharraf declared a state of emergency on 14 October 1999 and issued a Provisional Constitutional Order suspending the constitution; the Supreme Court validated the takeover under the ""doctrine of necessity"" in 2000, granting a three-year window.","Musharraf's coup ousted PM Sharif after Sharif tried to fire him, suspending the constitution; courts granted him three years to hold elections, but he entrenched his rule for nearly a decade.",High,https://en.wikipedia.org/wiki/1999_Pakistani_coup_d'etat
Ivory Coast,2000,2000,Autocracy deepening,No,Promissory coup,Election-day fraud,"December 24, 1999","October 26, 2000","On 24 December 1999, mutinying soldiers seized Abidjan's airport and ousted President Henri Konan Bedie; retired General Robert Guei was installed as head of a National Public Salvation Committee and publicly promised democracy would be respected.","The junta's constitution excluded opposition leader Alassane Ouattara from the presidential race; Guei tried to declare himself winner of the flawed October 2000 election, but a popular uprising forced him out and installed Laurent Gbagbo, inaugurated 26 October 2000.","A December 1999 coup ousted President Bedie amid promises to restore democracy, but the transition was compromised by exclusionary rules and Guei's attempt to falsify the 2000 election result, only overturned by street protests.",High,https://en.wikipedia.org/wiki/1999_Ivorian_coup_d'etat
Fiji,2000,2001,Democratic breakdown,Yes,Open-ended coup,Promissory coup,"May 19, 2000",September 2001,"On 19 May 2000, businessman George Speight, backed by the army's Counter Revolutionary Warfare Unit, stormed Fiji's Parliament and took PM Mahendra Chaudhry's government hostage, declaring himself interim president.","Military commander Frank Bainimarama declared martial law after President Mara resigned; hostages were released via the Muanikau Accord, courts ruled the interim government illegal in November 2000, and elections were held in 2001, bringing Laisenia Qarase to power.","George Speight's armed takeover of parliament ousted Indo-Fijian PM Chaudhry; the military ultimately deposed Speight, restored order, and organized new 2001 elections, but the coup marked a decisive break along ethnic lines.",High,https://en.wikipedia.org/wiki/2000_Fijian_coup_d'etat
North Macedonia,2000,2001,Autocracy deepening,No,Other/unclear,Executive aggrandizement,November 2000,August 2001,"Armed ethnic-Albanian NLA attacks on police/border posts began in late 2000, escalating on January 22, 2001 when NLA fighters attacked a police station near Tetovo, marking the start of the insurgency.","The General Ceasefire Agreement (July 2001) demilitarized conflict zones, and the Ohrid Framework Agreement (August 13, 2001) ended large-scale fighting via power-sharing and decentralization reforms.",An ethnic-Albanian insurgency escalated into open conflict; PM Georgievski's government considered declaring a state of war for emergency powers before the crisis was resolved via the Ohrid Agreement. This is primarily an ethnic civil conflict rather than an executive power grab.,Low,https://en.wikipedia.org/wiki/2001_insurgency_in_the_Republic_of_Macedonia
Nepal,2000,2003,Autocracy deepening,No,Executive aggrandizement,Open-ended coup,"October 4, 2002",2003,"King Gyanendra dismissed elected PM Sher Bahadur Deuba, dissolved his government, and indefinitely postponed elections Deuba had called for, invoking royal reserve powers amid the Maoist civil war.","The King directly appointed and dismissed a succession of prime ministers without elections, entrenching personal royal control that set the stage for his outright 2005 coup.","King Gyanendra, who ascended after the 2001 royal massacre, used the Maoist insurgency as pretext to sack PM Deuba and rule through royally-appointed premiers rather than an elected government.",Medium,https://en.wikipedia.org/wiki/Gyanendra
Haiti,2001,2004,Autocracy deepening,No,Strategic harassment,Election-day fraud,February 2001,"February 29, 2004","Jean-Bertrand Aristide was inaugurated to a second term in February 2001 following flawed May 2000 elections and an opposition boycott of the November 2000 presidential race; his government ruled with no meaningful opposition, backed by armed pro-government gangs.","An armed rebellion seized Gonaives and advanced on Port-au-Prince; on February 29, 2004 US officials escorted Aristide out of the country, ending his presidency with an interim government installed.","Aristide's government, whose legitimacy was clouded by disputed 2000 elections, entrenched one-party dominance and used violence against opposition; a rebel uprising in 2004 forced his ouster.",Medium,https://en.wikipedia.org/wiki/2004_Haitian_coup_d'etat
Philippines,2001,2005,Democratic breakdown,Yes,Election-day fraud,Executive aggrandizement,May 2004,"September 6, 2005","During vote canvassing for the May 2004 election, President Gloria Macapagal Arroyo allegedly held wiretapped conversations discussing manipulation of returns to secure her win, revealed publicly in mid-2005 as the ""Hello Garci"" scandal.","A House impeachment complaint against Arroyo was blocked on September 6, 2005 by her coalition-dominated House despite polls showing most Filipinos believed she cheated, allowing her to consolidate power.","Arroyo, who assumed the presidency via the 2001 EDSA II ouster of Estrada, was accused of rigging her 2004 re-election through the ""Hello Garci"" scandal; her allies blocked impeachment, cementing an unaccountable executive.",Medium,https://en.wikipedia.org/wiki/Hello_Garci_scandal
Bangladesh,2002,2007,Democratic breakdown,Yes,Strategic harassment,Open-ended coup,"October 16, 2002","January 11, 2007","The BNP government under PM Khaleda Zia launched ""Operation Clean Heart,"" a nationwide crackdown that also targeted political opponents, detaining Awami League leaders, followed by an indemnity ordinance shielding security forces from prosecution.","A dispute over caretaker-government leadership triggered violent unrest and cancellation of the January 2007 election; the military installed Fakhruddin Ahmed's caretaker government under a state of emergency, remaining beyond its constitutional term.","The BNP government pursued harsh crackdowns against opposition figures, with extrajudicial killings shielded by an indemnity law; this chronic harassment culminated in a January 2007 military-backed takeover that suspended the election.",Medium,https://en.wikipedia.org/wiki/Operation_Clean_Heart
Central African Republic,2003,2004,Autocracy deepening,No,Open-ended coup,Promissory coup,"March 15, 2003",December 2004,"General Francois Bozize led fighters to seize Bangui while President Ange-Felix Patasse was abroad; rebels captured the airport and presidential palace with minimal resistance, forcing Patasse into exile.","Bozize proclaimed himself president, suspended the constitution, and formed a transitional ""union government""; a new constitution was approved by referendum in December 2004, leading to elections in 2005 that Bozize won.","Bozize's coup ousted elected President Patasse and suspended the constitution, but was followed by a two-year transitional process (constitution, referendum, elections) rather than indefinite military rule.",Medium,https://en.wikipedia.org/wiki/2003_Central_African_Republic_coup_d'etat
Liberia,2003,2004,Autocracy deepening,No,Other/unclear,NA,August 2003,Late 2004,"President Charles Taylor resigned and went into exile on 11 August 2003 under military pressure from the LURD/MODEL rebel siege of Monrovia; the Accra Comprehensive Peace Agreement was signed about a week later, installing an unelected power-sharing transitional government.","The National Transitional Government of Liberia continued to rule without elections through 2004 while controlling little real territory, with UN peacekeeping/disarmament consolidating ahead of the October 2005 elections.","Liberia's 2003-2004 deepening reflects the chaotic tail end of civil war (Taylor's ouster, a peace deal, and rule by an unelected transitional government) rather than a backsliding-from-democracy dynamic.",Low,https://en.wikipedia.org/wiki/Second_Liberian_Civil_War
Thailand,2003,2007,Democratic breakdown,Yes,Promissory coup,Open-ended coup,19 September 2006,23 December 2007,"On 19 September 2006, while PM Thaksin Shinawatra was in New York, General Sonthi Boonyaratglin led the Royal Thai Army in a coup, suspending the 1997 constitution and dissolving parliament and the Constitutional Court.","The junta installed an interim civilian PM, drafted a new constitution, dissolved Thaksin's party and banned its executives from politics, then held elections as promised on 23 December 2007.","Thailand's military ousted PM Thaksin in a September 2006 coup while abroad, explicitly promising a swift return to civilian rule; the junta delivered on its promise, holding elections in December 2007, though only after banning Thaksin's party.",High,https://en.wikipedia.org/wiki/2006_Thai_coup_d'etat
Bosnia and Herzegovina,2004,2007,Democratic erosion,Yes,Other/unclear,Executive aggrandizement,June 2004,2007,"In June 2004, High Representative Paddy Ashdown used internationally granted ""Bonn Powers"" to dismiss 58 Bosnian public officials in a single day, an unelected international administrator overriding elected domestic institutions.","The US-brokered ""April Package"" constitutional reform failed in the House of Representatives by two votes in April 2006; the October 2006 election brought Milorad Dodik's SNSD to power in Republika Srpska on a platform resistant to further centralization.","Bosnia's erosion reflects continued heavy-handed international ""protectorate"" governance displacing domestic democratic accountability, alongside the failure of constitutional reform and the rise of nationalist leader Dodik.",Low,https://en.wikipedia.org/wiki/Office_of_the_High_Representative
Sri Lanka,2004,2006,Democratic breakdown,Yes,Executive aggrandizement,NA,November 2005,July 2006,"Mahinda Rajapaksa narrowly won the 17 November 2005 presidential election, aided by an LTTE-enforced boycott suppressing Tamil votes likely favoring his rival; Rajapaksa then allied with Sinhalese nationalist parties opposed to devolution and the peace process.","On 21 July 2006 the LTTE closed the Mavil Aru reservoir; the Sri Lankan military responded with an offensive, collapsing the 2002 ceasefire and returning the country to full-scale civil war, cementing war-footing centralization of power.","President Rajapaksa reversed the peace process after his contested 2005 election, allying with hardline nationalists; the LTTE's 2006 reservoir closure triggered renewed war, entrenching executive and military authority.",Medium,https://en.wikipedia.org/wiki/Mahinda_Rajapaksa
North Macedonia,2005,2012,Democratic breakdown,Yes,Strategic harassment,Executive aggrandizement,2005,2012,"Macedonia's 2005 local elections were marred by irregularities per international observers; the 5 July 2006 parliamentary election, won by Nikola Gruevski's VMRO-DPMNE coalition, began consolidating media and security-sector control.","By the early 2010s, after consecutive VMRO-DPMNE wins (2006, 2008, 2011), independent media access had shrunk sharply and Gruevski had installed loyalists atop the intelligence service, cementing one-party institutional capture.","Gruevski's party won a disputed-adjacent 2006 election after irregularity-marred 2005 local elections, using consecutive victories through 2011 to tilt media, pack security institutions, and marginalize opposition.",Medium,https://en.wikipedia.org/wiki/Nikola_Gruevski
Türkiye,2005,2017,Democratic breakdown,Yes,Executive aggrandizement,Strategic harassment,October 2007,16 April 2017,"A 2007 military ""e-memorandum"" opposed AKP's presidential candidate, precipitating a snap election AKP won; on 21 October 2007 voters approved a referendum shifting presidential selection to direct popular vote, the first legal step in Erdogan's consolidation.","After the failed 15 July 2016 coup attempt, a state of emergency enabled mass dismissals of judges, officers, and civil servants; the 16 April 2017 referendum replaced the parliamentary system with an executive presidency.","Erdogan's AKP incrementally dismantled institutional checks through legal, referendum-based channels; the failed 2016 coup triggered mass purges, and the 2017 referendum formally converted Turkey to a presidential system concentrating power in Erdogan.",High,https://en.wikipedia.org/wiki/Recep_Tayyip_Erdogan
Bolivia,2006,2020,Democratic breakdown,Yes,Executive aggrandizement,Election-day fraud,January 2009,October 2020,"In January 2009 Bolivians approved a new constitution establishing a centralized ""plurinational state""; Morales later moved to eliminate term limits, culminating in a November 2017 Constitutional Tribunal ruling permitting unlimited reelection despite a 2016 referendum rejecting this.","Morales resigned November 2019 amid a disputed election that an OAS audit found showed ""sufficient evidence of election fraud""; Senator Jeanine Anez assumed the presidency without quorum, and elections were finally held October 2020.","Morales concentrated executive power through a 2009 constitution and a 2017 Tribunal ruling overturning a 2016 anti-reelection referendum; his disputed 2019 re-election, found fraudulent by the OAS, triggered his resignation and an unelected interim government.",Medium,https://en.wikipedia.org/wiki/Evo_Morales
Fiji,2006,2007,Autocracy deepening,No,Open-ended coup,NA,December 2006,January 2007,"On 5 December 2006, military forces led by Commodore Frank Bainimarama seized government buildings and placed ministers of PM Laisenia Qarase's government under house arrest, ousting the elected government.","President Iloilo, reinstated January 2007, formally appointed Bainimarama as interim prime minister, installing a military-backed government that indefinitely postponed elections until 2014.","Bainimarama led Fiji's fourth coup since 1987, ousting elected PM Qarase over alleged corruption; the military installed an interim government and elections were delayed for eight years.",High,https://en.wikipedia.org/wiki/2006_Fijian_coup_d'etat
Honduras,2006,2010,Democratic breakdown,Yes,Promissory coup,Open-ended coup,June 2009,January 2010,"Acting on a sealed Supreme Court arrest warrant over President Manuel Zelaya's push for a referendum on a constitutional assembly, soldiers stormed the presidential residence on 28 June 2009, detained Zelaya, and flew him into exile.",Congress installed its president Roberto Micheletti as interim leader and allowed the previously scheduled November 2009 elections to proceed; Porfirio Lobo won and was inaugurated January 2010.,"Honduras's Supreme Court and Congress, backed by the military, removed elected President Zelaya after he defied a court order barring a referendum; framed as defense of legality with a promise to hold elections, the episode concluded with Lobo's 2010 inauguration.",High,https://en.wikipedia.org/wiki/2009_Honduran_coup_d'etat
Hungary,2006,2025,Democratic breakdown,Yes,Executive aggrandizement,Strategic harassment,April 2010,Ongoing,"In the April 2010 election, Viktor Orban's Fidesz won a two-thirds supermajority, used to draft a new Fundamental Law behind closed doors, debated for only nine days and passed on a party-line vote; the constitution took effect 1 January 2012.","Over the following decade Fidesz redrew electoral districts, installed loyalists on media and courts, and transferred control of state universities to Orban-aligned foundations; Orban's 16-year rule ended when Fidesz lost the April 2026 election.","After winning a two-thirds supermajority, Orban's government rewrote Hungary's constitution and systematically weakened judicial independence, media pluralism, and electoral fairness through ostensibly legal institutional changes over more than a decade.",High,https://en.wikipedia.org/wiki/Viktor_Orban
Palestine/West Bank,2006,2008,Democratic breakdown,Yes,Executive coup,Executive aggrandizement,June 2007,Ongoing,"After Hamas's forcible takeover of Gaza in June 2007, President Mahmoud Abbas declared a state of emergency on 14 June 2007, dissolved the Hamas-led unity government, and installed Salam Fayyad as PM by decree, bypassing the Hamas-majority legislature.",The Fayyad emergency government continued ruling the West Bank by decree with the legislature no longer functioning; Abbas's presidential term was extended without new elections.,"Hamas won the 2006 legislative election, but conflict with Fatah culminated in Hamas's 2007 Gaza takeover; Abbas dissolved the unity government and ruled the West Bank through an emergency decree-appointed government.",Medium,https://en.wikipedia.org/wiki/2006_Palestinian_legislative_election
Ecuador,2007,2013,Democratic erosion,Yes,Executive aggrandizement,Strategic harassment,September 2007,February 2013,Constituent Assembly elections held 30 September 2007 gave Rafael Correa's PAIS Alliance a large majority; when the Assembly convened in November 2007 it assumed plenary powers superseding the sitting opposition-controlled Congress.,"Ecuadorians approved a new constitution in a September 2008 referendum expanding presidential decree powers, after Congress had already voted to remove all nine Constitutional Court judges; Correa was re-elected by landslide in 2013.","Correa used a 2007 Constituent Assembly, which bypassed the existing opposition-controlled Congress, to produce a 2008 constitution substantially expanding presidential powers, driving significant executive-driven erosion without full collapse.",High,https://en.wikipedia.org/wiki/Rafael_Correa
Papua New Guinea,2007,2013,Democratic breakdown,Yes,Executive aggrandizement,Open-ended coup,August 2011,August 2012,"While PM Michael Somare was hospitalized abroad, Parliament declared his office vacant in August 2011 and elected Peter O'Neill prime minister, triggering a dispute over who legitimately held executive power.","After the Supreme Court twice ruled Somare remained the lawful PM, the O'Neill government defied the rulings, had the Chief Justice arrested on sedition charges, and survived a January 2012 mutiny attempt; the crisis was settled by the 2012 general election.","PNG's 2011-2012 constitutional crisis pitted a parliament-installed PM against the courts and the removed incumbent, with O'Neill repeatedly defying Supreme Court orders before the dispute was resolved by the ballot box in 2012.",Medium,https://en.wikipedia.org/wiki/2011-2012_Papua_New_Guinean_constitutional_crisis
South Korea,2008,2014,Democratic erosion,Yes,Strategic harassment,NA,December 2012,2014,"In the run-up to the 19 December 2012 election, National Intelligence Service agents covertly posted online comments and coordinated conservative civic groups to boost ruling-party candidate Park Geun-hye and disparage rival Moon Jae-in.","A prosecutorial raid on NIS headquarters led to the indictment of NIS director Won Sei-hoon and Seoul's police chief for election interference, but Won's conviction came long after Park had already taken office.","South Korea's intelligence service illegally intervened in the 2012 presidential election to help the ruling-party candidate via covert online manipulation, revealing significant erosion in electoral fairness without a full authoritarian breakdown.",Medium,https://en.wikipedia.org/wiki/2012_NIS_public_opinion_manipulation_scandal
Mali,2008,2013,Democratic breakdown,Yes,Promissory coup,Open-ended coup,21 March 2012,August 2013,"On 21 March 2012, mutinying soldiers led by Captain Amadou Sanogo, angered by the government's handling of the Tuareg rebellion, stormed the presidential palace and seized power.","President Amadou Toumani Toure resigned 8 April 2012; the junta transferred power to interim civilian leadership, and after a French-backed military intervention, Ibrahim Boubacar Keita won the July-August 2013 election.",A mutiny over resourcing for the war against Tuareg rebels toppled elected president Toure; the junta promised to restore constitutional order and eventually ceded power to a transitional government before 2013 elections.,High,https://en.wikipedia.org/wiki/2012_Malian_coup_d'etat
Indonesia,2009,2025,Democratic breakdown,Yes,Executive aggrandizement,Strategic harassment,September 2019,October 2024,"On 17 September 2019, Indonesia's parliament, with President Jokowi's backing, passed a hastily deliberated revision to the KPK law that stripped the Corruption Eradication Commission of independent investigative authority.","In October 2023, the Constitutional Court chaired by Jokowi's brother-in-law carved out an age-limit exception letting Jokowi's son Gibran run for vice president; Prabowo-Gibran won the February 2024 election and were inaugurated October 2024.","Starting with the 2019 gutting of the KPK's independence and culminating in the 2023 court ruling clearing the way for Jokowi's son to become vice president, Indonesia's checking institutions were progressively hollowed out through nominally legal channels.",Medium,https://en.wikipedia.org/wiki/Corruption_Eradication_Commission
India,2009,2025,Democratic breakdown,Yes,Executive aggrandizement,Strategic harassment,May 2014,Ongoing,"Narendra Modi's BJP won an outright parliamentary majority in May 2014, beginning a trajectory that, especially after 2019 re-election, saw sedition/anti-terror laws and agencies increasingly deployed against opposition figures amid a reshaped pro-government media landscape.","The August 2019 revocation of Jammu and Kashmir's special autonomy, and the 2018 Electoral Bonds funding scheme (struck down by the Supreme Court in February 2024), were landmark aggrandizing moves; V-Dem downgraded India to ""electoral autocracy"" in 2021.","Under Modi, India's elected executive progressively weakened checks through ostensibly legal means -- the Article 370 abrogation, capture of referee institutions, and opaque political financing -- ranking India among the most significant recent autocratizers.",Medium,https://en.wikipedia.org/wiki/Democratic_backsliding_in_India
Madagascar,2009,2010,Autocracy deepening,No,Open-ended coup,Promissory coup,March 2009,March 2010,"After weeks of opposition protests led by Antananarivo mayor Andry Rajoelina against President Marc Ravalomanana, the military stormed the presidential palace on 16 March 2009 and forced Ravalomanana to hand power to a military directorate, which transferred it to Rajoelina.","Rajoelina was sworn in as president of a High Transitional Authority on 21 March 2009; the African Union suspended Madagascar and called the takeover an ""attempted coup,"" and promised elections were repeatedly delayed until 2013.","A months-long uprising culminated in the military forcing Ravalomanana from office and installing Rajoelina; internationally treated as an unconstitutional coup, the resulting transitional authority further entrenched autocratic rule.",High,https://en.wikipedia.org/wiki/2009_Malagasy_political_crisis
Niger,2009,2010,Democratic breakdown,Yes,Executive aggrandizement,Promissory coup,June 2009,February 2010,"On 20 June 2009, President Mamadou Tandja assumed ""special powers"" and pushed through an illegal constitutional referendum removing presidential term limits, after the Constitutional Court ruled the referendum illegal and he dissolved the National Assembly.","On 18 February 2010, a military junta led by Col. Salou Djibo ousted Tandja; the junta publicly promised elections and restored civilian democratic rule, culminating in Mahamadou Issoufou's March 2011 inauguration.","President Tandja attempted to extend his rule past term limits via an illegitimate referendum, prompting a February 2010 military coup; the coup leaders explicitly promised a return to elected government and delivered within a year.",High,https://en.wikipedia.org/wiki/2010_Nigerien_coup_d'etat
Burundi,2010,2016,Autocracy deepening,No,Executive aggrandizement,Strategic harassment,July 2010,July 2015,"In the July 2010 election, Pierre Nkurunziza ran unopposed after opposition parties boycotted the vote citing fraud in preceding communal elections, cementing CNDD-FDD's uncontested dominance.","After Nkurunziza announced a third-term bid in April 2015, validated by the Constitutional Court despite Arusha Accords term limits, a failed May 2015 military coup was followed by a violent crackdown; Nkurunziza won a boycotted July 2015 election.","Burundi's already non-democratic regime deepened as CNDD-FDD entrenched one-party dominance via an uncontested 2010 election, then Nkurunziza's legally-engineered third term triggered mass protests and severe repression eliminating remaining competition.",Medium,https://en.wikipedia.org/wiki/Pierre_Nkurunziza
Maldives,2010,2017,Democratic breakdown,Yes,Executive aggrandizement,Promissory coup,February 2012,February 2018,"On 7 February 2012, President Mohamed Nasheed resigned amid a 22-day opposition protest and a mutiny in which police joined demonstrators following his controversial arrest of the Chief Justice; VP Mohamed Waheed assumed power in what Nasheed called a coup, though an inquiry found no supporting evidence.","Abdulla Yameen won the November 2013 runoff and from 2014-2017 jailed opposition leaders and Supreme Court justices, imposed states of emergency, and blocked opposition parties from contesting elections.","A contested February 2012 transfer of power removed elected president Nasheed and installed Waheed, paving the way for Yameen's 2013 election and his subsequent systematic dismantling of judicial independence and opposition rights.",Medium,https://en.wikipedia.org/wiki/Mohamed_Nasheed
Serbia,2010,2025,Democratic breakdown,Yes,Executive aggrandizement,Strategic harassment,May 2012,Ongoing,"In the May 2012 elections, Tomislav Nikolic won the presidency and the SNS-led coalition topped parliamentary elections, bringing Aleksandar Vucic into the center of power; SNS subsequently built dominance over media and state institutions.","Freedom House downgraded Serbia from ""Free"" to ""Partly Free"" in 2019 and reclassified it a ""hybrid regime"" in 2020; disputed 2020, 2023, and 2024 elections and mass protests in 2024-2025 have continued amid documented irregularities favoring the ruling party.","Since SNS's 2012 rise to power, Vucic has progressively concentrated executive power, captured media and state institutions, and tilted successive elections, a shift international monitors describe as democracy to hybrid authoritarianism.",Medium,https://en.wikipedia.org/wiki/Serbian_Progressive_Party
Ukraine,2010,2014,Democratic breakdown,Yes,Executive aggrandizement,Strategic harassment,October 2010,February 2014,"On 1 October 2010, Ukraine's Constitutional Court, packed with Yanukovych loyalists, annulled the 2004 constitutional reforms and restored the strong presidential system of the 2006 constitution, removing ""the last legal obstacle"" to concentration of power by President Yanukovych.","After Yanukovych's November 2013 refusal to sign the EU Association Agreement sparked the Euromaidan protests and nearly 100 protesters were killed in February 2014, he fled Kyiv on 21 February 2014 and parliament voted to remove him the next day.","President Yanukovych used a compliant Constitutional Court to restore presidential powers, then pursued selective prosecution of opposition and manipulated electoral rules, before his rejection of EU integration triggered the Euromaidan revolution that ousted him.",High,https://en.wikipedia.org/wiki/Viktor_Yanukovych
