window,treatment_def,outcome,outcome_label,panel,spec,treatment,n_first_stage,n_first_stage_treated,first_stage_coef,first_stage_pval,n_outcome,n_outcome_treated,rd_estimate,rd_se,rd_pval,late_estimate,late_se,late_pval,bandwidth
1,backsliding_Nyr,Y_gdp_growth,PWT,growth,instr-antiplural_w1_trt-ert_gapany_illib0p8655367_opp0p8655367_ctrypct_exclyr,backsliding_Nyr,387,9,0.07134134115398012,0.4098384153761199,371,9,-0.03836953354370071,0.04051893697911657,0.3436626710356686,-0.3532532888243314,0.7238828103740568,0.6255513309690532,23.390536738681924
1,backsliding_Nyr,Y_gdp_growth_wb,World Bank,growth,instr-antiplural_w1_trt-ert_gapany_illib0p8655367_opp0p8655367_ctrypct_exclyr,backsliding_Nyr,387,9,0.07134134115398012,0.4098384153761199,380,9,0.02129251679689824,0.02354145514705402,0.36574675599683815,0.3767647340973939,1.177249094997324,0.7489393388103549,28.642817161896588
1,backsliding_Nyr,Y_gdp_growth_imf,IMF WEO,growth,instr-antiplural_w1_trt-ert_gapany_illib0p8655367_opp0p8655367_ctrypct_exclyr,backsliding_Nyr,387,9,0.07134134115398012,0.4098384153761199,263,6,-0.00101591941270734,0.02557193155607683,0.968310049734562,NA,NA,NA,NA
1,backsliding_Nyr,Y_inflation,"CPI, cumulative log",inflation,instr-antiplural_w1_trt-ert_gapany_illib0p8655367_opp0p8655367_ctrypct_exclyr,backsliding_Nyr,387,9,0.07134134115398012,0.4098384153761199,347,9,-0.0860211838590757,0.11759192479014098,0.4644598325224344,-1.7927381770790576,5.193739987043592,0.7299644076498419,25.242683274645525
1,backsliding_Nyr,Y_unemployment,Unemployment rate,unemployment,instr-antiplural_w1_trt-ert_gapany_illib0p8655367_opp0p8655367_ctrypct_exclyr,backsliding_Nyr,387,9,0.07134134115398012,0.4098384153761199,251,8,-0.6442817276990576,0.585791875652758,0.2713985740595889,-7.901108310568612,15.223677646961129,0.6037598428984268,18.32763061948119
1,backsliding_Nyr,Y_trade_pct_gdp,Trade / GDP,trade,instr-antiplural_w1_trt-ert_gapany_illib0p8655367_opp0p8655367_ctrypct_exclyr,backsliding_Nyr,387,9,0.07134134115398012,0.4098384153761199,342,7,6.757775474229242,4.147555429416335,0.10324118978283904,121.00619825402217,696.2912755039738,0.8620330574187407,20.91631749852179
1,backsliding_Nyr,Y_top10_share,Top-10% income share,top10,instr-antiplural_w1_trt-ert_gapany_illib0p8655367_opp0p8655367_ctrypct_exclyr,backsliding_Nyr,387,9,0.07134134115398012,0.4098384153761199,341,8,0.22252860017032852,0.5344808881237925,0.6771573564336166,5.060219662062351,12.646238754414888,0.6890561012405949,22.310974289529337
1,backsliding_Nyr,Y_gini_disp,Disposable,gini,instr-antiplural_w1_trt-ert_gapany_illib0p8655367_opp0p8655367_ctrypct_exclyr,backsliding_Nyr,387,9,0.07134134115398012,0.4098384153761199,296,9,0.13174237472960731,0.28190963451871204,0.6402700249346309,1.0463457487517642,5.813945655501188,0.8571747767024677,20.758801105444856
1,backsliding_Nyr,Y_gini_mkt,Market,gini,instr-antiplural_w1_trt-ert_gapany_illib0p8655367_opp0p8655367_ctrypct_exclyr,backsliding_Nyr,387,9,0.07134134115398012,0.4098384153761199,296,9,-0.16531837101562247,0.26217147373755134,0.5283194623836809,-1.8975082808415784,4.993969088575604,0.7039751395052698,20.242127047218418
1,backsliding_Nyr,Y_debt,Debt / GDP,fiscal,instr-antiplural_w1_trt-ert_gapany_illib0p8655367_opp0p8655367_ctrypct_exclyr,backsliding_Nyr,387,9,0.07134134115398012,0.4098384153761199,367,9,-8.555435676842894,3.507618844478676,0.01472386349250372,-94.67084673524684,232.90125057807504,0.6843863333036511,25.30730998455586
1,backsliding_Nyr,Y_deficit,Deficit / GDP,fiscal,instr-antiplural_w1_trt-ert_gapany_illib0p8655367_opp0p8655367_ctrypct_exclyr,backsliding_Nyr,387,9,0.07134134115398012,0.4098384153761199,311,9,-0.03582921586588084,2.367629339927795,0.9879261138563804,-2.598446352750218,37.74868000102503,0.9451206215308844,22.070508759642763
1,backsliding_Nyr,Y_checks_balances,Checks & balances,institutions,instr-antiplural_w1_trt-ert_gapany_illib0p8655367_opp0p8655367_ctrypct_exclyr,backsliding_Nyr,387,9,0.07134134115398012,0.4098384153761199,377,9,-0.03790558507470472,0.03785361796047675,0.3166465877658149,-0.459901774046658,0.921155305430814,0.6175918135013677,18.675297112858125
1,backsliding_Nyr,Y_jucon,Judicial constraints,institutions,instr-antiplural_w1_trt-ert_gapany_illib0p8655367_opp0p8655367_ctrypct_exclyr,backsliding_Nyr,387,9,0.07134134115398012,0.4098384153761199,386,9,-0.0112393422730979,0.02791847839085693,0.6872593007832017,-0.0290396529603078,1.0378865765386531,0.9776784203093328,25.63823222052006
1,backsliding_Nyr,Y_legcon,Legislative constraints,institutions,instr-antiplural_w1_trt-ert_gapany_illib0p8655367_opp0p8655367_ctrypct_exclyr,backsliding_Nyr,387,9,0.07134134115398012,0.4098384153761199,377,9,-0.10476764193639646,0.06182115444015582,0.0901343980514601,-1.3058958133735497,2.034980811251116,0.5210524712494087,18.90191443575825
1,backsliding_Nyr,Y_hos_power,HOS,exec_power,instr-antiplural_w1_trt-ert_gapany_illib0p8655367_opp0p8655367_ctrypct_exclyr,backsliding_Nyr,387,9,0.07134134115398012,0.4098384153761199,386,9,0.01771037018750781,0.01830691210463593,0.33333691977543783,0.17193839741162925,0.4748760841950663,0.717299699988349,21.52900014063477
1,backsliding_Nyr,Y_hog_power,HOG,exec_power,instr-antiplural_w1_trt-ert_gapany_illib0p8655367_opp0p8655367_ctrypct_exclyr,backsliding_Nyr,387,9,0.07134134115398012,0.4098384153761199,180,7,0.0366014106180573,0.03414138397237182,0.2836957341115858,0.08782794175308106,2.2842941663819607,0.969330002263494,24.30649125760176
1,backsliding_Nyr,Y_hos_power_vdem,HOS (v2ex_hosw),exec_power_alt,instr-antiplural_w1_trt-ert_gapany_illib0p8655367_opp0p8655367_ctrypct_exclyr,backsliding_Nyr,387,9,0.07134134115398012,0.4098384153761199,386,9,-0.00623403468481317,0.00445978896244003,0.1621635925524419,-0.09632532391793132,0.06744626894652464,0.15324043311836824,11.906966786305292
1,backsliding_Nyr,Y_hog_power_vdem,HOG (v2ex_hogw),exec_power_alt,instr-antiplural_w1_trt-ert_gapany_illib0p8655367_opp0p8655367_ctrypct_exclyr,backsliding_Nyr,387,9,0.07134134115398012,0.4098384153761199,386,9,0.00165010604783241,0.00352003851831197,0.6392304731344187,0.0781515556828096,0.07117066300227957,0.2721666495017029,11.612369652700448
1,backsliding_Nyr,Y_polyarchy,Electoral (polyarchy),vdem_high,instr-antiplural_w1_trt-ert_gapany_illib0p8655367_opp0p8655367_ctrypct_exclyr,backsliding_Nyr,387,9,0.07134134115398012,0.4098384153761199,386,9,-0.03424599037728219,0.02500735979841304,0.17086288260098004,-0.4876083240193697,2.0917028504762105,0.8156717309946159,25.153082801982567
1,backsliding_Nyr,Y_libdem,Liberal,vdem_high,instr-antiplural_w1_trt-ert_gapany_illib0p8655367_opp0p8655367_ctrypct_exclyr,backsliding_Nyr,387,9,0.07134134115398012,0.4098384153761199,386,9,-0.03428645253261887,0.02384422484634998,0.15045241356819,-0.4154153703228214,1.6363667857798485,0.7996002723439196,24.929458049851853
1,backsliding_Nyr,Y_partipdem,Participatory,vdem_high,instr-antiplural_w1_trt-ert_gapany_illib0p8655367_opp0p8655367_ctrypct_exclyr,backsliding_Nyr,387,9,0.07134134115398012,0.4098384153761199,385,9,-0.01113821572902004,0.01580173315803417,0.48088924760788865,-0.22805654824242316,0.9666687590874702,0.8134947046602337,24.002980449134025
1,backsliding_Nyr,Y_delibdem,Deliberative,vdem_high,instr-antiplural_w1_trt-ert_gapany_illib0p8655367_opp0p8655367_ctrypct_exclyr,backsliding_Nyr,387,9,0.07134134115398012,0.4098384153761199,386,9,-0.02719722692818552,0.02975902577275054,0.3607613895216112,-0.5003397322547404,2.0112916080813408,0.8035422678743063,25.635066276991132
1,backsliding_Nyr,Y_egaldem,Egalitarian,vdem_high,instr-antiplural_w1_trt-ert_gapany_illib0p8655367_opp0p8655367_ctrypct_exclyr,backsliding_Nyr,387,9,0.07134134115398012,0.4098384153761199,386,9,0.00653903751579731,0.01908507867784033,0.731880101807137,-0.18169163367182137,0.8371930560725613,0.828189038270908,23.280620499858717
1,backsliding_Nyr,Y_elecoff,Elected officials,vdem_electoral,instr-antiplural_w1_trt-ert_gapany_illib0p8655367_opp0p8655367_ctrypct_exclyr,backsliding_Nyr,387,9,0.07134134115398012,0.4098384153761199,386,9,-0.13046762543506327,0.07049866752851337,0.06422141962777182,-1.9726978683531744,5.004375402301264,0.693437356194155,26.226401500070462
1,backsliding_Nyr,Y_frefair,Clean elections,vdem_electoral,instr-antiplural_w1_trt-ert_gapany_illib0p8655367_opp0p8655367_ctrypct_exclyr,backsliding_Nyr,387,9,0.07134134115398012,0.4098384153761199,386,9,-0.05007627485718196,0.03628945864460603,0.16761361069728664,-0.5381939768374553,2.3881246280982964,0.8216972036629423,24.07418188283121
1,backsliding_Nyr,Y_frassoc,Association,vdem_electoral,instr-antiplural_w1_trt-ert_gapany_illib0p8655367_opp0p8655367_ctrypct_exclyr,backsliding_Nyr,387,9,0.07134134115398012,0.4098384153761199,386,9,-0.04644390108862076,0.02958947709282779,0.11650616998678412,-0.484515007337198,2.3596205038054108,0.8373096287248242,25.859901617049076
1,backsliding_Nyr,Y_suffr,Suffrage,vdem_electoral,instr-antiplural_w1_trt-ert_gapany_illib0p8655367_opp0p8655367_ctrypct_exclyr,backsliding_Nyr,387,9,0.07134134115398012,0.4098384153761199,386,9,-4.362772117955638e-4,3.8873430895298864e-4,0.2617341442404358,-0.00631327565256959,0.0111704628308771,0.5719541717107274,16.313986833231475
1,backsliding_Nyr,Y_freexp,Expression & alt. info,vdem_electoral,instr-antiplural_w1_trt-ert_gapany_illib0p8655367_opp0p8655367_ctrypct_exclyr,backsliding_Nyr,387,9,0.07134134115398012,0.4098384153761199,386,9,-0.03320650577820507,0.02610603634562562,0.20337818840928729,-0.5192559490939382,2.4799520334077965,0.8341504737175703,26.216455990448736
1,backsliding_Nyr,Y_cl_rol,Rule of law,vdem_liberal,instr-antiplural_w1_trt-ert_gapany_illib0p8655367_opp0p8655367_ctrypct_exclyr,backsliding_Nyr,387,9,0.07134134115398012,0.4098384153761199,386,9,-0.0374795953747413,0.02239149541715211,0.0941636756715577,-0.407696896721083,1.8706539507356976,0.8274731221826647,24.983197579570483
1,backsliding_Nyr,Y_cspart,Civil society,vdem_particip,instr-antiplural_w1_trt-ert_gapany_illib0p8655367_opp0p8655367_ctrypct_exclyr,backsliding_Nyr,387,9,0.07134134115398012,0.4098384153761199,386,9,-0.01122228361125899,0.02435903998566099,0.6450116784318283,-0.11073473827103245,0.778301667307973,0.8868608964572859,25.48895950433785
1,backsliding_Nyr,Y_dd,Direct democracy,vdem_particip,instr-antiplural_w1_trt-ert_gapany_illib0p8655367_opp0p8655367_ctrypct_exclyr,backsliding_Nyr,387,9,0.07134134115398012,0.4098384153761199,386,9,0.0077463245783723,0.01320589467650223,0.5574852647262332,0.10911384382162868,0.337627559782794,0.7465603417773237,18.235997229445484
1,backsliding_Nyr,Y_locelec,Local elections,vdem_particip,instr-antiplural_w1_trt-ert_gapany_illib0p8655367_opp0p8655367_ctrypct_exclyr,backsliding_Nyr,387,9,0.07134134115398012,0.4098384153761199,381,9,-0.01378664842399783,0.02203143483493499,0.5314646968124458,-0.10296588425377916,0.8147592438901516,0.8994344252957682,24.20887025370544
1,backsliding_Nyr,Y_regelec,Regional elections,vdem_particip,instr-antiplural_w1_trt-ert_gapany_illib0p8655367_opp0p8655367_ctrypct_exclyr,backsliding_Nyr,387,9,0.07134134115398012,0.4098384153761199,385,9,-0.05440271249835167,0.02936223116398604,0.06390922052879464,-0.7918739670608117,1.710076816713573,0.6433189309657614,23.198059686899256
1,backsliding_Nyr,Y_delib,Deliberation,vdem_egal_delib,instr-antiplural_w1_trt-ert_gapany_illib0p8655367_opp0p8655367_ctrypct_exclyr,backsliding_Nyr,387,9,0.07134134115398012,0.4098384153761199,386,9,-0.06839145333592685,0.03714732074000591,0.06560879450375912,-0.8054995247130243,3.0233796485179765,0.7899130337983283,26.51805776932136
1,backsliding_Nyr,Y_eqprotec,Equal protection,vdem_egal_delib,instr-antiplural_w1_trt-ert_gapany_illib0p8655367_opp0p8655367_ctrypct_exclyr,backsliding_Nyr,387,9,0.07134134115398012,0.4098384153761199,386,9,0.02057225333753817,0.01686246611108646,0.2224638703977447,0.29763514275473607,0.5174994490951296,0.5651959514820979,22.850535498965257
1,backsliding_Nyr,Y_eqaccess,Equal access,vdem_egal_delib,instr-antiplural_w1_trt-ert_gapany_illib0p8655367_opp0p8655367_ctrypct_exclyr,backsliding_Nyr,387,9,0.07134134115398012,0.4098384153761199,386,9,0.01164178338886596,0.01899420369306012,0.5399342492061172,-0.26508509224569615,0.9391311112608496,0.7777393009804912,26.370638554294803
1,backsliding_Nyr,Y_eqdr,Equal distribution,vdem_egal_delib,instr-antiplural_w1_trt-ert_gapany_illib0p8655367_opp0p8655367_ctrypct_exclyr,backsliding_Nyr,387,9,0.07134134115398012,0.4098384153761199,386,9,-0.00512007156500377,0.01461708667383268,0.726128653189025,-0.04874734968984537,0.35603759804146234,0.8910969566223016,22.246641715852228
1,backsliding_union_Nyr,Y_gdp_growth,PWT,growth,instr-antiplural_w1_trt-ertOrDdcg_gapany_illib0p8655367_opp0p8655367_ctrypct_exclyr,backsliding_union_Nyr,387,9,0.07134134115398012,0.4098384153761199,371,9,-0.03836953354370071,0.04051893697911657,0.3436626710356686,-0.3532532888243314,0.7238828103740568,0.6255513309690532,23.390536738681924
1,backsliding_union_Nyr,Y_gdp_growth_wb,World Bank,growth,instr-antiplural_w1_trt-ertOrDdcg_gapany_illib0p8655367_opp0p8655367_ctrypct_exclyr,backsliding_union_Nyr,387,9,0.07134134115398012,0.4098384153761199,380,9,0.02129251679689824,0.02354145514705402,0.36574675599683815,0.3767647340973939,1.177249094997324,0.7489393388103549,28.642817161896588
1,backsliding_union_Nyr,Y_gdp_growth_imf,IMF WEO,growth,instr-antiplural_w1_trt-ertOrDdcg_gapany_illib0p8655367_opp0p8655367_ctrypct_exclyr,backsliding_union_Nyr,387,9,0.07134134115398012,0.4098384153761199,263,6,-0.00101591941270734,0.02557193155607683,0.968310049734562,NA,NA,NA,NA
1,backsliding_union_Nyr,Y_inflation,"CPI, cumulative log",inflation,instr-antiplural_w1_trt-ertOrDdcg_gapany_illib0p8655367_opp0p8655367_ctrypct_exclyr,backsliding_union_Nyr,387,9,0.07134134115398012,0.4098384153761199,347,9,-0.0860211838590757,0.11759192479014098,0.4644598325224344,-1.7927381770790576,5.193739987043592,0.7299644076498419,25.242683274645525
1,backsliding_union_Nyr,Y_unemployment,Unemployment rate,unemployment,instr-antiplural_w1_trt-ertOrDdcg_gapany_illib0p8655367_opp0p8655367_ctrypct_exclyr,backsliding_union_Nyr,387,9,0.07134134115398012,0.4098384153761199,251,8,-0.6442817276990576,0.585791875652758,0.2713985740595889,-7.901108310568612,15.223677646961129,0.6037598428984268,18.32763061948119
1,backsliding_union_Nyr,Y_trade_pct_gdp,Trade / GDP,trade,instr-antiplural_w1_trt-ertOrDdcg_gapany_illib0p8655367_opp0p8655367_ctrypct_exclyr,backsliding_union_Nyr,387,9,0.07134134115398012,0.4098384153761199,342,7,6.757775474229242,4.147555429416335,0.10324118978283904,121.00619825402217,696.2912755039738,0.8620330574187407,20.91631749852179
1,backsliding_union_Nyr,Y_top10_share,Top-10% income share,top10,instr-antiplural_w1_trt-ertOrDdcg_gapany_illib0p8655367_opp0p8655367_ctrypct_exclyr,backsliding_union_Nyr,387,9,0.07134134115398012,0.4098384153761199,341,8,0.22252860017032852,0.5344808881237925,0.6771573564336166,5.060219662062351,12.646238754414888,0.6890561012405949,22.310974289529337
1,backsliding_union_Nyr,Y_gini_disp,Disposable,gini,instr-antiplural_w1_trt-ertOrDdcg_gapany_illib0p8655367_opp0p8655367_ctrypct_exclyr,backsliding_union_Nyr,387,9,0.07134134115398012,0.4098384153761199,296,9,0.13174237472960731,0.28190963451871204,0.6402700249346309,1.0463457487517642,5.813945655501188,0.8571747767024677,20.758801105444856
1,backsliding_union_Nyr,Y_gini_mkt,Market,gini,instr-antiplural_w1_trt-ertOrDdcg_gapany_illib0p8655367_opp0p8655367_ctrypct_exclyr,backsliding_union_Nyr,387,9,0.07134134115398012,0.4098384153761199,296,9,-0.16531837101562247,0.26217147373755134,0.5283194623836809,-1.8975082808415784,4.993969088575604,0.7039751395052698,20.242127047218418
1,backsliding_union_Nyr,Y_debt,Debt / GDP,fiscal,instr-antiplural_w1_trt-ertOrDdcg_gapany_illib0p8655367_opp0p8655367_ctrypct_exclyr,backsliding_union_Nyr,387,9,0.07134134115398012,0.4098384153761199,367,9,-8.555435676842894,3.507618844478676,0.01472386349250372,-94.67084673524684,232.90125057807504,0.6843863333036511,25.30730998455586
1,backsliding_union_Nyr,Y_deficit,Deficit / GDP,fiscal,instr-antiplural_w1_trt-ertOrDdcg_gapany_illib0p8655367_opp0p8655367_ctrypct_exclyr,backsliding_union_Nyr,387,9,0.07134134115398012,0.4098384153761199,311,9,-0.03582921586588084,2.367629339927795,0.9879261138563804,-2.598446352750218,37.74868000102503,0.9451206215308844,22.070508759642763
1,backsliding_union_Nyr,Y_checks_balances,Checks & balances,institutions,instr-antiplural_w1_trt-ertOrDdcg_gapany_illib0p8655367_opp0p8655367_ctrypct_exclyr,backsliding_union_Nyr,387,9,0.07134134115398012,0.4098384153761199,377,9,-0.03790558507470472,0.03785361796047675,0.3166465877658149,-0.459901774046658,0.921155305430814,0.6175918135013677,18.675297112858125
1,backsliding_union_Nyr,Y_jucon,Judicial constraints,institutions,instr-antiplural_w1_trt-ertOrDdcg_gapany_illib0p8655367_opp0p8655367_ctrypct_exclyr,backsliding_union_Nyr,387,9,0.07134134115398012,0.4098384153761199,386,9,-0.0112393422730979,0.02791847839085693,0.6872593007832017,-0.0290396529603078,1.0378865765386531,0.9776784203093328,25.63823222052006
1,backsliding_union_Nyr,Y_legcon,Legislative constraints,institutions,instr-antiplural_w1_trt-ertOrDdcg_gapany_illib0p8655367_opp0p8655367_ctrypct_exclyr,backsliding_union_Nyr,387,9,0.07134134115398012,0.4098384153761199,377,9,-0.10476764193639646,0.06182115444015582,0.0901343980514601,-1.3058958133735497,2.034980811251116,0.5210524712494087,18.90191443575825
1,backsliding_union_Nyr,Y_hos_power,HOS,exec_power,instr-antiplural_w1_trt-ertOrDdcg_gapany_illib0p8655367_opp0p8655367_ctrypct_exclyr,backsliding_union_Nyr,387,9,0.07134134115398012,0.4098384153761199,386,9,0.01771037018750781,0.01830691210463593,0.33333691977543783,0.17193839741162925,0.4748760841950663,0.717299699988349,21.52900014063477
1,backsliding_union_Nyr,Y_hog_power,HOG,exec_power,instr-antiplural_w1_trt-ertOrDdcg_gapany_illib0p8655367_opp0p8655367_ctrypct_exclyr,backsliding_union_Nyr,387,9,0.07134134115398012,0.4098384153761199,180,7,0.0366014106180573,0.03414138397237182,0.2836957341115858,0.08782794175308106,2.2842941663819607,0.969330002263494,24.30649125760176
1,backsliding_union_Nyr,Y_hos_power_vdem,HOS (v2ex_hosw),exec_power_alt,instr-antiplural_w1_trt-ertOrDdcg_gapany_illib0p8655367_opp0p8655367_ctrypct_exclyr,backsliding_union_Nyr,387,9,0.07134134115398012,0.4098384153761199,386,9,-0.00623403468481317,0.00445978896244003,0.1621635925524419,-0.09632532391793132,0.06744626894652464,0.15324043311836824,11.906966786305292
1,backsliding_union_Nyr,Y_hog_power_vdem,HOG (v2ex_hogw),exec_power_alt,instr-antiplural_w1_trt-ertOrDdcg_gapany_illib0p8655367_opp0p8655367_ctrypct_exclyr,backsliding_union_Nyr,387,9,0.07134134115398012,0.4098384153761199,386,9,0.00165010604783241,0.00352003851831197,0.6392304731344187,0.0781515556828096,0.07117066300227957,0.2721666495017029,11.612369652700448
1,backsliding_union_Nyr,Y_polyarchy,Electoral (polyarchy),vdem_high,instr-antiplural_w1_trt-ertOrDdcg_gapany_illib0p8655367_opp0p8655367_ctrypct_exclyr,backsliding_union_Nyr,387,9,0.07134134115398012,0.4098384153761199,386,9,-0.03424599037728219,0.02500735979841304,0.17086288260098004,-0.4876083240193697,2.0917028504762105,0.8156717309946159,25.153082801982567
1,backsliding_union_Nyr,Y_libdem,Liberal,vdem_high,instr-antiplural_w1_trt-ertOrDdcg_gapany_illib0p8655367_opp0p8655367_ctrypct_exclyr,backsliding_union_Nyr,387,9,0.07134134115398012,0.4098384153761199,386,9,-0.03428645253261887,0.02384422484634998,0.15045241356819,-0.4154153703228214,1.6363667857798485,0.7996002723439196,24.929458049851853
1,backsliding_union_Nyr,Y_partipdem,Participatory,vdem_high,instr-antiplural_w1_trt-ertOrDdcg_gapany_illib0p8655367_opp0p8655367_ctrypct_exclyr,backsliding_union_Nyr,387,9,0.07134134115398012,0.4098384153761199,385,9,-0.01113821572902004,0.01580173315803417,0.48088924760788865,-0.22805654824242316,0.9666687590874702,0.8134947046602337,24.002980449134025
1,backsliding_union_Nyr,Y_delibdem,Deliberative,vdem_high,instr-antiplural_w1_trt-ertOrDdcg_gapany_illib0p8655367_opp0p8655367_ctrypct_exclyr,backsliding_union_Nyr,387,9,0.07134134115398012,0.4098384153761199,386,9,-0.02719722692818552,0.02975902577275054,0.3607613895216112,-0.5003397322547404,2.0112916080813408,0.8035422678743063,25.635066276991132
1,backsliding_union_Nyr,Y_egaldem,Egalitarian,vdem_high,instr-antiplural_w1_trt-ertOrDdcg_gapany_illib0p8655367_opp0p8655367_ctrypct_exclyr,backsliding_union_Nyr,387,9,0.07134134115398012,0.4098384153761199,386,9,0.00653903751579731,0.01908507867784033,0.731880101807137,-0.18169163367182137,0.8371930560725613,0.828189038270908,23.280620499858717
1,backsliding_union_Nyr,Y_elecoff,Elected officials,vdem_electoral,instr-antiplural_w1_trt-ertOrDdcg_gapany_illib0p8655367_opp0p8655367_ctrypct_exclyr,backsliding_union_Nyr,387,9,0.07134134115398012,0.4098384153761199,386,9,-0.13046762543506327,0.07049866752851337,0.06422141962777182,-1.9726978683531744,5.004375402301264,0.693437356194155,26.226401500070462
1,backsliding_union_Nyr,Y_frefair,Clean elections,vdem_electoral,instr-antiplural_w1_trt-ertOrDdcg_gapany_illib0p8655367_opp0p8655367_ctrypct_exclyr,backsliding_union_Nyr,387,9,0.07134134115398012,0.4098384153761199,386,9,-0.05007627485718196,0.03628945864460603,0.16761361069728664,-0.5381939768374553,2.3881246280982964,0.8216972036629423,24.07418188283121
1,backsliding_union_Nyr,Y_frassoc,Association,vdem_electoral,instr-antiplural_w1_trt-ertOrDdcg_gapany_illib0p8655367_opp0p8655367_ctrypct_exclyr,backsliding_union_Nyr,387,9,0.07134134115398012,0.4098384153761199,386,9,-0.04644390108862076,0.02958947709282779,0.11650616998678412,-0.484515007337198,2.3596205038054108,0.8373096287248242,25.859901617049076
1,backsliding_union_Nyr,Y_suffr,Suffrage,vdem_electoral,instr-antiplural_w1_trt-ertOrDdcg_gapany_illib0p8655367_opp0p8655367_ctrypct_exclyr,backsliding_union_Nyr,387,9,0.07134134115398012,0.4098384153761199,386,9,-4.362772117955638e-4,3.8873430895298864e-4,0.2617341442404358,-0.00631327565256959,0.0111704628308771,0.5719541717107274,16.313986833231475
1,backsliding_union_Nyr,Y_freexp,Expression & alt. info,vdem_electoral,instr-antiplural_w1_trt-ertOrDdcg_gapany_illib0p8655367_opp0p8655367_ctrypct_exclyr,backsliding_union_Nyr,387,9,0.07134134115398012,0.4098384153761199,386,9,-0.03320650577820507,0.02610603634562562,0.20337818840928729,-0.5192559490939382,2.4799520334077965,0.8341504737175703,26.216455990448736
1,backsliding_union_Nyr,Y_cl_rol,Rule of law,vdem_liberal,instr-antiplural_w1_trt-ertOrDdcg_gapany_illib0p8655367_opp0p8655367_ctrypct_exclyr,backsliding_union_Nyr,387,9,0.07134134115398012,0.4098384153761199,386,9,-0.0374795953747413,0.02239149541715211,0.0941636756715577,-0.407696896721083,1.8706539507356976,0.8274731221826647,24.983197579570483
1,backsliding_union_Nyr,Y_cspart,Civil society,vdem_particip,instr-antiplural_w1_trt-ertOrDdcg_gapany_illib0p8655367_opp0p8655367_ctrypct_exclyr,backsliding_union_Nyr,387,9,0.07134134115398012,0.4098384153761199,386,9,-0.01122228361125899,0.02435903998566099,0.6450116784318283,-0.11073473827103245,0.778301667307973,0.8868608964572859,25.48895950433785
1,backsliding_union_Nyr,Y_dd,Direct democracy,vdem_particip,instr-antiplural_w1_trt-ertOrDdcg_gapany_illib0p8655367_opp0p8655367_ctrypct_exclyr,backsliding_union_Nyr,387,9,0.07134134115398012,0.4098384153761199,386,9,0.0077463245783723,0.01320589467650223,0.5574852647262332,0.10911384382162868,0.337627559782794,0.7465603417773237,18.235997229445484
1,backsliding_union_Nyr,Y_locelec,Local elections,vdem_particip,instr-antiplural_w1_trt-ertOrDdcg_gapany_illib0p8655367_opp0p8655367_ctrypct_exclyr,backsliding_union_Nyr,387,9,0.07134134115398012,0.4098384153761199,381,9,-0.01378664842399783,0.02203143483493499,0.5314646968124458,-0.10296588425377916,0.8147592438901516,0.8994344252957682,24.20887025370544
1,backsliding_union_Nyr,Y_regelec,Regional elections,vdem_particip,instr-antiplural_w1_trt-ertOrDdcg_gapany_illib0p8655367_opp0p8655367_ctrypct_exclyr,backsliding_union_Nyr,387,9,0.07134134115398012,0.4098384153761199,385,9,-0.05440271249835167,0.02936223116398604,0.06390922052879464,-0.7918739670608117,1.710076816713573,0.6433189309657614,23.198059686899256
1,backsliding_union_Nyr,Y_delib,Deliberation,vdem_egal_delib,instr-antiplural_w1_trt-ertOrDdcg_gapany_illib0p8655367_opp0p8655367_ctrypct_exclyr,backsliding_union_Nyr,387,9,0.07134134115398012,0.4098384153761199,386,9,-0.06839145333592685,0.03714732074000591,0.06560879450375912,-0.8054995247130243,3.0233796485179765,0.7899130337983283,26.51805776932136
1,backsliding_union_Nyr,Y_eqprotec,Equal protection,vdem_egal_delib,instr-antiplural_w1_trt-ertOrDdcg_gapany_illib0p8655367_opp0p8655367_ctrypct_exclyr,backsliding_union_Nyr,387,9,0.07134134115398012,0.4098384153761199,386,9,0.02057225333753817,0.01686246611108646,0.2224638703977447,0.29763514275473607,0.5174994490951296,0.5651959514820979,22.850535498965257
1,backsliding_union_Nyr,Y_eqaccess,Equal access,vdem_egal_delib,instr-antiplural_w1_trt-ertOrDdcg_gapany_illib0p8655367_opp0p8655367_ctrypct_exclyr,backsliding_union_Nyr,387,9,0.07134134115398012,0.4098384153761199,386,9,0.01164178338886596,0.01899420369306012,0.5399342492061172,-0.26508509224569615,0.9391311112608496,0.7777393009804912,26.370638554294803
1,backsliding_union_Nyr,Y_eqdr,Equal distribution,vdem_egal_delib,instr-antiplural_w1_trt-ertOrDdcg_gapany_illib0p8655367_opp0p8655367_ctrypct_exclyr,backsliding_union_Nyr,387,9,0.07134134115398012,0.4098384153761199,386,9,-0.00512007156500377,0.01461708667383268,0.726128653189025,-0.04874734968984537,0.35603759804146234,0.8910969566223016,22.246641715852228
1,polyarchy_decline,Y_gdp_growth,PWT,growth,instr-antiplural_w1_trt-polyarchy_gapany_illib0p8655367_opp0p8655367_ctrypct_exclyr,polyarchy_decline,386,170,0.03424599037728219,0.17086288260098004,371,162,-0.03836953354370071,0.04051893697911657,0.3436626710356686,-0.7328798527049637,0.9221823811867302,0.42677445832585814,20.96301354412028
1,polyarchy_decline,Y_gdp_growth_wb,World Bank,growth,instr-antiplural_w1_trt-polyarchy_gapany_illib0p8655367_opp0p8655367_ctrypct_exclyr,polyarchy_decline,386,170,0.03424599037728219,0.17086288260098004,380,169,0.02129251679689824,0.02354145514705402,0.36574675599683815,0.4832282130068461,0.5628883095910052,0.39062760976228783,23.13687880945237
1,polyarchy_decline,Y_gdp_growth_imf,IMF WEO,growth,instr-antiplural_w1_trt-polyarchy_gapany_illib0p8655367_opp0p8655367_ctrypct_exclyr,polyarchy_decline,386,170,0.03424599037728219,0.17086288260098004,263,116,-0.00101591941270734,0.02557193155607683,0.968310049734562,-0.02273714336451502,0.5801326354105496,0.9687365076903524,25.86139715888804
1,polyarchy_decline,Y_inflation,"CPI, cumulative log",inflation,instr-antiplural_w1_trt-polyarchy_gapany_illib0p8655367_opp0p8655367_ctrypct_exclyr,polyarchy_decline,386,170,0.03424599037728219,0.17086288260098004,347,158,-0.0860211838590757,0.11759192479014098,0.4644598325224344,-3.086779016946962,3.674302506940558,0.40085270449378313,23.752503471137672
1,polyarchy_decline,Y_unemployment,Unemployment rate,unemployment,instr-antiplural_w1_trt-polyarchy_gapany_illib0p8655367_opp0p8655367_ctrypct_exclyr,polyarchy_decline,386,170,0.03424599037728219,0.17086288260098004,251,133,-0.6442817276990576,0.585791875652758,0.2713985740595889,-32.2076736822623,54.90283928791209,0.5574519719887463,20.2902454919015
1,polyarchy_decline,Y_trade_pct_gdp,Trade / GDP,trade,instr-antiplural_w1_trt-polyarchy_gapany_illib0p8655367_opp0p8655367_ctrypct_exclyr,polyarchy_decline,386,170,0.03424599037728219,0.17086288260098004,342,153,6.757775474229242,4.147555429416335,0.10324118978283904,119.59583672271118,96.30015035237076,0.21427085449001293,26.467185735932073
1,polyarchy_decline,Y_top10_share,Top-10% income share,top10,instr-antiplural_w1_trt-polyarchy_gapany_illib0p8655367_opp0p8655367_ctrypct_exclyr,polyarchy_decline,386,170,0.03424599037728219,0.17086288260098004,341,151,0.22252860017032852,0.5344808881237925,0.6771573564336166,3.850125339148673,11.554285715221909,0.7389678136861266,22.88987376571896
1,polyarchy_decline,Y_gini_disp,Disposable,gini,instr-antiplural_w1_trt-polyarchy_gapany_illib0p8655367_opp0p8655367_ctrypct_exclyr,polyarchy_decline,386,170,0.03424599037728219,0.17086288260098004,296,134,0.13174237472960731,0.28190963451871204,0.6402700249346309,3.1835490677585105,4.72883307704712,0.5008067925635433,27.9865324982139
1,polyarchy_decline,Y_gini_mkt,Market,gini,instr-antiplural_w1_trt-polyarchy_gapany_illib0p8655367_opp0p8655367_ctrypct_exclyr,polyarchy_decline,386,170,0.03424599037728219,0.17086288260098004,296,134,-0.16531837101562247,0.26217147373755134,0.5283194623836809,-2.835038744577658,4.0006376386114395,0.4785437353484953,30.470988089328156
1,polyarchy_decline,Y_debt,Debt / GDP,fiscal,instr-antiplural_w1_trt-polyarchy_gapany_illib0p8655367_opp0p8655367_ctrypct_exclyr,polyarchy_decline,386,170,0.03424599037728219,0.17086288260098004,367,167,-8.555435676842894,3.507618844478676,0.01472386349250372,-563.0432526367633,360.9917672064355,0.1188279148539746,18.70358557788486
1,polyarchy_decline,Y_deficit,Deficit / GDP,fiscal,instr-antiplural_w1_trt-polyarchy_gapany_illib0p8655367_opp0p8655367_ctrypct_exclyr,polyarchy_decline,386,170,0.03424599037728219,0.17086288260098004,311,143,-0.03582921586588084,2.367629339927795,0.9879261138563804,3.946695753273066,44.68282442607306,0.929616852487708,27.579012812695524
1,polyarchy_decline,Y_checks_balances,Checks & balances,institutions,instr-antiplural_w1_trt-polyarchy_gapany_illib0p8655367_opp0p8655367_ctrypct_exclyr,polyarchy_decline,386,170,0.03424599037728219,0.17086288260098004,377,170,-0.03790558507470472,0.03785361796047675,0.3166465877658149,-4.239342313349442,3.642839192284946,0.24452665293389023,16.2828300882362
1,polyarchy_decline,Y_jucon,Judicial constraints,institutions,instr-antiplural_w1_trt-polyarchy_gapany_illib0p8655367_opp0p8655367_ctrypct_exclyr,polyarchy_decline,386,170,0.03424599037728219,0.17086288260098004,386,170,-0.0112393422730979,0.02791847839085693,0.6872593007832017,-0.29411982242739676,0.44791459157545543,0.5114107210777865,26.13314414632906
1,polyarchy_decline,Y_legcon,Legislative constraints,institutions,instr-antiplural_w1_trt-polyarchy_gapany_illib0p8655367_opp0p8655367_ctrypct_exclyr,polyarchy_decline,386,170,0.03424599037728219,0.17086288260098004,377,170,-0.10476764193639646,0.06182115444015582,0.0901343980514601,-11.292076164754764,9.467563924279553,0.23298222317345835,17.12466832681124
1,polyarchy_decline,Y_hos_power,HOS,exec_power,instr-antiplural_w1_trt-polyarchy_gapany_illib0p8655367_opp0p8655367_ctrypct_exclyr,polyarchy_decline,386,170,0.03424599037728219,0.17086288260098004,386,170,0.01771037018750781,0.01830691210463593,0.33333691977543783,0.24503312592319937,0.27779159407481396,0.3777360450243804,30.15415369390203
1,polyarchy_decline,Y_hog_power,HOG,exec_power,instr-antiplural_w1_trt-polyarchy_gapany_illib0p8655367_opp0p8655367_ctrypct_exclyr,polyarchy_decline,386,170,0.03424599037728219,0.17086288260098004,180,80,0.0366014106180573,0.03414138397237182,0.2836957341115858,0.4286274765713301,0.6489754734164405,0.5089536029691732,24.261510268191746
1,polyarchy_decline,Y_hos_power_vdem,HOS (v2ex_hosw),exec_power_alt,instr-antiplural_w1_trt-polyarchy_gapany_illib0p8655367_opp0p8655367_ctrypct_exclyr,polyarchy_decline,386,170,0.03424599037728219,0.17086288260098004,386,170,-0.00623403468481317,0.00445978896244003,0.1621635925524419,0.30125673080671084,0.2379911377051507,0.20557333667228272,21.94253079319987
1,polyarchy_decline,Y_hog_power_vdem,HOG (v2ex_hogw),exec_power_alt,instr-antiplural_w1_trt-polyarchy_gapany_illib0p8655367_opp0p8655367_ctrypct_exclyr,polyarchy_decline,386,170,0.03424599037728219,0.17086288260098004,386,170,0.00165010604783241,0.00352003851831197,0.6392304731344187,-0.27710923286475986,0.233125557826528,0.23456975962871832,20.82518886534429
1,polyarchy_decline,Y_polyarchy,Electoral (polyarchy),vdem_high,instr-antiplural_w1_trt-polyarchy_gapany_illib0p8655367_opp0p8655367_ctrypct_exclyr,polyarchy_decline,386,170,0.03424599037728219,0.17086288260098004,386,170,-0.03424599037728219,0.02500735979841304,0.17086288260098004,-1,3.271771201267403e-17,0,21.552495676501913
1,polyarchy_decline,Y_libdem,Liberal,vdem_high,instr-antiplural_w1_trt-polyarchy_gapany_illib0p8655367_opp0p8655367_ctrypct_exclyr,polyarchy_decline,386,170,0.03424599037728219,0.17086288260098004,386,170,-0.03428645253261887,0.02384422484634998,0.15045241356819,-0.8445158140900876,0.19312684367107308,1.2263179921984029e-5,22.764933807075455
1,polyarchy_decline,Y_partipdem,Participatory,vdem_high,instr-antiplural_w1_trt-polyarchy_gapany_illib0p8655367_opp0p8655367_ctrypct_exclyr,polyarchy_decline,386,170,0.03424599037728219,0.17086288260098004,385,170,-0.01113821572902004,0.01580173315803417,0.48088924760788865,-0.5016320056505419,0.0983368939551893,3.375820915093055e-7,26.3054890524868
1,polyarchy_decline,Y_delibdem,Deliberative,vdem_high,instr-antiplural_w1_trt-polyarchy_gapany_illib0p8655367_opp0p8655367_ctrypct_exclyr,polyarchy_decline,386,170,0.03424599037728219,0.17086288260098004,386,170,-0.02719722692818552,0.02975902577275054,0.3607613895216112,-0.884974870717492,0.2515185875607707,4.339501144297231e-4,28.0266001261209
1,polyarchy_decline,Y_egaldem,Egalitarian,vdem_high,instr-antiplural_w1_trt-polyarchy_gapany_illib0p8655367_opp0p8655367_ctrypct_exclyr,polyarchy_decline,386,170,0.03424599037728219,0.17086288260098004,386,170,0.00653903751579731,0.01908507867784033,0.731880101807137,-0.35797530947735895,0.22068778142705095,0.1047842089154429,21.322359326876075
1,polyarchy_decline,Y_elecoff,Elected officials,vdem_electoral,instr-antiplural_w1_trt-polyarchy_gapany_illib0p8655367_opp0p8655367_ctrypct_exclyr,polyarchy_decline,386,170,0.03424599037728219,0.17086288260098004,386,170,-0.13046762543506327,0.07049866752851337,0.06422141962777182,-2.856161035654435,1.0694705171414611,0.00757088402149867,24.41507722923471
1,polyarchy_decline,Y_frefair,Clean elections,vdem_electoral,instr-antiplural_w1_trt-polyarchy_gapany_illib0p8655367_opp0p8655367_ctrypct_exclyr,polyarchy_decline,386,170,0.03424599037728219,0.17086288260098004,386,170,-0.05007627485718196,0.03628945864460603,0.16761361069728664,-1.1733517313311232,0.2978332500723948,8.160860018297363e-5,29.979575333646675
1,polyarchy_decline,Y_frassoc,Association,vdem_electoral,instr-antiplural_w1_trt-polyarchy_gapany_illib0p8655367_opp0p8655367_ctrypct_exclyr,polyarchy_decline,386,170,0.03424599037728219,0.17086288260098004,386,170,-0.04644390108862076,0.02958947709282779,0.11650616998678412,-1.0446793062794535,0.34603030690162123,0.0025357712528809,24.291247694701628
1,polyarchy_decline,Y_suffr,Suffrage,vdem_electoral,instr-antiplural_w1_trt-polyarchy_gapany_illib0p8655367_opp0p8655367_ctrypct_exclyr,polyarchy_decline,386,170,0.03424599037728219,0.17086288260098004,386,170,-4.362772117955638e-4,3.8873430895298864e-4,0.2617341442404358,-0.0063246402721797,0.01182576864651949,0.5927753444019019,11.35645291430505
1,polyarchy_decline,Y_freexp,Expression & alt. info,vdem_electoral,instr-antiplural_w1_trt-polyarchy_gapany_illib0p8655367_opp0p8655367_ctrypct_exclyr,polyarchy_decline,386,170,0.03424599037728219,0.17086288260098004,386,170,-0.03320650577820507,0.02610603634562562,0.20337818840928729,-1.0595422671896928,0.26706182213137136,7.265962132524632e-5,26.91301675353649
1,polyarchy_decline,Y_cl_rol,Rule of law,vdem_liberal,instr-antiplural_w1_trt-polyarchy_gapany_illib0p8655367_opp0p8655367_ctrypct_exclyr,polyarchy_decline,386,170,0.03424599037728219,0.17086288260098004,386,170,-0.0374795953747413,0.02239149541715211,0.0941636756715577,-0.9543396292121724,0.4081188239778471,0.0193671971495719,21.87890641563591
1,polyarchy_decline,Y_cspart,Civil society,vdem_particip,instr-antiplural_w1_trt-polyarchy_gapany_illib0p8655367_opp0p8655367_ctrypct_exclyr,polyarchy_decline,386,170,0.03424599037728219,0.17086288260098004,386,170,-0.01122228361125899,0.02435903998566099,0.6450116784318283,-0.26021427716677464,0.3953212642282712,0.5103871626400052,26.682115564120323
1,polyarchy_decline,Y_dd,Direct democracy,vdem_particip,instr-antiplural_w1_trt-polyarchy_gapany_illib0p8655367_opp0p8655367_ctrypct_exclyr,polyarchy_decline,386,170,0.03424599037728219,0.17086288260098004,386,170,0.0077463245783723,0.01320589467650223,0.5574852647262332,0.27687700327319154,0.4646976079477142,0.551294223999051,19.837025708188385
1,polyarchy_decline,Y_locelec,Local elections,vdem_particip,instr-antiplural_w1_trt-polyarchy_gapany_illib0p8655367_opp0p8655367_ctrypct_exclyr,polyarchy_decline,386,170,0.03424599037728219,0.17086288260098004,381,168,-0.01378664842399783,0.02203143483493499,0.5314646968124458,-0.2850762726628503,0.37178273778213583,0.4432112018623418,24.582263718070777
1,polyarchy_decline,Y_regelec,Regional elections,vdem_particip,instr-antiplural_w1_trt-polyarchy_gapany_illib0p8655367_opp0p8655367_ctrypct_exclyr,polyarchy_decline,386,170,0.03424599037728219,0.17086288260098004,385,170,-0.05440271249835167,0.02936223116398604,0.06390922052879464,-0.971777920892964,0.5065614192727091,0.05506268871496461,26.657227560275683
1,polyarchy_decline,Y_delib,Deliberation,vdem_egal_delib,instr-antiplural_w1_trt-polyarchy_gapany_illib0p8655367_opp0p8655367_ctrypct_exclyr,polyarchy_decline,386,170,0.03424599037728219,0.17086288260098004,386,170,-0.06839145333592685,0.03714732074000591,0.06560879450375912,-1.3874995458511632,0.4856522909380773,0.00427690944892455,25.454904058809177
1,polyarchy_decline,Y_eqprotec,Equal protection,vdem_egal_delib,instr-antiplural_w1_trt-polyarchy_gapany_illib0p8655367_opp0p8655367_ctrypct_exclyr,polyarchy_decline,386,170,0.03424599037728219,0.17086288260098004,386,170,0.02057225333753817,0.01686246611108646,0.2224638703977447,0.4080238596985325,0.4267739594082993,0.33903914259088114,23.121726504235784
1,polyarchy_decline,Y_eqaccess,Equal access,vdem_egal_delib,instr-antiplural_w1_trt-polyarchy_gapany_illib0p8655367_opp0p8655367_ctrypct_exclyr,polyarchy_decline,386,170,0.03424599037728219,0.17086288260098004,386,170,0.01164178338886596,0.01899420369306012,0.5399342492061172,-0.26987175994836327,0.26323657867302813,0.305265925956831,23.983323869597427
1,polyarchy_decline,Y_eqdr,Equal distribution,vdem_egal_delib,instr-antiplural_w1_trt-polyarchy_gapany_illib0p8655367_opp0p8655367_ctrypct_exclyr,polyarchy_decline,386,170,0.03424599037728219,0.17086288260098004,386,170,-0.00512007156500377,0.01461708667383268,0.726128653189025,-0.11504780269766256,0.25986945857193605,0.6579727394519733,23.86912783745387
2,backsliding_Nyr,Y_gdp_growth,PWT,growth,instr-antiplural_w2_trt-ert_gapany_illib0p8655367_opp0p8655367_ctrypct_exclyr,backsliding_Nyr,387,19,0.11929652083436076,0.29961881970511983,367,18,-0.05354942941451249,0.05344028693887101,0.3163231510481934,-0.8975209941107228,1.6861002054710588,0.5945141848545736,16.55646247399637
2,backsliding_Nyr,Y_gdp_growth_wb,World Bank,growth,instr-antiplural_w2_trt-ert_gapany_illib0p8655367_opp0p8655367_ctrypct_exclyr,backsliding_Nyr,387,19,0.11929652083436076,0.29961881970511983,373,19,0.00733795005999582,0.03069058359174133,0.8110322983597209,-0.13817039441504722,0.4236364443317609,0.7443084256708921,17.328671875845902
2,backsliding_Nyr,Y_gdp_growth_imf,IMF WEO,growth,instr-antiplural_w2_trt-ert_gapany_illib0p8655367_opp0p8655367_ctrypct_exclyr,backsliding_Nyr,387,19,0.11929652083436076,0.29961881970511983,256,14,-0.03164558770076349,0.03511058830472407,0.3674225591925424,-0.3431328552092438,0.6505880125730289,0.5979022506189254,19.900164118910812
2,backsliding_Nyr,Y_inflation,"CPI, cumulative log",inflation,instr-antiplural_w2_trt-ert_gapany_illib0p8655367_opp0p8655367_ctrypct_exclyr,backsliding_Nyr,387,19,0.11929652083436076,0.29961881970511983,338,18,-0.21547390269369407,0.184355867937432,0.2424869216901898,-2.207105798134008,4.423127683893126,0.6177849452389852,22.400141570931456
2,backsliding_Nyr,Y_unemployment,Unemployment rate,unemployment,instr-antiplural_w2_trt-ert_gapany_illib0p8655367_opp0p8655367_ctrypct_exclyr,backsliding_Nyr,387,19,0.11929652083436076,0.29961881970511983,251,16,-1.6222252840373246,0.7480296502814674,0.03010817086710057,-14.50176406581003,26.256878815973163,0.580740485309168,17.751770267314157
2,backsliding_Nyr,Y_trade_pct_gdp,Trade / GDP,trade,instr-antiplural_w2_trt-ert_gapany_illib0p8655367_opp0p8655367_ctrypct_exclyr,backsliding_Nyr,387,19,0.11929652083436076,0.29961881970511983,337,16,1.9367228646954129,3.9893708709765865,0.6273424570626843,17.27053895938102,102.73461898048411,0.8664981042392572,18.092536314958412
2,backsliding_Nyr,Y_top10_share,Top-10% income share,top10,instr-antiplural_w2_trt-ert_gapany_illib0p8655367_opp0p8655367_ctrypct_exclyr,backsliding_Nyr,387,19,0.11929652083436076,0.29961881970511983,332,16,0.04700510533640072,0.6653701884219234,0.943680261094186,2.636670308857174,12.132467421143303,0.8279562427345903,16.849676243841976
2,backsliding_Nyr,Y_gini_disp,Disposable,gini,instr-antiplural_w2_trt-ert_gapany_illib0p8655367_opp0p8655367_ctrypct_exclyr,backsliding_Nyr,387,19,0.11929652083436076,0.29961881970511983,288,15,0.2489376002984877,0.4252258137417325,0.558262333357994,1.338705307233594,6.61383275948511,0.8395962800732151,19.76088312197521
2,backsliding_Nyr,Y_gini_mkt,Market,gini,instr-antiplural_w2_trt-ert_gapany_illib0p8655367_opp0p8655367_ctrypct_exclyr,backsliding_Nyr,387,19,0.11929652083436076,0.29961881970511983,288,15,-0.14029245686898473,0.3647992876176698,0.7005527848027123,-1.519974394892767,4.87183084188284,0.7550462682786008,20.161678916693788
2,backsliding_Nyr,Y_debt,Debt / GDP,fiscal,instr-antiplural_w2_trt-ert_gapany_illib0p8655367_opp0p8655367_ctrypct_exclyr,backsliding_Nyr,387,19,0.11929652083436076,0.29961881970511983,361,18,-7.939114104334285,4.8507340400426155,0.1016967158280389,-68.37627017754521,127.5968299391083,0.5920432159508733,20.341080010906037
2,backsliding_Nyr,Y_deficit,Deficit / GDP,fiscal,instr-antiplural_w2_trt-ert_gapany_illib0p8655367_opp0p8655367_ctrypct_exclyr,backsliding_Nyr,387,19,0.11929652083436076,0.29961881970511983,305,18,-1.1340338058367916,2.3170297581009325,0.624534267359729,-10.874057731794736,24.739548882839756,0.66026923880227,18.49600651013504
2,backsliding_Nyr,Y_checks_balances,Checks & balances,institutions,instr-antiplural_w2_trt-ert_gapany_illib0p8655367_opp0p8655367_ctrypct_exclyr,backsliding_Nyr,387,19,0.11929652083436076,0.29961881970511983,376,18,-0.03572541881042183,0.0415817682623674,0.3902518929894435,-0.33347810201538236,0.7343156939851385,0.6497320119251182,17.642124581518928
2,backsliding_Nyr,Y_jucon,Judicial constraints,institutions,instr-antiplural_w2_trt-ert_gapany_illib0p8655367_opp0p8655367_ctrypct_exclyr,backsliding_Nyr,387,19,0.11929652083436076,0.29961881970511983,386,19,-0.0172004230805397,0.02947068852289908,0.5594591076105184,0.1394822105258669,0.3380050398339666,0.6798534570432391,18.243915963751252
2,backsliding_Nyr,Y_legcon,Legislative constraints,institutions,instr-antiplural_w2_trt-ert_gapany_illib0p8655367_opp0p8655367_ctrypct_exclyr,backsliding_Nyr,387,19,0.11929652083436076,0.29961881970511983,376,18,-0.08646545308799115,0.06559941778441526,0.1874759886910841,-0.8126948445869646,1.4692968451216364,0.5801824663585031,17.468290435871314
2,backsliding_Nyr,Y_hos_power,HOS,exec_power,instr-antiplural_w2_trt-ert_gapany_illib0p8655367_opp0p8655367_ctrypct_exclyr,backsliding_Nyr,387,19,0.11929652083436076,0.29961881970511983,386,19,0.00895402583685125,0.02278109407618865,0.69428524943053,0.02387526550912394,0.2654796114776432,0.928340793606086,18.940833088392537
2,backsliding_Nyr,Y_hog_power,HOG,exec_power,instr-antiplural_w2_trt-ert_gapany_illib0p8655367_opp0p8655367_ctrypct_exclyr,backsliding_Nyr,387,19,0.11929652083436076,0.29961881970511983,178,12,0.02429950903979503,0.03220021661679712,0.45046617986287874,-17.417094961770278,74.62527927508957,0.8154554455181999,22.77322031099143
2,backsliding_Nyr,Y_hos_power_vdem,HOS (v2ex_hosw),exec_power_alt,instr-antiplural_w2_trt-ert_gapany_illib0p8655367_opp0p8655367_ctrypct_exclyr,backsliding_Nyr,387,19,0.11929652083436076,0.29961881970511983,386,19,-0.00390801146509251,0.00484716662538642,0.4201006914727246,-0.05922872439942412,0.05635625040103533,0.29327240179113667,12.799111788312436
2,backsliding_Nyr,Y_hog_power_vdem,HOG (v2ex_hogw),exec_power_alt,instr-antiplural_w2_trt-ert_gapany_illib0p8655367_opp0p8655367_ctrypct_exclyr,backsliding_Nyr,387,19,0.11929652083436076,0.29961881970511983,386,19,0.00368888868737219,0.00389512930492082,0.3436124536665928,0.05912403025562502,0.04782514985872383,0.21636418383642983,12.850823887520477
2,backsliding_Nyr,Y_polyarchy,Electoral (polyarchy),vdem_high,instr-antiplural_w2_trt-ert_gapany_illib0p8655367_opp0p8655367_ctrypct_exclyr,backsliding_Nyr,387,19,0.11929652083436076,0.29961881970511983,386,19,-0.0511978892729866,0.02921180947844073,0.07966321209482705,6.283778516263938e-5,0.47892313795234015,0.999895312432206,17.422488233555956
2,backsliding_Nyr,Y_libdem,Liberal,vdem_high,instr-antiplural_w2_trt-ert_gapany_illib0p8655367_opp0p8655367_ctrypct_exclyr,backsliding_Nyr,387,19,0.11929652083436076,0.29961881970511983,386,19,-0.04501126349758272,0.026211906902815,0.08594140243987759,-0.01251629690099331,0.41108267256815434,0.9757104398589556,17.459685125498872
2,backsliding_Nyr,Y_partipdem,Participatory,vdem_high,instr-antiplural_w2_trt-ert_gapany_illib0p8655367_opp0p8655367_ctrypct_exclyr,backsliding_Nyr,387,19,0.11929652083436076,0.29961881970511983,385,19,-0.02257653457391812,0.01891378519074394,0.2326129435399769,0.09121177349019084,0.2232875287812793,0.6829105161967857,16.61115257858383
2,backsliding_Nyr,Y_delibdem,Deliberative,vdem_high,instr-antiplural_w2_trt-ert_gapany_illib0p8655367_opp0p8655367_ctrypct_exclyr,backsliding_Nyr,387,19,0.11929652083436076,0.29961881970511983,386,19,-0.04231134290812576,0.03075095303012026,0.16884145246752302,0.05477105731770651,0.4373542515919231,0.9003393237636547,17.509821539141072
2,backsliding_Nyr,Y_egaldem,Egalitarian,vdem_high,instr-antiplural_w2_trt-ert_gapany_illib0p8655367_opp0p8655367_ctrypct_exclyr,backsliding_Nyr,387,19,0.11929652083436076,0.29961881970511983,386,19,-0.00543920476724654,0.01995973216658306,0.7852307446805018,0.10748321978887118,0.2195424285298052,0.6244323000283669,15.691033168245252
2,backsliding_Nyr,Y_elecoff,Elected officials,vdem_electoral,instr-antiplural_w2_trt-ert_gapany_illib0p8655367_opp0p8655367_ctrypct_exclyr,backsliding_Nyr,387,19,0.11929652083436076,0.29961881970511983,386,19,-0.1257369380254947,0.08878302201182403,0.15670897034040013,-0.2778029404692509,1.5864254643853648,0.8609912308377111,19.44556983710048
2,backsliding_Nyr,Y_frefair,Clean elections,vdem_electoral,instr-antiplural_w2_trt-ert_gapany_illib0p8655367_opp0p8655367_ctrypct_exclyr,backsliding_Nyr,387,19,0.11929652083436076,0.29961881970511983,386,19,-0.07227671030967828,0.04549856174968221,0.11216217293928844,-2.837999683237835e-4,0.6933775696650035,0.999673425249581,17.421278733070597
2,backsliding_Nyr,Y_frassoc,Association,vdem_electoral,instr-antiplural_w2_trt-ert_gapany_illib0p8655367_opp0p8655367_ctrypct_exclyr,backsliding_Nyr,387,19,0.11929652083436076,0.29961881970511983,386,19,-0.04763062566150534,0.0334757158868703,0.15478221309093956,-0.00826589410770722,0.5560577178730967,0.988139744866691,18.193610895270453
2,backsliding_Nyr,Y_suffr,Suffrage,vdem_electoral,instr-antiplural_w2_trt-ert_gapany_illib0p8655367_opp0p8655367_ctrypct_exclyr,backsliding_Nyr,387,19,0.11929652083436076,0.29961881970511983,386,19,-8.262704096378127e-5,1.8025735784300744e-4,0.6466767749424782,0.00262713901238219,0.00162141617172227,0.10517335911558716,4.760567341862226
2,backsliding_Nyr,Y_freexp,Expression & alt. info,vdem_electoral,instr-antiplural_w2_trt-ert_gapany_illib0p8655367_opp0p8655367_ctrypct_exclyr,backsliding_Nyr,387,19,0.11929652083436076,0.29961881970511983,386,19,-0.05114680652751035,0.03161608391669764,0.1057172579031179,-0.01150330263113147,0.5166044134900272,0.9822348611215715,17.85980600126411
2,backsliding_Nyr,Y_cl_rol,Rule of law,vdem_liberal,instr-antiplural_w2_trt-ert_gapany_illib0p8655367_opp0p8655367_ctrypct_exclyr,backsliding_Nyr,387,19,0.11929652083436076,0.29961881970511983,386,19,-0.04821469906960544,0.02577154739268859,0.06136587699399393,-0.01469666265671554,0.45851848886543545,0.9744301855364024,17.280490401282275
2,backsliding_Nyr,Y_cspart,Civil society,vdem_particip,instr-antiplural_w2_trt-ert_gapany_illib0p8655367_opp0p8655367_ctrypct_exclyr,backsliding_Nyr,387,19,0.11929652083436076,0.29961881970511983,386,19,-0.0154961054576073,0.03012060451134723,0.6069244030531612,0.06803739622091241,0.3723810385263365,0.8550262924383084,18.149005026729363
2,backsliding_Nyr,Y_dd,Direct democracy,vdem_particip,instr-antiplural_w2_trt-ert_gapany_illib0p8655367_opp0p8655367_ctrypct_exclyr,backsliding_Nyr,387,19,0.11929652083436076,0.29961881970511983,386,19,0.02213110028405902,0.01740434280604485,0.20352062874858173,0.28863971592802196,0.4619164868489727,0.5320535971696299,14.872613464916828
2,backsliding_Nyr,Y_locelec,Local elections,vdem_particip,instr-antiplural_w2_trt-ert_gapany_illib0p8655367_opp0p8655367_ctrypct_exclyr,backsliding_Nyr,387,19,0.11929652083436076,0.29961881970511983,381,19,-0.00796897786624058,0.04125777591670068,0.8468407657031402,0.14218666144792033,0.5047493221970925,0.7781754119609586,19.381400338180985
2,backsliding_Nyr,Y_regelec,Regional elections,vdem_particip,instr-antiplural_w2_trt-ert_gapany_illib0p8655367_opp0p8655367_ctrypct_exclyr,backsliding_Nyr,387,19,0.11929652083436076,0.29961881970511983,385,19,-0.02184766982905901,0.03872415590371182,0.5726267953773627,-0.12562135303255936,0.5924988552870251,0.8320917660609672,17.273716955564502
2,backsliding_Nyr,Y_delib,Deliberation,vdem_egal_delib,instr-antiplural_w2_trt-ert_gapany_illib0p8655367_opp0p8655367_ctrypct_exclyr,backsliding_Nyr,387,19,0.11929652083436076,0.29961881970511983,386,19,-0.0574295102877527,0.03963741668071483,0.147373563686911,0.00491540038949722,0.6429245120688496,0.993899931017671,18.675247487932847
2,backsliding_Nyr,Y_eqprotec,Equal protection,vdem_egal_delib,instr-antiplural_w2_trt-ert_gapany_illib0p8655367_opp0p8655367_ctrypct_exclyr,backsliding_Nyr,387,19,0.11929652083436076,0.29961881970511983,386,19,0.01707716989087086,0.02004970092748044,0.3943573726367907,0.2082613511412134,0.31281045300823035,0.5055549843027429,16.748527331683395
2,backsliding_Nyr,Y_eqaccess,Equal access,vdem_egal_delib,instr-antiplural_w2_trt-ert_gapany_illib0p8655367_opp0p8655367_ctrypct_exclyr,backsliding_Nyr,387,19,0.11929652083436076,0.29961881970511983,386,19,0.01020742980375783,0.02202657796761779,0.6430674762916744,0.12560461077195484,0.22750023902760025,0.5808746358198253,15.74069581573138
2,backsliding_Nyr,Y_eqdr,Equal distribution,vdem_egal_delib,instr-antiplural_w2_trt-ert_gapany_illib0p8655367_opp0p8655367_ctrypct_exclyr,backsliding_Nyr,387,19,0.11929652083436076,0.29961881970511983,386,19,0.00289066444995724,0.01786461184475054,0.8714558479272384,0.05641910569664755,0.22413551132656856,0.8012584805597687,19.852022638093956
2,backsliding_union_Nyr,Y_gdp_growth,PWT,growth,instr-antiplural_w2_trt-ertOrDdcg_gapany_illib0p8655367_opp0p8655367_ctrypct_exclyr,backsliding_union_Nyr,387,20,0.11870826572634877,0.29967677421681027,367,19,-0.05354942941451249,0.05344028693887101,0.3163231510481934,-0.8975199903553531,1.6860986011921468,0.5945142463731836,16.5564700533775
2,backsliding_union_Nyr,Y_gdp_growth_wb,World Bank,growth,instr-antiplural_w2_trt-ertOrDdcg_gapany_illib0p8655367_opp0p8655367_ctrypct_exclyr,backsliding_union_Nyr,387,20,0.11870826572634877,0.29967677421681027,373,20,0.00733795005999582,0.03069058359174133,0.8110322983597209,-0.13947886979097152,0.42360075015349075,0.7419518837239927,17.30381340363221
2,backsliding_union_Nyr,Y_gdp_growth_imf,IMF WEO,growth,instr-antiplural_w2_trt-ertOrDdcg_gapany_illib0p8655367_opp0p8655367_ctrypct_exclyr,backsliding_union_Nyr,387,20,0.11870826572634877,0.29967677421681027,256,15,-0.03164558770076349,0.03511058830472407,0.3674225591925424,-0.3513202109063116,0.6525792160576923,0.5903310066029827,19.55993347426916
2,backsliding_union_Nyr,Y_inflation,"CPI, cumulative log",inflation,instr-antiplural_w2_trt-ertOrDdcg_gapany_illib0p8655367_opp0p8655367_ctrypct_exclyr,backsliding_union_Nyr,387,20,0.11870826572634877,0.29967677421681027,338,19,-0.21547390269369407,0.184355867937432,0.2424869216901898,-2.2144005154250315,4.43132157695403,0.6172753472716002,22.41509081493443
2,backsliding_union_Nyr,Y_unemployment,Unemployment rate,unemployment,instr-antiplural_w2_trt-ertOrDdcg_gapany_illib0p8655367_opp0p8655367_ctrypct_exclyr,backsliding_union_Nyr,387,20,0.11870826572634877,0.29967677421681027,251,17,-1.6222252840373246,0.7480296502814674,0.03010817086710057,-15.490476988943128,26.586032694591108,0.5601257720683286,18.607197351527933
2,backsliding_union_Nyr,Y_trade_pct_gdp,Trade / GDP,trade,instr-antiplural_w2_trt-ertOrDdcg_gapany_illib0p8655367_opp0p8655367_ctrypct_exclyr,backsliding_union_Nyr,387,20,0.11870826572634877,0.29967677421681027,337,17,1.9367228646954129,3.9893708709765865,0.6273424570626843,17.270896012677863,102.734943497541,0.8664957878610502,18.092264983860208
2,backsliding_union_Nyr,Y_top10_share,Top-10% income share,top10,instr-antiplural_w2_trt-ertOrDdcg_gapany_illib0p8655367_opp0p8655367_ctrypct_exclyr,backsliding_union_Nyr,387,20,0.11870826572634877,0.29967677421681027,332,17,0.04700510533640072,0.6653701884219234,0.943680261094186,2.708914372530006,11.763900686105714,0.8178792652768188,18.280745673738867
2,backsliding_union_Nyr,Y_gini_disp,Disposable,gini,instr-antiplural_w2_trt-ertOrDdcg_gapany_illib0p8655367_opp0p8655367_ctrypct_exclyr,backsliding_union_Nyr,387,20,0.11870826572634877,0.29967677421681027,288,16,0.2489376002984877,0.4252258137417325,0.558262333357994,1.3141955970209604,6.597225321882323,0.8421029424597157,20.356733381831987
2,backsliding_union_Nyr,Y_gini_mkt,Market,gini,instr-antiplural_w2_trt-ertOrDdcg_gapany_illib0p8655367_opp0p8655367_ctrypct_exclyr,backsliding_union_Nyr,387,20,0.11870826572634877,0.29967677421681027,288,16,-0.14029245686898473,0.3647992876176698,0.7005527848027123,-1.5196031288532492,4.871680638074211,0.7550968757283426,20.159073941622346
2,backsliding_union_Nyr,Y_debt,Debt / GDP,fiscal,instr-antiplural_w2_trt-ertOrDdcg_gapany_illib0p8655367_opp0p8655367_ctrypct_exclyr,backsliding_union_Nyr,387,20,0.11870826572634877,0.29967677421681027,361,19,-7.939114104334285,4.8507340400426155,0.1016967158280389,-68.31164811096659,127.45812752973526,0.5919905873779192,20.31342063632737
2,backsliding_union_Nyr,Y_deficit,Deficit / GDP,fiscal,instr-antiplural_w2_trt-ertOrDdcg_gapany_illib0p8655367_opp0p8655367_ctrypct_exclyr,backsliding_union_Nyr,387,20,0.11870826572634877,0.29967677421681027,305,19,-1.1340338058367916,2.3170297581009325,0.624534267359729,-10.859906138186862,24.74354561499887,0.6607350519454718,18.508528231987736
2,backsliding_union_Nyr,Y_checks_balances,Checks & balances,institutions,instr-antiplural_w2_trt-ertOrDdcg_gapany_illib0p8655367_opp0p8655367_ctrypct_exclyr,backsliding_union_Nyr,387,20,0.11870826572634877,0.29967677421681027,376,19,-0.03572541881042183,0.0415817682623674,0.3902518929894435,-0.33625399131661765,0.7339658268746544,0.6468568670644569,17.76001982864161
2,backsliding_union_Nyr,Y_jucon,Judicial constraints,institutions,instr-antiplural_w2_trt-ertOrDdcg_gapany_illib0p8655367_opp0p8655367_ctrypct_exclyr,backsliding_union_Nyr,387,20,0.11870826572634877,0.29967677421681027,386,20,-0.0172004230805397,0.02947068852289908,0.5594591076105184,0.13884426725554985,0.33817074525435786,0.6813846027846606,18.26573112345119
2,backsliding_union_Nyr,Y_legcon,Legislative constraints,institutions,instr-antiplural_w2_trt-ertOrDdcg_gapany_illib0p8655367_opp0p8655367_ctrypct_exclyr,backsliding_union_Nyr,387,20,0.11870826572634877,0.29967677421681027,376,19,-0.08646545308799115,0.06559941778441526,0.1874759886910841,-0.8201422308443902,1.4693508154438573,0.5767307736650737,17.56596099772757
2,backsliding_union_Nyr,Y_hos_power,HOS,exec_power,instr-antiplural_w2_trt-ertOrDdcg_gapany_illib0p8655367_opp0p8655367_ctrypct_exclyr,backsliding_union_Nyr,387,20,0.11870826572634877,0.29967677421681027,386,20,0.00895402583685125,0.02278109407618865,0.69428524943053,0.02222502746592027,0.2657308973558031,0.9333447717544388,18.92037007970579
2,backsliding_union_Nyr,Y_hog_power,HOG,exec_power,instr-antiplural_w2_trt-ertOrDdcg_gapany_illib0p8655367_opp0p8655367_ctrypct_exclyr,backsliding_union_Nyr,387,20,0.11870826572634877,0.29967677421681027,178,13,0.02429950903979503,0.03220021661679712,0.45046617986287874,-0.8979654599755688,2.012573562193536,0.6554688838430817,27.431474954356244
2,backsliding_union_Nyr,Y_hos_power_vdem,HOS (v2ex_hosw),exec_power_alt,instr-antiplural_w2_trt-ertOrDdcg_gapany_illib0p8655367_opp0p8655367_ctrypct_exclyr,backsliding_union_Nyr,387,20,0.11870826572634877,0.29967677421681027,386,20,-0.00390801146509251,0.00484716662538642,0.4201006914727246,-0.04490693456859904,0.05099045943553388,0.37848407157992464,14.048072940078653
2,backsliding_union_Nyr,Y_hog_power_vdem,HOG (v2ex_hogw),exec_power_alt,instr-antiplural_w2_trt-ertOrDdcg_gapany_illib0p8655367_opp0p8655367_ctrypct_exclyr,backsliding_union_Nyr,387,20,0.11870826572634877,0.29967677421681027,386,20,0.00368888868737219,0.00389512930492082,0.3436124536665928,0.04355325578831517,0.04170738272893249,0.2963661752579519,14.658519683235053
2,backsliding_union_Nyr,Y_polyarchy,Electoral (polyarchy),vdem_high,instr-antiplural_w2_trt-ertOrDdcg_gapany_illib0p8655367_opp0p8655367_ctrypct_exclyr,backsliding_union_Nyr,387,20,0.11870826572634877,0.29967677421681027,386,20,-0.0511978892729866,0.02921180947844073,0.07966321209482705,9.02592343175801e-4,0.47827886448780593,0.9984942590582075,17.407744059877476
2,backsliding_union_Nyr,Y_libdem,Liberal,vdem_high,instr-antiplural_w2_trt-ertOrDdcg_gapany_illib0p8655367_opp0p8655367_ctrypct_exclyr,backsliding_union_Nyr,387,20,0.11870826572634877,0.29967677421681027,386,20,-0.04501126349758272,0.026211906902815,0.08594140243987759,-0.01229180945820601,0.410916768163164,0.9761363289671896,17.454320495269744
2,backsliding_union_Nyr,Y_partipdem,Participatory,vdem_high,instr-antiplural_w2_trt-ertOrDdcg_gapany_illib0p8655367_opp0p8655367_ctrypct_exclyr,backsliding_union_Nyr,387,20,0.11870826572634877,0.29967677421681027,385,20,-0.02257653457391812,0.01891378519074394,0.2326129435399769,0.09107149937058852,0.22331695128867343,0.6834111544485192,16.615556204586504
2,backsliding_union_Nyr,Y_delibdem,Deliberative,vdem_high,instr-antiplural_w2_trt-ertOrDdcg_gapany_illib0p8655367_opp0p8655367_ctrypct_exclyr,backsliding_union_Nyr,387,20,0.11870826572634877,0.29967677421681027,386,20,-0.04231134290812576,0.03075095303012026,0.16884145246752302,0.05530957246929152,0.4370111833930381,0.8992860547723238,17.50026839290606
2,backsliding_union_Nyr,Y_egaldem,Egalitarian,vdem_high,instr-antiplural_w2_trt-ertOrDdcg_gapany_illib0p8655367_opp0p8655367_ctrypct_exclyr,backsliding_union_Nyr,387,20,0.11870826572634877,0.29967677421681027,386,20,-0.00543920476724654,0.01995973216658306,0.7852307446805018,0.10757909857936854,0.2195340799092181,0.6241100484505937,15.687172968574629
2,backsliding_union_Nyr,Y_elecoff,Elected officials,vdem_electoral,instr-antiplural_w2_trt-ertOrDdcg_gapany_illib0p8655367_opp0p8655367_ctrypct_exclyr,backsliding_union_Nyr,387,20,0.11870826572634877,0.29967677421681027,386,20,-0.1257369380254947,0.08878302201182403,0.15670897034040013,-0.27303880166494776,1.5846905647260985,0.8632033624015358,19.41893681891413
2,backsliding_union_Nyr,Y_frefair,Clean elections,vdem_electoral,instr-antiplural_w2_trt-ertOrDdcg_gapany_illib0p8655367_opp0p8655367_ctrypct_exclyr,backsliding_union_Nyr,387,20,0.11870826572634877,0.29967677421681027,386,20,-0.07227671030967828,0.04549856174968221,0.11216217293928844,0.00110631583450998,0.6922140324976482,0.99872479911343,17.401749043854927
2,backsliding_union_Nyr,Y_frassoc,Association,vdem_electoral,instr-antiplural_w2_trt-ertOrDdcg_gapany_illib0p8655367_opp0p8655367_ctrypct_exclyr,backsliding_union_Nyr,387,20,0.11870826572634877,0.29967677421681027,386,20,-0.04763062566150534,0.0334757158868703,0.15478221309093956,-0.00748979777866143,0.555657059886202,0.9892455014319312,18.18175771379225
2,backsliding_union_Nyr,Y_suffr,Suffrage,vdem_electoral,instr-antiplural_w2_trt-ertOrDdcg_gapany_illib0p8655367_opp0p8655367_ctrypct_exclyr,backsliding_union_Nyr,387,20,0.11870826572634877,0.29967677421681027,386,20,-8.262704096378127e-5,1.8025735784300744e-4,0.6466767749424782,0.00262802788445321,0.0016216837505811,0.10511308671912452,4.763211647683929
2,backsliding_union_Nyr,Y_freexp,Expression & alt. info,vdem_electoral,instr-antiplural_w2_trt-ertOrDdcg_gapany_illib0p8655367_opp0p8655367_ctrypct_exclyr,backsliding_union_Nyr,387,20,0.11870826572634877,0.29967677421681027,386,20,-0.05114680652751035,0.03161608391669764,0.1057172579031179,-0.011365935716375,0.5164868189268488,0.9824429735852648,17.856993790085347
2,backsliding_union_Nyr,Y_cl_rol,Rule of law,vdem_liberal,instr-antiplural_w2_trt-ertOrDdcg_gapany_illib0p8655367_opp0p8655367_ctrypct_exclyr,backsliding_union_Nyr,387,20,0.11870826572634877,0.29967677421681027,386,20,-0.04821469906960544,0.02577154739268859,0.06136587699399393,-0.01448500474803393,0.4583047394022814,0.9747865627186434,17.275914018514555
2,backsliding_union_Nyr,Y_cspart,Civil society,vdem_particip,instr-antiplural_w2_trt-ertOrDdcg_gapany_illib0p8655367_opp0p8655367_ctrypct_exclyr,backsliding_union_Nyr,387,20,0.11870826572634877,0.29967677421681027,386,20,-0.0154961054576073,0.03012060451134723,0.6069244030531612,0.06755249686152891,0.37229283562111415,0.8560144562884714,18.168758788158325
2,backsliding_union_Nyr,Y_dd,Direct democracy,vdem_particip,instr-antiplural_w2_trt-ertOrDdcg_gapany_illib0p8655367_opp0p8655367_ctrypct_exclyr,backsliding_union_Nyr,387,20,0.11870826572634877,0.29967677421681027,386,20,0.02213110028405902,0.01740434280604485,0.20352062874858173,0.2904074967030545,0.4633498643303361,0.530818921961648,14.797935614572806
2,backsliding_union_Nyr,Y_locelec,Local elections,vdem_particip,instr-antiplural_w2_trt-ertOrDdcg_gapany_illib0p8655367_opp0p8655367_ctrypct_exclyr,backsliding_union_Nyr,387,20,0.11870826572634877,0.29967677421681027,381,20,-0.00796897786624058,0.04125777591670068,0.8468407657031402,0.14228949186542147,0.5047255445893242,0.7780090066100922,19.377693471409295
2,backsliding_union_Nyr,Y_regelec,Regional elections,vdem_particip,instr-antiplural_w2_trt-ertOrDdcg_gapany_illib0p8655367_opp0p8655367_ctrypct_exclyr,backsliding_union_Nyr,387,20,0.11870826572634877,0.29967677421681027,385,20,-0.02184766982905901,0.03872415590371182,0.5726267953773627,-0.12578461698246723,0.5925327621371332,0.8318862774614554,17.277041436552594
2,backsliding_union_Nyr,Y_delib,Deliberation,vdem_egal_delib,instr-antiplural_w2_trt-ertOrDdcg_gapany_illib0p8655367_opp0p8655367_ctrypct_exclyr,backsliding_union_Nyr,387,20,0.11870826572634877,0.29967677421681027,386,20,-0.0574295102877527,0.03963741668071483,0.147373563686911,0.00592013821100567,0.6423748744858314,0.9926467858589292,18.66515684211909
2,backsliding_union_Nyr,Y_eqprotec,Equal protection,vdem_egal_delib,instr-antiplural_w2_trt-ertOrDdcg_gapany_illib0p8655367_opp0p8655367_ctrypct_exclyr,backsliding_union_Nyr,387,20,0.11870826572634877,0.29967677421681027,386,20,0.01707716989087086,0.02004970092748044,0.3943573726367907,0.20978276365377488,0.31269181821063585,0.5022886722467439,16.760763104129794
2,backsliding_union_Nyr,Y_eqaccess,Equal access,vdem_egal_delib,instr-antiplural_w2_trt-ertOrDdcg_gapany_illib0p8655367_opp0p8655367_ctrypct_exclyr,backsliding_union_Nyr,387,20,0.11870826572634877,0.29967677421681027,386,20,0.01020742980375783,0.02202657796761779,0.6430674762916744,0.12574200289107776,0.22751970237087377,0.5804933459807143,15.731660551897464
2,backsliding_union_Nyr,Y_eqdr,Equal distribution,vdem_egal_delib,instr-antiplural_w2_trt-ertOrDdcg_gapany_illib0p8655367_opp0p8655367_ctrypct_exclyr,backsliding_union_Nyr,387,20,0.11870826572634877,0.29967677421681027,386,20,0.00289066444995724,0.01786461184475054,0.8714558479272384,0.0530095060112028,0.226328349230737,0.8148180304206518,20.84945402832284
2,polyarchy_decline,Y_gdp_growth,PWT,growth,instr-antiplural_w2_trt-polyarchy_gapany_illib0p8655367_opp0p8655367_ctrypct_exclyr,polyarchy_decline,386,177,0.0511978892729866,0.07966321209482705,367,167,-0.05354942941451249,0.05344028693887101,0.3163231510481934,-0.9265038663994708,1.1060962452434022,0.40223626891923614,21.46800304488842
2,polyarchy_decline,Y_gdp_growth_wb,World Bank,growth,instr-antiplural_w2_trt-polyarchy_gapany_illib0p8655367_opp0p8655367_ctrypct_exclyr,polyarchy_decline,386,177,0.0511978892729866,0.07966321209482705,373,171,0.00733795005999582,0.03069058359174133,0.8110322983597209,0.05409554641693231,0.6240014333364398,0.9309168270616556,22.87758985472215
2,polyarchy_decline,Y_gdp_growth_imf,IMF WEO,growth,instr-antiplural_w2_trt-polyarchy_gapany_illib0p8655367_opp0p8655367_ctrypct_exclyr,polyarchy_decline,386,177,0.0511978892729866,0.07966321209482705,256,116,-0.03164558770076349,0.03511058830472407,0.3674225591925424,-1.1532403227143555,1.01906663324815,0.25777601086522434,22.875041748538056
2,polyarchy_decline,Y_inflation,"CPI, cumulative log",inflation,instr-antiplural_w2_trt-polyarchy_gapany_illib0p8655367_opp0p8655367_ctrypct_exclyr,polyarchy_decline,386,177,0.0511978892729866,0.07966321209482705,338,160,-0.21547390269369407,0.184355867937432,0.2424869216901898,-4.106128859016651,4.654430397938011,0.3776697815553274,26.646267993485328
2,polyarchy_decline,Y_unemployment,Unemployment rate,unemployment,instr-antiplural_w2_trt-polyarchy_gapany_illib0p8655367_opp0p8655367_ctrypct_exclyr,polyarchy_decline,386,177,0.0511978892729866,0.07966321209482705,251,138,-1.6222252840373246,0.7480296502814674,0.03010817086710057,-84.62505101715394,148.75864735453732,0.5694410840964174,19.347436587892357
2,polyarchy_decline,Y_trade_pct_gdp,Trade / GDP,trade,instr-antiplural_w2_trt-polyarchy_gapany_illib0p8655367_opp0p8655367_ctrypct_exclyr,polyarchy_decline,386,177,0.0511978892729866,0.07966321209482705,337,157,1.9367228646954129,3.9893708709765865,0.6273424570626843,44.235737653709904,94.31298262535287,0.6390472875820328,20.97180605666462
2,polyarchy_decline,Y_top10_share,Top-10% income share,top10,instr-antiplural_w2_trt-polyarchy_gapany_illib0p8655367_opp0p8655367_ctrypct_exclyr,polyarchy_decline,386,177,0.0511978892729866,0.07966321209482705,332,150,0.04700510533640072,0.6653701884219234,0.943680261094186,-4.621949446192977,10.619012359695944,0.6633793113803856,29.99193329302671
2,polyarchy_decline,Y_gini_disp,Disposable,gini,instr-antiplural_w2_trt-polyarchy_gapany_illib0p8655367_opp0p8655367_ctrypct_exclyr,polyarchy_decline,386,177,0.0511978892729866,0.07966321209482705,288,133,0.2489376002984877,0.4252258137417325,0.558262333357994,3.0997193492590176,10.65385167786665,0.7710909094880569,21.764753327272643
2,polyarchy_decline,Y_gini_mkt,Market,gini,instr-antiplural_w2_trt-polyarchy_gapany_illib0p8655367_opp0p8655367_ctrypct_exclyr,polyarchy_decline,386,177,0.0511978892729866,0.07966321209482705,288,133,-0.14029245686898473,0.3647992876176698,0.7005527848027123,-3.5387873783355177,6.35581756471718,0.5776782582086581,30.17026851255996
2,polyarchy_decline,Y_debt,Debt / GDP,fiscal,instr-antiplural_w2_trt-polyarchy_gapany_illib0p8655367_opp0p8655367_ctrypct_exclyr,polyarchy_decline,386,177,0.0511978892729866,0.07966321209482705,361,169,-7.939114104334285,4.8507340400426155,0.1016967158280389,-177.7262887130608,139.78749622547312,0.20358519725383248,20.8656896894057
2,polyarchy_decline,Y_deficit,Deficit / GDP,fiscal,instr-antiplural_w2_trt-polyarchy_gapany_illib0p8655367_opp0p8655367_ctrypct_exclyr,polyarchy_decline,386,177,0.0511978892729866,0.07966321209482705,305,146,-1.1340338058367916,2.3170297581009325,0.624534267359729,-10.800594382501483,37.54245231920952,0.773583917456742,23.31186486337356
2,polyarchy_decline,Y_checks_balances,Checks & balances,institutions,instr-antiplural_w2_trt-polyarchy_gapany_illib0p8655367_opp0p8655367_ctrypct_exclyr,polyarchy_decline,386,177,0.0511978892729866,0.07966321209482705,376,176,-0.03572541881042183,0.0415817682623674,0.3902518929894435,-2.2734816638482345,3.439482951546591,0.5086154025699575,19.325124630147815
2,polyarchy_decline,Y_jucon,Judicial constraints,institutions,instr-antiplural_w2_trt-polyarchy_gapany_illib0p8655367_opp0p8655367_ctrypct_exclyr,polyarchy_decline,386,177,0.0511978892729866,0.07966321209482705,386,177,-0.0172004230805397,0.02947068852289908,0.5594591076105184,-0.20067816621661816,0.644093251282142,0.7553696590832399,20.596708915772197
2,polyarchy_decline,Y_legcon,Legislative constraints,institutions,instr-antiplural_w2_trt-polyarchy_gapany_illib0p8655367_opp0p8655367_ctrypct_exclyr,polyarchy_decline,386,177,0.0511978892729866,0.07966321209482705,376,176,-0.08646545308799115,0.06559941778441526,0.1874759886910841,-8.403945280861738,13.775506121064083,0.5418191765920484,17.283920975491164
2,polyarchy_decline,Y_hos_power,HOS,exec_power,instr-antiplural_w2_trt-polyarchy_gapany_illib0p8655367_opp0p8655367_ctrypct_exclyr,polyarchy_decline,386,177,0.0511978892729866,0.07966321209482705,386,177,0.00895402583685125,0.02278109407618865,0.69428524943053,0.14670651660402168,0.3040530275340509,0.6294486241967949,30.092302364564105
2,polyarchy_decline,Y_hog_power,HOG,exec_power,instr-antiplural_w2_trt-polyarchy_gapany_illib0p8655367_opp0p8655367_ctrypct_exclyr,polyarchy_decline,386,177,0.0511978892729866,0.07966321209482705,178,84,0.02429950903979503,0.03220021661679712,0.45046617986287874,0.328635389236566,0.5405217589117156,0.5431897318568037,23.003548536422652
2,polyarchy_decline,Y_hos_power_vdem,HOS (v2ex_hosw),exec_power_alt,instr-antiplural_w2_trt-polyarchy_gapany_illib0p8655367_opp0p8655367_ctrypct_exclyr,polyarchy_decline,386,177,0.0511978892729866,0.07966321209482705,386,177,-0.00390801146509251,0.00484716662538642,0.4201006914727246,0.44089891810027215,0.28625215165312345,0.12350024225957648,24.160095077685533
2,polyarchy_decline,Y_hog_power_vdem,HOG (v2ex_hogw),exec_power_alt,instr-antiplural_w2_trt-polyarchy_gapany_illib0p8655367_opp0p8655367_ctrypct_exclyr,polyarchy_decline,386,177,0.0511978892729866,0.07966321209482705,386,177,0.00368888868737219,0.00389512930492082,0.3436124536665928,-0.2918416463752837,0.21357724512606885,0.17179920395949316,21.21936207598769
2,polyarchy_decline,Y_polyarchy,Electoral (polyarchy),vdem_high,instr-antiplural_w2_trt-polyarchy_gapany_illib0p8655367_opp0p8655367_ctrypct_exclyr,polyarchy_decline,386,177,0.0511978892729866,0.07966321209482705,386,177,-0.0511978892729866,0.02921180947844073,0.07966321209482705,-1,3.1591169206319455e-17,0,22.508708002560848
2,polyarchy_decline,Y_libdem,Liberal,vdem_high,instr-antiplural_w2_trt-polyarchy_gapany_illib0p8655367_opp0p8655367_ctrypct_exclyr,polyarchy_decline,386,177,0.0511978892729866,0.07966321209482705,386,177,-0.04501126349758272,0.026211906902815,0.08594140243987759,-0.8506711239477461,0.2019926023054531,2.5379579843551617e-5,23.584231857674787
2,polyarchy_decline,Y_partipdem,Participatory,vdem_high,instr-antiplural_w2_trt-polyarchy_gapany_illib0p8655367_opp0p8655367_ctrypct_exclyr,polyarchy_decline,386,177,0.0511978892729866,0.07966321209482705,385,177,-0.02257653457391812,0.01891378519074394,0.2326129435399769,-0.4458238197665062,0.1606187524810768,0.00550889698277765,23.42348555154063
2,polyarchy_decline,Y_delibdem,Deliberative,vdem_high,instr-antiplural_w2_trt-polyarchy_gapany_illib0p8655367_opp0p8655367_ctrypct_exclyr,polyarchy_decline,386,177,0.0511978892729866,0.07966321209482705,386,177,-0.04231134290812576,0.03075095303012026,0.16884145246752302,-0.8133992206315419,0.2915283632419184,0.00526884513504364,24.605110888474965
2,polyarchy_decline,Y_egaldem,Egalitarian,vdem_high,instr-antiplural_w2_trt-polyarchy_gapany_illib0p8655367_opp0p8655367_ctrypct_exclyr,polyarchy_decline,386,177,0.0511978892729866,0.07966321209482705,386,177,-0.00543920476724654,0.01995973216658306,0.7852307446805018,-0.3840771840377901,0.17644909189327165,0.02950276971434441,23.58828414861535
2,polyarchy_decline,Y_elecoff,Elected officials,vdem_electoral,instr-antiplural_w2_trt-polyarchy_gapany_illib0p8655367_opp0p8655367_ctrypct_exclyr,polyarchy_decline,386,177,0.0511978892729866,0.07966321209482705,386,177,-0.1257369380254947,0.08878302201182403,0.15670897034040013,-2.2141533799233124,1.0225816736047038,0.03036791559116241,27.872887517750215
2,polyarchy_decline,Y_frefair,Clean elections,vdem_electoral,instr-antiplural_w2_trt-polyarchy_gapany_illib0p8655367_opp0p8655367_ctrypct_exclyr,polyarchy_decline,386,177,0.0511978892729866,0.07966321209482705,386,177,-0.07227671030967828,0.04549856174968221,0.11216217293928844,-1.3077741287788651,0.3620604547594467,3.03806481765725e-4,22.84901006294132
2,polyarchy_decline,Y_frassoc,Association,vdem_electoral,instr-antiplural_w2_trt-polyarchy_gapany_illib0p8655367_opp0p8655367_ctrypct_exclyr,polyarchy_decline,386,177,0.0511978892729866,0.07966321209482705,386,177,-0.04763062566150534,0.0334757158868703,0.15478221309093956,-0.9027763850039612,0.3428079246732952,0.00845158500868772,23.753551184949927
2,polyarchy_decline,Y_suffr,Suffrage,vdem_electoral,instr-antiplural_w2_trt-polyarchy_gapany_illib0p8655367_opp0p8655367_ctrypct_exclyr,polyarchy_decline,386,177,0.0511978892729866,0.07966321209482705,386,177,-8.262704096378127e-5,1.8025735784300744e-4,0.6466767749424782,-0.07214515737542984,0.04344735003666269,0.09681005581975036,17.543292246415525
2,polyarchy_decline,Y_freexp,Expression & alt. info,vdem_electoral,instr-antiplural_w2_trt-polyarchy_gapany_illib0p8655367_opp0p8655367_ctrypct_exclyr,polyarchy_decline,386,177,0.0511978892729866,0.07966321209482705,386,177,-0.05114680652751035,0.03161608391669764,0.1057172579031179,-0.9930417458552476,0.3030663203896132,0.00105047127240162,25.768517307666396
2,polyarchy_decline,Y_cl_rol,Rule of law,vdem_liberal,instr-antiplural_w2_trt-polyarchy_gapany_illib0p8655367_opp0p8655367_ctrypct_exclyr,polyarchy_decline,386,177,0.0511978892729866,0.07966321209482705,386,177,-0.04821469906960544,0.02577154739268859,0.06136587699399393,-0.9696043096361692,0.634360267465867,0.1263944505215775,19.252792524336563
2,polyarchy_decline,Y_cspart,Civil society,vdem_particip,instr-antiplural_w2_trt-polyarchy_gapany_illib0p8655367_opp0p8655367_ctrypct_exclyr,polyarchy_decline,386,177,0.0511978892729866,0.07966321209482705,386,177,-0.0154961054576073,0.03012060451134723,0.6069244030531612,-0.28881524156888994,0.5401263484278196,0.5928449229118566,22.724589833928952
2,polyarchy_decline,Y_dd,Direct democracy,vdem_particip,instr-antiplural_w2_trt-polyarchy_gapany_illib0p8655367_opp0p8655367_ctrypct_exclyr,polyarchy_decline,386,177,0.0511978892729866,0.07966321209482705,386,177,0.02213110028405902,0.01740434280604485,0.20352062874858173,0.2748119396429356,0.2784268850731023,0.3236345321668498,26.64667754115521
2,polyarchy_decline,Y_locelec,Local elections,vdem_particip,instr-antiplural_w2_trt-polyarchy_gapany_illib0p8655367_opp0p8655367_ctrypct_exclyr,polyarchy_decline,386,177,0.0511978892729866,0.07966321209482705,381,175,-0.00796897786624058,0.04125777591670068,0.8468407657031402,-0.0248539180101447,0.8716858960160863,0.9772534224053308,22.240333468924877
2,polyarchy_decline,Y_regelec,Regional elections,vdem_particip,instr-antiplural_w2_trt-polyarchy_gapany_illib0p8655367_opp0p8655367_ctrypct_exclyr,polyarchy_decline,386,177,0.0511978892729866,0.07966321209482705,385,177,-0.02184766982905901,0.03872415590371182,0.5726267953773627,-0.34938998665727244,0.6398505936167813,0.5850320299604176,29.66252934517368
2,polyarchy_decline,Y_delib,Deliberation,vdem_egal_delib,instr-antiplural_w2_trt-polyarchy_gapany_illib0p8655367_opp0p8655367_ctrypct_exclyr,polyarchy_decline,386,177,0.0511978892729866,0.07966321209482705,386,177,-0.0574295102877527,0.03963741668071483,0.147373563686911,-0.9936271591485472,0.8473052403365147,0.24091977521296265,19.57394735835144
2,polyarchy_decline,Y_eqprotec,Equal protection,vdem_egal_delib,instr-antiplural_w2_trt-polyarchy_gapany_illib0p8655367_opp0p8655367_ctrypct_exclyr,polyarchy_decline,386,177,0.0511978892729866,0.07966321209482705,386,177,0.01707716989087086,0.02004970092748044,0.3943573726367907,0.3050504236473548,0.4245056351405835,0.472386434496812,24.35490579371677
2,polyarchy_decline,Y_eqaccess,Equal access,vdem_egal_delib,instr-antiplural_w2_trt-polyarchy_gapany_illib0p8655367_opp0p8655367_ctrypct_exclyr,polyarchy_decline,386,177,0.0511978892729866,0.07966321209482705,386,177,0.01020742980375783,0.02202657796761779,0.6430674762916744,-0.2541964823149857,0.2763450632950513,0.357650250578024,23.999840771788698
2,polyarchy_decline,Y_eqdr,Equal distribution,vdem_egal_delib,instr-antiplural_w2_trt-polyarchy_gapany_illib0p8655367_opp0p8655367_ctrypct_exclyr,polyarchy_decline,386,177,0.0511978892729866,0.07966321209482705,386,177,0.00289066444995724,0.01786461184475054,0.8714558479272384,0.05397630750508246,0.3343146280792242,0.871736136541458,24.041995334627877
3,backsliding_Nyr,Y_gdp_growth,PWT,growth,instr-antiplural_w3_trt-ert_gapany_illib0p8655367_opp0p8655367_ctrypct_exclyr,backsliding_Nyr,387,22,0.11471177128006184,0.2931848428786677,356,21,-0.08914833458014856,0.06472816562048138,0.16842795638205182,-1.2918523534343418,1.6369318140553586,0.4300002035559676,18.392970595149965
3,backsliding_Nyr,Y_gdp_growth_wb,World Bank,growth,instr-antiplural_w3_trt-ert_gapany_illib0p8655367_opp0p8655367_ctrypct_exclyr,backsliding_Nyr,387,22,0.11471177128006184,0.2931848428786677,369,21,-0.01993708773845826,0.03890734777151302,0.608353776804357,-0.7167882500633569,0.987515542060707,0.4679306728953938,19.575328554058192
3,backsliding_Nyr,Y_gdp_growth_imf,IMF WEO,growth,instr-antiplural_w3_trt-ert_gapany_illib0p8655367_opp0p8655367_ctrypct_exclyr,backsliding_Nyr,387,22,0.11471177128006184,0.2931848428786677,252,16,-0.07817658005172977,0.04547719284159873,0.08560922479041488,-2.045556208630068,2.380515778230631,0.390179889838199,19.941678296235736
3,backsliding_Nyr,Y_inflation,"CPI, cumulative log",inflation,instr-antiplural_w3_trt-ert_gapany_illib0p8655367_opp0p8655367_ctrypct_exclyr,backsliding_Nyr,387,22,0.11471177128006184,0.2931848428786677,334,20,-0.301530558668686,0.2714664712433298,0.26667728108453015,-4.948071525577637,7.678114113565076,0.5192911946339163,23.192967717277806
3,backsliding_Nyr,Y_unemployment,Unemployment rate,unemployment,instr-antiplural_w3_trt-ert_gapany_illib0p8655367_opp0p8655367_ctrypct_exclyr,backsliding_Nyr,387,22,0.11471177128006184,0.2931848428786677,243,17,-1.1200202466492777,1.122026928027659,0.31817678358447943,-10.793045469967234,17.15252659694035,0.5291923409531767,20.23971561325526
3,backsliding_Nyr,Y_trade_pct_gdp,Trade / GDP,trade,instr-antiplural_w3_trt-ert_gapany_illib0p8655367_opp0p8655367_ctrypct_exclyr,backsliding_Nyr,387,22,0.11471177128006184,0.2931848428786677,333,18,-2.619407531101498,4.528862448606963,0.5630069874208012,-284.60674270610696,666.9301929386545,0.6695676725669888,15.379412414592558
3,backsliding_Nyr,Y_top10_share,Top-10% income share,top10,instr-antiplural_w3_trt-ert_gapany_illib0p8655367_opp0p8655367_ctrypct_exclyr,backsliding_Nyr,387,22,0.11471177128006184,0.2931848428786677,328,18,0.40901704087122914,0.8977280011928445,0.6486678981889951,3.1002225378955695,20.139911197398632,0.8776615621939614,23.603118185240938
3,backsliding_Nyr,Y_gini_disp,Disposable,gini,instr-antiplural_w3_trt-ert_gapany_illib0p8655367_opp0p8655367_ctrypct_exclyr,backsliding_Nyr,387,22,0.11471177128006184,0.2931848428786677,284,17,0.284407125173585,0.5369160444868087,0.5963164654555144,2.336336977852767,11.569643346327805,0.8399661173342712,20.644184628270523
3,backsliding_Nyr,Y_gini_mkt,Market,gini,instr-antiplural_w3_trt-ert_gapany_illib0p8655367_opp0p8655367_ctrypct_exclyr,backsliding_Nyr,387,22,0.11471177128006184,0.2931848428786677,284,17,0.14871349969665715,0.46322704624439515,0.7481815690846038,2.1349552925084625,9.386805560507398,0.8200799435140365,21.583507087207124
3,backsliding_Nyr,Y_debt,Debt / GDP,fiscal,instr-antiplural_w3_trt-ert_gapany_illib0p8655367_opp0p8655367_ctrypct_exclyr,backsliding_Nyr,387,22,0.11471177128006184,0.2931848428786677,357,20,-3.2768818598383325,6.027687109386012,0.5866903657266205,-31.12905580836127,104.91452595513849,0.7666888910648239,23.19220907606163
3,backsliding_Nyr,Y_deficit,Deficit / GDP,fiscal,instr-antiplural_w3_trt-ert_gapany_illib0p8655367_opp0p8655367_ctrypct_exclyr,backsliding_Nyr,387,22,0.11471177128006184,0.2931848428786677,301,20,1.3153581145829845,2.4813315285339046,0.5960414056549884,22.64912442205242,51.66587119600053,0.6611130893340136,25.86839667094393
3,backsliding_Nyr,Y_checks_balances,Checks & balances,institutions,instr-antiplural_w3_trt-ert_gapany_illib0p8655367_opp0p8655367_ctrypct_exclyr,backsliding_Nyr,387,22,0.11471177128006184,0.2931848428786677,369,21,-0.04259408047787749,0.04795511925871663,0.3744293258798351,-0.4755774316052768,0.7665307414245163,0.5349757880381119,19.17303032747425
3,backsliding_Nyr,Y_jucon,Judicial constraints,institutions,instr-antiplural_w3_trt-ert_gapany_illib0p8655367_opp0p8655367_ctrypct_exclyr,backsliding_Nyr,387,22,0.11471177128006184,0.2931848428786677,379,22,-0.04402335785098013,0.03608911313872318,0.22252118424097772,-0.17594574134417848,0.5610068952743883,0.7538059321593125,20.78195617403269
3,backsliding_Nyr,Y_legcon,Legislative constraints,institutions,instr-antiplural_w3_trt-ert_gapany_illib0p8655367_opp0p8655367_ctrypct_exclyr,backsliding_Nyr,387,22,0.11471177128006184,0.2931848428786677,369,21,-0.08106813174994658,0.07017223369740636,0.24797838755391985,-0.9633558213288448,1.2045077275872862,0.4238312337899483,20.82110449443039
3,backsliding_Nyr,Y_hos_power,HOS,exec_power,instr-antiplural_w3_trt-ert_gapany_illib0p8655367_opp0p8655367_ctrypct_exclyr,backsliding_Nyr,387,22,0.11471177128006184,0.2931848428786677,379,22,0.00295388204877088,0.02613693625906563,0.9100181718107412,0.02822366500007366,0.25469539564922505,0.9117643121489788,19.92944929867925
3,backsliding_Nyr,Y_hog_power,HOG,exec_power,instr-antiplural_w3_trt-ert_gapany_illib0p8655367_opp0p8655367_ctrypct_exclyr,backsliding_Nyr,387,22,0.11471177128006184,0.2931848428786677,174,14,0.02938402066913182,0.0272296550180633,0.2805349675149194,4.405461449713285,129.31507436626654,0.9728232003986576,25.76318196673688
3,backsliding_Nyr,Y_hos_power_vdem,HOS (v2ex_hosw),exec_power_alt,instr-antiplural_w3_trt-ert_gapany_illib0p8655367_opp0p8655367_ctrypct_exclyr,backsliding_Nyr,387,22,0.11471177128006184,0.2931848428786677,379,22,-0.00677187907443222,0.0072787534809766,0.3521834427368784,0.1153680615225778,0.13286867120891285,0.3852375600026438,11.163551487057743
3,backsliding_Nyr,Y_hog_power_vdem,HOG (v2ex_hogw),exec_power_alt,instr-antiplural_w3_trt-ert_gapany_illib0p8655367_opp0p8655367_ctrypct_exclyr,backsliding_Nyr,387,22,0.11471177128006184,0.2931848428786677,379,22,0.0049540899953041,0.00628684604784004,0.43069155988107455,-0.18087714078516864,0.19473244974761889,0.352967081426783,8.97107538929906
3,backsliding_Nyr,Y_polyarchy,Electoral (polyarchy),vdem_high,instr-antiplural_w3_trt-ert_gapany_illib0p8655367_opp0p8655367_ctrypct_exclyr,backsliding_Nyr,387,22,0.11471177128006184,0.2931848428786677,379,22,-0.0676292728262047,0.03260106146709592,0.03803753533796047,-0.19522339682831405,0.5865617552554537,0.7392651237431065,18.36743773667111
3,backsliding_Nyr,Y_libdem,Liberal,vdem_high,instr-antiplural_w3_trt-ert_gapany_illib0p8655367_opp0p8655367_ctrypct_exclyr,backsliding_Nyr,387,22,0.11471177128006184,0.2931848428786677,379,22,-0.0630220695058451,0.02979516173055423,0.03441478238709336,-0.23189910686461165,0.537862273658669,0.6663595940430173,18.53844054730078
3,backsliding_Nyr,Y_partipdem,Participatory,vdem_high,instr-antiplural_w3_trt-ert_gapany_illib0p8655367_opp0p8655367_ctrypct_exclyr,backsliding_Nyr,387,22,0.11471177128006184,0.2931848428786677,378,22,-0.03180863070294634,0.02088883204835284,0.1278193260921785,-0.0026203903660843,0.27459766892302634,0.9923861797759392,17.92839547539954
3,backsliding_Nyr,Y_delibdem,Deliberative,vdem_high,instr-antiplural_w3_trt-ert_gapany_illib0p8655367_opp0p8655367_ctrypct_exclyr,backsliding_Nyr,387,22,0.11471177128006184,0.2931848428786677,379,22,-0.0704935260795681,0.03480133868405843,0.04280598474685807,-0.24971973813019557,0.6366960740959542,0.6949016972363002,18.686366462843637
3,backsliding_Nyr,Y_egaldem,Egalitarian,vdem_high,instr-antiplural_w3_trt-ert_gapany_illib0p8655367_opp0p8655367_ctrypct_exclyr,backsliding_Nyr,387,22,0.11471177128006184,0.2931848428786677,379,22,-0.03433686108174375,0.02058963231798569,0.09537981702576444,-0.07443713622011092,0.32982500497527123,0.8214450576484509,17.19783785885482
3,backsliding_Nyr,Y_elecoff,Elected officials,vdem_electoral,instr-antiplural_w3_trt-ert_gapany_illib0p8655367_opp0p8655367_ctrypct_exclyr,backsliding_Nyr,387,22,0.11471177128006184,0.2931848428786677,379,22,-0.14559580051646703,0.0905776439553106,0.10796351434147844,-0.5054720203625178,1.4298979119138762,0.7237119992783598,20.042240430901717
3,backsliding_Nyr,Y_frefair,Clean elections,vdem_electoral,instr-antiplural_w3_trt-ert_gapany_illib0p8655367_opp0p8655367_ctrypct_exclyr,backsliding_Nyr,387,22,0.11471177128006184,0.2931848428786677,379,22,-0.08862400899026521,0.04858897795157869,0.06815918771919459,-0.17320147268276254,0.7983036966990926,0.8282380508793703,18.441313819056383
3,backsliding_Nyr,Y_frassoc,Association,vdem_electoral,instr-antiplural_w3_trt-ert_gapany_illib0p8655367_opp0p8655367_ctrypct_exclyr,backsliding_Nyr,387,22,0.11471177128006184,0.2931848428786677,379,22,-0.06506475058115137,0.03719153939694076,0.08021320881037394,-0.27157029059540266,0.6762055074905413,0.6879717258658672,19.142758044469534
3,backsliding_Nyr,Y_suffr,Suffrage,vdem_electoral,instr-antiplural_w3_trt-ert_gapany_illib0p8655367_opp0p8655367_ctrypct_exclyr,backsliding_Nyr,387,22,0.11471177128006184,0.2931848428786677,379,22,-0.00138692792485668,0.00112583155646654,0.21798112192598004,-0.04801999148601846,0.09684090968348714,0.6199898521663407,10.077129964578123
3,backsliding_Nyr,Y_freexp,Expression & alt. info,vdem_electoral,instr-antiplural_w3_trt-ert_gapany_illib0p8655367_opp0p8655367_ctrypct_exclyr,backsliding_Nyr,387,22,0.11471177128006184,0.2931848428786677,379,22,-0.07196621823786567,0.03513213903902641,0.04051651723897881,-0.27449316887500796,0.629179656058538,0.6626397380861205,18.347318962395228
3,backsliding_Nyr,Y_cl_rol,Rule of law,vdem_liberal,instr-antiplural_w3_trt-ert_gapany_illib0p8655367_opp0p8655367_ctrypct_exclyr,backsliding_Nyr,387,22,0.11471177128006184,0.2931848428786677,379,22,-0.07102597489220436,0.03114184298304019,0.02256473425473511,-0.2793566533155863,0.6486004270432675,0.6666815301907357,18.109084795761436
3,backsliding_Nyr,Y_cspart,Civil society,vdem_particip,instr-antiplural_w3_trt-ert_gapany_illib0p8655367_opp0p8655367_ctrypct_exclyr,backsliding_Nyr,387,22,0.11471177128006184,0.2931848428786677,379,22,-0.01614858129767494,0.0347076670016956,0.6417351227383241,-0.00580192224563293,0.3867983207895617,0.9880322888038467,19.712772980398817
3,backsliding_Nyr,Y_dd,Direct democracy,vdem_particip,instr-antiplural_w3_trt-ert_gapany_illib0p8655367_opp0p8655367_ctrypct_exclyr,backsliding_Nyr,387,22,0.11471177128006184,0.2931848428786677,379,22,0.0288979906382453,0.02041253926306668,0.15686394953680874,0.4715243211330097,0.7647056416788708,0.5374927084322345,14.735536356307286
3,backsliding_Nyr,Y_locelec,Local elections,vdem_particip,instr-antiplural_w3_trt-ert_gapany_illib0p8655367_opp0p8655367_ctrypct_exclyr,backsliding_Nyr,387,22,0.11471177128006184,0.2931848428786677,374,22,-0.00584581675374613,0.04414927525008098,0.8946598044995869,0.12978346225476775,0.4744485869067431,0.784433619694716,20.84343780357157
3,backsliding_Nyr,Y_regelec,Regional elections,vdem_particip,instr-antiplural_w3_trt-ert_gapany_illib0p8655367_opp0p8655367_ctrypct_exclyr,backsliding_Nyr,387,22,0.11471177128006184,0.2931848428786677,378,22,-0.05928335925258921,0.04864202157798422,0.22293210497423385,-0.6284680854127861,0.9697584024339858,0.5169418389174532,18.85711932525995
3,backsliding_Nyr,Y_delib,Deliberation,vdem_egal_delib,instr-antiplural_w3_trt-ert_gapany_illib0p8655367_opp0p8655367_ctrypct_exclyr,backsliding_Nyr,387,22,0.11471177128006184,0.2931848428786677,379,22,-0.0861053800027764,0.04687682331514864,0.06623302796132717,-0.4441116941476051,0.8772207482645711,0.6126662033250563,20.056758628853498
3,backsliding_Nyr,Y_eqprotec,Equal protection,vdem_egal_delib,instr-antiplural_w3_trt-ert_gapany_illib0p8655367_opp0p8655367_ctrypct_exclyr,backsliding_Nyr,387,22,0.11471177128006184,0.2931848428786677,379,22,0.0012260963398316,0.0211169770171199,0.9536991516177308,0.04013043666158822,0.2179407346042067,0.8539078396400828,19.021021064964895
3,backsliding_Nyr,Y_eqaccess,Equal access,vdem_egal_delib,instr-antiplural_w3_trt-ert_gapany_illib0p8655367_opp0p8655367_ctrypct_exclyr,backsliding_Nyr,387,22,0.11471177128006184,0.2931848428786677,379,22,-0.00385997396221255,0.02479411369972901,0.8762844251587587,-0.01816734312851765,0.2718011302519335,0.9467086234984512,17.822963845782553
3,backsliding_Nyr,Y_eqdr,Equal distribution,vdem_egal_delib,instr-antiplural_w3_trt-ert_gapany_illib0p8655367_opp0p8655367_ctrypct_exclyr,backsliding_Nyr,387,22,0.11471177128006184,0.2931848428786677,379,22,-0.00757139404514188,0.02179159401502759,0.7282565603966149,-0.07065384984724263,0.26408429775365816,0.7890512727125993,22.271455857917044
3,backsliding_union_Nyr,Y_gdp_growth,PWT,growth,instr-antiplural_w3_trt-ertOrDdcg_gapany_illib0p8655367_opp0p8655367_ctrypct_exclyr,backsliding_union_Nyr,387,23,0.1135463056365412,0.29419232266664835,356,22,-0.08914833458014856,0.06472816562048138,0.16842795638205182,-1.2918456528797282,1.6369223074159638,0.4299999172414488,18.39301509303502
3,backsliding_union_Nyr,Y_gdp_growth_wb,World Bank,growth,instr-antiplural_w3_trt-ertOrDdcg_gapany_illib0p8655367_opp0p8655367_ctrypct_exclyr,backsliding_union_Nyr,387,23,0.1135463056365412,0.29419232266664835,369,22,-0.01993708773845826,0.03890734777151302,0.608353776804357,-0.7167900324234557,0.9875175546714734,0.46793047328693327,19.575302754225586
3,backsliding_union_Nyr,Y_gdp_growth_imf,IMF WEO,growth,instr-antiplural_w3_trt-ertOrDdcg_gapany_illib0p8655367_opp0p8655367_ctrypct_exclyr,backsliding_union_Nyr,387,23,0.1135463056365412,0.29419232266664835,252,17,-0.07817658005172977,0.04547719284159873,0.08560922479041488,-2.050313869497005,2.3861986762988385,0.390208923840328,19.930239749980995
3,backsliding_union_Nyr,Y_inflation,"CPI, cumulative log",inflation,instr-antiplural_w3_trt-ertOrDdcg_gapany_illib0p8655367_opp0p8655367_ctrypct_exclyr,backsliding_union_Nyr,387,23,0.1135463056365412,0.29419232266664835,334,21,-0.301530558668686,0.2714664712433298,0.26667728108453015,-4.9439223536340275,7.675242524863605,0.5194853608666586,23.183162105794732
3,backsliding_union_Nyr,Y_unemployment,Unemployment rate,unemployment,instr-antiplural_w3_trt-ertOrDdcg_gapany_illib0p8655367_opp0p8655367_ctrypct_exclyr,backsliding_union_Nyr,387,23,0.1135463056365412,0.29419232266664835,243,18,-1.1200202466492777,1.122026928027659,0.31817678358447943,-10.838881811549358,17.23453855181566,0.5294114673545431,20.093578505300048
3,backsliding_union_Nyr,Y_trade_pct_gdp,Trade / GDP,trade,instr-antiplural_w3_trt-ertOrDdcg_gapany_illib0p8655367_opp0p8655367_ctrypct_exclyr,backsliding_union_Nyr,387,23,0.1135463056365412,0.29419232266664835,333,19,-2.619407531101498,4.528862448606963,0.5630069874208012,-284.60536070927515,666.9260329005311,0.669567243028605,15.379417493171175
3,backsliding_union_Nyr,Y_top10_share,Top-10% income share,top10,instr-antiplural_w3_trt-ertOrDdcg_gapany_illib0p8655367_opp0p8655367_ctrypct_exclyr,backsliding_union_Nyr,387,23,0.1135463056365412,0.29419232266664835,328,19,0.40901704087122914,0.8977280011928445,0.6486678981889951,3.094188853316296,20.13493000471297,0.8778678193217506,23.60533064243057
3,backsliding_union_Nyr,Y_gini_disp,Disposable,gini,instr-antiplural_w3_trt-ertOrDdcg_gapany_illib0p8655367_opp0p8655367_ctrypct_exclyr,backsliding_union_Nyr,387,23,0.1135463056365412,0.29419232266664835,284,18,0.284407125173585,0.5369160444868087,0.5963164654555144,2.3375478864638377,11.57236803842165,0.8399214839248117,20.641815984220266
3,backsliding_union_Nyr,Y_gini_mkt,Market,gini,instr-antiplural_w3_trt-ertOrDdcg_gapany_illib0p8655367_opp0p8655367_ctrypct_exclyr,backsliding_union_Nyr,387,23,0.1135463056365412,0.29419232266664835,284,18,0.14871349969665715,0.46322704624439515,0.7481815690846038,2.133818637674433,9.3920120819382,0.8202720779901834,21.60166124976923
3,backsliding_union_Nyr,Y_debt,Debt / GDP,fiscal,instr-antiplural_w3_trt-ertOrDdcg_gapany_illib0p8655367_opp0p8655367_ctrypct_exclyr,backsliding_union_Nyr,387,23,0.1135463056365412,0.29419232266664835,357,21,-3.2768818598383325,6.027687109386012,0.5866903657266205,-31.140430167266945,104.91864130089024,0.7666150034594098,23.191042833371853
3,backsliding_union_Nyr,Y_deficit,Deficit / GDP,fiscal,instr-antiplural_w3_trt-ertOrDdcg_gapany_illib0p8655367_opp0p8655367_ctrypct_exclyr,backsliding_union_Nyr,387,23,0.1135463056365412,0.29419232266664835,301,21,1.3153581145829845,2.4813315285339046,0.5960414056549884,22.667572673564877,51.67162739598603,0.6608897299234132,25.874705906464893
3,backsliding_union_Nyr,Y_checks_balances,Checks & balances,institutions,instr-antiplural_w3_trt-ertOrDdcg_gapany_illib0p8655367_opp0p8655367_ctrypct_exclyr,backsliding_union_Nyr,387,23,0.1135463056365412,0.29419232266664835,369,22,-0.04259408047787749,0.04795511925871663,0.3744293258798351,-0.4755287315328313,0.7665186320235997,0.5350111550648465,19.171551665589007
3,backsliding_union_Nyr,Y_jucon,Judicial constraints,institutions,instr-antiplural_w3_trt-ertOrDdcg_gapany_illib0p8655367_opp0p8655367_ctrypct_exclyr,backsliding_union_Nyr,387,23,0.1135463056365412,0.29419232266664835,379,23,-0.04402335785098013,0.03608911313872318,0.22252118424097772,-0.17594883614669485,0.5610083727132928,0.7538023692457785,20.78201304123203
3,backsliding_union_Nyr,Y_legcon,Legislative constraints,institutions,instr-antiplural_w3_trt-ertOrDdcg_gapany_illib0p8655367_opp0p8655367_ctrypct_exclyr,backsliding_union_Nyr,387,23,0.1135463056365412,0.29419232266664835,369,22,-0.08106813174994658,0.07017223369740636,0.24797838755391985,-0.9615363025106748,1.2042037566585615,0.4245902187641946,20.79924469913898
3,backsliding_union_Nyr,Y_hos_power,HOS,exec_power,instr-antiplural_w3_trt-ertOrDdcg_gapany_illib0p8655367_opp0p8655367_ctrypct_exclyr,backsliding_union_Nyr,387,23,0.1135463056365412,0.29419232266664835,379,23,0.00295388204877088,0.02613693625906563,0.9100181718107412,0.02822361183986626,0.2547020933181165,0.9117667884325006,19.92836470597957
3,backsliding_union_Nyr,Y_hog_power,HOG,exec_power,instr-antiplural_w3_trt-ertOrDdcg_gapany_illib0p8655367_opp0p8655367_ctrypct_exclyr,backsliding_union_Nyr,387,23,0.1135463056365412,0.29419232266664835,174,15,0.02938402066913182,0.0272296550180633,0.2805349675149194,2.7156281156945523,135.39919744614625,0.9839983358185208,25.782286231762857
3,backsliding_union_Nyr,Y_hos_power_vdem,HOS (v2ex_hosw),exec_power_alt,instr-antiplural_w3_trt-ertOrDdcg_gapany_illib0p8655367_opp0p8655367_ctrypct_exclyr,backsliding_union_Nyr,387,23,0.1135463056365412,0.29419232266664835,379,23,-0.00677187907443222,0.0072787534809766,0.3521834427368784,0.11609685364873867,0.13322672161060212,0.3835231327552245,11.155784025090153
3,backsliding_union_Nyr,Y_hog_power_vdem,HOG (v2ex_hogw),exec_power_alt,instr-antiplural_w3_trt-ertOrDdcg_gapany_illib0p8655367_opp0p8655367_ctrypct_exclyr,backsliding_union_Nyr,387,23,0.1135463056365412,0.29419232266664835,379,23,0.0049540899953041,0.00628684604784004,0.43069155988107455,-0.18086130981542975,0.1947122361343913,0.35295924353104474,8.970125716749687
3,backsliding_union_Nyr,Y_polyarchy,Electoral (polyarchy),vdem_high,instr-antiplural_w3_trt-ertOrDdcg_gapany_illib0p8655367_opp0p8655367_ctrypct_exclyr,backsliding_union_Nyr,387,23,0.1135463056365412,0.29419232266664835,379,23,-0.0676292728262047,0.03260106146709592,0.03803753533796047,-0.19521717118210505,0.5865606247980633,0.7392726518366137,18.36732671604053
3,backsliding_union_Nyr,Y_libdem,Liberal,vdem_high,instr-antiplural_w3_trt-ertOrDdcg_gapany_illib0p8655367_opp0p8655367_ctrypct_exclyr,backsliding_union_Nyr,387,23,0.1135463056365412,0.29419232266664835,379,23,-0.0630220695058451,0.02979516173055423,0.03441478238709336,-0.2318994635288474,0.5378623970672891,0.6663591838389148,18.53844737294848
3,backsliding_union_Nyr,Y_partipdem,Participatory,vdem_high,instr-antiplural_w3_trt-ertOrDdcg_gapany_illib0p8655367_opp0p8655367_ctrypct_exclyr,backsliding_union_Nyr,387,23,0.1135463056365412,0.29419232266664835,378,23,-0.03180863070294634,0.02088883204835284,0.1278193260921785,-0.00261590390536881,0.27459730204025007,0.9923992051105353,17.928290148960684
3,backsliding_union_Nyr,Y_delibdem,Deliberative,vdem_high,instr-antiplural_w3_trt-ertOrDdcg_gapany_illib0p8655367_opp0p8655367_ctrypct_exclyr,backsliding_union_Nyr,387,23,0.1135463056365412,0.29419232266664835,379,23,-0.0704935260795681,0.03480133868405843,0.04280598474685807,-0.24971714936293077,0.6366952893809199,0.6949043440833436,18.68632864420966
3,backsliding_union_Nyr,Y_egaldem,Egalitarian,vdem_high,instr-antiplural_w3_trt-ertOrDdcg_gapany_illib0p8655367_opp0p8655367_ctrypct_exclyr,backsliding_union_Nyr,387,23,0.1135463056365412,0.29419232266664835,379,23,-0.03433686108174375,0.02058963231798569,0.09537981702576444,-0.07443864185359611,0.32982489530362374,0.8214414485661098,17.197902120077785
3,backsliding_union_Nyr,Y_elecoff,Elected officials,vdem_electoral,instr-antiplural_w3_trt-ertOrDdcg_gapany_illib0p8655367_opp0p8655367_ctrypct_exclyr,backsliding_union_Nyr,387,23,0.1135463056365412,0.29419232266664835,379,23,-0.14559580051646703,0.0905776439553106,0.10796351434147844,-0.5054852715744591,1.4299011966334234,0.7237056616587394,20.042336307015148
3,backsliding_union_Nyr,Y_frefair,Clean elections,vdem_electoral,instr-antiplural_w3_trt-ertOrDdcg_gapany_illib0p8655367_opp0p8655367_ctrypct_exclyr,backsliding_union_Nyr,387,23,0.1135463056365412,0.29419232266664835,379,23,-0.08862400899026521,0.04858897795157869,0.06815918771919459,-0.1731818987735697,0.7982979398120202,0.8282559402770042,18.44109666710701
3,backsliding_union_Nyr,Y_frassoc,Association,vdem_electoral,instr-antiplural_w3_trt-ertOrDdcg_gapany_illib0p8655367_opp0p8655367_ctrypct_exclyr,backsliding_union_Nyr,387,23,0.1135463056365412,0.29419232266664835,379,23,-0.06506475058115137,0.03719153939694076,0.08021320881037394,-0.27156925126858145,0.6762054430642641,0.6879728290330591,19.142731020056345
3,backsliding_union_Nyr,Y_suffr,Suffrage,vdem_electoral,instr-antiplural_w3_trt-ertOrDdcg_gapany_illib0p8655367_opp0p8655367_ctrypct_exclyr,backsliding_union_Nyr,387,23,0.1135463056365412,0.29419232266664835,379,23,-0.00138692792485668,0.00112583155646654,0.21798112192598004,-0.04799183427772667,0.0968135229216393,0.6200960946454606,10.078552811102517
3,backsliding_union_Nyr,Y_freexp,Expression & alt. info,vdem_electoral,instr-antiplural_w3_trt-ertOrDdcg_gapany_illib0p8655367_opp0p8655367_ctrypct_exclyr,backsliding_union_Nyr,387,23,0.1135463056365412,0.29419232266664835,379,23,-0.07196621823786567,0.03513213903902641,0.04051651723897881,-0.27449482398320785,0.6291791696060823,0.6626375850213558,18.34740233005505
3,backsliding_union_Nyr,Y_cl_rol,Rule of law,vdem_liberal,instr-antiplural_w3_trt-ertOrDdcg_gapany_illib0p8655367_opp0p8655367_ctrypct_exclyr,backsliding_union_Nyr,387,23,0.1135463056365412,0.29419232266664835,379,23,-0.07102597489220436,0.03114184298304019,0.02256473425473511,-0.2793564876641106,0.6486004716872945,0.6666817374767684,18.109078273718367
3,backsliding_union_Nyr,Y_cspart,Civil society,vdem_particip,instr-antiplural_w3_trt-ertOrDdcg_gapany_illib0p8655367_opp0p8655367_ctrypct_exclyr,backsliding_union_Nyr,387,23,0.1135463056365412,0.29419232266664835,379,23,-0.01614858129767494,0.0347076670016956,0.6417351227383241,-0.00579978424859051,0.38679838802978184,0.9880367006310656,19.712702612330673
3,backsliding_union_Nyr,Y_dd,Direct democracy,vdem_particip,instr-antiplural_w3_trt-ertOrDdcg_gapany_illib0p8655367_opp0p8655367_ctrypct_exclyr,backsliding_union_Nyr,387,23,0.1135463056365412,0.29419232266664835,379,23,0.0288979906382453,0.02041253926306668,0.15686394953680874,0.4716853936528298,0.7649656977298098,0.5374920877752312,14.733642943869729
3,backsliding_union_Nyr,Y_locelec,Local elections,vdem_particip,instr-antiplural_w3_trt-ertOrDdcg_gapany_illib0p8655367_opp0p8655367_ctrypct_exclyr,backsliding_union_Nyr,387,23,0.1135463056365412,0.29419232266664835,374,23,-0.00584581675374613,0.04414927525008098,0.8946598044995869,0.12978510327898882,0.4744488650396048,0.7844310845650402,20.843386136547593
3,backsliding_union_Nyr,Y_regelec,Regional elections,vdem_particip,instr-antiplural_w3_trt-ertOrDdcg_gapany_illib0p8655367_opp0p8655367_ctrypct_exclyr,backsliding_union_Nyr,387,23,0.1135463056365412,0.29419232266664835,378,23,-0.05928335925258921,0.04864202157798422,0.22293210497423385,-0.628471326516397,0.9697529479104944,0.5169373198220423,18.857304023850688
3,backsliding_union_Nyr,Y_delib,Deliberation,vdem_egal_delib,instr-antiplural_w3_trt-ertOrDdcg_gapany_illib0p8655367_opp0p8655367_ctrypct_exclyr,backsliding_union_Nyr,387,23,0.1135463056365412,0.29419232266664835,379,23,-0.0861053800027764,0.04687682331514864,0.06623302796132717,-0.4441130298360928,0.8772212299072555,0.6126653296794917,20.056778144279505
3,backsliding_union_Nyr,Y_eqprotec,Equal protection,vdem_egal_delib,instr-antiplural_w3_trt-ertOrDdcg_gapany_illib0p8655367_opp0p8655367_ctrypct_exclyr,backsliding_union_Nyr,387,23,0.1135463056365412,0.29419232266664835,379,23,0.0012260963398316,0.0211169770171199,0.9536991516177308,0.04012620919603083,0.21793365718582872,0.8539183658232958,19.023409289314145
3,backsliding_union_Nyr,Y_eqaccess,Equal access,vdem_egal_delib,instr-antiplural_w3_trt-ertOrDdcg_gapany_illib0p8655367_opp0p8655367_ctrypct_exclyr,backsliding_union_Nyr,387,23,0.1135463056365412,0.29419232266664835,379,23,-0.00385997396221255,0.02479411369972901,0.8762844251587587,-0.01817266731159897,0.2718009401005079,0.9466929917639578,17.823110944021277
3,backsliding_union_Nyr,Y_eqdr,Equal distribution,vdem_egal_delib,instr-antiplural_w3_trt-ertOrDdcg_gapany_illib0p8655367_opp0p8655367_ctrypct_exclyr,backsliding_union_Nyr,387,23,0.1135463056365412,0.29419232266664835,379,23,-0.00757139404514188,0.02179159401502759,0.7282565603966149,-0.07155603508906638,0.2643888909566604,0.7866626165992013,22.344364478256992
3,polyarchy_decline,Y_gdp_growth,PWT,growth,instr-antiplural_w3_trt-polyarchy_gapany_illib0p8655367_opp0p8655367_ctrypct_exclyr,polyarchy_decline,379,173,0.0676292728262047,0.03803753533796047,356,162,-0.08914833458014856,0.06472816562048138,0.16842795638205182,-1.5448332218119285,1.316970805668935,0.24078774670714925,21.778295352934897
3,polyarchy_decline,Y_gdp_growth_wb,World Bank,growth,instr-antiplural_w3_trt-polyarchy_gapany_illib0p8655367_opp0p8655367_ctrypct_exclyr,polyarchy_decline,379,173,0.0676292728262047,0.03803753533796047,369,169,-0.01993708773845826,0.03890734777151302,0.608353776804357,-0.4305299192687163,0.6788969697416516,0.5259758161672881,24.68667095689461
3,polyarchy_decline,Y_gdp_growth_imf,IMF WEO,growth,instr-antiplural_w3_trt-polyarchy_gapany_illib0p8655367_opp0p8655367_ctrypct_exclyr,polyarchy_decline,379,173,0.0676292728262047,0.03803753533796047,252,118,-0.07817658005172977,0.04547719284159873,0.08560922479041488,-2.086960508024509,1.3700581312612998,0.12769261905922769,25.53934976753617
3,polyarchy_decline,Y_inflation,"CPI, cumulative log",inflation,instr-antiplural_w3_trt-polyarchy_gapany_illib0p8655367_opp0p8655367_ctrypct_exclyr,polyarchy_decline,379,173,0.0676292728262047,0.03803753533796047,334,158,-0.301530558668686,0.2714664712433298,0.26667728108453015,-5.021228634839873,5.471298646249251,0.35875509518949095,25.46973777474525
3,polyarchy_decline,Y_unemployment,Unemployment rate,unemployment,instr-antiplural_w3_trt-polyarchy_gapany_illib0p8655367_opp0p8655367_ctrypct_exclyr,polyarchy_decline,379,173,0.0676292728262047,0.03803753533796047,243,136,-1.1200202466492777,1.122026928027659,0.31817678358447943,-31.39789108423325,44.99584015354456,0.4853051450609676,20.051641127757133
3,polyarchy_decline,Y_trade_pct_gdp,Trade / GDP,trade,instr-antiplural_w3_trt-polyarchy_gapany_illib0p8655367_opp0p8655367_ctrypct_exclyr,polyarchy_decline,379,173,0.0676292728262047,0.03803753533796047,333,159,-2.619407531101498,4.528862448606963,0.5630069874208012,8.743683400288038,72.97014271186326,0.9046213861243064,26.605798486413864
3,polyarchy_decline,Y_top10_share,Top-10% income share,top10,instr-antiplural_w3_trt-polyarchy_gapany_illib0p8655367_opp0p8655367_ctrypct_exclyr,polyarchy_decline,379,173,0.0676292728262047,0.03803753533796047,328,149,0.40901704087122914,0.8977280011928445,0.6486678981889951,1.809108264192059,15.519792978153358,0.907202548438,24.52018230450954
3,polyarchy_decline,Y_gini_disp,Disposable,gini,instr-antiplural_w3_trt-polyarchy_gapany_illib0p8655367_opp0p8655367_ctrypct_exclyr,polyarchy_decline,379,173,0.0676292728262047,0.03803753533796047,284,131,0.284407125173585,0.5369160444868087,0.5963164654555144,4.459696950713002,9.13440201877682,0.6253863283834075,31.306606169152936
3,polyarchy_decline,Y_gini_mkt,Market,gini,instr-antiplural_w3_trt-polyarchy_gapany_illib0p8655367_opp0p8655367_ctrypct_exclyr,polyarchy_decline,379,173,0.0676292728262047,0.03803753533796047,284,131,0.14871349969665715,0.46322704624439515,0.7481815690846038,1.104500034369201,8.280172279970179,0.8938842034704212,26.861385324397745
3,polyarchy_decline,Y_debt,Debt / GDP,fiscal,instr-antiplural_w3_trt-polyarchy_gapany_illib0p8655367_opp0p8655367_ctrypct_exclyr,polyarchy_decline,379,173,0.0676292728262047,0.03803753533796047,357,167,-3.2768818598383325,6.027687109386012,0.5866903657266205,-15.633613033757392,88.50842031450813,0.8597957374441595,27.882209710071443
3,polyarchy_decline,Y_deficit,Deficit / GDP,fiscal,instr-antiplural_w3_trt-polyarchy_gapany_illib0p8655367_opp0p8655367_ctrypct_exclyr,polyarchy_decline,379,173,0.0676292728262047,0.03803753533796047,301,146,1.3153581145829845,2.4813315285339046,0.5960414056549884,25.77315355333304,37.26215418604164,0.4891439273153505,24.284656221604777
3,polyarchy_decline,Y_checks_balances,Checks & balances,institutions,instr-antiplural_w3_trt-polyarchy_gapany_illib0p8655367_opp0p8655367_ctrypct_exclyr,polyarchy_decline,379,173,0.0676292728262047,0.03803753533796047,369,172,-0.04259408047787749,0.04795511925871663,0.3744293258798351,-1.677287215456673,1.7586611931986678,0.3402205389742594,19.109666383634785
3,polyarchy_decline,Y_jucon,Judicial constraints,institutions,instr-antiplural_w3_trt-polyarchy_gapany_illib0p8655367_opp0p8655367_ctrypct_exclyr,polyarchy_decline,379,173,0.0676292728262047,0.03803753533796047,379,173,-0.04402335785098013,0.03608911313872318,0.22252118424097772,-0.623069568610864,0.633092020820696,0.3250324038305964,19.823606157993822
3,polyarchy_decline,Y_legcon,Legislative constraints,institutions,instr-antiplural_w3_trt-polyarchy_gapany_illib0p8655367_opp0p8655367_ctrypct_exclyr,polyarchy_decline,379,173,0.0676292728262047,0.03803753533796047,369,172,-0.08106813174994658,0.07017223369740636,0.24797838755391985,-2.576531727251777,2.1737189780415447,0.23589474013125908,20.91427809172723
3,polyarchy_decline,Y_hos_power,HOS,exec_power,instr-antiplural_w3_trt-polyarchy_gapany_illib0p8655367_opp0p8655367_ctrypct_exclyr,polyarchy_decline,379,173,0.0676292728262047,0.03803753533796047,379,173,0.00295388204877088,0.02613693625906563,0.9100181718107412,0.07473090933756507,0.2857394224154889,0.793679828799631,30.118433000665078
3,polyarchy_decline,Y_hog_power,HOG,exec_power,instr-antiplural_w3_trt-polyarchy_gapany_illib0p8655367_opp0p8655367_ctrypct_exclyr,polyarchy_decline,379,173,0.0676292728262047,0.03803753533796047,174,79,0.02938402066913182,0.0272296550180633,0.2805349675149194,0.30536476039826654,0.4050986429798907,0.4509672435765087,22.769911380037627
3,polyarchy_decline,Y_hos_power_vdem,HOS (v2ex_hosw),exec_power_alt,instr-antiplural_w3_trt-polyarchy_gapany_illib0p8655367_opp0p8655367_ctrypct_exclyr,polyarchy_decline,379,173,0.0676292728262047,0.03803753533796047,379,173,-0.00677187907443222,0.0072787534809766,0.3521834427368784,0.20444808831016364,0.28414429183503254,0.4718193104698744,27.58804333215216
3,polyarchy_decline,Y_hog_power_vdem,HOG (v2ex_hogw),exec_power_alt,instr-antiplural_w3_trt-polyarchy_gapany_illib0p8655367_opp0p8655367_ctrypct_exclyr,polyarchy_decline,379,173,0.0676292728262047,0.03803753533796047,379,173,0.0049540899953041,0.00628684604784004,0.43069155988107455,-0.191219245519966,0.2720366186261997,0.4821072890736212,23.711831566255356
3,polyarchy_decline,Y_polyarchy,Electoral (polyarchy),vdem_high,instr-antiplural_w3_trt-polyarchy_gapany_illib0p8655367_opp0p8655367_ctrypct_exclyr,polyarchy_decline,379,173,0.0676292728262047,0.03803753533796047,379,173,-0.0676292728262047,0.03260106146709592,0.03803753533796047,-1,2.1401554294380422e-17,0,25.64123534408264
3,polyarchy_decline,Y_libdem,Liberal,vdem_high,instr-antiplural_w3_trt-polyarchy_gapany_illib0p8655367_opp0p8655367_ctrypct_exclyr,polyarchy_decline,379,173,0.0676292728262047,0.03803753533796047,379,173,-0.0630220695058451,0.02979516173055423,0.03441478238709336,-0.9184247907246332,0.15494422165706867,3.076669601934343e-9,30.976626678003644
3,polyarchy_decline,Y_partipdem,Participatory,vdem_high,instr-antiplural_w3_trt-polyarchy_gapany_illib0p8655367_opp0p8655367_ctrypct_exclyr,polyarchy_decline,379,173,0.0676292728262047,0.03803753533796047,378,173,-0.03180863070294634,0.02088883204835284,0.1278193260921785,-0.4730938765786485,0.12532825741614112,1.6011163936768943e-4,25.30644423186758
3,polyarchy_decline,Y_delibdem,Deliberative,vdem_high,instr-antiplural_w3_trt-polyarchy_gapany_illib0p8655367_opp0p8655367_ctrypct_exclyr,polyarchy_decline,379,173,0.0676292728262047,0.03803753533796047,379,173,-0.0704935260795681,0.03480133868405843,0.04280598474685807,-1.0242744607860343,0.2648682205727434,1.1013290124220304e-4,24.67188184136996
3,polyarchy_decline,Y_egaldem,Egalitarian,vdem_high,instr-antiplural_w3_trt-polyarchy_gapany_illib0p8655367_opp0p8655367_ctrypct_exclyr,polyarchy_decline,379,173,0.0676292728262047,0.03803753533796047,379,173,-0.03433686108174375,0.02058963231798569,0.09537981702576444,-0.5353384273640542,0.09931052205301125,7.024200304484335e-8,26.3105329464869
3,polyarchy_decline,Y_elecoff,Elected officials,vdem_electoral,instr-antiplural_w3_trt-polyarchy_gapany_illib0p8655367_opp0p8655367_ctrypct_exclyr,polyarchy_decline,379,173,0.0676292728262047,0.03803753533796047,379,173,-0.14559580051646703,0.0905776439553106,0.10796351434147844,-2.1047724835878676,0.8820531914605874,0.01702258977972538,29.660402143491854
3,polyarchy_decline,Y_frefair,Clean elections,vdem_electoral,instr-antiplural_w3_trt-polyarchy_gapany_illib0p8655367_opp0p8655367_ctrypct_exclyr,polyarchy_decline,379,173,0.0676292728262047,0.03803753533796047,379,173,-0.08862400899026521,0.04858897795157869,0.06815918771919459,-1.1807499821113734,0.30203868412993823,9.257644427200208e-5,26.286239646294916
3,polyarchy_decline,Y_frassoc,Association,vdem_electoral,instr-antiplural_w3_trt-polyarchy_gapany_illib0p8655367_opp0p8655367_ctrypct_exclyr,polyarchy_decline,379,173,0.0676292728262047,0.03803753533796047,379,173,-0.06506475058115137,0.03719153939694076,0.08021320881037394,-0.9695914511761324,0.2883834745853292,7.7335232492862e-4,27.95153547084999
3,polyarchy_decline,Y_suffr,Suffrage,vdem_electoral,instr-antiplural_w3_trt-polyarchy_gapany_illib0p8655367_opp0p8655367_ctrypct_exclyr,polyarchy_decline,379,173,0.0676292728262047,0.03803753533796047,379,173,-0.00138692792485668,0.00112583155646654,0.21798112192598004,-0.00754440274741298,0.01628626757384037,0.6431944531066885,25.07833862675738
3,polyarchy_decline,Y_freexp,Expression & alt. info,vdem_electoral,instr-antiplural_w3_trt-polyarchy_gapany_illib0p8655367_opp0p8655367_ctrypct_exclyr,polyarchy_decline,379,173,0.0676292728262047,0.03803753533796047,379,173,-0.07196621823786567,0.03513213903902641,0.04051651723897881,-1.0636277586434522,0.29428863993511045,3.012378933182355e-4,23.564335635783173
3,polyarchy_decline,Y_cl_rol,Rule of law,vdem_liberal,instr-antiplural_w3_trt-polyarchy_gapany_illib0p8655367_opp0p8655367_ctrypct_exclyr,polyarchy_decline,379,173,0.0676292728262047,0.03803753533796047,379,173,-0.07102597489220436,0.03114184298304019,0.02256473425473511,-1.0681991362909853,0.3692838320543173,0.00382038802843094,22.636404161370457
3,polyarchy_decline,Y_cspart,Civil society,vdem_particip,instr-antiplural_w3_trt-polyarchy_gapany_illib0p8655367_opp0p8655367_ctrypct_exclyr,polyarchy_decline,379,173,0.0676292728262047,0.03803753533796047,379,173,-0.01614858129767494,0.0347076670016956,0.6417351227383241,-0.3541682911268819,0.3954360629896998,0.3704451519294723,26.47000022512787
3,polyarchy_decline,Y_dd,Direct democracy,vdem_particip,instr-antiplural_w3_trt-polyarchy_gapany_illib0p8655367_opp0p8655367_ctrypct_exclyr,polyarchy_decline,379,173,0.0676292728262047,0.03803753533796047,379,173,0.0288979906382453,0.02041253926306668,0.15686394953680874,0.35112436334457053,0.267275922535207,0.1889421629659827,29.13669864526999
3,polyarchy_decline,Y_locelec,Local elections,vdem_particip,instr-antiplural_w3_trt-polyarchy_gapany_illib0p8655367_opp0p8655367_ctrypct_exclyr,polyarchy_decline,379,173,0.0676292728262047,0.03803753533796047,374,171,-0.00584581675374613,0.04414927525008098,0.8946598044995869,-0.02132305504042837,0.6945297353890204,0.9755076518901408,23.656008448710033
3,polyarchy_decline,Y_regelec,Regional elections,vdem_particip,instr-antiplural_w3_trt-polyarchy_gapany_illib0p8655367_opp0p8655367_ctrypct_exclyr,polyarchy_decline,379,173,0.0676292728262047,0.03803753533796047,378,173,-0.05928335925258921,0.04864202157798422,0.22293210497423385,-0.7558229355618828,0.6449498111058517,0.24123331477351032,30.916207619160133
3,polyarchy_decline,Y_delib,Deliberation,vdem_egal_delib,instr-antiplural_w3_trt-polyarchy_gapany_illib0p8655367_opp0p8655367_ctrypct_exclyr,polyarchy_decline,379,173,0.0676292728262047,0.03803753533796047,379,173,-0.0861053800027764,0.04687682331514864,0.06623302796132717,-1.4059912744107237,0.6491531905431588,0.03031996212388362,20.169978524616173
3,polyarchy_decline,Y_eqprotec,Equal protection,vdem_egal_delib,instr-antiplural_w3_trt-polyarchy_gapany_illib0p8655367_opp0p8655367_ctrypct_exclyr,polyarchy_decline,379,173,0.0676292728262047,0.03803753533796047,379,173,0.0012260963398316,0.0211169770171199,0.9536991516177308,-0.00184318416500789,0.3085643545502246,0.995233929582414,28.003100811853475
3,polyarchy_decline,Y_eqaccess,Equal access,vdem_egal_delib,instr-antiplural_w3_trt-polyarchy_gapany_illib0p8655367_opp0p8655367_ctrypct_exclyr,polyarchy_decline,379,173,0.0676292728262047,0.03803753533796047,379,173,-0.00385997396221255,0.02479411369972901,0.8762844251587587,-0.35567318877435566,0.2591510002842425,0.16992171515057863,23.641383371129024
3,polyarchy_decline,Y_eqdr,Equal distribution,vdem_egal_delib,instr-antiplural_w3_trt-polyarchy_gapany_illib0p8655367_opp0p8655367_ctrypct_exclyr,polyarchy_decline,379,173,0.0676292728262047,0.03803753533796047,379,173,-0.00757139404514188,0.02179159401502759,0.7282565603966149,-0.12195805774332244,0.29378405883903536,0.6780480311286665,24.00023384313772
4,backsliding_Nyr,Y_gdp_growth,PWT,growth,instr-antiplural_w4_trt-ert_gapany_illib0p8655367_opp0p8655367_ctrypct_exclyr,backsliding_Nyr,387,30,-0.02890992079984475,0.8244050326812957,348,27,-0.08553640981932051,0.07900606003965534,0.2789610010490082,-19.870418978534705,63.5538761086245,0.7545430044929069,20.71286849038524
4,backsliding_Nyr,Y_gdp_growth_wb,World Bank,growth,instr-antiplural_w4_trt-ert_gapany_illib0p8655367_opp0p8655367_ctrypct_exclyr,backsliding_Nyr,387,30,-0.02890992079984475,0.8244050326812957,358,29,-0.02923642781927435,0.05082731904298409,0.5651486733727455,0.5454569196784984,1.9035596048134935,0.7744601562561402,19.341673579809513
4,backsliding_Nyr,Y_gdp_growth_imf,IMF WEO,growth,instr-antiplural_w4_trt-ert_gapany_illib0p8655367_opp0p8655367_ctrypct_exclyr,backsliding_Nyr,387,30,-0.02890992079984475,0.8244050326812957,242,22,-0.0700391624686803,0.05415020478331509,0.19586453049111513,0.1362836809820125,2.725633820240392,0.9601218065199236,17.94980376902518
4,backsliding_Nyr,Y_inflation,"CPI, cumulative log",inflation,instr-antiplural_w4_trt-ert_gapany_illib0p8655367_opp0p8655367_ctrypct_exclyr,backsliding_Nyr,387,30,-0.02890992079984475,0.8244050326812957,321,27,-0.35343756921250286,0.3351827960566386,0.29167138433634493,1.348853968203807,8.127677522394276,0.8681899194299548,19.274839289211613
4,backsliding_Nyr,Y_unemployment,Unemployment rate,unemployment,instr-antiplural_w4_trt-ert_gapany_illib0p8655367_opp0p8655367_ctrypct_exclyr,backsliding_Nyr,387,30,-0.02890992079984475,0.8244050326812957,239,24,-1.1692051216940025,1.2500688904231303,0.34962724944308265,11.331758171199091,18.09242081907867,0.5311009689200634,17.49840642830705
4,backsliding_Nyr,Y_trade_pct_gdp,Trade / GDP,trade,instr-antiplural_w4_trt-ert_gapany_illib0p8655367_opp0p8655367_ctrypct_exclyr,backsliding_Nyr,387,30,-0.02890992079984475,0.8244050326812957,320,26,-0.518710791382833,4.1301661080711805,0.9000558600600063,12.215131366770468,41.759973127398446,0.7698981498823794,16.61659518715608
4,backsliding_Nyr,Y_top10_share,Top-10% income share,top10,instr-antiplural_w4_trt-ert_gapany_illib0p8655367_opp0p8655367_ctrypct_exclyr,backsliding_Nyr,387,30,-0.02890992079984475,0.8244050326812957,318,26,1.008192702729768,0.687250497718401,0.1423775505575102,-11.18012524612168,16.293251778796492,0.49259876675512465,17.067187636346738
4,backsliding_Nyr,Y_gini_disp,Disposable,gini,instr-antiplural_w4_trt-ert_gapany_illib0p8655367_opp0p8655367_ctrypct_exclyr,backsliding_Nyr,387,30,-0.02890992079984475,0.8244050326812957,275,25,0.452785513405724,0.6668573396175147,0.4971479528086245,-3.245235408557746,8.484221480178004,0.7020887201897674,18.240040991561113
4,backsliding_Nyr,Y_gini_mkt,Market,gini,instr-antiplural_w4_trt-ert_gapany_illib0p8655367_opp0p8655367_ctrypct_exclyr,backsliding_Nyr,387,30,-0.02890992079984475,0.8244050326812957,275,25,0.16966254470611702,0.5606106458500022,0.7621651263811333,-1.2870210906338275,5.835700808239467,0.8254485373955863,17.935214879284093
4,backsliding_Nyr,Y_debt,Debt / GDP,fiscal,instr-antiplural_w4_trt-ert_gapany_illib0p8655367_opp0p8655367_ctrypct_exclyr,backsliding_Nyr,387,30,-0.02890992079984475,0.8244050326812957,344,28,-4.744465629132742,6.90667535709827,0.4921210810669357,-0.9728693007478212,160.2543858998744,0.9951562472224712,24.230987611364377
4,backsliding_Nyr,Y_deficit,Deficit / GDP,fiscal,instr-antiplural_w4_trt-ert_gapany_illib0p8655367_opp0p8655367_ctrypct_exclyr,backsliding_Nyr,387,30,-0.02890992079984475,0.8244050326812957,290,28,-0.2000702645195278,2.647038535522171,0.939751117019347,9.295587093377756,49.965655996843424,0.8524137629705866,21.944077779261725
4,backsliding_Nyr,Y_checks_balances,Checks & balances,institutions,instr-antiplural_w4_trt-ert_gapany_illib0p8655367_opp0p8655367_ctrypct_exclyr,backsliding_Nyr,387,30,-0.02890992079984475,0.8244050326812957,364,28,-0.0407857916777784,0.04481676986186957,0.3627927260855909,0.3727002750858047,0.8252644274362194,0.6515476885353202,18.87795441743027
4,backsliding_Nyr,Y_jucon,Judicial constraints,institutions,instr-antiplural_w4_trt-ert_gapany_illib0p8655367_opp0p8655367_ctrypct_exclyr,backsliding_Nyr,387,30,-0.02890992079984475,0.8244050326812957,375,29,-0.03733592274006559,0.03615333024506502,0.30173941142415045,0.01100630480317027,0.8880084109027395,0.9901109767335972,17.521438954122175
4,backsliding_Nyr,Y_legcon,Legislative constraints,institutions,instr-antiplural_w4_trt-ert_gapany_illib0p8655367_opp0p8655367_ctrypct_exclyr,backsliding_Nyr,387,30,-0.02890992079984475,0.8244050326812957,364,28,-0.08032511613565363,0.06348048366949272,0.20574540420665335,0.747543982717718,1.421169560132013,0.5988839076036381,18.751365635679623
4,backsliding_Nyr,Y_hos_power,HOS,exec_power,instr-antiplural_w4_trt-ert_gapany_illib0p8655367_opp0p8655367_ctrypct_exclyr,backsliding_Nyr,387,30,-0.02890992079984475,0.8244050326812957,375,29,0.00941117156859805,0.02215777081233557,0.6710301695909724,-0.09698617280980076,0.5482749821065767,0.8595921987095938,17.74642643954486
4,backsliding_Nyr,Y_hog_power,HOG,exec_power,instr-antiplural_w4_trt-ert_gapany_illib0p8655367_opp0p8655367_ctrypct_exclyr,backsliding_Nyr,387,30,-0.02890992079984475,0.8244050326812957,166,19,0.03905844798642148,0.02813452410122282,0.16505341338080107,-0.19732101235700664,1.582683519919958,0.9007808778154538,24.453283798019537
4,backsliding_Nyr,Y_hos_power_vdem,HOS (v2ex_hosw),exec_power_alt,instr-antiplural_w4_trt-ert_gapany_illib0p8655367_opp0p8655367_ctrypct_exclyr,backsliding_Nyr,387,30,-0.02890992079984475,0.8244050326812957,375,29,-0.00774366243373493,0.01303430052596488,0.5524460266569803,-0.00855076769841057,0.11109182524146562,0.9386471964973092,12.663459909368775
4,backsliding_Nyr,Y_hog_power_vdem,HOG (v2ex_hogw),exec_power_alt,instr-antiplural_w4_trt-ert_gapany_illib0p8655367_opp0p8655367_ctrypct_exclyr,backsliding_Nyr,387,30,-0.02890992079984475,0.8244050326812957,375,29,0.0079280111783676,0.01159822306248488,0.4942568723538401,0.00665307624882961,0.08129797006380902,0.9347773671678188,13.08707668995127
4,backsliding_Nyr,Y_polyarchy,Electoral (polyarchy),vdem_high,instr-antiplural_w4_trt-ert_gapany_illib0p8655367_opp0p8655367_ctrypct_exclyr,backsliding_Nyr,387,30,-0.02890992079984475,0.8244050326812957,375,29,-0.06338062540992564,0.03298992008704386,0.0547050047989187,0.12168718173519204,1.086900768080657,0.9108567480042328,17.216533204682392
4,backsliding_Nyr,Y_libdem,Liberal,vdem_high,instr-antiplural_w4_trt-ert_gapany_illib0p8655367_opp0p8655367_ctrypct_exclyr,backsliding_Nyr,387,30,-0.02890992079984475,0.8244050326812957,375,29,-0.05022422345226579,0.02901231086838031,0.08342770959732142,0.10460620633544798,0.9186403995132764,0.9093403088714848,17.32054667360365
4,backsliding_Nyr,Y_partipdem,Participatory,vdem_high,instr-antiplural_w4_trt-ert_gapany_illib0p8655367_opp0p8655367_ctrypct_exclyr,backsliding_Nyr,387,30,-0.02890992079984475,0.8244050326812957,374,29,-0.02508273167325632,0.02077582493719274,0.22731518115549268,-0.08060935743747223,0.3116959384545962,0.7959320305177442,16.395458652256153
4,backsliding_Nyr,Y_delibdem,Deliberative,vdem_high,instr-antiplural_w4_trt-ert_gapany_illib0p8655367_opp0p8655367_ctrypct_exclyr,backsliding_Nyr,387,30,-0.02890992079984475,0.8244050326812957,375,29,-0.04779411697786588,0.03493947668351767,0.1713397346694351,-0.05577479163854829,0.5955173614630213,0.9253810660189749,16.035136351566635
4,backsliding_Nyr,Y_egaldem,Egalitarian,vdem_high,instr-antiplural_w4_trt-ert_gapany_illib0p8655367_opp0p8655367_ctrypct_exclyr,backsliding_Nyr,387,30,-0.02890992079984475,0.8244050326812957,375,29,-0.03336160682352202,0.0210470972093067,0.1129452018292152,0.05022379327677029,0.5867218813976546,0.9317838561788808,16.90299681025981
4,backsliding_Nyr,Y_elecoff,Elected officials,vdem_electoral,instr-antiplural_w4_trt-ert_gapany_illib0p8655367_opp0p8655367_ctrypct_exclyr,backsliding_Nyr,387,30,-0.02890992079984475,0.8244050326812957,375,29,-0.15045475508680425,0.0957306057664365,0.11603235341364428,0.6546502419383444,4.498578589159252,0.8842973276492101,19.2053529613306
4,backsliding_Nyr,Y_frefair,Clean elections,vdem_electoral,instr-antiplural_w4_trt-ert_gapany_illib0p8655367_opp0p8655367_ctrypct_exclyr,backsliding_Nyr,387,30,-0.02890992079984475,0.8244050326812957,375,29,-0.08866259787702585,0.04931800410119137,0.07221291795900854,0.0757382695342827,1.3383693660297358,0.9548718321044656,16.9604024140861
4,backsliding_Nyr,Y_frassoc,Association,vdem_electoral,instr-antiplural_w4_trt-ert_gapany_illib0p8655367_opp0p8655367_ctrypct_exclyr,backsliding_Nyr,387,30,-0.02890992079984475,0.8244050326812957,375,29,-0.0738974833414734,0.03985220330015429,0.06369789268371673,0.35714238909118223,2.033474213171141,0.8605833520373035,18.56864715302929
4,backsliding_Nyr,Y_suffr,Suffrage,vdem_electoral,instr-antiplural_w4_trt-ert_gapany_illib0p8655367_opp0p8655367_ctrypct_exclyr,backsliding_Nyr,387,30,-0.02890992079984475,0.8244050326812957,375,29,-0.00143067209066121,0.00116418019441329,0.21910574241957248,0.00840870300698209,0.00776358447935607,0.278766059406119,10.381848518924004
4,backsliding_Nyr,Y_freexp,Expression & alt. info,vdem_electoral,instr-antiplural_w4_trt-ert_gapany_illib0p8655367_opp0p8655367_ctrypct_exclyr,backsliding_Nyr,387,30,-0.02890992079984475,0.8244050326812957,375,29,-0.06770943435363286,0.03594368369975542,0.05959684120953205,0.2545352728201256,1.5753583047555637,0.8716421680476139,17.78558501974144
4,backsliding_Nyr,Y_cl_rol,Rule of law,vdem_liberal,instr-antiplural_w4_trt-ert_gapany_illib0p8655367_opp0p8655367_ctrypct_exclyr,backsliding_Nyr,387,30,-0.02890992079984475,0.8244050326812957,375,29,-0.06013512280710202,0.03161657610370231,0.05716952106301788,0.17613261121263146,1.2591880829054265,0.8887564462376784,17.46768793547768
4,backsliding_Nyr,Y_cspart,Civil society,vdem_particip,instr-antiplural_w4_trt-ert_gapany_illib0p8655367_opp0p8655367_ctrypct_exclyr,backsliding_Nyr,387,30,-0.02890992079984475,0.8244050326812957,375,29,-0.0259100995241748,0.03872036132421193,0.5033937068396912,0.11319464188233563,0.9997477149324846,0.9098535979142922,19.420380269827437
4,backsliding_Nyr,Y_dd,Direct democracy,vdem_particip,instr-antiplural_w4_trt-ert_gapany_illib0p8655367_opp0p8655367_ctrypct_exclyr,backsliding_Nyr,387,30,-0.02890992079984475,0.8244050326812957,375,29,0.03746264005711164,0.02245692931702424,0.09527611423705984,-0.406228051093419,1.2215513679361742,0.7394732843822733,18.153155800147125
4,backsliding_Nyr,Y_locelec,Local elections,vdem_particip,instr-antiplural_w4_trt-ert_gapany_illib0p8655367_opp0p8655367_ctrypct_exclyr,backsliding_Nyr,387,30,-0.02890992079984475,0.8244050326812957,370,29,0.00918073093867587,0.04781511269647968,0.8477384489922626,-0.09982977221943642,1.1687123988918229,0.9319286097367444,26.500469795693927
4,backsliding_Nyr,Y_regelec,Regional elections,vdem_particip,instr-antiplural_w4_trt-ert_gapany_illib0p8655367_opp0p8655367_ctrypct_exclyr,backsliding_Nyr,387,30,-0.02890992079984475,0.8244050326812957,374,29,-0.06496042110938668,0.04602485915592173,0.15812071697377544,0.8003820123498777,2.231017972668672,0.7197806732994982,18.920920863344293
4,backsliding_Nyr,Y_delib,Deliberation,vdem_egal_delib,instr-antiplural_w4_trt-ert_gapany_illib0p8655367_opp0p8655367_ctrypct_exclyr,backsliding_Nyr,387,30,-0.02890992079984475,0.8244050326812957,375,29,-0.05223400396982617,0.04743047786466387,0.27077694746264985,-0.03187957712911826,0.8933031019090534,0.9715316960379404,16.562322090390058
4,backsliding_Nyr,Y_eqprotec,Equal protection,vdem_egal_delib,instr-antiplural_w4_trt-ert_gapany_illib0p8655367_opp0p8655367_ctrypct_exclyr,backsliding_Nyr,387,30,-0.02890992079984475,0.8244050326812957,375,29,-0.0016699309902874,0.02483959520984114,0.946399724174529,-0.00589893784625119,0.46784981833292066,0.9899400479762184,20.140745007714383
4,backsliding_Nyr,Y_eqaccess,Equal access,vdem_egal_delib,instr-antiplural_w4_trt-ert_gapany_illib0p8655367_opp0p8655367_ctrypct_exclyr,backsliding_Nyr,387,30,-0.02890992079984475,0.8244050326812957,375,29,-0.03143811302617926,0.02809519216423196,0.26314631932157273,0.10039769967663004,1.0892827197042323,0.9265640588477791,17.828449832497455
4,backsliding_Nyr,Y_eqdr,Equal distribution,vdem_egal_delib,instr-antiplural_w4_trt-ert_gapany_illib0p8655367_opp0p8655367_ctrypct_exclyr,backsliding_Nyr,387,30,-0.02890992079984475,0.8244050326812957,375,29,-0.0188693648186678,0.02338593326560458,0.41974244771982255,0.1976255801173863,0.7256601692607054,0.7853613552083764,19.93361776894062
4,backsliding_union_Nyr,Y_gdp_growth,PWT,growth,instr-antiplural_w4_trt-ertOrDdcg_gapany_illib0p8655367_opp0p8655367_ctrypct_exclyr,backsliding_union_Nyr,387,31,-0.02909888018811013,0.8226492972813251,348,28,-0.08553640981932051,0.07900606003965534,0.2789610010490082,-19.79993767573356,63.28431874358931,0.7543773552391184,20.71939234979757
4,backsliding_union_Nyr,Y_gdp_growth_wb,World Bank,growth,instr-antiplural_w4_trt-ertOrDdcg_gapany_illib0p8655367_opp0p8655367_ctrypct_exclyr,backsliding_union_Nyr,387,31,-0.02909888018811013,0.8226492972813251,358,30,-0.02923642781927435,0.05082731904298409,0.5651486733727455,0.5455686501219019,1.9040381230255263,0.7744703667230277,19.34825741566584
4,backsliding_union_Nyr,Y_gdp_growth_imf,IMF WEO,growth,instr-antiplural_w4_trt-ertOrDdcg_gapany_illib0p8655367_opp0p8655367_ctrypct_exclyr,backsliding_union_Nyr,387,31,-0.02909888018811013,0.8226492972813251,242,23,-0.0700391624686803,0.05415020478331509,0.19586453049111513,0.1330856459686518,2.741867738140338,0.9612872277130527,17.966718600436025
4,backsliding_union_Nyr,Y_inflation,"CPI, cumulative log",inflation,instr-antiplural_w4_trt-ertOrDdcg_gapany_illib0p8655367_opp0p8655367_ctrypct_exclyr,backsliding_union_Nyr,387,31,-0.02909888018811013,0.8226492972813251,321,28,-0.35343756921250286,0.3351827960566386,0.29167138433634493,1.3488527873157443,8.127667115886295,0.8681898665476466,19.27482647372584
4,backsliding_union_Nyr,Y_unemployment,Unemployment rate,unemployment,instr-antiplural_w4_trt-ertOrDdcg_gapany_illib0p8655367_opp0p8655367_ctrypct_exclyr,backsliding_union_Nyr,387,31,-0.02909888018811013,0.8226492972813251,239,25,-1.1692051216940025,1.2500688904231303,0.34962724944308265,11.33478615125011,18.10304001289506,0.5312322229224831,17.50591898160202
4,backsliding_union_Nyr,Y_trade_pct_gdp,Trade / GDP,trade,instr-antiplural_w4_trt-ertOrDdcg_gapany_illib0p8655367_opp0p8655367_ctrypct_exclyr,backsliding_union_Nyr,387,31,-0.02909888018811013,0.8226492972813251,320,27,-0.518710791382833,4.1301661080711805,0.9000558600600063,12.214605003173968,41.75751038947091,0.7698945981208503,16.615894762172804
4,backsliding_union_Nyr,Y_top10_share,Top-10% income share,top10,instr-antiplural_w4_trt-ertOrDdcg_gapany_illib0p8655367_opp0p8655367_ctrypct_exclyr,backsliding_union_Nyr,387,31,-0.02909888018811013,0.8226492972813251,318,27,1.008192702729768,0.687250497718401,0.1423775505575102,-11.177229393066424,16.28086278354237,0.4923817150383007,17.05804942865529
4,backsliding_union_Nyr,Y_gini_disp,Disposable,gini,instr-antiplural_w4_trt-ertOrDdcg_gapany_illib0p8655367_opp0p8655367_ctrypct_exclyr,backsliding_union_Nyr,387,31,-0.02909888018811013,0.8226492972813251,275,26,0.452785513405724,0.6668573396175147,0.4971479528086245,-3.247579689465653,8.480283262192387,0.7017520097219059,18.23127343040319
4,backsliding_union_Nyr,Y_gini_mkt,Market,gini,instr-antiplural_w4_trt-ertOrDdcg_gapany_illib0p8655367_opp0p8655367_ctrypct_exclyr,backsliding_union_Nyr,387,31,-0.02909888018811013,0.8226492972813251,275,26,0.16966254470611702,0.5606106458500022,0.7621651263811333,-1.2870440937953005,5.8355247075296015,0.8254402851244442,17.93465672427236
4,backsliding_union_Nyr,Y_debt,Debt / GDP,fiscal,instr-antiplural_w4_trt-ertOrDdcg_gapany_illib0p8655367_opp0p8655367_ctrypct_exclyr,backsliding_union_Nyr,387,31,-0.02909888018811013,0.8226492972813251,344,29,-4.744465629132742,6.90667535709827,0.4921210810669357,3.338786714111169,158.55803818816625,0.9832000348573208,24.052495003047973
4,backsliding_union_Nyr,Y_deficit,Deficit / GDP,fiscal,instr-antiplural_w4_trt-ertOrDdcg_gapany_illib0p8655367_opp0p8655367_ctrypct_exclyr,backsliding_union_Nyr,387,31,-0.02909888018811013,0.8226492972813251,290,29,-0.2000702645195278,2.647038535522171,0.939751117019347,9.291133212805333,50.00532249481319,0.8525993415903644,21.954128121037492
4,backsliding_union_Nyr,Y_checks_balances,Checks & balances,institutions,instr-antiplural_w4_trt-ertOrDdcg_gapany_illib0p8655367_opp0p8655367_ctrypct_exclyr,backsliding_union_Nyr,387,31,-0.02909888018811013,0.8226492972813251,364,29,-0.0407857916777784,0.04481676986186957,0.3627927260855909,0.37257560262259665,0.825273568761061,0.6516601458901384,18.873760849615067
4,backsliding_union_Nyr,Y_jucon,Judicial constraints,institutions,instr-antiplural_w4_trt-ertOrDdcg_gapany_illib0p8655367_opp0p8655367_ctrypct_exclyr,backsliding_union_Nyr,387,31,-0.02909888018811013,0.8226492972813251,375,30,-0.03733592274006559,0.03615333024506502,0.30173941142415045,0.01109577393693489,0.8885528112964833,0.9900367017934548,17.524547327849813
4,backsliding_union_Nyr,Y_legcon,Legislative constraints,institutions,instr-antiplural_w4_trt-ertOrDdcg_gapany_illib0p8655367_opp0p8655367_ctrypct_exclyr,backsliding_union_Nyr,387,31,-0.02909888018811013,0.8226492972813251,364,29,-0.08032511613565363,0.06348048366949272,0.20574540420665335,0.7472084380890506,1.4211477133452295,0.5990423466417425,18.73194171539504
4,backsliding_union_Nyr,Y_hos_power,HOS,exec_power,instr-antiplural_w4_trt-ertOrDdcg_gapany_illib0p8655367_opp0p8655367_ctrypct_exclyr,backsliding_union_Nyr,387,31,-0.02909888018811013,0.8226492972813251,375,30,0.00941117156859805,0.02215777081233557,0.6710301695909724,-0.0969053502443661,0.5466512216023708,0.8592956126605176,17.71648591570582
4,backsliding_union_Nyr,Y_hog_power,HOG,exec_power,instr-antiplural_w4_trt-ertOrDdcg_gapany_illib0p8655367_opp0p8655367_ctrypct_exclyr,backsliding_union_Nyr,387,31,-0.02909888018811013,0.8226492972813251,166,20,0.03905844798642148,0.02813452410122282,0.16505341338080107,-0.24948529618947532,1.2084071648109287,0.8364331886502324,21.49960622497946
4,backsliding_union_Nyr,Y_hos_power_vdem,HOS (v2ex_hosw),exec_power_alt,instr-antiplural_w4_trt-ertOrDdcg_gapany_illib0p8655367_opp0p8655367_ctrypct_exclyr,backsliding_union_Nyr,387,31,-0.02909888018811013,0.8226492972813251,375,30,-0.00774366243373493,0.01303430052596488,0.5524460266569803,-0.00843955120830489,0.11109157659509146,0.9394435090483104,12.692616679084326
4,backsliding_union_Nyr,Y_hog_power_vdem,HOG (v2ex_hogw),exec_power_alt,instr-antiplural_w4_trt-ertOrDdcg_gapany_illib0p8655367_opp0p8655367_ctrypct_exclyr,backsliding_union_Nyr,387,31,-0.02909888018811013,0.8226492972813251,375,30,0.0079280111783676,0.01159822306248488,0.4942568723538401,0.00668797622036541,0.08129825763963427,0.9344362299904264,13.087662925889784
4,backsliding_union_Nyr,Y_polyarchy,Electoral (polyarchy),vdem_high,instr-antiplural_w4_trt-ertOrDdcg_gapany_illib0p8655367_opp0p8655367_ctrypct_exclyr,backsliding_union_Nyr,387,31,-0.02909888018811013,0.8226492972813251,375,30,-0.06338062540992564,0.03298992008704386,0.0547050047989187,0.12185092643469664,1.0876050885035784,0.9107948603801092,17.219544032895364
4,backsliding_union_Nyr,Y_libdem,Liberal,vdem_high,instr-antiplural_w4_trt-ertOrDdcg_gapany_illib0p8655367_opp0p8655367_ctrypct_exclyr,backsliding_union_Nyr,387,31,-0.02909888018811013,0.8226492972813251,375,30,-0.05022422345226579,0.02901231086838031,0.08342770959732142,0.10459209928799672,0.9185769940013414,0.9093462523445724,17.320218324185618
4,backsliding_union_Nyr,Y_partipdem,Participatory,vdem_high,instr-antiplural_w4_trt-ertOrDdcg_gapany_illib0p8655367_opp0p8655367_ctrypct_exclyr,backsliding_union_Nyr,387,31,-0.02909888018811013,0.8226492972813251,374,30,-0.02508273167325632,0.02077582493719274,0.22731518115549268,-0.08053073449325376,0.31181582796405133,0.7962033373643564,16.399280857039916
4,backsliding_union_Nyr,Y_delibdem,Deliberative,vdem_high,instr-antiplural_w4_trt-ertOrDdcg_gapany_illib0p8655367_opp0p8655367_ctrypct_exclyr,backsliding_union_Nyr,387,31,-0.02909888018811013,0.8226492972813251,375,30,-0.04779411697786588,0.03493947668351767,0.1713397346694351,-0.05576203114215239,0.5955411467595179,0.9254010587777562,16.03537781365478
4,backsliding_union_Nyr,Y_egaldem,Egalitarian,vdem_high,instr-antiplural_w4_trt-ertOrDdcg_gapany_illib0p8655367_opp0p8655367_ctrypct_exclyr,backsliding_union_Nyr,387,31,-0.02909888018811013,0.8226492972813251,375,30,-0.03336160682352202,0.0210470972093067,0.1129452018292152,0.05020483646901003,0.5866502697267566,0.9318012377236332,16.902358945275964
4,backsliding_union_Nyr,Y_elecoff,Elected officials,vdem_electoral,instr-antiplural_w4_trt-ertOrDdcg_gapany_illib0p8655367_opp0p8655367_ctrypct_exclyr,backsliding_union_Nyr,387,31,-0.02909888018811013,0.8226492972813251,375,30,-0.15045475508680425,0.0957306057664365,0.11603235341364428,0.6548676341177899,4.499250126264902,0.884276329698335,19.20721691607328
4,backsliding_union_Nyr,Y_frefair,Clean elections,vdem_electoral,instr-antiplural_w4_trt-ertOrDdcg_gapany_illib0p8655367_opp0p8655367_ctrypct_exclyr,backsliding_union_Nyr,387,31,-0.02909888018811013,0.8226492972813251,375,30,-0.08866259787702585,0.04931800410119137,0.07221291795900854,0.0758956219217119,1.3389920495775205,0.9547991824305512,16.96259453532521
4,backsliding_union_Nyr,Y_frassoc,Association,vdem_electoral,instr-antiplural_w4_trt-ertOrDdcg_gapany_illib0p8655367_opp0p8655367_ctrypct_exclyr,backsliding_union_Nyr,387,31,-0.02909888018811013,0.8226492972813251,375,30,-0.0738974833414734,0.03985220330015429,0.06369789268371673,0.35710291328270627,2.0333402874146853,0.8605895166722617,18.56808680102013
4,backsliding_union_Nyr,Y_suffr,Suffrage,vdem_electoral,instr-antiplural_w4_trt-ertOrDdcg_gapany_illib0p8655367_opp0p8655367_ctrypct_exclyr,backsliding_union_Nyr,387,31,-0.02909888018811013,0.8226492972813251,375,30,-0.00143067209066121,0.00116418019441329,0.21910574241957248,0.00842303201274205,0.00776568555662808,0.27807777498565417,10.387839072587274
4,backsliding_union_Nyr,Y_freexp,Expression & alt. info,vdem_electoral,instr-antiplural_w4_trt-ertOrDdcg_gapany_illib0p8655367_opp0p8655367_ctrypct_exclyr,backsliding_union_Nyr,387,31,-0.02909888018811013,0.8226492972813251,375,30,-0.06770943435363286,0.03594368369975542,0.05959684120953205,0.25461990443047106,1.5757658193959792,0.8716327780388813,17.78677859650922
4,backsliding_union_Nyr,Y_cl_rol,Rule of law,vdem_liberal,instr-antiplural_w4_trt-ertOrDdcg_gapany_illib0p8655367_opp0p8655367_ctrypct_exclyr,backsliding_union_Nyr,387,31,-0.02909888018811013,0.8226492972813251,375,30,-0.06013512280710202,0.03161657610370231,0.05716952106301788,0.17613668810698052,1.2592075017191475,0.8887555924803601,17.46774648028313
4,backsliding_union_Nyr,Y_cspart,Civil society,vdem_particip,instr-antiplural_w4_trt-ertOrDdcg_gapany_illib0p8655367_opp0p8655367_ctrypct_exclyr,backsliding_union_Nyr,387,31,-0.02909888018811013,0.8226492972813251,375,30,-0.0259100995241748,0.03872036132421193,0.5033937068396912,0.11377504588129278,1.0009168918622091,0.909498743215559,19.429333875376923
4,backsliding_union_Nyr,Y_dd,Direct democracy,vdem_particip,instr-antiplural_w4_trt-ertOrDdcg_gapany_illib0p8655367_opp0p8655367_ctrypct_exclyr,backsliding_union_Nyr,387,31,-0.02909888018811013,0.8226492972813251,375,30,0.03746264005711164,0.02245692931702424,0.09527611423705984,-0.40551003440366135,1.226466564227623,0.7409218920702975,18.19236017645096
4,backsliding_union_Nyr,Y_locelec,Local elections,vdem_particip,instr-antiplural_w4_trt-ertOrDdcg_gapany_illib0p8655367_opp0p8655367_ctrypct_exclyr,backsliding_union_Nyr,387,31,-0.02909888018811013,0.8226492972813251,370,30,0.00918073093867587,0.04781511269647968,0.8477384489922626,-0.09904899254530736,1.1675523018608864,0.9323927768847192,26.4790434092309
4,backsliding_union_Nyr,Y_regelec,Regional elections,vdem_particip,instr-antiplural_w4_trt-ertOrDdcg_gapany_illib0p8655367_opp0p8655367_ctrypct_exclyr,backsliding_union_Nyr,387,31,-0.02909888018811013,0.8226492972813251,374,30,-0.06496042110938668,0.04602485915592173,0.15812071697377544,0.8006203651370744,2.231221536611481,0.7197252388727946,18.922754382180077
4,backsliding_union_Nyr,Y_delib,Deliberation,vdem_egal_delib,instr-antiplural_w4_trt-ertOrDdcg_gapany_illib0p8655367_opp0p8655367_ctrypct_exclyr,backsliding_union_Nyr,387,31,-0.02909888018811013,0.8226492972813251,375,30,-0.05223400396982617,0.04743047786466387,0.27077694746264985,-0.03145847118406858,0.8942537092896933,0.9719374354942651,16.570849869737522
4,backsliding_union_Nyr,Y_eqprotec,Equal protection,vdem_egal_delib,instr-antiplural_w4_trt-ertOrDdcg_gapany_illib0p8655367_opp0p8655367_ctrypct_exclyr,backsliding_union_Nyr,387,31,-0.02909888018811013,0.8226492972813251,375,30,-0.0016699309902874,0.02483959520984114,0.946399724174529,-0.00719595707036503,0.46965986654068537,0.987775582238742,20.214804828295534
4,backsliding_union_Nyr,Y_eqaccess,Equal access,vdem_egal_delib,instr-antiplural_w4_trt-ertOrDdcg_gapany_illib0p8655367_opp0p8655367_ctrypct_exclyr,backsliding_union_Nyr,387,31,-0.02909888018811013,0.8226492972813251,375,30,-0.03143811302617926,0.02809519216423196,0.26314631932157273,0.10088282410393871,1.0917009002285598,0.9263732086922338,17.839271188158484
4,backsliding_union_Nyr,Y_eqdr,Equal distribution,vdem_egal_delib,instr-antiplural_w4_trt-ertOrDdcg_gapany_illib0p8655367_opp0p8655367_ctrypct_exclyr,backsliding_union_Nyr,387,31,-0.02909888018811013,0.8226492972813251,375,30,-0.0188693648186678,0.02338593326560458,0.41974244771982255,0.1975596769126036,0.7250478374883003,0.7852544071891691,19.92550801288684
4,polyarchy_decline,Y_gdp_growth,PWT,growth,instr-antiplural_w4_trt-polyarchy_gapany_illib0p8655367_opp0p8655367_ctrypct_exclyr,polyarchy_decline,375,174,0.06338062540992564,0.0547050047989187,348,163,-0.08553640981932051,0.07900606003965534,0.2789610010490082,-1.0879137431333317,1.21045957127126,0.36878002665614473,23.944168706506137
4,polyarchy_decline,Y_gdp_growth_wb,World Bank,growth,instr-antiplural_w4_trt-polyarchy_gapany_illib0p8655367_opp0p8655367_ctrypct_exclyr,polyarchy_decline,375,174,0.06338062540992564,0.0547050047989187,358,168,-0.02923642781927435,0.05082731904298409,0.5651486733727455,-0.46466242871541424,0.8661524645249956,0.5916356658842803,24.534092192355025
4,polyarchy_decline,Y_gdp_growth_imf,IMF WEO,growth,instr-antiplural_w4_trt-polyarchy_gapany_illib0p8655367_opp0p8655367_ctrypct_exclyr,polyarchy_decline,375,174,0.06338062540992564,0.0547050047989187,242,119,-0.0700391624686803,0.05415020478331509,0.19586453049111513,-3.3487935948241017,3.231217140353019,0.30002132153861516,21.7545782574128
4,polyarchy_decline,Y_inflation,"CPI, cumulative log",inflation,instr-antiplural_w4_trt-polyarchy_gapany_illib0p8655367_opp0p8655367_ctrypct_exclyr,polyarchy_decline,375,174,0.06338062540992564,0.0547050047989187,321,156,-0.35343756921250286,0.3351827960566386,0.29167138433634493,-5.855289965840098,6.626536753527005,0.3769054893573543,23.713238182888865
4,polyarchy_decline,Y_unemployment,Unemployment rate,unemployment,instr-antiplural_w4_trt-polyarchy_gapany_illib0p8655367_opp0p8655367_ctrypct_exclyr,polyarchy_decline,375,174,0.06338062540992564,0.0547050047989187,239,139,-1.1692051216940025,1.2500688904231303,0.34962724944308265,-27.27559265607571,50.052094613952995,0.5857919781153837,23.544140429112744
4,polyarchy_decline,Y_trade_pct_gdp,Trade / GDP,trade,instr-antiplural_w4_trt-polyarchy_gapany_illib0p8655367_opp0p8655367_ctrypct_exclyr,polyarchy_decline,375,174,0.06338062540992564,0.0547050047989187,320,155,-0.518710791382833,4.1301661080711805,0.9000558600600063,11.839223491556552,97.1438106290371,0.9029994697891852,21.47036285485432
4,polyarchy_decline,Y_top10_share,Top-10% income share,top10,instr-antiplural_w4_trt-polyarchy_gapany_illib0p8655367_opp0p8655367_ctrypct_exclyr,polyarchy_decline,375,174,0.06338062540992564,0.0547050047989187,318,150,1.008192702729768,0.687250497718401,0.1423775505575102,10.862046142004642,13.031314723578618,0.4045435331955696,29.308797789436746
4,polyarchy_decline,Y_gini_disp,Disposable,gini,instr-antiplural_w4_trt-polyarchy_gapany_illib0p8655367_opp0p8655367_ctrypct_exclyr,polyarchy_decline,375,174,0.06338062540992564,0.0547050047989187,275,131,0.452785513405724,0.6668573396175147,0.4971479528086245,5.364818366178159,13.006692036914796,0.679997889157802,30.540727031181294
4,polyarchy_decline,Y_gini_mkt,Market,gini,instr-antiplural_w4_trt-polyarchy_gapany_illib0p8655367_opp0p8655367_ctrypct_exclyr,polyarchy_decline,375,174,0.06338062540992564,0.0547050047989187,275,131,0.16966254470611702,0.5606106458500022,0.7621651263811333,0.07953594488136417,10.40095242606395,0.9938986468387492,26.47456484207893
4,polyarchy_decline,Y_debt,Debt / GDP,fiscal,instr-antiplural_w4_trt-polyarchy_gapany_illib0p8655367_opp0p8655367_ctrypct_exclyr,polyarchy_decline,375,174,0.06338062540992564,0.0547050047989187,344,165,-4.744465629132742,6.90667535709827,0.4921210810669357,12.63808734018079,108.1346384086729,0.906960197908652,24.679804751410103
4,polyarchy_decline,Y_deficit,Deficit / GDP,fiscal,instr-antiplural_w4_trt-polyarchy_gapany_illib0p8655367_opp0p8655367_ctrypct_exclyr,polyarchy_decline,375,174,0.06338062540992564,0.0547050047989187,290,144,-0.2000702645195278,2.647038535522171,0.939751117019347,7.752351256780147,48.623864167539814,0.8733260768821596,21.16124633737689
4,polyarchy_decline,Y_checks_balances,Checks & balances,institutions,instr-antiplural_w4_trt-polyarchy_gapany_illib0p8655367_opp0p8655367_ctrypct_exclyr,polyarchy_decline,375,174,0.06338062540992564,0.0547050047989187,364,172,-0.0407857916777784,0.04481676986186957,0.3627927260855909,-1.459185199339488,1.4530096508042396,0.3152580418823414,22.737255732347023
4,polyarchy_decline,Y_jucon,Judicial constraints,institutions,instr-antiplural_w4_trt-polyarchy_gapany_illib0p8655367_opp0p8655367_ctrypct_exclyr,polyarchy_decline,375,174,0.06338062540992564,0.0547050047989187,375,174,-0.03733592274006559,0.03615333024506502,0.30173941142415045,-0.6301436762720194,0.5835455738733046,0.2802074640924332,20.932965648034415
4,polyarchy_decline,Y_legcon,Legislative constraints,institutions,instr-antiplural_w4_trt-polyarchy_gapany_illib0p8655367_opp0p8655367_ctrypct_exclyr,polyarchy_decline,375,174,0.06338062540992564,0.0547050047989187,364,172,-0.08032511613565363,0.06348048366949272,0.20574540420665335,-2.4344800395917647,2.3945760041043433,0.3093131338905404,23.78105882389392
4,polyarchy_decline,Y_hos_power,HOS,exec_power,instr-antiplural_w4_trt-polyarchy_gapany_illib0p8655367_opp0p8655367_ctrypct_exclyr,polyarchy_decline,375,174,0.06338062540992564,0.0547050047989187,375,174,0.00941117156859805,0.02215777081233557,0.6710301695909724,0.08287638439224648,0.2774404388359946,0.7651554105035405,28.367035023891408
4,polyarchy_decline,Y_hog_power,HOG,exec_power,instr-antiplural_w4_trt-polyarchy_gapany_illib0p8655367_opp0p8655367_ctrypct_exclyr,polyarchy_decline,375,174,0.06338062540992564,0.0547050047989187,166,71,0.03905844798642148,0.02813452410122282,0.16505341338080107,0.6527670968356143,0.4339212081737918,0.13249261908067844,23.34430748698646
4,polyarchy_decline,Y_hos_power_vdem,HOS (v2ex_hosw),exec_power_alt,instr-antiplural_w4_trt-polyarchy_gapany_illib0p8655367_opp0p8655367_ctrypct_exclyr,polyarchy_decline,375,174,0.06338062540992564,0.0547050047989187,375,174,-0.00774366243373493,0.01303430052596488,0.5524460266569803,0.11039458706868475,0.33505273923790396,0.7417897269553534,27.046262283342056
4,polyarchy_decline,Y_hog_power_vdem,HOG (v2ex_hogw),exec_power_alt,instr-antiplural_w4_trt-polyarchy_gapany_illib0p8655367_opp0p8655367_ctrypct_exclyr,polyarchy_decline,375,174,0.06338062540992564,0.0547050047989187,375,174,0.0079280111783676,0.01159822306248488,0.4942568723538401,-0.14985964765443527,0.3491530000205794,0.6677710554066847,26.628159582431287
4,polyarchy_decline,Y_polyarchy,Electoral (polyarchy),vdem_high,instr-antiplural_w4_trt-polyarchy_gapany_illib0p8655367_opp0p8655367_ctrypct_exclyr,polyarchy_decline,375,174,0.06338062540992564,0.0547050047989187,375,174,-0.06338062540992564,0.03298992008704386,0.0547050047989187,-1,2.78683878276966e-17,0,22.86359902686657
4,polyarchy_decline,Y_libdem,Liberal,vdem_high,instr-antiplural_w4_trt-polyarchy_gapany_illib0p8655367_opp0p8655367_ctrypct_exclyr,polyarchy_decline,375,174,0.06338062540992564,0.0547050047989187,375,174,-0.05022422345226579,0.02901231086838031,0.08342770959732142,-0.8113591177507571,0.15755271012770927,2.60815810045575e-7,28.256664196804618
4,polyarchy_decline,Y_partipdem,Participatory,vdem_high,instr-antiplural_w4_trt-polyarchy_gapany_illib0p8655367_opp0p8655367_ctrypct_exclyr,polyarchy_decline,375,174,0.06338062540992564,0.0547050047989187,374,174,-0.02508273167325632,0.02077582493719274,0.22731518115549268,-0.4097692187629031,0.15017328524054455,0.00635955934867791,26.624803525749407
4,polyarchy_decline,Y_delibdem,Deliberative,vdem_high,instr-antiplural_w4_trt-polyarchy_gapany_illib0p8655367_opp0p8655367_ctrypct_exclyr,polyarchy_decline,375,174,0.06338062540992564,0.0547050047989187,375,174,-0.04779411697786588,0.03493947668351767,0.1713397346694351,-0.613330628103237,0.4285682661586177,0.15239715609271154,20.783390092358633
4,polyarchy_decline,Y_egaldem,Egalitarian,vdem_high,instr-antiplural_w4_trt-polyarchy_gapany_illib0p8655367_opp0p8655367_ctrypct_exclyr,polyarchy_decline,375,174,0.06338062540992564,0.0547050047989187,375,174,-0.03336160682352202,0.0210470972093067,0.1129452018292152,-0.5598137618484278,0.11325250800175952,7.690643055885274e-7,25.876593566976595
4,polyarchy_decline,Y_elecoff,Elected officials,vdem_electoral,instr-antiplural_w4_trt-polyarchy_gapany_illib0p8655367_opp0p8655367_ctrypct_exclyr,polyarchy_decline,375,174,0.06338062540992564,0.0547050047989187,375,174,-0.15045475508680425,0.0957306057664365,0.11603235341364428,-2.4221845011646814,1.1436512980368028,0.03418017379638677,24.67609692874746
4,polyarchy_decline,Y_frefair,Clean elections,vdem_electoral,instr-antiplural_w4_trt-polyarchy_gapany_illib0p8655367_opp0p8655367_ctrypct_exclyr,polyarchy_decline,375,174,0.06338062540992564,0.0547050047989187,375,174,-0.08866259787702585,0.04931800410119137,0.07221291795900854,-1.2554765304421067,0.3132166201545933,6.114884380102892e-5,24.22442767020387
4,polyarchy_decline,Y_frassoc,Association,vdem_electoral,instr-antiplural_w4_trt-polyarchy_gapany_illib0p8655367_opp0p8655367_ctrypct_exclyr,polyarchy_decline,375,174,0.06338062540992564,0.0547050047989187,375,174,-0.0738974833414734,0.03985220330015429,0.06369789268371673,-1.2159816317168253,0.3816067053054141,0.00144016100247548,23.84952604454388
4,polyarchy_decline,Y_suffr,Suffrage,vdem_electoral,instr-antiplural_w4_trt-polyarchy_gapany_illib0p8655367_opp0p8655367_ctrypct_exclyr,polyarchy_decline,375,174,0.06338062540992564,0.0547050047989187,375,174,-0.00143067209066121,0.00116418019441329,0.21910574241957248,-0.01004606702669185,0.01848679111127864,0.5868415892859675,24.5650637374937
4,polyarchy_decline,Y_freexp,Expression & alt. info,vdem_electoral,instr-antiplural_w4_trt-polyarchy_gapany_illib0p8655367_opp0p8655367_ctrypct_exclyr,polyarchy_decline,375,174,0.06338062540992564,0.0547050047989187,375,174,-0.06770943435363286,0.03594368369975542,0.05959684120953205,-1.1329877933110544,0.3553126409006963,0.001429108050684,22.67062347559196
4,polyarchy_decline,Y_cl_rol,Rule of law,vdem_liberal,instr-antiplural_w4_trt-polyarchy_gapany_illib0p8655367_opp0p8655367_ctrypct_exclyr,polyarchy_decline,375,174,0.06338062540992564,0.0547050047989187,375,174,-0.06013512280710202,0.03161657610370231,0.05716952106301788,-1.0761217605468132,0.5008406928106502,0.0316636746524695,20.383986341933845
4,polyarchy_decline,Y_cspart,Civil society,vdem_particip,instr-antiplural_w4_trt-polyarchy_gapany_illib0p8655367_opp0p8655367_ctrypct_exclyr,polyarchy_decline,375,174,0.06338062540992564,0.0547050047989187,375,174,-0.0259100995241748,0.03872036132421193,0.5033937068396912,-0.5095324651925979,0.5298694939404527,0.33624112594027117,22.630744947985576
4,polyarchy_decline,Y_dd,Direct democracy,vdem_particip,instr-antiplural_w4_trt-polyarchy_gapany_illib0p8655367_opp0p8655367_ctrypct_exclyr,polyarchy_decline,375,174,0.06338062540992564,0.0547050047989187,375,174,0.03746264005711164,0.02245692931702424,0.09527611423705984,0.5322150205401083,0.359531802778605,0.1387931343396374,28.65191406828127
4,polyarchy_decline,Y_locelec,Local elections,vdem_particip,instr-antiplural_w4_trt-polyarchy_gapany_illib0p8655367_opp0p8655367_ctrypct_exclyr,polyarchy_decline,375,174,0.06338062540992564,0.0547050047989187,370,172,0.00918073093867587,0.04781511269647968,0.8477384489922626,0.3002784183418159,1.0553117564525685,0.7759965765554703,20.80170570596684
4,polyarchy_decline,Y_regelec,Regional elections,vdem_particip,instr-antiplural_w4_trt-polyarchy_gapany_illib0p8655367_opp0p8655367_ctrypct_exclyr,polyarchy_decline,375,174,0.06338062540992564,0.0547050047989187,374,174,-0.06496042110938668,0.04602485915592173,0.15812071697377544,-0.9172253949841328,0.7051963931043623,0.19337259952984895,28.25167553043376
4,polyarchy_decline,Y_delib,Deliberation,vdem_egal_delib,instr-antiplural_w4_trt-polyarchy_gapany_illib0p8655367_opp0p8655367_ctrypct_exclyr,polyarchy_decline,375,174,0.06338062540992564,0.0547050047989187,375,174,-0.05223400396982617,0.04743047786466387,0.27077694746264985,-0.8000133854333805,0.609953047327006,0.18965570390271463,22.04436162994853
4,polyarchy_decline,Y_eqprotec,Equal protection,vdem_egal_delib,instr-antiplural_w4_trt-polyarchy_gapany_illib0p8655367_opp0p8655367_ctrypct_exclyr,polyarchy_decline,375,174,0.06338062540992564,0.0547050047989187,375,174,-0.0016699309902874,0.02483959520984114,0.946399724174529,-0.02860970722661615,0.3876632170762395,0.9411691949043404,26.928049274320863
4,polyarchy_decline,Y_eqaccess,Equal access,vdem_egal_delib,instr-antiplural_w4_trt-polyarchy_gapany_illib0p8655367_opp0p8655367_ctrypct_exclyr,polyarchy_decline,375,174,0.06338062540992564,0.0547050047989187,375,174,-0.03143811302617926,0.02809519216423196,0.26314631932157273,-0.6152443694978963,0.39863484586603903,0.1227390163641012,23.99902823225012
4,polyarchy_decline,Y_eqdr,Equal distribution,vdem_egal_delib,instr-antiplural_w4_trt-polyarchy_gapany_illib0p8655367_opp0p8655367_ctrypct_exclyr,polyarchy_decline,375,174,0.06338062540992564,0.0547050047989187,375,174,-0.0188693648186678,0.02338593326560458,0.41974244771982255,-0.30687704943870153,0.33476658340214926,0.3593053111095797,22.823618102217846
5,backsliding_Nyr,Y_gdp_growth,PWT,growth,instr-antiplural_w5_trt-ert_gapany_illib0p8655367_opp0p8655367_ctrypct_exclyr,backsliding_Nyr,387,34,-0.03337931952338624,0.7946855142348741,336,30,-0.11809548229286428,0.09140429787143196,0.19635286543426048,-3589.833402865052,13071.600286960713,0.7836017019840853,21.556788969303195
5,backsliding_Nyr,Y_gdp_growth_wb,World Bank,growth,instr-antiplural_w5_trt-ert_gapany_illib0p8655367_opp0p8655367_ctrypct_exclyr,backsliding_Nyr,387,34,-0.03337931952338624,0.7946855142348741,350,31,-0.02579817424411841,0.05958004130733836,0.6650145703645838,-10.51743243372103,24.099578355835295,0.662535207933857,22.95080189295083
5,backsliding_Nyr,Y_gdp_growth_imf,IMF WEO,growth,instr-antiplural_w5_trt-ert_gapany_illib0p8655367_opp0p8655367_ctrypct_exclyr,backsliding_Nyr,387,34,-0.03337931952338624,0.7946855142348741,236,22,-0.0480171560958282,0.05731720630391404,0.40217439390359905,-1.707125620405462,2.256353694061263,0.4492979302463412,19.305726226981953
5,backsliding_Nyr,Y_inflation,"CPI, cumulative log",inflation,instr-antiplural_w5_trt-ert_gapany_illib0p8655367_opp0p8655367_ctrypct_exclyr,backsliding_Nyr,387,34,-0.03337931952338624,0.7946855142348741,315,29,-0.4170012916137967,0.4064750145873946,0.3049403762992895,-7392.833506574502,27854.677491244343,0.7906957474265497,20.52783430158627
5,backsliding_Nyr,Y_unemployment,Unemployment rate,unemployment,instr-antiplural_w5_trt-ert_gapany_illib0p8655367_opp0p8655367_ctrypct_exclyr,backsliding_Nyr,387,34,-0.03337931952338624,0.7946855142348741,228,27,-0.6250728988217099,1.1850174175981685,0.5978603534727402,7.16945193804162,13.547617044833965,0.5966640032347276,16.86434798632997
5,backsliding_Nyr,Y_trade_pct_gdp,Trade / GDP,trade,instr-antiplural_w5_trt-ert_gapany_illib0p8655367_opp0p8655367_ctrypct_exclyr,backsliding_Nyr,387,34,-0.03337931952338624,0.7946855142348741,314,27,1.1057329501757076,5.406471124722069,0.8379469512648797,10.78152256763942,164.65034859119163,0.9477907769417044,17.526422050413636
5,backsliding_Nyr,Y_top10_share,Top-10% income share,top10,instr-antiplural_w5_trt-ert_gapany_illib0p8655367_opp0p8655367_ctrypct_exclyr,backsliding_Nyr,387,34,-0.03337931952338624,0.7946855142348741,310,28,0.9201070755524556,0.7791429051133767,0.23763367112649905,184.32616094783452,1071.9471475225073,0.8634732813736761,22.01562197727224
5,backsliding_Nyr,Y_gini_disp,Disposable,gini,instr-antiplural_w5_trt-ert_gapany_illib0p8655367_opp0p8655367_ctrypct_exclyr,backsliding_Nyr,387,34,-0.03337931952338624,0.7946855142348741,264,26,0.2211971170429628,0.7078242876736283,0.7546583868866441,13.487319019664808,67.88332663798143,0.8425100772138345,22.797505520837948
5,backsliding_Nyr,Y_gini_mkt,Market,gini,instr-antiplural_w5_trt-ert_gapany_illib0p8655367_opp0p8655367_ctrypct_exclyr,backsliding_Nyr,387,34,-0.03337931952338624,0.7946855142348741,264,26,0.12012634776226838,0.6264930373688413,0.8479426548606779,5.707586490884335,42.91994227892916,0.8942074920252006,21.28022321182552
5,backsliding_Nyr,Y_debt,Debt / GDP,fiscal,instr-antiplural_w5_trt-ert_gapany_illib0p8655367_opp0p8655367_ctrypct_exclyr,backsliding_Nyr,387,34,-0.03337931952338624,0.7946855142348741,338,30,-11.009865510518404,8.032829610422553,0.1704969942560656,-16172.407042615914,75775.76869560126,0.830995857055757,17.995176149046813
5,backsliding_Nyr,Y_deficit,Deficit / GDP,fiscal,instr-antiplural_w5_trt-ert_gapany_illib0p8655367_opp0p8655367_ctrypct_exclyr,backsliding_Nyr,387,34,-0.03337931952338624,0.7946855142348741,280,30,-2.1006181296454938,3.275469191452234,0.5213159423624865,-520.9279814784079,1292.4817182438774,0.6869152983285041,22.10756143838559
5,backsliding_Nyr,Y_checks_balances,Checks & balances,institutions,instr-antiplural_w5_trt-ert_gapany_illib0p8655367_opp0p8655367_ctrypct_exclyr,backsliding_Nyr,387,34,-0.03337931952338624,0.7946855142348741,352,32,-0.02280180237948691,0.05252455164290456,0.6642034591332645,0.22722888829342905,0.7986521927365545,0.7760153953998515,19.763504255973267
5,backsliding_Nyr,Y_jucon,Judicial constraints,institutions,instr-antiplural_w5_trt-ert_gapany_illib0p8655367_opp0p8655367_ctrypct_exclyr,backsliding_Nyr,387,34,-0.03337931952338624,0.7946855142348741,364,33,-0.01694874088498708,0.03954518548581248,0.6682203387704099,-0.22985741563726775,0.6275447889265652,0.7141557829069489,17.511729003543614
5,backsliding_Nyr,Y_legcon,Legislative constraints,institutions,instr-antiplural_w5_trt-ert_gapany_illib0p8655367_opp0p8655367_ctrypct_exclyr,backsliding_Nyr,387,34,-0.03337931952338624,0.7946855142348741,352,32,-0.06946647707560079,0.07589117337771643,0.3600114344080958,0.6334715552503839,1.508041090492792,0.6744397748206834,19.361797153581417
5,backsliding_Nyr,Y_hos_power,HOS,exec_power,instr-antiplural_w5_trt-ert_gapany_illib0p8655367_opp0p8655367_ctrypct_exclyr,backsliding_Nyr,387,34,-0.03337931952338624,0.7946855142348741,364,33,0.00120244485709178,0.02264785243501857,0.9576577233693964,0.00907804436529115,0.4070918386973365,0.9822088519585304,17.77773550576955
5,backsliding_Nyr,Y_hog_power,HOG,exec_power,instr-antiplural_w5_trt-ert_gapany_illib0p8655367_opp0p8655367_ctrypct_exclyr,backsliding_Nyr,387,34,-0.03337931952338624,0.7946855142348741,162,23,0.03190771101127395,0.0269571961068446,0.23655419761936736,0.08999922385216508,2.029650273545367,0.9646316082813412,21.729033004928688
5,backsliding_Nyr,Y_hos_power_vdem,HOS (v2ex_hosw),exec_power_alt,instr-antiplural_w5_trt-ert_gapany_illib0p8655367_opp0p8655367_ctrypct_exclyr,backsliding_Nyr,387,34,-0.03337931952338624,0.7946855142348741,364,33,-0.00740588095271642,0.01291506978649388,0.5663539764255751,-0.09469933130401456,0.07505485736269464,0.2070442021329764,8.438556448093705
5,backsliding_Nyr,Y_hog_power_vdem,HOG (v2ex_hogw),exec_power_alt,instr-antiplural_w5_trt-ert_gapany_illib0p8655367_opp0p8655367_ctrypct_exclyr,backsliding_Nyr,387,34,-0.03337931952338624,0.7946855142348741,364,33,0.00780219002625734,0.01154774381977168,0.49926525766082624,0.04730330477024155,0.07613064257018821,0.5343734233939375,11.90020606148232
5,backsliding_Nyr,Y_polyarchy,Electoral (polyarchy),vdem_high,instr-antiplural_w5_trt-ert_gapany_illib0p8655367_opp0p8655367_ctrypct_exclyr,backsliding_Nyr,387,34,-0.03337931952338624,0.7946855142348741,364,33,-0.05787599954858609,0.03812128964509716,0.1289622844927485,0.00209974353332365,1.4063667206514108,0.9988087372234754,18.31906483630431
5,backsliding_Nyr,Y_libdem,Liberal,vdem_high,instr-antiplural_w5_trt-ert_gapany_illib0p8655367_opp0p8655367_ctrypct_exclyr,backsliding_Nyr,387,34,-0.03337931952338624,0.7946855142348741,364,33,-0.03631101805981617,0.03512696275483672,0.30127274999337766,-0.04848871004471528,0.9477585889649623,0.9591968646702714,18.459160947504603
5,backsliding_Nyr,Y_partipdem,Participatory,vdem_high,instr-antiplural_w5_trt-ert_gapany_illib0p8655367_opp0p8655367_ctrypct_exclyr,backsliding_Nyr,387,34,-0.03337931952338624,0.7946855142348741,363,33,-0.02823246905188752,0.02530411413980664,0.264539251639547,-0.08223019084861195,0.543767664553534,0.8797997882456011,17.98783673091017
5,backsliding_Nyr,Y_delibdem,Deliberative,vdem_high,instr-antiplural_w5_trt-ert_gapany_illib0p8655367_opp0p8655367_ctrypct_exclyr,backsliding_Nyr,387,34,-0.03337931952338624,0.7946855142348741,364,33,-0.04568667457635005,0.03970191321491839,0.24983823095139895,-0.0679854100820041,0.9715995245634604,0.9442154147971829,18.11660683836583
5,backsliding_Nyr,Y_egaldem,Egalitarian,vdem_high,instr-antiplural_w5_trt-ert_gapany_illib0p8655367_opp0p8655367_ctrypct_exclyr,backsliding_Nyr,387,34,-0.03337931952338624,0.7946855142348741,364,33,-0.02474080836057146,0.02596266084137002,0.34062144097584207,-0.0676411351307928,0.5698559879134605,0.9055141079789096,18.07678229670755
5,backsliding_Nyr,Y_elecoff,Elected officials,vdem_electoral,instr-antiplural_w5_trt-ert_gapany_illib0p8655367_opp0p8655367_ctrypct_exclyr,backsliding_Nyr,387,34,-0.03337931952338624,0.7946855142348741,364,33,-0.11901192057568433,0.10342511712409842,0.2498531366680109,0.31947958474910987,5.702619963956696,0.9553232461896054,19.184814471864986
5,backsliding_Nyr,Y_frefair,Clean elections,vdem_electoral,instr-antiplural_w5_trt-ert_gapany_illib0p8655367_opp0p8655367_ctrypct_exclyr,backsliding_Nyr,387,34,-0.03337931952338624,0.7946855142348741,364,33,-0.0999371547919837,0.05343493307876595,0.06144788534221325,0.07111443524073957,2.215318967100862,0.9743913327588664,18.09715721634314
5,backsliding_Nyr,Y_frassoc,Association,vdem_electoral,instr-antiplural_w5_trt-ert_gapany_illib0p8655367_opp0p8655367_ctrypct_exclyr,backsliding_Nyr,387,34,-0.03337931952338624,0.7946855142348741,364,33,-0.0686791247552946,0.04221892051374305,0.10379274218980904,0.1944852879642817,2.429058475224639,0.9361846683373392,19.2661243580488
5,backsliding_Nyr,Y_suffr,Suffrage,vdem_electoral,instr-antiplural_w5_trt-ert_gapany_illib0p8655367_opp0p8655367_ctrypct_exclyr,backsliding_Nyr,387,34,-0.03337931952338624,0.7946855142348741,364,33,-0.00148449753506595,0.00121566918155346,0.22203448967805364,0.00310463519686904,0.01102266282660312,0.7782047861164277,7.924976840004491
5,backsliding_Nyr,Y_freexp,Expression & alt. info,vdem_electoral,instr-antiplural_w5_trt-ert_gapany_illib0p8655367_opp0p8655367_ctrypct_exclyr,backsliding_Nyr,387,34,-0.03337931952338624,0.7946855142348741,364,33,-0.05402209079639274,0.0415378721772256,0.193412439281987,0.00875825405925417,1.4856471420695556,0.995296302184663,18.406945435408584
5,backsliding_Nyr,Y_cl_rol,Rule of law,vdem_liberal,instr-antiplural_w5_trt-ert_gapany_illib0p8655367_opp0p8655367_ctrypct_exclyr,backsliding_Nyr,387,34,-0.03337931952338624,0.7946855142348741,364,33,-0.06610828018498921,0.03386627844689956,0.05093363104082377,0.18246565151580907,2.2966159065791483,0.9366748670679926,19.0990152658523
5,backsliding_Nyr,Y_cspart,Civil society,vdem_particip,instr-antiplural_w5_trt-ert_gapany_illib0p8655367_opp0p8655367_ctrypct_exclyr,backsliding_Nyr,387,34,-0.03337931952338624,0.7946855142348741,364,33,-0.04224729380446328,0.04065192040057863,0.29869093509418854,0.11091949264198492,1.598916368983735,0.9446937816627136,19.245006900007784
5,backsliding_Nyr,Y_dd,Direct democracy,vdem_particip,instr-antiplural_w5_trt-ert_gapany_illib0p8655367_opp0p8655367_ctrypct_exclyr,backsliding_Nyr,387,34,-0.03337931952338624,0.7946855142348741,364,33,0.03657728140642544,0.03256682447987204,0.2613757171208085,-0.35620251133127956,1.086891001856846,0.7431187936789309,17.805625397414893
5,backsliding_Nyr,Y_locelec,Local elections,vdem_particip,instr-antiplural_w5_trt-ert_gapany_illib0p8655367_opp0p8655367_ctrypct_exclyr,backsliding_Nyr,387,34,-0.03337931952338624,0.7946855142348741,359,33,-0.01303848434322175,0.07057015287352297,0.8534179176929,-0.405030830040137,4.155338780028361,0.922351254062669,25.38277085499539
5,backsliding_Nyr,Y_regelec,Regional elections,vdem_particip,instr-antiplural_w5_trt-ert_gapany_illib0p8655367_opp0p8655367_ctrypct_exclyr,backsliding_Nyr,387,34,-0.03337931952338624,0.7946855142348741,363,33,-0.07294456770317169,0.04813344573709183,0.1296546066159682,0.5703582369248389,2.795845263400353,0.8383518768875543,19.171094192604805
5,backsliding_Nyr,Y_delib,Deliberation,vdem_egal_delib,instr-antiplural_w5_trt-ert_gapany_illib0p8655367_opp0p8655367_ctrypct_exclyr,backsliding_Nyr,387,34,-0.03337931952338624,0.7946855142348741,364,33,-0.07125611293634224,0.0523430862214044,0.17341003376260403,0.07392453346969186,2.0294974677376976,0.9709434456308365,18.80873458466662
5,backsliding_Nyr,Y_eqprotec,Equal protection,vdem_egal_delib,instr-antiplural_w5_trt-ert_gapany_illib0p8655367_opp0p8655367_ctrypct_exclyr,backsliding_Nyr,387,34,-0.03337931952338624,0.7946855142348741,364,33,0.01499154498465791,0.02936332210229538,0.6096637884240617,-0.13054585399283894,0.8913666796281895,0.883561550140147,18.600140792369967
5,backsliding_Nyr,Y_eqaccess,Equal access,vdem_egal_delib,instr-antiplural_w5_trt-ert_gapany_illib0p8655367_opp0p8655367_ctrypct_exclyr,backsliding_Nyr,387,34,-0.03337931952338624,0.7946855142348741,364,33,-0.02759947195008252,0.03315470173826625,0.4051577041660166,-0.00607210096886307,1.241462666922119,0.9960974933625446,19.3667348705017
5,backsliding_Nyr,Y_eqdr,Equal distribution,vdem_egal_delib,instr-antiplural_w5_trt-ert_gapany_illib0p8655367_opp0p8655367_ctrypct_exclyr,backsliding_Nyr,387,34,-0.03337931952338624,0.7946855142348741,364,33,-0.02016993917965813,0.02772614176943912,0.466938024184467,0.1723681021166822,0.7971210192003149,0.8288019927582905,18.927417718291768
5,backsliding_union_Nyr,Y_gdp_growth,PWT,growth,instr-antiplural_w5_trt-ertOrDdcg_gapany_illib0p8655367_opp0p8655367_ctrypct_exclyr,backsliding_union_Nyr,387,37,-0.03865418089204472,0.7624258277516851,336,33,-0.11809548229286428,0.09140429787143196,0.19635286543426048,-98.5904808725999,426.2611957860861,0.8170885510604561,21.577465448675845
5,backsliding_union_Nyr,Y_gdp_growth_wb,World Bank,growth,instr-antiplural_w5_trt-ertOrDdcg_gapany_illib0p8655367_opp0p8655367_ctrypct_exclyr,backsliding_union_Nyr,387,37,-0.03865418089204472,0.7624258277516851,350,33,-0.02579817424411841,0.05958004130733836,0.6650145703645838,-11.390703721780074,26.36995865524155,0.6657722389113023,22.815675859291176
5,backsliding_union_Nyr,Y_gdp_growth_imf,IMF WEO,growth,instr-antiplural_w5_trt-ertOrDdcg_gapany_illib0p8655367_opp0p8655367_ctrypct_exclyr,backsliding_union_Nyr,387,37,-0.03865418089204472,0.7624258277516851,236,24,-0.0480171560958282,0.05731720630391404,0.40217439390359905,-1.7072318068819936,2.256472827030214,0.44929366698673406,19.30538934777756
5,backsliding_union_Nyr,Y_inflation,"CPI, cumulative log",inflation,instr-antiplural_w5_trt-ertOrDdcg_gapany_illib0p8655367_opp0p8655367_ctrypct_exclyr,backsliding_union_Nyr,387,37,-0.03865418089204472,0.7624258277516851,315,30,-0.4170012916137967,0.4064750145873946,0.3049403762992895,-5258.253975439412,19962.068913030005,0.7922328309248632,20.47773976048075
5,backsliding_union_Nyr,Y_unemployment,Unemployment rate,unemployment,instr-antiplural_w5_trt-ertOrDdcg_gapany_illib0p8655367_opp0p8655367_ctrypct_exclyr,backsliding_union_Nyr,387,37,-0.03865418089204472,0.7624258277516851,228,28,-0.6250728988217099,1.1850174175981685,0.5978603534727402,7.183915957025647,13.585073702014702,0.5969376107181532,16.894288681071494
5,backsliding_union_Nyr,Y_trade_pct_gdp,Trade / GDP,trade,instr-antiplural_w5_trt-ertOrDdcg_gapany_illib0p8655367_opp0p8655367_ctrypct_exclyr,backsliding_union_Nyr,387,37,-0.03865418089204472,0.7624258277516851,314,30,1.1057329501757076,5.406471124722069,0.8379469512648797,6.013313438401781,161.3629219095146,0.970273098581952,17.4598511594102
5,backsliding_union_Nyr,Y_top10_share,Top-10% income share,top10,instr-antiplural_w5_trt-ertOrDdcg_gapany_illib0p8655367_opp0p8655367_ctrypct_exclyr,backsliding_union_Nyr,387,37,-0.03865418089204472,0.7624258277516851,310,30,0.9201070755524556,0.7791429051133767,0.23763367112649905,176.60432272430617,1148.1798160188264,0.877757636082725,22.0822344155982
5,backsliding_union_Nyr,Y_gini_disp,Disposable,gini,instr-antiplural_w5_trt-ertOrDdcg_gapany_illib0p8655367_opp0p8655367_ctrypct_exclyr,backsliding_union_Nyr,387,37,-0.03865418089204472,0.7624258277516851,264,27,0.2211971170429628,0.7078242876736283,0.7546583868866441,11.57598142169187,64.89139744787907,0.8584166413092239,22.37379926681687
5,backsliding_union_Nyr,Y_gini_mkt,Market,gini,instr-antiplural_w5_trt-ertOrDdcg_gapany_illib0p8655367_opp0p8655367_ctrypct_exclyr,backsliding_union_Nyr,387,37,-0.03865418089204472,0.7624258277516851,264,27,0.12012634776226838,0.6264930373688413,0.8479426548606779,5.624076861994636,42.97323974978456,0.8958750364434256,21.228684787706214
5,backsliding_union_Nyr,Y_debt,Debt / GDP,fiscal,instr-antiplural_w5_trt-ertOrDdcg_gapany_illib0p8655367_opp0p8655367_ctrypct_exclyr,backsliding_union_Nyr,387,37,-0.03865418089204472,0.7624258277516851,338,32,-11.009865510518404,8.032829610422553,0.1704969942560656,-29122.15847357666,147105.91714716394,0.8430706628551905,18.122627465163696
5,backsliding_union_Nyr,Y_deficit,Deficit / GDP,fiscal,instr-antiplural_w5_trt-ertOrDdcg_gapany_illib0p8655367_opp0p8655367_ctrypct_exclyr,backsliding_union_Nyr,387,37,-0.03865418089204472,0.7624258277516851,280,31,-2.1006181296454938,3.275469191452234,0.5213159423624865,-535.2419658897298,1329.3265659903934,0.6872120177858951,22.045408467662757
5,backsliding_union_Nyr,Y_checks_balances,Checks & balances,institutions,instr-antiplural_w5_trt-ertOrDdcg_gapany_illib0p8655367_opp0p8655367_ctrypct_exclyr,backsliding_union_Nyr,387,37,-0.03865418089204472,0.7624258277516851,352,35,-0.02280180237948691,0.05252455164290456,0.6642034591332645,0.23113003840775365,0.7970672414482473,0.7718349170215411,19.741065641636585
5,backsliding_union_Nyr,Y_jucon,Judicial constraints,institutions,instr-antiplural_w5_trt-ertOrDdcg_gapany_illib0p8655367_opp0p8655367_ctrypct_exclyr,backsliding_union_Nyr,387,37,-0.03865418089204472,0.7624258277516851,364,36,-0.01694874088498708,0.03954518548581248,0.6682203387704099,-0.230023353926844,0.6243513187858833,0.7125602765649528,17.478992210921476
5,backsliding_union_Nyr,Y_legcon,Legislative constraints,institutions,instr-antiplural_w5_trt-ertOrDdcg_gapany_illib0p8655367_opp0p8655367_ctrypct_exclyr,backsliding_union_Nyr,387,37,-0.03865418089204472,0.7624258277516851,352,35,-0.06946647707560079,0.07589117337771643,0.3600114344080958,0.6469649129750535,1.5088182193804718,0.6680766605024882,19.369608068559774
5,backsliding_union_Nyr,Y_hos_power,HOS,exec_power,instr-antiplural_w5_trt-ertOrDdcg_gapany_illib0p8655367_opp0p8655367_ctrypct_exclyr,backsliding_union_Nyr,387,37,-0.03865418089204472,0.7624258277516851,364,36,0.00120244485709178,0.02264785243501857,0.9576577233693964,0.00777069402643858,0.4065370779543951,0.9847498798928584,17.767014267102173
5,backsliding_union_Nyr,Y_hog_power,HOG,exec_power,instr-antiplural_w5_trt-ertOrDdcg_gapany_illib0p8655367_opp0p8655367_ctrypct_exclyr,backsliding_union_Nyr,387,37,-0.03865418089204472,0.7624258277516851,162,24,0.03190771101127395,0.0269571961068446,0.23655419761936736,0.1560436044851904,2.451654116564225,0.9492502758115134,22.669452138011685
5,backsliding_union_Nyr,Y_hos_power_vdem,HOS (v2ex_hosw),exec_power_alt,instr-antiplural_w5_trt-ertOrDdcg_gapany_illib0p8655367_opp0p8655367_ctrypct_exclyr,backsliding_union_Nyr,387,37,-0.03865418089204472,0.7624258277516851,364,36,-0.00740588095271642,0.01291506978649388,0.5663539764255751,-0.094020424521311,0.07407865165346174,0.20437070451077047,8.397946278621594
5,backsliding_union_Nyr,Y_hog_power_vdem,HOG (v2ex_hogw),exec_power_alt,instr-antiplural_w5_trt-ertOrDdcg_gapany_illib0p8655367_opp0p8655367_ctrypct_exclyr,backsliding_union_Nyr,387,37,-0.03865418089204472,0.7624258277516851,364,36,0.00780219002625734,0.01154774381977168,0.49926525766082624,0.07522171405213174,0.06381009011575893,0.2384629703039225,9.054274366103902
5,backsliding_union_Nyr,Y_polyarchy,Electoral (polyarchy),vdem_high,instr-antiplural_w5_trt-ertOrDdcg_gapany_illib0p8655367_opp0p8655367_ctrypct_exclyr,backsliding_union_Nyr,387,37,-0.03865418089204472,0.7624258277516851,364,36,-0.05787599954858609,0.03812128964509716,0.1289622844927485,0.0200374513348851,1.399049024934158,0.9885729333182384,18.295258425645184
5,backsliding_union_Nyr,Y_libdem,Liberal,vdem_high,instr-antiplural_w5_trt-ertOrDdcg_gapany_illib0p8655367_opp0p8655367_ctrypct_exclyr,backsliding_union_Nyr,387,37,-0.03865418089204472,0.7624258277516851,364,36,-0.03631101805981617,0.03512696275483672,0.30127274999337766,-0.03933407133501038,0.9437522294476592,0.9667550830848572,18.43964622767839
5,backsliding_union_Nyr,Y_partipdem,Participatory,vdem_high,instr-antiplural_w5_trt-ertOrDdcg_gapany_illib0p8655367_opp0p8655367_ctrypct_exclyr,backsliding_union_Nyr,387,37,-0.03865418089204472,0.7624258277516851,363,36,-0.02823246905188752,0.02530411413980664,0.264539251639547,-0.07813469014576233,0.538582866260894,0.8846519778583837,17.952863109111437
5,backsliding_union_Nyr,Y_delibdem,Deliberative,vdem_high,instr-antiplural_w5_trt-ertOrDdcg_gapany_illib0p8655367_opp0p8655367_ctrypct_exclyr,backsliding_union_Nyr,387,37,-0.03865418089204472,0.7624258277516851,364,36,-0.04568667457635005,0.03970191321491839,0.24983823095139895,-0.05850453749400952,0.9655139172416184,0.9516823976425512,18.091384458700325
5,backsliding_union_Nyr,Y_egaldem,Egalitarian,vdem_high,instr-antiplural_w5_trt-ertOrDdcg_gapany_illib0p8655367_opp0p8655367_ctrypct_exclyr,backsliding_union_Nyr,387,37,-0.03865418089204472,0.7624258277516851,364,36,-0.02474080836057146,0.02596266084137002,0.34062144097584207,-0.06350444955457121,0.5682681736335664,0.911020961955578,18.0649233115376
5,backsliding_union_Nyr,Y_elecoff,Elected officials,vdem_electoral,instr-antiplural_w5_trt-ertOrDdcg_gapany_illib0p8655367_opp0p8655367_ctrypct_exclyr,backsliding_union_Nyr,387,37,-0.03865418089204472,0.7624258277516851,364,36,-0.11901192057568433,0.10342511712409842,0.2498531366680109,0.4219635439208287,5.681798778238863,0.9407988597839636,19.162375827057755
5,backsliding_union_Nyr,Y_frefair,Clean elections,vdem_electoral,instr-antiplural_w5_trt-ertOrDdcg_gapany_illib0p8655367_opp0p8655367_ctrypct_exclyr,backsliding_union_Nyr,387,37,-0.03865418089204472,0.7624258277516851,364,36,-0.0999371547919837,0.05343493307876595,0.06144788534221325,0.10329070025628316,2.200172138063434,0.962555751737826,18.073537727016586
5,backsliding_union_Nyr,Y_frassoc,Association,vdem_electoral,instr-antiplural_w5_trt-ertOrDdcg_gapany_illib0p8655367_opp0p8655367_ctrypct_exclyr,backsliding_union_Nyr,387,37,-0.03865418089204472,0.7624258277516851,364,36,-0.0686791247552946,0.04221892051374305,0.10379274218980904,0.2324925074183448,2.4135587511622254,0.9232603303515744,19.233581906177413
5,backsliding_union_Nyr,Y_suffr,Suffrage,vdem_electoral,instr-antiplural_w5_trt-ertOrDdcg_gapany_illib0p8655367_opp0p8655367_ctrypct_exclyr,backsliding_union_Nyr,387,37,-0.03865418089204472,0.7624258277516851,364,36,-0.00148449753506595,0.00121566918155346,0.22203448967805364,0.00544193461856125,0.00983483185830407,0.580035575072161,8.969439019106257
5,backsliding_union_Nyr,Y_freexp,Expression & alt. info,vdem_electoral,instr-antiplural_w5_trt-ertOrDdcg_gapany_illib0p8655367_opp0p8655367_ctrypct_exclyr,backsliding_union_Nyr,387,37,-0.03865418089204472,0.7624258277516851,364,36,-0.05402209079639274,0.0415378721772256,0.193412439281987,0.02453973856367358,1.4808367757340606,0.9867784331625268,18.392155893095783
5,backsliding_union_Nyr,Y_cl_rol,Rule of law,vdem_liberal,instr-antiplural_w5_trt-ertOrDdcg_gapany_illib0p8655367_opp0p8655367_ctrypct_exclyr,backsliding_union_Nyr,387,37,-0.03865418089204472,0.7624258277516851,364,36,-0.06610828018498921,0.03386627844689956,0.05093363104082377,0.21825588173603672,2.2971652057849443,0.9243061179373352,19.099755243004743
5,backsliding_union_Nyr,Y_cspart,Civil society,vdem_particip,instr-antiplural_w5_trt-ertOrDdcg_gapany_illib0p8655367_opp0p8655367_ctrypct_exclyr,backsliding_union_Nyr,387,37,-0.03865418089204472,0.7624258277516851,364,36,-0.04224729380446328,0.04065192040057863,0.29869093509418854,0.12855835937766047,1.5839580048466877,0.9353125370897274,19.2014217423353
5,backsliding_union_Nyr,Y_dd,Direct democracy,vdem_particip,instr-antiplural_w5_trt-ertOrDdcg_gapany_illib0p8655367_opp0p8655367_ctrypct_exclyr,backsliding_union_Nyr,387,37,-0.03865418089204472,0.7624258277516851,364,36,0.03657728140642544,0.03256682447987204,0.2613757171208085,-0.3768196992725571,1.10232284825487,0.7324701741132207,17.87086388530317
5,backsliding_union_Nyr,Y_locelec,Local elections,vdem_particip,instr-antiplural_w5_trt-ertOrDdcg_gapany_illib0p8655367_opp0p8655367_ctrypct_exclyr,backsliding_union_Nyr,387,37,-0.03865418089204472,0.7624258277516851,359,36,-0.01303848434322175,0.07057015287352297,0.8534179176929,-0.09793005344541827,2.7984578244770337,0.9720842915035228,25.234130991562814
5,backsliding_union_Nyr,Y_regelec,Regional elections,vdem_particip,instr-antiplural_w5_trt-ertOrDdcg_gapany_illib0p8655367_opp0p8655367_ctrypct_exclyr,backsliding_union_Nyr,387,37,-0.03865418089204472,0.7624258277516851,363,36,-0.07294456770317169,0.04813344573709183,0.1296546066159682,0.616508678946185,2.824780553886747,0.8272342404544016,19.22306795181063
5,backsliding_union_Nyr,Y_delib,Deliberation,vdem_egal_delib,instr-antiplural_w5_trt-ertOrDdcg_gapany_illib0p8655367_opp0p8655367_ctrypct_exclyr,backsliding_union_Nyr,387,37,-0.03865418089204472,0.7624258277516851,364,36,-0.07125611293634224,0.0523430862214044,0.17341003376260403,0.10293491135097432,2.013251142728844,0.9592229675324556,18.7686757881958
5,backsliding_union_Nyr,Y_eqprotec,Equal protection,vdem_egal_delib,instr-antiplural_w5_trt-ertOrDdcg_gapany_illib0p8655367_opp0p8655367_ctrypct_exclyr,backsliding_union_Nyr,387,37,-0.03865418089204472,0.7624258277516851,364,36,0.01499154498465791,0.02936332210229538,0.6096637884240617,-0.143109469246695,0.8926739031641762,0.8726325441541141,18.612234078483315
5,backsliding_union_Nyr,Y_eqaccess,Equal access,vdem_egal_delib,instr-antiplural_w5_trt-ertOrDdcg_gapany_illib0p8655367_opp0p8655367_ctrypct_exclyr,backsliding_union_Nyr,387,37,-0.03865418089204472,0.7624258277516851,364,36,-0.02759947195008252,0.03315470173826625,0.4051577041660166,0.00691739778387284,1.2348612348530623,0.9955304645806085,19.33769455995911
5,backsliding_union_Nyr,Y_eqdr,Equal distribution,vdem_egal_delib,instr-antiplural_w5_trt-ertOrDdcg_gapany_illib0p8655367_opp0p8655367_ctrypct_exclyr,backsliding_union_Nyr,387,37,-0.03865418089204472,0.7624258277516851,364,36,-0.02016993917965813,0.02772614176943912,0.466938024184467,0.1802941816381749,0.795355351208242,0.8206696168632329,18.90960869535113
5,polyarchy_decline,Y_gdp_growth,PWT,growth,instr-antiplural_w5_trt-polyarchy_gapany_illib0p8655367_opp0p8655367_ctrypct_exclyr,polyarchy_decline,364,154,0.05787599954858609,0.1289622844927485,336,133,-0.11809548229286428,0.09140429787143196,0.19635286543426048,-1.1571800766003346,1.1912967063859032,0.33136815926225355,29.108741857546516
5,polyarchy_decline,Y_gdp_growth_wb,World Bank,growth,instr-antiplural_w5_trt-polyarchy_gapany_illib0p8655367_opp0p8655367_ctrypct_exclyr,polyarchy_decline,364,154,0.05787599954858609,0.1289622844927485,350,147,-0.02579817424411841,0.05958004130733836,0.6650145703645838,-0.37261983202562743,0.8984009817351799,0.6783183859678545,27.44758246197291
5,polyarchy_decline,Y_gdp_growth_imf,IMF WEO,growth,instr-antiplural_w5_trt-polyarchy_gapany_illib0p8655367_opp0p8655367_ctrypct_exclyr,polyarchy_decline,364,154,0.05787599954858609,0.1289622844927485,236,102,-0.0480171560958282,0.05731720630391404,0.40217439390359905,-1.3989062642230494,1.455323506160376,0.33643458360810613,24.909065428859737
5,polyarchy_decline,Y_inflation,"CPI, cumulative log",inflation,instr-antiplural_w5_trt-polyarchy_gapany_illib0p8655367_opp0p8655367_ctrypct_exclyr,polyarchy_decline,364,154,0.05787599954858609,0.1289622844927485,315,135,-0.4170012916137967,0.4064750145873946,0.3049403762992895,-6.707899669684726,7.983795446829906,0.4008022454269251,22.54657872651965
5,polyarchy_decline,Y_unemployment,Unemployment rate,unemployment,instr-antiplural_w5_trt-polyarchy_gapany_illib0p8655367_opp0p8655367_ctrypct_exclyr,polyarchy_decline,364,154,0.05787599954858609,0.1289622844927485,228,122,-0.6250728988217099,1.1850174175981685,0.5978603534727402,-31.25771322783092,132.98303121232502,0.814169623745878,23.7802012447168
5,polyarchy_decline,Y_trade_pct_gdp,Trade / GDP,trade,instr-antiplural_w5_trt-polyarchy_gapany_illib0p8655367_opp0p8655367_ctrypct_exclyr,polyarchy_decline,364,154,0.05787599954858609,0.1289622844927485,314,135,1.1057329501757076,5.406471124722069,0.8379469512648797,37.37011089216078,107.69924108436734,0.7286019619021623,28.137241868937934
5,polyarchy_decline,Y_top10_share,Top-10% income share,top10,instr-antiplural_w5_trt-polyarchy_gapany_illib0p8655367_opp0p8655367_ctrypct_exclyr,polyarchy_decline,364,154,0.05787599954858609,0.1289622844927485,310,130,0.9201070755524556,0.7791429051133767,0.23763367112649905,12.642609767273406,12.928371121385146,0.32812548205297304,24.89576693497442
5,polyarchy_decline,Y_gini_disp,Disposable,gini,instr-antiplural_w5_trt-polyarchy_gapany_illib0p8655367_opp0p8655367_ctrypct_exclyr,polyarchy_decline,364,154,0.05787599954858609,0.1289622844927485,264,105,0.2211971170429628,0.7078242876736283,0.7546583868866441,3.034802472746816,12.690928537354155,0.8110035131804934,28.96551765662456
5,polyarchy_decline,Y_gini_mkt,Market,gini,instr-antiplural_w5_trt-polyarchy_gapany_illib0p8655367_opp0p8655367_ctrypct_exclyr,polyarchy_decline,364,154,0.05787599954858609,0.1289622844927485,264,105,0.12012634776226838,0.6264930373688413,0.8479426548606779,0.7223632779448717,11.852725244115694,0.9514030825732258,23.49475764280026
5,polyarchy_decline,Y_debt,Debt / GDP,fiscal,instr-antiplural_w5_trt-polyarchy_gapany_illib0p8655367_opp0p8655367_ctrypct_exclyr,polyarchy_decline,364,154,0.05787599954858609,0.1289622844927485,338,146,-11.009865510518404,8.032829610422553,0.1704969942560656,-51.12974362192723,116.80621434351666,0.66158103013779,24.157188159166953
5,polyarchy_decline,Y_deficit,Deficit / GDP,fiscal,instr-antiplural_w5_trt-polyarchy_gapany_illib0p8655367_opp0p8655367_ctrypct_exclyr,polyarchy_decline,364,154,0.05787599954858609,0.1289622844927485,280,123,-2.1006181296454938,3.275469191452234,0.5213159423624865,-6.387144946658003,43.74426492869288,0.883912685256842,29.418468566710057
5,polyarchy_decline,Y_checks_balances,Checks & balances,institutions,instr-antiplural_w5_trt-polyarchy_gapany_illib0p8655367_opp0p8655367_ctrypct_exclyr,polyarchy_decline,364,154,0.05787599954858609,0.1289622844927485,352,151,-0.02280180237948691,0.05252455164290456,0.6642034591332645,-1.2553469440736975,2.160496777140453,0.5612097840332326,21.83287687351944
5,polyarchy_decline,Y_jucon,Judicial constraints,institutions,instr-antiplural_w5_trt-polyarchy_gapany_illib0p8655367_opp0p8655367_ctrypct_exclyr,polyarchy_decline,364,154,0.05787599954858609,0.1289622844927485,364,154,-0.01694874088498708,0.03954518548581248,0.6682203387704099,-0.05739061320763233,0.9310390496490176,0.9508483535190512,20.17036778522149
5,polyarchy_decline,Y_legcon,Legislative constraints,institutions,instr-antiplural_w5_trt-polyarchy_gapany_illib0p8655367_opp0p8655367_ctrypct_exclyr,polyarchy_decline,364,154,0.05787599954858609,0.1289622844927485,352,151,-0.06946647707560079,0.07589117337771643,0.3600114344080958,-2.3457582889019126,4.171146232424869,0.5738589274544899,23.546206892074963
5,polyarchy_decline,Y_hos_power,HOS,exec_power,instr-antiplural_w5_trt-polyarchy_gapany_illib0p8655367_opp0p8655367_ctrypct_exclyr,polyarchy_decline,364,154,0.05787599954858609,0.1289622844927485,364,154,0.00120244485709178,0.02264785243501857,0.9576577233693964,6.099095778815677e-4,0.3496870529792529,0.9986083637217928,26.686265318210317
5,polyarchy_decline,Y_hog_power,HOG,exec_power,instr-antiplural_w5_trt-polyarchy_gapany_illib0p8655367_opp0p8655367_ctrypct_exclyr,polyarchy_decline,364,154,0.05787599954858609,0.1289622844927485,162,64,0.03190771101127395,0.0269571961068446,0.23655419761936736,0.21626059278805324,0.382309040997428,0.5716184214921958,17.529380815821074
5,polyarchy_decline,Y_hos_power_vdem,HOS (v2ex_hosw),exec_power_alt,instr-antiplural_w5_trt-polyarchy_gapany_illib0p8655367_opp0p8655367_ctrypct_exclyr,polyarchy_decline,364,154,0.05787599954858609,0.1289622844927485,364,154,-0.00740588095271642,0.01291506978649388,0.5663539764255751,0.02032563752854345,0.32839395497886154,0.9506471921032108,22.28036456153403
5,polyarchy_decline,Y_hog_power_vdem,HOG (v2ex_hogw),exec_power_alt,instr-antiplural_w5_trt-polyarchy_gapany_illib0p8655367_opp0p8655367_ctrypct_exclyr,polyarchy_decline,364,154,0.05787599954858609,0.1289622844927485,364,154,0.00780219002625734,0.01154774381977168,0.49926525766082624,0.02163407637779008,0.4294236425752247,0.9598201059211122,19.865783907296677
5,polyarchy_decline,Y_polyarchy,Electoral (polyarchy),vdem_high,instr-antiplural_w5_trt-polyarchy_gapany_illib0p8655367_opp0p8655367_ctrypct_exclyr,polyarchy_decline,364,154,0.05787599954858609,0.1289622844927485,364,154,-0.05787599954858609,0.03812128964509716,0.1289622844927485,-1,3.443215430144055e-17,0,24.729167677420588
5,polyarchy_decline,Y_libdem,Liberal,vdem_high,instr-antiplural_w5_trt-polyarchy_gapany_illib0p8655367_opp0p8655367_ctrypct_exclyr,polyarchy_decline,364,154,0.05787599954858609,0.1289622844927485,364,154,-0.03631101805981617,0.03512696275483672,0.30127274999337766,-0.6725311742877281,0.26371393062610593,0.01076518764495174,28.41030197386383
5,polyarchy_decline,Y_partipdem,Participatory,vdem_high,instr-antiplural_w5_trt-polyarchy_gapany_illib0p8655367_opp0p8655367_ctrypct_exclyr,polyarchy_decline,364,154,0.05787599954858609,0.1289622844927485,363,154,-0.02823246905188752,0.02530411413980664,0.264539251639547,-0.47543986594155735,0.22653315296823645,0.03583761645964861,24.77889763398815
5,polyarchy_decline,Y_delibdem,Deliberative,vdem_high,instr-antiplural_w5_trt-polyarchy_gapany_illib0p8655367_opp0p8655367_ctrypct_exclyr,polyarchy_decline,364,154,0.05787599954858609,0.1289622844927485,364,154,-0.04568667457635005,0.03970191321491839,0.24983823095139895,-0.7100098664451618,0.4380814985787738,0.1050765170535792,21.62917067138561
5,polyarchy_decline,Y_egaldem,Egalitarian,vdem_high,instr-antiplural_w5_trt-polyarchy_gapany_illib0p8655367_opp0p8655367_ctrypct_exclyr,polyarchy_decline,364,154,0.05787599954858609,0.1289622844927485,364,154,-0.02474080836057146,0.02596266084137002,0.34062144097584207,-0.4143525424784277,0.2365350587140433,0.07981516636926839,24.578018477819857
5,polyarchy_decline,Y_elecoff,Elected officials,vdem_electoral,instr-antiplural_w5_trt-polyarchy_gapany_illib0p8655367_opp0p8655367_ctrypct_exclyr,polyarchy_decline,364,154,0.05787599954858609,0.1289622844927485,364,154,-0.11901192057568433,0.10342511712409842,0.2498531366680109,-3.503007144015126,2.6158689337894545,0.1805260439101295,19.75464559375293
5,polyarchy_decline,Y_frefair,Clean elections,vdem_electoral,instr-antiplural_w5_trt-polyarchy_gapany_illib0p8655367_opp0p8655367_ctrypct_exclyr,polyarchy_decline,364,154,0.05787599954858609,0.1289622844927485,364,154,-0.0999371547919837,0.05343493307876595,0.06144788534221325,-1.6075611879907543,0.44978255891711905,3.5145448226208374e-4,26.276006194304628
5,polyarchy_decline,Y_frassoc,Association,vdem_electoral,instr-antiplural_w5_trt-polyarchy_gapany_illib0p8655367_opp0p8655367_ctrypct_exclyr,polyarchy_decline,364,154,0.05787599954858609,0.1289622844927485,364,154,-0.0686791247552946,0.04221892051374305,0.10379274218980904,-1.565333384106483,0.8119867991069958,0.05388227075195787,19.74621469492651
5,polyarchy_decline,Y_suffr,Suffrage,vdem_electoral,instr-antiplural_w5_trt-polyarchy_gapany_illib0p8655367_opp0p8655367_ctrypct_exclyr,polyarchy_decline,364,154,0.05787599954858609,0.1289622844927485,364,154,-0.00148449753506595,0.00121566918155346,0.22203448967805364,-0.00132941301494272,0.02179938176464042,0.9513719691176448,25.43818698658781
5,polyarchy_decline,Y_freexp,Expression & alt. info,vdem_electoral,instr-antiplural_w5_trt-polyarchy_gapany_illib0p8655367_opp0p8655367_ctrypct_exclyr,polyarchy_decline,364,154,0.05787599954858609,0.1289622844927485,364,154,-0.05402209079639274,0.0415378721772256,0.193412439281987,-0.9646468893843098,0.4537403429075589,0.03350419169773319,23.089511918335525
5,polyarchy_decline,Y_cl_rol,Rule of law,vdem_liberal,instr-antiplural_w5_trt-polyarchy_gapany_illib0p8655367_opp0p8655367_ctrypct_exclyr,polyarchy_decline,364,154,0.05787599954858609,0.1289622844927485,364,154,-0.06610828018498921,0.03386627844689956,0.05093363104082377,-1.3661900058975194,0.7626928947328608,0.0732497456187432,21.54456226370495
5,polyarchy_decline,Y_cspart,Civil society,vdem_particip,instr-antiplural_w5_trt-polyarchy_gapany_illib0p8655367_opp0p8655367_ctrypct_exclyr,polyarchy_decline,364,154,0.05787599954858609,0.1289622844927485,364,154,-0.04224729380446328,0.04065192040057863,0.29869093509418854,-0.8743269216072004,0.5406299859631631,0.10582709052831496,24.518663842328273
5,polyarchy_decline,Y_dd,Direct democracy,vdem_particip,instr-antiplural_w5_trt-polyarchy_gapany_illib0p8655367_opp0p8655367_ctrypct_exclyr,polyarchy_decline,364,154,0.05787599954858609,0.1289622844927485,364,154,0.03657728140642544,0.03256682447987204,0.2613757171208085,0.5473827114218045,0.6254676800602508,0.3814882314995966,26.973313876093545
5,polyarchy_decline,Y_locelec,Local elections,vdem_particip,instr-antiplural_w5_trt-polyarchy_gapany_illib0p8655367_opp0p8655367_ctrypct_exclyr,polyarchy_decline,364,154,0.05787599954858609,0.1289622844927485,359,152,-0.01303848434322175,0.07057015287352297,0.8534179176929,-0.7255331060234048,1.798617209730338,0.6866658774262661,19.8537600483233
5,polyarchy_decline,Y_regelec,Regional elections,vdem_particip,instr-antiplural_w5_trt-polyarchy_gapany_illib0p8655367_opp0p8655367_ctrypct_exclyr,polyarchy_decline,364,154,0.05787599954858609,0.1289622844927485,363,154,-0.07294456770317169,0.04813344573709183,0.1296546066159682,-1.1871618728369282,1.074375269772087,0.26916878487048485,26.87334115774212
5,polyarchy_decline,Y_delib,Deliberation,vdem_egal_delib,instr-antiplural_w5_trt-polyarchy_gapany_illib0p8655367_opp0p8655367_ctrypct_exclyr,polyarchy_decline,364,154,0.05787599954858609,0.1289622844927485,364,154,-0.07125611293634224,0.0523430862214044,0.17341003376260403,-1.3405114364644273,0.733079571564908,0.067459116730201,21.125667561857775
5,polyarchy_decline,Y_eqprotec,Equal protection,vdem_egal_delib,instr-antiplural_w5_trt-polyarchy_gapany_illib0p8655367_opp0p8655367_ctrypct_exclyr,polyarchy_decline,364,154,0.05787599954858609,0.1289622844927485,364,154,0.01499154498465791,0.02936332210229538,0.6096637884240617,0.19862617728230592,0.6134740969286441,0.7461101105782193,31.369261071120498
5,polyarchy_decline,Y_eqaccess,Equal access,vdem_egal_delib,instr-antiplural_w5_trt-polyarchy_gapany_illib0p8655367_opp0p8655367_ctrypct_exclyr,polyarchy_decline,364,154,0.05787599954858609,0.1289622844927485,364,154,-0.02759947195008252,0.03315470173826625,0.4051577041660166,-0.5451770138010554,0.50791654896533,0.28310988312409097,25.139945445647243
5,polyarchy_decline,Y_eqdr,Equal distribution,vdem_egal_delib,instr-antiplural_w5_trt-polyarchy_gapany_illib0p8655367_opp0p8655367_ctrypct_exclyr,polyarchy_decline,364,154,0.05787599954858609,0.1289622844927485,364,154,-0.02016993917965813,0.02772614176943912,0.466938024184467,-0.5241387330256455,0.624508671690389,0.4013112199399722,20.06840339409194
6,backsliding_Nyr,Y_gdp_growth,PWT,growth,instr-antiplural_w6_trt-ert_gapany_illib0p8655367_opp0p8655367_ctrypct_exclyr,backsliding_Nyr,387,42,-0.1022072853277341,0.4050808251718788,326,35,-0.13777748085658542,0.1057194116513106,0.1924937586610779,0.5439510784669065,2.3141032581890104,0.8141628462845343,23.38286251910358
6,backsliding_Nyr,Y_gdp_growth_wb,World Bank,growth,instr-antiplural_w6_trt-ert_gapany_illib0p8655367_opp0p8655367_ctrypct_exclyr,backsliding_Nyr,387,42,-0.1022072853277341,0.4050808251718788,338,38,-0.05579560776093942,0.07027569503043724,0.4272227199604712,0.278670798770688,1.2308768989395016,0.8208901580638513,26.89838696895034
6,backsliding_Nyr,Y_gdp_growth_imf,IMF WEO,growth,instr-antiplural_w6_trt-ert_gapany_illib0p8655367_opp0p8655367_ctrypct_exclyr,backsliding_Nyr,387,42,-0.1022072853277341,0.4050808251718788,224,25,-0.06994987098698646,0.05974967125675605,0.24171312096484013,-3.98141545172909,10.682485663898383,0.7093680403271712,17.53242701288672
6,backsliding_Nyr,Y_inflation,"CPI, cumulative log",inflation,instr-antiplural_w6_trt-ert_gapany_illib0p8655367_opp0p8655367_ctrypct_exclyr,backsliding_Nyr,387,42,-0.1022072853277341,0.4050808251718788,303,34,-0.5651803175433925,0.4819842620843667,0.24095161147077168,2.8070086595788757,5.662576773864972,0.6200974447536709,20.007954215309063
6,backsliding_Nyr,Y_unemployment,Unemployment rate,unemployment,instr-antiplural_w6_trt-ert_gapany_illib0p8655367_opp0p8655367_ctrypct_exclyr,backsliding_Nyr,387,42,-0.1022072853277341,0.4050808251718788,220,33,-0.5008154819030726,1.155489700527243,0.6647077021307939,6.203532851621709,13.480958600639742,0.6453941955261829,22.912495053664756
6,backsliding_Nyr,Y_trade_pct_gdp,Trade / GDP,trade,instr-antiplural_w6_trt-ert_gapany_illib0p8655367_opp0p8655367_ctrypct_exclyr,backsliding_Nyr,387,42,-0.1022072853277341,0.4050808251718788,304,31,0.34684417977109927,6.372950490757983,0.956597017634182,3.035602267648219,58.66626548156898,0.9587330164418698,23.96606874347803
6,backsliding_Nyr,Y_top10_share,Top-10% income share,top10,instr-antiplural_w6_trt-ert_gapany_illib0p8655367_opp0p8655367_ctrypct_exclyr,backsliding_Nyr,387,42,-0.1022072853277341,0.4050808251718788,297,35,0.627796190975813,0.9779369753865816,0.5208993075371788,-3.4476359752229095,8.307988724621428,0.6781577060820598,21.892788484145257
6,backsliding_Nyr,Y_gini_disp,Disposable,gini,instr-antiplural_w6_trt-ert_gapany_illib0p8655367_opp0p8655367_ctrypct_exclyr,backsliding_Nyr,387,42,-0.1022072853277341,0.4050808251718788,255,31,-0.084989842623313,0.7106634067402648,0.904806151664119,1.2244528118339768,5.9600985079083495,0.837227037600596,21.80875081741172
6,backsliding_Nyr,Y_gini_mkt,Market,gini,instr-antiplural_w6_trt-ert_gapany_illib0p8655367_opp0p8655367_ctrypct_exclyr,backsliding_Nyr,387,42,-0.1022072853277341,0.4050808251718788,255,31,0.00752316524770219,0.6857154917049105,0.9912463739653428,0.8173416322326426,5.320895482405126,0.8779174180644641,22.150070109268597
6,backsliding_Nyr,Y_debt,Debt / GDP,fiscal,instr-antiplural_w6_trt-ert_gapany_illib0p8655367_opp0p8655367_ctrypct_exclyr,backsliding_Nyr,387,42,-0.1022072853277341,0.4050808251718788,326,35,-10.64579847071028,8.802117502320394,0.22648663036869932,53.33389291156144,108.50590826399088,0.6230517445616112,21.25949691003197
6,backsliding_Nyr,Y_deficit,Deficit / GDP,fiscal,instr-antiplural_w6_trt-ert_gapany_illib0p8655367_opp0p8655367_ctrypct_exclyr,backsliding_Nyr,387,42,-0.1022072853277341,0.4050808251718788,268,35,-0.348844678979114,2.6956894036094914,0.8970345522986607,1.522500273583069,22.65656841425853,0.9464232273562708,22.93577033383033
6,backsliding_Nyr,Y_checks_balances,Checks & balances,institutions,instr-antiplural_w6_trt-ert_gapany_illib0p8655367_opp0p8655367_ctrypct_exclyr,backsliding_Nyr,387,42,-0.1022072853277341,0.4050808251718788,343,38,-0.03821478792311882,0.05772162188329268,0.507937089224594,0.31326038166956816,0.821770395427746,0.7030534885246547,18.99524017034891
6,backsliding_Nyr,Y_jucon,Judicial constraints,institutions,instr-antiplural_w6_trt-ert_gapany_illib0p8655367_opp0p8655367_ctrypct_exclyr,backsliding_Nyr,387,42,-0.1022072853277341,0.4050808251718788,356,39,-0.03238220293663865,0.04228588786939874,0.4437999583625259,-0.14508044416474414,0.6192657497706869,0.8147690352515772,17.098162101129642
6,backsliding_Nyr,Y_legcon,Legislative constraints,institutions,instr-antiplural_w6_trt-ert_gapany_illib0p8655367_opp0p8655367_ctrypct_exclyr,backsliding_Nyr,387,42,-0.1022072853277341,0.4050808251718788,343,38,-0.10059727442663964,0.08942119514646693,0.26059647487178506,0.8008037039212326,1.6291930727343455,0.6230488471778322,18.99548043345854
6,backsliding_Nyr,Y_hos_power,HOS,exec_power,instr-antiplural_w6_trt-ert_gapany_illib0p8655367_opp0p8655367_ctrypct_exclyr,backsliding_Nyr,387,42,-0.1022072853277341,0.4050808251718788,356,39,0.00591164453195842,0.02711009648897537,0.8273818773486507,-0.01122393094013213,0.4791389840257736,0.9813110964817702,17.91982569943843
6,backsliding_Nyr,Y_hog_power,HOG,exec_power,instr-antiplural_w6_trt-ert_gapany_illib0p8655367_opp0p8655367_ctrypct_exclyr,backsliding_Nyr,387,42,-0.1022072853277341,0.4050808251718788,158,27,0.04437743855107831,0.02989933562191925,0.13774837796717695,-0.13187576430480302,0.26052003129506957,0.6127148419146784,18.593340907437018
6,backsliding_Nyr,Y_hos_power_vdem,HOS (v2ex_hosw),exec_power_alt,instr-antiplural_w6_trt-ert_gapany_illib0p8655367_opp0p8655367_ctrypct_exclyr,backsliding_Nyr,387,42,-0.1022072853277341,0.4050808251718788,356,39,-0.01450608381875879,0.00819708495651971,0.07678317784904068,0.12496471254537844,0.0989167434636124,0.2064697991891691,13.246002080764269
6,backsliding_Nyr,Y_hog_power_vdem,HOG (v2ex_hogw),exec_power_alt,instr-antiplural_w6_trt-ert_gapany_illib0p8655367_opp0p8655367_ctrypct_exclyr,backsliding_Nyr,387,42,-0.1022072853277341,0.4050808251718788,356,39,0.02238426096384045,0.01304465306370939,0.08616714546783517,-0.192330384754076,0.17775748126161736,0.27926055207777034,13.693212488372852
6,backsliding_Nyr,Y_polyarchy,Electoral (polyarchy),vdem_high,instr-antiplural_w6_trt-ert_gapany_illib0p8655367_opp0p8655367_ctrypct_exclyr,backsliding_Nyr,387,42,-0.1022072853277341,0.4050808251718788,356,39,-0.07891055453909225,0.04425854748107257,0.07459526198989903,0.22730832898434156,1.7757644524315477,0.8981443030113904,18.94789074865845
6,backsliding_Nyr,Y_libdem,Liberal,vdem_high,instr-antiplural_w6_trt-ert_gapany_illib0p8655367_opp0p8655367_ctrypct_exclyr,backsliding_Nyr,387,42,-0.1022072853277341,0.4050808251718788,356,39,-0.05912564248455648,0.0393589740877389,0.1330415841282157,0.1597991032226464,1.3041667487424304,0.9024795607654224,18.740810661717976
6,backsliding_Nyr,Y_partipdem,Participatory,vdem_high,instr-antiplural_w6_trt-ert_gapany_illib0p8655367_opp0p8655367_ctrypct_exclyr,backsliding_Nyr,387,42,-0.1022072853277341,0.4050808251718788,355,39,-0.04224990750645817,0.0294364505426537,0.15120385294110905,0.05388707907444551,0.8896359390920587,0.95170002769729,18.87387984001454
6,backsliding_Nyr,Y_delibdem,Deliberative,vdem_high,instr-antiplural_w6_trt-ert_gapany_illib0p8655367_opp0p8655367_ctrypct_exclyr,backsliding_Nyr,387,42,-0.1022072853277341,0.4050808251718788,356,39,-0.05441543825027881,0.04726338390730272,0.2495992278508645,0.00101700270537524,1.0720235688444846,0.9992430664224364,18.324863261841212
6,backsliding_Nyr,Y_egaldem,Egalitarian,vdem_high,instr-antiplural_w6_trt-ert_gapany_illib0p8655367_opp0p8655367_ctrypct_exclyr,backsliding_Nyr,387,42,-0.1022072853277341,0.4050808251718788,356,39,-0.04284999049861421,0.02952205653329213,0.14665269575178844,0.12868014514171386,0.9247002927869123,0.8893246969367857,19.074835494969584
6,backsliding_Nyr,Y_elecoff,Elected officials,vdem_electoral,instr-antiplural_w6_trt-ert_gapany_illib0p8655367_opp0p8655367_ctrypct_exclyr,backsliding_Nyr,387,42,-0.1022072853277341,0.4050808251718788,356,39,-0.16106532648033592,0.10798458524593645,0.135814923246713,0.5819101103639772,4.397456413500236,0.8947242321481839,19.83033718261384
6,backsliding_Nyr,Y_frefair,Clean elections,vdem_electoral,instr-antiplural_w6_trt-ert_gapany_illib0p8655367_opp0p8655367_ctrypct_exclyr,backsliding_Nyr,387,42,-0.1022072853277341,0.4050808251718788,356,39,-0.1194103224767901,0.05974311946029921,0.04563765256737148,0.3173106748931306,2.6203510137658115,0.9036160104509976,19.002414970716952
6,backsliding_Nyr,Y_frassoc,Association,vdem_electoral,instr-antiplural_w6_trt-ert_gapany_illib0p8655367_opp0p8655367_ctrypct_exclyr,backsliding_Nyr,387,42,-0.1022072853277341,0.4050808251718788,356,39,-0.09144424458613874,0.04956692755152329,0.0650573118628614,0.5092062554950442,2.424453297080124,0.8336447963598189,19.654502575115785
6,backsliding_Nyr,Y_suffr,Suffrage,vdem_electoral,instr-antiplural_w6_trt-ert_gapany_illib0p8655367_opp0p8655367_ctrypct_exclyr,backsliding_Nyr,387,42,-0.1022072853277341,0.4050808251718788,356,39,-0.0030232897427889,0.00162263426320203,0.06243434233381437,0.0261736725330589,0.0362909468368329,0.4707755948023433,9.355444730981947
6,backsliding_Nyr,Y_freexp,Expression & alt. info,vdem_electoral,instr-antiplural_w6_trt-ert_gapany_illib0p8655367_opp0p8655367_ctrypct_exclyr,backsliding_Nyr,387,42,-0.1022072853277341,0.4050808251718788,356,39,-0.07690894931527832,0.0473673213682096,0.10444602875818423,0.2235657504311654,1.7987574023623203,0.9010864601727724,18.8295906865076
6,backsliding_Nyr,Y_cl_rol,Rule of law,vdem_liberal,instr-antiplural_w6_trt-ert_gapany_illib0p8655367_opp0p8655367_ctrypct_exclyr,backsliding_Nyr,387,42,-0.1022072853277341,0.4050808251718788,356,39,-0.08294852117415412,0.03656187561656388,0.02328558704481138,0.4204213641854002,1.9635100419305231,0.830455626694135,19.31830762133795
6,backsliding_Nyr,Y_cspart,Civil society,vdem_particip,instr-antiplural_w6_trt-ert_gapany_illib0p8655367_opp0p8655367_ctrypct_exclyr,backsliding_Nyr,387,42,-0.1022072853277341,0.4050808251718788,356,39,-0.05099500200273907,0.04595457121513782,0.2671356927075106,0.10567103775454996,1.1112131880348122,0.9242392125060612,18.173783802139734
6,backsliding_Nyr,Y_dd,Direct democracy,vdem_particip,instr-antiplural_w6_trt-ert_gapany_illib0p8655367_opp0p8655367_ctrypct_exclyr,backsliding_Nyr,387,42,-0.1022072853277341,0.4050808251718788,356,39,0.04274869679240296,0.04104350466109292,0.29762223056770126,-0.2714089432510382,1.0824034114831018,0.802010052599078,25.05951935313964
6,backsliding_Nyr,Y_locelec,Local elections,vdem_particip,instr-antiplural_w6_trt-ert_gapany_illib0p8655367_opp0p8655367_ctrypct_exclyr,backsliding_Nyr,387,42,-0.1022072853277341,0.4050808251718788,351,39,-0.04117502920304539,0.0724521463375489,0.5698268333455504,0.2178143097354177,2.1718783982258514,0.9201153299017314,23.468793412728175
6,backsliding_Nyr,Y_regelec,Regional elections,vdem_particip,instr-antiplural_w6_trt-ert_gapany_illib0p8655367_opp0p8655367_ctrypct_exclyr,backsliding_Nyr,387,42,-0.1022072853277341,0.4050808251718788,355,39,-0.07888142194376649,0.04856370191307437,0.10431442875044478,0.7242055120163283,2.123840400651132,0.7331121117112391,19.328964496486993
6,backsliding_Nyr,Y_delib,Deliberation,vdem_egal_delib,instr-antiplural_w6_trt-ert_gapany_illib0p8655367_opp0p8655367_ctrypct_exclyr,backsliding_Nyr,387,42,-0.1022072853277341,0.4050808251718788,356,39,-0.06658244296452247,0.06312343358501087,0.2915179263007266,0.0070697096530306,1.4337280729498896,0.9960656491081704,18.25517708247427
6,backsliding_Nyr,Y_eqprotec,Equal protection,vdem_egal_delib,instr-antiplural_w6_trt-ert_gapany_illib0p8655367_opp0p8655367_ctrypct_exclyr,backsliding_Nyr,387,42,-0.1022072853277341,0.4050808251718788,356,39,7.461484001080885e-4,0.0348192546444299,0.982903289190218,0.01969545637616331,0.6088637634570069,0.9741946206573516,19.43708069451877
6,backsliding_Nyr,Y_eqaccess,Equal access,vdem_egal_delib,instr-antiplural_w6_trt-ert_gapany_illib0p8655367_opp0p8655367_ctrypct_exclyr,backsliding_Nyr,387,42,-0.1022072853277341,0.4050808251718788,356,39,-0.0620479168937255,0.03745201172870782,0.09757382912618622,0.30055602158149836,1.656791174689929,0.8560469381712857,20.04167250853358
6,backsliding_Nyr,Y_eqdr,Equal distribution,vdem_egal_delib,instr-antiplural_w6_trt-ert_gapany_illib0p8655367_opp0p8655367_ctrypct_exclyr,backsliding_Nyr,387,42,-0.1022072853277341,0.4050808251718788,356,39,-0.02157306008569519,0.02932502764178913,0.4619415770977547,0.1889600652472394,0.715813590139369,0.7917957673193264,21.53941633065979
6,backsliding_union_Nyr,Y_gdp_growth,PWT,growth,instr-antiplural_w6_trt-ertOrDdcg_gapany_illib0p8655367_opp0p8655367_ctrypct_exclyr,backsliding_union_Nyr,387,45,-0.10910462825918382,0.3757694377349145,326,38,-0.13777748085658542,0.1057194116513106,0.1924937586610779,0.5366665070272968,2.019498514070997,0.7904375588699759,23.49666936342873
6,backsliding_union_Nyr,Y_gdp_growth_wb,World Bank,growth,instr-antiplural_w6_trt-ertOrDdcg_gapany_illib0p8655367_opp0p8655367_ctrypct_exclyr,backsliding_union_Nyr,387,45,-0.10910462825918382,0.3757694377349145,338,40,-0.05579560776093942,0.07027569503043724,0.4272227199604712,0.29557011969329006,1.2425291905783402,0.8119758685051071,27.05694441868878
6,backsliding_union_Nyr,Y_gdp_growth_imf,IMF WEO,growth,instr-antiplural_w6_trt-ertOrDdcg_gapany_illib0p8655367_opp0p8655367_ctrypct_exclyr,backsliding_union_Nyr,387,45,-0.10910462825918382,0.3757694377349145,224,27,-0.06994987098698646,0.05974967125675605,0.24171312096484013,-3.9613640692054553,10.616612617700858,0.7090525746818543,17.53915359203901
6,backsliding_union_Nyr,Y_inflation,"CPI, cumulative log",inflation,instr-antiplural_w6_trt-ertOrDdcg_gapany_illib0p8655367_opp0p8655367_ctrypct_exclyr,backsliding_union_Nyr,387,45,-0.10910462825918382,0.3757694377349145,303,35,-0.5651803175433925,0.4819842620843667,0.24095161147077168,2.7925265759401263,5.654125207678843,0.6213825335745311,19.983402224061464
6,backsliding_union_Nyr,Y_unemployment,Unemployment rate,unemployment,instr-antiplural_w6_trt-ertOrDdcg_gapany_illib0p8655367_opp0p8655367_ctrypct_exclyr,backsliding_union_Nyr,387,45,-0.10910462825918382,0.3757694377349145,220,34,-0.5008154819030726,1.155489700527243,0.6647077021307939,4.703604852821749,14.210170751853475,0.7406424478843138,25.209042453264445
6,backsliding_union_Nyr,Y_trade_pct_gdp,Trade / GDP,trade,instr-antiplural_w6_trt-ertOrDdcg_gapany_illib0p8655367_opp0p8655367_ctrypct_exclyr,backsliding_union_Nyr,387,45,-0.10910462825918382,0.3757694377349145,304,34,0.34684417977109927,6.372950490757983,0.956597017634182,2.1196707439945133,52.388446733054,0.9677258760066682,22.839484055634323
6,backsliding_union_Nyr,Y_top10_share,Top-10% income share,top10,instr-antiplural_w6_trt-ertOrDdcg_gapany_illib0p8655367_opp0p8655367_ctrypct_exclyr,backsliding_union_Nyr,387,45,-0.10910462825918382,0.3757694377349145,297,37,0.627796190975813,0.9779369753865816,0.5208993075371788,-3.4742778361010034,8.318665922206922,0.676204175713798,21.937466853249973
6,backsliding_union_Nyr,Y_gini_disp,Disposable,gini,instr-antiplural_w6_trt-ertOrDdcg_gapany_illib0p8655367_opp0p8655367_ctrypct_exclyr,backsliding_union_Nyr,387,45,-0.10910462825918382,0.3757694377349145,255,32,-0.084989842623313,0.7106634067402648,0.904806151664119,1.0486018320899058,6.073698858851327,0.8629294307058558,21.330336070314825
6,backsliding_union_Nyr,Y_gini_mkt,Market,gini,instr-antiplural_w6_trt-ertOrDdcg_gapany_illib0p8655367_opp0p8655367_ctrypct_exclyr,backsliding_union_Nyr,387,45,-0.10910462825918382,0.3757694377349145,255,32,0.00752316524770219,0.6857154917049105,0.9912463739653428,0.7677804566808013,5.345679782594124,0.8857955348665166,21.89699455709468
6,backsliding_union_Nyr,Y_debt,Debt / GDP,fiscal,instr-antiplural_w6_trt-ertOrDdcg_gapany_illib0p8655367_opp0p8655367_ctrypct_exclyr,backsliding_union_Nyr,387,45,-0.10910462825918382,0.3757694377349145,326,37,-10.64579847071028,8.802117502320394,0.22648663036869932,17.13437829558179,90.23152303101162,0.849392598405641,22.76244063033966
6,backsliding_union_Nyr,Y_deficit,Deficit / GDP,fiscal,instr-antiplural_w6_trt-ertOrDdcg_gapany_illib0p8655367_opp0p8655367_ctrypct_exclyr,backsliding_union_Nyr,387,45,-0.10910462825918382,0.3757694377349145,268,36,-0.348844678979114,2.6956894036094914,0.8970345522986607,1.7937942821833852,22.461299119595616,0.9363473665384536,22.68836762765616
6,backsliding_union_Nyr,Y_checks_balances,Checks & balances,institutions,instr-antiplural_w6_trt-ertOrDdcg_gapany_illib0p8655367_opp0p8655367_ctrypct_exclyr,backsliding_union_Nyr,387,45,-0.10910462825918382,0.3757694377349145,343,41,-0.03821478792311882,0.05772162188329268,0.507937089224594,0.3241020958311909,0.8213936256512117,0.6931559322521168,18.98846478916526
6,backsliding_union_Nyr,Y_jucon,Judicial constraints,institutions,instr-antiplural_w6_trt-ertOrDdcg_gapany_illib0p8655367_opp0p8655367_ctrypct_exclyr,backsliding_union_Nyr,387,45,-0.10910462825918382,0.3757694377349145,356,42,-0.03238220293663865,0.04228588786939874,0.4437999583625259,-0.14108069567156464,0.6175477105209858,0.8192940042664465,17.07797530504454
6,backsliding_union_Nyr,Y_legcon,Legislative constraints,institutions,instr-antiplural_w6_trt-ertOrDdcg_gapany_illib0p8655367_opp0p8655367_ctrypct_exclyr,backsliding_union_Nyr,387,45,-0.10910462825918382,0.3757694377349145,343,41,-0.10059727442663964,0.08942119514646693,0.26059647487178506,0.8239535543929674,1.6300248755129456,0.6132180459657184,18.984479707513714
6,backsliding_union_Nyr,Y_hos_power,HOS,exec_power,instr-antiplural_w6_trt-ertOrDdcg_gapany_illib0p8655367_opp0p8655367_ctrypct_exclyr,backsliding_union_Nyr,387,45,-0.10910462825918382,0.3757694377349145,356,42,0.00591164453195842,0.02711009648897537,0.8273818773486507,-0.01375688566150436,0.47794480410054246,0.977037324945409,17.87511557641763
6,backsliding_union_Nyr,Y_hog_power,HOG,exec_power,instr-antiplural_w6_trt-ertOrDdcg_gapany_illib0p8655367_opp0p8655367_ctrypct_exclyr,backsliding_union_Nyr,387,45,-0.10910462825918382,0.3757694377349145,158,28,0.04437743855107831,0.02989933562191925,0.13774837796717695,-0.12633004859306235,0.2642011678936605,0.6325373585413616,18.13128759097995
6,backsliding_union_Nyr,Y_hos_power_vdem,HOS (v2ex_hosw),exec_power_alt,instr-antiplural_w6_trt-ertOrDdcg_gapany_illib0p8655367_opp0p8655367_ctrypct_exclyr,backsliding_union_Nyr,387,45,-0.10910462825918382,0.3757694377349145,356,42,-0.01450608381875879,0.00819708495651971,0.07678317784904068,0.1258457712892319,0.09754718466841315,0.19701541193399608,13.129602408424931
6,backsliding_union_Nyr,Y_hog_power_vdem,HOG (v2ex_hogw),exec_power_alt,instr-antiplural_w6_trt-ertOrDdcg_gapany_illib0p8655367_opp0p8655367_ctrypct_exclyr,backsliding_union_Nyr,387,45,-0.10910462825918382,0.3757694377349145,356,42,0.02238426096384045,0.01304465306370939,0.08616714546783517,-0.19394127381307824,0.17780522498706902,0.2753823468273359,13.705311315935113
6,backsliding_union_Nyr,Y_polyarchy,Electoral (polyarchy),vdem_high,instr-antiplural_w6_trt-ertOrDdcg_gapany_illib0p8655367_opp0p8655367_ctrypct_exclyr,backsliding_union_Nyr,387,45,-0.10910462825918382,0.3757694377349145,356,42,-0.07891055453909225,0.04425854748107257,0.07459526198989903,0.25995792819270047,1.7876668372990758,0.8843812989201784,19.02572016656544
6,backsliding_union_Nyr,Y_libdem,Liberal,vdem_high,instr-antiplural_w6_trt-ertOrDdcg_gapany_illib0p8655367_opp0p8655367_ctrypct_exclyr,backsliding_union_Nyr,387,45,-0.10910462825918382,0.3757694377349145,356,42,-0.05912564248455648,0.0393589740877389,0.1330415841282157,0.1778469776475276,1.302066094737269,0.8913562352182496,18.72755164103093
6,backsliding_union_Nyr,Y_partipdem,Participatory,vdem_high,instr-antiplural_w6_trt-ertOrDdcg_gapany_illib0p8655367_opp0p8655367_ctrypct_exclyr,backsliding_union_Nyr,387,45,-0.10910462825918382,0.3757694377349145,355,42,-0.04224990750645817,0.0294364505426537,0.15120385294110905,0.06414863486792516,0.8870107541386255,0.9423472333044234,18.85321906821453
6,backsliding_union_Nyr,Y_delibdem,Deliberative,vdem_high,instr-antiplural_w6_trt-ertOrDdcg_gapany_illib0p8655367_opp0p8655367_ctrypct_exclyr,backsliding_union_Nyr,387,45,-0.10910462825918382,0.3757694377349145,356,42,-0.05441543825027881,0.04726338390730272,0.2495992278508645,0.0155626087076055,1.072767868344445,0.9884255205088394,18.338288147757336
6,backsliding_union_Nyr,Y_egaldem,Egalitarian,vdem_high,instr-antiplural_w6_trt-ertOrDdcg_gapany_illib0p8655367_opp0p8655367_ctrypct_exclyr,backsliding_union_Nyr,387,45,-0.10910462825918382,0.3757694377349145,356,42,-0.04284999049861421,0.02952205653329213,0.14665269575178844,0.1404825022021602,0.9276866736996788,0.8796340521273007,19.10824985969516
6,backsliding_union_Nyr,Y_elecoff,Elected officials,vdem_electoral,instr-antiplural_w6_trt-ertOrDdcg_gapany_illib0p8655367_opp0p8655367_ctrypct_exclyr,backsliding_union_Nyr,387,45,-0.10910462825918382,0.3757694377349145,356,42,-0.16106532648033592,0.10798458524593645,0.135814923246713,0.6182238828341757,4.378898880950683,0.8877257720910445,19.790464662899325
6,backsliding_union_Nyr,Y_frefair,Clean elections,vdem_electoral,instr-antiplural_w6_trt-ertOrDdcg_gapany_illib0p8655367_opp0p8655367_ctrypct_exclyr,backsliding_union_Nyr,387,45,-0.10910462825918382,0.3757694377349145,356,42,-0.1194103224767901,0.05974311946029921,0.04563765256737148,0.3625399564150093,2.641737265563737,0.890844704703647,19.106417454266392
6,backsliding_union_Nyr,Y_frassoc,Association,vdem_electoral,instr-antiplural_w6_trt-ertOrDdcg_gapany_illib0p8655367_opp0p8655367_ctrypct_exclyr,backsliding_union_Nyr,387,45,-0.10910462825918382,0.3757694377349145,356,42,-0.09144424458613874,0.04956692755152329,0.0650573118628614,0.5430269964982294,2.427277807376211,0.8229763350006039,19.67393548345052
6,backsliding_union_Nyr,Y_suffr,Suffrage,vdem_electoral,instr-antiplural_w6_trt-ertOrDdcg_gapany_illib0p8655367_opp0p8655367_ctrypct_exclyr,backsliding_union_Nyr,387,45,-0.10910462825918382,0.3757694377349145,356,42,-0.0030232897427889,0.00162263426320203,0.06243434233381437,0.02607847873673822,0.03237718790537383,0.42055518920462887,10.074859288439642
6,backsliding_union_Nyr,Y_freexp,Expression & alt. info,vdem_electoral,instr-antiplural_w6_trt-ertOrDdcg_gapany_illib0p8655367_opp0p8655367_ctrypct_exclyr,backsliding_union_Nyr,387,45,-0.10910462825918382,0.3757694377349145,356,42,-0.07690894931527832,0.0473673213682096,0.10444602875818423,0.24533777264814063,1.8045789522602589,0.8918585020087441,18.86877702750369
6,backsliding_union_Nyr,Y_cl_rol,Rule of law,vdem_liberal,instr-antiplural_w6_trt-ertOrDdcg_gapany_illib0p8655367_opp0p8655367_ctrypct_exclyr,backsliding_union_Nyr,387,45,-0.10910462825918382,0.3757694377349145,356,42,-0.08294852117415412,0.03656187561656388,0.02328558704481138,0.4436754108034883,1.9664900888359031,0.8214985991780901,19.337340341236732
6,backsliding_union_Nyr,Y_cspart,Civil society,vdem_particip,instr-antiplural_w6_trt-ertOrDdcg_gapany_illib0p8655367_opp0p8655367_ctrypct_exclyr,backsliding_union_Nyr,387,45,-0.10910462825918382,0.3757694377349145,356,42,-0.05099500200273907,0.04595457121513782,0.2671356927075106,0.1268105274487205,1.120259974554945,0.9098740491314682,18.24196584453869
6,backsliding_union_Nyr,Y_dd,Direct democracy,vdem_particip,instr-antiplural_w6_trt-ertOrDdcg_gapany_illib0p8655367_opp0p8655367_ctrypct_exclyr,backsliding_union_Nyr,387,45,-0.10910462825918382,0.3757694377349145,356,42,0.04274869679240296,0.04104350466109292,0.29762223056770126,-0.2855198922693965,0.8564264918832045,0.7388435555247646,25.125761856961745
6,backsliding_union_Nyr,Y_locelec,Local elections,vdem_particip,instr-antiplural_w6_trt-ertOrDdcg_gapany_illib0p8655367_opp0p8655367_ctrypct_exclyr,backsliding_union_Nyr,387,45,-0.10910462825918382,0.3757694377349145,351,42,-0.04117502920304539,0.0724521463375489,0.5698268333455504,0.2466937075525094,1.977350912974256,0.9007137924451043,24.747869725394047
6,backsliding_union_Nyr,Y_regelec,Regional elections,vdem_particip,instr-antiplural_w6_trt-ertOrDdcg_gapany_illib0p8655367_opp0p8655367_ctrypct_exclyr,backsliding_union_Nyr,387,45,-0.10910462825918382,0.3757694377349145,355,42,-0.07888142194376649,0.04856370191307437,0.10431442875044478,0.746762890416724,2.1361257824325075,0.7266482867914384,19.40438588684165
6,backsliding_union_Nyr,Y_delib,Deliberation,vdem_egal_delib,instr-antiplural_w6_trt-ertOrDdcg_gapany_illib0p8655367_opp0p8655367_ctrypct_exclyr,backsliding_union_Nyr,387,45,-0.10910462825918382,0.3757694377349145,356,42,-0.06658244296452247,0.06312343358501087,0.2915179263007266,0.02315855204805467,1.422880375049631,0.9870143438047664,18.202517808293337
6,backsliding_union_Nyr,Y_eqprotec,Equal protection,vdem_egal_delib,instr-antiplural_w6_trt-ertOrDdcg_gapany_illib0p8655367_opp0p8655367_ctrypct_exclyr,backsliding_union_Nyr,387,45,-0.10910462825918382,0.3757694377349145,356,42,7.461484001080885e-4,0.0348192546444299,0.982903289190218,0.0188522333506871,0.6090580962487622,0.975306946187852,19.4986904462279
6,backsliding_union_Nyr,Y_eqaccess,Equal access,vdem_egal_delib,instr-antiplural_w6_trt-ertOrDdcg_gapany_illib0p8655367_opp0p8655367_ctrypct_exclyr,backsliding_union_Nyr,387,45,-0.10910462825918382,0.3757694377349145,356,42,-0.0620479168937255,0.03745201172870782,0.09757382912618622,0.31511018166912935,1.6274084395096469,0.8464679708446515,20.03826441112535
6,backsliding_union_Nyr,Y_eqdr,Equal distribution,vdem_egal_delib,instr-antiplural_w6_trt-ertOrDdcg_gapany_illib0p8655367_opp0p8655367_ctrypct_exclyr,backsliding_union_Nyr,387,45,-0.10910462825918382,0.3757694377349145,356,42,-0.02157306008569519,0.02932502764178913,0.4619415770977547,0.1818357854665571,0.6511720127058521,0.780057687415627,21.386231599582832
6,polyarchy_decline,Y_gdp_growth,PWT,growth,instr-antiplural_w6_trt-polyarchy_gapany_illib0p8655367_opp0p8655367_ctrypct_exclyr,polyarchy_decline,356,142,0.07891055453909225,0.07459526198989903,326,123,-0.13777748085658542,0.1057194116513106,0.1924937586610779,-1.1552097837413409,1.344920703232906,0.39037214471871007,23.552099246578084
6,polyarchy_decline,Y_gdp_growth_wb,World Bank,growth,instr-antiplural_w6_trt-polyarchy_gapany_illib0p8655367_opp0p8655367_ctrypct_exclyr,polyarchy_decline,356,142,0.07891055453909225,0.07459526198989903,338,132,-0.05579560776093942,0.07027569503043724,0.4272227199604712,-0.5256857720272996,0.8410509551369021,0.5319484863950769,27.915896716634546
6,polyarchy_decline,Y_gdp_growth_imf,IMF WEO,growth,instr-antiplural_w6_trt-polyarchy_gapany_illib0p8655367_opp0p8655367_ctrypct_exclyr,polyarchy_decline,356,142,0.07891055453909225,0.07459526198989903,224,89,-0.06994987098698646,0.05974967125675605,0.24171312096484013,-1.289921333348811,1.3323760271767324,0.33297640181124244,25.88598920874293
6,polyarchy_decline,Y_inflation,"CPI, cumulative log",inflation,instr-antiplural_w6_trt-polyarchy_gapany_illib0p8655367_opp0p8655367_ctrypct_exclyr,polyarchy_decline,356,142,0.07891055453909225,0.07459526198989903,303,123,-0.5651803175433925,0.4819842620843667,0.24095161147077168,-8.793090731234514,9.544491522888949,0.3569074549219951,18.750438526852765
6,polyarchy_decline,Y_unemployment,Unemployment rate,unemployment,instr-antiplural_w6_trt-polyarchy_gapany_illib0p8655367_opp0p8655367_ctrypct_exclyr,polyarchy_decline,356,142,0.07891055453909225,0.07459526198989903,220,116,-0.5008154819030726,1.155489700527243,0.6647077021307939,-23.417826963068972,48.97863505947329,0.6325624443460884,23.46398259488112
6,polyarchy_decline,Y_trade_pct_gdp,Trade / GDP,trade,instr-antiplural_w6_trt-polyarchy_gapany_illib0p8655367_opp0p8655367_ctrypct_exclyr,polyarchy_decline,356,142,0.07891055453909225,0.07459526198989903,304,121,0.34684417977109927,6.372950490757983,0.956597017634182,6.019483516463403,107.63272973564912,0.9554006437102556,29.190367260356663
6,polyarchy_decline,Y_top10_share,Top-10% income share,top10,instr-antiplural_w6_trt-polyarchy_gapany_illib0p8655367_opp0p8655367_ctrypct_exclyr,polyarchy_decline,356,142,0.07891055453909225,0.07459526198989903,297,118,0.627796190975813,0.9779369753865816,0.5208993075371788,9.479055973403389,14.02213912983056,0.49903657352387926,22.632845486234977
6,polyarchy_decline,Y_gini_disp,Disposable,gini,instr-antiplural_w6_trt-polyarchy_gapany_illib0p8655367_opp0p8655367_ctrypct_exclyr,polyarchy_decline,356,142,0.07891055453909225,0.07459526198989903,255,99,-0.084989842623313,0.7106634067402648,0.904806151664119,-2.0904880005402124,12.4033780380347,0.866157040771287,27.99506640892304
6,polyarchy_decline,Y_gini_mkt,Market,gini,instr-antiplural_w6_trt-polyarchy_gapany_illib0p8655367_opp0p8655367_ctrypct_exclyr,polyarchy_decline,356,142,0.07891055453909225,0.07459526198989903,255,99,0.00752316524770219,0.6857154917049105,0.9912463739653428,-0.49020331877595913,14.513220257427664,0.9730555109872222,21.125392825601185
6,polyarchy_decline,Y_debt,Debt / GDP,fiscal,instr-antiplural_w6_trt-polyarchy_gapany_illib0p8655367_opp0p8655367_ctrypct_exclyr,polyarchy_decline,356,142,0.07891055453909225,0.07459526198989903,326,131,-10.64579847071028,8.802117502320394,0.22648663036869932,-249.137342530096,232.60838078260176,0.2841428190623858,17.83350455633743
6,polyarchy_decline,Y_deficit,Deficit / GDP,fiscal,instr-antiplural_w6_trt-polyarchy_gapany_illib0p8655367_opp0p8655367_ctrypct_exclyr,polyarchy_decline,356,142,0.07891055453909225,0.07459526198989903,268,111,-0.348844678979114,2.6956894036094914,0.8970345522986607,8.99221014052511,37.33092968549368,0.8096494564579111,21.83831968484971
6,polyarchy_decline,Y_checks_balances,Checks & balances,institutions,instr-antiplural_w6_trt-polyarchy_gapany_illib0p8655367_opp0p8655367_ctrypct_exclyr,polyarchy_decline,356,142,0.07891055453909225,0.07459526198989903,343,140,-0.03821478792311882,0.05772162188329268,0.507937089224594,-1.2362245712140734,1.1709297876574332,0.2910764181549294,20.121432015353307
6,polyarchy_decline,Y_jucon,Judicial constraints,institutions,instr-antiplural_w6_trt-polyarchy_gapany_illib0p8655367_opp0p8655367_ctrypct_exclyr,polyarchy_decline,356,142,0.07891055453909225,0.07459526198989903,356,142,-0.03238220293663865,0.04228588786939874,0.4437999583625259,-0.1421687930874806,0.7098191170533696,0.8412547501259396,19.554487080232796
6,polyarchy_decline,Y_legcon,Legislative constraints,institutions,instr-antiplural_w6_trt-polyarchy_gapany_illib0p8655367_opp0p8655367_ctrypct_exclyr,polyarchy_decline,356,142,0.07891055453909225,0.07459526198989903,343,140,-0.10059727442663964,0.08942119514646693,0.26059647487178506,-2.322579164010015,1.901569964513964,0.22193428692030467,22.339195050927778
6,polyarchy_decline,Y_hos_power,HOS,exec_power,instr-antiplural_w6_trt-polyarchy_gapany_illib0p8655367_opp0p8655367_ctrypct_exclyr,polyarchy_decline,356,142,0.07891055453909225,0.07459526198989903,356,142,0.00591164453195842,0.02711009648897537,0.8273818773486507,0.06036126996832058,0.3202131497409898,0.8504820443175614,23.514117106416837
6,polyarchy_decline,Y_hog_power,HOG,exec_power,instr-antiplural_w6_trt-polyarchy_gapany_illib0p8655367_opp0p8655367_ctrypct_exclyr,polyarchy_decline,356,142,0.07891055453909225,0.07459526198989903,158,64,0.04437743855107831,0.02989933562191925,0.13774837796717695,0.36743313633393426,0.3095836554796654,0.235281982124961,18.61598780587232
6,polyarchy_decline,Y_hos_power_vdem,HOS (v2ex_hosw),exec_power_alt,instr-antiplural_w6_trt-polyarchy_gapany_illib0p8655367_opp0p8655367_ctrypct_exclyr,polyarchy_decline,356,142,0.07891055453909225,0.07459526198989903,356,142,-0.01450608381875879,0.00819708495651971,0.07678317784904068,-0.49510299555568926,0.4827089501887089,0.30504432054742464,17.109685111145676
6,polyarchy_decline,Y_hog_power_vdem,HOG (v2ex_hogw),exec_power_alt,instr-antiplural_w6_trt-polyarchy_gapany_illib0p8655367_opp0p8655367_ctrypct_exclyr,polyarchy_decline,356,142,0.07891055453909225,0.07459526198989903,356,142,0.02238426096384045,0.01304465306370939,0.08616714546783517,0.6839160752806615,0.6041958200319246,0.25765781024658724,16.594789108190344
6,polyarchy_decline,Y_polyarchy,Electoral (polyarchy),vdem_high,instr-antiplural_w6_trt-polyarchy_gapany_illib0p8655367_opp0p8655367_ctrypct_exclyr,polyarchy_decline,356,142,0.07891055453909225,0.07459526198989903,356,142,-0.07891055453909225,0.04425854748107257,0.07459526198989903,-1,8.590414706291534e-17,0,25.10236468923899
6,polyarchy_decline,Y_libdem,Liberal,vdem_high,instr-antiplural_w6_trt-polyarchy_gapany_illib0p8655367_opp0p8655367_ctrypct_exclyr,polyarchy_decline,356,142,0.07891055453909225,0.07459526198989903,356,142,-0.05912564248455648,0.0393589740877389,0.1330415841282157,-0.7985293943361418,0.2052501892174271,1.0003078004869888e-4,21.7978986349928
6,polyarchy_decline,Y_partipdem,Participatory,vdem_high,instr-antiplural_w6_trt-polyarchy_gapany_illib0p8655367_opp0p8655367_ctrypct_exclyr,polyarchy_decline,356,142,0.07891055453909225,0.07459526198989903,355,142,-0.04224990750645817,0.0294364505426537,0.15120385294110905,-0.534050338827589,0.18438064508827237,0.00377404129050862,28.30383552706061
6,polyarchy_decline,Y_delibdem,Deliberative,vdem_high,instr-antiplural_w6_trt-polyarchy_gapany_illib0p8655367_opp0p8655367_ctrypct_exclyr,polyarchy_decline,356,142,0.07891055453909225,0.07459526198989903,356,142,-0.05441543825027881,0.04726338390730272,0.2495992278508645,-0.5158572634727505,0.5110899646753665,0.3128174951775624,19.78970667986043
6,polyarchy_decline,Y_egaldem,Egalitarian,vdem_high,instr-antiplural_w6_trt-polyarchy_gapany_illib0p8655367_opp0p8655367_ctrypct_exclyr,polyarchy_decline,356,142,0.07891055453909225,0.07459526198989903,356,142,-0.04284999049861421,0.02952205653329213,0.14665269575178844,-0.5282896453540471,0.16867502621026553,0.00173621757037657,25.839001126620545
6,polyarchy_decline,Y_elecoff,Elected officials,vdem_electoral,instr-antiplural_w6_trt-polyarchy_gapany_illib0p8655367_opp0p8655367_ctrypct_exclyr,polyarchy_decline,356,142,0.07891055453909225,0.07459526198989903,356,142,-0.16106532648033592,0.10798458524593645,0.135814923246713,-1.96613807149579,1.134223852809476,0.0830129403716329,23.139594056173554
6,polyarchy_decline,Y_frefair,Clean elections,vdem_electoral,instr-antiplural_w6_trt-polyarchy_gapany_illib0p8655367_opp0p8655367_ctrypct_exclyr,polyarchy_decline,356,142,0.07891055453909225,0.07459526198989903,356,142,-0.1194103224767901,0.05974311946029921,0.04563765256737148,-1.4338841307417594,0.29128675862110626,8.540799497727391e-7,25.65517859741036
6,polyarchy_decline,Y_frassoc,Association,vdem_electoral,instr-antiplural_w6_trt-polyarchy_gapany_illib0p8655367_opp0p8655367_ctrypct_exclyr,polyarchy_decline,356,142,0.07891055453909225,0.07459526198989903,356,142,-0.09144424458613874,0.04956692755152329,0.0650573118628614,-1.3268241633967832,0.4878398635216043,0.00653225038866168,20.540477538801596
6,polyarchy_decline,Y_suffr,Suffrage,vdem_electoral,instr-antiplural_w6_trt-polyarchy_gapany_illib0p8655367_opp0p8655367_ctrypct_exclyr,polyarchy_decline,356,142,0.07891055453909225,0.07459526198989903,356,142,-0.0030232897427889,0.00162263426320203,0.06243434233381437,0.02463164345730443,0.05814468286097452,0.6718380381741322,25.687770095804233
6,polyarchy_decline,Y_freexp,Expression & alt. info,vdem_electoral,instr-antiplural_w6_trt-polyarchy_gapany_illib0p8655367_opp0p8655367_ctrypct_exclyr,polyarchy_decline,356,142,0.07891055453909225,0.07459526198989903,356,142,-0.07690894931527832,0.0473673213682096,0.10444602875818423,-1.0104839951851867,0.4172585454776915,0.01544718343256188,22.12038576723429
6,polyarchy_decline,Y_cl_rol,Rule of law,vdem_liberal,instr-antiplural_w6_trt-polyarchy_gapany_illib0p8655367_opp0p8655367_ctrypct_exclyr,polyarchy_decline,356,142,0.07891055453909225,0.07459526198989903,356,142,-0.08294852117415412,0.03656187561656388,0.02328558704481138,-1.1451265009418286,0.5016270944840189,0.02244072231317837,21.755101665372244
6,polyarchy_decline,Y_cspart,Civil society,vdem_particip,instr-antiplural_w6_trt-polyarchy_gapany_illib0p8655367_opp0p8655367_ctrypct_exclyr,polyarchy_decline,356,142,0.07891055453909225,0.07459526198989903,356,142,-0.05099500200273907,0.04595457121513782,0.2671356927075106,-0.6868990286218624,0.4454563720486955,0.12307070077586128,28.211451596236387
6,polyarchy_decline,Y_dd,Direct democracy,vdem_particip,instr-antiplural_w6_trt-polyarchy_gapany_illib0p8655367_opp0p8655367_ctrypct_exclyr,polyarchy_decline,356,142,0.07891055453909225,0.07459526198989903,356,142,0.04274869679240296,0.04104350466109292,0.29762223056770126,0.6200180954312776,0.7461927358424866,0.4060251635439482,22.05229024858923
6,polyarchy_decline,Y_locelec,Local elections,vdem_particip,instr-antiplural_w6_trt-polyarchy_gapany_illib0p8655367_opp0p8655367_ctrypct_exclyr,polyarchy_decline,356,142,0.07891055453909225,0.07459526198989903,351,140,-0.04117502920304539,0.0724521463375489,0.5698268333455504,-0.7477782508559397,1.132906234325095,0.5092197661665125,21.35088567106747
6,polyarchy_decline,Y_regelec,Regional elections,vdem_particip,instr-antiplural_w6_trt-polyarchy_gapany_illib0p8655367_opp0p8655367_ctrypct_exclyr,polyarchy_decline,356,142,0.07891055453909225,0.07459526198989903,355,142,-0.07888142194376649,0.04856370191307437,0.10431442875044478,-0.9381783798315376,0.7867424440746906,0.23307122032907537,26.657211064390268
6,polyarchy_decline,Y_delib,Deliberation,vdem_egal_delib,instr-antiplural_w6_trt-polyarchy_gapany_illib0p8655367_opp0p8655367_ctrypct_exclyr,polyarchy_decline,356,142,0.07891055453909225,0.07459526198989903,356,142,-0.06658244296452247,0.06312343358501087,0.2915179263007266,-0.5169716154189535,0.9849411255297716,0.599669636344045,18.21494853406171
6,polyarchy_decline,Y_eqprotec,Equal protection,vdem_egal_delib,instr-antiplural_w6_trt-polyarchy_gapany_illib0p8655367_opp0p8655367_ctrypct_exclyr,polyarchy_decline,356,142,0.07891055453909225,0.07459526198989903,356,142,7.461484001080885e-4,0.0348192546444299,0.982903289190218,-0.00588392360324861,0.4831983958189669,0.9902843721718468,30.043686887577024
6,polyarchy_decline,Y_eqaccess,Equal access,vdem_egal_delib,instr-antiplural_w6_trt-polyarchy_gapany_illib0p8655367_opp0p8655367_ctrypct_exclyr,polyarchy_decline,356,142,0.07891055453909225,0.07459526198989903,356,142,-0.0620479168937255,0.03745201172870782,0.09757382912618622,-0.7853416084561353,0.4703335051956729,0.0949678947734441,24.146526637565767
6,polyarchy_decline,Y_eqdr,Equal distribution,vdem_egal_delib,instr-antiplural_w6_trt-polyarchy_gapany_illib0p8655367_opp0p8655367_ctrypct_exclyr,polyarchy_decline,356,142,0.07891055453909225,0.07459526198989903,356,142,-0.02157306008569519,0.02932502764178913,0.4619415770977547,-0.34985410083490237,0.4615163582444939,0.4484189422745485,20.45270865261391
7,backsliding_Nyr,Y_gdp_growth,PWT,growth,instr-antiplural_w7_trt-ert_gapany_illib0p8655367_opp0p8655367_ctrypct_exclyr,backsliding_Nyr,387,43,-0.10630060334118384,0.3727210524241191,315,34,-0.10956995370727862,0.09886211215993695,0.2677275818736449,0.41590125852940774,2.8402014131363265,0.8835790094775795,22.237358884890593
7,backsliding_Nyr,Y_gdp_growth_wb,World Bank,growth,instr-antiplural_w7_trt-ert_gapany_illib0p8655367_opp0p8655367_ctrypct_exclyr,backsliding_Nyr,387,43,-0.10630060334118384,0.3727210524241191,329,36,-0.05847483501965617,0.06944288133861155,0.3997562849895082,0.22809995698238003,1.1311165654642152,0.8401832333006537,25.41043035060234
7,backsliding_Nyr,Y_gdp_growth_imf,IMF WEO,growth,instr-antiplural_w7_trt-ert_gapany_illib0p8655367_opp0p8655367_ctrypct_exclyr,backsliding_Nyr,387,43,-0.10630060334118384,0.3727210524241191,216,24,-0.10862718654803692,0.06599903958674702,0.09978632302413527,-5886.7965036398255,20508.794665176894,0.7740834817005497,17.62101455496729
7,backsliding_Nyr,Y_inflation,"CPI, cumulative log",inflation,instr-antiplural_w7_trt-ert_gapany_illib0p8655367_opp0p8655367_ctrypct_exclyr,backsliding_Nyr,387,43,-0.10630060334118384,0.3727210524241191,293,32,-0.6062915848276517,0.5261693705973733,0.24920826368984272,1.8208641643575971,4.181268642731953,0.6632131338737444,17.951372444694695
7,backsliding_Nyr,Y_unemployment,Unemployment rate,unemployment,instr-antiplural_w7_trt-ert_gapany_illib0p8655367_opp0p8655367_ctrypct_exclyr,backsliding_Nyr,387,43,-0.10630060334118384,0.3727210524241191,209,34,-0.8653597334698895,1.4220792314790485,0.5428444732172566,7.567941461112593,9.728220768141778,0.4366062403482796,16.21899242882065
7,backsliding_Nyr,Y_trade_pct_gdp,Trade / GDP,trade,instr-antiplural_w7_trt-ert_gapany_illib0p8655367_opp0p8655367_ctrypct_exclyr,backsliding_Nyr,387,43,-0.10630060334118384,0.3727210524241191,295,29,1.04167403110079,7.527072356401955,0.8899319386288894,4.338920877118724,66.91350577369218,0.9482984282406788,23.60971580878666
7,backsliding_Nyr,Y_top10_share,Top-10% income share,top10,instr-antiplural_w7_trt-ert_gapany_illib0p8655367_opp0p8655367_ctrypct_exclyr,backsliding_Nyr,387,43,-0.10630060334118384,0.3727210524241191,287,33,0.89727124341253,1.0523453753990792,0.3938592461167512,-3.9117339232490576,8.05270320985513,0.627132687217344,21.793086481700986
7,backsliding_Nyr,Y_gini_disp,Disposable,gini,instr-antiplural_w7_trt-ert_gapany_illib0p8655367_opp0p8655367_ctrypct_exclyr,backsliding_Nyr,387,43,-0.10630060334118384,0.3727210524241191,244,28,-0.31717242903202847,0.8320426374145126,0.7030568326709893,2.0698564151671106,6.195986096849718,0.7383312020694155,19.565592619900123
7,backsliding_Nyr,Y_gini_mkt,Market,gini,instr-antiplural_w7_trt-ert_gapany_illib0p8655367_opp0p8655367_ctrypct_exclyr,backsliding_Nyr,387,43,-0.10630060334118384,0.3727210524241191,244,28,0.02725474305022046,0.7416900389324124,0.9706868847252582,1.015986693420738,5.551058099726226,0.8547777971347096,20.49193886333588
7,backsliding_Nyr,Y_debt,Debt / GDP,fiscal,instr-antiplural_w7_trt-ert_gapany_illib0p8655367_opp0p8655367_ctrypct_exclyr,backsliding_Nyr,387,43,-0.10630060334118384,0.3727210524241191,316,33,-10.948712387468252,9.79945301506968,0.26387551732588815,63.359086451673214,94.19111304213229,0.5011602945014609,19.30929165594394
7,backsliding_Nyr,Y_deficit,Deficit / GDP,fiscal,instr-antiplural_w7_trt-ert_gapany_illib0p8655367_opp0p8655367_ctrypct_exclyr,backsliding_Nyr,387,43,-0.10630060334118384,0.3727210524241191,259,33,-0.1286005522488568,3.509869587795921,0.9707722924918938,2.0605808636376697,28.09681820932765,0.941536688724274,24.705342769033788
7,backsliding_Nyr,Y_checks_balances,Checks & balances,institutions,instr-antiplural_w7_trt-ert_gapany_illib0p8655367_opp0p8655367_ctrypct_exclyr,backsliding_Nyr,387,43,-0.10630060334118384,0.3727210524241191,330,38,-0.05347843616102119,0.06070011497365835,0.37830324235131785,0.2653945327518286,0.5548110211851968,0.632400241390827,18.26380123177328
7,backsliding_Nyr,Y_jucon,Judicial constraints,institutions,instr-antiplural_w7_trt-ert_gapany_illib0p8655367_opp0p8655367_ctrypct_exclyr,backsliding_Nyr,387,43,-0.10630060334118384,0.3727210524241191,344,39,-0.02985468042113782,0.04753495654345491,0.5299663494768698,0.0088624993830664,0.4652472285445732,0.9848020076940784,16.033805750045083
7,backsliding_Nyr,Y_legcon,Legislative constraints,institutions,instr-antiplural_w7_trt-ert_gapany_illib0p8655367_opp0p8655367_ctrypct_exclyr,backsliding_Nyr,387,43,-0.10630060334118384,0.3727210524241191,330,38,-0.1194060949250952,0.09237482899444764,0.1961404830872537,0.6134576409870178,0.9603488669010124,0.5229620014401262,18.17985294931898
7,backsliding_Nyr,Y_hos_power,HOS,exec_power,instr-antiplural_w7_trt-ert_gapany_illib0p8655367_opp0p8655367_ctrypct_exclyr,backsliding_Nyr,387,43,-0.10630060334118384,0.3727210524241191,344,39,0.00551477819402362,0.02873294925157827,0.8477953135053266,0.01345901611577631,0.27427598497577504,0.9608626582506934,17.20802046592362
7,backsliding_Nyr,Y_hog_power,HOG,exec_power,instr-antiplural_w7_trt-ert_gapany_illib0p8655367_opp0p8655367_ctrypct_exclyr,backsliding_Nyr,387,43,-0.10630060334118384,0.3727210524241191,150,25,0.0717761882474594,0.02642457191675546,0.00660226826959883,-0.13665229558716346,0.16117130920970502,0.39651045086777326,15.343875773387428
7,backsliding_Nyr,Y_hos_power_vdem,HOS (v2ex_hosw),exec_power_alt,instr-antiplural_w7_trt-ert_gapany_illib0p8655367_opp0p8655367_ctrypct_exclyr,backsliding_Nyr,387,43,-0.10630060334118384,0.3727210524241191,344,39,-0.01139884467275396,0.01602348321868862,0.47684650108210985,0.11780998827095536,0.1355179782989559,0.3846660766280472,15.72664783132899
7,backsliding_Nyr,Y_hog_power_vdem,HOG (v2ex_hogw),exec_power_alt,instr-antiplural_w7_trt-ert_gapany_illib0p8655367_opp0p8655367_ctrypct_exclyr,backsliding_Nyr,387,43,-0.10630060334118384,0.3727210524241191,344,39,0.02000137207951695,0.01786252606218675,0.26282488090017736,-0.15404003817045975,0.1473040461127751,0.29568640374280536,15.042266962722572
7,backsliding_Nyr,Y_polyarchy,Electoral (polyarchy),vdem_high,instr-antiplural_w7_trt-ert_gapany_illib0p8655367_opp0p8655367_ctrypct_exclyr,backsliding_Nyr,387,43,-0.10630060334118384,0.3727210524241191,344,39,-0.07108506085754346,0.04849700266859967,0.14271315233956464,0.13925310591470613,0.7705760028891587,0.8565928494758765,18.529962341457537
7,backsliding_Nyr,Y_libdem,Liberal,vdem_high,instr-antiplural_w7_trt-ert_gapany_illib0p8655367_opp0p8655367_ctrypct_exclyr,backsliding_Nyr,387,43,-0.10630060334118384,0.3727210524241191,344,39,-0.06111603307172234,0.04160255116062665,0.14182049735997904,0.11460393423590176,0.6047105442653531,0.8496863286866555,17.357116023891678
7,backsliding_Nyr,Y_partipdem,Participatory,vdem_high,instr-antiplural_w7_trt-ert_gapany_illib0p8655367_opp0p8655367_ctrypct_exclyr,backsliding_Nyr,387,43,-0.10630060334118384,0.3727210524241191,343,39,-0.04212045681727022,0.03322900313242995,0.20494757977754216,0.03741246125769695,0.4592012295419041,0.9350658665255848,18.561627868646895
7,backsliding_Nyr,Y_delibdem,Deliberative,vdem_high,instr-antiplural_w7_trt-ert_gapany_illib0p8655367_opp0p8655367_ctrypct_exclyr,backsliding_Nyr,387,43,-0.10630060334118384,0.3727210524241191,344,39,-0.07225579698908867,0.05307118600265832,0.1733594393137513,0.2155434399076974,0.9040384679273434,0.8115531364269197,19.639330688463808
7,backsliding_Nyr,Y_egaldem,Egalitarian,vdem_high,instr-antiplural_w7_trt-ert_gapany_illib0p8655367_opp0p8655367_ctrypct_exclyr,backsliding_Nyr,387,43,-0.10630060334118384,0.3727210524241191,344,39,-0.04537334495933832,0.03164457224575829,0.15161710201238426,0.11674007745358456,0.4972933323383097,0.8144020475212407,18.943136203069372
7,backsliding_Nyr,Y_elecoff,Elected officials,vdem_electoral,instr-antiplural_w7_trt-ert_gapany_illib0p8655367_opp0p8655367_ctrypct_exclyr,backsliding_Nyr,387,43,-0.10630060334118384,0.3727210524241191,344,39,-0.12920642538317634,0.11503376652157889,0.2613507213398902,0.612552818147553,3.1618763017304334,0.8463866755984444,25.400938829043007
7,backsliding_Nyr,Y_frefair,Clean elections,vdem_electoral,instr-antiplural_w7_trt-ert_gapany_illib0p8655367_opp0p8655367_ctrypct_exclyr,backsliding_Nyr,387,43,-0.10630060334118384,0.3727210524241191,344,39,-0.09353050244431532,0.0689673660131541,0.17504956032058952,0.10983637844371458,0.9798359510459572,0.9107467325056988,18.037968068658373
7,backsliding_Nyr,Y_frassoc,Association,vdem_electoral,instr-antiplural_w7_trt-ert_gapany_illib0p8655367_opp0p8655367_ctrypct_exclyr,backsliding_Nyr,387,43,-0.10630060334118384,0.3727210524241191,344,39,-0.07861272983337603,0.05269702719878207,0.13575504416101383,0.26724985054226386,0.9718536700915156,0.7833240714519781,19.316602225278185
7,backsliding_Nyr,Y_suffr,Suffrage,vdem_electoral,instr-antiplural_w7_trt-ert_gapany_illib0p8655367_opp0p8655367_ctrypct_exclyr,backsliding_Nyr,387,43,-0.10630060334118384,0.3727210524241191,344,39,-0.00213254706052389,0.00180430388950491,0.23723652003999743,0.02196843394823776,0.02730807316082293,0.4211275263179899,9.566923769266072
7,backsliding_Nyr,Y_freexp,Expression & alt. info,vdem_electoral,instr-antiplural_w7_trt-ert_gapany_illib0p8655367_opp0p8655367_ctrypct_exclyr,backsliding_Nyr,387,43,-0.10630060334118384,0.3727210524241191,344,39,-0.08716992043524224,0.05042744295740601,0.08387700702477233,0.2610722694027671,1.032784011399102,0.8004343872284754,19.477271945201483
7,backsliding_Nyr,Y_cl_rol,Rule of law,vdem_liberal,instr-antiplural_w7_trt-ert_gapany_illib0p8655367_opp0p8655367_ctrypct_exclyr,backsliding_Nyr,387,43,-0.10630060334118384,0.3727210524241191,344,39,-0.09841092656743142,0.04043073368251958,0.01493042307289449,0.39417786673491856,1.11342452229329,0.7233216619639775,19.928149806231048
7,backsliding_Nyr,Y_cspart,Civil society,vdem_particip,instr-antiplural_w7_trt-ert_gapany_illib0p8655367_opp0p8655367_ctrypct_exclyr,backsliding_Nyr,387,43,-0.10630060334118384,0.3727210524241191,344,39,-0.05421789176440746,0.0471217507368865,0.2499002799759668,0.1526055424261393,0.7035373471580039,0.8282770924427756,20.04449345226541
7,backsliding_Nyr,Y_dd,Direct democracy,vdem_particip,instr-antiplural_w7_trt-ert_gapany_illib0p8655367_opp0p8655367_ctrypct_exclyr,backsliding_Nyr,387,43,-0.10630060334118384,0.3727210524241191,344,39,0.04915145402018256,0.04932586183185983,0.31902466719518074,-0.27539919100610166,0.5653392753444657,0.626159351687744,25.461057687099785
7,backsliding_Nyr,Y_locelec,Local elections,vdem_particip,instr-antiplural_w7_trt-ert_gapany_illib0p8655367_opp0p8655367_ctrypct_exclyr,backsliding_Nyr,387,43,-0.10630060334118384,0.3727210524241191,339,39,-0.04558046590212696,0.08194311206209079,0.5780432173987349,0.2019505805320969,1.9964214035431085,0.9194263949651856,27.777435565019804
7,backsliding_Nyr,Y_regelec,Regional elections,vdem_particip,instr-antiplural_w7_trt-ert_gapany_illib0p8655367_opp0p8655367_ctrypct_exclyr,backsliding_Nyr,387,43,-0.10630060334118384,0.3727210524241191,343,39,-0.07053644814877306,0.0459679844072547,0.12491430821189836,0.4239762873296931,0.9098766753753016,0.6412361460653154,20.511452265698537
7,backsliding_Nyr,Y_delib,Deliberation,vdem_egal_delib,instr-antiplural_w7_trt-ert_gapany_illib0p8655367_opp0p8655367_ctrypct_exclyr,backsliding_Nyr,387,43,-0.10630060334118384,0.3727210524241191,344,39,-0.10276197921204624,0.07210970693788835,0.15413456603348286,0.40522108949277824,1.537319796883173,0.792096384155905,21.28420739147281
7,backsliding_Nyr,Y_eqprotec,Equal protection,vdem_egal_delib,instr-antiplural_w7_trt-ert_gapany_illib0p8655367_opp0p8655367_ctrypct_exclyr,backsliding_Nyr,387,43,-0.10630060334118384,0.3727210524241191,344,39,-0.00952659788571111,0.04130946292132288,0.8176136106858394,0.06478329612136813,0.40447590279887863,0.8727502947662532,21.28714864462231
7,backsliding_Nyr,Y_eqaccess,Equal access,vdem_egal_delib,instr-antiplural_w7_trt-ert_gapany_illib0p8655367_opp0p8655367_ctrypct_exclyr,backsliding_Nyr,387,43,-0.10630060334118384,0.3727210524241191,344,39,-0.07488865446528184,0.04514797387679108,0.09716862280811608,0.29058485385196353,0.9778127369064572,0.7663302888626152,20.39593077284808
7,backsliding_Nyr,Y_eqdr,Equal distribution,vdem_egal_delib,instr-antiplural_w7_trt-ert_gapany_illib0p8655367_opp0p8655367_ctrypct_exclyr,backsliding_Nyr,387,43,-0.10630060334118384,0.3727210524241191,344,39,-0.02383007527078088,0.02412617147125679,0.32328628020842104,0.18575073228479624,0.38839419583927864,0.6324700653594484,21.05773705552355
7,backsliding_union_Nyr,Y_gdp_growth,PWT,growth,instr-antiplural_w7_trt-ertOrDdcg_gapany_illib0p8655367_opp0p8655367_ctrypct_exclyr,backsliding_union_Nyr,387,46,-0.11251786566851411,0.34684014653191725,315,37,-0.10956995370727862,0.09886211215993695,0.2677275818736449,0.42338381209147713,2.4529514906830796,0.8629644467180538,22.50527709571216
7,backsliding_union_Nyr,Y_gdp_growth_wb,World Bank,growth,instr-antiplural_w7_trt-ertOrDdcg_gapany_illib0p8655367_opp0p8655367_ctrypct_exclyr,backsliding_union_Nyr,387,46,-0.11251786566851411,0.34684014653191725,329,38,-0.05847483501965617,0.06944288133861155,0.3997562849895082,0.23983655587824348,1.155348630965079,0.8355506449521832,25.662068744794624
7,backsliding_union_Nyr,Y_gdp_growth_imf,IMF WEO,growth,instr-antiplural_w7_trt-ertOrDdcg_gapany_illib0p8655367_opp0p8655367_ctrypct_exclyr,backsliding_union_Nyr,387,46,-0.11251786566851411,0.34684014653191725,216,26,-0.10862718654803692,0.06599903958674702,0.09978632302413527,-4564.156422438926,15856.721160536212,0.773471254016443,17.628004780136457
7,backsliding_union_Nyr,Y_inflation,"CPI, cumulative log",inflation,instr-antiplural_w7_trt-ertOrDdcg_gapany_illib0p8655367_opp0p8655367_ctrypct_exclyr,backsliding_union_Nyr,387,46,-0.11251786566851411,0.34684014653191725,293,33,-0.6062915848276517,0.5261693705973733,0.24920826368984272,1.7864145233204891,4.14412729318162,0.6664164958188962,17.876484156509168
7,backsliding_union_Nyr,Y_unemployment,Unemployment rate,unemployment,instr-antiplural_w7_trt-ertOrDdcg_gapany_illib0p8655367_opp0p8655367_ctrypct_exclyr,backsliding_union_Nyr,387,46,-0.11251786566851411,0.34684014653191725,209,35,-0.8653597334698895,1.4220792314790485,0.5428444732172566,7.560722972541171,9.73327635237075,0.437281996463379,16.244013236420834
7,backsliding_union_Nyr,Y_trade_pct_gdp,Trade / GDP,trade,instr-antiplural_w7_trt-ertOrDdcg_gapany_illib0p8655367_opp0p8655367_ctrypct_exclyr,backsliding_union_Nyr,387,46,-0.11251786566851411,0.34684014653191725,295,32,1.04167403110079,7.527072356401955,0.8899319386288894,3.2124838081810445,61.244688439173146,0.9581675340006074,23.196906539339075
7,backsliding_union_Nyr,Y_top10_share,Top-10% income share,top10,instr-antiplural_w7_trt-ertOrDdcg_gapany_illib0p8655367_opp0p8655367_ctrypct_exclyr,backsliding_union_Nyr,387,46,-0.11251786566851411,0.34684014653191725,287,35,0.89727124341253,1.0523453753990792,0.3938592461167512,-3.907267092857233,8.081654984045876,0.6287594772119778,21.86178343679612
7,backsliding_union_Nyr,Y_gini_disp,Disposable,gini,instr-antiplural_w7_trt-ertOrDdcg_gapany_illib0p8655367_opp0p8655367_ctrypct_exclyr,backsliding_union_Nyr,387,46,-0.11251786566851411,0.34684014653191725,244,29,-0.31717242903202847,0.8320426374145126,0.7030568326709893,2.036760015361105,6.200930931162616,0.7425636101722419,19.512011518372983
7,backsliding_union_Nyr,Y_gini_mkt,Market,gini,instr-antiplural_w7_trt-ertOrDdcg_gapany_illib0p8655367_opp0p8655367_ctrypct_exclyr,backsliding_union_Nyr,387,46,-0.11251786566851411,0.34684014653191725,244,29,0.02725474305022046,0.7416900389324124,0.9706868847252582,0.9278262765383296,5.527189526784584,0.8666888296165222,20.234091323799102
7,backsliding_union_Nyr,Y_debt,Debt / GDP,fiscal,instr-antiplural_w7_trt-ertOrDdcg_gapany_illib0p8655367_opp0p8655367_ctrypct_exclyr,backsliding_union_Nyr,387,46,-0.11251786566851411,0.34684014653191725,316,34,-10.948712387468252,9.79945301506968,0.26387551732588815,63.4410675640251,94.24081208088867,0.50083252902491,19.297117413117626
7,backsliding_union_Nyr,Y_deficit,Deficit / GDP,fiscal,instr-antiplural_w7_trt-ertOrDdcg_gapany_illib0p8655367_opp0p8655367_ctrypct_exclyr,backsliding_union_Nyr,387,46,-0.11251786566851411,0.34684014653191725,259,34,-0.1286005522488568,3.509869587795921,0.9707722924918938,1.7210276005491227,27.15632252832758,0.9494680215828186,24.25190727826067
7,backsliding_union_Nyr,Y_checks_balances,Checks & balances,institutions,instr-antiplural_w7_trt-ertOrDdcg_gapany_illib0p8655367_opp0p8655367_ctrypct_exclyr,backsliding_union_Nyr,387,46,-0.11251786566851411,0.34684014653191725,330,41,-0.05347843616102119,0.06070011497365835,0.37830324235131785,0.2743367590743723,0.5530456030701671,0.6198610639192175,18.394820038643743
7,backsliding_union_Nyr,Y_jucon,Judicial constraints,institutions,instr-antiplural_w7_trt-ertOrDdcg_gapany_illib0p8655367_opp0p8655367_ctrypct_exclyr,backsliding_union_Nyr,387,46,-0.11251786566851411,0.34684014653191725,344,42,-0.02985468042113782,0.04753495654345491,0.5299663494768698,0.02181077817754914,0.4754090424868561,0.9634075526637006,16.213199677991387
7,backsliding_union_Nyr,Y_legcon,Legislative constraints,institutions,instr-antiplural_w7_trt-ertOrDdcg_gapany_illib0p8655367_opp0p8655367_ctrypct_exclyr,backsliding_union_Nyr,387,46,-0.11251786566851411,0.34684014653191725,330,41,-0.1194060949250952,0.09237482899444764,0.1961404830872537,0.6209210020769883,0.9569585556312392,0.5164363871637502,18.38807800188487
7,backsliding_union_Nyr,Y_hos_power,HOS,exec_power,instr-antiplural_w7_trt-ertOrDdcg_gapany_illib0p8655367_opp0p8655367_ctrypct_exclyr,backsliding_union_Nyr,387,46,-0.11251786566851411,0.34684014653191725,344,42,0.00551477819402362,0.02873294925157827,0.8477953135053266,0.01223194426316224,0.27557077653781226,0.9645953911137808,17.398705367007135
7,backsliding_union_Nyr,Y_hog_power,HOG,exec_power,instr-antiplural_w7_trt-ertOrDdcg_gapany_illib0p8655367_opp0p8655367_ctrypct_exclyr,backsliding_union_Nyr,387,46,-0.11251786566851411,0.34684014653191725,150,26,0.0717761882474594,0.02642457191675546,0.00660226826959883,-0.13702457709915442,0.16582605313840618,0.408625351455118,15.522695685179976
7,backsliding_union_Nyr,Y_hos_power_vdem,HOS (v2ex_hosw),exec_power_alt,instr-antiplural_w7_trt-ertOrDdcg_gapany_illib0p8655367_opp0p8655367_ctrypct_exclyr,backsliding_union_Nyr,387,46,-0.11251786566851411,0.34684014653191725,344,42,-0.01139884467275396,0.01602348321868862,0.47684650108210985,0.11935591439076926,0.13920601404681623,0.3912211687296782,15.837694384132984
7,backsliding_union_Nyr,Y_hog_power_vdem,HOG (v2ex_hogw),exec_power_alt,instr-antiplural_w7_trt-ertOrDdcg_gapany_illib0p8655367_opp0p8655367_ctrypct_exclyr,backsliding_union_Nyr,387,46,-0.11251786566851411,0.34684014653191725,344,42,0.02000137207951695,0.01786252606218675,0.26282488090017736,-0.15723951335219388,0.15641200158231294,0.31475694488878353,15.356641171562778
7,backsliding_union_Nyr,Y_polyarchy,Electoral (polyarchy),vdem_high,instr-antiplural_w7_trt-ertOrDdcg_gapany_illib0p8655367_opp0p8655367_ctrypct_exclyr,backsliding_union_Nyr,387,46,-0.11251786566851411,0.34684014653191725,344,42,-0.07108506085754346,0.04849700266859967,0.14271315233956464,0.15258460208409746,0.7804223263123178,0.8449894640174963,18.635219667137
7,backsliding_union_Nyr,Y_libdem,Liberal,vdem_high,instr-antiplural_w7_trt-ertOrDdcg_gapany_illib0p8655367_opp0p8655367_ctrypct_exclyr,backsliding_union_Nyr,387,46,-0.11251786566851411,0.34684014653191725,344,42,-0.06111603307172234,0.04160255116062665,0.14182049735997904,0.13189465296978214,0.6213225278589836,0.8318882124090375,17.555605116937464
7,backsliding_union_Nyr,Y_partipdem,Participatory,vdem_high,instr-antiplural_w7_trt-ertOrDdcg_gapany_illib0p8655367_opp0p8655367_ctrypct_exclyr,backsliding_union_Nyr,387,46,-0.11251786566851411,0.34684014653191725,343,42,-0.04212045681727022,0.03322900313242995,0.20494757977754216,0.05085897477234599,0.47163313223606745,0.9141258791587656,18.753721812557902
7,backsliding_union_Nyr,Y_delibdem,Deliberative,vdem_high,instr-antiplural_w7_trt-ertOrDdcg_gapany_illib0p8655367_opp0p8655367_ctrypct_exclyr,backsliding_union_Nyr,387,46,-0.11251786566851411,0.34684014653191725,344,42,-0.07225579698908867,0.05307118600265832,0.1733594393137513,0.22836550991486695,0.9168836397531276,0.8033089111724725,19.76427297039297
7,backsliding_union_Nyr,Y_egaldem,Egalitarian,vdem_high,instr-antiplural_w7_trt-ertOrDdcg_gapany_illib0p8655367_opp0p8655367_ctrypct_exclyr,backsliding_union_Nyr,387,46,-0.11251786566851411,0.34684014653191725,344,42,-0.04537334495933832,0.03164457224575829,0.15161710201238426,0.12369138166419937,0.5008121964325639,0.8049224886912671,19.01036567438406
7,backsliding_union_Nyr,Y_elecoff,Elected officials,vdem_electoral,instr-antiplural_w7_trt-ertOrDdcg_gapany_illib0p8655367_opp0p8655367_ctrypct_exclyr,backsliding_union_Nyr,387,46,-0.11251786566851411,0.34684014653191725,344,42,-0.12920642538317634,0.11503376652157889,0.2613507213398902,0.6094827667515282,2.484748165413984,0.8062322402318867,24.397274590143383
7,backsliding_union_Nyr,Y_frefair,Clean elections,vdem_electoral,instr-antiplural_w7_trt-ertOrDdcg_gapany_illib0p8655367_opp0p8655367_ctrypct_exclyr,backsliding_union_Nyr,387,46,-0.11251786566851411,0.34684014653191725,344,42,-0.09353050244431532,0.0689673660131541,0.17504956032058952,0.12185461653724976,0.9864071698475488,0.9016844183591184,18.098099611017417
7,backsliding_union_Nyr,Y_frassoc,Association,vdem_electoral,instr-antiplural_w7_trt-ertOrDdcg_gapany_illib0p8655367_opp0p8655367_ctrypct_exclyr,backsliding_union_Nyr,387,46,-0.11251786566851411,0.34684014653191725,344,42,-0.07861272983337603,0.05269702719878207,0.13575504416101383,0.27261787677982324,0.9705161699656234,0.7787871918245002,19.306138146057517
7,backsliding_union_Nyr,Y_suffr,Suffrage,vdem_electoral,instr-antiplural_w7_trt-ertOrDdcg_gapany_illib0p8655367_opp0p8655367_ctrypct_exclyr,backsliding_union_Nyr,387,46,-0.11251786566851411,0.34684014653191725,344,42,-0.00213254706052389,0.00180430388950491,0.23723652003999743,0.02177882911739764,0.02562737957224315,0.3954214926801827,9.977036731170193
7,backsliding_union_Nyr,Y_freexp,Expression & alt. info,vdem_electoral,instr-antiplural_w7_trt-ertOrDdcg_gapany_illib0p8655367_opp0p8655367_ctrypct_exclyr,backsliding_union_Nyr,387,46,-0.11251786566851411,0.34684014653191725,344,42,-0.08716992043524224,0.05042744295740601,0.08387700702477233,0.27739140073345775,1.0578477894563858,0.7931499741482253,19.690609480364092
7,backsliding_union_Nyr,Y_cl_rol,Rule of law,vdem_liberal,instr-antiplural_w7_trt-ertOrDdcg_gapany_illib0p8655367_opp0p8655367_ctrypct_exclyr,backsliding_union_Nyr,387,46,-0.11251786566851411,0.34684014653191725,344,42,-0.09841092656743142,0.04043073368251958,0.01493042307289449,0.4135448651320748,1.1404679376592888,0.7168963791151575,20.27788555409712
7,backsliding_union_Nyr,Y_cspart,Civil society,vdem_particip,instr-antiplural_w7_trt-ertOrDdcg_gapany_illib0p8655367_opp0p8655367_ctrypct_exclyr,backsliding_union_Nyr,387,46,-0.11251786566851411,0.34684014653191725,344,42,-0.05421789176440746,0.0471217507368865,0.2499002799759668,0.17565387152032272,0.7388058871950991,0.8120720908695704,20.608398038186927
7,backsliding_union_Nyr,Y_dd,Direct democracy,vdem_particip,instr-antiplural_w7_trt-ertOrDdcg_gapany_illib0p8655367_opp0p8655367_ctrypct_exclyr,backsliding_union_Nyr,387,46,-0.11251786566851411,0.34684014653191725,344,42,0.04915145402018256,0.04932586183185983,0.31902466719518074,-0.2709431032432441,0.4896765748935239,0.580050934341514,25.50812099832346
7,backsliding_union_Nyr,Y_locelec,Local elections,vdem_particip,instr-antiplural_w7_trt-ertOrDdcg_gapany_illib0p8655367_opp0p8655367_ctrypct_exclyr,backsliding_union_Nyr,387,46,-0.11251786566851411,0.34684014653191725,339,42,-0.04558046590212696,0.08194311206209079,0.5780432173987349,0.24010928958301395,1.423156687164232,0.8660200407830475,25.202937157118928
7,backsliding_union_Nyr,Y_regelec,Regional elections,vdem_particip,instr-antiplural_w7_trt-ertOrDdcg_gapany_illib0p8655367_opp0p8655367_ctrypct_exclyr,backsliding_union_Nyr,387,46,-0.11251786566851411,0.34684014653191725,343,42,-0.07053644814877306,0.0459679844072547,0.12491430821189836,0.4219734624813718,0.91295919045498,0.6439349778572439,22.056831528017153
7,backsliding_union_Nyr,Y_delib,Deliberation,vdem_egal_delib,instr-antiplural_w7_trt-ertOrDdcg_gapany_illib0p8655367_opp0p8655367_ctrypct_exclyr,backsliding_union_Nyr,387,46,-0.11251786566851411,0.34684014653191725,344,42,-0.10276197921204624,0.07210970693788835,0.15413456603348286,0.42084000495651624,1.4785096084243026,0.7759215018828972,22.018001675443596
7,backsliding_union_Nyr,Y_eqprotec,Equal protection,vdem_egal_delib,instr-antiplural_w7_trt-ertOrDdcg_gapany_illib0p8655367_opp0p8655367_ctrypct_exclyr,backsliding_union_Nyr,387,46,-0.11251786566851411,0.34684014653191725,344,42,-0.00952659788571111,0.04130946292132288,0.8176136106858394,0.10234886757259534,0.39231690419977994,0.7941826236674161,23.10619117798168
7,backsliding_union_Nyr,Y_eqaccess,Equal access,vdem_egal_delib,instr-antiplural_w7_trt-ertOrDdcg_gapany_illib0p8655367_opp0p8655367_ctrypct_exclyr,backsliding_union_Nyr,387,46,-0.11251786566851411,0.34684014653191725,344,42,-0.07488865446528184,0.04514797387679108,0.09716862280811608,0.2938623168257838,0.9475691424354878,0.7564679587936733,20.357040737629507
7,backsliding_union_Nyr,Y_eqdr,Equal distribution,vdem_egal_delib,instr-antiplural_w7_trt-ertOrDdcg_gapany_illib0p8655367_opp0p8655367_ctrypct_exclyr,backsliding_union_Nyr,387,46,-0.11251786566851411,0.34684014653191725,344,42,-0.02383007527078088,0.02412617147125679,0.32328628020842104,0.17896308748623957,0.3675693998457999,0.626341641346275,20.83836762157183
7,polyarchy_decline,Y_gdp_growth,PWT,growth,instr-antiplural_w7_trt-polyarchy_gapany_illib0p8655367_opp0p8655367_ctrypct_exclyr,polyarchy_decline,344,132,0.07108506085754346,0.14271315233956464,315,114,-0.10956995370727862,0.09886211215993695,0.2677275818736449,-0.8832192879214205,1.12654949708622,0.43303777571996854,23.83733091935276
7,polyarchy_decline,Y_gdp_growth_wb,World Bank,growth,instr-antiplural_w7_trt-polyarchy_gapany_illib0p8655367_opp0p8655367_ctrypct_exclyr,polyarchy_decline,344,132,0.07108506085754346,0.14271315233956464,329,125,-0.05847483501965617,0.06944288133861155,0.3997562849895082,-0.5427964099884066,0.9000058554545453,0.5464400388622229,24.965783689626637
7,polyarchy_decline,Y_gdp_growth_imf,IMF WEO,growth,instr-antiplural_w7_trt-polyarchy_gapany_illib0p8655367_opp0p8655367_ctrypct_exclyr,polyarchy_decline,344,132,0.07108506085754346,0.14271315233956464,216,81,-0.10862718654803692,0.06599903958674702,0.09978632302413527,-6.8839589687669065,15.48488650119433,0.6566378611344397,18.404851382218315
7,polyarchy_decline,Y_inflation,"CPI, cumulative log",inflation,instr-antiplural_w7_trt-polyarchy_gapany_illib0p8655367_opp0p8655367_ctrypct_exclyr,polyarchy_decline,344,132,0.07108506085754346,0.14271315233956464,293,114,-0.6062915848276517,0.5261693705973733,0.24920826368984272,-11.895595817388132,13.426173928477729,0.37561729776037744,17.336100567448167
7,polyarchy_decline,Y_unemployment,Unemployment rate,unemployment,instr-antiplural_w7_trt-polyarchy_gapany_illib0p8655367_opp0p8655367_ctrypct_exclyr,polyarchy_decline,344,132,0.07108506085754346,0.14271315233956464,209,107,-0.8653597334698895,1.4220792314790485,0.5428444732172566,-43.82690508596703,97.19741729102556,0.6520572511692495,22.12386236473751
7,polyarchy_decline,Y_trade_pct_gdp,Trade / GDP,trade,instr-antiplural_w7_trt-polyarchy_gapany_illib0p8655367_opp0p8655367_ctrypct_exclyr,polyarchy_decline,344,132,0.07108506085754346,0.14271315233956464,295,112,1.04167403110079,7.527072356401955,0.8899319386288894,9.980980374595582,135.3158293289298,0.94120085698104194,22.709316085494685
7,polyarchy_decline,Y_top10_share,Top-10% income share,top10,instr-antiplural_w7_trt-polyarchy_gapany_illib0p8655367_opp0p8655367_ctrypct_exclyr,polyarchy_decline,344,132,0.07108506085754346,0.14271315233956464,287,110,0.89727124341253,1.0523453753990792,0.3938592461167512,7.208798405638967,12.562396460254137,0.566076464769002,28.50191503508565
7,polyarchy_decline,Y_gini_disp,Disposable,gini,instr-antiplural_w7_trt-polyarchy_gapany_illib0p8655367_opp0p8655367_ctrypct_exclyr,polyarchy_decline,344,132,0.07108506085754346,0.14271315233956464,244,90,-0.31717242903202847,0.8320426374145126,0.7030568326709893,-9.857939453617266,25.78033855007865,0.7021779811088897,19.179580042967093
7,polyarchy_decline,Y_gini_mkt,Market,gini,instr-antiplural_w7_trt-polyarchy_gapany_illib0p8655367_opp0p8655367_ctrypct_exclyr,polyarchy_decline,344,132,0.07108506085754346,0.14271315233956464,244,90,0.02725474305022046,0.7416900389324124,0.9706868847252582,0.18579249624631,24.787916246059485,0.9940196838332054,19.15425020203472
7,polyarchy_decline,Y_debt,Debt / GDP,fiscal,instr-antiplural_w7_trt-polyarchy_gapany_illib0p8655367_opp0p8655367_ctrypct_exclyr,polyarchy_decline,344,132,0.07108506085754346,0.14271315233956464,316,123,-10.948712387468252,9.79945301506968,0.26387551732588815,15.132511894090118,113.43469546569696,0.8938747899772742,26.999059137969937
7,polyarchy_decline,Y_deficit,Deficit / GDP,fiscal,instr-antiplural_w7_trt-polyarchy_gapany_illib0p8655367_opp0p8655367_ctrypct_exclyr,polyarchy_decline,344,132,0.07108506085754346,0.14271315233956464,259,104,-0.1286005522488568,3.509869587795921,0.9707722924918938,2.4391721417514,65.03545053416175,0.970082138131134,19.03530997260949
7,polyarchy_decline,Y_checks_balances,Checks & balances,institutions,instr-antiplural_w7_trt-polyarchy_gapany_illib0p8655367_opp0p8655367_ctrypct_exclyr,polyarchy_decline,344,132,0.07108506085754346,0.14271315233956464,330,129,-0.05347843616102119,0.06070011497365835,0.37830324235131785,-1.784588291317286,2.158903444876799,0.4084536528413959,21.378662820149714
7,polyarchy_decline,Y_jucon,Judicial constraints,institutions,instr-antiplural_w7_trt-polyarchy_gapany_illib0p8655367_opp0p8655367_ctrypct_exclyr,polyarchy_decline,344,132,0.07108506085754346,0.14271315233956464,344,132,-0.02985468042113782,0.04753495654345491,0.5299663494768698,-0.7234242374947136,0.723034858478093,0.31704995900620186,20.7448096030441
7,polyarchy_decline,Y_legcon,Legislative constraints,institutions,instr-antiplural_w7_trt-polyarchy_gapany_illib0p8655367_opp0p8655367_ctrypct_exclyr,polyarchy_decline,344,132,0.07108506085754346,0.14271315233956464,330,129,-0.1194060949250952,0.09237482899444764,0.1961404830872537,-4.884298352481795,10.49036187605737,0.6415028077659293,18.473838186532245
7,polyarchy_decline,Y_hos_power,HOS,exec_power,instr-antiplural_w7_trt-polyarchy_gapany_illib0p8655367_opp0p8655367_ctrypct_exclyr,polyarchy_decline,344,132,0.07108506085754346,0.14271315233956464,344,132,0.00551477819402362,0.02873294925157827,0.8477953135053266,0.08996813946382598,0.3912164559047003,0.8181149005632471,23.00019086733213
7,polyarchy_decline,Y_hog_power,HOG,exec_power,instr-antiplural_w7_trt-polyarchy_gapany_illib0p8655367_opp0p8655367_ctrypct_exclyr,polyarchy_decline,344,132,0.07108506085754346,0.14271315233956464,150,56,0.0717761882474594,0.02642457191675546,0.00660226826959883,0.7578011399750448,0.7705126807341877,0.32536019047537995,15.88129067719193
7,polyarchy_decline,Y_hos_power_vdem,HOS (v2ex_hosw),exec_power_alt,instr-antiplural_w7_trt-polyarchy_gapany_illib0p8655367_opp0p8655367_ctrypct_exclyr,polyarchy_decline,344,132,0.07108506085754346,0.14271315233956464,344,132,-0.01139884467275396,0.01602348321868862,0.47684650108210985,0.00522895739211441,0.29728020504855773,0.9859664747910416,20.654729007092172
7,polyarchy_decline,Y_hog_power_vdem,HOG (v2ex_hogw),exec_power_alt,instr-antiplural_w7_trt-polyarchy_gapany_illib0p8655367_opp0p8655367_ctrypct_exclyr,polyarchy_decline,344,132,0.07108506085754346,0.14271315233956464,344,132,0.02000137207951695,0.01786252606218675,0.26282488090017736,0.01038260721695132,0.33757261264024546,0.9754636016586308,20.40812557386142
7,polyarchy_decline,Y_polyarchy,Electoral (polyarchy),vdem_high,instr-antiplural_w7_trt-polyarchy_gapany_illib0p8655367_opp0p8655367_ctrypct_exclyr,polyarchy_decline,344,132,0.07108506085754346,0.14271315233956464,344,132,-0.07108506085754346,0.04849700266859967,0.14271315233956464,-1,8.848162992606067e-17,0,23.755921762307626
7,polyarchy_decline,Y_libdem,Liberal,vdem_high,instr-antiplural_w7_trt-polyarchy_gapany_illib0p8655367_opp0p8655367_ctrypct_exclyr,polyarchy_decline,344,132,0.07108506085754346,0.14271315233956464,344,132,-0.06111603307172234,0.04160255116062665,0.14182049735997904,-1.0015106958132318,0.2455548934247452,4.5315246386185104e-5,20.794510318769166
7,polyarchy_decline,Y_partipdem,Participatory,vdem_high,instr-antiplural_w7_trt-polyarchy_gapany_illib0p8655367_opp0p8655367_ctrypct_exclyr,polyarchy_decline,344,132,0.07108506085754346,0.14271315233956464,343,132,-0.04212045681727022,0.03322900313242995,0.20494757977754216,-0.5795949891484837,0.19831307235683945,0.00347092885680707,29.22761834015604
7,polyarchy_decline,Y_delibdem,Deliberative,vdem_high,instr-antiplural_w7_trt-polyarchy_gapany_illib0p8655367_opp0p8655367_ctrypct_exclyr,polyarchy_decline,344,132,0.07108506085754346,0.14271315233956464,344,132,-0.07225579698908867,0.05307118600265832,0.1733594393137513,-0.9933755776195552,0.2940258568560501,7.287412061189401e-4,25.88964362981582
7,polyarchy_decline,Y_egaldem,Egalitarian,vdem_high,instr-antiplural_w7_trt-polyarchy_gapany_illib0p8655367_opp0p8655367_ctrypct_exclyr,polyarchy_decline,344,132,0.07108506085754346,0.14271315233956464,344,132,-0.04537334495933832,0.03164457224575829,0.15161710201238426,-0.6505147279458818,0.191920618433048,7.002048597843769e-4,23.00539381398733
7,polyarchy_decline,Y_elecoff,Elected officials,vdem_electoral,instr-antiplural_w7_trt-polyarchy_gapany_illib0p8655367_opp0p8655367_ctrypct_exclyr,polyarchy_decline,344,132,0.07108506085754346,0.14271315233956464,344,132,-0.12920642538317634,0.11503376652157889,0.2613507213398902,-2.483586213982962,2.0192853631311136,0.21872210094720135,19.134398643487177
7,polyarchy_decline,Y_frefair,Clean elections,vdem_electoral,instr-antiplural_w7_trt-polyarchy_gapany_illib0p8655367_opp0p8655367_ctrypct_exclyr,polyarchy_decline,344,132,0.07108506085754346,0.14271315233956464,344,132,-0.09353050244431532,0.0689673660131541,0.17504956032058952,-1.26943815681024,0.3451817786702221,2.3544507342195431e-4,22.487915096480663
7,polyarchy_decline,Y_frassoc,Association,vdem_electoral,instr-antiplural_w7_trt-polyarchy_gapany_illib0p8655367_opp0p8655367_ctrypct_exclyr,polyarchy_decline,344,132,0.07108506085754346,0.14271315233956464,344,132,-0.07861272983337603,0.05269702719878207,0.13575504416101383,-1.1812484373884795,0.46125791835307617,0.01043929110214068,20.79159987438007
7,polyarchy_decline,Y_suffr,Suffrage,vdem_electoral,instr-antiplural_w7_trt-polyarchy_gapany_illib0p8655367_opp0p8655367_ctrypct_exclyr,polyarchy_decline,344,132,0.07108506085754346,0.14271315233956464,344,132,-0.00213254706052389,0.00180430388950491,0.23723652003999743,0.03638134099021219,0.06488270451065084,0.5749851635481891,29.073766662607603
7,polyarchy_decline,Y_freexp,Expression & alt. info,vdem_electoral,instr-antiplural_w7_trt-polyarchy_gapany_illib0p8655367_opp0p8655367_ctrypct_exclyr,polyarchy_decline,344,132,0.07108506085754346,0.14271315233956464,344,132,-0.08716992043524224,0.05042744295740601,0.08387700702477233,-1.1265714013055446,0.42574012850321946,0.00814141811003304,25.207825509439925
7,polyarchy_decline,Y_cl_rol,Rule of law,vdem_liberal,instr-antiplural_w7_trt-polyarchy_gapany_illib0p8655367_opp0p8655367_ctrypct_exclyr,polyarchy_decline,344,132,0.07108506085754346,0.14271315233956464,344,132,-0.09841092656743142,0.04043073368251958,0.01493042307289449,-1.541604049063772,0.7941850778338588,0.05224440917435492,20.96301339887907
7,polyarchy_decline,Y_cspart,Civil society,vdem_particip,instr-antiplural_w7_trt-polyarchy_gapany_illib0p8655367_opp0p8655367_ctrypct_exclyr,polyarchy_decline,344,132,0.07108506085754346,0.14271315233956464,344,132,-0.05421789176440746,0.0471217507368865,0.2499002799759668,-0.7257505023685643,0.46355599292639194,0.11743863143447042,26.820796868712044
7,polyarchy_decline,Y_dd,Direct democracy,vdem_particip,instr-antiplural_w7_trt-polyarchy_gapany_illib0p8655367_opp0p8655367_ctrypct_exclyr,polyarchy_decline,344,132,0.07108506085754346,0.14271315233956464,344,132,0.04915145402018256,0.04932586183185983,0.31902466719518074,0.8787197957054647,1.082368886960811,0.41687844210848274,20.866232719694462
7,polyarchy_decline,Y_locelec,Local elections,vdem_particip,instr-antiplural_w7_trt-polyarchy_gapany_illib0p8655367_opp0p8655367_ctrypct_exclyr,polyarchy_decline,344,132,0.07108506085754346,0.14271315233956464,339,130,-0.04558046590212696,0.08194311206209079,0.5780432173987349,-0.9148480921497826,1.1134033185746242,0.4112657667987856,24.021344794076207
7,polyarchy_decline,Y_regelec,Regional elections,vdem_particip,instr-antiplural_w7_trt-polyarchy_gapany_illib0p8655367_opp0p8655367_ctrypct_exclyr,polyarchy_decline,344,132,0.07108506085754346,0.14271315233956464,343,132,-0.07053644814877306,0.0459679844072547,0.12491430821189836,-1.2047111700315816,0.9581453533318376,0.20863179539227247,22.032965785391575
7,polyarchy_decline,Y_delib,Deliberation,vdem_egal_delib,instr-antiplural_w7_trt-polyarchy_gapany_illib0p8655367_opp0p8655367_ctrypct_exclyr,polyarchy_decline,344,132,0.07108506085754346,0.14271315233956464,344,132,-0.10276197921204624,0.07210970693788835,0.15413456603348286,-1.4269378488900837,0.6123112132297508,0.01978434735127217,23.31146532758473
7,polyarchy_decline,Y_eqprotec,Equal protection,vdem_egal_delib,instr-antiplural_w7_trt-polyarchy_gapany_illib0p8655367_opp0p8655367_ctrypct_exclyr,polyarchy_decline,344,132,0.07108506085754346,0.14271315233956464,344,132,-0.00952659788571111,0.04130946292132288,0.8176136106858394,-0.197517901946098,0.5598148532019481,0.7242179978719729,24.421609861772925
7,polyarchy_decline,Y_eqaccess,Equal access,vdem_egal_delib,instr-antiplural_w7_trt-polyarchy_gapany_illib0p8655367_opp0p8655367_ctrypct_exclyr,polyarchy_decline,344,132,0.07108506085754346,0.14271315233956464,344,132,-0.07488865446528184,0.04514797387679108,0.09716862280811608,-1.0623746714185696,0.6505358746641247,0.10245296587512027,23.186551695501816
7,polyarchy_decline,Y_eqdr,Equal distribution,vdem_egal_delib,instr-antiplural_w7_trt-polyarchy_gapany_illib0p8655367_opp0p8655367_ctrypct_exclyr,polyarchy_decline,344,132,0.07108506085754346,0.14271315233956464,344,132,-0.02383007527078088,0.02412617147125679,0.32328628020842104,-0.4731784269116041,0.43020021356358257,0.2713744670714725,21.132247993343064
8,backsliding_Nyr,Y_gdp_growth,PWT,growth,instr-antiplural_w8_trt-ert_gapany_illib0p8655367_opp0p8655367_ctrypct_exclyr,backsliding_Nyr,387,53,-0.1559425675278627,0.1755883436988933,302,41,-0.10214779014764858,0.10596099043577269,0.33503932371501294,0.45163043112864,2.780805662091791,0.8709830578166663,21.054232996983863
8,backsliding_Nyr,Y_gdp_growth_wb,World Bank,growth,instr-antiplural_w8_trt-ert_gapany_illib0p8655367_opp0p8655367_ctrypct_exclyr,backsliding_Nyr,387,53,-0.1559425675278627,0.1755883436988933,318,44,-0.03977441146425845,0.0796701436675391,0.6176113003189924,0.200539974107305,0.6278060720568845,0.7494006090466663,20.19792168945048
8,backsliding_Nyr,Y_gdp_growth_imf,IMF WEO,growth,instr-antiplural_w8_trt-ert_gapany_illib0p8655367_opp0p8655367_ctrypct_exclyr,backsliding_Nyr,387,53,-0.1559425675278627,0.1755883436988933,206,27,-0.09846135208274204,0.08384923968194262,0.2402883024806773,0.3764509792461379,1.481859088938707,0.7994649185743253,18.47201190663928
8,backsliding_Nyr,Y_inflation,"CPI, cumulative log",inflation,instr-antiplural_w8_trt-ert_gapany_illib0p8655367_opp0p8655367_ctrypct_exclyr,backsliding_Nyr,387,53,-0.1559425675278627,0.1755883436988933,282,40,-0.5195364401595656,0.5341651674249468,0.33074525638156504,0.9600325430017992,2.1537348824551015,0.6557760921366773,16.650850298682997
8,backsliding_Nyr,Y_unemployment,Unemployment rate,unemployment,instr-antiplural_w8_trt-ert_gapany_illib0p8655367_opp0p8655367_ctrypct_exclyr,backsliding_Nyr,387,53,-0.1559425675278627,0.1755883436988933,199,38,-3.9147104190843303,1.5111494831020054,0.00958223088374556,8.449332656738044,5.809949482565976,0.14586681735765963,12.703007893568662
8,backsliding_Nyr,Y_trade_pct_gdp,Trade / GDP,trade,instr-antiplural_w8_trt-ert_gapany_illib0p8655367_opp0p8655367_ctrypct_exclyr,backsliding_Nyr,387,53,-0.1559425675278627,0.1755883436988933,284,37,0.6328711835056566,8.400357029083699,0.93994530607251,7.224981616071972,41.3004478664104,0.8611290384203955,17.042100022313655
8,backsliding_Nyr,Y_top10_share,Top-10% income share,top10,instr-antiplural_w8_trt-ert_gapany_illib0p8655367_opp0p8655367_ctrypct_exclyr,backsliding_Nyr,387,53,-0.1559425675278627,0.1755883436988933,277,41,0.9576285871588408,1.1171278437139984,0.3913212057374114,-3.977976198034291,5.120317076552846,0.4372175567795292,17.880823220632692
8,backsliding_Nyr,Y_gini_disp,Disposable,gini,instr-antiplural_w8_trt-ert_gapany_illib0p8655367_opp0p8655367_ctrypct_exclyr,backsliding_Nyr,387,53,-0.1559425675278627,0.1755883436988933,236,36,-0.00573400409091895,0.8892763490489931,0.9948553206901084,0.7379689685271511,4.487962604459719,0.8693903195737654,20.72896102579056
8,backsliding_Nyr,Y_gini_mkt,Market,gini,instr-antiplural_w8_trt-ert_gapany_illib0p8655367_opp0p8655367_ctrypct_exclyr,backsliding_Nyr,387,53,-0.1559425675278627,0.1755883436988933,236,36,0.3333104618130729,0.8313147946787043,0.6884615464997264,-0.3725376983124682,4.223767351804736,0.9297174505151026,21.4555413699993
8,backsliding_Nyr,Y_debt,Debt / GDP,fiscal,instr-antiplural_w8_trt-ert_gapany_illib0p8655367_opp0p8655367_ctrypct_exclyr,backsliding_Nyr,387,53,-0.1559425675278627,0.1755883436988933,305,41,-12.828011604851874,10.08224955353424,0.20325367349083817,54.50144636829947,66.8596927918395,0.41497988172425687,18.627019288542048
8,backsliding_Nyr,Y_deficit,Deficit / GDP,fiscal,instr-antiplural_w8_trt-ert_gapany_illib0p8655367_opp0p8655367_ctrypct_exclyr,backsliding_Nyr,387,53,-0.1559425675278627,0.1755883436988933,248,41,2.3139796733888582,3.528756191487638,0.5119853931787178,-4.410877652678884,26.984334418447222,0.870155729548743,26.635507291731468
8,backsliding_Nyr,Y_checks_balances,Checks & balances,institutions,instr-antiplural_w8_trt-ert_gapany_illib0p8655367_opp0p8655367_ctrypct_exclyr,backsliding_Nyr,387,53,-0.1559425675278627,0.1755883436988933,319,43,-0.05073593290184364,0.06629947724374201,0.4441203750417437,0.151847589766576,0.3006457816736442,0.6135086789702371,17.358938111378798
8,backsliding_Nyr,Y_jucon,Judicial constraints,institutions,instr-antiplural_w8_trt-ert_gapany_illib0p8655367_opp0p8655367_ctrypct_exclyr,backsliding_Nyr,387,53,-0.1559425675278627,0.1755883436988933,334,46,-0.03186833056201607,0.04954309556930103,0.5200653731615696,-0.02202796353739058,0.1963689020919372,0.9106835127388124,14.064376534975905
8,backsliding_Nyr,Y_legcon,Legislative constraints,institutions,instr-antiplural_w8_trt-ert_gapany_illib0p8655367_opp0p8655367_ctrypct_exclyr,backsliding_Nyr,387,53,-0.1559425675278627,0.1755883436988933,319,43,-0.11146233791455289,0.10299065622836832,0.27913843646946074,0.33359103411088287,0.4781144694366859,0.4853510012376039,19.789308538239204
8,backsliding_Nyr,Y_hos_power,HOS,exec_power,instr-antiplural_w8_trt-ert_gapany_illib0p8655367_opp0p8655367_ctrypct_exclyr,backsliding_Nyr,387,53,-0.1559425675278627,0.1755883436988933,334,46,0.00123141587978157,0.0293639120767521,0.9665494228685582,0.01157880287564265,0.15408860645690503,0.940100301793934,17.105838361961634
8,backsliding_Nyr,Y_hog_power,HOG,exec_power,instr-antiplural_w8_trt-ert_gapany_illib0p8655367_opp0p8655367_ctrypct_exclyr,backsliding_Nyr,387,53,-0.1559425675278627,0.1755883436988933,146,30,0.05678174802885977,0.02901108397549287,0.05031887714424336,-0.1279014700356607,0.16544200211621496,0.4394694314131765,16.803814612307953
8,backsliding_Nyr,Y_hos_power_vdem,HOS (v2ex_hosw),exec_power_alt,instr-antiplural_w8_trt-ert_gapany_illib0p8655367_opp0p8655367_ctrypct_exclyr,backsliding_Nyr,387,53,-0.1559425675278627,0.1755883436988933,334,46,-0.02340025267344913,0.01543711404772778,0.12955886930706462,0.0707227167300837,0.04529457403919061,0.1184306053623248,13.89714859124324
8,backsliding_Nyr,Y_hog_power_vdem,HOG (v2ex_hogw),exec_power_alt,instr-antiplural_w8_trt-ert_gapany_illib0p8655367_opp0p8655367_ctrypct_exclyr,backsliding_Nyr,387,53,-0.1559425675278627,0.1755883436988933,334,46,0.03602822278744206,0.02015213532865758,0.07380639686500808,-0.1169311827417924,0.08081008814404411,0.14790044075377026,13.88752911305376
8,backsliding_Nyr,Y_polyarchy,Electoral (polyarchy),vdem_high,instr-antiplural_w8_trt-ert_gapany_illib0p8655367_opp0p8655367_ctrypct_exclyr,backsliding_Nyr,387,53,-0.1559425675278627,0.1755883436988933,334,46,-0.07457843065734218,0.05164726951689254,0.14874020909509553,0.00428205549601135,0.24746931270001815,0.9861945893510902,15.002714615337869
8,backsliding_Nyr,Y_libdem,Liberal,vdem_high,instr-antiplural_w8_trt-ert_gapany_illib0p8655367_opp0p8655367_ctrypct_exclyr,backsliding_Nyr,387,53,-0.1559425675278627,0.1755883436988933,334,46,-0.06321042557311285,0.04485489765009778,0.15877008144902388,0.01493276279935304,0.2085635676700317,0.9429217230813628,14.6762420475376
8,backsliding_Nyr,Y_partipdem,Participatory,vdem_high,instr-antiplural_w8_trt-ert_gapany_illib0p8655367_opp0p8655367_ctrypct_exclyr,backsliding_Nyr,387,53,-0.1559425675278627,0.1755883436988933,333,46,-0.04606102766153806,0.03692600137082529,0.21225549604370297,-0.03784940042670805,0.15568820202790273,0.8079199775497905,14.3223295347998
8,backsliding_Nyr,Y_delibdem,Deliberative,vdem_high,instr-antiplural_w8_trt-ert_gapany_illib0p8655367_opp0p8655367_ctrypct_exclyr,backsliding_Nyr,387,53,-0.1559425675278627,0.1755883436988933,334,46,-0.06522776315568878,0.0563053269383772,0.24667423559809337,-0.02802921890151984,0.26318820110309127,0.9151866336527994,15.242751322519256
8,backsliding_Nyr,Y_egaldem,Egalitarian,vdem_high,instr-antiplural_w8_trt-ert_gapany_illib0p8655367_opp0p8655367_ctrypct_exclyr,backsliding_Nyr,387,53,-0.1559425675278627,0.1755883436988933,334,46,-0.04431432976503906,0.03367300371521453,0.18816749528011897,-0.01170269658523009,0.15404739944051463,0.939444434275628,15.163468577558326
8,backsliding_Nyr,Y_elecoff,Elected officials,vdem_electoral,instr-antiplural_w8_trt-ert_gapany_illib0p8655367_opp0p8655367_ctrypct_exclyr,backsliding_Nyr,387,53,-0.1559425675278627,0.1755883436988933,334,46,-0.12542311657501817,0.11926435804839772,0.2929649521679799,0.3618091531455121,1.04150846153554,0.7282986848875153,23.426838904595392
8,backsliding_Nyr,Y_frefair,Clean elections,vdem_electoral,instr-antiplural_w8_trt-ert_gapany_illib0p8655367_opp0p8655367_ctrypct_exclyr,backsliding_Nyr,387,53,-0.1559425675278627,0.1755883436988933,334,46,-0.09771853099193156,0.07213119953736391,0.1755025751676954,-0.02193976364949755,0.33803694236039245,0.9482508740084616,14.965497384661356
8,backsliding_Nyr,Y_frassoc,Association,vdem_electoral,instr-antiplural_w8_trt-ert_gapany_illib0p8655367_opp0p8655367_ctrypct_exclyr,backsliding_Nyr,387,53,-0.1559425675278627,0.1755883436988933,334,46,-0.09288395275805655,0.05711989502409168,0.10392357515842368,0.1525237544753155,0.3698093392684513,0.6800177611204578,16.985928762045987
8,backsliding_Nyr,Y_suffr,Suffrage,vdem_electoral,instr-antiplural_w8_trt-ert_gapany_illib0p8655367_opp0p8655367_ctrypct_exclyr,backsliding_Nyr,387,53,-0.1559425675278627,0.1755883436988933,334,46,-1.3695733902780707e-4,0.00224320346155619,0.9513159212419076,0.01563936418644254,0.01158281503343366,0.17694499080926715,14.446270165772368
8,backsliding_Nyr,Y_freexp,Expression & alt. info,vdem_electoral,instr-antiplural_w8_trt-ert_gapany_illib0p8655367_opp0p8655367_ctrypct_exclyr,backsliding_Nyr,387,53,-0.1559425675278627,0.1755883436988933,334,46,-0.08196857651974357,0.05205971850173679,0.1153694621922872,0.0421334421722207,0.3137689281789429,0.893179780395821,17.343321600763648
8,backsliding_Nyr,Y_cl_rol,Rule of law,vdem_liberal,instr-antiplural_w8_trt-ert_gapany_illib0p8655367_opp0p8655367_ctrypct_exclyr,backsliding_Nyr,387,53,-0.1559425675278627,0.1755883436988933,334,46,-0.11155080485934608,0.04370391431294396,0.01069770530389702,0.20009155226406072,0.3836315851766048,0.6019682554587535,18.464539540953012
8,backsliding_Nyr,Y_cspart,Civil society,vdem_particip,instr-antiplural_w8_trt-ert_gapany_illib0p8655367_opp0p8655367_ctrypct_exclyr,backsliding_Nyr,387,53,-0.1559425675278627,0.1755883436988933,334,46,-0.06066350805187232,0.04741017154232575,0.20070475754049488,0.03503803449727424,0.2647074303633292,0.8946954909992382,17.472671245150373
8,backsliding_Nyr,Y_dd,Direct democracy,vdem_particip,instr-antiplural_w8_trt-ert_gapany_illib0p8655367_opp0p8655367_ctrypct_exclyr,backsliding_Nyr,387,53,-0.1559425675278627,0.1755883436988933,334,46,0.04118358057892135,0.0594824591597993,0.48870805810529816,-0.17387207001856891,0.2915074868565244,0.5508690805527887,18.832852677303897
8,backsliding_Nyr,Y_locelec,Local elections,vdem_particip,instr-antiplural_w8_trt-ert_gapany_illib0p8655367_opp0p8655367_ctrypct_exclyr,backsliding_Nyr,387,53,-0.1559425675278627,0.1755883436988933,329,46,-0.04415821523956555,0.09022022900372707,0.6245237399173336,0.09110057254661738,0.5129489602043737,0.8590358426455997,18.74398757343038
8,backsliding_Nyr,Y_regelec,Regional elections,vdem_particip,instr-antiplural_w8_trt-ert_gapany_illib0p8655367_opp0p8655367_ctrypct_exclyr,backsliding_Nyr,387,53,-0.1559425675278627,0.1755883436988933,333,46,-0.07930827274087959,0.04639219791457929,0.08735513874089777,0.19890103807756415,0.3010562444652095,0.5088192602460679,18.237716753473237
8,backsliding_Nyr,Y_delib,Deliberation,vdem_egal_delib,instr-antiplural_w8_trt-ert_gapany_illib0p8655367_opp0p8655367_ctrypct_exclyr,backsliding_Nyr,387,53,-0.1559425675278627,0.1755883436988933,334,46,-0.09563819249514444,0.07431040137261083,0.19809097703683248,0.05037935943301891,0.4482831774708173,0.910519820455194,17.56865949942578
8,backsliding_Nyr,Y_eqprotec,Equal protection,vdem_egal_delib,instr-antiplural_w8_trt-ert_gapany_illib0p8655367_opp0p8655367_ctrypct_exclyr,backsliding_Nyr,387,53,-0.1559425675278627,0.1755883436988933,334,46,-0.01331581620558628,0.03835125845848866,0.7284359923618825,-0.00639739395877965,0.2162462638848751,0.9763989568507524,20.097352455721673
8,backsliding_Nyr,Y_eqaccess,Equal access,vdem_egal_delib,instr-antiplural_w8_trt-ert_gapany_illib0p8655367_opp0p8655367_ctrypct_exclyr,backsliding_Nyr,387,53,-0.1559425675278627,0.1755883436988933,334,46,-0.06248115224618438,0.04808579873953553,0.19381763874919644,0.15382527408369467,0.4290392439722347,0.7199435230006128,22.658402187690175
8,backsliding_Nyr,Y_eqdr,Equal distribution,vdem_egal_delib,instr-antiplural_w8_trt-ert_gapany_illib0p8655367_opp0p8655367_ctrypct_exclyr,backsliding_Nyr,387,53,-0.1559425675278627,0.1755883436988933,334,46,-0.0224983903737906,0.02944190843889837,0.4447706532183879,0.08806129195218884,0.19875392185286428,0.6577173170374581,22.15236958170673
8,backsliding_union_Nyr,Y_gdp_growth,PWT,growth,instr-antiplural_w8_trt-ertOrDdcg_gapany_illib0p8655367_opp0p8655367_ctrypct_exclyr,backsliding_union_Nyr,387,56,-0.16113006290563137,0.16251890985902076,302,44,-0.10214779014764858,0.10596099043577269,0.33503932371501294,0.46483251707155615,2.5535039246021674,0.8555535898682333,20.96146705506962
8,backsliding_union_Nyr,Y_gdp_growth_wb,World Bank,growth,instr-antiplural_w8_trt-ertOrDdcg_gapany_illib0p8655367_opp0p8655367_ctrypct_exclyr,backsliding_union_Nyr,387,56,-0.16113006290563137,0.16251890985902076,318,46,-0.03977441146425845,0.0796701436675391,0.6176113003189924,0.20066139943123917,0.6276790153928856,0.7492049173643451,20.185017736472304
8,backsliding_union_Nyr,Y_gdp_growth_imf,IMF WEO,growth,instr-antiplural_w8_trt-ertOrDdcg_gapany_illib0p8655367_opp0p8655367_ctrypct_exclyr,backsliding_union_Nyr,387,56,-0.16113006290563137,0.16251890985902076,206,29,-0.09846135208274204,0.08384923968194262,0.2402883024806773,0.37645417350862426,1.4816774365622136,0.7994391921067924,18.471050592456145
8,backsliding_union_Nyr,Y_inflation,"CPI, cumulative log",inflation,instr-antiplural_w8_trt-ertOrDdcg_gapany_illib0p8655367_opp0p8655367_ctrypct_exclyr,backsliding_union_Nyr,387,56,-0.16113006290563137,0.16251890985902076,282,41,-0.5195364401595656,0.5341651674249468,0.33074525638156504,0.9616298434468964,2.136757997396223,0.6526804937790347,16.56476146824461
8,backsliding_union_Nyr,Y_unemployment,Unemployment rate,unemployment,instr-antiplural_w8_trt-ertOrDdcg_gapany_illib0p8655367_opp0p8655367_ctrypct_exclyr,backsliding_union_Nyr,387,56,-0.16113006290563137,0.16251890985902076,199,39,-3.9147104190843303,1.5111494831020054,0.00958223088374556,8.449583191342024,5.809978934378015,0.14585691036382703,12.70367323501799
8,backsliding_union_Nyr,Y_trade_pct_gdp,Trade / GDP,trade,instr-antiplural_w8_trt-ertOrDdcg_gapany_illib0p8655367_opp0p8655367_ctrypct_exclyr,backsliding_union_Nyr,387,56,-0.16113006290563137,0.16251890985902076,284,40,0.6328711835056566,8.400357029083699,0.93994530607251,7.201969115624129,41.329010435587335,0.861661594569678,17.062422690037653
8,backsliding_union_Nyr,Y_top10_share,Top-10% income share,top10,instr-antiplural_w8_trt-ertOrDdcg_gapany_illib0p8655367_opp0p8655367_ctrypct_exclyr,backsliding_union_Nyr,387,56,-0.16113006290563137,0.16251890985902076,277,43,0.9576285871588408,1.1171278437139984,0.3913212057374114,-3.9779303779740744,5.120178710902438,0.43721044944919657,17.880087925155145
8,backsliding_union_Nyr,Y_gini_disp,Disposable,gini,instr-antiplural_w8_trt-ertOrDdcg_gapany_illib0p8655367_opp0p8655367_ctrypct_exclyr,backsliding_union_Nyr,387,56,-0.16113006290563137,0.16251890985902076,236,37,-0.00573400409091895,0.8892763490489931,0.9948553206901084,0.754269033858544,4.488495418616443,0.86654790886934,20.775878842366968
8,backsliding_union_Nyr,Y_gini_mkt,Market,gini,instr-antiplural_w8_trt-ertOrDdcg_gapany_illib0p8655367_opp0p8655367_ctrypct_exclyr,backsliding_union_Nyr,387,56,-0.16113006290563137,0.16251890985902076,236,37,0.3333104618130729,0.8313147946787043,0.6884615464997264,-0.37202208414510585,4.223902238888076,0.9298167097834772,21.461296336098535
8,backsliding_union_Nyr,Y_debt,Debt / GDP,fiscal,instr-antiplural_w8_trt-ertOrDdcg_gapany_illib0p8655367_opp0p8655367_ctrypct_exclyr,backsliding_union_Nyr,387,56,-0.16113006290563137,0.16251890985902076,305,42,-12.828011604851874,10.08224955353424,0.20325367349083817,54.40254391101429,66.80150572308293,0.41542100259116727,18.64994811067807
8,backsliding_union_Nyr,Y_deficit,Deficit / GDP,fiscal,instr-antiplural_w8_trt-ertOrDdcg_gapany_illib0p8655367_opp0p8655367_ctrypct_exclyr,backsliding_union_Nyr,387,56,-0.16113006290563137,0.16251890985902076,248,42,2.3139796733888582,3.528756191487638,0.5119853931787178,-3.486102283918014,22.138580569492795,0.87487658515662,24.20933653393266
8,backsliding_union_Nyr,Y_checks_balances,Checks & balances,institutions,instr-antiplural_w8_trt-ertOrDdcg_gapany_illib0p8655367_opp0p8655367_ctrypct_exclyr,backsliding_union_Nyr,387,56,-0.16113006290563137,0.16251890985902076,319,46,-0.05073593290184364,0.06629947724374201,0.4441203750417437,0.15420457316314526,0.30059892554797785,0.6079575470689036,17.35512405515293
8,backsliding_union_Nyr,Y_jucon,Judicial constraints,institutions,instr-antiplural_w8_trt-ertOrDdcg_gapany_illib0p8655367_opp0p8655367_ctrypct_exclyr,backsliding_union_Nyr,387,56,-0.16113006290563137,0.16251890985902076,334,49,-0.03186833056201607,0.04954309556930103,0.5200653731615696,-0.01694275581964047,0.19940098568249895,0.9322866201974094,14.207300030329623
8,backsliding_union_Nyr,Y_legcon,Legislative constraints,institutions,instr-antiplural_w8_trt-ertOrDdcg_gapany_illib0p8655367_opp0p8655367_ctrypct_exclyr,backsliding_union_Nyr,387,56,-0.16113006290563137,0.16251890985902076,319,46,-0.11146233791455289,0.10299065622836832,0.27913843646946074,0.33366495514826433,0.4789242166602505,0.48599258019527647,19.81598170543002
8,backsliding_union_Nyr,Y_hos_power,HOS,exec_power,instr-antiplural_w8_trt-ertOrDdcg_gapany_illib0p8655367_opp0p8655367_ctrypct_exclyr,backsliding_union_Nyr,387,56,-0.16113006290563137,0.16251890985902076,334,49,0.00123141587978157,0.0293639120767521,0.9665494228685582,0.01167957745833026,0.15397690674802278,0.9395362193713664,17.06971134573229
8,backsliding_union_Nyr,Y_hog_power,HOG,exec_power,instr-antiplural_w8_trt-ertOrDdcg_gapany_illib0p8655367_opp0p8655367_ctrypct_exclyr,backsliding_union_Nyr,387,56,-0.16113006290563137,0.16251890985902076,146,31,0.05678174802885977,0.02901108397549287,0.05031887714424336,-0.12375593748262012,0.1644962439174483,0.4518508828722512,16.613267651062923
8,backsliding_union_Nyr,Y_hos_power_vdem,HOS (v2ex_hosw),exec_power_alt,instr-antiplural_w8_trt-ertOrDdcg_gapany_illib0p8655367_opp0p8655367_ctrypct_exclyr,backsliding_union_Nyr,387,56,-0.16113006290563137,0.16251890985902076,334,49,-0.02340025267344913,0.01543711404772778,0.12955886930706462,0.0766352374067995,0.05047998524590834,0.128981343059605,14.19049520061462
8,backsliding_union_Nyr,Y_hog_power_vdem,HOG (v2ex_hogw),exec_power_alt,instr-antiplural_w8_trt-ertOrDdcg_gapany_illib0p8655367_opp0p8655367_ctrypct_exclyr,backsliding_union_Nyr,387,56,-0.16113006290563137,0.16251890985902076,334,49,0.03602822278744206,0.02015213532865758,0.07380639686500808,-0.12174064297519216,0.08471786435275933,0.15071439842849585,14.098117933265318
8,backsliding_union_Nyr,Y_polyarchy,Electoral (polyarchy),vdem_high,instr-antiplural_w8_trt-ertOrDdcg_gapany_illib0p8655367_opp0p8655367_ctrypct_exclyr,backsliding_union_Nyr,387,56,-0.16113006290563137,0.16251890985902076,334,49,-0.07457843065734218,0.05164726951689254,0.14874020909509553,0.00685143571797422,0.24844690348349857,0.9779994763961852,15.041893435890003
8,backsliding_union_Nyr,Y_libdem,Liberal,vdem_high,instr-antiplural_w8_trt-ertOrDdcg_gapany_illib0p8655367_opp0p8655367_ctrypct_exclyr,backsliding_union_Nyr,387,56,-0.16113006290563137,0.16251890985902076,334,49,-0.06321042557311285,0.04485489765009778,0.15877008144902388,0.01679412815337777,0.2086180682308469,0.93583817174938,14.680466918172058
8,backsliding_union_Nyr,Y_partipdem,Participatory,vdem_high,instr-antiplural_w8_trt-ertOrDdcg_gapany_illib0p8655367_opp0p8655367_ctrypct_exclyr,backsliding_union_Nyr,387,56,-0.16113006290563137,0.16251890985902076,333,49,-0.04606102766153806,0.03692600137082529,0.21225549604370297,-0.03744540104263866,0.1556796192101415,0.8099204934070084,14.323131797995805
8,backsliding_union_Nyr,Y_delibdem,Deliberative,vdem_high,instr-antiplural_w8_trt-ertOrDdcg_gapany_illib0p8655367_opp0p8655367_ctrypct_exclyr,backsliding_union_Nyr,387,56,-0.16113006290563137,0.16251890985902076,334,49,-0.06522776315568878,0.0563053269383772,0.24667423559809337,-0.02540717655132871,0.2646655024683208,0.923522708212052,15.306498629375088
8,backsliding_union_Nyr,Y_egaldem,Egalitarian,vdem_high,instr-antiplural_w8_trt-ertOrDdcg_gapany_illib0p8655367_opp0p8655367_ctrypct_exclyr,backsliding_union_Nyr,387,56,-0.16113006290563137,0.16251890985902076,334,49,-0.04431432976503906,0.03367300371521453,0.18816749528011897,-0.01079282224039861,0.1540434240590746,0.9441431139331516,15.165426211729244
8,backsliding_union_Nyr,Y_elecoff,Elected officials,vdem_electoral,instr-antiplural_w8_trt-ertOrDdcg_gapany_illib0p8655367_opp0p8655367_ctrypct_exclyr,backsliding_union_Nyr,387,56,-0.16113006290563137,0.16251890985902076,334,49,-0.12542311657501817,0.11926435804839772,0.2929649521679799,0.3597748170551297,0.964909921171351,0.709253798109384,23.231616635274513
8,backsliding_union_Nyr,Y_frefair,Clean elections,vdem_electoral,instr-antiplural_w8_trt-ertOrDdcg_gapany_illib0p8655367_opp0p8655367_ctrypct_exclyr,backsliding_union_Nyr,387,56,-0.16113006290563137,0.16251890985902076,334,49,-0.09771853099193156,0.07213119953736391,0.1755025751676954,-0.01901669615541926,0.33903307915071373,0.9552693330845196,15.003446525591391
8,backsliding_union_Nyr,Y_frassoc,Association,vdem_electoral,instr-antiplural_w8_trt-ertOrDdcg_gapany_illib0p8655367_opp0p8655367_ctrypct_exclyr,backsliding_union_Nyr,387,56,-0.16113006290563137,0.16251890985902076,334,49,-0.09288395275805655,0.05711989502409168,0.10392357515842368,0.15709540549223003,0.3703939415035161,0.6714705685612616,17.006836011121408
8,backsliding_union_Nyr,Y_suffr,Suffrage,vdem_electoral,instr-antiplural_w8_trt-ertOrDdcg_gapany_illib0p8655367_opp0p8655367_ctrypct_exclyr,backsliding_union_Nyr,387,56,-0.16113006290563137,0.16251890985902076,334,49,-1.3695733902780707e-4,0.00224320346155619,0.9513159212419076,0.01475868771614269,0.01073184034591365,0.16906191436090742,15.12491239962657
8,backsliding_union_Nyr,Y_freexp,Expression & alt. info,vdem_electoral,instr-antiplural_w8_trt-ertOrDdcg_gapany_illib0p8655367_opp0p8655367_ctrypct_exclyr,backsliding_union_Nyr,387,56,-0.16113006290563137,0.16251890985902076,334,49,-0.08196857651974357,0.05205971850173679,0.1153694621922872,0.0445672643466837,0.3158591473882923,0.8877920975136321,17.409619860898783
8,backsliding_union_Nyr,Y_cl_rol,Rule of law,vdem_liberal,instr-antiplural_w8_trt-ertOrDdcg_gapany_illib0p8655367_opp0p8655367_ctrypct_exclyr,backsliding_union_Nyr,387,56,-0.16113006290563137,0.16251890985902076,334,49,-0.11155080485934608,0.04370391431294396,0.01069770530389702,0.20475586943799193,0.3870021130077845,0.5967485361607032,18.551919997592783
8,backsliding_union_Nyr,Y_cspart,Civil society,vdem_particip,instr-antiplural_w8_trt-ertOrDdcg_gapany_illib0p8655367_opp0p8655367_ctrypct_exclyr,backsliding_union_Nyr,387,56,-0.16113006290563137,0.16251890985902076,334,49,-0.06066350805187232,0.04741017154232575,0.20070475754049488,0.03723333577184265,0.2664550442475109,0.8888686595220804,17.572995659543075
8,backsliding_union_Nyr,Y_dd,Direct democracy,vdem_particip,instr-antiplural_w8_trt-ertOrDdcg_gapany_illib0p8655367_opp0p8655367_ctrypct_exclyr,backsliding_union_Nyr,387,56,-0.16113006290563137,0.16251890985902076,334,49,0.04118358057892135,0.0594824591597993,0.48870805810529816,-0.1735787140132539,0.29167433375297586,0.5517690251287992,18.91087705131569
8,backsliding_union_Nyr,Y_locelec,Local elections,vdem_particip,instr-antiplural_w8_trt-ertOrDdcg_gapany_illib0p8655367_opp0p8655367_ctrypct_exclyr,backsliding_union_Nyr,387,56,-0.16113006290563137,0.16251890985902076,329,49,-0.04415821523956555,0.09022022900372707,0.6245237399173336,0.0902036736389295,0.5103731577830821,0.8597121247990837,18.65004498768584
8,backsliding_union_Nyr,Y_regelec,Regional elections,vdem_particip,instr-antiplural_w8_trt-ertOrDdcg_gapany_illib0p8655367_opp0p8655367_ctrypct_exclyr,backsliding_union_Nyr,387,56,-0.16113006290563137,0.16251890985902076,333,49,-0.07930827274087959,0.04639219791457929,0.08735513874089777,0.20651979777146195,0.30254426558566844,0.4948531951363984,18.294555270236536
8,backsliding_union_Nyr,Y_delib,Deliberation,vdem_egal_delib,instr-antiplural_w8_trt-ertOrDdcg_gapany_illib0p8655367_opp0p8655367_ctrypct_exclyr,backsliding_union_Nyr,387,56,-0.16113006290563137,0.16251890985902076,334,49,-0.09563819249514444,0.07431040137261083,0.19809097703683248,0.06175765224631455,0.4588673547712555,0.8929382972558777,17.873607664711457
8,backsliding_union_Nyr,Y_eqprotec,Equal protection,vdem_egal_delib,instr-antiplural_w8_trt-ertOrDdcg_gapany_illib0p8655367_opp0p8655367_ctrypct_exclyr,backsliding_union_Nyr,387,56,-0.16113006290563137,0.16251890985902076,334,49,-0.01331581620558628,0.03835125845848866,0.7284359923618825,-0.00602707806406746,0.21551867012773143,0.9776897018266286,20.142037375543467
8,backsliding_union_Nyr,Y_eqaccess,Equal access,vdem_egal_delib,instr-antiplural_w8_trt-ertOrDdcg_gapany_illib0p8655367_opp0p8655367_ctrypct_exclyr,backsliding_union_Nyr,387,56,-0.16113006290563137,0.16251890985902076,334,49,-0.06248115224618438,0.04808579873953553,0.19381763874919644,0.15706084307812077,0.42116538930842234,0.7092082581625463,23.009644623896413
8,backsliding_union_Nyr,Y_eqdr,Equal distribution,vdem_egal_delib,instr-antiplural_w8_trt-ertOrDdcg_gapany_illib0p8655367_opp0p8655367_ctrypct_exclyr,backsliding_union_Nyr,387,56,-0.16113006290563137,0.16251890985902076,334,49,-0.0224983903737906,0.02944190843889837,0.4447706532183879,0.0863547580039817,0.1914816555380761,0.6520026048709541,22.1417305945575
8,polyarchy_decline,Y_gdp_growth,PWT,growth,instr-antiplural_w8_trt-polyarchy_gapany_illib0p8655367_opp0p8655367_ctrypct_exclyr,polyarchy_decline,334,128,0.07457843065734218,0.14874020909509553,302,107,-0.10214779014764858,0.10596099043577269,0.33503932371501294,-0.9816722413434184,1.3442939203254456,0.4652366547102363,24.047562735792827
8,polyarchy_decline,Y_gdp_growth_wb,World Bank,growth,instr-antiplural_w8_trt-polyarchy_gapany_illib0p8655367_opp0p8655367_ctrypct_exclyr,polyarchy_decline,334,128,0.07457843065734218,0.14874020909509553,318,121,-0.03977441146425845,0.0796701436675391,0.6176113003189924,-0.4722064431764341,0.9865930461021156,0.6322066224142016,26.47961308817172
8,polyarchy_decline,Y_gdp_growth_imf,IMF WEO,growth,instr-antiplural_w8_trt-polyarchy_gapany_illib0p8655367_opp0p8655367_ctrypct_exclyr,polyarchy_decline,334,128,0.07457843065734218,0.14874020909509553,206,77,-0.09846135208274204,0.08384923968194262,0.2402883024806773,-1.9657455169936435,2.483855126826099,0.4287053092715272,22.020481336967013
8,polyarchy_decline,Y_inflation,"CPI, cumulative log",inflation,instr-antiplural_w8_trt-polyarchy_gapany_illib0p8655367_opp0p8655367_ctrypct_exclyr,polyarchy_decline,334,128,0.07457843065734218,0.14874020909509553,282,107,-0.5195364401595656,0.5341651674249468,0.33074525638156504,-7.462550354669937,8.347137388289644,0.37130846069445234,22.25031763119262
8,polyarchy_decline,Y_unemployment,Unemployment rate,unemployment,instr-antiplural_w8_trt-polyarchy_gapany_illib0p8655367_opp0p8655367_ctrypct_exclyr,polyarchy_decline,334,128,0.07457843065734218,0.14874020909509553,199,102,-3.9147104190843303,1.5111494831020054,0.00958223088374556,-188.88726989222343,673.0918892017802,0.778997060650707,17.85619283503268
8,polyarchy_decline,Y_trade_pct_gdp,Trade / GDP,trade,instr-antiplural_w8_trt-polyarchy_gapany_illib0p8655367_opp0p8655367_ctrypct_exclyr,polyarchy_decline,334,128,0.07457843065734218,0.14874020909509553,284,111,0.6328711835056566,8.400357029083699,0.93994530607251,1.2213541224490427,150.3766952780693,0.993519681478192,25.109907870053224
8,polyarchy_decline,Y_top10_share,Top-10% income share,top10,instr-antiplural_w8_trt-polyarchy_gapany_illib0p8655367_opp0p8655367_ctrypct_exclyr,polyarchy_decline,334,128,0.07457843065734218,0.14874020909509553,277,109,0.9576285871588408,1.1171278437139984,0.3913212057374114,16.7508585484774,20.08659725193013,0.4043192383049929,22.32319094163815
8,polyarchy_decline,Y_gini_disp,Disposable,gini,instr-antiplural_w8_trt-polyarchy_gapany_illib0p8655367_opp0p8655367_ctrypct_exclyr,polyarchy_decline,334,128,0.07457843065734218,0.14874020909509553,236,87,-0.00573400409091895,0.8892763490489931,0.9948553206901084,-0.7959805986493107,22.643439248946752,0.9719578882652252,21.663630919854334
8,polyarchy_decline,Y_gini_mkt,Market,gini,instr-antiplural_w8_trt-polyarchy_gapany_illib0p8655367_opp0p8655367_ctrypct_exclyr,polyarchy_decline,334,128,0.07457843065734218,0.14874020909509553,236,87,0.3333104618130729,0.8313147946787043,0.6884615464997264,6.343323192034315,19.675780014795972,0.747155392886728,22.87410052993114
8,polyarchy_decline,Y_debt,Debt / GDP,fiscal,instr-antiplural_w8_trt-polyarchy_gapany_illib0p8655367_opp0p8655367_ctrypct_exclyr,polyarchy_decline,334,128,0.07457843065734218,0.14874020909509553,305,119,-12.828011604851874,10.08224955353424,0.20325367349083817,4.862308078053054,125.264970854764,0.9690369420977536,27.633190942973428
8,polyarchy_decline,Y_deficit,Deficit / GDP,fiscal,instr-antiplural_w8_trt-polyarchy_gapany_illib0p8655367_opp0p8655367_ctrypct_exclyr,polyarchy_decline,334,128,0.07457843065734218,0.14874020909509553,248,100,2.3139796733888582,3.528756191487638,0.5119853931787178,60.651465151616705,93.54716915878488,0.5167575093075634,18.597144756515423
8,polyarchy_decline,Y_checks_balances,Checks & balances,institutions,instr-antiplural_w8_trt-polyarchy_gapany_illib0p8655367_opp0p8655367_ctrypct_exclyr,polyarchy_decline,334,128,0.07457843065734218,0.14874020909509553,319,123,-0.05073593290184364,0.06629947724374201,0.4441203750417437,-3.639299830770461,7.467763202399285,0.6260211902659055,16.45200607415609
8,polyarchy_decline,Y_jucon,Judicial constraints,institutions,instr-antiplural_w8_trt-polyarchy_gapany_illib0p8655367_opp0p8655367_ctrypct_exclyr,polyarchy_decline,334,128,0.07457843065734218,0.14874020909509553,334,128,-0.03186833056201607,0.04954309556930103,0.5200653731615696,-0.7534732875343644,0.7120850845908474,0.2899995737220081,20.89177800800823
8,polyarchy_decline,Y_legcon,Legislative constraints,institutions,instr-antiplural_w8_trt-polyarchy_gapany_illib0p8655367_opp0p8655367_ctrypct_exclyr,polyarchy_decline,334,128,0.07457843065734218,0.14874020909509553,319,123,-0.11146233791455289,0.10299065622836832,0.27913843646946074,-9.10572217387337,23.794147162903172,0.7019514999355365,14.649579266704622
8,polyarchy_decline,Y_hos_power,HOS,exec_power,instr-antiplural_w8_trt-polyarchy_gapany_illib0p8655367_opp0p8655367_ctrypct_exclyr,polyarchy_decline,334,128,0.07457843065734218,0.14874020909509553,334,128,0.00123141587978157,0.0293639120767521,0.9665494228685582,0.07428187170399325,0.3864392746773896,0.8475688377868579,23.387365866888075
8,polyarchy_decline,Y_hog_power,HOG,exec_power,instr-antiplural_w8_trt-polyarchy_gapany_illib0p8655367_opp0p8655367_ctrypct_exclyr,polyarchy_decline,334,128,0.07457843065734218,0.14874020909509553,146,53,0.05678174802885977,0.02901108397549287,0.05031887714424336,0.916471151903143,1.1768431203177427,0.43612470741951104,17.329585987060078
8,polyarchy_decline,Y_hos_power_vdem,HOS (v2ex_hosw),exec_power_alt,instr-antiplural_w8_trt-polyarchy_gapany_illib0p8655367_opp0p8655367_ctrypct_exclyr,polyarchy_decline,334,128,0.07457843065734218,0.14874020909509553,334,128,-0.02340025267344913,0.01543711404772778,0.12955886930706462,-0.11945448894011458,0.3372892289196547,0.7232186773394487,20.3179903505872
8,polyarchy_decline,Y_hog_power_vdem,HOG (v2ex_hogw),exec_power_alt,instr-antiplural_w8_trt-polyarchy_gapany_illib0p8655367_opp0p8655367_ctrypct_exclyr,polyarchy_decline,334,128,0.07457843065734218,0.14874020909509553,334,128,0.03602822278744206,0.02015213532865758,0.07380639686500808,0.3228680789266817,0.463333296904057,0.48590441035231213,19.780925541908253
8,polyarchy_decline,Y_polyarchy,Electoral (polyarchy),vdem_high,instr-antiplural_w8_trt-polyarchy_gapany_illib0p8655367_opp0p8655367_ctrypct_exclyr,polyarchy_decline,334,128,0.07457843065734218,0.14874020909509553,334,128,-0.07457843065734218,0.05164726951689254,0.14874020909509553,-1,3.3253196682565137e-17,0,21.53783810142433
8,polyarchy_decline,Y_libdem,Liberal,vdem_high,instr-antiplural_w8_trt-polyarchy_gapany_illib0p8655367_opp0p8655367_ctrypct_exclyr,polyarchy_decline,334,128,0.07457843065734218,0.14874020909509553,334,128,-0.06321042557311285,0.04485489765009778,0.15877008144902388,-0.9106460533669162,0.19243638771335997,2.2210749401226537e-6,22.13437679297575
8,polyarchy_decline,Y_partipdem,Participatory,vdem_high,instr-antiplural_w8_trt-polyarchy_gapany_illib0p8655367_opp0p8655367_ctrypct_exclyr,polyarchy_decline,334,128,0.07457843065734218,0.14874020909509553,333,128,-0.04606102766153806,0.03692600137082529,0.21225549604370297,-0.6071413370129003,0.2621415485338487,0.0205537887831873,24.5654727468425
8,polyarchy_decline,Y_delibdem,Deliberative,vdem_high,instr-antiplural_w8_trt-polyarchy_gapany_illib0p8655367_opp0p8655367_ctrypct_exclyr,polyarchy_decline,334,128,0.07457843065734218,0.14874020909509553,334,128,-0.06522776315568878,0.0563053269383772,0.24667423559809337,-0.8785713721754149,0.2710681742250422,0.00119050435022747,28.699450290189024
8,polyarchy_decline,Y_egaldem,Egalitarian,vdem_high,instr-antiplural_w8_trt-polyarchy_gapany_illib0p8655367_opp0p8655367_ctrypct_exclyr,polyarchy_decline,334,128,0.07457843065734218,0.14874020909509553,334,128,-0.04431432976503906,0.03367300371521453,0.18816749528011897,-0.5886394359952531,0.16145512421717942,2.66520504998449e-4,24.849760577958083
8,polyarchy_decline,Y_elecoff,Elected officials,vdem_electoral,instr-antiplural_w8_trt-polyarchy_gapany_illib0p8655367_opp0p8655367_ctrypct_exclyr,polyarchy_decline,334,128,0.07457843065734218,0.14874020909509553,334,128,-0.12542311657501817,0.11926435804839772,0.2929649521679799,-1.7075347317609306,1.2937760948408557,0.18689946767310853,22.55818874585957
8,polyarchy_decline,Y_frefair,Clean elections,vdem_electoral,instr-antiplural_w8_trt-polyarchy_gapany_illib0p8655367_opp0p8655367_ctrypct_exclyr,polyarchy_decline,334,128,0.07457843065734218,0.14874020909509553,334,128,-0.09771853099193156,0.07213119953736391,0.1755025751676954,-1.3521610137232527,0.28697409612176883,2.4555313126234757e-6,24.284125263747928
8,polyarchy_decline,Y_frassoc,Association,vdem_electoral,instr-antiplural_w8_trt-polyarchy_gapany_illib0p8655367_opp0p8655367_ctrypct_exclyr,polyarchy_decline,334,128,0.07457843065734218,0.14874020909509553,334,128,-0.09288395275805655,0.05711989502409168,0.10392357515842368,-1.4459087956339174,0.5685489940128413,0.0109856164301797,20.59547656220861
8,polyarchy_decline,Y_suffr,Suffrage,vdem_electoral,instr-antiplural_w8_trt-polyarchy_gapany_illib0p8655367_opp0p8655367_ctrypct_exclyr,polyarchy_decline,334,128,0.07457843065734218,0.14874020909509553,334,128,-1.3695733902780707e-4,0.00224320346155619,0.9513159212419076,0.02268208149448526,0.06038558431665249,0.707198825075289,25.94066308913331
8,polyarchy_decline,Y_freexp,Expression & alt. info,vdem_electoral,instr-antiplural_w8_trt-polyarchy_gapany_illib0p8655367_opp0p8655367_ctrypct_exclyr,polyarchy_decline,334,128,0.07457843065734218,0.14874020909509553,334,128,-0.08196857651974357,0.05205971850173679,0.1153694621922872,-1.012054986670715,0.5295200991420803,0.05597010892393524,20.94558897706993
8,polyarchy_decline,Y_cl_rol,Rule of law,vdem_liberal,instr-antiplural_w8_trt-polyarchy_gapany_illib0p8655367_opp0p8655367_ctrypct_exclyr,polyarchy_decline,334,128,0.07457843065734218,0.14874020909509553,334,128,-0.11155080485934608,0.04370391431294396,0.01069770530389702,-1.829224136217955,1.194826693954111,0.12578087976681712,19.68429155045825
8,polyarchy_decline,Y_cspart,Civil society,vdem_particip,instr-antiplural_w8_trt-polyarchy_gapany_illib0p8655367_opp0p8655367_ctrypct_exclyr,polyarchy_decline,334,128,0.07457843065734218,0.14874020909509553,334,128,-0.06066350805187232,0.04741017154232575,0.20070475754049488,-0.7886152748977068,0.4630888871140873,0.08857821206233878,25.40757136259558
8,polyarchy_decline,Y_dd,Direct democracy,vdem_particip,instr-antiplural_w8_trt-polyarchy_gapany_illib0p8655367_opp0p8655367_ctrypct_exclyr,polyarchy_decline,334,128,0.07457843065734218,0.14874020909509553,334,128,0.04118358057892135,0.0594824591597993,0.48870805810529816,0.7861812314503213,1.2243479957885255,0.5207937351234038,20.825464436574403
8,polyarchy_decline,Y_locelec,Local elections,vdem_particip,instr-antiplural_w8_trt-polyarchy_gapany_illib0p8655367_opp0p8655367_ctrypct_exclyr,polyarchy_decline,334,128,0.07457843065734218,0.14874020909509553,329,126,-0.04415821523956555,0.09022022900372707,0.6245237399173336,-0.9596196097903326,1.1398874573183049,0.3998692912045919,25.077585389975795
8,polyarchy_decline,Y_regelec,Regional elections,vdem_particip,instr-antiplural_w8_trt-polyarchy_gapany_illib0p8655367_opp0p8655367_ctrypct_exclyr,polyarchy_decline,334,128,0.07457843065734218,0.14874020909509553,333,128,-0.07930827274087959,0.04639219791457929,0.08735513874089777,-1.58535540023163,1.4395203937695231,0.27076260806086067,19.669213361505253
8,polyarchy_decline,Y_delib,Deliberation,vdem_egal_delib,instr-antiplural_w8_trt-polyarchy_gapany_illib0p8655367_opp0p8655367_ctrypct_exclyr,polyarchy_decline,334,128,0.07457843065734218,0.14874020909509553,334,128,-0.09563819249514444,0.07431040137261083,0.19809097703683248,-1.1885422673371808,0.5759760207420701,0.0390625527650718,23.898750301991445
8,polyarchy_decline,Y_eqprotec,Equal protection,vdem_egal_delib,instr-antiplural_w8_trt-polyarchy_gapany_illib0p8655367_opp0p8655367_ctrypct_exclyr,polyarchy_decline,334,128,0.07457843065734218,0.14874020909509553,334,128,-0.01331581620558628,0.03835125845848866,0.7284359923618825,-0.21702817172294553,0.5127658366207969,0.6721128255238288,24.96389892429676
8,polyarchy_decline,Y_eqaccess,Equal access,vdem_egal_delib,instr-antiplural_w8_trt-polyarchy_gapany_illib0p8655367_opp0p8655367_ctrypct_exclyr,polyarchy_decline,334,128,0.07457843065734218,0.14874020909509553,334,128,-0.06248115224618438,0.04808579873953553,0.19381763874919644,-0.8518701421953851,0.6735671343365845,0.20597367918848025,22.029730927345767
8,polyarchy_decline,Y_eqdr,Equal distribution,vdem_egal_delib,instr-antiplural_w8_trt-polyarchy_gapany_illib0p8655367_opp0p8655367_ctrypct_exclyr,polyarchy_decline,334,128,0.07457843065734218,0.14874020909509553,334,128,-0.0224983903737906,0.02944190843889837,0.4447706532183879,-0.3195402613679391,0.3919315770764942,0.4149028769684821,23.369879933570697
9,backsliding_Nyr,Y_gdp_growth,PWT,growth,instr-antiplural_w9_trt-ert_gapany_illib0p8655367_opp0p8655367_ctrypct_exclyr,backsliding_Nyr,387,55,-0.1145619605262585,0.3018813127117502,288,40,-0.06983695499248427,0.1022008742031552,0.4943981460071114,0.5304760664174253,4.866875386688185,0.9132046661161132,25.962562658307327
9,backsliding_Nyr,Y_gdp_growth_wb,World Bank,growth,instr-antiplural_w9_trt-ert_gapany_illib0p8655367_opp0p8655367_ctrypct_exclyr,backsliding_Nyr,387,55,-0.1145619605262585,0.3018813127117502,305,43,-0.02138803094353072,0.08490037808154702,0.8011035585445103,0.18488109540477135,3.0363404034575416,0.9514472520025116,26.669956582633706
9,backsliding_Nyr,Y_gdp_growth_imf,IMF WEO,growth,instr-antiplural_w9_trt-ert_gapany_illib0p8655367_opp0p8655367_ctrypct_exclyr,backsliding_Nyr,387,55,-0.1145619605262585,0.3018813127117502,194,25,-0.09687592477212524,0.09273726577587048,0.296195031607392,-3.68491554912144,10.590708259977225,0.7278863421856553,23.21404016912787
9,backsliding_Nyr,Y_inflation,"CPI, cumulative log",inflation,instr-antiplural_w9_trt-ert_gapany_illib0p8655367_opp0p8655367_ctrypct_exclyr,backsliding_Nyr,387,55,-0.1145619605262585,0.3018813127117502,269,39,-0.6039084964471355,0.577932239980308,0.2960475167908025,2.6181228180321496,6.499823642949212,0.6870960567403216,18.929415191425505
9,backsliding_Nyr,Y_unemployment,Unemployment rate,unemployment,instr-antiplural_w9_trt-ert_gapany_illib0p8655367_opp0p8655367_ctrypct_exclyr,backsliding_Nyr,387,55,-0.1145619605262585,0.3018813127117502,188,37,-4.429409705072202,2.1623290627076845,0.04051652704500119,10.94827029930737,11.618577888457262,0.3460353520914731,19.523136993690635
9,backsliding_Nyr,Y_trade_pct_gdp,Trade / GDP,trade,instr-antiplural_w9_trt-ert_gapany_illib0p8655367_opp0p8655367_ctrypct_exclyr,backsliding_Nyr,387,55,-0.1145619605262585,0.3018813127117502,270,36,-2.3619728617989395,8.127685074868317,0.7713509002257224,26.746003270220292,76.60916354366341,0.726997143932046,19.788766083174284
9,backsliding_Nyr,Y_top10_share,Top-10% income share,top10,instr-antiplural_w9_trt-ert_gapany_illib0p8655367_opp0p8655367_ctrypct_exclyr,backsliding_Nyr,387,55,-0.1145619605262585,0.3018813127117502,264,40,1.2678755119608205,1.065740582885497,0.23417762901239067,4.996462364067366,105.10536393457882,0.962084721149044,27.12776683039165
9,backsliding_Nyr,Y_gini_disp,Disposable,gini,instr-antiplural_w9_trt-ert_gapany_illib0p8655367_opp0p8655367_ctrypct_exclyr,backsliding_Nyr,387,55,-0.1145619605262585,0.3018813127117502,224,35,0.980861197529193,0.9016161321743648,0.27664268036800643,-2.2702308583425967,20.279464973067565,0.9108652114992332,22.958670959518955
9,backsliding_Nyr,Y_gini_mkt,Market,gini,instr-antiplural_w9_trt-ert_gapany_illib0p8655367_opp0p8655367_ctrypct_exclyr,backsliding_Nyr,387,55,-0.1145619605262585,0.3018813127117502,224,35,1.2820189568756049,0.8269326276189947,0.12106218634101634,-4.792916014486336,22.10828511435484,0.8283698592071947,22.609908085446342
9,backsliding_Nyr,Y_debt,Debt / GDP,fiscal,instr-antiplural_w9_trt-ert_gapany_illib0p8655367_opp0p8655367_ctrypct_exclyr,backsliding_Nyr,387,55,-0.1145619605262585,0.3018813127117502,292,40,-9.65809905867556,9.674214013120636,0.31811731136992105,36.19764146830141,473.1884663300689,0.9390234596121906,23.246989610035612
9,backsliding_Nyr,Y_deficit,Deficit / GDP,fiscal,instr-antiplural_w9_trt-ert_gapany_illib0p8655367_opp0p8655367_ctrypct_exclyr,backsliding_Nyr,387,55,-0.1145619605262585,0.3018813127117502,234,39,3.747027453436923,4.681201639923737,0.423455120053896,3.5467836109744724,102.5743658151856,0.9724164995287964,23.76424314135245
9,backsliding_Nyr,Y_checks_balances,Checks & balances,institutions,instr-antiplural_w9_trt-ert_gapany_illib0p8655367_opp0p8655367_ctrypct_exclyr,backsliding_Nyr,387,55,-0.1145619605262585,0.3018813127117502,311,46,-0.06733620085009362,0.06495968867114264,0.2999295798805821,0.22064065349975637,0.38730067925547984,0.5688891480809031,17.469758170799437
9,backsliding_Nyr,Y_jucon,Judicial constraints,institutions,instr-antiplural_w9_trt-ert_gapany_illib0p8655367_opp0p8655367_ctrypct_exclyr,backsliding_Nyr,387,55,-0.1145619605262585,0.3018813127117502,323,46,-0.0597563162018456,0.05032014985794125,0.23502153962842529,0.03854975071304672,0.34647244060825444,0.9114073656593672,17.48528315429226
9,backsliding_Nyr,Y_legcon,Legislative constraints,institutions,instr-antiplural_w9_trt-ert_gapany_illib0p8655367_opp0p8655367_ctrypct_exclyr,backsliding_Nyr,387,55,-0.1145619605262585,0.3018813127117502,311,46,-0.12502165161772413,0.09851561999337093,0.204421768856128,0.4406106954118468,0.6267804034911806,0.4820715867433455,17.79896931259224
9,backsliding_Nyr,Y_hos_power,HOS,exec_power,instr-antiplural_w9_trt-ert_gapany_illib0p8655367_opp0p8655367_ctrypct_exclyr,backsliding_Nyr,387,55,-0.1145619605262585,0.3018813127117502,323,46,0.00317558339602425,0.03331770056630928,0.9240668512350032,0.05861222051729103,0.22967496430421247,0.798571423340836,19.59751800302197
9,backsliding_Nyr,Y_hog_power,HOG,exec_power,instr-antiplural_w9_trt-ert_gapany_illib0p8655367_opp0p8655367_ctrypct_exclyr,backsliding_Nyr,387,55,-0.1145619605262585,0.3018813127117502,142,32,0.06931488407697876,0.032257663218626,0.03165119814859826,-0.1779589860190408,0.22075341587916483,0.42015996915056464,19.643178371009174
9,backsliding_Nyr,Y_hos_power_vdem,HOS (v2ex_hosw),exec_power_alt,instr-antiplural_w9_trt-ert_gapany_illib0p8655367_opp0p8655367_ctrypct_exclyr,backsliding_Nyr,387,55,-0.1145619605262585,0.3018813127117502,323,46,-0.03557863939430705,0.02493805615293522,0.1536719976013802,0.09269826157146746,0.16657533280595752,0.5778728326529222,19.78619169880875
9,backsliding_Nyr,Y_hog_power_vdem,HOG (v2ex_hogw),exec_power_alt,instr-antiplural_w9_trt-ert_gapany_illib0p8655367_opp0p8655367_ctrypct_exclyr,backsliding_Nyr,387,55,-0.1145619605262585,0.3018813127117502,323,46,0.04589423312060459,0.02702680014708499,0.08948872348456312,0.02394535581443931,0.20410263238977924,0.9066063409487738,22.18046876215713
9,backsliding_Nyr,Y_polyarchy,Electoral (polyarchy),vdem_high,instr-antiplural_w9_trt-ert_gapany_illib0p8655367_opp0p8655367_ctrypct_exclyr,backsliding_Nyr,387,55,-0.1145619605262585,0.3018813127117502,323,46,-0.0730931522564823,0.05524129506460207,0.18578169179677984,0.157919095613125,0.7803527573060268,0.8396283731442298,22.12177702489924
9,backsliding_Nyr,Y_libdem,Liberal,vdem_high,instr-antiplural_w9_trt-ert_gapany_illib0p8655367_opp0p8655367_ctrypct_exclyr,backsliding_Nyr,387,55,-0.1145619605262585,0.3018813127117502,323,46,-0.05606862850016623,0.04840446478240416,0.24672699299153553,0.10510725846086674,0.49636826879689616,0.8323000700517527,20.657239193035014
9,backsliding_Nyr,Y_partipdem,Participatory,vdem_high,instr-antiplural_w9_trt-ert_gapany_illib0p8655367_opp0p8655367_ctrypct_exclyr,backsliding_Nyr,387,55,-0.1145619605262585,0.3018813127117502,322,46,-0.03917136248270269,0.04071356490194965,0.33598899048166847,0.04708602123124529,0.434426077834248,0.9136889284568138,21.353711068343237
9,backsliding_Nyr,Y_delibdem,Deliberative,vdem_high,instr-antiplural_w9_trt-ert_gapany_illib0p8655367_opp0p8655367_ctrypct_exclyr,backsliding_Nyr,387,55,-0.1145619605262585,0.3018813127117502,323,46,-0.05023900562238832,0.06265174382599917,0.4226239895628292,0.09739233493150937,0.8931679027913002,0.9131696035731488,23.68710567676961
9,backsliding_Nyr,Y_egaldem,Egalitarian,vdem_high,instr-antiplural_w9_trt-ert_gapany_illib0p8655367_opp0p8655367_ctrypct_exclyr,backsliding_Nyr,387,55,-0.1145619605262585,0.3018813127117502,323,46,-0.02951583837662726,0.0371016039908754,0.4262990085555928,0.01719546636209308,0.35154402066528156,0.9609877363128296,21.627976168207596
9,backsliding_Nyr,Y_elecoff,Elected officials,vdem_electoral,instr-antiplural_w9_trt-ert_gapany_illib0p8655367_opp0p8655367_ctrypct_exclyr,backsliding_Nyr,387,55,-0.1145619605262585,0.3018813127117502,323,46,-0.15311491360724816,0.12009643385168992,0.2023329371944073,0.6870254778318976,3.901916458734844,0.8602359196837491,28.016646144437996
9,backsliding_Nyr,Y_frefair,Clean elections,vdem_electoral,instr-antiplural_w9_trt-ert_gapany_illib0p8655367_opp0p8655367_ctrypct_exclyr,backsliding_Nyr,387,55,-0.1145619605262585,0.3018813127117502,323,46,-0.1108176146007302,0.07947560825806496,0.16320889996297946,0.2903775987936237,1.4068022988420177,0.8364709176051025,22.97666582910161
9,backsliding_Nyr,Y_frassoc,Association,vdem_electoral,instr-antiplural_w9_trt-ert_gapany_illib0p8655367_opp0p8655367_ctrypct_exclyr,backsliding_Nyr,387,55,-0.1145619605262585,0.3018813127117502,323,46,-0.09956183892402384,0.06091874401736485,0.1021878276377462,0.33245453935393093,1.3054248780322129,0.7989768139936237,23.689437882267235
9,backsliding_Nyr,Y_suffr,Suffrage,vdem_electoral,instr-antiplural_w9_trt-ert_gapany_illib0p8655367_opp0p8655367_ctrypct_exclyr,backsliding_Nyr,387,55,-0.1145619605262585,0.3018813127117502,323,46,7.951254392281016e-4,0.00297789335403378,0.7894619439094422,0.01668204890893105,0.01088590121795721,0.125412569062134,16.85983463511503
9,backsliding_Nyr,Y_freexp,Expression & alt. info,vdem_electoral,instr-antiplural_w9_trt-ert_gapany_illib0p8655367_opp0p8655367_ctrypct_exclyr,backsliding_Nyr,387,55,-0.1145619605262585,0.3018813127117502,323,46,-0.06004038583796879,0.05619223693334729,0.28530320873119963,0.13810716623678598,0.9724389332053632,0.8870630799046424,23.177380778096847
9,backsliding_Nyr,Y_cl_rol,Rule of law,vdem_liberal,instr-antiplural_w9_trt-ert_gapany_illib0p8655367_opp0p8655367_ctrypct_exclyr,backsliding_Nyr,387,55,-0.1145619605262585,0.3018813127117502,323,46,-0.08646019933623834,0.04612840873120824,0.06088394276548069,0.25143126417911266,1.1740862225964424,0.8304296210675578,23.926722029999933
9,backsliding_Nyr,Y_cspart,Civil society,vdem_particip,instr-antiplural_w9_trt-ert_gapany_illib0p8655367_opp0p8655367_ctrypct_exclyr,backsliding_Nyr,387,55,-0.1145619605262585,0.3018813127117502,323,46,-0.0456638079494128,0.05624236838360379,0.4168425960633595,0.14115704234106907,1.100453557822566,0.8979339647226078,26.191150446992165
9,backsliding_Nyr,Y_dd,Direct democracy,vdem_particip,instr-antiplural_w9_trt-ert_gapany_illib0p8655367_opp0p8655367_ctrypct_exclyr,backsliding_Nyr,387,55,-0.1145619605262585,0.3018813127117502,323,46,0.02986651436190066,0.06660938860312227,0.653876842453611,-0.3451569591157233,0.9200702118861878,0.7075548790374262,30.632223375271128
9,backsliding_Nyr,Y_locelec,Local elections,vdem_particip,instr-antiplural_w9_trt-ert_gapany_illib0p8655367_opp0p8655367_ctrypct_exclyr,backsliding_Nyr,387,55,-0.1145619605262585,0.3018813127117502,318,46,-0.05188062412053966,0.08735879786085729,0.5525925203079742,0.219785711965524,1.6504611915087966,0.89406190919326,26.185379944773576
9,backsliding_Nyr,Y_regelec,Regional elections,vdem_particip,instr-antiplural_w9_trt-ert_gapany_illib0p8655367_opp0p8655367_ctrypct_exclyr,backsliding_Nyr,387,55,-0.1145619605262585,0.3018813127117502,322,46,-0.073793911901545,0.04965682857515895,0.1372585364561156,0.41151137691309536,0.8448207456843457,0.6261881444235639,23.81307818130241
9,backsliding_Nyr,Y_delib,Deliberation,vdem_egal_delib,instr-antiplural_w9_trt-ert_gapany_illib0p8655367_opp0p8655367_ctrypct_exclyr,backsliding_Nyr,387,55,-0.1145619605262585,0.3018813127117502,323,46,-0.0792723225014344,0.08004640321785493,0.32201304305677453,0.19038660964985177,1.5551686264473643,0.902564940292468,25.25731817031941
9,backsliding_Nyr,Y_eqprotec,Equal protection,vdem_egal_delib,instr-antiplural_w9_trt-ert_gapany_illib0p8655367_opp0p8655367_ctrypct_exclyr,backsliding_Nyr,387,55,-0.1145619605262585,0.3018813127117502,323,46,-0.0099987905908159,0.04018046668632483,0.8034790951835651,0.08456255816359189,0.3677121365576102,0.8181155081328311,23.79952038852197
9,backsliding_Nyr,Y_eqaccess,Equal access,vdem_egal_delib,instr-antiplural_w9_trt-ert_gapany_illib0p8655367_opp0p8655367_ctrypct_exclyr,backsliding_Nyr,387,55,-0.1145619605262585,0.3018813127117502,323,46,-0.03182650070482944,0.05107109937393114,0.5331660757799486,0.06215796166471332,0.7077894828330626,0.9300198658090976,24.054893206451187
9,backsliding_Nyr,Y_eqdr,Equal distribution,vdem_egal_delib,instr-antiplural_w9_trt-ert_gapany_illib0p8655367_opp0p8655367_ctrypct_exclyr,backsliding_Nyr,387,55,-0.1145619605262585,0.3018813127117502,323,46,-0.00140884794058366,0.03070050389124041,0.963397877452393,0.04004776769064858,0.34990561981492624,0.9088786572338312,26.565628967128436
9,backsliding_union_Nyr,Y_gdp_growth,PWT,growth,instr-antiplural_w9_trt-ertOrDdcg_gapany_illib0p8655367_opp0p8655367_ctrypct_exclyr,backsliding_union_Nyr,387,59,-0.1332191164825508,0.24669067743080927,288,44,-0.06983695499248427,0.1022008742031552,0.4943981460071114,0.6240082630343232,3.549355213312153,0.8604440713228259,26.544883543734084
9,backsliding_union_Nyr,Y_gdp_growth_wb,World Bank,growth,instr-antiplural_w9_trt-ertOrDdcg_gapany_illib0p8655367_opp0p8655367_ctrypct_exclyr,backsliding_union_Nyr,387,59,-0.1332191164825508,0.24669067743080927,305,46,-0.02138803094353072,0.08490037808154702,0.8011035585445103,0.1402928743577718,2.2378987394080334,0.9500137155598364,24.80788193653914
9,backsliding_union_Nyr,Y_gdp_growth_imf,IMF WEO,growth,instr-antiplural_w9_trt-ertOrDdcg_gapany_illib0p8655367_opp0p8655367_ctrypct_exclyr,backsliding_union_Nyr,387,59,-0.1332191164825508,0.24669067743080927,194,27,-0.09687592477212524,0.09273726577587048,0.296195031607392,-3.3869982397204232,11.048085375336573,0.7591716072492745,23.14136259118043
9,backsliding_union_Nyr,Y_inflation,"CPI, cumulative log",inflation,instr-antiplural_w9_trt-ertOrDdcg_gapany_illib0p8655367_opp0p8655367_ctrypct_exclyr,backsliding_union_Nyr,387,59,-0.1332191164825508,0.24669067743080927,269,40,-0.6039084964471355,0.577932239980308,0.2960475167908025,2.5537391000571374,6.4370022882763305,0.6915680435962281,18.85720459788974
9,backsliding_union_Nyr,Y_unemployment,Unemployment rate,unemployment,instr-antiplural_w9_trt-ertOrDdcg_gapany_illib0p8655367_opp0p8655367_ctrypct_exclyr,backsliding_union_Nyr,387,59,-0.1332191164825508,0.24669067743080927,188,39,-4.429409705072202,2.1623290627076845,0.04051652704500119,11.15343249570588,11.732725230309647,0.3417943154293683,19.677158097081698
9,backsliding_union_Nyr,Y_trade_pct_gdp,Trade / GDP,trade,instr-antiplural_w9_trt-ertOrDdcg_gapany_illib0p8655367_opp0p8655367_ctrypct_exclyr,backsliding_union_Nyr,387,59,-0.1332191164825508,0.24669067743080927,270,40,-2.3619728617989395,8.127685074868317,0.7713509002257224,27.14725565298263,74.86281600971503,0.7168837649758552,19.38707475219734
9,backsliding_union_Nyr,Y_top10_share,Top-10% income share,top10,instr-antiplural_w9_trt-ertOrDdcg_gapany_illib0p8655367_opp0p8655367_ctrypct_exclyr,backsliding_union_Nyr,387,59,-0.1332191164825508,0.24669067743080927,264,43,1.2678755119608205,1.065740582885497,0.23417762901239067,2.054987045695558,107.29538798629194,0.9847193599863248,27.183372277691635
9,backsliding_union_Nyr,Y_gini_disp,Disposable,gini,instr-antiplural_w9_trt-ertOrDdcg_gapany_illib0p8655367_opp0p8655367_ctrypct_exclyr,backsliding_union_Nyr,387,59,-0.1332191164825508,0.24669067743080927,224,37,0.980861197529193,0.9016161321743648,0.27664268036800643,-3.1324836067856783,20.543343902081617,0.8788070381099703,23.04333545267353
9,backsliding_union_Nyr,Y_gini_mkt,Market,gini,instr-antiplural_w9_trt-ertOrDdcg_gapany_illib0p8655367_opp0p8655367_ctrypct_exclyr,backsliding_union_Nyr,387,59,-0.1332191164825508,0.24669067743080927,224,37,1.2820189568756049,0.8269326276189947,0.12106218634101634,-5.233529828129848,23.452122404627048,0.8234125024335126,23.100272629216335
9,backsliding_union_Nyr,Y_debt,Debt / GDP,fiscal,instr-antiplural_w9_trt-ertOrDdcg_gapany_illib0p8655367_opp0p8655367_ctrypct_exclyr,backsliding_union_Nyr,387,59,-0.1332191164825508,0.24669067743080927,292,42,-9.65809905867556,9.674214013120636,0.31811731136992105,74.5538580191548,380.1958072615928,0.844537124788258,22.210420277706273
9,backsliding_union_Nyr,Y_deficit,Deficit / GDP,fiscal,instr-antiplural_w9_trt-ertOrDdcg_gapany_illib0p8655367_opp0p8655367_ctrypct_exclyr,backsliding_union_Nyr,387,59,-0.1332191164825508,0.24669067743080927,234,41,3.747027453436923,4.681201639923737,0.423455120053896,2.03077339894152,111.72466225811613,0.9854979778812398,24.16846597341345
9,backsliding_union_Nyr,Y_checks_balances,Checks & balances,institutions,instr-antiplural_w9_trt-ertOrDdcg_gapany_illib0p8655367_opp0p8655367_ctrypct_exclyr,backsliding_union_Nyr,387,59,-0.1332191164825508,0.24669067743080927,311,50,-0.06733620085009362,0.06495968867114264,0.2999295798805821,0.22968280585194392,0.3878189238616833,0.5536882882215084,17.520714498147786
9,backsliding_union_Nyr,Y_jucon,Judicial constraints,institutions,instr-antiplural_w9_trt-ertOrDdcg_gapany_illib0p8655367_opp0p8655367_ctrypct_exclyr,backsliding_union_Nyr,387,59,-0.1332191164825508,0.24669067743080927,323,50,-0.0597563162018456,0.05032014985794125,0.23502153962842529,0.04709992828621995,0.35264164622458644,0.8937480268809936,17.62554664834712
9,backsliding_union_Nyr,Y_legcon,Legislative constraints,institutions,instr-antiplural_w9_trt-ertOrDdcg_gapany_illib0p8655367_opp0p8655367_ctrypct_exclyr,backsliding_union_Nyr,387,59,-0.1332191164825508,0.24669067743080927,311,50,-0.12502165161772413,0.09851561999337093,0.204421768856128,0.4498466212239154,0.629246327035642,0.4746723866917961,17.900425808515056
9,backsliding_union_Nyr,Y_hos_power,HOS,exec_power,instr-antiplural_w9_trt-ertOrDdcg_gapany_illib0p8655367_opp0p8655367_ctrypct_exclyr,backsliding_union_Nyr,387,59,-0.1332191164825508,0.24669067743080927,323,50,0.00317558339602425,0.03331770056630928,0.9240668512350032,0.05902259318942643,0.23108020416972727,0.7983984329672988,19.721566963099296
9,backsliding_union_Nyr,Y_hog_power,HOG,exec_power,instr-antiplural_w9_trt-ertOrDdcg_gapany_illib0p8655367_opp0p8655367_ctrypct_exclyr,backsliding_union_Nyr,387,59,-0.1332191164825508,0.24669067743080927,142,33,0.06931488407697876,0.032257663218626,0.03165119814859826,-0.1762609254335766,0.22201331421842943,0.4272417040610495,18.957129068723702
9,backsliding_union_Nyr,Y_hos_power_vdem,HOS (v2ex_hosw),exec_power_alt,instr-antiplural_w9_trt-ertOrDdcg_gapany_illib0p8655367_opp0p8655367_ctrypct_exclyr,backsliding_union_Nyr,387,59,-0.1332191164825508,0.24669067743080927,323,50,-0.03557863939430705,0.02493805615293522,0.1536719976013802,0.06035345461443308,0.1573392719486384,0.7012838450725845,20.742861305821645
9,backsliding_union_Nyr,Y_hog_power_vdem,HOG (v2ex_hogw),exec_power_alt,instr-antiplural_w9_trt-ertOrDdcg_gapany_illib0p8655367_opp0p8655367_ctrypct_exclyr,backsliding_union_Nyr,387,59,-0.1332191164825508,0.24669067743080927,323,50,0.04589423312060459,0.02702680014708499,0.08948872348456312,-0.01107722381585259,0.17264566371905904,0.948841544830372,21.756527605335386
9,backsliding_union_Nyr,Y_polyarchy,Electoral (polyarchy),vdem_high,instr-antiplural_w9_trt-ertOrDdcg_gapany_illib0p8655367_opp0p8655367_ctrypct_exclyr,backsliding_union_Nyr,387,59,-0.1332191164825508,0.24669067743080927,323,50,-0.0730931522564823,0.05524129506460207,0.18578169179677984,0.17495632977847095,0.7250404824846444,0.8093182697386679,22.085810222170515
9,backsliding_union_Nyr,Y_libdem,Liberal,vdem_high,instr-antiplural_w9_trt-ertOrDdcg_gapany_illib0p8655367_opp0p8655367_ctrypct_exclyr,backsliding_union_Nyr,387,59,-0.1332191164825508,0.24669067743080927,323,50,-0.05606862850016623,0.04840446478240416,0.24672699299153553,0.11246080234456413,0.4729510647876832,0.8120476345181991,20.52936201152485
9,backsliding_union_Nyr,Y_partipdem,Participatory,vdem_high,instr-antiplural_w9_trt-ertOrDdcg_gapany_illib0p8655367_opp0p8655367_ctrypct_exclyr,backsliding_union_Nyr,387,59,-0.1332191164825508,0.24669067743080927,322,50,-0.03917136248270269,0.04071356490194965,0.33598899048166847,0.05414550055740144,0.4156285203010527,0.8963498197179525,21.341597783461616
9,backsliding_union_Nyr,Y_delibdem,Deliberative,vdem_high,instr-antiplural_w9_trt-ertOrDdcg_gapany_illib0p8655367_opp0p8655367_ctrypct_exclyr,backsliding_union_Nyr,387,59,-0.1332191164825508,0.24669067743080927,323,50,-0.05023900562238832,0.06265174382599917,0.4226239895628292,0.11318338824508745,0.8099084320157853,0.888858802728145,23.669213484231427
9,backsliding_union_Nyr,Y_egaldem,Egalitarian,vdem_high,instr-antiplural_w9_trt-ertOrDdcg_gapany_illib0p8655367_opp0p8655367_ctrypct_exclyr,backsliding_union_Nyr,387,59,-0.1332191164825508,0.24669067743080927,323,50,-0.02951583837662726,0.0371016039908754,0.4262990085555928,0.02205670061316293,0.334178823704629,0.9473756854659748,21.589492098417995
9,backsliding_union_Nyr,Y_elecoff,Elected officials,vdem_electoral,instr-antiplural_w9_trt-ertOrDdcg_gapany_illib0p8655367_opp0p8655367_ctrypct_exclyr,backsliding_union_Nyr,387,59,-0.1332191164825508,0.24669067743080927,323,50,-0.15311491360724816,0.12009643385168992,0.2023329371944073,0.6986131663889172,3.1276904981438154,0.823252293546755,27.74720238580745
9,backsliding_union_Nyr,Y_frefair,Clean elections,vdem_electoral,instr-antiplural_w9_trt-ertOrDdcg_gapany_illib0p8655367_opp0p8655367_ctrypct_exclyr,backsliding_union_Nyr,387,59,-0.1332191164825508,0.24669067743080927,323,50,-0.1108176146007302,0.07947560825806496,0.16320889996297946,0.3179874410529488,1.276450818691225,0.8032691633216178,22.962746423143937
9,backsliding_union_Nyr,Y_frassoc,Association,vdem_electoral,instr-antiplural_w9_trt-ertOrDdcg_gapany_illib0p8655367_opp0p8655367_ctrypct_exclyr,backsliding_union_Nyr,387,59,-0.1332191164825508,0.24669067743080927,323,50,-0.09956183892402384,0.06091874401736485,0.1021878276377462,0.36272013618851384,1.1756608295988928,0.7576832822112479,23.763631719063007
9,backsliding_union_Nyr,Y_suffr,Suffrage,vdem_electoral,instr-antiplural_w9_trt-ertOrDdcg_gapany_illib0p8655367_opp0p8655367_ctrypct_exclyr,backsliding_union_Nyr,387,59,-0.1332191164825508,0.24669067743080927,323,50,7.951254392281016e-4,0.00297789335403378,0.7894619439094422,0.01709274913157684,0.01103864652693961,0.1215149300420982,16.858943207036326
9,backsliding_union_Nyr,Y_freexp,Expression & alt. info,vdem_electoral,instr-antiplural_w9_trt-ertOrDdcg_gapany_illib0p8655367_opp0p8655367_ctrypct_exclyr,backsliding_union_Nyr,387,59,-0.1332191164825508,0.24669067743080927,323,50,-0.06004038583796879,0.05619223693334729,0.28530320873119963,0.15533499665214578,0.9010930923562576,0.8631348081489445,23.29415557086992
9,backsliding_union_Nyr,Y_cl_rol,Rule of law,vdem_liberal,instr-antiplural_w9_trt-ertOrDdcg_gapany_illib0p8655367_opp0p8655367_ctrypct_exclyr,backsliding_union_Nyr,387,59,-0.1332191164825508,0.24669067743080927,323,50,-0.08646019933623834,0.04612840873120824,0.06088394276548069,0.2868054862557971,1.0377832002726437,0.7822688224754222,23.955086838598856
9,backsliding_union_Nyr,Y_cspart,Civil society,vdem_particip,instr-antiplural_w9_trt-ertOrDdcg_gapany_illib0p8655367_opp0p8655367_ctrypct_exclyr,backsliding_union_Nyr,387,59,-0.1332191164825508,0.24669067743080927,323,50,-0.0456638079494128,0.05624236838360379,0.4168425960633595,0.1576369416884464,1.0015399055126897,0.8749338934815554,26.519240557559023
9,backsliding_union_Nyr,Y_dd,Direct democracy,vdem_particip,instr-antiplural_w9_trt-ertOrDdcg_gapany_illib0p8655367_opp0p8655367_ctrypct_exclyr,backsliding_union_Nyr,387,59,-0.1332191164825508,0.24669067743080927,323,50,0.02986651436190066,0.06660938860312227,0.653876842453611,-0.3018537535553548,0.7411109343261345,0.6837883861508008,30.61350807642152
9,backsliding_union_Nyr,Y_locelec,Local elections,vdem_particip,instr-antiplural_w9_trt-ertOrDdcg_gapany_illib0p8655367_opp0p8655367_ctrypct_exclyr,backsliding_union_Nyr,387,59,-0.1332191164825508,0.24669067743080927,318,50,-0.05188062412053966,0.08735879786085729,0.5525925203079742,0.26723397149394096,1.4420227927804177,0.8529789725042104,26.36801180553578
9,backsliding_union_Nyr,Y_regelec,Regional elections,vdem_particip,instr-antiplural_w9_trt-ertOrDdcg_gapany_illib0p8655367_opp0p8655367_ctrypct_exclyr,backsliding_union_Nyr,387,59,-0.1332191164825508,0.24669067743080927,322,50,-0.073793911901545,0.04965682857515895,0.1372585364561156,0.4126755177285278,0.7502548962680168,0.5822870798594136,23.814431419155277
9,backsliding_union_Nyr,Y_delib,Deliberation,vdem_egal_delib,instr-antiplural_w9_trt-ertOrDdcg_gapany_illib0p8655367_opp0p8655367_ctrypct_exclyr,backsliding_union_Nyr,387,59,-0.1332191164825508,0.24669067743080927,323,50,-0.0792723225014344,0.08004640321785493,0.32201304305677453,0.2342521768230724,1.407277357980172,0.8677967554839192,25.502811431182735
9,backsliding_union_Nyr,Y_eqprotec,Equal protection,vdem_egal_delib,instr-antiplural_w9_trt-ertOrDdcg_gapany_illib0p8655367_opp0p8655367_ctrypct_exclyr,backsliding_union_Nyr,387,59,-0.1332191164825508,0.24669067743080927,323,50,-0.0099987905908159,0.04018046668632483,0.8034790951835651,0.08145954726859261,0.3454019890649887,0.8135569579046482,23.89178069934523
9,backsliding_union_Nyr,Y_eqaccess,Equal access,vdem_egal_delib,instr-antiplural_w9_trt-ertOrDdcg_gapany_illib0p8655367_opp0p8655367_ctrypct_exclyr,backsliding_union_Nyr,387,59,-0.1332191164825508,0.24669067743080927,323,50,-0.03182650070482944,0.05107109937393114,0.5331660757799486,0.08618088222627215,0.6800335027419226,0.8991538255253473,24.516356817565555
9,backsliding_union_Nyr,Y_eqdr,Equal distribution,vdem_egal_delib,instr-antiplural_w9_trt-ertOrDdcg_gapany_illib0p8655367_opp0p8655367_ctrypct_exclyr,backsliding_union_Nyr,387,59,-0.1332191164825508,0.24669067743080927,323,50,-0.00140884794058366,0.03070050389124041,0.963397877452393,0.03497433003910799,0.3148540647840042,0.9115520506447554,26.474822993273808
9,polyarchy_decline,Y_gdp_growth,PWT,growth,instr-antiplural_w9_trt-polyarchy_gapany_illib0p8655367_opp0p8655367_ctrypct_exclyr,polyarchy_decline,323,110,0.0730931522564823,0.18578169179677984,288,84,-0.06983695499248427,0.1022008742031552,0.4943981460071114,-0.8363738041999431,1.3166333187366264,0.5252740509863306,30.14836152534909
9,polyarchy_decline,Y_gdp_growth_wb,World Bank,growth,instr-antiplural_w9_trt-polyarchy_gapany_illib0p8655367_opp0p8655367_ctrypct_exclyr,polyarchy_decline,323,110,0.0730931522564823,0.18578169179677984,305,100,-0.02138803094353072,0.08490037808154702,0.8011035585445103,-0.3524135884423957,1.073846737493424,0.7427765784068003,29.24864224874647
9,polyarchy_decline,Y_gdp_growth_imf,IMF WEO,growth,instr-antiplural_w9_trt-polyarchy_gapany_illib0p8655367_opp0p8655367_ctrypct_exclyr,polyarchy_decline,323,110,0.0730931522564823,0.18578169179677984,194,61,-0.09687592477212524,0.09273726577587048,0.296195031607392,-2.929047929529728,5.706635064789542,0.6077620556407126,19.815127232383603
9,polyarchy_decline,Y_inflation,"CPI, cumulative log",inflation,instr-antiplural_w9_trt-polyarchy_gapany_illib0p8655367_opp0p8655367_ctrypct_exclyr,polyarchy_decline,323,110,0.0730931522564823,0.18578169179677984,269,90,-0.6039084964471355,0.577932239980308,0.2960475167908025,-9.721909564936247,11.126739960822402,0.3822583058286408,20.992633010162713
9,polyarchy_decline,Y_unemployment,Unemployment rate,unemployment,instr-antiplural_w9_trt-polyarchy_gapany_illib0p8655367_opp0p8655367_ctrypct_exclyr,polyarchy_decline,323,110,0.0730931522564823,0.18578169179677984,188,90,-4.429409705072202,2.1623290627076845,0.04051652704500119,-83272.71537744359,2845784.41759878,0.9766558095917228,15.99027698514356
9,polyarchy_decline,Y_trade_pct_gdp,Trade / GDP,trade,instr-antiplural_w9_trt-polyarchy_gapany_illib0p8655367_opp0p8655367_ctrypct_exclyr,polyarchy_decline,323,110,0.0730931522564823,0.18578169179677984,270,88,-2.3619728617989395,8.127685074868317,0.7713509002257224,-68.27621315076325,172.46152322136678,0.6921843787640173,22.730752970280427
9,polyarchy_decline,Y_top10_share,Top-10% income share,top10,instr-antiplural_w9_trt-polyarchy_gapany_illib0p8655367_opp0p8655367_ctrypct_exclyr,polyarchy_decline,323,110,0.0730931522564823,0.18578169179677984,264,90,1.2678755119608205,1.065740582885497,0.23417762901239067,11.920686222288392,19.937173342152775,0.5498982831267669,30.351954207976753
9,polyarchy_decline,Y_gini_disp,Disposable,gini,instr-antiplural_w9_trt-polyarchy_gapany_illib0p8655367_opp0p8655367_ctrypct_exclyr,polyarchy_decline,323,110,0.0730931522564823,0.18578169179677984,224,72,0.980861197529193,0.9016161321743648,0.27664268036800643,21.22687017139406,50.24740915751294,0.6726987358996709,25.367505763416393
9,polyarchy_decline,Y_gini_mkt,Market,gini,instr-antiplural_w9_trt-polyarchy_gapany_illib0p8655367_opp0p8655367_ctrypct_exclyr,polyarchy_decline,323,110,0.0730931522564823,0.18578169179677984,224,72,1.2820189568756049,0.8269326276189947,0.12106218634101634,31.40061592754128,55.954464863331395,0.574673747403231,23.439288853086
9,polyarchy_decline,Y_debt,Debt / GDP,fiscal,instr-antiplural_w9_trt-polyarchy_gapany_illib0p8655367_opp0p8655367_ctrypct_exclyr,polyarchy_decline,323,110,0.0730931522564823,0.18578169179677984,292,98,-9.65809905867556,9.674214013120636,0.31811731136992105,-115.82417378809726,189.20172838412432,0.5404233588312144,24.14325363085723
9,polyarchy_decline,Y_deficit,Deficit / GDP,fiscal,instr-antiplural_w9_trt-polyarchy_gapany_illib0p8655367_opp0p8655367_ctrypct_exclyr,polyarchy_decline,323,110,0.0730931522564823,0.18578169179677984,234,83,3.747027453436923,4.681201639923737,0.423455120053896,229.2878777628712,427.2153832481727,0.5914726218661766,17.657471326649937
9,polyarchy_decline,Y_checks_balances,Checks & balances,institutions,instr-antiplural_w9_trt-polyarchy_gapany_illib0p8655367_opp0p8655367_ctrypct_exclyr,polyarchy_decline,323,110,0.0730931522564823,0.18578169179677984,311,110,-0.06733620085009362,0.06495968867114264,0.2999295798805821,43.41964344779093,436.7391760892034,0.9208065588070106,18.643448332468648
9,polyarchy_decline,Y_jucon,Judicial constraints,institutions,instr-antiplural_w9_trt-polyarchy_gapany_illib0p8655367_opp0p8655367_ctrypct_exclyr,polyarchy_decline,323,110,0.0730931522564823,0.18578169179677984,323,110,-0.0597563162018456,0.05032014985794125,0.23502153962842529,-1.0002048051955983,0.6764084768408861,0.13922067420063208,24.235423977332474
9,polyarchy_decline,Y_legcon,Legislative constraints,institutions,instr-antiplural_w9_trt-polyarchy_gapany_illib0p8655367_opp0p8655367_ctrypct_exclyr,polyarchy_decline,323,110,0.0730931522564823,0.18578169179677984,311,110,-0.12502165161772413,0.09851561999337093,0.204421768856128,3280.0405287377453,28114.79785849027,0.9071247477851074,17.551164468038067
9,polyarchy_decline,Y_hos_power,HOS,exec_power,instr-antiplural_w9_trt-polyarchy_gapany_illib0p8655367_opp0p8655367_ctrypct_exclyr,polyarchy_decline,323,110,0.0730931522564823,0.18578169179677984,323,110,0.00317558339602425,0.03331770056630928,0.9240668512350032,0.03437135833344684,0.4625266246963771,0.94076199153632,24.82964856610099
9,polyarchy_decline,Y_hog_power,HOG,exec_power,instr-antiplural_w9_trt-polyarchy_gapany_illib0p8655367_opp0p8655367_ctrypct_exclyr,polyarchy_decline,323,110,0.0730931522564823,0.18578169179677984,142,45,0.06931488407697876,0.032257663218626,0.03165119814859826,1.363356060327274,2.7598707513864835,0.6213113206181919,21.31251639179164
9,polyarchy_decline,Y_hos_power_vdem,HOS (v2ex_hosw),exec_power_alt,instr-antiplural_w9_trt-polyarchy_gapany_illib0p8655367_opp0p8655367_ctrypct_exclyr,polyarchy_decline,323,110,0.0730931522564823,0.18578169179677984,323,110,-0.03557863939430705,0.02493805615293522,0.1536719976013802,-0.14056896704869415,0.4452751362184265,0.7522377166029546,22.024958955640287
9,polyarchy_decline,Y_hog_power_vdem,HOG (v2ex_hogw),exec_power_alt,instr-antiplural_w9_trt-polyarchy_gapany_illib0p8655367_opp0p8655367_ctrypct_exclyr,polyarchy_decline,323,110,0.0730931522564823,0.18578169179677984,323,110,0.04589423312060459,0.02702680014708499,0.08948872348456312,-0.0442907992998996,0.5457122844212708,0.9353135582181312,22.750959009444568
9,polyarchy_decline,Y_polyarchy,Electoral (polyarchy),vdem_high,instr-antiplural_w9_trt-polyarchy_gapany_illib0p8655367_opp0p8655367_ctrypct_exclyr,polyarchy_decline,323,110,0.0730931522564823,0.18578169179677984,323,110,-0.0730931522564823,0.05524129506460207,0.18578169179677984,-1,1.0180103070523084e-16,0,29.82651007335813
9,polyarchy_decline,Y_libdem,Liberal,vdem_high,instr-antiplural_w9_trt-polyarchy_gapany_illib0p8655367_opp0p8655367_ctrypct_exclyr,polyarchy_decline,323,110,0.0730931522564823,0.18578169179677984,323,110,-0.05606862850016623,0.04840446478240416,0.24672699299153553,-0.8191807608821657,0.24127245686546017,6.85654917473041e-4,23.829273554948056
9,polyarchy_decline,Y_partipdem,Participatory,vdem_high,instr-antiplural_w9_trt-polyarchy_gapany_illib0p8655367_opp0p8655367_ctrypct_exclyr,polyarchy_decline,323,110,0.0730931522564823,0.18578169179677984,322,110,-0.03917136248270269,0.04071356490194965,0.33598899048166847,-0.5267678771038166,0.32132526893012775,0.10113825243997056,30.85445212640648
9,polyarchy_decline,Y_delibdem,Deliberative,vdem_high,instr-antiplural_w9_trt-polyarchy_gapany_illib0p8655367_opp0p8655367_ctrypct_exclyr,polyarchy_decline,323,110,0.0730931522564823,0.18578169179677984,323,110,-0.05023900562238832,0.06265174382599917,0.4226239895628292,-0.676483833867847,0.5021687759903076,0.17794015628178037,26.270157410835154
9,polyarchy_decline,Y_egaldem,Egalitarian,vdem_high,instr-antiplural_w9_trt-polyarchy_gapany_illib0p8655367_opp0p8655367_ctrypct_exclyr,polyarchy_decline,323,110,0.0730931522564823,0.18578169179677984,323,110,-0.02951583837662726,0.0371016039908754,0.4262990085555928,-0.4095121233437722,0.25440668986497017,0.10746879555020246,28.0463518194559
9,polyarchy_decline,Y_elecoff,Elected officials,vdem_electoral,instr-antiplural_w9_trt-polyarchy_gapany_illib0p8655367_opp0p8655367_ctrypct_exclyr,polyarchy_decline,323,110,0.0730931522564823,0.18578169179677984,323,110,-0.15311491360724816,0.12009643385168992,0.2023329371944073,-3.36564140057768,3.06885753871652,0.27276894603901713,20.048471627921057
9,polyarchy_decline,Y_frefair,Clean elections,vdem_electoral,instr-antiplural_w9_trt-polyarchy_gapany_illib0p8655367_opp0p8655367_ctrypct_exclyr,polyarchy_decline,323,110,0.0730931522564823,0.18578169179677984,323,110,-0.1108176146007302,0.07947560825806496,0.16320889996297946,-1.5602307780074247,0.3588889115108173,1.3776587742186717e-5,25.037635972650236
9,polyarchy_decline,Y_frassoc,Association,vdem_electoral,instr-antiplural_w9_trt-polyarchy_gapany_illib0p8655367_opp0p8655367_ctrypct_exclyr,polyarchy_decline,323,110,0.0730931522564823,0.18578169179677984,323,110,-0.09956183892402384,0.06091874401736485,0.1021878276377462,-1.7650587640411135,1.1566842574733762,0.12701878124899052,20.691734373463845
9,polyarchy_decline,Y_suffr,Suffrage,vdem_electoral,instr-antiplural_w9_trt-polyarchy_gapany_illib0p8655367_opp0p8655367_ctrypct_exclyr,polyarchy_decline,323,110,0.0730931522564823,0.18578169179677984,323,110,7.951254392281016e-4,0.00297789335403378,0.7894619439094422,0.01584456962011331,0.08465785271866509,0.8515351313005222,25.38300273648833
9,polyarchy_decline,Y_freexp,Expression & alt. info,vdem_electoral,instr-antiplural_w9_trt-polyarchy_gapany_illib0p8655367_opp0p8655367_ctrypct_exclyr,polyarchy_decline,323,110,0.0730931522564823,0.18578169179677984,323,110,-0.06004038583796879,0.05619223693334729,0.28530320873119963,-0.8761182718184141,0.563594740713871,0.12006086305302235,23.429459867277544
9,polyarchy_decline,Y_cl_rol,Rule of law,vdem_liberal,instr-antiplural_w9_trt-polyarchy_gapany_illib0p8655367_opp0p8655367_ctrypct_exclyr,polyarchy_decline,323,110,0.0730931522564823,0.18578169179677984,323,110,-0.08646019933623834,0.04612840873120824,0.06088394276548069,-1.5962893808724634,1.5193086904013513,0.2934109897343555,19.980708228406492
9,polyarchy_decline,Y_cspart,Civil society,vdem_particip,instr-antiplural_w9_trt-polyarchy_gapany_illib0p8655367_opp0p8655367_ctrypct_exclyr,polyarchy_decline,323,110,0.0730931522564823,0.18578169179677984,323,110,-0.0456638079494128,0.05624236838360379,0.4168425960633595,-0.562955473089319,0.646212605642851,0.3836660370726931,25.972198616486427
9,polyarchy_decline,Y_dd,Direct democracy,vdem_particip,instr-antiplural_w9_trt-polyarchy_gapany_illib0p8655367_opp0p8655367_ctrypct_exclyr,polyarchy_decline,323,110,0.0730931522564823,0.18578169179677984,323,110,0.02986651436190066,0.06660938860312227,0.653876842453611,0.4779777365696784,1.2092993114346566,0.6926570631398408,23.73441534966891
9,polyarchy_decline,Y_locelec,Local elections,vdem_particip,instr-antiplural_w9_trt-polyarchy_gapany_illib0p8655367_opp0p8655367_ctrypct_exclyr,polyarchy_decline,323,110,0.0730931522564823,0.18578169179677984,318,107,-0.05188062412053966,0.08735879786085729,0.5525925203079742,-1.076300479051672,1.3309803122871122,0.4187150911793964,25.822099092292092
9,polyarchy_decline,Y_regelec,Regional elections,vdem_particip,instr-antiplural_w9_trt-polyarchy_gapany_illib0p8655367_opp0p8655367_ctrypct_exclyr,polyarchy_decline,323,110,0.0730931522564823,0.18578169179677984,322,110,-0.073793911901545,0.04965682857515895,0.1372585364561156,-1.4178829744951835,1.4685032458428513,0.33427974607217786,21.856308735039452
9,polyarchy_decline,Y_delib,Deliberation,vdem_egal_delib,instr-antiplural_w9_trt-polyarchy_gapany_illib0p8655367_opp0p8655367_ctrypct_exclyr,polyarchy_decline,323,110,0.0730931522564823,0.18578169179677984,323,110,-0.0792723225014344,0.08004640321785493,0.32201304305677453,-1.011564100130118,0.7093549718156701,0.15385861261961303,26.92439403755335
9,polyarchy_decline,Y_eqprotec,Equal protection,vdem_egal_delib,instr-antiplural_w9_trt-polyarchy_gapany_illib0p8655367_opp0p8655367_ctrypct_exclyr,polyarchy_decline,323,110,0.0730931522564823,0.18578169179677984,323,110,-0.0099987905908159,0.04018046668632483,0.8034790951835651,-0.16082220032603475,0.5378835067813105,0.7649470931084432,28.437532337058
9,polyarchy_decline,Y_eqaccess,Equal access,vdem_egal_delib,instr-antiplural_w9_trt-polyarchy_gapany_illib0p8655367_opp0p8655367_ctrypct_exclyr,polyarchy_decline,323,110,0.0730931522564823,0.18578169179677984,323,110,-0.03182650070482944,0.05107109937393114,0.5331660757799486,-0.4966978056041864,0.6375479113505048,0.4359353819676646,24.623427434648494
9,polyarchy_decline,Y_eqdr,Equal distribution,vdem_egal_delib,instr-antiplural_w9_trt-polyarchy_gapany_illib0p8655367_opp0p8655367_ctrypct_exclyr,polyarchy_decline,323,110,0.0730931522564823,0.18578169179677984,323,110,-0.00140884794058366,0.03070050389124041,0.963397877452393,0.0290221322233094,0.8133462515258398,0.971535618166262,21.17201491601208
10,backsliding_Nyr,Y_gdp_growth,PWT,growth,instr-antiplural_w10_trt-ert_gapany_illib0p8655367_opp0p8655367_ctrypct_exclyr,backsliding_Nyr,387,58,-0.12147363085616578,0.27420418307295336,279,40,-0.06484571419971072,0.11010067327193156,0.5558831004168434,0.4331237683323987,2.215739442430098,0.8450203650816256,22.79528347737206
10,backsliding_Nyr,Y_gdp_growth_wb,World Bank,growth,instr-antiplural_w10_trt-ert_gapany_illib0p8655367_opp0p8655367_ctrypct_exclyr,backsliding_Nyr,387,58,-0.12147363085616578,0.27420418307295336,291,43,-0.04378706958627976,0.08510035155839966,0.6068783235434534,0.23670440927977648,1.907605438337187,0.9012483114671118,25.26769118058015
10,backsliding_Nyr,Y_gdp_growth_imf,IMF WEO,growth,instr-antiplural_w10_trt-ert_gapany_illib0p8655367_opp0p8655367_ctrypct_exclyr,backsliding_Nyr,387,58,-0.12147363085616578,0.27420418307295336,185,25,-0.1229601842062907,0.08522522443298654,0.14908597654677605,-21.84828323068958,227.2775056600425,0.9234169874776582,24.73955278947919
10,backsliding_Nyr,Y_inflation,"CPI, cumulative log",inflation,instr-antiplural_w10_trt-ert_gapany_illib0p8655367_opp0p8655367_ctrypct_exclyr,backsliding_Nyr,387,58,-0.12147363085616578,0.27420418307295336,256,39,-0.4897212411813281,0.6823272684010534,0.4729287612245443,4.250430556689988,8.004430331126184,0.5954120220825044,22.077495560399484
10,backsliding_Nyr,Y_unemployment,Unemployment rate,unemployment,instr-antiplural_w10_trt-ert_gapany_illib0p8655367_opp0p8655367_ctrypct_exclyr,backsliding_Nyr,387,58,-0.12147363085616578,0.27420418307295336,175,37,-4.402852494414153,2.360561689347295,0.06215736262867238,14.574452052349724,16.61254791381389,0.3803150905296528,13.791976734629518
10,backsliding_Nyr,Y_trade_pct_gdp,Trade / GDP,trade,instr-antiplural_w10_trt-ert_gapany_illib0p8655367_opp0p8655367_ctrypct_exclyr,backsliding_Nyr,387,58,-0.12147363085616578,0.27420418307295336,259,36,-5.784957200983701,8.801214633064621,0.5109939659753406,30.760508577522828,67.0735055061617,0.6465150228917087,17.96439072256915
10,backsliding_Nyr,Y_top10_share,Top-10% income share,top10,instr-antiplural_w10_trt-ert_gapany_illib0p8655367_opp0p8655367_ctrypct_exclyr,backsliding_Nyr,387,58,-0.12147363085616578,0.27420418307295336,251,41,0.980336902839119,1.2455463834968552,0.4312386760615639,-7.414782359633563,12.74452607757053,0.5607005008343163,19.722940578151025
10,backsliding_Nyr,Y_gini_disp,Disposable,gini,instr-antiplural_w10_trt-ert_gapany_illib0p8655367_opp0p8655367_ctrypct_exclyr,backsliding_Nyr,387,58,-0.12147363085616578,0.27420418307295336,216,36,1.2463350584767992,0.9297388228735256,0.18007579737957424,-3.056708823420234,11.868733206944324,0.7967596469041605,23.36321679650804
10,backsliding_Nyr,Y_gini_mkt,Market,gini,instr-antiplural_w10_trt-ert_gapany_illib0p8655367_opp0p8655367_ctrypct_exclyr,backsliding_Nyr,387,58,-0.12147363085616578,0.27420418307295336,216,36,1.540859760362089,0.8894847860739372,0.08321910855339103,-5.1344112747278245,10.067053811506057,0.6100365810147724,19.216036564238248
10,backsliding_Nyr,Y_debt,Debt / GDP,fiscal,instr-antiplural_w10_trt-ert_gapany_illib0p8655367_opp0p8655367_ctrypct_exclyr,backsliding_Nyr,387,58,-0.12147363085616578,0.27420418307295336,278,40,-15.69588385040914,16.176315179122636,0.33189681611862926,114.02035819047848,1081.3274483978253,0.9160228677023132,27.68386167561861
10,backsliding_Nyr,Y_deficit,Deficit / GDP,fiscal,instr-antiplural_w10_trt-ert_gapany_illib0p8655367_opp0p8655367_ctrypct_exclyr,backsliding_Nyr,387,58,-0.12147363085616578,0.27420418307295336,221,39,1.833416945060476,4.03205886906523,0.6493179826199245,2.357494421263805,56.972245245067896,0.9669931959216964,25.37355749872572
10,backsliding_Nyr,Y_checks_balances,Checks & balances,institutions,instr-antiplural_w10_trt-ert_gapany_illib0p8655367_opp0p8655367_ctrypct_exclyr,backsliding_Nyr,387,58,-0.12147363085616578,0.27420418307295336,297,46,-0.00789310685601733,0.06961064760393368,0.909721873944184,0.05490012961701131,0.4884830121430178,0.910514956726868,18.351119102786797
10,backsliding_Nyr,Y_jucon,Judicial constraints,institutions,instr-antiplural_w10_trt-ert_gapany_illib0p8655367_opp0p8655367_ctrypct_exclyr,backsliding_Nyr,387,58,-0.12147363085616578,0.27420418307295336,310,46,-0.00874054154423176,0.06246447304150183,0.8887167167185588,-0.15763512991042766,0.5369506442893994,0.7690829027996953,18.362855841937744
10,backsliding_Nyr,Y_legcon,Legislative constraints,institutions,instr-antiplural_w10_trt-ert_gapany_illib0p8655367_opp0p8655367_ctrypct_exclyr,backsliding_Nyr,387,58,-0.12147363085616578,0.27420418307295336,297,46,-0.0756672841633797,0.10274688850326452,0.4614608045652788,0.37823204821728035,1.0136689377062649,0.7090504012956622,19.275011858553803
10,backsliding_Nyr,Y_hos_power,HOS,exec_power,instr-antiplural_w10_trt-ert_gapany_illib0p8655367_opp0p8655367_ctrypct_exclyr,backsliding_Nyr,387,58,-0.12147363085616578,0.27420418307295336,310,46,-0.00715435895868653,0.03894612326717953,0.8542496929430324,0.14655036709892658,0.39806340051573463,0.7127551600333353,18.71855515883877
10,backsliding_Nyr,Y_hog_power,HOG,exec_power,instr-antiplural_w10_trt-ert_gapany_illib0p8655367_opp0p8655367_ctrypct_exclyr,backsliding_Nyr,387,58,-0.12147363085616578,0.27420418307295336,136,33,0.07147769415749722,0.03178764215062975,0.02453795238328252,-0.1775605354105727,0.2384722990209521,0.45652862658385857,17.478394783061155
10,backsliding_Nyr,Y_hos_power_vdem,HOS (v2ex_hosw),exec_power_alt,instr-antiplural_w10_trt-ert_gapany_illib0p8655367_opp0p8655367_ctrypct_exclyr,backsliding_Nyr,387,58,-0.12147363085616578,0.27420418307295336,310,46,-0.03289182432354404,0.02569112912133392,0.20044687697921587,0.20859642292652236,0.36822829347234143,0.5710629862023016,17.45774090416991
10,backsliding_Nyr,Y_hog_power_vdem,HOG (v2ex_hogw),exec_power_alt,instr-antiplural_w10_trt-ert_gapany_illib0p8655367_opp0p8655367_ctrypct_exclyr,backsliding_Nyr,387,58,-0.12147363085616578,0.27420418307295336,310,46,0.03993987176187579,0.02797361702052724,0.15335827021687076,0.03270116888807363,0.41610941605034096,0.9373604050790284,22.07879135852592
10,backsliding_Nyr,Y_polyarchy,Electoral (polyarchy),vdem_high,instr-antiplural_w10_trt-ert_gapany_illib0p8655367_opp0p8655367_ctrypct_exclyr,backsliding_Nyr,387,58,-0.12147363085616578,0.27420418307295336,310,46,-0.06748933915918356,0.06550420240949285,0.30286662416544785,0.00747264794953872,1.5980627651987434,0.9962690522369227,21.621044529516062
10,backsliding_Nyr,Y_libdem,Liberal,vdem_high,instr-antiplural_w10_trt-ert_gapany_illib0p8655367_opp0p8655367_ctrypct_exclyr,backsliding_Nyr,387,58,-0.12147363085616578,0.27420418307295336,310,46,-0.04981914272316815,0.05571030964534477,0.3711862412494668,0.02698561900166568,0.8292871302181241,0.9740408253671574,20.269331370955623
10,backsliding_Nyr,Y_partipdem,Participatory,vdem_high,instr-antiplural_w10_trt-ert_gapany_illib0p8655367_opp0p8655367_ctrypct_exclyr,backsliding_Nyr,387,58,-0.12147363085616578,0.27420418307295336,309,46,-0.03793156629871481,0.0482919533786761,0.43218186774600553,-0.02570888531155701,1.0027814696681376,0.9795464152568704,21.665644595268883
10,backsliding_Nyr,Y_delibdem,Deliberative,vdem_high,instr-antiplural_w10_trt-ert_gapany_illib0p8655367_opp0p8655367_ctrypct_exclyr,backsliding_Nyr,387,58,-0.12147363085616578,0.27420418307295336,310,46,-0.04376303284801825,0.06911515051821669,0.5266094741946972,-0.0189958641224614,1.2691502249868851,0.9880581979006394,21.96016380285473
10,backsliding_Nyr,Y_egaldem,Egalitarian,vdem_high,instr-antiplural_w10_trt-ert_gapany_illib0p8655367_opp0p8655367_ctrypct_exclyr,backsliding_Nyr,387,58,-0.12147363085616578,0.27420418307295336,310,46,-0.03160241635472786,0.04199500389252215,0.4517335970450677,-0.02083454679701898,0.6734507552678745,0.9753197813777168,21.227914293183854
10,backsliding_Nyr,Y_elecoff,Elected officials,vdem_electoral,instr-antiplural_w10_trt-ert_gapany_illib0p8655367_opp0p8655367_ctrypct_exclyr,backsliding_Nyr,387,58,-0.12147363085616578,0.27420418307295336,310,46,-0.15536249147842243,0.13748193206942486,0.25845198714605055,-0.26754596698941935,6.470394022718711,0.967017467476167,23.352186435600544
10,backsliding_Nyr,Y_frefair,Clean elections,vdem_electoral,instr-antiplural_w10_trt-ert_gapany_illib0p8655367_opp0p8655367_ctrypct_exclyr,backsliding_Nyr,387,58,-0.12147363085616578,0.27420418307295336,310,46,-0.0999717933652456,0.09170959921077652,0.27567313412525124,-0.12250272749530856,3.86353408755129,0.9747053714705158,23.158994787262746
10,backsliding_Nyr,Y_frassoc,Association,vdem_electoral,instr-antiplural_w10_trt-ert_gapany_illib0p8655367_opp0p8655367_ctrypct_exclyr,backsliding_Nyr,387,58,-0.12147363085616578,0.27420418307295336,310,46,-0.07189137559852503,0.06952913001379664,0.3011478951555956,0.03278893750956668,2.471842481285331,0.9894163887926416,22.940946335728658
10,backsliding_Nyr,Y_suffr,Suffrage,vdem_electoral,instr-antiplural_w10_trt-ert_gapany_illib0p8655367_opp0p8655367_ctrypct_exclyr,backsliding_Nyr,387,58,-0.12147363085616578,0.27420418307295336,310,46,0.00292693726003734,0.00383570517877829,0.4454176532284106,0.04117818949638344,0.04443905701686799,0.3541230432717466,15.63525771568428
10,backsliding_Nyr,Y_freexp,Expression & alt. info,vdem_electoral,instr-antiplural_w10_trt-ert_gapany_illib0p8655367_opp0p8655367_ctrypct_exclyr,backsliding_Nyr,387,58,-0.12147363085616578,0.27420418307295336,310,46,-0.07044850302801273,0.06666604323683162,0.29063143855852497,-8.878042703448497e-4,1.867315820959816,0.9996206505157378,22.051998906869773
10,backsliding_Nyr,Y_cl_rol,Rule of law,vdem_liberal,instr-antiplural_w10_trt-ert_gapany_illib0p8655367_opp0p8655367_ctrypct_exclyr,backsliding_Nyr,387,58,-0.12147363085616578,0.27420418307295336,310,46,-0.06899385747804032,0.05010893061056538,0.16855013471831237,0.06349178225524399,2.141247991028575,0.9763447809350314,22.83070566392811
10,backsliding_Nyr,Y_cspart,Civil society,vdem_particip,instr-antiplural_w10_trt-ert_gapany_illib0p8655367_opp0p8655367_ctrypct_exclyr,backsliding_Nyr,387,58,-0.12147363085616578,0.27420418307295336,310,46,-0.03268822267798534,0.0632898870599242,0.605516315563845,-0.2632006724880306,4.0900272291881095,0.9486900971187284,26.416969003567708
10,backsliding_Nyr,Y_dd,Direct democracy,vdem_particip,instr-antiplural_w10_trt-ert_gapany_illib0p8655367_opp0p8655367_ctrypct_exclyr,backsliding_Nyr,387,58,-0.12147363085616578,0.27420418307295336,310,46,0.02929707524083662,0.06934017147426091,0.6726511256919881,0.07096322307670633,1.2711372645533985,0.9554799746665094,24.31643289402501
10,backsliding_Nyr,Y_locelec,Local elections,vdem_particip,instr-antiplural_w10_trt-ert_gapany_illib0p8655367_opp0p8655367_ctrypct_exclyr,backsliding_Nyr,387,58,-0.12147363085616578,0.27420418307295336,305,46,-0.01248039266961985,0.09520994486774063,0.8957097532864519,0.00575661616648987,1.3469697569329024,0.9965900487698952,20.703870551249562
10,backsliding_Nyr,Y_regelec,Regional elections,vdem_particip,instr-antiplural_w10_trt-ert_gapany_illib0p8655367_opp0p8655367_ctrypct_exclyr,backsliding_Nyr,387,58,-0.12147363085616578,0.27420418307295336,309,46,-0.09262961361720078,0.05418930050840361,0.08738226690835499,0.3341355873787202,2.659342505730549,0.9000121966857562,23.041013615683138
10,backsliding_Nyr,Y_delib,Deliberation,vdem_egal_delib,instr-antiplural_w10_trt-ert_gapany_illib0p8655367_opp0p8655367_ctrypct_exclyr,backsliding_Nyr,387,58,-0.12147363085616578,0.27420418307295336,310,46,-0.0482923945210704,0.0832008747722567,0.5616237815655255,-0.01848645485336214,2.067818432108884,0.992866946052018,23.46137398373398
10,backsliding_Nyr,Y_eqprotec,Equal protection,vdem_egal_delib,instr-antiplural_w10_trt-ert_gapany_illib0p8655367_opp0p8655367_ctrypct_exclyr,backsliding_Nyr,387,58,-0.12147363085616578,0.27420418307295336,310,46,0.00754831915208706,0.02943659831247018,0.797621651630223,-0.11456702656638072,0.515087976867112,0.8239851928896366,19.984271692447283
10,backsliding_Nyr,Y_eqaccess,Equal access,vdem_egal_delib,instr-antiplural_w10_trt-ert_gapany_illib0p8655367_opp0p8655367_ctrypct_exclyr,backsliding_Nyr,387,58,-0.12147363085616578,0.27420418307295336,310,46,-0.05338018102706416,0.0489032580082203,0.27503247438630674,-0.06109584343798624,2.9524759213898712,0.9834904829856316,24.283874530447456
10,backsliding_Nyr,Y_eqdr,Equal distribution,vdem_egal_delib,instr-antiplural_w10_trt-ert_gapany_illib0p8655367_opp0p8655367_ctrypct_exclyr,backsliding_Nyr,387,58,-0.12147363085616578,0.27420418307295336,310,46,-0.01188919705179493,0.03600195356845892,0.741220473742871,0.1345559427830102,2.1613035783491257,0.9503582941415982,28.271110870823616
10,backsliding_union_Nyr,Y_gdp_growth,PWT,growth,instr-antiplural_w10_trt-ertOrDdcg_gapany_illib0p8655367_opp0p8655367_ctrypct_exclyr,backsliding_union_Nyr,387,62,-0.14427445537311062,0.21139438272379144,279,44,-0.06484571419971072,0.11010067327193156,0.5558831004168434,0.4619329076927796,1.9254027804309617,0.8103961925159999,22.81113384288465
10,backsliding_union_Nyr,Y_gdp_growth_wb,World Bank,growth,instr-antiplural_w10_trt-ertOrDdcg_gapany_illib0p8655367_opp0p8655367_ctrypct_exclyr,backsliding_union_Nyr,387,62,-0.14427445537311062,0.21139438272379144,291,46,-0.04378706958627976,0.08510035155839966,0.6068783235434534,0.29414728907833176,2.281960992056184,0.8974359038149851,26.420597393129228
10,backsliding_union_Nyr,Y_gdp_growth_imf,IMF WEO,growth,instr-antiplural_w10_trt-ertOrDdcg_gapany_illib0p8655367_opp0p8655367_ctrypct_exclyr,backsliding_union_Nyr,387,62,-0.14427445537311062,0.21139438272379144,185,27,-0.1229601842062907,0.08522522443298654,0.14908597654677605,-13.224928003211382,259.7304669577548,0.959390947826284,24.655588342874573
10,backsliding_union_Nyr,Y_inflation,"CPI, cumulative log",inflation,instr-antiplural_w10_trt-ertOrDdcg_gapany_illib0p8655367_opp0p8655367_ctrypct_exclyr,backsliding_union_Nyr,387,62,-0.14427445537311062,0.21139438272379144,256,40,-0.4897212411813281,0.6823272684010534,0.4729287612245443,4.046498044532901,7.549059767706415,0.5919400565122532,21.370103984025224
10,backsliding_union_Nyr,Y_unemployment,Unemployment rate,unemployment,instr-antiplural_w10_trt-ertOrDdcg_gapany_illib0p8655367_opp0p8655367_ctrypct_exclyr,backsliding_union_Nyr,387,62,-0.14427445537311062,0.21139438272379144,175,39,-4.402852494414153,2.360561689347295,0.06215736262867238,14.662210896180058,16.628645618497185,0.3779151832386787,13.763892074896052
10,backsliding_union_Nyr,Y_trade_pct_gdp,Trade / GDP,trade,instr-antiplural_w10_trt-ertOrDdcg_gapany_illib0p8655367_opp0p8655367_ctrypct_exclyr,backsliding_union_Nyr,387,62,-0.14427445537311062,0.21139438272379144,259,40,-5.784957200983701,8.801214633064621,0.5109939659753406,33.613880303005125,69.82656264588266,0.6302386168763809,18.69113888083904
10,backsliding_union_Nyr,Y_top10_share,Top-10% income share,top10,instr-antiplural_w10_trt-ertOrDdcg_gapany_illib0p8655367_opp0p8655367_ctrypct_exclyr,backsliding_union_Nyr,387,62,-0.14427445537311062,0.21139438272379144,251,44,0.980336902839119,1.2455463834968552,0.4312386760615639,-7.820541795476728,13.017007964685812,0.5479771235199351,20.099566818704503
10,backsliding_union_Nyr,Y_gini_disp,Disposable,gini,instr-antiplural_w10_trt-ertOrDdcg_gapany_illib0p8655367_opp0p8655367_ctrypct_exclyr,backsliding_union_Nyr,387,62,-0.14427445537311062,0.21139438272379144,216,38,1.2463350584767992,0.9297388228735256,0.18007579737957424,-2.100914735085601,20.71790520665097,0.9192283714309472,26.90517090517992
10,backsliding_union_Nyr,Y_gini_mkt,Market,gini,instr-antiplural_w10_trt-ertOrDdcg_gapany_illib0p8655367_opp0p8655367_ctrypct_exclyr,backsliding_union_Nyr,387,62,-0.14427445537311062,0.21139438272379144,216,38,1.540859760362089,0.8894847860739372,0.08321910855339103,-5.511592735832323,10.080747650481838,0.58455431805649,19.31472901748498
10,backsliding_union_Nyr,Y_debt,Debt / GDP,fiscal,instr-antiplural_w10_trt-ertOrDdcg_gapany_illib0p8655367_opp0p8655367_ctrypct_exclyr,backsliding_union_Nyr,387,62,-0.14427445537311062,0.21139438272379144,278,42,-15.69588385040914,16.176315179122636,0.33189681611862926,71.21688883799595,977.56880423008,0.9419246671693614,26.964114381460536
10,backsliding_union_Nyr,Y_deficit,Deficit / GDP,fiscal,instr-antiplural_w10_trt-ertOrDdcg_gapany_illib0p8655367_opp0p8655367_ctrypct_exclyr,backsliding_union_Nyr,387,62,-0.14427445537311062,0.21139438272379144,221,41,1.833416945060476,4.03205886906523,0.6493179826199245,3.020016504053501,65.74326515595747,0.9633608499038736,26.275759822114424
10,backsliding_union_Nyr,Y_checks_balances,Checks & balances,institutions,instr-antiplural_w10_trt-ertOrDdcg_gapany_illib0p8655367_opp0p8655367_ctrypct_exclyr,backsliding_union_Nyr,387,62,-0.14427445537311062,0.21139438272379144,297,50,-0.00789310685601733,0.06961064760393368,0.909721873944184,0.05703997216823558,0.4883254582359654,0.9070127687396052,18.37181684783813
10,backsliding_union_Nyr,Y_jucon,Judicial constraints,institutions,instr-antiplural_w10_trt-ertOrDdcg_gapany_illib0p8655367_opp0p8655367_ctrypct_exclyr,backsliding_union_Nyr,387,62,-0.14427445537311062,0.21139438272379144,310,50,-0.00874054154423176,0.06246447304150183,0.8887167167185588,-0.151795310804744,0.5452070415440723,0.7806917052700835,18.710183584708584
10,backsliding_union_Nyr,Y_legcon,Legislative constraints,institutions,instr-antiplural_w10_trt-ertOrDdcg_gapany_illib0p8655367_opp0p8655367_ctrypct_exclyr,backsliding_union_Nyr,387,62,-0.14427445537311062,0.21139438272379144,297,50,-0.0756672841633797,0.10274688850326452,0.4614608045652788,0.3983010209731966,1.0128159653855142,0.6941267187926575,19.29598107709424
10,backsliding_union_Nyr,Y_hos_power,HOS,exec_power,instr-antiplural_w10_trt-ertOrDdcg_gapany_illib0p8655367_opp0p8655367_ctrypct_exclyr,backsliding_union_Nyr,387,62,-0.14427445537311062,0.21139438272379144,310,50,-0.00715435895868653,0.03894612326717953,0.8542496929430324,0.15320005239126444,0.3989606754897276,0.7009800210183119,18.76886339739347
10,backsliding_union_Nyr,Y_hog_power,HOG,exec_power,instr-antiplural_w10_trt-ertOrDdcg_gapany_illib0p8655367_opp0p8655367_ctrypct_exclyr,backsliding_union_Nyr,387,62,-0.14427445537311062,0.21139438272379144,136,34,0.07147769415749722,0.03178764215062975,0.02453795238328252,-0.17691375593412145,0.238090125057017,0.45744915020672616,17.353028089507472
10,backsliding_union_Nyr,Y_hos_power_vdem,HOS (v2ex_hosw),exec_power_alt,instr-antiplural_w10_trt-ertOrDdcg_gapany_illib0p8655367_opp0p8655367_ctrypct_exclyr,backsliding_union_Nyr,387,62,-0.14427445537311062,0.21139438272379144,310,50,-0.03289182432354404,0.02569112912133392,0.20044687697921587,0.2106015651255863,0.3772653259329894,0.5766859944239134,17.670563863013967
10,backsliding_union_Nyr,Y_hog_power_vdem,HOG (v2ex_hogw),exec_power_alt,instr-antiplural_w10_trt-ertOrDdcg_gapany_illib0p8655367_opp0p8655367_ctrypct_exclyr,backsliding_union_Nyr,387,62,-0.14427445537311062,0.21139438272379144,310,50,0.03993987176187579,0.02797361702052724,0.15335827021687076,0.06877111179494452,0.4702028507048361,0.8837174127338567,22.403157310629062
10,backsliding_union_Nyr,Y_polyarchy,Electoral (polyarchy),vdem_high,instr-antiplural_w10_trt-ertOrDdcg_gapany_illib0p8655367_opp0p8655367_ctrypct_exclyr,backsliding_union_Nyr,387,62,-0.14427445537311062,0.21139438272379144,310,50,-0.06748933915918356,0.06550420240949285,0.30286662416544785,0.06451087450006843,1.4369900763055832,0.96419255258899506,21.61422537368823
10,backsliding_union_Nyr,Y_libdem,Liberal,vdem_high,instr-antiplural_w10_trt-ertOrDdcg_gapany_illib0p8655367_opp0p8655367_ctrypct_exclyr,backsliding_union_Nyr,387,62,-0.14427445537311062,0.21139438272379144,310,50,-0.04981914272316815,0.05571030964534477,0.3711862412494668,0.0459535297214948,0.8096030374040989,0.9547359240071398,20.26596343219663
10,backsliding_union_Nyr,Y_partipdem,Participatory,vdem_high,instr-antiplural_w10_trt-ertOrDdcg_gapany_illib0p8655367_opp0p8655367_ctrypct_exclyr,backsliding_union_Nyr,387,62,-0.14427445537311062,0.21139438272379144,309,50,-0.03793156629871481,0.0482919533786761,0.43218186774600553,0.00742672594784404,0.925775966274829,0.9935993084399184,21.7446344412722
10,backsliding_union_Nyr,Y_delibdem,Deliberative,vdem_high,instr-antiplural_w10_trt-ertOrDdcg_gapany_illib0p8655367_opp0p8655367_ctrypct_exclyr,backsliding_union_Nyr,387,62,-0.14427445537311062,0.21139438272379144,310,50,-0.04376303284801825,0.06911515051821669,0.5266094741946972,0.01781254053671566,1.170815848000267,0.9878616241291333,22.079790444543328
10,backsliding_union_Nyr,Y_egaldem,Egalitarian,vdem_high,instr-antiplural_w10_trt-ertOrDdcg_gapany_illib0p8655367_opp0p8655367_ctrypct_exclyr,backsliding_union_Nyr,387,62,-0.14427445537311062,0.21139438272379144,310,50,-0.03160241635472786,0.04199500389252215,0.4517335970450677,-0.00442289603736972,0.6323935958435255,0.9944197225967468,21.250784485162924
10,backsliding_union_Nyr,Y_elecoff,Elected officials,vdem_electoral,instr-antiplural_w10_trt-ertOrDdcg_gapany_illib0p8655367_opp0p8655367_ctrypct_exclyr,backsliding_union_Nyr,387,62,-0.14427445537311062,0.21139438272379144,310,50,-0.15536249147842243,0.13748193206942486,0.25845198714605055,0.09177195736436804,5.276448789964818,0.9861232925397716,23.439917083751364
10,backsliding_union_Nyr,Y_frefair,Clean elections,vdem_electoral,instr-antiplural_w10_trt-ertOrDdcg_gapany_illib0p8655367_opp0p8655367_ctrypct_exclyr,backsliding_union_Nyr,387,62,-0.14427445537311062,0.21139438272379144,310,50,-0.0999717933652456,0.09170959921077652,0.27567313412525124,0.05746398959576004,3.2456779143561887,0.9858743732146836,23.256332206530647
10,backsliding_union_Nyr,Y_frassoc,Association,vdem_electoral,instr-antiplural_w10_trt-ertOrDdcg_gapany_illib0p8655367_opp0p8655367_ctrypct_exclyr,backsliding_union_Nyr,387,62,-0.14427445537311062,0.21139438272379144,310,50,-0.07189137559852503,0.06952913001379664,0.3011478951555956,0.1261264614104236,2.117401484473558,0.9525008000848456,23.05215286414801
10,backsliding_union_Nyr,Y_suffr,Suffrage,vdem_electoral,instr-antiplural_w10_trt-ertOrDdcg_gapany_illib0p8655367_opp0p8655367_ctrypct_exclyr,backsliding_union_Nyr,387,62,-0.14427445537311062,0.21139438272379144,310,50,0.00292693726003734,0.00383570517877829,0.4454176532284106,0.04129489022903172,0.04376168878161979,0.3453581973965369,15.853414596334352
10,backsliding_union_Nyr,Y_freexp,Expression & alt. info,vdem_electoral,instr-antiplural_w10_trt-ertOrDdcg_gapany_illib0p8655367_opp0p8655367_ctrypct_exclyr,backsliding_union_Nyr,387,62,-0.14427445537311062,0.21139438272379144,310,50,-0.07044850302801273,0.06666604323683162,0.29063143855852497,0.054387190398546,1.6633932847466364,0.973916590131549,22.124786091885547
10,backsliding_union_Nyr,Y_cl_rol,Rule of law,vdem_liberal,instr-antiplural_w10_trt-ertOrDdcg_gapany_illib0p8655367_opp0p8655367_ctrypct_exclyr,backsliding_union_Nyr,387,62,-0.14427445537311062,0.21139438272379144,310,50,-0.06899385747804032,0.05010893061056538,0.16855013471831237,0.14972589553219284,1.8199333997571177,0.9344320211002108,22.932347364601156
10,backsliding_union_Nyr,Y_cspart,Civil society,vdem_particip,instr-antiplural_w10_trt-ertOrDdcg_gapany_illib0p8655367_opp0p8655367_ctrypct_exclyr,backsliding_union_Nyr,387,62,-0.14427445537311062,0.21139438272379144,310,50,-0.03268822267798534,0.0632898870599242,0.605516315563845,-0.14591524251699128,3.688708029999363,0.9684460893787412,27.06166942104385
10,backsliding_union_Nyr,Y_dd,Direct democracy,vdem_particip,instr-antiplural_w10_trt-ertOrDdcg_gapany_illib0p8655367_opp0p8655367_ctrypct_exclyr,backsliding_union_Nyr,387,62,-0.14427445537311062,0.21139438272379144,310,50,0.02929707524083662,0.06934017147426091,0.6726511256919881,-0.02840110790396094,1.0448520682044369,0.97831461889618,24.41513386985672
10,backsliding_union_Nyr,Y_locelec,Local elections,vdem_particip,instr-antiplural_w10_trt-ertOrDdcg_gapany_illib0p8655367_opp0p8655367_ctrypct_exclyr,backsliding_union_Nyr,387,62,-0.14427445537311062,0.21139438272379144,305,50,-0.01248039266961985,0.09520994486774063,0.8957097532864519,0.05376373454226652,1.364015209052334,0.9685588925506488,20.98246585107959
10,backsliding_union_Nyr,Y_regelec,Regional elections,vdem_particip,instr-antiplural_w10_trt-ertOrDdcg_gapany_illib0p8655367_opp0p8655367_ctrypct_exclyr,backsliding_union_Nyr,387,62,-0.14427445537311062,0.21139438272379144,309,50,-0.09262961361720078,0.05418930050840361,0.08738226690835499,0.4371690668825474,2.1903214006848666,0.8418002427941957,23.128964520989214
10,backsliding_union_Nyr,Y_delib,Deliberation,vdem_egal_delib,instr-antiplural_w10_trt-ertOrDdcg_gapany_illib0p8655367_opp0p8655367_ctrypct_exclyr,backsliding_union_Nyr,387,62,-0.14427445537311062,0.21139438272379144,310,50,-0.0482923945210704,0.0832008747722567,0.5616237815655255,0.04942423250740718,1.891527866793212,0.9791542350924992,23.78764315614925
10,backsliding_union_Nyr,Y_eqprotec,Equal protection,vdem_egal_delib,instr-antiplural_w10_trt-ertOrDdcg_gapany_illib0p8655367_opp0p8655367_ctrypct_exclyr,backsliding_union_Nyr,387,62,-0.14427445537311062,0.21139438272379144,310,50,0.00754831915208706,0.02943659831247018,0.797621651630223,-0.12662359335450352,0.5129357930249404,0.8050161762000829,20.03593206380414
10,backsliding_union_Nyr,Y_eqaccess,Equal access,vdem_egal_delib,instr-antiplural_w10_trt-ertOrDdcg_gapany_illib0p8655367_opp0p8655367_ctrypct_exclyr,backsliding_union_Nyr,387,62,-0.14427445537311062,0.21139438272379144,310,50,-0.05338018102706416,0.0489032580082203,0.27503247438630674,0.08071441552421255,2.366625340018551,0.9727931995713353,24.50694101609663
10,backsliding_union_Nyr,Y_eqdr,Equal distribution,vdem_egal_delib,instr-antiplural_w10_trt-ertOrDdcg_gapany_illib0p8655367_opp0p8655367_ctrypct_exclyr,backsliding_union_Nyr,387,62,-0.14427445537311062,0.21139438272379144,310,50,-0.01188919705179493,0.03600195356845892,0.741220473742871,0.14887982359690247,1.2051191804042791,0.9016798956473931,27.876994877799525
10,polyarchy_decline,Y_gdp_growth,PWT,growth,instr-antiplural_w10_trt-polyarchy_gapany_illib0p8655367_opp0p8655367_ctrypct_exclyr,polyarchy_decline,310,100,0.06748933915918356,0.30286662416544785,279,77,-0.06484571419971072,0.11010067327193156,0.5558831004168434,-0.9191657594830002,1.473651080524267,0.5328025236311077,30.4823175288553
10,polyarchy_decline,Y_gdp_growth_wb,World Bank,growth,instr-antiplural_w10_trt-polyarchy_gapany_illib0p8655367_opp0p8655367_ctrypct_exclyr,polyarchy_decline,310,100,0.06748933915918356,0.30286662416544785,291,88,-0.04378706958627976,0.08510035155839966,0.6068783235434534,-0.6536444297451347,1.6898614791674194,0.6989016442517269,27.025035099797684
10,polyarchy_decline,Y_gdp_growth_imf,IMF WEO,growth,instr-antiplural_w10_trt-polyarchy_gapany_illib0p8655367_opp0p8655367_ctrypct_exclyr,polyarchy_decline,310,100,0.06748933915918356,0.30286662416544785,185,53,-0.1229601842062907,0.08522522443298654,0.14908597654677605,-1.429723755840253,1.7955139389242636,0.4258719237723448,24.468346747353294
10,polyarchy_decline,Y_inflation,"CPI, cumulative log",inflation,instr-antiplural_w10_trt-polyarchy_gapany_illib0p8655367_opp0p8655367_ctrypct_exclyr,polyarchy_decline,310,100,0.06748933915918356,0.30286662416544785,256,76,-0.4897212411813281,0.6823272684010534,0.4729287612245443,-12.527799771839108,17.187682905366973,0.4660735942823005,23.52962811082512
10,polyarchy_decline,Y_unemployment,Unemployment rate,unemployment,instr-antiplural_w10_trt-polyarchy_gapany_illib0p8655367_opp0p8655367_ctrypct_exclyr,polyarchy_decline,310,100,0.06748933915918356,0.30286662416544785,175,79,-4.402852494414153,2.360561689347295,0.06215736262867238,811.1649234410504,6125.245288315202,0.8946443562359163,19.090776734093403
10,polyarchy_decline,Y_trade_pct_gdp,Trade / GDP,trade,instr-antiplural_w10_trt-polyarchy_gapany_illib0p8655367_opp0p8655367_ctrypct_exclyr,polyarchy_decline,310,100,0.06748933915918356,0.30286662416544785,259,81,-5.784957200983701,8.801214633064621,0.5109939659753406,-453.20109847978136,4876.354920298377,0.925952421682806,16.214721562344916
10,polyarchy_decline,Y_top10_share,Top-10% income share,top10,instr-antiplural_w10_trt-polyarchy_gapany_illib0p8655367_opp0p8655367_ctrypct_exclyr,polyarchy_decline,310,100,0.06748933915918356,0.30286662416544785,251,78,0.980336902839119,1.2455463834968552,0.4312386760615639,13.623787268856391,31.450209290074262,0.6648797202762867,31.65424417808428
10,polyarchy_decline,Y_gini_disp,Disposable,gini,instr-antiplural_w10_trt-polyarchy_gapany_illib0p8655367_opp0p8655367_ctrypct_exclyr,polyarchy_decline,310,100,0.06748933915918356,0.30286662416544785,216,67,1.2463350584767992,0.9297388228735256,0.18007579737957424,86.03153420402663,416.38687165486425,0.836310993564501,25.196838532513077
10,polyarchy_decline,Y_gini_mkt,Market,gini,instr-antiplural_w10_trt-polyarchy_gapany_illib0p8655367_opp0p8655367_ctrypct_exclyr,polyarchy_decline,310,100,0.06748933915918356,0.30286662416544785,216,67,1.540859760362089,0.8894847860739372,0.08321910855339103,179.00362794690926,661.2247713358147,0.7866100483916683,23.37815342260477
10,polyarchy_decline,Y_debt,Debt / GDP,fiscal,instr-antiplural_w10_trt-polyarchy_gapany_illib0p8655367_opp0p8655367_ctrypct_exclyr,polyarchy_decline,310,100,0.06748933915918356,0.30286662416544785,278,86,-15.69588385040914,16.176315179122636,0.33189681611862926,-271.41063305154444,468.1862219506661,0.5621125060001219,25.400928849455187
10,polyarchy_decline,Y_deficit,Deficit / GDP,fiscal,instr-antiplural_w10_trt-polyarchy_gapany_illib0p8655367_opp0p8655367_ctrypct_exclyr,polyarchy_decline,310,100,0.06748933915918356,0.30286662416544785,221,68,1.833416945060476,4.03205886906523,0.6493179826199245,1840.9773730665672,5028.01227634479,0.7142575008653838,17.164243508977002
10,polyarchy_decline,Y_checks_balances,Checks & balances,institutions,instr-antiplural_w10_trt-polyarchy_gapany_illib0p8655367_opp0p8655367_ctrypct_exclyr,polyarchy_decline,310,100,0.06748933915918356,0.30286662416544785,297,98,-0.00789310685601733,0.06961064760393368,0.909721873944184,213.7024752579619,1128.8140407040992,0.849845213979187,21.960926131941644
10,polyarchy_decline,Y_jucon,Judicial constraints,institutions,instr-antiplural_w10_trt-polyarchy_gapany_illib0p8655367_opp0p8655367_ctrypct_exclyr,polyarchy_decline,310,100,0.06748933915918356,0.30286662416544785,310,100,-0.00874054154423176,0.06246447304150183,0.8887167167185588,-0.19829703484674557,1.0978368112917631,0.8566617449929202,21.75105201402755
10,polyarchy_decline,Y_legcon,Legislative constraints,institutions,instr-antiplural_w10_trt-polyarchy_gapany_illib0p8655367_opp0p8655367_ctrypct_exclyr,polyarchy_decline,310,100,0.06748933915918356,0.30286662416544785,297,98,-0.0756672841633797,0.10274688850326452,0.4614608045652788,5.129315136567188,19.955386189148964,0.7971485650011402,17.931103459298065
10,polyarchy_decline,Y_hos_power,HOS,exec_power,instr-antiplural_w10_trt-polyarchy_gapany_illib0p8655367_opp0p8655367_ctrypct_exclyr,polyarchy_decline,310,100,0.06748933915918356,0.30286662416544785,310,100,-0.00715435895868653,0.03894612326717953,0.8542496929430324,-0.13095328619313346,0.7055002149864397,0.8527446178371747,22.88632327344092
10,polyarchy_decline,Y_hog_power,HOG,exec_power,instr-antiplural_w10_trt-polyarchy_gapany_illib0p8655367_opp0p8655367_ctrypct_exclyr,polyarchy_decline,310,100,0.06748933915918356,0.30286662416544785,136,38,0.07147769415749722,0.03178764215062975,0.02453795238328252,2.118289405806625,4.975967179898737,0.6703235069485516,18.23213898372156
10,polyarchy_decline,Y_hos_power_vdem,HOS (v2ex_hosw),exec_power_alt,instr-antiplural_w10_trt-polyarchy_gapany_illib0p8655367_opp0p8655367_ctrypct_exclyr,polyarchy_decline,310,100,0.06748933915918356,0.30286662416544785,310,100,-0.03289182432354404,0.02569112912133392,0.20044687697921587,-0.3612291771286372,0.7463210875540176,0.6283765778970868,20.824614461527453
10,polyarchy_decline,Y_hog_power_vdem,HOG (v2ex_hogw),exec_power_alt,instr-antiplural_w10_trt-polyarchy_gapany_illib0p8655367_opp0p8655367_ctrypct_exclyr,polyarchy_decline,310,100,0.06748933915918356,0.30286662416544785,310,100,0.03993987176187579,0.02797361702052724,0.15335827021687076,0.3605160684081305,0.6884009008698904,0.6004866935777062,20.911679177883418
10,polyarchy_decline,Y_polyarchy,Electoral (polyarchy),vdem_high,instr-antiplural_w10_trt-polyarchy_gapany_illib0p8655367_opp0p8655367_ctrypct_exclyr,polyarchy_decline,310,100,0.06748933915918356,0.30286662416544785,310,100,-0.06748933915918356,0.06550420240949285,0.30286662416544785,-1,5.196136266628712e-17,0,26.940590621281817
10,polyarchy_decline,Y_libdem,Liberal,vdem_high,instr-antiplural_w10_trt-polyarchy_gapany_illib0p8655367_opp0p8655367_ctrypct_exclyr,polyarchy_decline,310,100,0.06748933915918356,0.30286662416544785,310,100,-0.04981914272316815,0.05571030964534477,0.3711862412494668,-0.8204557430563526,0.31830034568995863,0.00994847741410013,21.60438061607736
10,polyarchy_decline,Y_partipdem,Participatory,vdem_high,instr-antiplural_w10_trt-polyarchy_gapany_illib0p8655367_opp0p8655367_ctrypct_exclyr,polyarchy_decline,310,100,0.06748933915918356,0.30286662416544785,309,100,-0.03793156629871481,0.0482919533786761,0.43218186774600553,-0.5783108093415282,0.354016262366066,0.10234889615973324,29.71981756329287
10,polyarchy_decline,Y_delibdem,Deliberative,vdem_high,instr-antiplural_w10_trt-polyarchy_gapany_illib0p8655367_opp0p8655367_ctrypct_exclyr,polyarchy_decline,310,100,0.06748933915918356,0.30286662416544785,310,100,-0.04376303284801825,0.06911515051821669,0.5266094741946972,-0.6414497977076743,0.5867609489061504,0.2743039559236528,24.474874800997995
10,polyarchy_decline,Y_egaldem,Egalitarian,vdem_high,instr-antiplural_w10_trt-polyarchy_gapany_illib0p8655367_opp0p8655367_ctrypct_exclyr,polyarchy_decline,310,100,0.06748933915918356,0.30286662416544785,310,100,-0.03160241635472786,0.04199500389252215,0.4517335970450677,-0.4675191971161004,0.25855388137017926,0.07057413375626306,27.329451570850395
10,polyarchy_decline,Y_elecoff,Elected officials,vdem_electoral,instr-antiplural_w10_trt-polyarchy_gapany_illib0p8655367_opp0p8655367_ctrypct_exclyr,polyarchy_decline,310,100,0.06748933915918356,0.30286662416544785,310,100,-0.15536249147842243,0.13748193206942486,0.25845198714605055,-6.915535503246745,10.578546061019187,0.5132843959515208,19.32443715897048
10,polyarchy_decline,Y_frefair,Clean elections,vdem_electoral,instr-antiplural_w10_trt-polyarchy_gapany_illib0p8655367_opp0p8655367_ctrypct_exclyr,polyarchy_decline,310,100,0.06748933915918356,0.30286662416544785,310,100,-0.0999717933652456,0.09170959921077652,0.27567313412525124,-1.5086545970522176,0.4656701957688887,0.00119634918680987,23.386636831470785
10,polyarchy_decline,Y_frassoc,Association,vdem_electoral,instr-antiplural_w10_trt-polyarchy_gapany_illib0p8655367_opp0p8655367_ctrypct_exclyr,polyarchy_decline,310,100,0.06748933915918356,0.30286662416544785,310,100,-0.07189137559852503,0.06952913001379664,0.3011478951555956,-1.4405339278008598,1.4729653958256732,0.32808313133594413,19.756587104003906
10,polyarchy_decline,Y_suffr,Suffrage,vdem_electoral,instr-antiplural_w10_trt-polyarchy_gapany_illib0p8655367_opp0p8655367_ctrypct_exclyr,polyarchy_decline,310,100,0.06748933915918356,0.30286662416544785,310,100,0.00292693726003734,0.00383570517877829,0.4454176532284106,0.02281255105132977,0.12824311440239705,0.8588131403012491,24.801236967680683
10,polyarchy_decline,Y_freexp,Expression & alt. info,vdem_electoral,instr-antiplural_w10_trt-polyarchy_gapany_illib0p8655367_opp0p8655367_ctrypct_exclyr,polyarchy_decline,310,100,0.06748933915918356,0.30286662416544785,310,100,-0.07044850302801273,0.06666604323683162,0.29063143855852497,-0.9425735911498804,0.7502758081046912,0.2090062106872461,23.339555037985253
10,polyarchy_decline,Y_cl_rol,Rule of law,vdem_liberal,instr-antiplural_w10_trt-polyarchy_gapany_illib0p8655367_opp0p8655367_ctrypct_exclyr,polyarchy_decline,310,100,0.06748933915918356,0.30286662416544785,310,100,-0.06899385747804032,0.05010893061056538,0.16855013471831237,-1.752729386717945,2.971083663919028,0.555238031449022,19.0002953694519
10,polyarchy_decline,Y_cspart,Civil society,vdem_particip,instr-antiplural_w10_trt-polyarchy_gapany_illib0p8655367_opp0p8655367_ctrypct_exclyr,polyarchy_decline,310,100,0.06748933915918356,0.30286662416544785,310,100,-0.03268822267798534,0.0632898870599242,0.605516315563845,-0.37712520644028646,0.7918605296852494,0.6338948164499913,26.974283582945947
10,polyarchy_decline,Y_dd,Direct democracy,vdem_particip,instr-antiplural_w10_trt-polyarchy_gapany_illib0p8655367_opp0p8655367_ctrypct_exclyr,polyarchy_decline,310,100,0.06748933915918356,0.30286662416544785,310,100,0.02929707524083662,0.06934017147426091,0.6726511256919881,0.5153551869775299,1.3936139534241538,0.7115332545868835,24.407277225210663
10,polyarchy_decline,Y_locelec,Local elections,vdem_particip,instr-antiplural_w10_trt-polyarchy_gapany_illib0p8655367_opp0p8655367_ctrypct_exclyr,polyarchy_decline,310,100,0.06748933915918356,0.30286662416544785,305,98,-0.01248039266961985,0.09520994486774063,0.8957097532864519,-1.06968485780789,2.2531990482549022,0.634971942375586,21.32685500824933
10,polyarchy_decline,Y_regelec,Regional elections,vdem_particip,instr-antiplural_w10_trt-polyarchy_gapany_illib0p8655367_opp0p8655367_ctrypct_exclyr,polyarchy_decline,310,100,0.06748933915918356,0.30286662416544785,309,100,-0.09262961361720078,0.05418930050840361,0.08738226690835499,-1.7346634334466218,2.038243624312541,0.39473716444593976,22.29272231265991
10,polyarchy_decline,Y_delib,Deliberation,vdem_egal_delib,instr-antiplural_w10_trt-polyarchy_gapany_illib0p8655367_opp0p8655367_ctrypct_exclyr,polyarchy_decline,310,100,0.06748933915918356,0.30286662416544785,310,100,-0.0482923945210704,0.0832008747722567,0.5616237815655255,-0.5022289012723787,1.0542288058838696,0.6337932871357876,23.588042432364865
10,polyarchy_decline,Y_eqprotec,Equal protection,vdem_egal_delib,instr-antiplural_w10_trt-polyarchy_gapany_illib0p8655367_opp0p8655367_ctrypct_exclyr,polyarchy_decline,310,100,0.06748933915918356,0.30286662416544785,310,100,0.00754831915208706,0.02943659831247018,0.797621651630223,0.0980711079959718,0.6691603005544081,0.8834805379293321,24.553875151709335
10,polyarchy_decline,Y_eqaccess,Equal access,vdem_egal_delib,instr-antiplural_w10_trt-polyarchy_gapany_illib0p8655367_opp0p8655367_ctrypct_exclyr,polyarchy_decline,310,100,0.06748933915918356,0.30286662416544785,310,100,-0.05338018102706416,0.0489032580082203,0.27503247438630674,-0.9297815268564888,0.9179709534845066,0.3111241917412555,23.266660328168012
10,polyarchy_decline,Y_eqdr,Equal distribution,vdem_egal_delib,instr-antiplural_w10_trt-polyarchy_gapany_illib0p8655367_opp0p8655367_ctrypct_exclyr,polyarchy_decline,310,100,0.06748933915918356,0.30286662416544785,310,100,-0.01188919705179493,0.03600195356845892,0.741220473742871,-0.14681441347532878,1.149699373516611,0.8983879020885188,20.257137674893546
