window,treatment_def,outcome,outcome_label,panel,spec,treatment,n_first_stage,n_first_stage_treated,first_stage_coef,first_stage_pval,n_outcome,n_outcome_treated,rd_estimate,rd_se,rd_pval,late_estimate,late_se,late_pval,bandwidth
1,backsliding_Nyr,Y_gdp_growth,PWT,growth,instr-popul_w1_trt-ert_gapany_illibany_exclyr,backsliding_Nyr,1347,32,0.03459998457889292,0.1801274640644511,1309,31,0.00393513347500163,0.01252856473385796,0.7534504670028674,0.14405483877957054,0.41444228264755045,0.7281502092763571,16.8378260580488
1,backsliding_Nyr,Y_gdp_growth_wb,World Bank,growth,instr-popul_w1_trt-ert_gapany_illibany_exclyr,backsliding_Nyr,1347,32,0.03459998457889292,0.1801274640644511,1325,31,-0.00172270606414519,0.01104455134794109,0.8760504313577432,-0.08038215332318169,0.33076727383081145,0.8079920342814995,17.054391872007884
1,backsliding_Nyr,Y_gdp_growth_imf,IMF WEO,growth,instr-popul_w1_trt-ert_gapany_illibany_exclyr,backsliding_Nyr,1347,32,0.03459998457889292,0.1801274640644511,1025,25,-0.00508519032567211,0.01204683230204651,0.6729385528095122,0.03010625603517584,0.3629989672021731,0.9339011721083876,12.8100476995376
1,backsliding_Nyr,Y_inflation,"CPI, cumulative log",inflation,instr-popul_w1_trt-ert_gapany_illibany_exclyr,backsliding_Nyr,1347,32,0.03459998457889292,0.1801274640644511,1221,29,0.2006476658009884,0.1272759775161472,0.1149158888521103,5.795393753212243,4.923336832181926,0.2391447357759303,15.522475176029063
1,backsliding_Nyr,Y_unemployment,Unemployment rate,unemployment,instr-popul_w1_trt-ert_gapany_illibany_exclyr,backsliding_Nyr,1347,32,0.03459998457889292,0.1801274640644511,939,28,-0.3887823366119558,0.30900520628085804,0.20832881207668635,-7.375134749067642,7.636584987338952,0.33416255599023503,15.53752730176989
1,backsliding_Nyr,Y_trade_pct_gdp,Trade / GDP,trade,instr-popul_w1_trt-ert_gapany_illibany_exclyr,backsliding_Nyr,1347,32,0.03459998457889292,0.1801274640644511,1193,27,1.3375678596128795,1.9012710522950849,0.4817364495970235,88.7511194367692,106.15270595646436,0.4031153835034455,15.241225205722284
1,backsliding_Nyr,Y_top10_share,Top-10% income share,top10,instr-popul_w1_trt-ert_gapany_illibany_exclyr,backsliding_Nyr,1347,32,0.03459998457889292,0.1801274640644511,1239,29,0.0939454568945398,0.3549332594885187,0.7912522485692107,1.014646736724822,10.229510287521274,0.9209888417961865,17.930484916308107
1,backsliding_Nyr,Y_gini_disp,Disposable,gini,instr-popul_w1_trt-ert_gapany_illibany_exclyr,backsliding_Nyr,1347,32,0.03459998457889292,0.1801274640644511,1083,27,0.11458080715902572,0.14567887029307255,0.43155702931761575,3.2560176400675513,4.085991484729886,0.4255246016116877,17.433687989253375
1,backsliding_Nyr,Y_gini_mkt,Market,gini,instr-popul_w1_trt-ert_gapany_illibany_exclyr,backsliding_Nyr,1347,32,0.03459998457889292,0.1801274640644511,1083,27,0.07178382638637502,0.1416767376757697,0.6123840371027645,1.0129649035047317,3.3053215609362785,0.7592507324946218,19.30654089837217
1,backsliding_Nyr,Y_debt,Debt / GDP,fiscal,instr-popul_w1_trt-ert_gapany_illibany_exclyr,backsliding_Nyr,1347,32,0.03459998457889292,0.1801274640644511,1289,31,1.8425480724057688,3.6983909205227503,0.6183412310234135,59.21243146146594,119.4373251464892,0.6200626673407068,14.730738061001272
1,backsliding_Nyr,Y_deficit,Deficit / GDP,fiscal,instr-popul_w1_trt-ert_gapany_illibany_exclyr,backsliding_Nyr,1347,32,0.03459998457889292,0.1801274640644511,1141,27,-0.3851055474553917,0.8737719734398953,0.6594018250718339,-7.035597830353511,21.41823308484484,0.7425439414490616,18.096488799030514
1,backsliding_Nyr,Y_checks_balances,Checks & balances,institutions,instr-popul_w1_trt-ert_gapany_illibany_exclyr,backsliding_Nyr,1347,32,0.03459998457889292,0.1801274640644511,1321,31,0.01594211876665908,0.01119343408834163,0.15437746961198873,0.461990470381281,0.5047945062209079,0.36008400537622853,15.1974620027982
1,backsliding_Nyr,Y_jucon,Judicial constraints,institutions,instr-popul_w1_trt-ert_gapany_illibany_exclyr,backsliding_Nyr,1347,32,0.03459998457889292,0.1801274640644511,1345,31,0.01100316323614037,0.0103000875070176,0.285403607375728,0.4455421965137124,0.5247178139633933,0.39582109012083433,13.16473985272406
1,backsliding_Nyr,Y_legcon,Legislative constraints,institutions,instr-popul_w1_trt-ert_gapany_illibany_exclyr,backsliding_Nyr,1347,32,0.03459998457889292,0.1801274640644511,1321,31,0.02020626736094634,0.01580487817597024,0.2010791908262141,0.6253564111780203,0.7507231000027068,0.40484167254543346,14.633190556257288
1,backsliding_Nyr,Y_hos_power,HOS,exec_power,instr-popul_w1_trt-ert_gapany_illibany_exclyr,backsliding_Nyr,1347,32,0.03459998457889292,0.1801274640644511,1345,31,0.00351245012781679,0.01024053023641519,0.731602261390424,0.20153799297621097,0.3484380494764443,0.5629913331786365,17.247936691355758
1,backsliding_Nyr,Y_hog_power,HOG,exec_power,instr-popul_w1_trt-ert_gapany_illibany_exclyr,backsliding_Nyr,1347,32,0.03459998457889292,0.1801274640644511,705,18,-0.02210948674093811,0.01132426431484175,0.05089080541381809,-1.6721405547516468,2.4625007878928407,0.4971114833699314,19.793040733734426
1,backsliding_Nyr,Y_hos_power_vdem,HOS (v2ex_hosw),exec_power_alt,instr-popul_w1_trt-ert_gapany_illibany_exclyr,backsliding_Nyr,1347,32,0.03459998457889292,0.1801274640644511,1345,31,0.0187923242308561,0.01935498315228335,0.3315833837980812,0.6123036184448611,0.6752456787823388,0.3645197472681024,17.948111995564606
1,backsliding_Nyr,Y_hog_power_vdem,HOG (v2ex_hogw),exec_power_alt,instr-popul_w1_trt-ert_gapany_illibany_exclyr,backsliding_Nyr,1347,32,0.03459998457889292,0.1801274640644511,1345,31,-0.01347938580169697,0.01651204686179656,0.4143077296436859,-0.4076516288846728,0.5592480778628243,0.4660456558025098,17.107872859488868
1,backsliding_union_Nyr,Y_gdp_growth,PWT,growth,instr-popul_w1_trt-ertOrDdcg_gapany_illibany_exclyr,backsliding_union_Nyr,1347,42,0.05861788251472439,0.1073742999426611,1309,41,0.00393513347500163,0.01252856473385796,0.7534504670028674,0.05767278653271567,0.2553215949409911,0.8212924850508897,19.19414696362024
1,backsliding_union_Nyr,Y_gdp_growth_wb,World Bank,growth,instr-popul_w1_trt-ertOrDdcg_gapany_illibany_exclyr,backsliding_union_Nyr,1347,42,0.05861788251472439,0.1073742999426611,1325,41,-0.00172270606414519,0.01104455134794109,0.8760504313577432,-0.04043167308303985,0.20718266840110608,0.8452756137873452,19.39435500946064
1,backsliding_union_Nyr,Y_gdp_growth_imf,IMF WEO,growth,instr-popul_w1_trt-ertOrDdcg_gapany_illibany_exclyr,backsliding_union_Nyr,1347,42,0.05861788251472439,0.1073742999426611,1025,31,-0.00508519032567211,0.01204683230204651,0.6729385528095122,-0.10316670301886129,0.3798765965434616,0.7859453499316014,17.005916079964763
1,backsliding_union_Nyr,Y_inflation,"CPI, cumulative log",inflation,instr-popul_w1_trt-ertOrDdcg_gapany_illibany_exclyr,backsliding_union_Nyr,1347,42,0.05861788251472439,0.1073742999426611,1221,37,0.2006476658009884,0.1272759775161472,0.1149158888521103,3.220362084355513,2.953592684571292,0.27557207270715683,17.011116628846914
1,backsliding_union_Nyr,Y_unemployment,Unemployment rate,unemployment,instr-popul_w1_trt-ertOrDdcg_gapany_illibany_exclyr,backsliding_union_Nyr,1347,42,0.05861788251472439,0.1073742999426611,939,33,-0.3887823366119558,0.30900520628085804,0.20832881207668635,-9.347557951501727,12.153255453372632,0.4418100554779848,17.201172675540445
1,backsliding_union_Nyr,Y_trade_pct_gdp,Trade / GDP,trade,instr-popul_w1_trt-ertOrDdcg_gapany_illibany_exclyr,backsliding_union_Nyr,1347,42,0.05861788251472439,0.1073742999426611,1193,35,1.3375678596128795,1.9012710522950849,0.4817364495970235,26.6566203503665,38.66257761997099,0.49052863669462743,24.346850382860833
1,backsliding_union_Nyr,Y_top10_share,Top-10% income share,top10,instr-popul_w1_trt-ertOrDdcg_gapany_illibany_exclyr,backsliding_union_Nyr,1347,42,0.05861788251472439,0.1073742999426611,1239,37,0.0939454568945398,0.3549332594885187,0.7912522485692107,1.265858666305933,10.6624419209764,0.9054961832062668,20.321385491966694
1,backsliding_union_Nyr,Y_gini_disp,Disposable,gini,instr-popul_w1_trt-ertOrDdcg_gapany_illibany_exclyr,backsliding_union_Nyr,1347,42,0.05861788251472439,0.1073742999426611,1083,32,0.11458080715902572,0.14567887029307255,0.43155702931761575,4.155611759721897,5.623543180886529,0.45992715208531526,18.193115832813657
1,backsliding_union_Nyr,Y_gini_mkt,Market,gini,instr-popul_w1_trt-ertOrDdcg_gapany_illibany_exclyr,backsliding_union_Nyr,1347,42,0.05861788251472439,0.1073742999426611,1083,32,0.07178382638637502,0.1416767376757697,0.6123840371027645,1.406368850521878,4.449494963063029,0.7519464808241059,18.930238666638473
1,backsliding_union_Nyr,Y_debt,Debt / GDP,fiscal,instr-popul_w1_trt-ertOrDdcg_gapany_illibany_exclyr,backsliding_union_Nyr,1347,42,0.05861788251472439,0.1073742999426611,1289,41,1.8425480724057688,3.6983909205227503,0.6183412310234135,27.027065028904453,70.37178917536028,0.7009331805034433,16.96319428287579
1,backsliding_union_Nyr,Y_deficit,Deficit / GDP,fiscal,instr-popul_w1_trt-ertOrDdcg_gapany_illibany_exclyr,backsliding_union_Nyr,1347,42,0.05861788251472439,0.1073742999426611,1141,30,-0.3851055474553917,0.8737719734398953,0.6594018250718339,-8.676980400478161,33.11660000103847,0.7933114037384643,17.499866868717817
1,backsliding_union_Nyr,Y_checks_balances,Checks & balances,institutions,instr-popul_w1_trt-ertOrDdcg_gapany_illibany_exclyr,backsliding_union_Nyr,1347,42,0.05861788251472439,0.1073742999426611,1321,38,0.01594211876665908,0.01119343408834163,0.15437746961198873,0.2859309238387873,0.3525174644216951,0.417301716423295,15.601297463068088
1,backsliding_union_Nyr,Y_jucon,Judicial constraints,institutions,instr-popul_w1_trt-ertOrDdcg_gapany_illibany_exclyr,backsliding_union_Nyr,1347,42,0.05861788251472439,0.1073742999426611,1345,41,0.01100316323614037,0.0103000875070176,0.285403607375728,0.1988832119234228,0.23192287733125239,0.39114635710020945,19.105652400873467
1,backsliding_union_Nyr,Y_legcon,Legislative constraints,institutions,instr-popul_w1_trt-ertOrDdcg_gapany_illibany_exclyr,backsliding_union_Nyr,1347,42,0.05861788251472439,0.1073742999426611,1321,38,0.02020626736094634,0.01580487817597024,0.2010791908262141,0.4079129049151704,0.4799699233858605,0.3953963629265242,15.127320446698487
1,backsliding_union_Nyr,Y_hos_power,HOS,exec_power,instr-popul_w1_trt-ertOrDdcg_gapany_illibany_exclyr,backsliding_union_Nyr,1347,42,0.05861788251472439,0.1073742999426611,1345,41,0.00351245012781679,0.01024053023641519,0.731602261390424,0.09651664853113764,0.22709677551731036,0.6708350089486259,18.44126618023068
1,backsliding_union_Nyr,Y_hog_power,HOG,exec_power,instr-popul_w1_trt-ertOrDdcg_gapany_illibany_exclyr,backsliding_union_Nyr,1347,42,0.05861788251472439,0.1073742999426611,705,23,-0.02210948674093811,0.01132426431484175,0.05089080541381809,-17.50564099514488,76.09358042559873,0.8180497226623544,20.759833727791577
1,backsliding_union_Nyr,Y_hos_power_vdem,HOS (v2ex_hosw),exec_power_alt,instr-popul_w1_trt-ertOrDdcg_gapany_illibany_exclyr,backsliding_union_Nyr,1347,42,0.05861788251472439,0.1073742999426611,1345,41,0.0187923242308561,0.01935498315228335,0.3315833837980812,0.5401747861886752,0.39612735134900473,0.17268114693925132,22.69903247894404
1,backsliding_union_Nyr,Y_hog_power_vdem,HOG (v2ex_hogw),exec_power_alt,instr-popul_w1_trt-ertOrDdcg_gapany_illibany_exclyr,backsliding_union_Nyr,1347,42,0.05861788251472439,0.1073742999426611,1345,41,-0.01347938580169697,0.01651204686179656,0.4143077296436859,-0.3639448307488273,0.3278270760104005,0.2669244032529712,20.157075348010004
1,polyarchy_decline,Y_gdp_growth,PWT,growth,instr-popul_w1_trt-polyarchy_gapany_illibany_exclyr,polyarchy_decline,1345,512,-0.00912388661824142,0.4774662495348427,1309,495,0.00393513347500163,0.01252856473385796,0.7534504670028674,-0.6282113798749778,2.6191116252129243,0.8104413765145122,15.36471875571711
1,polyarchy_decline,Y_gdp_growth_wb,World Bank,growth,instr-popul_w1_trt-polyarchy_gapany_illibany_exclyr,polyarchy_decline,1345,512,-0.00912388661824142,0.4774662495348427,1325,508,-0.00172270606414519,0.01104455134794109,0.8760504313577432,0.2887288395743796,1.601037235554302,0.8568867412515365,15.54185981283938
1,polyarchy_decline,Y_gdp_growth_imf,IMF WEO,growth,instr-popul_w1_trt-polyarchy_gapany_illibany_exclyr,polyarchy_decline,1345,512,-0.00912388661824142,0.4774662495348427,1025,402,-0.00508519032567211,0.01204683230204651,0.6729385528095122,0.01652814137108493,0.7223849994235616,0.9817460241808552,14.740881103770729
1,polyarchy_decline,Y_inflation,"CPI, cumulative log",inflation,instr-popul_w1_trt-polyarchy_gapany_illibany_exclyr,polyarchy_decline,1345,512,-0.00912388661824142,0.4774662495348427,1221,476,0.2006476658009884,0.1272759775161472,0.1149158888521103,-21.597791909881845,64.0133439549219,0.7358190388188264,22.48063822133256
1,polyarchy_decline,Y_unemployment,Unemployment rate,unemployment,instr-popul_w1_trt-polyarchy_gapany_illibany_exclyr,polyarchy_decline,1345,512,-0.00912388661824142,0.4774662495348427,939,404,-0.3887823366119558,0.30900520628085804,0.20832881207668635,24.242056309671664,26.3974672449742,0.3584368030774971,17.86051164508991
1,polyarchy_decline,Y_trade_pct_gdp,Trade / GDP,trade,instr-popul_w1_trt-polyarchy_gapany_illibany_exclyr,polyarchy_decline,1345,512,-0.00912388661824142,0.4774662495348427,1193,458,1.3375678596128795,1.9012710522950849,0.4817364495970235,-78.829770438017,633.0021199490463,0.9008931266371496,18.839105511320085
1,polyarchy_decline,Y_top10_share,Top-10% income share,top10,instr-popul_w1_trt-polyarchy_gapany_illibany_exclyr,polyarchy_decline,1345,512,-0.00912388661824142,0.4774662495348427,1239,478,0.0939454568945398,0.3549332594885187,0.7912522485692107,-5.382571443552269,32.954737451368985,0.8702568423522964,16.178908119707554
1,polyarchy_decline,Y_gini_disp,Disposable,gini,instr-popul_w1_trt-polyarchy_gapany_illibany_exclyr,polyarchy_decline,1345,512,-0.00912388661824142,0.4774662495348427,1083,422,0.11458080715902572,0.14567887029307255,0.43155702931761575,-11.445560321761976,16.562740657838308,0.4895387341431745,14.414604387788115
1,polyarchy_decline,Y_gini_mkt,Market,gini,instr-popul_w1_trt-polyarchy_gapany_illibany_exclyr,polyarchy_decline,1345,512,-0.00912388661824142,0.4774662495348427,1083,422,0.07178382638637502,0.1416767376757697,0.6123840371027645,-4.026058333554531,18.257774862917184,0.8254724327196128,20.68843543358043
1,polyarchy_decline,Y_debt,Debt / GDP,fiscal,instr-popul_w1_trt-polyarchy_gapany_illibany_exclyr,polyarchy_decline,1345,512,-0.00912388661824142,0.4774662495348427,1289,504,1.8425480724057688,3.6983909205227503,0.6183412310234135,-191.01411024355016,774.334816248902,0.8051546887946038,16.16299005105866
1,polyarchy_decline,Y_deficit,Deficit / GDP,fiscal,instr-popul_w1_trt-polyarchy_gapany_illibany_exclyr,polyarchy_decline,1345,512,-0.00912388661824142,0.4774662495348427,1141,453,-0.3851055474553917,0.8737719734398953,0.6594018250718339,34.64091330754892,112.05493695776823,0.7572133350774302,20.61486374889825
1,polyarchy_decline,Y_checks_balances,Checks & balances,institutions,instr-popul_w1_trt-polyarchy_gapany_illibany_exclyr,polyarchy_decline,1345,512,-0.00912388661824142,0.4774662495348427,1321,511,0.01594211876665908,0.01119343408834163,0.15437746961198873,-4.380078275180894,9.0302881431849,0.6276458261656193,15.19304083468812
1,polyarchy_decline,Y_jucon,Judicial constraints,institutions,instr-popul_w1_trt-polyarchy_gapany_illibany_exclyr,polyarchy_decline,1345,512,-0.00912388661824142,0.4774662495348427,1345,512,0.01100316323614037,0.0103000875070176,0.285403607375728,-1.260314242846884,2.464720307632872,0.6091118186906259,15.859971968862451
1,polyarchy_decline,Y_legcon,Legislative constraints,institutions,instr-popul_w1_trt-polyarchy_gapany_illibany_exclyr,polyarchy_decline,1345,512,-0.00912388661824142,0.4774662495348427,1321,511,0.02020626736094634,0.01580487817597024,0.2010791908262141,-6.156956745745646,12.455190529060614,0.6210741385673368,14.845800130622454
1,polyarchy_decline,Y_hos_power,HOS,exec_power,instr-popul_w1_trt-polyarchy_gapany_illibany_exclyr,polyarchy_decline,1345,512,-0.00912388661824142,0.4774662495348427,1345,512,0.00351245012781679,0.01024053023641519,0.731602261390424,-0.7968563748522168,2.735745456969646,0.770840414271183,16.090815805031106
1,polyarchy_decline,Y_hog_power,HOG,exec_power,instr-popul_w1_trt-polyarchy_gapany_illibany_exclyr,polyarchy_decline,1345,512,-0.00912388661824142,0.4774662495348427,705,266,-0.02210948674093811,0.01132426431484175,0.05089080541381809,-4.793890415479225,49.37722845226899,0.9226572493127556,16.380815649562116
1,polyarchy_decline,Y_hos_power_vdem,HOS (v2ex_hosw),exec_power_alt,instr-popul_w1_trt-polyarchy_gapany_illibany_exclyr,polyarchy_decline,1345,512,-0.00912388661824142,0.4774662495348427,1345,512,0.0187923242308561,0.01935498315228335,0.3315833837980812,-2.4685963638025297,6.117812435940994,0.6865733360407911,14.64478308165126
1,polyarchy_decline,Y_hog_power_vdem,HOG (v2ex_hogw),exec_power_alt,instr-popul_w1_trt-polyarchy_gapany_illibany_exclyr,polyarchy_decline,1345,512,-0.00912388661824142,0.4774662495348427,1345,512,-0.01347938580169697,0.01651204686179656,0.4143077296436859,1.652274111468976,4.47186004351894,0.711768100987824,14.657996239629153
2,backsliding_Nyr,Y_gdp_growth,PWT,growth,instr-popul_w2_trt-ert_gapany_illibany_exclyr,backsliding_Nyr,1347,55,0.02413067645471939,0.4849076794332208,1297,53,0.01261871164367244,0.01530258705271477,0.4095913597682238,0.7971959386848675,2.231599265875856,0.7209190475490244,16.98227761834717
2,backsliding_Nyr,Y_gdp_growth_wb,World Bank,growth,instr-popul_w2_trt-ert_gapany_illibany_exclyr,backsliding_Nyr,1347,55,0.02413067645471939,0.4849076794332208,1304,54,0.00933935778812414,0.01268960546529092,0.4617398978963018,0.2194496078052113,0.8294922589493048,0.7913492404614086,17.171361197360714
2,backsliding_Nyr,Y_gdp_growth_imf,IMF WEO,growth,instr-popul_w2_trt-ert_gapany_illibany_exclyr,backsliding_Nyr,1347,55,0.02413067645471939,0.4849076794332208,1007,45,3.5396771154383444e-5,0.01384076754712703,0.9979594696375194,0.00634524033285477,0.41923550587791186,0.9879242670564056,15.915565611515063
2,backsliding_Nyr,Y_inflation,"CPI, cumulative log",inflation,instr-popul_w2_trt-ert_gapany_illibany_exclyr,backsliding_Nyr,1347,55,0.02413067645471939,0.4849076794332208,1198,50,0.2704475619405452,0.1391587963256029,0.05196233220875113,11.34237752229996,15.357749372117516,0.4601837866576377,15.052856388172016
2,backsliding_Nyr,Y_unemployment,Unemployment rate,unemployment,instr-popul_w2_trt-ert_gapany_illibany_exclyr,backsliding_Nyr,1347,55,0.02413067645471939,0.4849076794332208,939,47,-0.36932462840255886,0.4915622766025241,0.4524551276201324,-7.711406081926619,13.194544339230925,0.55892500537376,14.458591693280482
2,backsliding_Nyr,Y_trade_pct_gdp,Trade / GDP,trade,instr-popul_w2_trt-ert_gapany_illibany_exclyr,backsliding_Nyr,1347,55,0.02413067645471939,0.4849076794332208,1175,49,-0.09683970807828413,2.1117957401438705,0.9634245702733664,-4.206561440266931,139.14870382124724,0.9758830719938554,16.637188730518364
2,backsliding_Nyr,Y_top10_share,Top-10% income share,top10,instr-popul_w2_trt-ert_gapany_illibany_exclyr,backsliding_Nyr,1347,55,0.02413067645471939,0.4849076794332208,1218,49,0.1323796721723432,0.4347882520202711,0.7607703827370251,6.323863829559558,18.035104086733405,0.7258569905318359,15.12911559409786
2,backsliding_Nyr,Y_gini_disp,Disposable,gini,instr-popul_w2_trt-ert_gapany_illibany_exclyr,backsliding_Nyr,1347,55,0.02413067645471939,0.4849076794332208,1059,43,0.09625864509546146,0.19456813437391943,0.6207908962700137,2.3475444666611436,4.5229686891958885,0.6037416668163568,16.74385978593976
2,backsliding_Nyr,Y_gini_mkt,Market,gini,instr-popul_w2_trt-ert_gapany_illibany_exclyr,backsliding_Nyr,1347,55,0.02413067645471939,0.4849076794332208,1059,43,0.14965071407421457,0.20016091371406983,0.4546700707803175,2.3500795113579533,4.724880233508382,0.6189183338932269,19.21732144964804
2,backsliding_Nyr,Y_debt,Debt / GDP,fiscal,instr-popul_w2_trt-ert_gapany_illibany_exclyr,backsliding_Nyr,1347,55,0.02413067645471939,0.4849076794332208,1268,52,-1.855428952608594,5.134047466701203,0.7178027485228902,-62.67793582763447,210.660169354704,0.7660611263471977,17.30642891630618
2,backsliding_Nyr,Y_deficit,Deficit / GDP,fiscal,instr-popul_w2_trt-ert_gapany_illibany_exclyr,backsliding_Nyr,1347,55,0.02413067645471939,0.4849076794332208,1121,47,-0.21236639374080915,0.8764599694729208,0.8085475872380935,-5.452583823718425,32.91013737519382,0.8684080146561508,14.22010390728576
2,backsliding_Nyr,Y_checks_balances,Checks & balances,institutions,instr-popul_w2_trt-ert_gapany_illibany_exclyr,backsliding_Nyr,1347,55,0.02413067645471939,0.4849076794332208,1318,51,0.0157403396164653,0.01297937011498074,0.2252369527479035,0.401339420582448,0.7718844746404021,0.6031001513203769,14.784542820245225
2,backsliding_Nyr,Y_jucon,Judicial constraints,institutions,instr-popul_w2_trt-ert_gapany_illibany_exclyr,backsliding_Nyr,1347,55,0.02413067645471939,0.4849076794332208,1345,54,0.00494219238215991,0.0149654144238786,0.7412179220717044,0.05797175620328707,0.7565618902682792,0.9389216585574875,14.764613648948762
2,backsliding_Nyr,Y_legcon,Legislative constraints,institutions,instr-popul_w2_trt-ert_gapany_illibany_exclyr,backsliding_Nyr,1347,55,0.02413067645471939,0.4849076794332208,1318,51,0.01357508770014593,0.01786560544085535,0.44734735006620774,0.27149144127072367,0.8314374263560806,0.7440214133098858,14.802552124898996
2,backsliding_Nyr,Y_hos_power,HOS,exec_power,instr-popul_w2_trt-ert_gapany_illibany_exclyr,backsliding_Nyr,1347,55,0.02413067645471939,0.4849076794332208,1345,54,0.00628828969503371,0.010557196735328,0.5514156835169728,0.5265659022387966,0.7324914460281075,0.4722212104389232,16.67362707315449
2,backsliding_Nyr,Y_hog_power,HOG,exec_power,instr-popul_w2_trt-ert_gapany_illibany_exclyr,backsliding_Nyr,1347,55,0.02413067645471939,0.4849076794332208,700,33,-0.03374861997457813,0.0115762865244431,0.00355320039979481,1.6049051234632106,3.84062713197592,0.6760379291439206,23.677700575641968
2,backsliding_Nyr,Y_hos_power_vdem,HOS (v2ex_hosw),exec_power_alt,instr-popul_w2_trt-ert_gapany_illibany_exclyr,backsliding_Nyr,1347,55,0.02413067645471939,0.4849076794332208,1345,54,0.02039338253424102,0.01848026319004521,0.2698004129964167,0.7199997133003484,1.2612596771270026,0.5680961522291822,15.580923657047322
2,backsliding_Nyr,Y_hog_power_vdem,HOG (v2ex_hogw),exec_power_alt,instr-popul_w2_trt-ert_gapany_illibany_exclyr,backsliding_Nyr,1347,55,0.02413067645471939,0.4849076794332208,1345,54,-0.00792833126188782,0.01799826805478291,0.6595712230681747,-0.2889382248443318,0.8302127109067853,0.7278182911411756,15.69110567751692
2,backsliding_union_Nyr,Y_gdp_growth,PWT,growth,instr-popul_w2_trt-ertOrDdcg_gapany_illibany_exclyr,backsliding_union_Nyr,1347,68,0.04155016534244436,0.346336540098184,1297,66,0.01261871164367244,0.01530258705271477,0.4095913597682238,0.3017237028329714,0.9720477828771548,0.756256738579044,18.624527951620845
2,backsliding_union_Nyr,Y_gdp_growth_wb,World Bank,growth,instr-popul_w2_trt-ertOrDdcg_gapany_illibany_exclyr,backsliding_union_Nyr,1347,68,0.04155016534244436,0.346336540098184,1304,67,0.00933935778812414,0.01268960546529092,0.4617398978963018,0.1210029740865237,0.5370592961862888,0.8217408089652578,18.34323706180089
2,backsliding_union_Nyr,Y_gdp_growth_imf,IMF WEO,growth,instr-popul_w2_trt-ertOrDdcg_gapany_illibany_exclyr,backsliding_union_Nyr,1347,68,0.04155016534244436,0.346336540098184,1007,53,3.5396771154383444e-5,0.01384076754712703,0.9979594696375194,-0.10090030359174676,0.6558787986789059,0.8777360029544397,18.984412343748577
2,backsliding_union_Nyr,Y_inflation,"CPI, cumulative log",inflation,instr-popul_w2_trt-ertOrDdcg_gapany_illibany_exclyr,backsliding_union_Nyr,1347,68,0.04155016534244436,0.346336540098184,1198,58,0.2704475619405452,0.1391587963256029,0.05196233220875113,5.386205224940489,6.032103522410285,0.37189829806815033,17.49064792539725
2,backsliding_union_Nyr,Y_unemployment,Unemployment rate,unemployment,instr-popul_w2_trt-ertOrDdcg_gapany_illibany_exclyr,backsliding_union_Nyr,1347,68,0.04155016534244436,0.346336540098184,939,55,-0.36932462840255886,0.4915622766025241,0.4524551276201324,-10.115346727789492,26.06005301682477,0.6979011377834848,17.692693128360194
2,backsliding_union_Nyr,Y_trade_pct_gdp,Trade / GDP,trade,instr-popul_w2_trt-ertOrDdcg_gapany_illibany_exclyr,backsliding_union_Nyr,1347,68,0.04155016534244436,0.346336540098184,1175,59,-0.09683970807828413,2.1117957401438705,0.9634245702733664,-7.046651769197807,65.08857371600935,0.9137874676959636,17.09041537075843
2,backsliding_union_Nyr,Y_top10_share,Top-10% income share,top10,instr-popul_w2_trt-ertOrDdcg_gapany_illibany_exclyr,backsliding_union_Nyr,1347,68,0.04155016534244436,0.346336540098184,1218,60,0.1323796721723432,0.4347882520202711,0.7607703827370251,4.344296251913447,27.049245483996117,0.8724029971116859,18.02564943658239
2,backsliding_union_Nyr,Y_gini_disp,Disposable,gini,instr-popul_w2_trt-ertOrDdcg_gapany_illibany_exclyr,backsliding_union_Nyr,1347,68,0.04155016534244436,0.346336540098184,1059,49,0.09625864509546146,0.19456813437391943,0.6207908962700137,2.634817918339433,5.622166777655669,0.6393211722064389,23.58763349048473
2,backsliding_union_Nyr,Y_gini_mkt,Market,gini,instr-popul_w2_trt-ertOrDdcg_gapany_illibany_exclyr,backsliding_union_Nyr,1347,68,0.04155016534244436,0.346336540098184,1059,49,0.14965071407421457,0.20016091371406983,0.4546700707803175,2.992884524383301,5.776194956376955,0.604359763899103,21.0269129276042
2,backsliding_union_Nyr,Y_debt,Debt / GDP,fiscal,instr-popul_w2_trt-ertOrDdcg_gapany_illibany_exclyr,backsliding_union_Nyr,1347,68,0.04155016534244436,0.346336540098184,1268,64,-1.855428952608594,5.134047466701203,0.7178027485228902,-30.90549541258465,118.21008042374956,0.7937489609207966,18.45171819883336
2,backsliding_union_Nyr,Y_deficit,Deficit / GDP,fiscal,instr-popul_w2_trt-ertOrDdcg_gapany_illibany_exclyr,backsliding_union_Nyr,1347,68,0.04155016534244436,0.346336540098184,1121,52,-0.21236639374080915,0.8764599694729208,0.8085475872380935,-8.93537747038817,62.36126819075265,0.8860658217035046,16.107475193715064
2,backsliding_union_Nyr,Y_checks_balances,Checks & balances,institutions,instr-popul_w2_trt-ertOrDdcg_gapany_illibany_exclyr,backsliding_union_Nyr,1347,68,0.04155016534244436,0.346336540098184,1318,60,0.0157403396164653,0.01297937011498074,0.2252369527479035,0.8367125833443002,2.2363104992536083,0.7082937156570235,18.19659851085968
2,backsliding_union_Nyr,Y_jucon,Judicial constraints,institutions,instr-popul_w2_trt-ertOrDdcg_gapany_illibany_exclyr,backsliding_union_Nyr,1347,68,0.04155016534244436,0.346336540098184,1345,67,0.00494219238215991,0.0149654144238786,0.7412179220717044,0.02304283073892105,0.4796328274639554,0.961682254238892,17.458460495926495
2,backsliding_union_Nyr,Y_legcon,Legislative constraints,institutions,instr-popul_w2_trt-ertOrDdcg_gapany_illibany_exclyr,backsliding_union_Nyr,1347,68,0.04155016534244436,0.346336540098184,1318,60,0.01357508770014593,0.01786560544085535,0.44734735006620774,0.7026856027869934,2.176423015232639,0.7467992982824261,16.67881443123213
2,backsliding_union_Nyr,Y_hos_power,HOS,exec_power,instr-popul_w2_trt-ertOrDdcg_gapany_illibany_exclyr,backsliding_union_Nyr,1347,68,0.04155016534244436,0.346336540098184,1345,67,0.00628828969503371,0.010557196735328,0.5514156835169728,0.2500977432487424,0.4007669056737263,0.5325961323824946,18.435556778900715
2,backsliding_union_Nyr,Y_hog_power,HOG,exec_power,instr-popul_w2_trt-ertOrDdcg_gapany_illibany_exclyr,backsliding_union_Nyr,1347,68,0.04155016534244436,0.346336540098184,700,38,-0.03374861997457813,0.0115762865244431,0.00355320039979481,0.6313059883372416,0.7477038670093434,0.39848713173589057,22.579542479983473
2,backsliding_union_Nyr,Y_hos_power_vdem,HOS (v2ex_hosw),exec_power_alt,instr-popul_w2_trt-ertOrDdcg_gapany_illibany_exclyr,backsliding_union_Nyr,1347,68,0.04155016534244436,0.346336540098184,1345,67,0.02039338253424102,0.01848026319004521,0.2698004129964167,0.4814226146017048,0.7004349901498398,0.4918814246044892,18.24632417584762
2,backsliding_union_Nyr,Y_hog_power_vdem,HOG (v2ex_hogw),exec_power_alt,instr-popul_w2_trt-ertOrDdcg_gapany_illibany_exclyr,backsliding_union_Nyr,1347,68,0.04155016534244436,0.346336540098184,1345,67,-0.00792833126188782,0.01799826805478291,0.6595712230681747,-0.23720394819395485,0.49255041406307026,0.6301021442666705,17.780404042286627
2,polyarchy_decline,Y_gdp_growth,PWT,growth,instr-popul_w2_trt-polyarchy_gapany_illibany_exclyr,polyarchy_decline,1345,513,0.00635131907725877,0.6832838142206241,1297,491,0.01261871164367244,0.01530258705271477,0.4095913597682238,0.9295713089207172,2.6980420514938257,0.7304435915813543,17.516396525554796
2,polyarchy_decline,Y_gdp_growth_wb,World Bank,growth,instr-popul_w2_trt-polyarchy_gapany_illibany_exclyr,polyarchy_decline,1345,513,0.00635131907725877,0.6832838142206241,1304,495,0.00933935778812414,0.01268960546529092,0.4617398978963018,0.6184319970607057,2.664890362661329,0.8164863003134575,17.34179377292042
2,polyarchy_decline,Y_gdp_growth_imf,IMF WEO,growth,instr-popul_w2_trt-polyarchy_gapany_illibany_exclyr,polyarchy_decline,1345,513,0.00635131907725877,0.6832838142206241,1007,389,3.5396771154383444e-5,0.01384076754712703,0.9979594696375194,0.4389540252765212,3.9517085250786113,0.9115532609804604,16.795090304808742
2,polyarchy_decline,Y_inflation,"CPI, cumulative log",inflation,instr-popul_w2_trt-polyarchy_gapany_illibany_exclyr,polyarchy_decline,1345,513,0.00635131907725877,0.6832838142206241,1198,457,0.2704475619405452,0.1391587963256029,0.05196233220875113,13.306472423358676,23.1524329761786,0.5654717348005187,14.965444236992436
2,polyarchy_decline,Y_unemployment,Unemployment rate,unemployment,instr-popul_w2_trt-polyarchy_gapany_illibany_exclyr,polyarchy_decline,1345,513,0.00635131907725877,0.6832838142206241,939,413,-0.36932462840255886,0.4915622766025241,0.4524551276201324,19.305043132369786,57.21975398191674,0.7358272646141373,23.619413445671913
2,polyarchy_decline,Y_trade_pct_gdp,Trade / GDP,trade,instr-popul_w2_trt-polyarchy_gapany_illibany_exclyr,polyarchy_decline,1345,513,0.00635131907725877,0.6832838142206241,1175,449,-0.09683970807828413,2.1117957401438705,0.9634245702733664,-43.85591684874063,215.19916447518673,0.8385158677989956,17.971953439531298
2,polyarchy_decline,Y_top10_share,Top-10% income share,top10,instr-popul_w2_trt-polyarchy_gapany_illibany_exclyr,polyarchy_decline,1345,513,0.00635131907725877,0.6832838142206241,1218,464,0.1323796721723432,0.4347882520202711,0.7607703827370251,-19.374196430655616,289.36817316694015,0.9466187644949606,21.2168557199545
2,polyarchy_decline,Y_gini_disp,Disposable,gini,instr-popul_w2_trt-polyarchy_gapany_illibany_exclyr,polyarchy_decline,1345,513,0.00635131907725877,0.6832838142206241,1059,410,0.09625864509546146,0.19456813437391943,0.6207908962700137,-114.3229507300532,920.7792975562796,0.9011894582622566,17.54580205487529
2,polyarchy_decline,Y_gini_mkt,Market,gini,instr-popul_w2_trt-polyarchy_gapany_illibany_exclyr,polyarchy_decline,1345,513,0.00635131907725877,0.6832838142206241,1059,410,0.14965071407421457,0.20016091371406983,0.4546700707803175,-105.95104976194952,931.6220148368884,0.9094538060864572,19.181522412487325
2,polyarchy_decline,Y_debt,Debt / GDP,fiscal,instr-popul_w2_trt-polyarchy_gapany_illibany_exclyr,polyarchy_decline,1345,513,0.00635131907725877,0.6832838142206241,1268,490,-1.855428952608594,5.134047466701203,0.7178027485228902,-164.75842597617236,624.3472950939458,0.7918653994238338,16.432253265446022
2,polyarchy_decline,Y_deficit,Deficit / GDP,fiscal,instr-popul_w2_trt-polyarchy_gapany_illibany_exclyr,polyarchy_decline,1345,513,0.00635131907725877,0.6832838142206241,1121,438,-0.21236639374080915,0.8764599694729208,0.8085475872380935,63.48019338935162,270.8192282154292,0.814673981983462,18.652342933953474
2,polyarchy_decline,Y_checks_balances,Checks & balances,institutions,instr-popul_w2_trt-polyarchy_gapany_illibany_exclyr,polyarchy_decline,1345,513,0.00635131907725877,0.6832838142206241,1318,507,0.0157403396164653,0.01297937011498074,0.2252369527479035,-539.3819412841141,6720.340257025077,0.9360295913476568,17.41093446617582
2,polyarchy_decline,Y_jucon,Judicial constraints,institutions,instr-popul_w2_trt-polyarchy_gapany_illibany_exclyr,polyarchy_decline,1345,513,0.00635131907725877,0.6832838142206241,1345,513,0.00494219238215991,0.0149654144238786,0.7412179220717044,0.3083322301718231,2.3859426284388454,0.8971766985625833,18.1498512542741
2,polyarchy_decline,Y_legcon,Legislative constraints,institutions,instr-popul_w2_trt-polyarchy_gapany_illibany_exclyr,polyarchy_decline,1345,513,0.00635131907725877,0.6832838142206241,1318,507,0.01357508770014593,0.01786560544085535,0.44734735006620774,-22.270302622407467,150.4944411001703,0.8823578430010603,18.067704797280346
2,polyarchy_decline,Y_hos_power,HOS,exec_power,instr-popul_w2_trt-polyarchy_gapany_illibany_exclyr,polyarchy_decline,1345,513,0.00635131907725877,0.6832838142206241,1345,513,0.00628828969503371,0.010557196735328,0.5514156835169728,0.9566021456122455,2.085533802402014,0.6464607063104024,18.738604845206257
2,polyarchy_decline,Y_hog_power,HOG,exec_power,instr-popul_w2_trt-polyarchy_gapany_illibany_exclyr,polyarchy_decline,1345,513,0.00635131907725877,0.6832838142206241,700,267,-0.03374861997457813,0.0115762865244431,0.00355320039979481,-3.379888095667149,11.546405668172495,0.7697345773532509,15.950467718112447
2,polyarchy_decline,Y_hos_power_vdem,HOS (v2ex_hosw),exec_power_alt,instr-popul_w2_trt-polyarchy_gapany_illibany_exclyr,polyarchy_decline,1345,513,0.00635131907725877,0.6832838142206241,1345,513,0.02039338253424102,0.01848026319004521,0.2698004129964167,1.8667304297718672,3.2706142006367633,0.56816344594582,17.378369172933752
2,polyarchy_decline,Y_hog_power_vdem,HOG (v2ex_hogw),exec_power_alt,instr-popul_w2_trt-polyarchy_gapany_illibany_exclyr,polyarchy_decline,1345,513,0.00635131907725877,0.6832838142206241,1345,513,-0.00792833126188782,0.01799826805478291,0.6595712230681747,-0.9192523454178888,2.006508134709909,0.6468551895464736,17.633662826207924
3,backsliding_Nyr,Y_gdp_growth,PWT,growth,instr-popul_w3_trt-ert_gapany_illibany_exclyr,backsliding_Nyr,1347,86,0.01085375297508466,0.8116503356538518,1274,84,0.02435159205492643,0.0171359817035714,0.15529365325649472,3.634931115688803,7.874600888077647,0.6443667968300257,25.37344418128826
3,backsliding_Nyr,Y_gdp_growth_wb,World Bank,growth,instr-popul_w3_trt-ert_gapany_illibany_exclyr,backsliding_Nyr,1347,86,0.01085375297508466,0.8116503356538518,1292,84,0.01748378066543424,0.01604769095009298,0.2759383607162871,3.538105683747333,8.486890428402521,0.6767583569368119,24.51775397579627
3,backsliding_Nyr,Y_gdp_growth_imf,IMF WEO,growth,instr-popul_w3_trt-ert_gapany_illibany_exclyr,backsliding_Nyr,1347,86,0.01085375297508466,0.8116503356538518,996,70,0.00715299425640077,0.01798042006468497,0.690761908213213,0.26884258741434824,0.8477666432471804,0.7511535972974472,21.95599678070016
3,backsliding_Nyr,Y_inflation,"CPI, cumulative log",inflation,instr-popul_w3_trt-ert_gapany_illibany_exclyr,backsliding_Nyr,1347,86,0.01085375297508466,0.8116503356538518,1186,77,0.34594407639359326,0.15557752120970614,0.02617454607246449,-1.108841940661442,390.6405110711047,0.9977351896393776,20.498653431959205
3,backsliding_Nyr,Y_unemployment,Unemployment rate,unemployment,instr-popul_w3_trt-ert_gapany_illibany_exclyr,backsliding_Nyr,1347,86,0.01085375297508466,0.8116503356538518,917,72,-0.4212368621947578,0.5518310538511381,0.44525833452877833,-14.690082619551935,32.758798958743824,0.6538416964677392,18.228049940933847
3,backsliding_Nyr,Y_trade_pct_gdp,Trade / GDP,trade,instr-popul_w3_trt-ert_gapany_illibany_exclyr,backsliding_Nyr,1347,86,0.01085375297508466,0.8116503356538518,1164,78,0.565133507987452,2.546099469506237,0.8243446337821427,-7.3196459725953105,318.2305654871271,0.9816494132739532,17.246844001503142
3,backsliding_Nyr,Y_top10_share,Top-10% income share,top10,instr-popul_w3_trt-ert_gapany_illibany_exclyr,backsliding_Nyr,1347,86,0.01085375297508466,0.8116503356538518,1205,77,0.14198270023328405,0.511870550863522,0.7814882667931045,11.60633289030895,26.214702736151327,0.6579528295347051,26.222913218053243
3,backsliding_Nyr,Y_gini_disp,Disposable,gini,instr-popul_w3_trt-ert_gapany_illibany_exclyr,backsliding_Nyr,1347,86,0.01085375297508466,0.8116503356538518,1037,68,0.17416691967940742,0.2374511677810994,0.463262545183798,4.40539959386543,8.966186926176636,0.623189675658548,20.44547714156739
3,backsliding_Nyr,Y_gini_mkt,Market,gini,instr-popul_w3_trt-ert_gapany_illibany_exclyr,backsliding_Nyr,1347,86,0.01085375297508466,0.8116503356538518,1037,68,0.3261234952815656,0.2519443807121882,0.19551812511927663,9.270158971883223,11.183905204740189,0.4071701060873339,25.129627053473797
3,backsliding_Nyr,Y_debt,Debt / GDP,fiscal,instr-popul_w3_trt-ert_gapany_illibany_exclyr,backsliding_Nyr,1347,86,0.01085375297508466,0.8116503356538518,1257,81,-0.6269226744432661,6.562616744942667,0.923894359260749,254.59020689843692,613.3367806801035,0.678075730129287,26.017840056428156
3,backsliding_Nyr,Y_deficit,Deficit / GDP,fiscal,instr-popul_w3_trt-ert_gapany_illibany_exclyr,backsliding_Nyr,1347,86,0.01085375297508466,0.8116503356538518,1109,73,-0.17886769837029115,1.1399525004149471,0.8753173331390802,-5.0499885653587135,86.54338521719174,0.9534681656478406,18.49415712433597
3,backsliding_Nyr,Y_checks_balances,Checks & balances,institutions,instr-popul_w3_trt-ert_gapany_illibany_exclyr,backsliding_Nyr,1347,86,0.01085375297508466,0.8116503356538518,1291,76,0.01018759113114952,0.01508004158239897,0.4993150653110021,0.8244360573088952,1.6300982243532185,0.6130261845906184,21.57663823227527
3,backsliding_Nyr,Y_jucon,Judicial constraints,institutions,instr-popul_w3_trt-ert_gapany_illibany_exclyr,backsliding_Nyr,1347,86,0.01085375297508466,0.8116503356538518,1324,85,0.00400954889863858,0.01535709429206482,0.7940248531239311,-0.0983356858310198,1.1693894152665556,0.9329836991670308,21.20840889895504
3,backsliding_Nyr,Y_legcon,Legislative constraints,institutions,instr-popul_w3_trt-ert_gapany_illibany_exclyr,backsliding_Nyr,1347,86,0.01085375297508466,0.8116503356538518,1291,76,0.00799101449306592,0.01961667049413753,0.6837448138224003,0.3990924004485402,1.4226799443510203,0.7790773850678773,20.375406630267644
3,backsliding_Nyr,Y_hos_power,HOS,exec_power,instr-popul_w3_trt-ert_gapany_illibany_exclyr,backsliding_Nyr,1347,86,0.01085375297508466,0.8116503356538518,1324,85,0.00738548372359557,0.01264180578371709,0.5590782699288395,0.7072271819059539,1.984459097629375,0.7215538737423322,19.843427284878608
3,backsliding_Nyr,Y_hog_power,HOG,exec_power,instr-popul_w3_trt-ert_gapany_illibany_exclyr,backsliding_Nyr,1347,86,0.01085375297508466,0.8116503356538518,689,55,-0.01997602476547236,0.01114256798555665,0.07301023722925383,0.7326637116577568,2.2870675061711707,0.7487024818290751,20.43772622655955
3,backsliding_Nyr,Y_hos_power_vdem,HOS (v2ex_hosw),exec_power_alt,instr-popul_w3_trt-ert_gapany_illibany_exclyr,backsliding_Nyr,1347,86,0.01085375297508466,0.8116503356538518,1324,85,0.00216757298112824,0.01595838426921471,0.8919583669096276,0.15409284207486934,1.1102846549785554,0.889618633845069,17.23332683096494
3,backsliding_Nyr,Y_hog_power_vdem,HOG (v2ex_hogw),exec_power_alt,instr-popul_w3_trt-ert_gapany_illibany_exclyr,backsliding_Nyr,1347,86,0.01085375297508466,0.8116503356538518,1324,85,0.00320751908172063,0.01586541163148785,0.8397833911773848,0.16953691454758418,1.3768652808857829,0.9020021468611767,16.922414232089903
3,backsliding_union_Nyr,Y_gdp_growth,PWT,growth,instr-popul_w3_trt-ertOrDdcg_gapany_illibany_exclyr,backsliding_union_Nyr,1347,100,0.02801466027683734,0.5924770753910618,1274,98,0.02435159205492643,0.0171359817035714,0.15529365325649472,0.9098879792236588,2.4820692400528963,0.7139290114259635,21.989427182800892
3,backsliding_union_Nyr,Y_gdp_growth_wb,World Bank,growth,instr-popul_w3_trt-ertOrDdcg_gapany_illibany_exclyr,backsliding_union_Nyr,1347,100,0.02801466027683734,0.5924770753910618,1292,98,0.01748378066543424,0.01604769095009298,0.2759383607162871,0.815045554597847,2.599106556039846,0.753834872588379,20.165820000039417
3,backsliding_union_Nyr,Y_gdp_growth_imf,IMF WEO,growth,instr-popul_w3_trt-ertOrDdcg_gapany_illibany_exclyr,backsliding_union_Nyr,1347,100,0.02801466027683734,0.5924770753910618,996,79,0.00715299425640077,0.01798042006468497,0.690761908213213,0.7366307473231711,2.218912335183811,0.7399056439339153,23.94692610939276
3,backsliding_union_Nyr,Y_inflation,"CPI, cumulative log",inflation,instr-popul_w3_trt-ertOrDdcg_gapany_illibany_exclyr,backsliding_union_Nyr,1347,100,0.02801466027683734,0.5924770753910618,1186,86,0.34594407639359326,0.15557752120970614,0.02617454607246449,32.97550639761551,119.04369672241106,0.7817775105565595,17.56657629167594
3,backsliding_union_Nyr,Y_unemployment,Unemployment rate,unemployment,instr-popul_w3_trt-ertOrDdcg_gapany_illibany_exclyr,backsliding_union_Nyr,1347,100,0.02801466027683734,0.5924770753910618,917,81,-0.4212368621947578,0.5518310538511381,0.44525833452877833,-40.3772251032092,137.84738499866273,0.7695890177566578,19.657504344052786
3,backsliding_union_Nyr,Y_trade_pct_gdp,Trade / GDP,trade,instr-popul_w3_trt-ertOrDdcg_gapany_illibany_exclyr,backsliding_union_Nyr,1347,100,0.02801466027683734,0.5924770753910618,1164,89,0.565133507987452,2.546099469506237,0.8243446337821427,424.3563933090043,5338.143059484382,0.9366388025444612,18.17185236189745
3,backsliding_union_Nyr,Y_top10_share,Top-10% income share,top10,instr-popul_w3_trt-ertOrDdcg_gapany_illibany_exclyr,backsliding_union_Nyr,1347,100,0.02801466027683734,0.5924770753910618,1205,89,0.14198270023328405,0.511870550863522,0.7814882667931045,18.92285650485316,56.700763299611886,0.7385818351765121,26.137726501587103
3,backsliding_union_Nyr,Y_gini_disp,Disposable,gini,instr-popul_w3_trt-ertOrDdcg_gapany_illibany_exclyr,backsliding_union_Nyr,1347,100,0.02801466027683734,0.5924770753910618,1037,75,0.17416691967940742,0.2374511677810994,0.463262545183798,5.800003670418897,13.65193808695465,0.6709472126729661,21.052071900362822
3,backsliding_union_Nyr,Y_gini_mkt,Market,gini,instr-popul_w3_trt-ertOrDdcg_gapany_illibany_exclyr,backsliding_union_Nyr,1347,100,0.02801466027683734,0.5924770753910618,1037,75,0.3261234952815656,0.2519443807121882,0.19551812511927663,11.456462250805126,18.679147419212143,0.5396588415453956,22.85719055436992
3,backsliding_union_Nyr,Y_debt,Debt / GDP,fiscal,instr-popul_w3_trt-ertOrDdcg_gapany_illibany_exclyr,backsliding_union_Nyr,1347,100,0.02801466027683734,0.5924770753910618,1257,94,-0.6269226744432661,6.562616744942667,0.923894359260749,15.329550681010884,245.9248859398702,0.9502966301117076,19.934008617975213
3,backsliding_union_Nyr,Y_deficit,Deficit / GDP,fiscal,instr-popul_w3_trt-ertOrDdcg_gapany_illibany_exclyr,backsliding_union_Nyr,1347,100,0.02801466027683734,0.5924770753910618,1109,79,-0.17886769837029115,1.1399525004149471,0.8753173331390802,-722.1118643938601,18908.025270566977,0.969535587586404,20.069893880736803
3,backsliding_union_Nyr,Y_checks_balances,Checks & balances,institutions,instr-popul_w3_trt-ertOrDdcg_gapany_illibany_exclyr,backsliding_union_Nyr,1347,100,0.02801466027683734,0.5924770753910618,1291,86,0.01018759113114952,0.01508004158239897,0.4993150653110021,3.086594735353632,17.414903364612126,0.8593209030367395,20.8139356340241
3,backsliding_union_Nyr,Y_jucon,Judicial constraints,institutions,instr-popul_w3_trt-ertOrDdcg_gapany_illibany_exclyr,backsliding_union_Nyr,1347,100,0.02801466027683734,0.5924770753910618,1324,99,0.00400954889863858,0.01535709429206482,0.7940248531239311,-0.11589826146236336,0.6486102885287959,0.8581834352197774,19.59631813352303
3,backsliding_union_Nyr,Y_legcon,Legislative constraints,institutions,instr-popul_w3_trt-ertOrDdcg_gapany_illibany_exclyr,backsliding_union_Nyr,1347,100,0.02801466027683734,0.5924770753910618,1291,86,0.00799101449306592,0.01961667049413753,0.6837448138224003,1.817558725808207,11.644622165207831,0.8759654886446594,20.411357685665603
3,backsliding_union_Nyr,Y_hos_power,HOS,exec_power,instr-popul_w3_trt-ertOrDdcg_gapany_illibany_exclyr,backsliding_union_Nyr,1347,100,0.02801466027683734,0.5924770753910618,1324,99,0.00738548372359557,0.01264180578371709,0.5590782699288395,0.20784319690972583,0.5479483292364382,0.7044564331860362,22.02825266222082
3,backsliding_union_Nyr,Y_hog_power,HOG,exec_power,instr-popul_w3_trt-ertOrDdcg_gapany_illibany_exclyr,backsliding_union_Nyr,1347,100,0.02801466027683734,0.5924770753910618,689,61,-0.01997602476547236,0.01114256798555665,0.07301023722925383,0.29820884722969826,0.4837793523892753,0.5376206589803707,16.87868109642592
3,backsliding_union_Nyr,Y_hos_power_vdem,HOS (v2ex_hosw),exec_power_alt,instr-popul_w3_trt-ertOrDdcg_gapany_illibany_exclyr,backsliding_union_Nyr,1347,100,0.02801466027683734,0.5924770753910618,1324,99,0.00216757298112824,0.01595838426921471,0.8919583669096276,0.05729482987494579,0.556448013368153,0.917990520759184,16.602665017845304
3,backsliding_union_Nyr,Y_hog_power_vdem,HOG (v2ex_hogw),exec_power_alt,instr-popul_w3_trt-ertOrDdcg_gapany_illibany_exclyr,backsliding_union_Nyr,1347,100,0.02801466027683734,0.5924770753910618,1324,99,0.00320751908172063,0.01586541163148785,0.8397833911773848,0.04180184903118815,0.6805612064552528,0.9510226421214942,19.811372488418673
3,polyarchy_decline,Y_gdp_growth,PWT,growth,instr-popul_w3_trt-polyarchy_gapany_illibany_exclyr,polyarchy_decline,1324,520,0.00607044202952704,0.7231357111067493,1274,496,0.02435159205492643,0.0171359817035714,0.15529365325649472,1.976995648322267,5.4140855261278436,0.714993604930586,18.78767266466604
3,polyarchy_decline,Y_gdp_growth_wb,World Bank,growth,instr-popul_w3_trt-polyarchy_gapany_illibany_exclyr,polyarchy_decline,1324,520,0.00607044202952704,0.7231357111067493,1292,508,0.01748378066543424,0.01604769095009298,0.2759383607162871,2.0158052248937253,7.443212769048521,0.7865259278828916,19.310859668275135
3,polyarchy_decline,Y_gdp_growth_imf,IMF WEO,growth,instr-popul_w3_trt-polyarchy_gapany_illibany_exclyr,polyarchy_decline,1324,520,0.00607044202952704,0.7231357111067493,996,404,0.00715299425640077,0.01798042006468497,0.690761908213213,-1.936577958216248,13.057668811567254,0.8820984201113785,19.361325015783205
3,polyarchy_decline,Y_inflation,"CPI, cumulative log",inflation,instr-popul_w3_trt-polyarchy_gapany_illibany_exclyr,polyarchy_decline,1324,520,0.00607044202952704,0.7231357111067493,1186,467,0.34594407639359326,0.15557752120970614,0.02617454607246449,15.290954720757998,27.114891254634916,0.5728004144765522,15.827551586525775
3,polyarchy_decline,Y_unemployment,Unemployment rate,unemployment,instr-popul_w3_trt-polyarchy_gapany_illibany_exclyr,polyarchy_decline,1324,520,0.00607044202952704,0.7231357111067493,917,421,-0.4212368621947578,0.5518310538511381,0.44525833452877833,31.80723337407315,54.92221198568291,0.5624998281263843,22.05547120787806
3,polyarchy_decline,Y_trade_pct_gdp,Trade / GDP,trade,instr-popul_w3_trt-polyarchy_gapany_illibany_exclyr,polyarchy_decline,1324,520,0.00607044202952704,0.7231357111067493,1164,463,0.565133507987452,2.546099469506237,0.8243446337821427,7.138142422101097,368.4894600825673,0.9845448565886644,19.400329391269533
3,polyarchy_decline,Y_top10_share,Top-10% income share,top10,instr-popul_w3_trt-polyarchy_gapany_illibany_exclyr,polyarchy_decline,1324,520,0.00607044202952704,0.7231357111067493,1205,476,0.14198270023328405,0.511870550863522,0.7814882667931045,-30.632501773319632,140.3085012030639,0.8271778502487573,26.17824671804839
3,polyarchy_decline,Y_gini_disp,Disposable,gini,instr-popul_w3_trt-polyarchy_gapany_illibany_exclyr,polyarchy_decline,1324,520,0.00607044202952704,0.7231357111067493,1037,411,0.17416691967940742,0.2374511677810994,0.463262545183798,-516.9145582861315,3651.013394792523,0.8874108823221536,16.68935830317353
3,polyarchy_decline,Y_gini_mkt,Market,gini,instr-popul_w3_trt-polyarchy_gapany_illibany_exclyr,polyarchy_decline,1324,520,0.00607044202952704,0.7231357111067493,1037,411,0.3261234952815656,0.2519443807121882,0.19551812511927663,-716.0981073699295,6203.772869006005,0.9081047350496296,16.314244357346208
3,polyarchy_decline,Y_debt,Debt / GDP,fiscal,instr-popul_w3_trt-polyarchy_gapany_illibany_exclyr,polyarchy_decline,1324,520,0.00607044202952704,0.7231357111067493,1257,501,-0.6269226744432661,6.562616744942667,0.923894359260749,54.52814569786362,767.3841204032137,0.9433522534864088,19.07886840433263
3,polyarchy_decline,Y_deficit,Deficit / GDP,fiscal,instr-popul_w3_trt-polyarchy_gapany_illibany_exclyr,polyarchy_decline,1324,520,0.00607044202952704,0.7231357111067493,1109,447,-0.17886769837029115,1.1399525004149471,0.8753173331390802,27.96124307772789,226.99380103042031,0.9019640509954256,19.447445354014224
3,polyarchy_decline,Y_checks_balances,Checks & balances,institutions,instr-popul_w3_trt-polyarchy_gapany_illibany_exclyr,polyarchy_decline,1324,520,0.00607044202952704,0.7231357111067493,1291,508,0.01018759113114952,0.01508004158239897,0.4993150653110021,-2.994990619774361,4.398336532458221,0.4959112776896546,18.489629069667274
3,polyarchy_decline,Y_jucon,Judicial constraints,institutions,instr-popul_w3_trt-polyarchy_gapany_illibany_exclyr,polyarchy_decline,1324,520,0.00607044202952704,0.7231357111067493,1324,520,0.00400954889863858,0.01535709429206482,0.7940248531239311,-0.27188631160454335,2.780472817580323,0.9221036533916916,20.69575801547287
3,polyarchy_decline,Y_legcon,Legislative constraints,institutions,instr-popul_w3_trt-polyarchy_gapany_illibany_exclyr,polyarchy_decline,1324,520,0.00607044202952704,0.7231357111067493,1291,508,0.00799101449306592,0.01961667049413753,0.6837448138224003,-1.3665249720164063,2.5855085055308824,0.5971298770673651,19.68183686887365
3,polyarchy_decline,Y_hos_power,HOS,exec_power,instr-popul_w3_trt-polyarchy_gapany_illibany_exclyr,polyarchy_decline,1324,520,0.00607044202952704,0.7231357111067493,1324,520,0.00738548372359557,0.01264180578371709,0.5590782699288395,0.9248796260485792,3.0130748166674866,0.7588773098245137,20.748501681323116
3,polyarchy_decline,Y_hog_power,HOG,exec_power,instr-popul_w3_trt-polyarchy_gapany_illibany_exclyr,polyarchy_decline,1324,520,0.00607044202952704,0.7231357111067493,689,276,-0.01997602476547236,0.01114256798555665,0.07301023722925383,4.929488256292858,12.302231194636612,0.6886419554940464,16.831963413846122
3,polyarchy_decline,Y_hos_power_vdem,HOS (v2ex_hosw),exec_power_alt,instr-popul_w3_trt-polyarchy_gapany_illibany_exclyr,polyarchy_decline,1324,520,0.00607044202952704,0.7231357111067493,1324,520,0.00216757298112824,0.01595838426921471,0.8919583669096276,1.4978085816627846,4.645228192337559,0.7471191891244391,24.70901354969592
3,polyarchy_decline,Y_hog_power_vdem,HOG (v2ex_hogw),exec_power_alt,instr-popul_w3_trt-polyarchy_gapany_illibany_exclyr,polyarchy_decline,1324,520,0.00607044202952704,0.7231357111067493,1324,520,0.00320751908172063,0.01586541163148785,0.8397833911773848,0.1285232542887178,7.072882698399682,0.985502222848808,24.93238983129799
4,backsliding_Nyr,Y_gdp_growth,PWT,growth,instr-popul_w4_trt-ert_gapany_illibany_exclyr,backsliding_Nyr,1347,109,-0.0172922441010008,0.7387777447328973,1243,101,0.03676199577660323,0.02074824535758535,0.07642572452415741,-2.468955470743766,5.140371335807232,0.63100923170717,19.072044438202497
4,backsliding_Nyr,Y_gdp_growth_wb,World Bank,growth,instr-popul_w4_trt-ert_gapany_illibany_exclyr,backsliding_Nyr,1347,109,-0.0172922441010008,0.7387777447328973,1269,107,0.03148718046435732,0.02097399838077247,0.13329133857900774,-1.1063547888615168,1.7019464447907329,0.5156582161389452,18.897076524346762
4,backsliding_Nyr,Y_gdp_growth_imf,IMF WEO,growth,instr-popul_w4_trt-ert_gapany_illibany_exclyr,backsliding_Nyr,1347,109,-0.0172922441010008,0.7387777447328973,976,89,0.01586252300764089,0.02105292028201457,0.45117383348154105,-0.7765373029869491,46.34939302227056,0.9866328747842676,20.466210366176135
4,backsliding_Nyr,Y_inflation,"CPI, cumulative log",inflation,instr-popul_w4_trt-ert_gapany_illibany_exclyr,backsliding_Nyr,1347,109,-0.0172922441010008,0.7387777447328973,1162,98,0.3922927109870623,0.1704226927498394,0.02134189967361414,-7.482165420555604,9.432220770802656,0.427628705044952,20.86639405622594
4,backsliding_Nyr,Y_unemployment,Unemployment rate,unemployment,instr-popul_w4_trt-ert_gapany_illibany_exclyr,backsliding_Nyr,1347,109,-0.0172922441010008,0.7387777447328973,905,92,-0.4850652817957278,0.5142876153439142,0.34558934987126294,32.70797456270603,104.43276930391885,0.7541314011377487,16.913358688601217
4,backsliding_Nyr,Y_trade_pct_gdp,Trade / GDP,trade,instr-popul_w4_trt-ert_gapany_illibany_exclyr,backsliding_Nyr,1347,109,-0.0172922441010008,0.7387777447328973,1140,99,-2.5354433357749047,2.8243604386324974,0.3693426829640063,57.08175837066173,79.10243798776489,0.4705292506045601,15.775909287692915
4,backsliding_Nyr,Y_top10_share,Top-10% income share,top10,instr-popul_w4_trt-ert_gapany_illibany_exclyr,backsliding_Nyr,1347,109,-0.0172922441010008,0.7387777447328973,1184,98,0.23657561859214876,0.5653289007062865,0.6756003696008819,-49.68894917919916,221.0603610312706,0.8221539406394662,17.184939848649574
4,backsliding_Nyr,Y_gini_disp,Disposable,gini,instr-popul_w4_trt-ert_gapany_illibany_exclyr,backsliding_Nyr,1347,109,-0.0172922441010008,0.7387777447328973,1010,85,0.279903423332871,0.2654736644968579,0.2917205238174578,-4.7126798334894175,216.36367636577128,0.9826224196057172,18.5831437764392
4,backsliding_Nyr,Y_gini_mkt,Market,gini,instr-popul_w4_trt-ert_gapany_illibany_exclyr,backsliding_Nyr,1347,109,-0.0172922441010008,0.7387777447328973,1010,85,0.4038569710132747,0.30439781318165793,0.18459446905711607,-15.358531000282127,319.7674067640379,0.96169207830055,18.751241755246944
4,backsliding_Nyr,Y_debt,Debt / GDP,fiscal,instr-popul_w4_trt-ert_gapany_illibany_exclyr,backsliding_Nyr,1347,109,-0.0172922441010008,0.7387777447328973,1232,104,-2.230042502333713,9.04855542749216,0.8053316795739267,42.17657865103207,250.66476277443084,0.8663796014864528,20.01126510154039
4,backsliding_Nyr,Y_deficit,Deficit / GDP,fiscal,instr-popul_w4_trt-ert_gapany_illibany_exclyr,backsliding_Nyr,1347,109,-0.0172922441010008,0.7387777447328973,1086,94,0.00341991015282332,1.114858942444488,0.9975524354455162,-12.749925753630064,67.87994418031141,0.8510095038144716,17.851395213036284
4,backsliding_Nyr,Y_checks_balances,Checks & balances,institutions,instr-popul_w4_trt-ert_gapany_illibany_exclyr,backsliding_Nyr,1347,109,-0.0172922441010008,0.7387777447328973,1283,103,0.0114390372333254,0.01553486973840402,0.4615202352692504,-0.5331377552710036,1.4463849556472546,0.7124257612449083,17.744365504979086
4,backsliding_Nyr,Y_jucon,Judicial constraints,institutions,instr-popul_w4_trt-ert_gapany_illibany_exclyr,backsliding_Nyr,1347,109,-0.0172922441010008,0.7387777447328973,1312,107,0.00362638041431649,0.0161083675299413,0.8218827972099909,0.04938951775731482,0.4895480386675308,0.9196393768460576,22.525500296312835
4,backsliding_Nyr,Y_legcon,Legislative constraints,institutions,instr-popul_w4_trt-ert_gapany_illibany_exclyr,backsliding_Nyr,1347,109,-0.0172922441010008,0.7387777447328973,1283,103,0.01641442045086656,0.0201884665834054,0.4161840615394145,-0.5765920828414324,1.3220336426386698,0.662734976036849,19.122478641548263
4,backsliding_Nyr,Y_hos_power,HOS,exec_power,instr-popul_w4_trt-ert_gapany_illibany_exclyr,backsliding_Nyr,1347,109,-0.0172922441010008,0.7387777447328973,1312,107,0.00746923511194737,0.0139714445753907,0.5929214915807626,-0.22018358674097632,0.5538052326003122,0.6909375392258355,18.869422244048103
4,backsliding_Nyr,Y_hog_power,HOG,exec_power,instr-popul_w4_trt-ert_gapany_illibany_exclyr,backsliding_Nyr,1347,109,-0.0172922441010008,0.7387777447328973,672,67,-0.01893476807541388,0.01233735318171162,0.1248449445263061,0.242884752045845,0.29952971738812756,0.41743057011717905,23.66812960947513
4,backsliding_Nyr,Y_hos_power_vdem,HOS (v2ex_hosw),exec_power_alt,instr-popul_w4_trt-ert_gapany_illibany_exclyr,backsliding_Nyr,1347,109,-0.0172922441010008,0.7387777447328973,1312,107,-0.0095446098724827,0.02008787386120309,0.634685149932054,0.4291130730420671,0.987198624839946,0.6637965008937984,16.86338103701792
4,backsliding_Nyr,Y_hog_power_vdem,HOG (v2ex_hogw),exec_power_alt,instr-popul_w4_trt-ert_gapany_illibany_exclyr,backsliding_Nyr,1347,109,-0.0172922441010008,0.7387777447328973,1312,107,0.01607638593209661,0.01972104949546206,0.4149640371657508,-0.7118397577944415,1.3507392287090068,0.5981934937424968,16.044396893940537
4,backsliding_union_Nyr,Y_gdp_growth,PWT,growth,instr-popul_w4_trt-ertOrDdcg_gapany_illibany_exclyr,backsliding_union_Nyr,1347,129,-0.00564098073047905,0.9236964069201906,1243,121,0.03676199577660323,0.02074824535758535,0.07642572452415741,-11.57712783847072,43.555482460749474,0.7903918179588919,19.649550200639844
4,backsliding_union_Nyr,Y_gdp_growth_wb,World Bank,growth,instr-popul_w4_trt-ertOrDdcg_gapany_illibany_exclyr,backsliding_union_Nyr,1347,129,-0.00564098073047905,0.9236964069201906,1269,127,0.03148718046435732,0.02097399838077247,0.13329133857900774,-1.939833084839482,4.474246649549339,0.6646114433674157,20.217856104701745
4,backsliding_union_Nyr,Y_gdp_growth_imf,IMF WEO,growth,instr-popul_w4_trt-ertOrDdcg_gapany_illibany_exclyr,backsliding_union_Nyr,1347,129,-0.00564098073047905,0.9236964069201906,976,104,0.01586252300764089,0.02105292028201457,0.45117383348154105,-1.155694219600104,8.457982910851399,0.8913157842541629,22.44806816760688
4,backsliding_union_Nyr,Y_inflation,"CPI, cumulative log",inflation,instr-popul_w4_trt-ertOrDdcg_gapany_illibany_exclyr,backsliding_union_Nyr,1347,129,-0.00564098073047905,0.9236964069201906,1162,113,0.3922927109870623,0.1704226927498394,0.02134189967361414,-10.990845802173164,26.261484171493507,0.6755700441249033,21.745899547761628
4,backsliding_union_Nyr,Y_unemployment,Unemployment rate,unemployment,instr-popul_w4_trt-ertOrDdcg_gapany_illibany_exclyr,backsliding_union_Nyr,1347,129,-0.00564098073047905,0.9236964069201906,905,107,-0.4850652817957278,0.5142876153439142,0.34558934987126294,12.21193033704836,23.54998740672692,0.6040720853179058,16.47396192256454
4,backsliding_union_Nyr,Y_trade_pct_gdp,Trade / GDP,trade,instr-popul_w4_trt-ertOrDdcg_gapany_illibany_exclyr,backsliding_union_Nyr,1347,129,-0.00564098073047905,0.9236964069201906,1140,116,-2.5354433357749047,2.8243604386324974,0.3693426829640063,81.64025920101221,147.45737166749092,0.5798161470290688,15.607888216120582
4,backsliding_union_Nyr,Y_top10_share,Top-10% income share,top10,instr-popul_w4_trt-ertOrDdcg_gapany_illibany_exclyr,backsliding_union_Nyr,1347,129,-0.00564098073047905,0.9236964069201906,1184,116,0.23657561859214876,0.5653289007062865,0.6756003696008819,-6.133893628591575,30.39641772376637,0.8400757427712593,21.79538510801373
4,backsliding_union_Nyr,Y_gini_disp,Disposable,gini,instr-popul_w4_trt-ertOrDdcg_gapany_illibany_exclyr,backsliding_union_Nyr,1347,129,-0.00564098073047905,0.9236964069201906,1010,97,0.279903423332871,0.2654736644968579,0.2917205238174578,-172.75082334933754,1088.7682927478934,0.8739318000421589,18.179969185811057
4,backsliding_union_Nyr,Y_gini_mkt,Market,gini,instr-popul_w4_trt-ertOrDdcg_gapany_illibany_exclyr,backsliding_union_Nyr,1347,129,-0.00564098073047905,0.9236964069201906,1010,97,0.4038569710132747,0.30439781318165793,0.18459446905711607,-204.8028320275594,1142.2985943325718,0.857709918021915,18.37389560477825
4,backsliding_union_Nyr,Y_debt,Debt / GDP,fiscal,instr-popul_w4_trt-ertOrDdcg_gapany_illibany_exclyr,backsliding_union_Nyr,1347,129,-0.00564098073047905,0.9236964069201906,1232,122,-2.230042502333713,9.04855542749216,0.8053316795739267,95.0512592262918,566.1260353660936,0.8666637596085315,19.16734756391171
4,backsliding_union_Nyr,Y_deficit,Deficit / GDP,fiscal,instr-popul_w4_trt-ertOrDdcg_gapany_illibany_exclyr,backsliding_union_Nyr,1347,129,-0.00564098073047905,0.9236964069201906,1086,105,0.00341991015282332,1.114858942444488,0.9975524354455162,-4.882834179486592,33.428282634388125,0.8838669569666407,17.99306265208857
4,backsliding_union_Nyr,Y_checks_balances,Checks & balances,institutions,instr-popul_w4_trt-ertOrDdcg_gapany_illibany_exclyr,backsliding_union_Nyr,1347,129,-0.00564098073047905,0.9236964069201906,1283,117,0.0114390372333254,0.01553486973840402,0.4615202352692504,-0.25557237334066035,0.4695227826379342,0.586218747976021,18.35450274712537
4,backsliding_union_Nyr,Y_jucon,Judicial constraints,institutions,instr-popul_w4_trt-ertOrDdcg_gapany_illibany_exclyr,backsliding_union_Nyr,1347,129,-0.00564098073047905,0.9236964069201906,1312,127,0.00362638041431649,0.0161083675299413,0.8218827972099909,0.4314423295565503,1.269493095271226,0.7339664657706182,18.20803916308267
4,backsliding_union_Nyr,Y_legcon,Legislative constraints,institutions,instr-popul_w4_trt-ertOrDdcg_gapany_illibany_exclyr,backsliding_union_Nyr,1347,129,-0.00564098073047905,0.9236964069201906,1283,117,0.01641442045086656,0.0201884665834054,0.4161840615394145,-0.29717472107202764,0.5399828880860374,0.5820855097594612,19.93740636313111
4,backsliding_union_Nyr,Y_hos_power,HOS,exec_power,instr-popul_w4_trt-ertOrDdcg_gapany_illibany_exclyr,backsliding_union_Nyr,1347,129,-0.00564098073047905,0.9236964069201906,1312,127,0.00746923511194737,0.0139714445753907,0.5929214915807626,-0.4737481786707791,1.338723791261585,0.7234284783054183,18.340927772414943
4,backsliding_union_Nyr,Y_hog_power,HOG,exec_power,instr-popul_w4_trt-ertOrDdcg_gapany_illibany_exclyr,backsliding_union_Nyr,1347,129,-0.00564098073047905,0.9236964069201906,672,79,-0.01893476807541388,0.01233735318171162,0.1248449445263061,0.1698944107528666,0.183880298309885,0.35551741987237984,23.185474723265376
4,backsliding_union_Nyr,Y_hos_power_vdem,HOS (v2ex_hosw),exec_power_alt,instr-popul_w4_trt-ertOrDdcg_gapany_illibany_exclyr,backsliding_union_Nyr,1347,129,-0.00564098073047905,0.9236964069201906,1312,127,-0.0095446098724827,0.02008787386120309,0.634685149932054,0.9238282390814292,2.715822187591365,0.7337321120440348,16.02148241756352
4,backsliding_union_Nyr,Y_hog_power_vdem,HOG (v2ex_hogw),exec_power_alt,instr-popul_w4_trt-ertOrDdcg_gapany_illibany_exclyr,backsliding_union_Nyr,1347,129,-0.00564098073047905,0.9236964069201906,1312,127,0.01607638593209661,0.01972104949546206,0.4149640371657508,-1.499897814586722,4.192258632214204,0.7205094725404763,15.527045758071058
4,polyarchy_decline,Y_gdp_growth,PWT,growth,instr-popul_w4_trt-polyarchy_gapany_illibany_exclyr,polyarchy_decline,1312,516,-4.2824536728073345e-4,0.9805240466657386,1243,480,0.03676199577660323,0.02074824535758535,0.07642572452415741,43.94987243420383,352.77122954251263,0.9008523985777512,25.395560495007025
4,polyarchy_decline,Y_gdp_growth_wb,World Bank,growth,instr-popul_w4_trt-polyarchy_gapany_illibany_exclyr,polyarchy_decline,1312,516,-4.2824536728073345e-4,0.9805240466657386,1269,500,0.03148718046435732,0.02097399838077247,0.13329133857900774,8.061554530516652,82.62437608939194,0.9222747646058124,20.38541590650192
4,polyarchy_decline,Y_gdp_growth_imf,IMF WEO,growth,instr-popul_w4_trt-polyarchy_gapany_illibany_exclyr,polyarchy_decline,1312,516,-4.2824536728073345e-4,0.9805240466657386,976,393,0.01586252300764089,0.02105292028201457,0.45117383348154105,-2.148404554759393,19.1698006547385,0.9107660430053092,22.062801049899804
4,polyarchy_decline,Y_inflation,"CPI, cumulative log",inflation,instr-popul_w4_trt-polyarchy_gapany_illibany_exclyr,polyarchy_decline,1312,516,-4.2824536728073345e-4,0.9805240466657386,1162,458,0.3922927109870623,0.1704226927498394,0.02134189967361414,24.428145334650093,94.09098174296383,0.7951549015322343,18.81104726962205
4,polyarchy_decline,Y_unemployment,Unemployment rate,unemployment,instr-popul_w4_trt-polyarchy_gapany_illibany_exclyr,polyarchy_decline,1312,516,-4.2824536728073345e-4,0.9805240466657386,905,423,-0.4850652817957278,0.5142876153439142,0.34558934987126294,26.42127343808219,38.13409068206897,0.4884025595735185,21.01270845210385
4,polyarchy_decline,Y_trade_pct_gdp,Trade / GDP,trade,instr-popul_w4_trt-polyarchy_gapany_illibany_exclyr,polyarchy_decline,1312,516,-4.2824536728073345e-4,0.9805240466657386,1140,453,-2.5354433357749047,2.8243604386324974,0.3693426829640063,-550.6565536323908,4061.98238951267,0.8921663610194522,19.3840029456972
4,polyarchy_decline,Y_top10_share,Top-10% income share,top10,instr-popul_w4_trt-polyarchy_gapany_illibany_exclyr,polyarchy_decline,1312,516,-4.2824536728073345e-4,0.9805240466657386,1184,467,0.23657561859214876,0.5653289007062865,0.6756003696008819,-30.27091626516092,124.22387322223986,0.8074783971034415,24.54880812282802
4,polyarchy_decline,Y_gini_disp,Disposable,gini,instr-popul_w4_trt-polyarchy_gapany_illibany_exclyr,polyarchy_decline,1312,516,-4.2824536728073345e-4,0.9805240466657386,1010,395,0.279903423332871,0.2654736644968579,0.2917205238174578,-40.003312747296704,201.54492003216416,0.8426669032291327,21.202843740465347
4,polyarchy_decline,Y_gini_mkt,Market,gini,instr-popul_w4_trt-polyarchy_gapany_illibany_exclyr,polyarchy_decline,1312,516,-4.2824536728073345e-4,0.9805240466657386,1010,395,0.4038569710132747,0.30439781318165793,0.18459446905711607,-71.62560638205409,248.62530001484873,0.773280483449391,20.798184869536662
4,polyarchy_decline,Y_debt,Debt / GDP,fiscal,instr-popul_w4_trt-polyarchy_gapany_illibany_exclyr,polyarchy_decline,1312,516,-4.2824536728073345e-4,0.9805240466657386,1232,489,-2.230042502333713,9.04855542749216,0.8053316795739267,-900.5759545946149,12712.5413466411,0.9435238739537926,23.6029647189146
4,polyarchy_decline,Y_deficit,Deficit / GDP,fiscal,instr-popul_w4_trt-polyarchy_gapany_illibany_exclyr,polyarchy_decline,1312,516,-4.2824536728073345e-4,0.9805240466657386,1086,442,0.00341991015282332,1.114858942444488,0.9975524354455162,0.0144085045754112,102.1885305194206,0.9998874988880998,24.684688312363996
4,polyarchy_decline,Y_checks_balances,Checks & balances,institutions,instr-popul_w4_trt-polyarchy_gapany_illibany_exclyr,polyarchy_decline,1312,516,-4.2824536728073345e-4,0.9805240466657386,1283,509,0.0114390372333254,0.01553486973840402,0.4615202352692504,-1.5848390114201072,1.4715419113532475,0.2814837956182976,18.905942247721175
4,polyarchy_decline,Y_jucon,Judicial constraints,institutions,instr-popul_w4_trt-polyarchy_gapany_illibany_exclyr,polyarchy_decline,1312,516,-4.2824536728073345e-4,0.9805240466657386,1312,516,0.00362638041431649,0.0161083675299413,0.8218827972099909,-2.038178321567697,6.011567749834283,0.7345775430996475,18.594617452780746
4,polyarchy_decline,Y_legcon,Legislative constraints,institutions,instr-popul_w4_trt-polyarchy_gapany_illibany_exclyr,polyarchy_decline,1312,516,-4.2824536728073345e-4,0.9805240466657386,1283,509,0.01641442045086656,0.0201884665834054,0.4161840615394145,-1.262200355426395,0.9914515394057742,0.20298849937827695,24.14272421331649
4,polyarchy_decline,Y_hos_power,HOS,exec_power,instr-popul_w4_trt-polyarchy_gapany_illibany_exclyr,polyarchy_decline,1312,516,-4.2824536728073345e-4,0.9805240466657386,1312,516,0.00746923511194737,0.0139714445753907,0.5929214915807626,0.2935715851198264,106.0392776810925,0.9977910455337342,23.793312504406547
4,polyarchy_decline,Y_hog_power,HOG,exec_power,instr-popul_w4_trt-polyarchy_gapany_illibany_exclyr,polyarchy_decline,1312,516,-4.2824536728073345e-4,0.9805240466657386,672,266,-0.01893476807541388,0.01233735318171162,0.1248449445263061,1.1056394678397503,1.1639271643514917,0.3421521282836346,18.158413312722935
4,polyarchy_decline,Y_hos_power_vdem,HOS (v2ex_hosw),exec_power_alt,instr-popul_w4_trt-polyarchy_gapany_illibany_exclyr,polyarchy_decline,1312,516,-4.2824536728073345e-4,0.9805240466657386,1312,516,-0.0095446098724827,0.02008787386120309,0.634685149932054,14.050430212186566,198.25525248567584,0.943500896816828,20.624943430748537
4,polyarchy_decline,Y_hog_power_vdem,HOG (v2ex_hogw),exec_power_alt,instr-popul_w4_trt-polyarchy_gapany_illibany_exclyr,polyarchy_decline,1312,516,-4.2824536728073345e-4,0.9805240466657386,1312,516,0.01607638593209661,0.01972104949546206,0.4149640371657508,-0.6370926064002873,45.6281466743624,0.9888597307804032,18.8482738496554
5,backsliding_Nyr,Y_gdp_growth,PWT,growth,instr-popul_w5_trt-ert_gapany_illibany_exclyr,backsliding_Nyr,1347,142,0.0186867467355085,0.7429252676296731,1207,129,0.03270788540697203,0.02523461768680873,0.19492332451731387,-3.5732035720413324,8.040178641508998,0.656740090859459,23.882019771584527
5,backsliding_Nyr,Y_gdp_growth_wb,World Bank,growth,instr-popul_w5_trt-ert_gapany_illibany_exclyr,backsliding_Nyr,1347,142,0.0186867467355085,0.7429252676296731,1240,134,0.03026937036076996,0.02166645775689768,0.16239512814528834,-34.08740865920574,125.35137075859716,0.7856720991177691,22.485024967979815
5,backsliding_Nyr,Y_gdp_growth_imf,IMF WEO,growth,instr-popul_w5_trt-ert_gapany_illibany_exclyr,backsliding_Nyr,1347,142,0.0186867467355085,0.7429252676296731,950,110,0.02116531881739102,0.02049450592158172,0.3017296370303399,0.1972897476735484,1.1789148837110457,0.8670957710934899,21.27515120792262
5,backsliding_Nyr,Y_inflation,"CPI, cumulative log",inflation,instr-popul_w5_trt-ert_gapany_illibany_exclyr,backsliding_Nyr,1347,142,0.0186867467355085,0.7429252676296731,1135,123,0.45149720287872,0.18976759928605905,0.01734973092931373,-9.204906031379252,11.759049519599216,0.43374846004991674,25.40022546392156
5,backsliding_Nyr,Y_unemployment,Unemployment rate,unemployment,instr-popul_w5_trt-ert_gapany_illibany_exclyr,backsliding_Nyr,1347,142,0.0186867467355085,0.7429252676296731,883,122,-0.3967991716826862,0.5217963771132651,0.44698665722290026,70.91559134673855,585.297470366107,0.9035630206661578,22.29005085816808
5,backsliding_Nyr,Y_trade_pct_gdp,Trade / GDP,trade,instr-popul_w5_trt-ert_gapany_illibany_exclyr,backsliding_Nyr,1347,142,0.0186867467355085,0.7429252676296731,1115,123,-3.431066837896491,3.2704980435653455,0.29413387748961906,22394.779313111125,118133.71560555,0.8496449640630056,16.000468409488775
5,backsliding_Nyr,Y_top10_share,Top-10% income share,top10,instr-popul_w5_trt-ert_gapany_illibany_exclyr,backsliding_Nyr,1347,142,0.0186867467355085,0.7429252676296731,1152,125,0.16448192658289626,0.5961119569564158,0.78260601342391245,3.624134568346104,86.66491249101364,0.9666439580392654,23.32018956526254
5,backsliding_Nyr,Y_gini_disp,Disposable,gini,instr-popul_w5_trt-ert_gapany_illibany_exclyr,backsliding_Nyr,1347,142,0.0186867467355085,0.7429252676296731,975,109,0.3519513549879123,0.3265772712156424,0.28116898469927354,2.708849076867768,15.813148227280578,0.8639850569658309,19.894911566839472
5,backsliding_Nyr,Y_gini_mkt,Market,gini,instr-popul_w5_trt-ert_gapany_illibany_exclyr,backsliding_Nyr,1347,142,0.0186867467355085,0.7429252676296731,975,109,0.5112588108385471,0.3149957419649404,0.10457534302447108,4.478015685903192,22.405210496530355,0.8415862237652829,21.424577153963643
5,backsliding_Nyr,Y_debt,Debt / GDP,fiscal,instr-popul_w5_trt-ert_gapany_illibany_exclyr,backsliding_Nyr,1347,142,0.0186867467355085,0.7429252676296731,1201,131,-1.2395471031495635,13.039805117041048,0.924268191105591,-60.219183509204896,532.2721379179086,0.9099226704149268,27.847429852465837
5,backsliding_Nyr,Y_deficit,Deficit / GDP,fiscal,instr-popul_w5_trt-ert_gapany_illibany_exclyr,backsliding_Nyr,1347,142,0.0186867467355085,0.7429252676296731,1053,118,0.9788430948667662,2.0173673361253224,0.6275286937384379,-215.5512890314228,660.7822547683317,0.7442683271516728,20.81116461352992
5,backsliding_Nyr,Y_checks_balances,Checks & balances,institutions,instr-popul_w5_trt-ert_gapany_illibany_exclyr,backsliding_Nyr,1347,142,0.0186867467355085,0.7429252676296731,1259,136,0.01623723436803409,0.01669820423113932,0.33085455300369165,-0.33207398757011053,4.68737205035338,0.943521606865626,16.453869352776714
5,backsliding_Nyr,Y_jucon,Judicial constraints,institutions,instr-popul_w5_trt-ert_gapany_illibany_exclyr,backsliding_Nyr,1347,142,0.0186867467355085,0.7429252676296731,1289,140,-0.0134336388910737,0.01972632398683493,0.4958710972985628,1.184682660130556,3.657594778121634,0.74601628766729,20.258053897614687
5,backsliding_Nyr,Y_legcon,Legislative constraints,institutions,instr-popul_w5_trt-ert_gapany_illibany_exclyr,backsliding_Nyr,1347,142,0.0186867467355085,0.7429252676296731,1259,136,0.02410520681247433,0.02175781670288609,0.26791053051577873,-2.7489174806105448,19.042257689908094,0.8852171483440638,18.11246723316776
5,backsliding_Nyr,Y_hos_power,HOS,exec_power,instr-popul_w5_trt-ert_gapany_illibany_exclyr,backsliding_Nyr,1347,142,0.0186867467355085,0.7429252676296731,1289,140,0.01000302759299512,0.01378311107248296,0.4679949472861442,-0.4133654799632951,1.5030964983699016,0.7833091116748194,24.35193077519958
5,backsliding_Nyr,Y_hog_power,HOG,exec_power,instr-popul_w5_trt-ert_gapany_illibany_exclyr,backsliding_Nyr,1347,142,0.0186867467355085,0.7429252676296731,659,81,-0.01899495918172831,0.01247553664983047,0.12786468772534712,0.3622205636846528,0.4067529110102542,0.3731881046505792,18.08830633767253
5,backsliding_Nyr,Y_hos_power_vdem,HOS (v2ex_hosw),exec_power_alt,instr-popul_w5_trt-ert_gapany_illibany_exclyr,backsliding_Nyr,1347,142,0.0186867467355085,0.7429252676296731,1289,140,-0.0114455680272865,0.02042521059122644,0.5752306701870005,11.238594526027349,51.86083214314208,0.8284368551079029,16.3640676096169
5,backsliding_Nyr,Y_hog_power_vdem,HOG (v2ex_hogw),exec_power_alt,instr-popul_w5_trt-ert_gapany_illibany_exclyr,backsliding_Nyr,1347,142,0.0186867467355085,0.7429252676296731,1289,140,0.01669925267754663,0.02001912935877316,0.4041881338398786,-2.0359185870084886,14.133395301612484,0.8854608197694052,15.431050904996455
5,backsliding_union_Nyr,Y_gdp_growth,PWT,growth,instr-popul_w5_trt-ertOrDdcg_gapany_illibany_exclyr,backsliding_union_Nyr,1347,165,0.03649263570489569,0.5715013828564717,1207,152,0.03270788540697203,0.02523461768680873,0.19492332451731387,-13.356873630200212,33.45249476950087,0.6896877496148612,25.929918697935474
5,backsliding_union_Nyr,Y_gdp_growth_wb,World Bank,growth,instr-popul_w5_trt-ertOrDdcg_gapany_illibany_exclyr,backsliding_union_Nyr,1347,165,0.03649263570489569,0.5715013828564717,1240,156,0.03026937036076996,0.02166645775689768,0.16239512814528834,-16.183864740802495,94.94437843099244,0.8646513213725003,24.106115947613624
5,backsliding_union_Nyr,Y_gdp_growth_imf,IMF WEO,growth,instr-popul_w5_trt-ertOrDdcg_gapany_illibany_exclyr,backsliding_union_Nyr,1347,165,0.03649263570489569,0.5715013828564717,950,126,0.02116531881739102,0.02049450592158172,0.3017296370303399,-25.780530830498467,170.55509038667182,0.8798521699714973,25.553140858727428
5,backsliding_union_Nyr,Y_inflation,"CPI, cumulative log",inflation,instr-popul_w5_trt-ertOrDdcg_gapany_illibany_exclyr,backsliding_union_Nyr,1347,165,0.03649263570489569,0.5715013828564717,1135,139,0.45149720287872,0.18976759928605905,0.01734973092931373,-16.28557223498766,23.18983609273075,0.4825095605643387,26.909421136320788
5,backsliding_union_Nyr,Y_unemployment,Unemployment rate,unemployment,instr-popul_w5_trt-ertOrDdcg_gapany_illibany_exclyr,backsliding_union_Nyr,1347,165,0.03649263570489569,0.5715013828564717,883,138,-0.3967991716826862,0.5217963771132651,0.44698665722290026,99.58038705579852,331.3521233870244,0.763774911266069,22.29855724370455
5,backsliding_union_Nyr,Y_trade_pct_gdp,Trade / GDP,trade,instr-popul_w5_trt-ertOrDdcg_gapany_illibany_exclyr,backsliding_union_Nyr,1347,165,0.03649263570489569,0.5715013828564717,1115,142,-3.431066837896491,3.2704980435653455,0.29413387748961906,-93.00525050933123,1522.337683633056,0.951284581865902,16.865210806809156
5,backsliding_union_Nyr,Y_top10_share,Top-10% income share,top10,instr-popul_w5_trt-ertOrDdcg_gapany_illibany_exclyr,backsliding_union_Nyr,1347,165,0.03649263570489569,0.5715013828564717,1152,145,0.16448192658289626,0.5961119569564158,0.78260601342391245,-12.323371371244903,155.6111888873157,0.9368788337809334,22.02424375015289
5,backsliding_union_Nyr,Y_gini_disp,Disposable,gini,instr-popul_w5_trt-ertOrDdcg_gapany_illibany_exclyr,backsliding_union_Nyr,1347,165,0.03649263570489569,0.5715013828564717,975,122,0.3519513549879123,0.3265772712156424,0.28116898469927354,3.479169358359377,41.2084491125241,0.9327157134840762,21.95176574001863
5,backsliding_union_Nyr,Y_gini_mkt,Market,gini,instr-popul_w5_trt-ertOrDdcg_gapany_illibany_exclyr,backsliding_union_Nyr,1347,165,0.03649263570489569,0.5715013828564717,975,122,0.5112588108385471,0.3149957419649404,0.10457534302447108,1.6973492110470616,94.12435638353712,0.985612487723632,23.91140483290548
5,backsliding_union_Nyr,Y_debt,Debt / GDP,fiscal,instr-popul_w5_trt-ertOrDdcg_gapany_illibany_exclyr,backsliding_union_Nyr,1347,165,0.03649263570489569,0.5715013828564717,1201,151,-1.2395471031495635,13.039805117041048,0.924268191105591,-4329.669169020954,15097.80921747063,0.7742848635054944,26.70477490092652
5,backsliding_union_Nyr,Y_deficit,Deficit / GDP,fiscal,instr-popul_w5_trt-ertOrDdcg_gapany_illibany_exclyr,backsliding_union_Nyr,1347,165,0.03649263570489569,0.5715013828564717,1053,130,0.9788430948667662,2.0173673361253224,0.6275286937384379,-2111.875525014278,4853.301274321026,0.6634593139428533,20.89354956357511
5,backsliding_union_Nyr,Y_checks_balances,Checks & balances,institutions,instr-popul_w5_trt-ertOrDdcg_gapany_illibany_exclyr,backsliding_union_Nyr,1347,165,0.03649263570489569,0.5715013828564717,1259,153,0.01623723436803409,0.01669820423113932,0.33085455300369165,-2.1078028894781067,6.017205991795695,0.7261166043638757,16.951493201146803
5,backsliding_union_Nyr,Y_jucon,Judicial constraints,institutions,instr-popul_w5_trt-ertOrDdcg_gapany_illibany_exclyr,backsliding_union_Nyr,1347,165,0.03649263570489569,0.5715013828564717,1289,163,-0.0134336388910737,0.01972632398683493,0.4958710972985628,-0.3554755491627827,4.443953515757528,0.9362445458078714,17.784784949816615
5,backsliding_union_Nyr,Y_legcon,Legislative constraints,institutions,instr-popul_w5_trt-ertOrDdcg_gapany_illibany_exclyr,backsliding_union_Nyr,1347,165,0.03649263570489569,0.5715013828564717,1259,153,0.02410520681247433,0.02175781670288609,0.26791053051577873,-2.3636513884007915,4.961774536206295,0.6338092455613302,18.645759109291063
5,backsliding_union_Nyr,Y_hos_power,HOS,exec_power,instr-popul_w5_trt-ertOrDdcg_gapany_illibany_exclyr,backsliding_union_Nyr,1347,165,0.03649263570489569,0.5715013828564717,1289,163,0.01000302759299512,0.01378311107248296,0.4679949472861442,-27.93355642075729,209.53071889178648,0.893944383597113,21.96580746589884
5,backsliding_union_Nyr,Y_hog_power,HOG,exec_power,instr-popul_w5_trt-ertOrDdcg_gapany_illibany_exclyr,backsliding_union_Nyr,1347,165,0.03649263570489569,0.5715013828564717,659,94,-0.01899495918172831,0.01247553664983047,0.12786468772534712,0.19777122876955625,0.1983739440810181,0.3187830904783955,21.056351440718416
5,backsliding_union_Nyr,Y_hos_power_vdem,HOS (v2ex_hosw),exec_power_alt,instr-popul_w5_trt-ertOrDdcg_gapany_illibany_exclyr,backsliding_union_Nyr,1347,165,0.03649263570489569,0.5715013828564717,1289,163,-0.0114455680272865,0.02042521059122644,0.5752306701870005,0.305178912311285,4.355238942719386,0.9441366068560878,16.262964159609048
5,backsliding_union_Nyr,Y_hog_power_vdem,HOG (v2ex_hogw),exec_power_alt,instr-popul_w5_trt-ertOrDdcg_gapany_illibany_exclyr,backsliding_union_Nyr,1347,165,0.03649263570489569,0.5715013828564717,1289,163,0.01669925267754663,0.02001912935877316,0.4041881338398786,-0.01486990428396484,3.932517373056157,0.9969829913894004,15.63283146771558
5,polyarchy_decline,Y_gdp_growth,PWT,growth,instr-popul_w5_trt-polyarchy_gapany_illibany_exclyr,polyarchy_decline,1289,496,-0.00954912129200897,0.5910962894823764,1207,439,0.03270788540697203,0.02523461768680873,0.19492332451731387,1.2870591283710278,17.79610155602557,0.9423452335206336,17.598556188789757
5,polyarchy_decline,Y_gdp_growth_wb,World Bank,growth,instr-popul_w5_trt-polyarchy_gapany_illibany_exclyr,polyarchy_decline,1289,496,-0.00954912129200897,0.5910962894823764,1240,471,0.03026937036076996,0.02166645775689768,0.16239512814528834,-62.453089950918454,320.9785074638668,0.8457288546675541,19.964448760100417
5,polyarchy_decline,Y_gdp_growth_imf,IMF WEO,growth,instr-popul_w5_trt-polyarchy_gapany_illibany_exclyr,polyarchy_decline,1289,496,-0.00954912129200897,0.5910962894823764,950,368,0.02116531881739102,0.02049450592158172,0.3017296370303399,-1.0576431169283818,3.286987706639827,0.7476294595120911,21.090726596630653
5,polyarchy_decline,Y_inflation,"CPI, cumulative log",inflation,instr-popul_w5_trt-polyarchy_gapany_illibany_exclyr,polyarchy_decline,1289,496,-0.00954912129200897,0.5910962894823764,1135,432,0.45149720287872,0.18976759928605905,0.01734973092931373,-199.9977388199132,713.2996691345983,0.7791829924177326,23.53065333536582
5,polyarchy_decline,Y_unemployment,Unemployment rate,unemployment,instr-popul_w5_trt-polyarchy_gapany_illibany_exclyr,polyarchy_decline,1289,496,-0.00954912129200897,0.5910962894823764,883,407,-0.3967991716826862,0.5217963771132651,0.44698665722290026,26.276825780549103,32.848012250730186,0.42373873712683185,18.07132920566868
5,polyarchy_decline,Y_trade_pct_gdp,Trade / GDP,trade,instr-popul_w5_trt-polyarchy_gapany_illibany_exclyr,polyarchy_decline,1289,496,-0.00954912129200897,0.5910962894823764,1115,432,-3.431066837896491,3.2704980435653455,0.29413387748961906,8249.683748436551,42840.39585162887,0.847297410498218,19.366140248379725
5,polyarchy_decline,Y_top10_share,Top-10% income share,top10,instr-popul_w5_trt-polyarchy_gapany_illibany_exclyr,polyarchy_decline,1289,496,-0.00954912129200897,0.5910962894823764,1152,436,0.16448192658289626,0.5961119569564158,0.78260601342391245,-14.03246944670122,62.78528069742541,0.8231468886962469,19.415737471686775
5,polyarchy_decline,Y_gini_disp,Disposable,gini,instr-popul_w5_trt-polyarchy_gapany_illibany_exclyr,polyarchy_decline,1289,496,-0.00954912129200897,0.5910962894823764,975,362,0.3519513549879123,0.3265772712156424,0.28116898469927354,-49.8846527847475,84.46823806932218,0.5548066234183302,16.814004239926273
5,polyarchy_decline,Y_gini_mkt,Market,gini,instr-popul_w5_trt-polyarchy_gapany_illibany_exclyr,polyarchy_decline,1289,496,-0.00954912129200897,0.5910962894823764,975,362,0.5112588108385471,0.3149957419649404,0.10457534302447108,-54.76414276235701,93.63024109697692,0.5586162890734632,18.480655707407507
5,polyarchy_decline,Y_debt,Debt / GDP,fiscal,instr-popul_w5_trt-polyarchy_gapany_illibany_exclyr,polyarchy_decline,1289,496,-0.00954912129200897,0.5910962894823764,1201,461,-1.2395471031495635,13.039805117041048,0.924268191105591,-1087.7807836958996,11153.972686338686,0.9223102223292776,20.28313044535406
5,polyarchy_decline,Y_deficit,Deficit / GDP,fiscal,instr-popul_w5_trt-polyarchy_gapany_illibany_exclyr,polyarchy_decline,1289,496,-0.00954912129200897,0.5910962894823764,1053,412,0.9788430948667662,2.0173673361253224,0.6275286937384379,-86.12611919826486,164.0803962467553,0.5996513569408464,21.378379265023582
5,polyarchy_decline,Y_checks_balances,Checks & balances,institutions,instr-popul_w5_trt-polyarchy_gapany_illibany_exclyr,polyarchy_decline,1289,496,-0.00954912129200897,0.5910962894823764,1259,488,0.01623723436803409,0.01669820423113932,0.33085455300369165,-0.939790887879518,0.7889901929891548,0.2336020571536492,18.62409329386398
5,polyarchy_decline,Y_jucon,Judicial constraints,institutions,instr-popul_w5_trt-polyarchy_gapany_illibany_exclyr,polyarchy_decline,1289,496,-0.00954912129200897,0.5910962894823764,1289,496,-0.0134336388910737,0.01972632398683493,0.4958710972985628,0.03568657722841758,2.429734013933199,0.9882815381696576,24.263548901272628
5,polyarchy_decline,Y_legcon,Legislative constraints,institutions,instr-popul_w5_trt-polyarchy_gapany_illibany_exclyr,polyarchy_decline,1289,496,-0.00954912129200897,0.5910962894823764,1259,488,0.02410520681247433,0.02175781670288609,0.26791053051577873,-1.4268956897020335,1.188833764502763,0.2300429269542486,17.94244659145996
5,polyarchy_decline,Y_hos_power,HOS,exec_power,instr-popul_w5_trt-polyarchy_gapany_illibany_exclyr,polyarchy_decline,1289,496,-0.00954912129200897,0.5910962894823764,1289,496,0.01000302759299512,0.01378311107248296,0.4679949472861442,-7.117987729264451,26.55967147102486,0.7886994411794073,18.559078091517492
5,polyarchy_decline,Y_hog_power,HOG,exec_power,instr-popul_w5_trt-polyarchy_gapany_illibany_exclyr,polyarchy_decline,1289,496,-0.00954912129200897,0.5910962894823764,659,243,-0.01899495918172831,0.01247553664983047,0.12786468772534712,0.8204305368037388,0.7335906952064539,0.26340626003673223,18.27346564534017
5,polyarchy_decline,Y_hos_power_vdem,HOS (v2ex_hosw),exec_power_alt,instr-popul_w5_trt-polyarchy_gapany_illibany_exclyr,polyarchy_decline,1289,496,-0.00954912129200897,0.5910962894823764,1289,496,-0.0114455680272865,0.02042521059122644,0.5752306701870005,0.5328475388413414,2.7957947537447683,0.8488476614894453,24.921618152993968
5,polyarchy_decline,Y_hog_power_vdem,HOG (v2ex_hogw),exec_power_alt,instr-popul_w5_trt-polyarchy_gapany_illibany_exclyr,polyarchy_decline,1289,496,-0.00954912129200897,0.5910962894823764,1289,496,0.01669925267754663,0.02001912935877316,0.4041881338398786,-1.3224676624671317,6.911684144082312,0.8482608092663035,21.78308634375297
6,backsliding_Nyr,Y_gdp_growth,PWT,growth,instr-popul_w6_trt-ert_gapany_illibany_exclyr,backsliding_Nyr,1347,164,0.01707439604525368,0.7591335848654681,1179,146,0.01265815531561062,0.02864198168380396,0.6585296448273144,0.05340402232417685,1.610323189252396,0.9735441705951524,17.638818595558778
6,backsliding_Nyr,Y_gdp_growth_wb,World Bank,growth,instr-popul_w6_trt-ert_gapany_illibany_exclyr,backsliding_Nyr,1347,164,0.01707439604525368,0.7591335848654681,1204,151,0.00490013107164269,0.0240328227745918,0.8384368962831741,-0.2410617973400456,2.1164877246110545,0.9093193707198796,19.24733081501459
6,backsliding_Nyr,Y_gdp_growth_imf,IMF WEO,growth,instr-popul_w6_trt-ert_gapany_illibany_exclyr,backsliding_Nyr,1347,164,0.01707439604525368,0.7591335848654681,919,119,0.00247251673172457,0.02331751056807326,0.9155530685975308,-0.18501238605819348,1.391624023717248,0.8942352126357136,22.867930188866907
6,backsliding_Nyr,Y_inflation,"CPI, cumulative log",inflation,instr-popul_w6_trt-ert_gapany_illibany_exclyr,backsliding_Nyr,1347,164,0.01707439604525368,0.7591335848654681,1097,135,0.5438022301703279,0.22155134952650693,0.01410727960818996,-6.839139178528358,6.840129061728489,0.31738054750236383,27.227975339589538
6,backsliding_Nyr,Y_unemployment,Unemployment rate,unemployment,instr-popul_w6_trt-ert_gapany_illibany_exclyr,backsliding_Nyr,1347,164,0.01707439604525368,0.7591335848654681,854,134,0.10992000750519776,0.5861321053951433,0.8512415547542835,1.0787216628136431,19.197134626554156,0.9551890087933887,21.80887384042234
6,backsliding_Nyr,Y_trade_pct_gdp,Trade / GDP,trade,instr-popul_w6_trt-ert_gapany_illibany_exclyr,backsliding_Nyr,1347,164,0.01707439604525368,0.7591335848654681,1082,137,-3.5979061469051343,3.22003947948151,0.26384536381161533,164.00627468132484,333.50679112689147,0.6228869497031388,22.285488043302134
6,backsliding_Nyr,Y_top10_share,Top-10% income share,top10,instr-popul_w6_trt-ert_gapany_illibany_exclyr,backsliding_Nyr,1347,164,0.01707439604525368,0.7591335848654681,1116,142,0.14447779411322437,0.646920011855013,0.8232772993403054,-3.860652196938072,23.951152385971852,0.8719448768426385,20.337333768612194
6,backsliding_Nyr,Y_gini_disp,Disposable,gini,instr-popul_w6_trt-ert_gapany_illibany_exclyr,backsliding_Nyr,1347,164,0.01707439604525368,0.7591335848654681,946,121,0.4809467076521052,0.3866045379851027,0.2134894126633654,2.480851323981909,11.590428893725631,0.8305134474537813,18.93377487373277
6,backsliding_Nyr,Y_gini_mkt,Market,gini,instr-popul_w6_trt-ert_gapany_illibany_exclyr,backsliding_Nyr,1347,164,0.01707439604525368,0.7591335848654681,946,121,0.6108876730371227,0.3870793267490568,0.11452021637680695,2.8660230323620857,12.847158742450883,0.8234684665318336,19.32065855756397
6,backsliding_Nyr,Y_debt,Debt / GDP,fiscal,instr-popul_w6_trt-ert_gapany_illibany_exclyr,backsliding_Nyr,1347,164,0.01707439604525368,0.7591335848654681,1165,146,-1.0824016940298915,14.63441713324602,0.9410400275099136,-337.05477329102985,1180.0785068874022,0.7751686966009765,20.089196998373215
6,backsliding_Nyr,Y_deficit,Deficit / GDP,fiscal,instr-popul_w6_trt-ert_gapany_illibany_exclyr,backsliding_Nyr,1347,164,0.01707439604525368,0.7591335848654681,1017,128,0.6693020187940839,1.1904624746436172,0.5739660184476847,-165.38389494306904,576.1525073493845,0.7740749426653729,19.37405067012865
6,backsliding_Nyr,Y_checks_balances,Checks & balances,institutions,instr-popul_w6_trt-ert_gapany_illibany_exclyr,backsliding_Nyr,1347,164,0.01707439604525368,0.7591335848654681,1229,154,0.00394682102580095,0.01941877055718461,0.8389414085291927,-0.05315010236223488,0.5312476536879871,0.9203064615230342,15.909858355425992
6,backsliding_Nyr,Y_jucon,Judicial constraints,institutions,instr-popul_w6_trt-ert_gapany_illibany_exclyr,backsliding_Nyr,1347,164,0.01707439604525368,0.7591335848654681,1258,156,-0.01057869074212405,0.02162628547431798,0.6247291807560146,-0.10099708351018112,3.1728734999861383,0.9746064861388908,20.301493789737997
6,backsliding_Nyr,Y_legcon,Legislative constraints,institutions,instr-popul_w6_trt-ert_gapany_illibany_exclyr,backsliding_Nyr,1347,164,0.01707439604525368,0.7591335848654681,1229,154,0.00627970142584276,0.02482442151964997,0.8002955200301589,-0.07830597825690781,0.7271608155107313,0.914243751290845,16.498221815622948
6,backsliding_Nyr,Y_hos_power,HOS,exec_power,instr-popul_w6_trt-ert_gapany_illibany_exclyr,backsliding_Nyr,1347,164,0.01707439604525368,0.7591335848654681,1258,156,0.01474618995635424,0.01571330025987164,0.34801178442029473,0.15145937026610506,1.358737057484571,0.9112430991641166,17.941122436111534
6,backsliding_Nyr,Y_hog_power,HOG,exec_power,instr-popul_w6_trt-ert_gapany_illibany_exclyr,backsliding_Nyr,1347,164,0.01707439604525368,0.7591335848654681,637,88,-0.01886664235004995,0.01195324225261961,0.11448056820900404,1.045129585065791,1.6965159233456069,0.5378650408702085,18.35066576262984
6,backsliding_Nyr,Y_hos_power_vdem,HOS (v2ex_hosw),exec_power_alt,instr-popul_w6_trt-ert_gapany_illibany_exclyr,backsliding_Nyr,1347,164,0.01707439604525368,0.7591335848654681,1258,156,-0.02635821141609953,0.02824528572622909,0.35072200070886256,-0.10365562957619268,2.0279119949423667,0.9592343124519136,16.398104776376204
6,backsliding_Nyr,Y_hog_power_vdem,HOG (v2ex_hogw),exec_power_alt,instr-popul_w6_trt-ert_gapany_illibany_exclyr,backsliding_Nyr,1347,164,0.01707439604525368,0.7591335848654681,1258,156,0.03154969168032604,0.02826641524630149,0.2643559295699192,0.28579220602940647,1.857946217887298,0.8777504250750691,15.566613732381407
6,backsliding_union_Nyr,Y_gdp_growth,PWT,growth,instr-popul_w6_trt-ertOrDdcg_gapany_illibany_exclyr,backsliding_union_Nyr,1347,186,0.0524208525112981,0.4308453942642352,1179,168,0.01265815531561062,0.02864198168380396,0.6585296448273144,0.08426331157238942,0.9939777190795506,0.9324411885509272,17.173228743850007
6,backsliding_union_Nyr,Y_gdp_growth_wb,World Bank,growth,instr-popul_w6_trt-ertOrDdcg_gapany_illibany_exclyr,backsliding_union_Nyr,1347,186,0.0524208525112981,0.4308453942642352,1204,172,0.00490013107164269,0.0240328227745918,0.8384368962831741,-0.09479189208378692,1.2241573150390186,0.9382779725070832,19.847324557778173
6,backsliding_union_Nyr,Y_gdp_growth_imf,IMF WEO,growth,instr-popul_w6_trt-ertOrDdcg_gapany_illibany_exclyr,backsliding_union_Nyr,1347,186,0.0524208525112981,0.4308453942642352,919,134,0.00247251673172457,0.02331751056807326,0.9155530685975308,-3.3476847226517727,19.651235084229313,0.8647310168093619,24.92649898359761
6,backsliding_union_Nyr,Y_inflation,"CPI, cumulative log",inflation,instr-popul_w6_trt-ertOrDdcg_gapany_illibany_exclyr,backsliding_union_Nyr,1347,186,0.0524208525112981,0.4308453942642352,1097,151,0.5438022301703279,0.22155134952650693,0.01410727960818996,-30.692212446079317,53.56147454211531,0.5666258897684988,24.047486702887664
6,backsliding_union_Nyr,Y_unemployment,Unemployment rate,unemployment,instr-popul_w6_trt-ertOrDdcg_gapany_illibany_exclyr,backsliding_union_Nyr,1347,186,0.0524208525112981,0.4308453942642352,854,149,0.10992000750519776,0.5861321053951433,0.8512415547542835,-0.8963392824332335,35.737527540405296,0.979990213398284,21.10440451157994
6,backsliding_union_Nyr,Y_trade_pct_gdp,Trade / GDP,trade,instr-popul_w6_trt-ertOrDdcg_gapany_illibany_exclyr,backsliding_union_Nyr,1347,186,0.0524208525112981,0.4308453942642352,1082,155,-3.5979061469051343,3.22003947948151,0.26384536381161533,949.8386129805772,21497.32578739365,0.9647577071827608,20.83185478399508
6,backsliding_union_Nyr,Y_top10_share,Top-10% income share,top10,instr-popul_w6_trt-ertOrDdcg_gapany_illibany_exclyr,backsliding_union_Nyr,1347,186,0.0524208525112981,0.4308453942642352,1116,161,0.14447779411322437,0.646920011855013,0.8232772993403054,-11.42188445498696,66.73630520483228,0.8641062242320063,21.27344967622667
6,backsliding_union_Nyr,Y_gini_disp,Disposable,gini,instr-popul_w6_trt-ertOrDdcg_gapany_illibany_exclyr,backsliding_union_Nyr,1347,186,0.0524208525112981,0.4308453942642352,946,134,0.4809467076521052,0.3866045379851027,0.2134894126633654,1.8741351310540375,19.8634498566296,0.9248303874693476,19.453666752046495
6,backsliding_union_Nyr,Y_gini_mkt,Market,gini,instr-popul_w6_trt-ertOrDdcg_gapany_illibany_exclyr,backsliding_union_Nyr,1347,186,0.0524208525112981,0.4308453942642352,946,134,0.6108876730371227,0.3870793267490568,0.11452021637680695,3.0013842155817123,20.55501724044965,0.8839078812857238,19.374846021704332
6,backsliding_union_Nyr,Y_debt,Debt / GDP,fiscal,instr-popul_w6_trt-ertOrDdcg_gapany_illibany_exclyr,backsliding_union_Nyr,1347,186,0.0524208525112981,0.4308453942642352,1165,165,-1.0824016940298915,14.63441713324602,0.9410400275099136,-66.18321603525645,434.3627353128812,0.878896268362423,20.010375191169064
6,backsliding_union_Nyr,Y_deficit,Deficit / GDP,fiscal,instr-popul_w6_trt-ertOrDdcg_gapany_illibany_exclyr,backsliding_union_Nyr,1347,186,0.0524208525112981,0.4308453942642352,1017,139,0.6693020187940839,1.1904624746436172,0.5739660184476847,-565.1458209503572,1377.534192674963,0.6816159537654278,19.110592679469885
6,backsliding_union_Nyr,Y_checks_balances,Checks & balances,institutions,instr-popul_w6_trt-ertOrDdcg_gapany_illibany_exclyr,backsliding_union_Nyr,1347,186,0.0524208525112981,0.4308453942642352,1229,170,0.00394682102580095,0.01941877055718461,0.8389414085291927,-0.32229898920537753,1.854416419132863,0.862022044461955,16.084569108850022
6,backsliding_union_Nyr,Y_jucon,Judicial constraints,institutions,instr-popul_w6_trt-ertOrDdcg_gapany_illibany_exclyr,backsliding_union_Nyr,1347,186,0.0524208525112981,0.4308453942642352,1258,178,-0.01057869074212405,0.02162628547431798,0.6247291807560146,-0.22368307922146696,0.7299078965954561,0.7592591189435861,18.323193591246255
6,backsliding_union_Nyr,Y_legcon,Legislative constraints,institutions,instr-popul_w6_trt-ertOrDdcg_gapany_illibany_exclyr,backsliding_union_Nyr,1347,186,0.0524208525112981,0.4308453942642352,1229,170,0.00627970142584276,0.02482442151964997,0.8002955200301589,-0.5102875541284213,2.7775316101300787,0.8542332745181499,16.8868387887447
6,backsliding_union_Nyr,Y_hos_power,HOS,exec_power,instr-popul_w6_trt-ertOrDdcg_gapany_illibany_exclyr,backsliding_union_Nyr,1347,186,0.0524208525112981,0.4308453942642352,1258,178,0.01474618995635424,0.01571330025987164,0.34801178442029473,0.1830370468963912,0.6929017283811467,0.7916564914729911,17.575070600908386
6,backsliding_union_Nyr,Y_hog_power,HOG,exec_power,instr-popul_w6_trt-ertOrDdcg_gapany_illibany_exclyr,backsliding_union_Nyr,1347,186,0.0524208525112981,0.4308453942642352,637,101,-0.01886664235004995,0.01195324225261961,0.11448056820900404,0.3087184522316115,0.36840381185349186,0.40203671323419343,20.263679022147336
6,backsliding_union_Nyr,Y_hos_power_vdem,HOS (v2ex_hosw),exec_power_alt,instr-popul_w6_trt-ertOrDdcg_gapany_illibany_exclyr,backsliding_union_Nyr,1347,186,0.0524208525112981,0.4308453942642352,1258,178,-0.02635821141609953,0.02824528572622909,0.35072200070886256,-0.19448207360031455,1.35420794230281,0.885805953046445,16.53467903533056
6,backsliding_union_Nyr,Y_hog_power_vdem,HOG (v2ex_hogw),exec_power_alt,instr-popul_w6_trt-ertOrDdcg_gapany_illibany_exclyr,backsliding_union_Nyr,1347,186,0.0524208525112981,0.4308453942642352,1258,178,0.03154969168032604,0.02826641524630149,0.2643559295699192,0.3312486856472947,1.3724753443521018,0.8092828670585972,15.769949321021643
6,polyarchy_decline,Y_gdp_growth,PWT,growth,instr-popul_w6_trt-polyarchy_gapany_illibany_exclyr,polyarchy_decline,1258,458,-0.00371493052945164,0.8473931360036411,1179,407,0.01265815531561062,0.02864198168380396,0.6585296448273144,0.06753313160337626,7.765499120004613,0.9930612362426096,19.01634158353156
6,polyarchy_decline,Y_gdp_growth_wb,World Bank,growth,instr-popul_w6_trt-polyarchy_gapany_illibany_exclyr,polyarchy_decline,1258,458,-0.00371493052945164,0.8473931360036411,1204,430,0.00490013107164269,0.0240328227745918,0.8384368962831741,-0.5658199232474185,5.875893149926272,0.9232861749579226,17.32793226656769
6,polyarchy_decline,Y_gdp_growth_imf,IMF WEO,growth,instr-popul_w6_trt-polyarchy_gapany_illibany_exclyr,polyarchy_decline,1258,458,-0.00371493052945164,0.8473931360036411,919,335,0.00247251673172457,0.02331751056807326,0.9155530685975308,1.3567003219774707,3.4864118802682635,0.697173008845781,20.338643180627887
6,polyarchy_decline,Y_inflation,"CPI, cumulative log",inflation,instr-popul_w6_trt-polyarchy_gapany_illibany_exclyr,polyarchy_decline,1258,458,-0.00371493052945164,0.8473931360036411,1097,393,0.5438022301703279,0.22155134952650693,0.01410727960818996,18.219406294644557,69.47338593816252,0.7931285872539744,17.679806240153646
6,polyarchy_decline,Y_unemployment,Unemployment rate,unemployment,instr-popul_w6_trt-polyarchy_gapany_illibany_exclyr,polyarchy_decline,1258,458,-0.00371493052945164,0.8473931360036411,854,380,0.10992000750519776,0.5861321053951433,0.8512415547542835,-12.588083672646718,38.00714204950384,0.7404910707630565,17.333288365476097
6,polyarchy_decline,Y_trade_pct_gdp,Trade / GDP,trade,instr-popul_w6_trt-polyarchy_gapany_illibany_exclyr,polyarchy_decline,1258,458,-0.00371493052945164,0.8473931360036411,1082,395,-3.5979061469051343,3.22003947948151,0.26384536381161533,-180.0217892075245,2125.9574173980895,0.932517398927698,17.234279870509862
6,polyarchy_decline,Y_top10_share,Top-10% income share,top10,instr-popul_w6_trt-polyarchy_gapany_illibany_exclyr,polyarchy_decline,1258,458,-0.00371493052945164,0.8473931360036411,1116,398,0.14447779411322437,0.646920011855013,0.8232772993403054,-27.627393417579896,151.86310287248168,0.8556431431639957,20.90001122737351
6,polyarchy_decline,Y_gini_disp,Disposable,gini,instr-popul_w6_trt-polyarchy_gapany_illibany_exclyr,polyarchy_decline,1258,458,-0.00371493052945164,0.8473931360036411,946,329,0.4809467076521052,0.3866045379851027,0.2134894126633654,-155.15663524393747,309.99091608154424,0.6167090181655344,16.640128005547933
6,polyarchy_decline,Y_gini_mkt,Market,gini,instr-popul_w6_trt-polyarchy_gapany_illibany_exclyr,polyarchy_decline,1258,458,-0.00371493052945164,0.8473931360036411,946,329,0.6108876730371227,0.3870793267490568,0.11452021637680695,-191.59642890010073,415.9190308847557,0.6450439924327757,17.737595846346796
6,polyarchy_decline,Y_debt,Debt / GDP,fiscal,instr-popul_w6_trt-polyarchy_gapany_illibany_exclyr,polyarchy_decline,1258,458,-0.00371493052945164,0.8473931360036411,1165,422,-1.0824016940298915,14.63441713324602,0.9410400275099136,-145.16209007794728,1793.5709838923588,0.935493901349453,17.6203737713272
6,polyarchy_decline,Y_deficit,Deficit / GDP,fiscal,instr-popul_w6_trt-polyarchy_gapany_illibany_exclyr,polyarchy_decline,1258,458,-0.00371493052945164,0.8473931360036411,1017,372,0.6693020187940839,1.1904624746436172,0.5739660184476847,-122.20789405475684,208.45335157339568,0.5577007031636687,21.30249121324206
6,polyarchy_decline,Y_checks_balances,Checks & balances,institutions,instr-popul_w6_trt-polyarchy_gapany_illibany_exclyr,polyarchy_decline,1258,458,-0.00371493052945164,0.8473931360036411,1229,453,0.00394682102580095,0.01941877055718461,0.8389414085291927,-0.5616961085781786,1.1751564166143624,0.6326675625182586,19.42871545421423
6,polyarchy_decline,Y_jucon,Judicial constraints,institutions,instr-popul_w6_trt-polyarchy_gapany_illibany_exclyr,polyarchy_decline,1258,458,-0.00371493052945164,0.8473931360036411,1258,458,-0.01057869074212405,0.02162628547431798,0.6247291807560146,15.19424209160086,112.76793033574404,0.8928182092682351,18.830921545983013
6,polyarchy_decline,Y_legcon,Legislative constraints,institutions,instr-popul_w6_trt-polyarchy_gapany_illibany_exclyr,polyarchy_decline,1258,458,-0.00371493052945164,0.8473931360036411,1229,453,0.00627970142584276,0.02482442151964997,0.8002955200301589,-0.3698444955366951,1.6566274039271,0.8233397989488918,19.75134404045381
6,polyarchy_decline,Y_hos_power,HOS,exec_power,instr-popul_w6_trt-polyarchy_gapany_illibany_exclyr,polyarchy_decline,1258,458,-0.00371493052945164,0.8473931360036411,1258,458,0.01474618995635424,0.01571330025987164,0.34801178442029473,-10.611958941150933,67.62220522621251,0.8752999430678464,17.51203985029399
6,polyarchy_decline,Y_hog_power,HOG,exec_power,instr-popul_w6_trt-polyarchy_gapany_illibany_exclyr,polyarchy_decline,1258,458,-0.00371493052945164,0.8473931360036411,637,231,-0.01886664235004995,0.01195324225261961,0.11448056820900404,0.6581326166819441,0.6363241182309031,0.301008730302763,16.512921533919265
6,polyarchy_decline,Y_hos_power_vdem,HOS (v2ex_hosw),exec_power_alt,instr-popul_w6_trt-polyarchy_gapany_illibany_exclyr,polyarchy_decline,1258,458,-0.00371493052945164,0.8473931360036411,1258,458,-0.02635821141609953,0.02824528572622909,0.35072200070886256,4.154342403261418,49.362219686719286,0.9329289308604696,15.288316134133147
6,polyarchy_decline,Y_hog_power_vdem,HOG (v2ex_hogw),exec_power_alt,instr-popul_w6_trt-polyarchy_gapany_illibany_exclyr,polyarchy_decline,1258,458,-0.00371493052945164,0.8473931360036411,1258,458,0.03154969168032604,0.02826641524630149,0.2643559295699192,-2.413364066363203,50.81227159858496,0.9621181627339984,14.795088598740229
7,backsliding_Nyr,Y_gdp_growth,PWT,growth,instr-popul_w7_trt-ert_gapany_illibany_exclyr,backsliding_Nyr,1347,177,-0.01564580410637567,0.7809926969509434,1156,156,0.02816251031184155,0.02874755060135586,0.32725938960284306,-2.6064490040029087,5.134385232993939,0.6117017780587587,22.72810849397339
7,backsliding_Nyr,Y_gdp_growth_wb,World Bank,growth,instr-popul_w7_trt-ert_gapany_illibany_exclyr,backsliding_Nyr,1347,177,-0.01564580410637567,0.7809926969509434,1176,158,0.0138730043653521,0.0244643902760004,0.5706671081045545,-1.230494823803132,2.8697420508595126,0.6680816034919038,22.036868134440876
7,backsliding_Nyr,Y_gdp_growth_imf,IMF WEO,growth,instr-popul_w7_trt-ert_gapany_illibany_exclyr,backsliding_Nyr,1347,177,-0.01564580410637567,0.7809926969509434,897,128,0.00213535733251635,0.02419799921878682,0.9296817913090608,-0.15858052831348451,2.0180305297630055,0.93736524186231,25.875555732233668
7,backsliding_Nyr,Y_inflation,"CPI, cumulative log",inflation,instr-popul_w7_trt-ert_gapany_illibany_exclyr,backsliding_Nyr,1347,177,-0.01564580410637567,0.7809926969509434,1069,142,0.4784307918375072,0.22351792554599603,0.03231774990146996,-5.097021360763164,4.981353039380779,0.3062037149910568,26.920303178241316
7,backsliding_Nyr,Y_unemployment,Unemployment rate,unemployment,instr-popul_w7_trt-ert_gapany_illibany_exclyr,backsliding_Nyr,1347,177,-0.01564580410637567,0.7809926969509434,819,141,0.345835595082147,0.6393406014316337,0.5885589763635626,-64.63804779247585,161.80577520407692,0.6895401188580078,23.018595175038485
7,backsliding_Nyr,Y_trade_pct_gdp,Trade / GDP,trade,instr-popul_w7_trt-ert_gapany_illibany_exclyr,backsliding_Nyr,1347,177,-0.01564580410637567,0.7809926969509434,1056,144,-3.140212792969885,3.467607675050629,0.365155658570776,566.4843580757725,1714.942493248927,0.7411561763122357,17.364515878776988
7,backsliding_Nyr,Y_top10_share,Top-10% income share,top10,instr-popul_w7_trt-ert_gapany_illibany_exclyr,backsliding_Nyr,1347,177,-0.01564580410637567,0.7809926969509434,1087,149,0.02237878334258569,0.6830517054998272,0.9738636304160933,-13.306121904899973,68.94998836219166,0.8469728918022159,20.357460680071696
7,backsliding_Nyr,Y_gini_disp,Disposable,gini,instr-popul_w7_trt-ert_gapany_illibany_exclyr,backsliding_Nyr,1347,177,-0.01564580410637567,0.7809926969509434,909,122,0.5094472103552434,0.42123077839357814,0.2264994482083856,0.149052845540929,27.346003521132698,0.9956510509757588,19.0864140583125
7,backsliding_Nyr,Y_gini_mkt,Market,gini,instr-popul_w7_trt-ert_gapany_illibany_exclyr,backsliding_Nyr,1347,177,-0.01564580410637567,0.7809926969509434,909,122,0.6687784732563085,0.4439354689632631,0.1319448250225514,-0.12938492405801583,44.77431467262195,0.9976943457340152,20.188101913041177
7,backsliding_Nyr,Y_debt,Debt / GDP,fiscal,instr-popul_w7_trt-ert_gapany_illibany_exclyr,backsliding_Nyr,1347,177,-0.01564580410637567,0.7809926969509434,1137,154,-1.5749548100293491,13.604260349841484,0.9078354336446972,-42.06458291281481,253.9711237192562,0.8684501643807403,27.4282676640522
7,backsliding_Nyr,Y_deficit,Deficit / GDP,fiscal,instr-popul_w7_trt-ert_gapany_illibany_exclyr,backsliding_Nyr,1347,177,-0.01564580410637567,0.7809926969509434,988,136,0.20015347094834812,1.1696838809647097,0.8641313156805125,-7.1055843660939555,47.2725827571076,0.8805193352944939,21.38507271990004
7,backsliding_Nyr,Y_checks_balances,Checks & balances,institutions,instr-popul_w7_trt-ert_gapany_illibany_exclyr,backsliding_Nyr,1347,177,-0.01564580410637567,0.7809926969509434,1191,161,0.00433818356689537,0.01986609083730613,0.8271398454275453,0.4574699699645444,2.032592548468963,0.821926975421085,20.65802743884607
7,backsliding_Nyr,Y_jucon,Judicial constraints,institutions,instr-popul_w7_trt-ert_gapany_illibany_exclyr,backsliding_Nyr,1347,177,-0.01564580410637567,0.7809926969509434,1222,164,-0.02784924410427698,0.02591368304558075,0.2825123658757173,0.131212256319468,0.47582496813537817,0.7827344049237926,27.03690432119295
7,backsliding_Nyr,Y_legcon,Legislative constraints,institutions,instr-popul_w7_trt-ert_gapany_illibany_exclyr,backsliding_Nyr,1347,177,-0.01564580410637567,0.7809926969509434,1191,161,0.00400523904823798,0.02506714176612773,0.8730540293564953,-0.1193491291285373,0.9853239278868696,0.9035906063229746,23.03713606037795
7,backsliding_Nyr,Y_hos_power,HOS,exec_power,instr-popul_w7_trt-ert_gapany_illibany_exclyr,backsliding_Nyr,1347,177,-0.01564580410637567,0.7809926969509434,1222,164,0.01490021016191217,0.01689751538445641,0.3778855767590505,-0.5535655600904096,1.1834295516113784,0.6399534768087779,21.894069526516912
7,backsliding_Nyr,Y_hog_power,HOG,exec_power,instr-popul_w7_trt-ert_gapany_illibany_exclyr,backsliding_Nyr,1347,177,-0.01564580410637567,0.7809926969509434,616,92,-0.01416764890559787,0.01251349837166207,0.2575548595117977,0.1531685724587022,0.165027860375243,0.35333616570826853,22.730873246340728
7,backsliding_Nyr,Y_hos_power_vdem,HOS (v2ex_hosw),exec_power_alt,instr-popul_w7_trt-ert_gapany_illibany_exclyr,backsliding_Nyr,1347,177,-0.01564580410637567,0.7809926969509434,1222,164,-0.01171352052534305,0.02938798403317118,0.6902012500342971,0.23666344891248697,0.742958869807866,0.7500739996758072,23.717754518421472
7,backsliding_Nyr,Y_hog_power_vdem,HOG (v2ex_hogw),exec_power_alt,instr-popul_w7_trt-ert_gapany_illibany_exclyr,backsliding_Nyr,1347,177,-0.01564580410637567,0.7809926969509434,1222,164,0.01734895181580486,0.02938616417141518,0.554937097277156,-0.3304378997363535,0.9072370044094228,0.7156904099800441,23.11229697888424
7,backsliding_union_Nyr,Y_gdp_growth,PWT,growth,instr-popul_w7_trt-ertOrDdcg_gapany_illibany_exclyr,backsliding_union_Nyr,1347,201,0.02670767848527841,0.6939747127411449,1156,180,0.02816251031184155,0.02874755060135586,0.32725938960284306,-27.69984039161835,126.16907825060603,0.8262252205196683,21.54501395525019
7,backsliding_union_Nyr,Y_gdp_growth_wb,World Bank,growth,instr-popul_w7_trt-ertOrDdcg_gapany_illibany_exclyr,backsliding_union_Nyr,1347,201,0.02670767848527841,0.6939747127411449,1176,181,0.0138730043653521,0.0244643902760004,0.5706671081045545,-57.53608218431597,195.64200794620052,0.7686902097375331,21.79477687052463
7,backsliding_union_Nyr,Y_gdp_growth_imf,IMF WEO,growth,instr-popul_w7_trt-ertOrDdcg_gapany_illibany_exclyr,backsliding_union_Nyr,1347,201,0.02670767848527841,0.6939747127411449,897,143,0.00213535733251635,0.02419799921878682,0.9296817913090608,-0.21971678992583843,0.8785673471183315,0.8025213737651664,27.042799419094205
7,backsliding_union_Nyr,Y_inflation,"CPI, cumulative log",inflation,instr-popul_w7_trt-ertOrDdcg_gapany_illibany_exclyr,backsliding_union_Nyr,1347,201,0.02670767848527841,0.6939747127411449,1069,159,0.4784307918375072,0.22351792554599603,0.03231774990146996,-7.860876820922654,8.56144133819691,0.3585287575925652,27.148024110753536
7,backsliding_union_Nyr,Y_unemployment,Unemployment rate,unemployment,instr-popul_w7_trt-ertOrDdcg_gapany_illibany_exclyr,backsliding_union_Nyr,1347,201,0.02670767848527841,0.6939747127411449,819,157,0.345835595082147,0.6393406014316337,0.5885589763635626,-27.70825353196306,58.47423916824419,0.6356040067342281,22.110713091534834
7,backsliding_union_Nyr,Y_trade_pct_gdp,Trade / GDP,trade,instr-popul_w7_trt-ertOrDdcg_gapany_illibany_exclyr,backsliding_union_Nyr,1347,201,0.02670767848527841,0.6939747127411449,1056,164,-3.140212792969885,3.467607675050629,0.365155658570776,5167.058277448093,53738.02563654139,0.9233992667624662,18.408382503817425
7,backsliding_union_Nyr,Y_top10_share,Top-10% income share,top10,instr-popul_w7_trt-ertOrDdcg_gapany_illibany_exclyr,backsliding_union_Nyr,1347,201,0.02670767848527841,0.6939747127411449,1087,169,0.02237878334258569,0.6830517054998272,0.9738636304160933,-100.43463504725096,321.6726860469627,0.7548686346228358,23.439457870181492
7,backsliding_union_Nyr,Y_gini_disp,Disposable,gini,instr-popul_w7_trt-ertOrDdcg_gapany_illibany_exclyr,backsliding_union_Nyr,1347,201,0.02670767848527841,0.6939747127411449,909,134,0.5094472103552434,0.42123077839357814,0.2264994482083856,-20.89493734542453,115.25940890144254,0.8561429571731787,19.35782880940338
7,backsliding_union_Nyr,Y_gini_mkt,Market,gini,instr-popul_w7_trt-ertOrDdcg_gapany_illibany_exclyr,backsliding_union_Nyr,1347,201,0.02670767848527841,0.6939747127411449,909,134,0.6687784732563085,0.4439354689632631,0.1319448250225514,-53.281787502317854,291.09076005055874,0.8547651918108846,20.713202486105175
7,backsliding_union_Nyr,Y_debt,Debt / GDP,fiscal,instr-popul_w7_trt-ertOrDdcg_gapany_illibany_exclyr,backsliding_union_Nyr,1347,201,0.02670767848527841,0.6939747127411449,1137,174,-1.5749548100293491,13.604260349841484,0.9078354336446972,-107.96160865176486,357.6742865655951,0.7627714745974965,29.024233746040075
7,backsliding_union_Nyr,Y_deficit,Deficit / GDP,fiscal,instr-popul_w7_trt-ertOrDdcg_gapany_illibany_exclyr,backsliding_union_Nyr,1347,201,0.02670767848527841,0.6939747127411449,988,147,0.20015347094834812,1.1696838809647097,0.8641313156805125,-3.253198408142916,29.02058402614571,0.9107443649922566,21.30662211716706
7,backsliding_union_Nyr,Y_checks_balances,Checks & balances,institutions,instr-popul_w7_trt-ertOrDdcg_gapany_illibany_exclyr,backsliding_union_Nyr,1347,201,0.02670767848527841,0.6939747127411449,1191,179,0.00433818356689537,0.01986609083730613,0.8271398454275453,0.20429233403973457,0.8262362768840665,0.8047096804346453,19.939634836266443
7,backsliding_union_Nyr,Y_jucon,Judicial constraints,institutions,instr-popul_w7_trt-ertOrDdcg_gapany_illibany_exclyr,backsliding_union_Nyr,1347,201,0.02670767848527841,0.6939747127411449,1222,188,-0.02784924410427698,0.02591368304558075,0.2825123658757173,2.435135660210844,5.505353437594883,0.6582566447146363,22.01222307159287
7,backsliding_union_Nyr,Y_legcon,Legislative constraints,institutions,instr-popul_w7_trt-ertOrDdcg_gapany_illibany_exclyr,backsliding_union_Nyr,1347,201,0.02670767848527841,0.6939747127411449,1191,179,0.00400523904823798,0.02506714176612773,0.8730540293564953,-0.07309940433779408,0.5661637326132511,0.8972678074768691,23.337088902051264
7,backsliding_union_Nyr,Y_hos_power,HOS,exec_power,instr-popul_w7_trt-ertOrDdcg_gapany_illibany_exclyr,backsliding_union_Nyr,1347,201,0.02670767848527841,0.6939747127411449,1222,188,0.01490021016191217,0.01689751538445641,0.3778855767590505,-1.9891963732257405,5.207788293349446,0.7024868247510117,21.770121136444796
7,backsliding_union_Nyr,Y_hog_power,HOG,exec_power,instr-popul_w7_trt-ertOrDdcg_gapany_illibany_exclyr,backsliding_union_Nyr,1347,201,0.02670767848527841,0.6939747127411449,616,106,-0.01416764890559787,0.01251349837166207,0.2575548595117977,0.1127748823868676,0.1186448811123431,0.3418457421910599,21.711076439141312
7,backsliding_union_Nyr,Y_hos_power_vdem,HOS (v2ex_hosw),exec_power_alt,instr-popul_w7_trt-ertOrDdcg_gapany_illibany_exclyr,backsliding_union_Nyr,1347,201,0.02670767848527841,0.6939747127411449,1222,188,-0.01171352052534305,0.02938798403317118,0.6902012500342971,4.184747305268651,25.49547545983129,0.8696234046212541,18.095887480078524
7,backsliding_union_Nyr,Y_hog_power_vdem,HOG (v2ex_hogw),exec_power_alt,instr-popul_w7_trt-ertOrDdcg_gapany_illibany_exclyr,backsliding_union_Nyr,1347,201,0.02670767848527841,0.6939747127411449,1222,188,0.01734895181580486,0.02938616417141518,0.554937097277156,-1.7630993709257063,11.583223411692176,0.87902015388139,16.73570939124009
7,polyarchy_decline,Y_gdp_growth,PWT,growth,instr-popul_w7_trt-polyarchy_gapany_illibany_exclyr,polyarchy_decline,1222,427,0.00142047555624741,0.9448730710014992,1156,388,0.02816251031184155,0.02874755060135586,0.32725938960284306,1.1664728253412036,10.72041765103433,0.9133543624889398,19.56362716257984
7,polyarchy_decline,Y_gdp_growth_wb,World Bank,growth,instr-popul_w7_trt-polyarchy_gapany_illibany_exclyr,polyarchy_decline,1222,427,0.00142047555624741,0.9448730710014992,1176,405,0.0138730043653521,0.0244643902760004,0.5706671081045545,0.2888211537679344,11.77692511131202,0.9804343799989672,19.983395013996063
7,polyarchy_decline,Y_gdp_growth_imf,IMF WEO,growth,instr-popul_w7_trt-polyarchy_gapany_illibany_exclyr,polyarchy_decline,1222,427,0.00142047555624741,0.9448730710014992,897,314,0.00213535733251635,0.02419799921878682,0.9296817913090608,1.6815733905543238,3.413153650747217,0.622242676484075,19.3517397943404
7,polyarchy_decline,Y_inflation,"CPI, cumulative log",inflation,instr-popul_w7_trt-polyarchy_gapany_illibany_exclyr,polyarchy_decline,1222,427,0.00142047555624741,0.9448730710014992,1069,367,0.4784307918375072,0.22351792554599603,0.03231774990146996,-1182.277743843884,7088.990211704416,0.867545824753849,24.63020237234232
7,polyarchy_decline,Y_unemployment,Unemployment rate,unemployment,instr-popul_w7_trt-polyarchy_gapany_illibany_exclyr,polyarchy_decline,1222,427,0.00142047555624741,0.9448730710014992,819,354,0.345835595082147,0.6393406014316337,0.5885589763635626,-46.94706999737089,56.83494335745076,0.408790050960905,16.663109966660308
7,polyarchy_decline,Y_trade_pct_gdp,Trade / GDP,trade,instr-popul_w7_trt-polyarchy_gapany_illibany_exclyr,polyarchy_decline,1222,427,0.00142047555624741,0.9448730710014992,1056,370,-3.140212792969885,3.467607675050629,0.365155658570776,-269.74115934635233,2071.140622887143,0.8963781512276731,19.42602706557592
7,polyarchy_decline,Y_top10_share,Top-10% income share,top10,instr-popul_w7_trt-polyarchy_gapany_illibany_exclyr,polyarchy_decline,1222,427,0.00142047555624741,0.9448730710014992,1087,373,0.02237878334258569,0.6830517054998272,0.9738636304160933,-21.345950731644553,90.20498244022389,0.8129374303356126,16.940373964922887
7,polyarchy_decline,Y_gini_disp,Disposable,gini,instr-popul_w7_trt-polyarchy_gapany_illibany_exclyr,polyarchy_decline,1222,427,0.00142047555624741,0.9448730710014992,909,306,0.5094472103552434,0.42123077839357814,0.2264994482083856,-318.35566870703946,829.9345936091421,0.7012814079604517,18.469832153137517
7,polyarchy_decline,Y_gini_mkt,Market,gini,instr-popul_w7_trt-polyarchy_gapany_illibany_exclyr,polyarchy_decline,1222,427,0.00142047555624741,0.9448730710014992,909,306,0.6687784732563085,0.4439354689632631,0.1319448250225514,-314.1348453503715,947.1960322954828,0.7401557274545068,19.69905897442134
7,polyarchy_decline,Y_debt,Debt / GDP,fiscal,instr-popul_w7_trt-polyarchy_gapany_illibany_exclyr,polyarchy_decline,1222,427,0.00142047555624741,0.9448730710014992,1137,394,-1.5749548100293491,13.604260349841484,0.9078354336446972,-383.6649547591765,2190.419958737249,0.8609571440547,19.610427660155416
7,polyarchy_decline,Y_deficit,Deficit / GDP,fiscal,instr-popul_w7_trt-polyarchy_gapany_illibany_exclyr,polyarchy_decline,1222,427,0.00142047555624741,0.9448730710014992,988,349,0.20015347094834812,1.1696838809647097,0.8641313156805125,-35.53511136005261,125.48890353203576,0.7770439674746754,17.122625604486156
7,polyarchy_decline,Y_checks_balances,Checks & balances,institutions,instr-popul_w7_trt-polyarchy_gapany_illibany_exclyr,polyarchy_decline,1222,427,0.00142047555624741,0.9448730710014992,1191,420,0.00433818356689537,0.01986609083730613,0.8271398454275453,0.4125575319203657,2.537653731475837,0.8708535449130477,21.269124524222484
7,polyarchy_decline,Y_jucon,Judicial constraints,institutions,instr-popul_w7_trt-polyarchy_gapany_illibany_exclyr,polyarchy_decline,1222,427,0.00142047555624741,0.9448730710014992,1222,427,-0.02784924410427698,0.02591368304558075,0.2825123658757173,-1.355681056601023,12.21323322847151,0.9116155566698296,19.607658148628857
7,polyarchy_decline,Y_legcon,Legislative constraints,institutions,instr-popul_w7_trt-polyarchy_gapany_illibany_exclyr,polyarchy_decline,1222,427,0.00142047555624741,0.9448730710014992,1191,420,0.00400523904823798,0.02506714176612773,0.8730540293564953,0.26066717887224944,3.1893972299166045,0.9348619842857276,20.84142401361514
7,polyarchy_decline,Y_hos_power,HOS,exec_power,instr-popul_w7_trt-polyarchy_gapany_illibany_exclyr,polyarchy_decline,1222,427,0.00142047555624741,0.9448730710014992,1222,427,0.01490021016191217,0.01689751538445641,0.3778855767590505,0.0038794985975552,8.689624976208469,0.9996437830239748,17.199575491992842
7,polyarchy_decline,Y_hog_power,HOG,exec_power,instr-popul_w7_trt-polyarchy_gapany_illibany_exclyr,polyarchy_decline,1222,427,0.00142047555624741,0.9448730710014992,616,211,-0.01416764890559787,0.01251349837166207,0.2575548595117977,0.3650113162570866,0.461315374728551,0.428803777727244,15.238055564029803
7,polyarchy_decline,Y_hos_power_vdem,HOS (v2ex_hosw),exec_power_alt,instr-popul_w7_trt-polyarchy_gapany_illibany_exclyr,polyarchy_decline,1222,427,0.00142047555624741,0.9448730710014992,1222,427,-0.01171352052534305,0.02938798403317118,0.6902012500342971,0.9567276943934432,8.518329524318478,0.9105744386470032,17.83740125431235
7,polyarchy_decline,Y_hog_power_vdem,HOG (v2ex_hogw),exec_power_alt,instr-popul_w7_trt-polyarchy_gapany_illibany_exclyr,polyarchy_decline,1222,427,0.00142047555624741,0.9448730710014992,1222,427,0.01734895181580486,0.02938616417141518,0.554937097277156,-0.7007982946443763,10.653261771360931,0.947550981395516,17.782044246672207
8,backsliding_Nyr,Y_gdp_growth,PWT,growth,instr-popul_w8_trt-ert_gapany_illibany_exclyr,backsliding_Nyr,1347,202,-0.01912904538841942,0.7279560929628494,1120,173,0.01943217574654601,0.03129824729293487,0.534684468635287,-14445.7267362242,55329.78322436654,0.7940276518081907,20.46861024405194
8,backsliding_Nyr,Y_gdp_growth_wb,World Bank,growth,instr-popul_w8_trt-ert_gapany_illibany_exclyr,backsliding_Nyr,1347,202,-0.01912904538841942,0.7279560929628494,1151,180,0.01688125209109325,0.02718583453973322,0.5346274842093683,-0.8766150143485718,1.743129518690376,0.6150365255705865,23.66990270336232
8,backsliding_Nyr,Y_gdp_growth_imf,IMF WEO,growth,instr-popul_w8_trt-ert_gapany_illibany_exclyr,backsliding_Nyr,1347,202,-0.01912904538841942,0.7279560929628494,875,144,-0.00270945828224725,0.02632889426188838,0.918035854745304,-44.348005724493625,486.47942455187274,0.9273645736935467,25.160111994098393
8,backsliding_Nyr,Y_inflation,"CPI, cumulative log",inflation,instr-popul_w8_trt-ert_gapany_illibany_exclyr,backsliding_Nyr,1347,202,-0.01912904538841942,0.7279560929628494,1045,163,0.4734534781367368,0.22594171231759735,0.03612946911112587,-8.617169306331368,9.35271584667071,0.35686523764859485,26.747145601943256
8,backsliding_Nyr,Y_unemployment,Unemployment rate,unemployment,instr-popul_w8_trt-ert_gapany_illibany_exclyr,backsliding_Nyr,1347,202,-0.01912904538841942,0.7279560929628494,790,157,0.5980071150515289,0.6861329885562494,0.3834476269764731,-9.85033342070507,170.87979824372812,0.9540315561563816,21.64790950972371
8,backsliding_Nyr,Y_trade_pct_gdp,Trade / GDP,trade,instr-popul_w8_trt-ert_gapany_illibany_exclyr,backsliding_Nyr,1347,202,-0.01912904538841942,0.7279560929628494,1033,164,-2.783951879797514,3.756802905842426,0.4586674679756014,122.51843563863603,253.91549073496887,0.6294390191469814,22.771443623415767
8,backsliding_Nyr,Y_top10_share,Top-10% income share,top10,instr-popul_w8_trt-ert_gapany_illibany_exclyr,backsliding_Nyr,1347,202,-0.01912904538841942,0.7279560929628494,1063,171,0.01123617014787148,0.7669564163321125,0.9883111402415452,-6.082204502867081,27.45238986090312,0.8246605926451112,20.439017893190293
8,backsliding_Nyr,Y_gini_disp,Disposable,gini,instr-popul_w8_trt-ert_gapany_illibany_exclyr,backsliding_Nyr,1347,202,-0.01912904538841942,0.7279560929628494,879,138,0.6597258522153299,0.46083687182519495,0.15226343337589246,3.487084785817709,29.939027403262823,0.9072777773638436,20.02676898145352
8,backsliding_Nyr,Y_gini_mkt,Market,gini,instr-popul_w8_trt-ert_gapany_illibany_exclyr,backsliding_Nyr,1347,202,-0.01912904538841942,0.7279560929628494,879,138,0.8238565304846276,0.48656652323875166,0.0904165859715412,5.605945252424107,37.10082845464335,0.8798966183326541,21.20850183136874
8,backsliding_Nyr,Y_debt,Debt / GDP,fiscal,instr-popul_w8_trt-ert_gapany_illibany_exclyr,backsliding_Nyr,1347,202,-0.01912904538841942,0.7279560929628494,1112,175,-0.9201203389940656,13.760599776898207,0.9466881447921218,-134.09458775081066,420.42290572672744,0.7497631621096497,27.77205868601308
8,backsliding_Nyr,Y_deficit,Deficit / GDP,fiscal,instr-popul_w8_trt-ert_gapany_illibany_exclyr,backsliding_Nyr,1347,202,-0.01912904538841942,0.7279560929628494,964,157,1.059545571272153,1.0758437500172415,0.3246973664097869,-3728.91850691009,13574.439089172536,0.7835455940756595,18.605199409161916
8,backsliding_Nyr,Y_checks_balances,Checks & balances,institutions,instr-popul_w8_trt-ert_gapany_illibany_exclyr,backsliding_Nyr,1347,202,-0.01912904538841942,0.7279560929628494,1161,178,-5.603826362901977e-4,0.0235231067951067,0.9809940766074864,-0.14512209756802713,0.7646741177514325,0.8494792296005969,26.121259309648593
8,backsliding_Nyr,Y_jucon,Judicial constraints,institutions,instr-popul_w8_trt-ert_gapany_illibany_exclyr,backsliding_Nyr,1347,202,-0.01912904538841942,0.7279560929628494,1194,184,-0.01120660370486722,0.02435429357403145,0.6454092786590475,0.1911440221876995,0.7085900754970379,0.7873505834561392,27.711725675976215
8,backsliding_Nyr,Y_legcon,Legislative constraints,institutions,instr-popul_w8_trt-ert_gapany_illibany_exclyr,backsliding_Nyr,1347,202,-0.01912904538841942,0.7279560929628494,1161,178,0.00234598978189791,0.02630028715401368,0.92892283944178,-0.11456291015698584,1.3124303174774608,0.9304404769901644,24.816805655997335
8,backsliding_Nyr,Y_hos_power,HOS,exec_power,instr-popul_w8_trt-ert_gapany_illibany_exclyr,backsliding_Nyr,1347,202,-0.01912904538841942,0.7279560929628494,1194,184,0.00882091219938902,0.01773640614043239,0.6189537623600461,-0.6140404133474332,2.267147471246491,0.7865119929144443,22.16041095699733
8,backsliding_Nyr,Y_hog_power,HOG,exec_power,instr-popul_w8_trt-ert_gapany_illibany_exclyr,backsliding_Nyr,1347,202,-0.01912904538841942,0.7279560929628494,599,107,-0.01842947709604122,0.01342503254386311,0.16982397171262142,0.32993648925212005,0.4603364296383703,0.4735413010176164,23.53535366622475
8,backsliding_Nyr,Y_hos_power_vdem,HOS (v2ex_hosw),exec_power_alt,instr-popul_w8_trt-ert_gapany_illibany_exclyr,backsliding_Nyr,1347,202,-0.01912904538841942,0.7279560929628494,1194,184,0.00591504081085905,0.02756393776082565,0.8300842923139929,-0.46458818760910736,1.3877169714550095,0.7377865364415672,23.581323191469405
8,backsliding_Nyr,Y_hog_power_vdem,HOG (v2ex_hogw),exec_power_alt,instr-popul_w8_trt-ert_gapany_illibany_exclyr,backsliding_Nyr,1347,202,-0.01912904538841942,0.7279560929628494,1194,184,0.00769035985888652,0.02698060560493534,0.7756189477480547,0.2189994827533457,1.185548011660235,0.8534453145223677,22.78103823920057
8,backsliding_union_Nyr,Y_gdp_growth,PWT,growth,instr-popul_w8_trt-ertOrDdcg_gapany_illibany_exclyr,backsliding_union_Nyr,1347,226,0.0264593649382768,0.7035327353435639,1120,197,0.01943217574654601,0.03129824729293487,0.534684468635287,-0.3650725171785372,5.016074303042676,0.9419807692893868,19.50153828581468
8,backsliding_union_Nyr,Y_gdp_growth_wb,World Bank,growth,instr-popul_w8_trt-ertOrDdcg_gapany_illibany_exclyr,backsliding_union_Nyr,1347,226,0.0264593649382768,0.7035327353435639,1151,203,0.01688125209109325,0.02718583453973322,0.5346274842093683,-6.105924047779487,15.959318988578795,0.7020215464949524,22.8837659009768
8,backsliding_union_Nyr,Y_gdp_growth_imf,IMF WEO,growth,instr-popul_w8_trt-ertOrDdcg_gapany_illibany_exclyr,backsliding_union_Nyr,1347,226,0.0264593649382768,0.7035327353435639,875,158,-0.00270945828224725,0.02632889426188838,0.918035854745304,-0.42527739421975463,1.8297945656321828,0.8162132844298506,27.025428207732155
8,backsliding_union_Nyr,Y_inflation,"CPI, cumulative log",inflation,instr-popul_w8_trt-ertOrDdcg_gapany_illibany_exclyr,backsliding_union_Nyr,1347,226,0.0264593649382768,0.7035327353435639,1045,179,0.4734534781367368,0.22594171231759735,0.03612946911112587,-17.075745635460088,22.57383625226431,0.44938562064792786,26.7965168515927
8,backsliding_union_Nyr,Y_unemployment,Unemployment rate,unemployment,instr-popul_w8_trt-ertOrDdcg_gapany_illibany_exclyr,backsliding_union_Nyr,1347,226,0.0264593649382768,0.7035327353435639,790,172,0.5980071150515289,0.6861329885562494,0.3834476269764731,-5558.090122616629,24247.30511426097,0.8186939911043282,20.851722969505634
8,backsliding_union_Nyr,Y_trade_pct_gdp,Trade / GDP,trade,instr-popul_w8_trt-ertOrDdcg_gapany_illibany_exclyr,backsliding_union_Nyr,1347,226,0.0264593649382768,0.7035327353435639,1033,184,-2.783951879797514,3.756802905842426,0.4586674679756014,787.8105320897722,3069.3434640178098,0.7974329927988693,23.60977826755952
8,backsliding_union_Nyr,Y_top10_share,Top-10% income share,top10,instr-popul_w8_trt-ertOrDdcg_gapany_illibany_exclyr,backsliding_union_Nyr,1347,226,0.0264593649382768,0.7035327353435639,1063,191,0.01123617014787148,0.7669564163321125,0.9883111402415452,-249.1447486350916,1014.4258084609556,0.8059905383633897,24.227687074947035
8,backsliding_union_Nyr,Y_gini_disp,Disposable,gini,instr-popul_w8_trt-ertOrDdcg_gapany_illibany_exclyr,backsliding_union_Nyr,1347,226,0.0264593649382768,0.7035327353435639,879,149,0.6597258522153299,0.46083687182519495,0.15226343337589246,-2.96699520656011,91.83553227738228,0.9742266653963978,20.313032459215005
8,backsliding_union_Nyr,Y_gini_mkt,Market,gini,instr-popul_w8_trt-ertOrDdcg_gapany_illibany_exclyr,backsliding_union_Nyr,1347,226,0.0264593649382768,0.7035327353435639,879,149,0.8238565304846276,0.48656652323875166,0.0904165859715412,-3.6891537353617,125.88385408732354,0.9766205321003572,21.813117553551503
8,backsliding_union_Nyr,Y_debt,Debt / GDP,fiscal,instr-popul_w8_trt-ertOrDdcg_gapany_illibany_exclyr,backsliding_union_Nyr,1347,226,0.0264593649382768,0.7035327353435639,1112,195,-0.9201203389940656,13.760599776898207,0.9466881447921218,-474.90036854080495,1068.472255203759,0.6567051781402233,28.842163404881187
8,backsliding_union_Nyr,Y_deficit,Deficit / GDP,fiscal,instr-popul_w8_trt-ertOrDdcg_gapany_illibany_exclyr,backsliding_union_Nyr,1347,226,0.0264593649382768,0.7035327353435639,964,167,1.059545571272153,1.0758437500172415,0.3246973664097869,-125.15186197149986,293.2730741265418,0.6695674450103529,18.83835122367449
8,backsliding_union_Nyr,Y_checks_balances,Checks & balances,institutions,instr-popul_w8_trt-ertOrDdcg_gapany_illibany_exclyr,backsliding_union_Nyr,1347,226,0.0264593649382768,0.7035327353435639,1161,196,-5.603826362901977e-4,0.0235231067951067,0.9809940766074864,-0.08439740475407373,0.5014802074942625,0.8663499628509096,25.85979893835202
8,backsliding_union_Nyr,Y_jucon,Judicial constraints,institutions,instr-popul_w8_trt-ertOrDdcg_gapany_illibany_exclyr,backsliding_union_Nyr,1347,226,0.0264593649382768,0.7035327353435639,1194,208,-0.01120660370486722,0.02435429357403145,0.6454092786590475,35.33661539606525,150.4962694298728,0.8143634966824347,20.49393131663459
8,backsliding_union_Nyr,Y_legcon,Legislative constraints,institutions,instr-popul_w8_trt-ertOrDdcg_gapany_illibany_exclyr,backsliding_union_Nyr,1347,226,0.0264593649382768,0.7035327353435639,1161,196,0.00234598978189791,0.02630028715401368,0.92892283944178,-0.06029278271761325,0.5801795660940574,0.9172321210411298,26.564238585970784
8,backsliding_union_Nyr,Y_hos_power,HOS,exec_power,instr-popul_w8_trt-ertOrDdcg_gapany_illibany_exclyr,backsliding_union_Nyr,1347,226,0.0264593649382768,0.7035327353435639,1194,208,0.00882091219938902,0.01773640614043239,0.6189537623600461,-146.31402307224565,599.866493433229,0.8072997667209993,21.84241508961754
8,backsliding_union_Nyr,Y_hog_power,HOG,exec_power,instr-popul_w8_trt-ertOrDdcg_gapany_illibany_exclyr,backsliding_union_Nyr,1347,226,0.0264593649382768,0.7035327353435639,599,120,-0.01842947709604122,0.01342503254386311,0.16982397171262142,0.21277775395392456,0.24486951118032096,0.3848780710489555,23.13527690034481
8,backsliding_union_Nyr,Y_hos_power_vdem,HOS (v2ex_hosw),exec_power_alt,instr-popul_w8_trt-ertOrDdcg_gapany_illibany_exclyr,backsliding_union_Nyr,1347,226,0.0264593649382768,0.7035327353435639,1194,208,0.00591504081085905,0.02756393776082565,0.8300842923139929,0.42848463648392265,2.4618117406660693,0.8618241554155537,18.117603735191732
8,backsliding_union_Nyr,Y_hog_power_vdem,HOG (v2ex_hogw),exec_power_alt,instr-popul_w8_trt-ertOrDdcg_gapany_illibany_exclyr,backsliding_union_Nyr,1347,226,0.0264593649382768,0.7035327353435639,1194,208,0.00769035985888652,0.02698060560493534,0.7756189477480547,-0.4239169703333533,3.4232653346363673,0.9014466343578464,17.31855174133153
8,polyarchy_decline,Y_gdp_growth,PWT,growth,instr-popul_w8_trt-polyarchy_gapany_illibany_exclyr,polyarchy_decline,1194,418,0.00308408232185597,0.893209309229661,1120,372,0.01943217574654601,0.03129824729293487,0.534684468635287,0.5680621725537782,3.810682215333814,0.8814976162689057,18.577793440193076
8,polyarchy_decline,Y_gdp_growth_wb,World Bank,growth,instr-popul_w8_trt-polyarchy_gapany_illibany_exclyr,polyarchy_decline,1194,418,0.00308408232185597,0.893209309229661,1151,403,0.01688125209109325,0.02718583453973322,0.5346274842093683,0.1915840943331384,27.512334878771977,0.9944439192008576,21.43644286464764
8,polyarchy_decline,Y_gdp_growth_imf,IMF WEO,growth,instr-popul_w8_trt-polyarchy_gapany_illibany_exclyr,polyarchy_decline,1194,418,0.00308408232185597,0.893209309229661,875,311,-0.00270945828224725,0.02632889426188838,0.918035854745304,1.6367220837868557,2.9582429785082667,0.5800750709266758,19.213676494488578
8,polyarchy_decline,Y_inflation,"CPI, cumulative log",inflation,instr-popul_w8_trt-polyarchy_gapany_illibany_exclyr,polyarchy_decline,1194,418,0.00308408232185597,0.893209309229661,1045,363,0.4734534781367368,0.22594171231759735,0.03612946911112587,17.112669841093666,105.97161358889036,0.8717125852501943,17.882438510373134
8,polyarchy_decline,Y_unemployment,Unemployment rate,unemployment,instr-popul_w8_trt-polyarchy_gapany_illibany_exclyr,polyarchy_decline,1194,418,0.00308408232185597,0.893209309229661,790,340,0.5980071150515289,0.6861329885562494,0.3834476269764731,-32.639452588851825,38.345771193136336,0.39466503923145607,19.62166330397488
8,polyarchy_decline,Y_trade_pct_gdp,Trade / GDP,trade,instr-popul_w8_trt-polyarchy_gapany_illibany_exclyr,polyarchy_decline,1194,418,0.00308408232185597,0.893209309229661,1033,372,-2.783951879797514,3.756802905842426,0.4586674679756014,513.4420190900767,1368.731930099032,0.7075694318172736,26.233701489333015
8,polyarchy_decline,Y_top10_share,Top-10% income share,top10,instr-popul_w8_trt-polyarchy_gapany_illibany_exclyr,polyarchy_decline,1194,418,0.00308408232185597,0.893209309229661,1063,377,0.01123617014787148,0.7669564163321125,0.9883111402415452,-20.273115305864085,93.64877069547076,0.8286133683464975,16.399933119872298
8,polyarchy_decline,Y_gini_disp,Disposable,gini,instr-popul_w8_trt-polyarchy_gapany_illibany_exclyr,polyarchy_decline,1194,418,0.00308408232185597,0.893209309229661,879,299,0.6597258522153299,0.46083687182519495,0.15226343337589246,-2988.8534030129076,20043.88481415711,0.8814625152006899,19.568431529834974
8,polyarchy_decline,Y_gini_mkt,Market,gini,instr-popul_w8_trt-polyarchy_gapany_illibany_exclyr,polyarchy_decline,1194,418,0.00308408232185597,0.893209309229661,879,299,0.8238565304846276,0.48656652323875166,0.0904165859715412,-2996.5428971130355,22864.959671423137,0.8957326427584558,19.703829269379547
8,polyarchy_decline,Y_debt,Debt / GDP,fiscal,instr-popul_w8_trt-polyarchy_gapany_illibany_exclyr,polyarchy_decline,1194,418,0.00308408232185597,0.893209309229661,1112,394,-0.9201203389940656,13.760599776898207,0.9466881447921218,-915.8021957343086,3047.6126289800955,0.7637971475869432,20.129363006203608
8,polyarchy_decline,Y_deficit,Deficit / GDP,fiscal,instr-popul_w8_trt-polyarchy_gapany_illibany_exclyr,polyarchy_decline,1194,418,0.00308408232185597,0.893209309229661,964,350,1.059545571272153,1.0758437500172415,0.3246973664097869,-59.672431824247354,82.87005794471149,0.4714804918344151,25.890883168159608
8,polyarchy_decline,Y_checks_balances,Checks & balances,institutions,instr-popul_w8_trt-polyarchy_gapany_illibany_exclyr,polyarchy_decline,1194,418,0.00308408232185597,0.893209309229661,1161,409,-5.603826362901977e-4,0.0235231067951067,0.9809940766074864,0.09332021022992808,1.6965789815799002,0.9561345351788492,22.98324784100172
8,polyarchy_decline,Y_jucon,Judicial constraints,institutions,instr-popul_w8_trt-polyarchy_gapany_illibany_exclyr,polyarchy_decline,1194,418,0.00308408232185597,0.893209309229661,1194,418,-0.01120660370486722,0.02435429357403145,0.6454092786590475,2.1622710323347434,8.65709702445513,0.8027663012696595,26.107384966009658
8,polyarchy_decline,Y_legcon,Legislative constraints,institutions,instr-popul_w8_trt-polyarchy_gapany_illibany_exclyr,polyarchy_decline,1194,418,0.00308408232185597,0.893209309229661,1161,409,0.00234598978189791,0.02630028715401368,0.92892283944178,0.39316498650288606,3.775999679075276,0.917072459154364,19.54750358536008
8,polyarchy_decline,Y_hos_power,HOS,exec_power,instr-popul_w8_trt-polyarchy_gapany_illibany_exclyr,polyarchy_decline,1194,418,0.00308408232185597,0.893209309229661,1194,418,0.00882091219938902,0.01773640614043239,0.6189537623600461,-2.0675728578619537,12.01311265939063,0.8633513104891859,18.437659045508383
8,polyarchy_decline,Y_hog_power,HOG,exec_power,instr-popul_w8_trt-polyarchy_gapany_illibany_exclyr,polyarchy_decline,1194,418,0.00308408232185597,0.893209309229661,599,205,-0.01842947709604122,0.01342503254386311,0.16982397171262142,0.6153576645234061,0.6752665097633547,0.36214723789316206,13.716287139837776
8,polyarchy_decline,Y_hos_power_vdem,HOS (v2ex_hosw),exec_power_alt,instr-popul_w8_trt-polyarchy_gapany_illibany_exclyr,polyarchy_decline,1194,418,0.00308408232185597,0.893209309229661,1194,418,0.00591504081085905,0.02756393776082565,0.8300842923139929,-2.6160499547437466,10.821731484339788,0.8089813047083706,25.260602743258545
8,polyarchy_decline,Y_hog_power_vdem,HOG (v2ex_hogw),exec_power_alt,instr-popul_w8_trt-polyarchy_gapany_illibany_exclyr,polyarchy_decline,1194,418,0.00308408232185597,0.893209309229661,1194,418,0.00769035985888652,0.02698060560493534,0.7756189477480547,0.7188560159447369,5.7861862824852235,0.9011279570643348,25.291346129424557
9,backsliding_Nyr,Y_gdp_growth,PWT,growth,instr-popul_w9_trt-ert_gapany_illibany_exclyr,backsliding_Nyr,1347,221,0.00411172794165912,0.94320327645769,1083,178,0.02886204062688549,0.03496957588337501,0.40917451682093,0.11732997929521892,4.106528703085222,0.9772062853183396,19.18376509165276
9,backsliding_Nyr,Y_gdp_growth_wb,World Bank,growth,instr-popul_w9_trt-ert_gapany_illibany_exclyr,backsliding_Nyr,1347,221,0.00411172794165912,0.94320327645769,1117,192,0.01306070288070498,0.03128260009290622,0.6763076435309232,-0.07329106148703124,3.006464809988111,0.9805512392117612,19.208321028197492
9,backsliding_Nyr,Y_gdp_growth_imf,IMF WEO,growth,instr-popul_w9_trt-ert_gapany_illibany_exclyr,backsliding_Nyr,1347,221,0.00411172794165912,0.94320327645769,842,153,-0.01608073784811736,0.03022310555803473,0.5946791168257191,-0.1822225264041785,0.8469346372044206,0.8296461937242767,22.222946073214196
9,backsliding_Nyr,Y_inflation,"CPI, cumulative log",inflation,instr-popul_w9_trt-ert_gapany_illibany_exclyr,backsliding_Nyr,1347,221,0.00411172794165912,0.94320327645769,1010,174,0.4345921287403425,0.2333247979059355,0.06251774358542692,-1348.7124990652574,3181.3138119078553,0.6716035372509371,22.134540484561494
9,backsliding_Nyr,Y_unemployment,Unemployment rate,unemployment,instr-popul_w9_trt-ert_gapany_illibany_exclyr,backsliding_Nyr,1347,221,0.00411172794165912,0.94320327645769,766,172,0.6567532622350954,0.8000774528364296,0.4117248182683573,4.872356252488604,18.797633990802193,0.7954805402811788,20.742183783772347
9,backsliding_Nyr,Y_trade_pct_gdp,Trade / GDP,trade,instr-popul_w9_trt-ert_gapany_illibany_exclyr,backsliding_Nyr,1347,221,0.00411172794165912,0.94320327645769,996,175,-5.602003021083034,4.2192247443812505,0.1842663986974306,1882.458968674391,29625.945686702864,0.9493357991589888,22.44853870928587
9,backsliding_Nyr,Y_top10_share,Top-10% income share,top10,instr-popul_w9_trt-ert_gapany_illibany_exclyr,backsliding_Nyr,1347,221,0.00411172794165912,0.94320327645769,1029,182,0.25776466223295036,0.7632304541775675,0.7355678095447595,-0.5989108875967268,34.59104218934824,0.9861860803815532,23.69895017790892
9,backsliding_Nyr,Y_gini_disp,Disposable,gini,instr-popul_w9_trt-ert_gapany_illibany_exclyr,backsliding_Nyr,1347,221,0.00411172794165912,0.94320327645769,843,140,0.7773609143008937,0.47164146855541783,0.09931100799309311,4.51328959946647,26.12522286160363,0.8628432058288149,20.719714372806916
9,backsliding_Nyr,Y_gini_mkt,Market,gini,instr-popul_w9_trt-ert_gapany_illibany_exclyr,backsliding_Nyr,1347,221,0.00411172794165912,0.94320327645769,843,140,0.9775533505342724,0.5065939024162794,0.05364913566872534,6.1358821947908115,30.150679396755493,0.8387385706223286,20.705687712886352
9,backsliding_Nyr,Y_debt,Debt / GDP,fiscal,instr-popul_w9_trt-ert_gapany_illibany_exclyr,backsliding_Nyr,1347,221,0.00411172794165912,0.94320327645769,1077,186,-4.440354769002676,14.62521890671688,0.7614254459461093,-259.1060080134511,1383.7975957040594,0.8514703414362337,22.662851235590043
9,backsliding_Nyr,Y_deficit,Deficit / GDP,fiscal,instr-popul_w9_trt-ert_gapany_illibany_exclyr,backsliding_Nyr,1347,221,0.00411172794165912,0.94320327645769,927,167,-0.17895197138434615,1.1579832000528605,0.8771858485244091,-13.339328572765984,69.77346061283863,0.8483841414394033,19.448496343817972
9,backsliding_Nyr,Y_checks_balances,Checks & balances,institutions,instr-popul_w9_trt-ert_gapany_illibany_exclyr,backsliding_Nyr,1347,221,0.00411172794165912,0.94320327645769,1141,199,0.01025354879946525,0.02521031480031814,0.6842133708501439,-0.10843921231643013,1.6004334192040464,0.9459797479952556,20.185385237400222
9,backsliding_Nyr,Y_jucon,Judicial constraints,institutions,instr-popul_w9_trt-ert_gapany_illibany_exclyr,backsliding_Nyr,1347,221,0.00411172794165912,0.94320327645769,1169,200,-0.01072289330321726,0.02765124191759696,0.6981709592935124,8.881830987576787,34.20739932421377,0.795136476014902,22.386265716542415
9,backsliding_Nyr,Y_legcon,Legislative constraints,institutions,instr-popul_w9_trt-ert_gapany_illibany_exclyr,backsliding_Nyr,1347,221,0.00411172794165912,0.94320327645769,1141,199,0.01742760999648857,0.03017113132978165,0.5635170949490946,-0.03798962017056129,2.6536940738404056,0.9885780744668544,20.267181435804183
9,backsliding_Nyr,Y_hos_power,HOS,exec_power,instr-popul_w9_trt-ert_gapany_illibany_exclyr,backsliding_Nyr,1347,221,0.00411172794165912,0.94320327645769,1169,200,0.01127456481215636,0.01880868622347261,0.5488835525179528,-4.03341034188677,18.458749992369544,0.8270322369709942,21.736098257659723
9,backsliding_Nyr,Y_hog_power,HOG,exec_power,instr-popul_w9_trt-ert_gapany_illibany_exclyr,backsliding_Nyr,1347,221,0.00411172794165912,0.94320327645769,583,113,-0.01369079370971483,0.01446167765039083,0.3437943675247766,0.5403679266491176,0.9632279658226826,0.5747996336204841,20.4288369701616
9,backsliding_Nyr,Y_hos_power_vdem,HOS (v2ex_hosw),exec_power_alt,instr-popul_w9_trt-ert_gapany_illibany_exclyr,backsliding_Nyr,1347,221,0.00411172794165912,0.94320327645769,1169,200,0.02473006702451526,0.03417698368988186,0.4693184995554094,0.5250736904110598,3.8189360481999737,0.8906418049876262,17.88153343669809
9,backsliding_Nyr,Y_hog_power_vdem,HOG (v2ex_hogw),exec_power_alt,instr-popul_w9_trt-ert_gapany_illibany_exclyr,backsliding_Nyr,1347,221,0.00411172794165912,0.94320327645769,1169,200,-0.00981562370605256,0.03288833287967049,0.7653573943489859,-0.35662681093749893,1.8831742722915008,0.8497986327537301,17.671043293771937
9,backsliding_union_Nyr,Y_gdp_growth,PWT,growth,instr-popul_w9_trt-ertOrDdcg_gapany_illibany_exclyr,backsliding_union_Nyr,1347,246,0.04396366512372315,0.5486172159535817,1083,203,0.02886204062688549,0.03496957588337501,0.40917451682093,0.335931963440626,1.9421842592417395,0.8626781039276249,17.19597011154675
9,backsliding_union_Nyr,Y_gdp_growth_wb,World Bank,growth,instr-popul_w9_trt-ertOrDdcg_gapany_illibany_exclyr,backsliding_union_Nyr,1347,246,0.04396366512372315,0.5486172159535817,1117,216,0.01306070288070498,0.03128260009290622,0.6763076435309232,0.07864632671428695,1.389464117962313,0.9548623108698964,19.10844274719768
9,backsliding_union_Nyr,Y_gdp_growth_imf,IMF WEO,growth,instr-popul_w9_trt-ertOrDdcg_gapany_illibany_exclyr,backsliding_union_Nyr,1347,246,0.04396366512372315,0.5486172159535817,842,167,-0.01608073784811736,0.03022310555803473,0.5946791168257191,-0.40570343562849454,1.9038861282331232,0.831254986154876,19.53794901520517
9,backsliding_union_Nyr,Y_inflation,"CPI, cumulative log",inflation,instr-popul_w9_trt-ertOrDdcg_gapany_illibany_exclyr,backsliding_union_Nyr,1347,246,0.04396366512372315,0.5486172159535817,1010,190,0.4345921287403425,0.2333247979059355,0.06251774358542692,-15.31143199476584,138.09561974600777,0.911715010176406,21.649547143270944
9,backsliding_union_Nyr,Y_unemployment,Unemployment rate,unemployment,instr-popul_w9_trt-ertOrDdcg_gapany_illibany_exclyr,backsliding_union_Nyr,1347,246,0.04396366512372315,0.5486172159535817,766,188,0.6567532622350954,0.8000774528364296,0.4117248182683573,4.51414304488508,28.53229427482961,0.8742899773463527,18.947301295482532
9,backsliding_union_Nyr,Y_trade_pct_gdp,Trade / GDP,trade,instr-popul_w9_trt-ertOrDdcg_gapany_illibany_exclyr,backsliding_union_Nyr,1347,246,0.04396366512372315,0.5486172159535817,996,196,-5.602003021083034,4.2192247443812505,0.1842663986974306,-93.78242535737668,397.5328933442532,0.8135016485226556,19.26821597067134
9,backsliding_union_Nyr,Y_top10_share,Top-10% income share,top10,instr-popul_w9_trt-ertOrDdcg_gapany_illibany_exclyr,backsliding_union_Nyr,1347,246,0.04396366512372315,0.5486172159535817,1029,203,0.25776466223295036,0.7632304541775675,0.7355678095447595,-4.612373138634046,27.739911299630656,0.867942826110246,18.43977191189548
9,backsliding_union_Nyr,Y_gini_disp,Disposable,gini,instr-popul_w9_trt-ertOrDdcg_gapany_illibany_exclyr,backsliding_union_Nyr,1347,246,0.04396366512372315,0.5486172159535817,843,152,0.7773609143008937,0.47164146855541783,0.09931100799309311,0.9751341812511144,63.19814085745459,0.987689295509835,19.968464024225455
9,backsliding_union_Nyr,Y_gini_mkt,Market,gini,instr-popul_w9_trt-ertOrDdcg_gapany_illibany_exclyr,backsliding_union_Nyr,1347,246,0.04396366512372315,0.5486172159535817,843,152,0.9775533505342724,0.5065939024162794,0.05364913566872534,2.30305608076425,72.60085794851055,0.9746936221179758,19.881825231679773
9,backsliding_union_Nyr,Y_debt,Debt / GDP,fiscal,instr-popul_w9_trt-ertOrDdcg_gapany_illibany_exclyr,backsliding_union_Nyr,1347,246,0.04396366512372315,0.5486172159535817,1077,207,-4.440354769002676,14.62521890671688,0.7614254459461093,-73.10897660427256,353.93112463867794,0.836351375645156,19.47103928995527
9,backsliding_union_Nyr,Y_deficit,Deficit / GDP,fiscal,instr-popul_w9_trt-ertOrDdcg_gapany_illibany_exclyr,backsliding_union_Nyr,1347,246,0.04396366512372315,0.5486172159535817,927,178,-0.17895197138434615,1.1579832000528605,0.8771858485244091,-240.31177922802328,849.2249786220169,0.777193888131602,17.912489318827646
9,backsliding_union_Nyr,Y_checks_balances,Checks & balances,institutions,instr-popul_w9_trt-ertOrDdcg_gapany_illibany_exclyr,backsliding_union_Nyr,1347,246,0.04396366512372315,0.5486172159535817,1141,218,0.01025354879946525,0.02521031480031814,0.6842133708501439,-3.1755003862200715,11.720701330916942,0.7864441639277897,18.309186688307577
9,backsliding_union_Nyr,Y_jucon,Judicial constraints,institutions,instr-popul_w9_trt-ertOrDdcg_gapany_illibany_exclyr,backsliding_union_Nyr,1347,246,0.04396366512372315,0.5486172159535817,1169,225,-0.01072289330321726,0.02765124191759696,0.6981709592935124,-0.29124129408804,1.4479455418870946,0.8405882805797692,18.136218593095823
9,backsliding_union_Nyr,Y_legcon,Legislative constraints,institutions,instr-popul_w9_trt-ertOrDdcg_gapany_illibany_exclyr,backsliding_union_Nyr,1347,246,0.04396366512372315,0.5486172159535817,1141,218,0.01742760999648857,0.03017113132978165,0.5635170949490946,-41.054861859538995,125.23617203690482,0.7430481270189921,19.37799898410682
9,backsliding_union_Nyr,Y_hos_power,HOS,exec_power,instr-popul_w9_trt-ertOrDdcg_gapany_illibany_exclyr,backsliding_union_Nyr,1347,246,0.04396366512372315,0.5486172159535817,1169,225,0.01127456481215636,0.01880868622347261,0.5488835525179528,-0.1235344065395,1.8233373375261883,0.9459832048766268,21.685767901603914
9,backsliding_union_Nyr,Y_hog_power,HOG,exec_power,instr-popul_w9_trt-ertOrDdcg_gapany_illibany_exclyr,backsliding_union_Nyr,1347,246,0.04396366512372315,0.5486172159535817,583,126,-0.01369079370971483,0.01446167765039083,0.3437943675247766,0.217721718109037,0.33267673577436835,0.5128191648630529,21.034829499557855
9,backsliding_union_Nyr,Y_hos_power_vdem,HOS (v2ex_hosw),exec_power_alt,instr-popul_w9_trt-ertOrDdcg_gapany_illibany_exclyr,backsliding_union_Nyr,1347,246,0.04396366512372315,0.5486172159535817,1169,225,0.02473006702451526,0.03417698368988186,0.4693184995554094,0.4042595591945033,1.7279810972567504,0.8150245228719522,18.567592722019064
9,backsliding_union_Nyr,Y_hog_power_vdem,HOG (v2ex_hogw),exec_power_alt,instr-popul_w9_trt-ertOrDdcg_gapany_illibany_exclyr,backsliding_union_Nyr,1347,246,0.04396366512372315,0.5486172159535817,1169,225,-0.00981562370605256,0.03288833287967049,0.7653573943489859,-0.2434758770011731,1.0123283879853109,0.8099343173762861,17.51026349025195
9,polyarchy_decline,Y_gdp_growth,PWT,growth,instr-popul_w9_trt-polyarchy_gapany_illibany_exclyr,polyarchy_decline,1169,399,-0.00403595830045242,0.8637130469626815,1083,340,0.02886204062688549,0.03496957588337501,0.40917451682093,2.173546799601089,8.612583868682686,0.8007560726781529,22.090204903624876
9,polyarchy_decline,Y_gdp_growth_wb,World Bank,growth,instr-popul_w9_trt-polyarchy_gapany_illibany_exclyr,polyarchy_decline,1169,399,-0.00403595830045242,0.8637130469626815,1117,370,0.01306070288070498,0.03128260009290622,0.6763076435309232,0.9555453626325104,13.67609759621874,0.9442973394320696,22.264685283694917
9,polyarchy_decline,Y_gdp_growth_imf,IMF WEO,growth,instr-popul_w9_trt-polyarchy_gapany_illibany_exclyr,polyarchy_decline,1169,399,-0.00403595830045242,0.8637130469626815,842,278,-0.01608073784811736,0.03022310555803473,0.5946791168257191,1.4902185097487557,2.575511315838992,0.5628518558919835,18.530610161073632
9,polyarchy_decline,Y_inflation,"CPI, cumulative log",inflation,instr-popul_w9_trt-polyarchy_gapany_illibany_exclyr,polyarchy_decline,1169,399,-0.00403595830045242,0.8637130469626815,1010,333,0.4345921287403425,0.2333247979059355,0.06251774358542692,-207.62205852044968,1458.1404149082823,0.8867733448128324,23.854442938168923
9,polyarchy_decline,Y_unemployment,Unemployment rate,unemployment,instr-popul_w9_trt-polyarchy_gapany_illibany_exclyr,polyarchy_decline,1169,399,-0.00403595830045242,0.8637130469626815,766,328,0.6567532622350954,0.8000774528364296,0.4117248182683573,-35.09320218675732,39.84011424799504,0.37839850280416865,15.6954455209285
9,polyarchy_decline,Y_trade_pct_gdp,Trade / GDP,trade,instr-popul_w9_trt-polyarchy_gapany_illibany_exclyr,polyarchy_decline,1169,399,-0.00403595830045242,0.8637130469626815,996,335,-5.602003021083034,4.2192247443812505,0.1842663986974306,-452.527998971285,2500.870804244775,0.856408257564655,18.912164627250583
9,polyarchy_decline,Y_top10_share,Top-10% income share,top10,instr-popul_w9_trt-polyarchy_gapany_illibany_exclyr,polyarchy_decline,1169,399,-0.00403595830045242,0.8637130469626815,1029,344,0.25776466223295036,0.7632304541775675,0.7355678095447595,-22.73824102927393,234.02234123601335,0.922597194045608,19.03487834176547
9,polyarchy_decline,Y_gini_disp,Disposable,gini,instr-popul_w9_trt-polyarchy_gapany_illibany_exclyr,polyarchy_decline,1169,399,-0.00403595830045242,0.8637130469626815,843,265,0.7773609143008937,0.47164146855541783,0.09931100799309311,30.351422032475455,445.0901531925719,0.945633091563234,20.74895131940704
9,polyarchy_decline,Y_gini_mkt,Market,gini,instr-popul_w9_trt-polyarchy_gapany_illibany_exclyr,polyarchy_decline,1169,399,-0.00403595830045242,0.8637130469626815,843,265,0.9775533505342724,0.5065939024162794,0.05364913566872534,44.819793475670565,471.7777261928954,0.9243132956949588,19.565172650827687
9,polyarchy_decline,Y_debt,Debt / GDP,fiscal,instr-popul_w9_trt-polyarchy_gapany_illibany_exclyr,polyarchy_decline,1169,399,-0.00403595830045242,0.8637130469626815,1077,360,-4.440354769002676,14.62521890671688,0.7614254459461093,-456.6628639233067,2016.227403565231,0.8208174357535994,21.10209984006375
9,polyarchy_decline,Y_deficit,Deficit / GDP,fiscal,instr-popul_w9_trt-polyarchy_gapany_illibany_exclyr,polyarchy_decline,1169,399,-0.00403595830045242,0.8637130469626815,927,322,-0.17895197138434615,1.1579832000528605,0.8771858485244091,29.38287412972968,106.13799551119752,0.7819056318564819,16.283985130071787
9,polyarchy_decline,Y_checks_balances,Checks & balances,institutions,instr-popul_w9_trt-polyarchy_gapany_illibany_exclyr,polyarchy_decline,1169,399,-0.00403595830045242,0.8637130469626815,1141,396,0.01025354879946525,0.02521031480031814,0.6842133708501439,-0.6101512705936246,1.0959892207462394,0.5777236434350308,23.342770544492687
9,polyarchy_decline,Y_jucon,Judicial constraints,institutions,instr-popul_w9_trt-polyarchy_gapany_illibany_exclyr,polyarchy_decline,1169,399,-0.00403595830045242,0.8637130469626815,1169,399,-0.01072289330321726,0.02765124191759696,0.6981709592935124,10.660428040551608,51.71825101314305,0.8366932172655455,21.91893139453192
9,polyarchy_decline,Y_legcon,Legislative constraints,institutions,instr-popul_w9_trt-polyarchy_gapany_illibany_exclyr,polyarchy_decline,1169,399,-0.00403595830045242,0.8637130469626815,1141,396,0.01742760999648857,0.03017113132978165,0.5635170949490946,-1.4400044846026774,1.802198655334156,0.4242750459872919,19.531295399633496
9,polyarchy_decline,Y_hos_power,HOS,exec_power,instr-popul_w9_trt-polyarchy_gapany_illibany_exclyr,polyarchy_decline,1169,399,-0.00403595830045242,0.8637130469626815,1169,399,0.01127456481215636,0.01880868622347261,0.5488835525179528,-15.053750219258175,76.34284128547152,0.8436818760597776,21.363771877337484
9,polyarchy_decline,Y_hog_power,HOG,exec_power,instr-popul_w9_trt-polyarchy_gapany_illibany_exclyr,polyarchy_decline,1169,399,-0.00403595830045242,0.8637130469626815,583,192,-0.01369079370971483,0.01446167765039083,0.3437943675247766,0.5157425526966187,0.5625367610077344,0.3592392070400282,14.7039691919066
9,polyarchy_decline,Y_hos_power_vdem,HOS (v2ex_hosw),exec_power_alt,instr-popul_w9_trt-polyarchy_gapany_illibany_exclyr,polyarchy_decline,1169,399,-0.00403595830045242,0.8637130469626815,1169,399,0.02473006702451526,0.03417698368988186,0.4693184995554094,-33.12015674998495,152.6643259930528,0.8282491935934181,20.660471971978343
9,polyarchy_decline,Y_hog_power_vdem,HOG (v2ex_hogw),exec_power_alt,instr-popul_w9_trt-polyarchy_gapany_illibany_exclyr,polyarchy_decline,1169,399,-0.00403595830045242,0.8637130469626815,1169,399,-0.00981562370605256,0.03288833287967049,0.7653573943489859,18.523841371777696,75.79955840715915,0.8069370889315806,20.82924518068445
10,backsliding_Nyr,Y_gdp_growth,PWT,growth,instr-popul_w10_trt-ert_gapany_illibany_exclyr,backsliding_Nyr,1347,248,0.01332062561373723,0.8342045859454522,1047,194,0.03464596847684584,0.03708999914645012,0.350249526881778,-12.639330639717748,48.09330443560584,0.7926981606286473,19.862452412031583
10,backsliding_Nyr,Y_gdp_growth_wb,World Bank,growth,instr-popul_w10_trt-ert_gapany_illibany_exclyr,backsliding_Nyr,1347,248,0.01332062561373723,0.8342045859454522,1080,205,0.02693127898215988,0.03429472985545566,0.4322840605401156,0.4177136676524258,5.511462489508647,0.9395861828301512,19.406406824904572
10,backsliding_Nyr,Y_gdp_growth_imf,IMF WEO,growth,instr-popul_w10_trt-ert_gapany_illibany_exclyr,backsliding_Nyr,1347,248,0.01332062561373723,0.8342045859454522,814,160,0.00466666355717934,0.03331823244437787,0.8886099303233541,0.08325244617095826,0.9719272333100896,0.9317390240040566,21.32226158240825
10,backsliding_Nyr,Y_inflation,"CPI, cumulative log",inflation,instr-popul_w10_trt-ert_gapany_illibany_exclyr,backsliding_Nyr,1347,248,0.01332062561373723,0.8342045859454522,972,185,0.5534081788198182,0.2729786757551713,0.04263229959873144,-3.19284643466883,267.6582211946978,0.990482405330956,16.613252654862915
10,backsliding_Nyr,Y_unemployment,Unemployment rate,unemployment,instr-popul_w10_trt-ert_gapany_illibany_exclyr,backsliding_Nyr,1347,248,0.01332062561373723,0.8342045859454522,731,183,0.2350389653096576,0.8234029187102054,0.7753007061362107,1.3448841017180873,16.658841836796288,0.9356559238275944,20.514222272585265
10,backsliding_Nyr,Y_trade_pct_gdp,Trade / GDP,trade,instr-popul_w10_trt-ert_gapany_illibany_exclyr,backsliding_Nyr,1347,248,0.01332062561373723,0.8342045859454522,967,187,-5.621486304488475,4.511818612922634,0.21278389915703605,74312.52674287622,1139648.3424593438,0.9480095529882576,18.05427294128868
10,backsliding_Nyr,Y_top10_share,Top-10% income share,top10,instr-popul_w10_trt-ert_gapany_illibany_exclyr,backsliding_Nyr,1347,248,0.01332062561373723,0.8342045859454522,993,192,0.1811116169511754,0.7151714530354891,0.8000810313605295,6.155036762233805,34.8440981134437,0.8597872212749772,23.158708591748223
10,backsliding_Nyr,Y_gini_disp,Disposable,gini,instr-popul_w10_trt-ert_gapany_illibany_exclyr,backsliding_Nyr,1347,248,0.01332062561373723,0.8342045859454522,815,156,0.9113842683951796,0.5492343337588371,0.09704078392333916,31.680310873801545,345.3691894660276,0.9269134927499344,26.775901254656013
10,backsliding_Nyr,Y_gini_mkt,Market,gini,instr-popul_w10_trt-ert_gapany_illibany_exclyr,backsliding_Nyr,1347,248,0.01332062561373723,0.8342045859454522,815,156,1.0966841424370777,0.5956115439781842,0.06558139314063535,21.435666244188244,193.70237970046023,0.9118836701368788,24.30670142255712
10,backsliding_Nyr,Y_debt,Debt / GDP,fiscal,instr-popul_w10_trt-ert_gapany_illibany_exclyr,backsliding_Nyr,1347,248,0.01332062561373723,0.8342045859454522,1041,199,-4.770559379275225,15.19015631893975,0.7534785245818262,-886.9661148270397,5490.964928416603,0.8716744718823911,26.046974714053007
10,backsliding_Nyr,Y_deficit,Deficit / GDP,fiscal,instr-popul_w10_trt-ert_gapany_illibany_exclyr,backsliding_Nyr,1347,248,0.01332062561373723,0.8342045859454522,892,174,0.5354265386438558,1.1927275330397196,0.6534970526768533,-280.76108475055355,992.7140475069424,0.7773135110878946,26.61763440899521
10,backsliding_Nyr,Y_checks_balances,Checks & balances,institutions,instr-popul_w10_trt-ert_gapany_illibany_exclyr,backsliding_Nyr,1347,248,0.01332062561373723,0.8342045859454522,1103,217,0.00506750737784064,0.02556545855033633,0.8428753215542744,0.01575805408390344,1.2505141795812862,0.989945915428957,21.04962578276672
10,backsliding_Nyr,Y_jucon,Judicial constraints,institutions,instr-popul_w10_trt-ert_gapany_illibany_exclyr,backsliding_Nyr,1347,248,0.01332062561373723,0.8342045859454522,1133,219,-0.01688699695468818,0.02918985951354611,0.5629112619710678,36.574869887661784,153.6768586288403,0.8118822169838258,23.564949577434675
10,backsliding_Nyr,Y_legcon,Legislative constraints,institutions,instr-popul_w10_trt-ert_gapany_illibany_exclyr,backsliding_Nyr,1347,248,0.01332062561373723,0.8342045859454522,1103,217,0.0126605327347104,0.03003215371883534,0.6733418805986884,0.13314142916535082,1.9280814603504512,0.944946763411418,20.682576420323333
10,backsliding_Nyr,Y_hos_power,HOS,exec_power,instr-popul_w10_trt-ert_gapany_illibany_exclyr,backsliding_Nyr,1347,248,0.01332062561373723,0.8342045859454522,1133,219,0.02271615204359662,0.01934703403155905,0.24033842598177124,-0.1664193755809391,9.494755739478574,0.986015790659464,19.54025863047004
10,backsliding_Nyr,Y_hog_power,HOG,exec_power,instr-popul_w10_trt-ert_gapany_illibany_exclyr,backsliding_Nyr,1347,248,0.01332062561373723,0.8342045859454522,566,122,-0.01782371866502908,0.01590780643263391,0.26252694934392057,0.5647152547631364,0.9641787116539742,0.5580800734975477,26.224055096341743
10,backsliding_Nyr,Y_hos_power_vdem,HOS (v2ex_hosw),exec_power_alt,instr-popul_w10_trt-ert_gapany_illibany_exclyr,backsliding_Nyr,1347,248,0.01332062561373723,0.8342045859454522,1133,219,0.02802619837503666,0.03420842373333569,0.4126279983242071,0.460246539343771,7.224918649331673,0.9492069863360808,17.095144360827657
10,backsliding_Nyr,Y_hog_power_vdem,HOG (v2ex_hogw),exec_power_alt,instr-popul_w10_trt-ert_gapany_illibany_exclyr,backsliding_Nyr,1347,248,0.01332062561373723,0.8342045859454522,1133,219,-0.01387689365378834,0.03251736606495657,0.6695590158125777,-0.3418452985702135,3.2521022300375817,0.9162844172398688,17.241070374446956
10,backsliding_union_Nyr,Y_gdp_growth,PWT,growth,instr-popul_w10_trt-ertOrDdcg_gapany_illibany_exclyr,backsliding_union_Nyr,1347,273,0.03181779300710449,0.6333737233691089,1047,219,0.03464596847684584,0.03708999914645012,0.350249526881778,-2.465244276074517,23.901436212931088,0.9178501938047062,19.37937630526549
10,backsliding_union_Nyr,Y_gdp_growth_wb,World Bank,growth,instr-popul_w10_trt-ertOrDdcg_gapany_illibany_exclyr,backsliding_union_Nyr,1347,273,0.03181779300710449,0.6333737233691089,1080,229,0.02693127898215988,0.03429472985545566,0.4322840605401156,0.39923956013754575,2.401655839589363,0.8679719177705143,18.894062582218233
10,backsliding_union_Nyr,Y_gdp_growth_imf,IMF WEO,growth,instr-popul_w10_trt-ertOrDdcg_gapany_illibany_exclyr,backsliding_union_Nyr,1347,273,0.03181779300710449,0.6333737233691089,814,174,0.00466666355717934,0.03331823244437787,0.8886099303233541,-0.13710549375090408,2.8795169383455788,0.9620238260707856,21.279143523572163
10,backsliding_union_Nyr,Y_inflation,"CPI, cumulative log",inflation,instr-popul_w10_trt-ertOrDdcg_gapany_illibany_exclyr,backsliding_union_Nyr,1347,273,0.03181779300710449,0.6333737233691089,972,201,0.5534081788198182,0.2729786757551713,0.04263229959873144,10.289228418593629,57.790588550689975,0.8586889524795885,17.999601947636737
10,backsliding_union_Nyr,Y_unemployment,Unemployment rate,unemployment,instr-popul_w10_trt-ertOrDdcg_gapany_illibany_exclyr,backsliding_union_Nyr,1347,273,0.03181779300710449,0.6333737233691089,731,199,0.2350389653096576,0.8234029187102054,0.7753007061362107,-0.4706419276569047,33.065984424074664,0.9886437601874646,20.56464903539073
10,backsliding_union_Nyr,Y_trade_pct_gdp,Trade / GDP,trade,instr-popul_w10_trt-ertOrDdcg_gapany_illibany_exclyr,backsliding_union_Nyr,1347,273,0.03181779300710449,0.6333737233691089,967,208,-5.621486304488475,4.511818612922634,0.21278389915703605,-187.0623383372232,1065.413208318074,0.8606260639327387,16.2586594478352
10,backsliding_union_Nyr,Y_top10_share,Top-10% income share,top10,instr-popul_w10_trt-ertOrDdcg_gapany_illibany_exclyr,backsliding_union_Nyr,1347,273,0.03181779300710449,0.6333737233691089,993,213,0.1811116169511754,0.7151714530354891,0.8000810313605295,-3.586839732669052,53.688400764526506,0.9467341830485354,16.96215645694985
10,backsliding_union_Nyr,Y_gini_disp,Disposable,gini,instr-popul_w10_trt-ertOrDdcg_gapany_illibany_exclyr,backsliding_union_Nyr,1347,273,0.03181779300710449,0.6333737233691089,815,168,0.9113842683951796,0.5492343337588371,0.09704078392333916,-63822.42008165975,459683.1274115978,0.8895765594247795,26.6151144304956
10,backsliding_union_Nyr,Y_gini_mkt,Market,gini,instr-popul_w10_trt-ertOrDdcg_gapany_illibany_exclyr,backsliding_union_Nyr,1347,273,0.03181779300710449,0.6333737233691089,815,168,1.0966841424370777,0.5956115439781842,0.06558139314063535,-694.2325065051783,6465.756127368732,0.91449492939643,24.886243056155035
10,backsliding_union_Nyr,Y_debt,Debt / GDP,fiscal,instr-popul_w10_trt-ertOrDdcg_gapany_illibany_exclyr,backsliding_union_Nyr,1347,273,0.03181779300710449,0.6333737233691089,1041,220,-4.770559379275225,15.19015631893975,0.7534785245818262,-78.64377329779492,386.4439979247086,0.8387393521108513,20.77591739086263
10,backsliding_union_Nyr,Y_deficit,Deficit / GDP,fiscal,instr-popul_w10_trt-ertOrDdcg_gapany_illibany_exclyr,backsliding_union_Nyr,1347,273,0.03181779300710449,0.6333737233691089,892,185,0.5354265386438558,1.1927275330397196,0.6534970526768533,-214.93796143115935,738.3748371310669,0.7709778992310302,22.78951123529965
10,backsliding_union_Nyr,Y_checks_balances,Checks & balances,institutions,instr-popul_w10_trt-ertOrDdcg_gapany_illibany_exclyr,backsliding_union_Nyr,1347,273,0.03181779300710449,0.6333737233691089,1103,236,0.00506750737784064,0.02556545855033633,0.8428753215542744,90.06179478585125,321.4701561641935,0.7793578182455979,19.51164011512588
10,backsliding_union_Nyr,Y_jucon,Judicial constraints,institutions,instr-popul_w10_trt-ertOrDdcg_gapany_illibany_exclyr,backsliding_union_Nyr,1347,273,0.03181779300710449,0.6333737233691089,1133,244,-0.01688699695468818,0.02918985951354611,0.5629112619710678,-0.26731867060335934,2.425818307464816,0.9122528895199882,19.146793430708417
10,backsliding_union_Nyr,Y_legcon,Legislative constraints,institutions,instr-popul_w10_trt-ertOrDdcg_gapany_illibany_exclyr,backsliding_union_Nyr,1347,273,0.03181779300710449,0.6333737233691089,1103,236,0.0126605327347104,0.03003215371883534,0.6733418805986884,-285980.05784819135,997527.2319968356,0.774350481480145,20.04831293777361
10,backsliding_union_Nyr,Y_hos_power,HOS,exec_power,instr-popul_w10_trt-ertOrDdcg_gapany_illibany_exclyr,backsliding_union_Nyr,1347,273,0.03181779300710449,0.6333737233691089,1133,244,0.02271615204359662,0.01934703403155905,0.24033842598177124,0.0349985336917491,2.883933995461045,0.990317356671412,21.48876352912318
10,backsliding_union_Nyr,Y_hog_power,HOG,exec_power,instr-popul_w10_trt-ertOrDdcg_gapany_illibany_exclyr,backsliding_union_Nyr,1347,273,0.03181779300710449,0.6333737233691089,566,135,-0.01782371866502908,0.01590780643263391,0.26252694934392057,0.3689451837441707,0.5541432738634553,0.5055428763950658,21.715502435201376
10,backsliding_union_Nyr,Y_hos_power_vdem,HOS (v2ex_hosw),exec_power_alt,instr-popul_w10_trt-ertOrDdcg_gapany_illibany_exclyr,backsliding_union_Nyr,1347,273,0.03181779300710449,0.6333737233691089,1133,244,0.02802619837503666,0.03420842373333569,0.4126279983242071,0.45128571770869885,2.6141299327036034,0.862939723120715,17.129741388354763
10,backsliding_union_Nyr,Y_hog_power_vdem,HOG (v2ex_hogw),exec_power_alt,instr-popul_w10_trt-ertOrDdcg_gapany_illibany_exclyr,backsliding_union_Nyr,1347,273,0.03181779300710449,0.6333737233691089,1133,244,-0.01387689365378834,0.03251736606495657,0.6695590158125777,-0.2674767620321955,1.434217510548443,0.8520553051720481,17.409783046422437
10,polyarchy_decline,Y_gdp_growth,PWT,growth,instr-popul_w10_trt-polyarchy_gapany_illibany_exclyr,polyarchy_decline,1133,388,-9.118038243334272e-4,0.9701707949816554,1047,328,0.03464596847684584,0.03708999914645012,0.350249526881778,-37.12480052013824,330.90600959374024,0.9106716670095794,24.35116653407329
10,polyarchy_decline,Y_gdp_growth_wb,World Bank,growth,instr-popul_w10_trt-polyarchy_gapany_illibany_exclyr,polyarchy_decline,1133,388,-9.118038243334272e-4,0.9701707949816554,1080,362,0.02693127898215988,0.03429472985545566,0.4322840605401156,2.6558676565434527,31.52272429064235,0.932855694511356,23.73246890431115
10,polyarchy_decline,Y_gdp_growth_imf,IMF WEO,growth,instr-popul_w10_trt-polyarchy_gapany_illibany_exclyr,polyarchy_decline,1133,388,-9.118038243334272e-4,0.9701707949816554,814,274,0.00466666355717934,0.03331823244437787,0.8886099303233541,-0.28346780845529324,1.7711766383681022,0.8728456958544686,18.52892588302138
10,polyarchy_decline,Y_inflation,"CPI, cumulative log",inflation,instr-popul_w10_trt-polyarchy_gapany_illibany_exclyr,polyarchy_decline,1133,388,-9.118038243334272e-4,0.9701707949816554,972,325,0.5534081788198182,0.2729786757551713,0.04263229959873144,19.52871754351908,83.44327906369314,0.8149571582746613,16.849565502614166
10,polyarchy_decline,Y_unemployment,Unemployment rate,unemployment,instr-popul_w10_trt-polyarchy_gapany_illibany_exclyr,polyarchy_decline,1133,388,-9.118038243334272e-4,0.9701707949816554,731,322,0.2350389653096576,0.8234029187102054,0.7753007061362107,-7.882505546301544,22.485406602976248,0.7259177552999416,22.003857515073243
10,polyarchy_decline,Y_trade_pct_gdp,Trade / GDP,trade,instr-popul_w10_trt-polyarchy_gapany_illibany_exclyr,polyarchy_decline,1133,388,-9.118038243334272e-4,0.9701707949816554,967,333,-5.621486304488475,4.511818612922634,0.21278389915703605,-433.0900915868472,2239.474210098357,0.8466541849407199,19.78463593599603
10,polyarchy_decline,Y_top10_share,Top-10% income share,top10,instr-popul_w10_trt-polyarchy_gapany_illibany_exclyr,polyarchy_decline,1133,388,-9.118038243334272e-4,0.9701707949816554,993,335,0.1811116169511754,0.7151714530354891,0.8000810313605295,-7.90980128812074,122.58411769673994,0.948551804640154,17.94450359508258
10,polyarchy_decline,Y_gini_disp,Disposable,gini,instr-popul_w10_trt-polyarchy_gapany_illibany_exclyr,polyarchy_decline,1133,388,-9.118038243334272e-4,0.9701707949816554,815,261,0.9113842683951796,0.5492343337588371,0.09704078392333916,-130.37146325179566,326.77648651135604,0.6899210629444271,20.909200887995723
10,polyarchy_decline,Y_gini_mkt,Market,gini,instr-popul_w10_trt-polyarchy_gapany_illibany_exclyr,polyarchy_decline,1133,388,-9.118038243334272e-4,0.9701707949816554,815,261,1.0966841424370777,0.5956115439781842,0.06558139314063535,-152.5934037829306,359.18630062265254,0.6709600225325474,20.02498507686312
10,polyarchy_decline,Y_debt,Debt / GDP,fiscal,instr-popul_w10_trt-polyarchy_gapany_illibany_exclyr,polyarchy_decline,1133,388,-9.118038243334272e-4,0.9701707949816554,1041,352,-4.770559379275225,15.19015631893975,0.7534785245818262,-392.9443545984672,2163.0246522163125,0.8558461859116453,21.004852416266495
10,polyarchy_decline,Y_deficit,Deficit / GDP,fiscal,instr-popul_w10_trt-polyarchy_gapany_illibany_exclyr,polyarchy_decline,1133,388,-9.118038243334272e-4,0.9701707949816554,892,311,0.5354265386438558,1.1927275330397196,0.6534970526768533,-89.61741598997489,183.43326099441376,0.6251560866645063,17.030368090487755
10,polyarchy_decline,Y_checks_balances,Checks & balances,institutions,instr-popul_w10_trt-polyarchy_gapany_illibany_exclyr,polyarchy_decline,1133,388,-9.118038243334272e-4,0.9701707949816554,1103,382,0.00506750737784064,0.02556545855033633,0.8428753215542744,-0.20883615709181483,2.1525175129657734,0.9227109145538313,22.718792040335043
10,polyarchy_decline,Y_jucon,Judicial constraints,institutions,instr-popul_w10_trt-polyarchy_gapany_illibany_exclyr,polyarchy_decline,1133,388,-9.118038243334272e-4,0.9701707949816554,1133,388,-0.01688699695468818,0.02918985951354611,0.5629112619710678,7.89228300122217,144.19531075425388,0.9563509517122134,22.021788325847492
10,polyarchy_decline,Y_legcon,Legislative constraints,institutions,instr-popul_w10_trt-polyarchy_gapany_illibany_exclyr,polyarchy_decline,1133,388,-9.118038243334272e-4,0.9701707949816554,1103,382,0.0126605327347104,0.03003215371883534,0.6733418805986884,-1.155140953290949,2.670300449572193,0.6653138306042814,21.32196925849916
10,polyarchy_decline,Y_hos_power,HOS,exec_power,instr-popul_w10_trt-polyarchy_gapany_illibany_exclyr,polyarchy_decline,1133,388,-9.118038243334272e-4,0.9701707949816554,1133,388,0.02271615204359662,0.01934703403155905,0.24033842598177124,-246.07686351723655,2072.949523778791,0.9055062505565998,23.47722815774225
10,polyarchy_decline,Y_hog_power,HOG,exec_power,instr-popul_w10_trt-polyarchy_gapany_illibany_exclyr,polyarchy_decline,1133,388,-9.118038243334272e-4,0.9701707949816554,566,188,-0.01782371866502908,0.01590780643263391,0.26252694934392057,0.5474729274495981,0.4755491901497009,0.24963206238055788,15.870762409302456
10,polyarchy_decline,Y_hos_power_vdem,HOS (v2ex_hosw),exec_power_alt,instr-popul_w10_trt-polyarchy_gapany_illibany_exclyr,polyarchy_decline,1133,388,-9.118038243334272e-4,0.9701707949816554,1133,388,0.02802619837503666,0.03420842373333569,0.4126279983242071,-8.370132709696389,31.20824666236896,0.788543378381678,25.779033989036947
10,polyarchy_decline,Y_hog_power_vdem,HOG (v2ex_hogw),exec_power_alt,instr-popul_w10_trt-polyarchy_gapany_illibany_exclyr,polyarchy_decline,1133,388,-9.118038243334272e-4,0.9701707949816554,1133,388,-0.01387689365378834,0.03251736606495657,0.6695590158125777,5.176541002880851,21.67704158500316,0.8112583996245649,25.52373724911506
