window,treatment_def,outcome,outcome_label,panel,spec,treatment,n_first_stage,n_first_stage_treated,first_stage_coef,first_stage_pval,n_outcome,n_outcome_treated,rd_estimate,rd_se,rd_pval,late_estimate,late_se,late_pval,bandwidth
1,backsliding_Nyr,Y_gdp_growth,PWT,growth,instr-econleft_w1_trt-ert_gapany_illibany_exclyr,backsliding_Nyr,1343,32,0.03306264832469638,0.1609151901836016,1305,31,-0.00431597297023653,0.01212167252145038,0.7217999411094183,0.03548515208824844,0.5079964509572921,0.9443105431867757,18.738024266396856
1,backsliding_Nyr,Y_gdp_growth_wb,World Bank,growth,instr-econleft_w1_trt-ert_gapany_illibany_exclyr,backsliding_Nyr,1343,32,0.03306264832469638,0.1609151901836016,1321,31,0.01250923429698492,0.01103680600813707,0.25704181237094254,0.40661902441368714,0.5412016596246432,0.45245632285643306,21.34897853289622
1,backsliding_Nyr,Y_gdp_growth_imf,IMF WEO,growth,instr-econleft_w1_trt-ert_gapany_illibany_exclyr,backsliding_Nyr,1343,32,0.03306264832469638,0.1609151901836016,1021,25,0.0119979126752153,0.01147605041248071,0.2958039371768292,1.476578334151665,2.166123027590851,0.4954484442293443,19.47045758568955
1,backsliding_Nyr,Y_inflation,"CPI, cumulative log",inflation,instr-econleft_w1_trt-ert_gapany_illibany_exclyr,backsliding_Nyr,1343,32,0.03306264832469638,0.1609151901836016,1217,29,0.00684051801429991,0.12196469345695513,0.9552732561567164,0.4600730431657898,3.944970467122302,0.9071590613561484,19.72111836509653
1,backsliding_Nyr,Y_unemployment,Unemployment rate,unemployment,instr-econleft_w1_trt-ert_gapany_illibany_exclyr,backsliding_Nyr,1343,32,0.03306264832469638,0.1609151901836016,935,28,0.02298357032078354,0.3189815472023002,0.9425597472327738,1.6506140850087094,8.768453948366847,0.8506849135322285,18.267258360493074
1,backsliding_Nyr,Y_trade_pct_gdp,Trade / GDP,trade,instr-econleft_w1_trt-ert_gapany_illibany_exclyr,backsliding_Nyr,1343,32,0.03306264832469638,0.1609151901836016,1189,27,-2.6196794073533782,1.8434194202956884,0.15528830983074626,-51.149143311476045,62.77485483196072,0.4151850536231143,12.629334115397617
1,backsliding_Nyr,Y_top10_share,Top-10% income share,top10,instr-econleft_w1_trt-ert_gapany_illibany_exclyr,backsliding_Nyr,1343,32,0.03306264832469638,0.1609151901836016,1235,29,-0.40908857799921416,0.3691916085934735,0.26783341971890334,-15.933235155603017,16.710063423963174,0.34033104759560473,27.528809905895205
1,backsliding_Nyr,Y_gini_disp,Disposable,gini,instr-econleft_w1_trt-ert_gapany_illibany_exclyr,backsliding_Nyr,1343,32,0.03306264832469638,0.1609151901836016,1079,27,0.07161594119031359,0.1439420050875363,0.6188130243898586,0.4708819023310245,4.17406974940254,0.9101802225658836,24.499758485063463
1,backsliding_Nyr,Y_gini_mkt,Market,gini,instr-econleft_w1_trt-ert_gapany_illibany_exclyr,backsliding_Nyr,1343,32,0.03306264832469638,0.1609151901836016,1079,27,0.14616561700811023,0.1381456938188074,0.2900307811339041,4.591641091716517,5.824113630741337,0.4304718164580114,20.210646585986023
1,backsliding_Nyr,Y_debt,Debt / GDP,fiscal,instr-econleft_w1_trt-ert_gapany_illibany_exclyr,backsliding_Nyr,1343,32,0.03306264832469638,0.1609151901836016,1285,31,-2.989881488687965,3.3666779707845356,0.374497381889104,-102.57589466019364,157.72268125732066,0.5154622813840564,17.237459045111688
1,backsliding_Nyr,Y_deficit,Deficit / GDP,fiscal,instr-econleft_w1_trt-ert_gapany_illibany_exclyr,backsliding_Nyr,1343,32,0.03306264832469638,0.1609151901836016,1137,27,0.5186327315554671,0.828892777071802,0.5315160697229274,17.913667991189396,32.6783757179807,0.5835675573569743,18.73212373302394
1,backsliding_Nyr,Y_checks_balances,Checks & balances,institutions,instr-econleft_w1_trt-ert_gapany_illibany_exclyr,backsliding_Nyr,1343,32,0.03306264832469638,0.1609151901836016,1317,31,0.00817917091552939,0.01106661568731042,0.4598553155004247,0.17433082256668625,0.4772819834394281,0.7149192023700168,17.142585615346793
1,backsliding_Nyr,Y_jucon,Judicial constraints,institutions,instr-econleft_w1_trt-ert_gapany_illibany_exclyr,backsliding_Nyr,1343,32,0.03306264832469638,0.1609151901836016,1341,31,0.00176910507377153,0.00971456639920905,0.8554975815787547,-0.224349963564175,0.4528305770615174,0.6202902159451269,14.322006552689002
1,backsliding_Nyr,Y_legcon,Legislative constraints,institutions,instr-econleft_w1_trt-ert_gapany_illibany_exclyr,backsliding_Nyr,1343,32,0.03306264832469638,0.1609151901836016,1317,31,0.01330321204972582,0.01509931741344414,0.3782922476335909,0.34466400798722857,0.7223275157935358,0.633249956087341,18.45640652270592
1,backsliding_Nyr,Y_hos_power,HOS,exec_power,instr-econleft_w1_trt-ert_gapany_illibany_exclyr,backsliding_Nyr,1343,32,0.03306264832469638,0.1609151901836016,1341,31,-0.00386390357122814,0.01017062490599984,0.7040135769566898,0.2178718400999388,0.44703095184107194,0.6259924008094239,16.458874582041346
1,backsliding_Nyr,Y_hog_power,HOG,exec_power,instr-econleft_w1_trt-ert_gapany_illibany_exclyr,backsliding_Nyr,1343,32,0.03306264832469638,0.1609151901836016,701,18,-0.02148559799302408,0.01002956096848189,0.03217520628987912,-0.6069572582414307,0.6033437505261585,0.31442079613510043,19.48514728979946
1,backsliding_Nyr,Y_hos_power_vdem,HOS (v2ex_hosw),exec_power_alt,instr-econleft_w1_trt-ert_gapany_illibany_exclyr,backsliding_Nyr,1343,32,0.03306264832469638,0.1609151901836016,1341,31,0.00231989620989644,0.02073407632196464,0.9109121396353388,0.04664280925746212,0.8616190829430675,0.956828476159028,14.571589016874013
1,backsliding_Nyr,Y_hog_power_vdem,HOG (v2ex_hogw),exec_power_alt,instr-econleft_w1_trt-ert_gapany_illibany_exclyr,backsliding_Nyr,1343,32,0.03306264832469638,0.1609151901836016,1341,31,-0.00761697589214958,0.01990157508095225,0.70191825201415,-0.3847974155444329,0.9017934349701496,0.6695961082927797,13.709533592931509
1,backsliding_union_Nyr,Y_gdp_growth,PWT,growth,instr-econleft_w1_trt-ertOrDdcg_gapany_illibany_exclyr,backsliding_union_Nyr,1343,42,0.02226144538186177,0.5113240430609545,1305,41,-0.00431597297023653,0.01212167252145038,0.7217999411094183,-0.15252472668832062,0.7128330860058483,0.830570636502311,20.33060746773426
1,backsliding_union_Nyr,Y_gdp_growth_wb,World Bank,growth,instr-econleft_w1_trt-ertOrDdcg_gapany_illibany_exclyr,backsliding_union_Nyr,1343,42,0.02226144538186177,0.5113240430609545,1321,41,0.01250923429698492,0.01103680600813707,0.25704181237094254,0.5456616230043809,1.081178586748198,0.613775544875054,22.008489636642057
1,backsliding_union_Nyr,Y_gdp_growth_imf,IMF WEO,growth,instr-econleft_w1_trt-ertOrDdcg_gapany_illibany_exclyr,backsliding_union_Nyr,1343,42,0.02226144538186177,0.5113240430609545,1021,31,0.0119979126752153,0.01147605041248071,0.2958039371768292,0.4605365883067667,0.5607112973020058,0.4114506274025227,20.185325750140375
1,backsliding_union_Nyr,Y_inflation,"CPI, cumulative log",inflation,instr-econleft_w1_trt-ertOrDdcg_gapany_illibany_exclyr,backsliding_union_Nyr,1343,42,0.02226144538186177,0.5113240430609545,1217,37,0.00684051801429991,0.12196469345695513,0.9552732561567164,1.05063302127792,9.91836799376978,0.9156394673432502,17.99129977453032
1,backsliding_union_Nyr,Y_unemployment,Unemployment rate,unemployment,instr-econleft_w1_trt-ertOrDdcg_gapany_illibany_exclyr,backsliding_union_Nyr,1343,42,0.02226144538186177,0.5113240430609545,935,33,0.02298357032078354,0.3189815472023002,0.9425597472327738,2.8259794625363845,5.445065186136375,0.6037619411439383,21.413059692723635
1,backsliding_union_Nyr,Y_trade_pct_gdp,Trade / GDP,trade,instr-econleft_w1_trt-ertOrDdcg_gapany_illibany_exclyr,backsliding_union_Nyr,1343,42,0.02226144538186177,0.5113240430609545,1189,35,-2.6196794073533782,1.8434194202956884,0.15528830983074626,-101.05901051137246,155.65817241836402,0.5161853423397889,18.331273786941715
1,backsliding_union_Nyr,Y_top10_share,Top-10% income share,top10,instr-econleft_w1_trt-ertOrDdcg_gapany_illibany_exclyr,backsliding_union_Nyr,1343,42,0.02226144538186177,0.5113240430609545,1235,37,-0.40908857799921416,0.3691916085934735,0.26783341971890334,-7.351220874578142,8.946118265095,0.4112352190837544,20.84158105019236
1,backsliding_union_Nyr,Y_gini_disp,Disposable,gini,instr-econleft_w1_trt-ertOrDdcg_gapany_illibany_exclyr,backsliding_union_Nyr,1343,42,0.02226144538186177,0.5113240430609545,1079,32,0.07161594119031359,0.1439420050875363,0.6188130243898586,0.8362076659758477,2.765724287727218,0.7623877666216909,22.696424502204067
1,backsliding_union_Nyr,Y_gini_mkt,Market,gini,instr-econleft_w1_trt-ertOrDdcg_gapany_illibany_exclyr,backsliding_union_Nyr,1343,42,0.02226144538186177,0.5113240430609545,1079,32,0.14616561700811023,0.1381456938188074,0.2900307811339041,2.625636989165386,3.2122330316410763,0.41370739706933,22.844387314368245
1,backsliding_union_Nyr,Y_debt,Debt / GDP,fiscal,instr-econleft_w1_trt-ertOrDdcg_gapany_illibany_exclyr,backsliding_union_Nyr,1343,42,0.02226144538186177,0.5113240430609545,1285,41,-2.989881488687965,3.3666779707845356,0.374497381889104,-2515.6943552822095,13277.112944666163,0.8497197575320138,14.833634289380951
1,backsliding_union_Nyr,Y_deficit,Deficit / GDP,fiscal,instr-econleft_w1_trt-ertOrDdcg_gapany_illibany_exclyr,backsliding_union_Nyr,1343,42,0.02226144538186177,0.5113240430609545,1137,30,0.5186327315554671,0.828892777071802,0.5315160697229274,10.61616935606694,21.881220648790094,0.6275538957047044,18.218724513725395
1,backsliding_union_Nyr,Y_checks_balances,Checks & balances,institutions,instr-econleft_w1_trt-ertOrDdcg_gapany_illibany_exclyr,backsliding_union_Nyr,1343,42,0.02226144538186177,0.5113240430609545,1317,38,0.00817917091552939,0.01106661568731042,0.4598553155004247,0.5200029935774093,2.031263716531152,0.7979510341717551,17.854478022239725
1,backsliding_union_Nyr,Y_jucon,Judicial constraints,institutions,instr-econleft_w1_trt-ertOrDdcg_gapany_illibany_exclyr,backsliding_union_Nyr,1343,42,0.02226144538186177,0.5113240430609545,1341,41,0.00176910507377153,0.00971456639920905,0.8554975815787547,-0.1292813175431894,1.028683110003126,0.8999879856504669,17.201622303164346
1,backsliding_union_Nyr,Y_legcon,Legislative constraints,institutions,instr-econleft_w1_trt-ertOrDdcg_gapany_illibany_exclyr,backsliding_union_Nyr,1343,42,0.02226144538186177,0.5113240430609545,1317,38,0.01330321204972582,0.01509931741344414,0.3782922476335909,0.7837944444698915,1.6419797160051952,0.6331148950168374,21.994501549463465
1,backsliding_union_Nyr,Y_hos_power,HOS,exec_power,instr-econleft_w1_trt-ertOrDdcg_gapany_illibany_exclyr,backsliding_union_Nyr,1343,42,0.02226144538186177,0.5113240430609545,1341,41,-0.00386390357122814,0.01017062490599984,0.7040135769566898,0.6667480420633902,1.5094153639426713,0.658687478022746,16.89933153951989
1,backsliding_union_Nyr,Y_hog_power,HOG,exec_power,instr-econleft_w1_trt-ertOrDdcg_gapany_illibany_exclyr,backsliding_union_Nyr,1343,42,0.02226144538186177,0.5113240430609545,701,23,-0.02148559799302408,0.01002956096848189,0.03217520628987912,-0.3287431523722574,0.27643768301503036,0.23435605081237776,14.672788444676168
1,backsliding_union_Nyr,Y_hos_power_vdem,HOS (v2ex_hosw),exec_power_alt,instr-econleft_w1_trt-ertOrDdcg_gapany_illibany_exclyr,backsliding_union_Nyr,1343,42,0.02226144538186177,0.5113240430609545,1341,41,0.00231989620989644,0.02073407632196464,0.9109121396353388,0.8834415073871699,3.1218410089978725,0.7771865357539786,16.14261924867802
1,backsliding_union_Nyr,Y_hog_power_vdem,HOG (v2ex_hogw),exec_power_alt,instr-econleft_w1_trt-ertOrDdcg_gapany_illibany_exclyr,backsliding_union_Nyr,1343,42,0.02226144538186177,0.5113240430609545,1341,41,-0.00761697589214958,0.01990157508095225,0.70191825201415,-13.230130394644616,41.72576514452408,0.7511879048896611,14.737934671238014
1,polyarchy_decline,Y_gdp_growth,PWT,growth,instr-econleft_w1_trt-polyarchy_gapany_illibany_exclyr,polyarchy_decline,1341,511,-0.00543316961993609,0.6645268305232358,1305,494,-0.00431597297023653,0.01212167252145038,0.7217999411094183,1.1644210896022411,3.783081874646646,0.7582368371183557,21.106444656567493
1,polyarchy_decline,Y_gdp_growth_wb,World Bank,growth,instr-econleft_w1_trt-polyarchy_gapany_illibany_exclyr,polyarchy_decline,1341,511,-0.00543316961993609,0.6645268305232358,1321,507,0.01250923429698492,0.01103680600813707,0.25704181237094254,-2.0448214677228314,4.412013473197023,0.6430298553101175,20.458400301603714
1,polyarchy_decline,Y_gdp_growth_imf,IMF WEO,growth,instr-econleft_w1_trt-polyarchy_gapany_illibany_exclyr,polyarchy_decline,1341,511,-0.00543316961993609,0.6645268305232358,1021,401,0.0119979126752153,0.01147605041248071,0.2958039371768292,-2.155616367200242,3.832055930491942,0.5737603119147813,20.60374314899716
1,polyarchy_decline,Y_inflation,"CPI, cumulative log",inflation,instr-econleft_w1_trt-polyarchy_gapany_illibany_exclyr,polyarchy_decline,1341,511,-0.00543316961993609,0.6645268305232358,1217,475,0.00684051801429991,0.12196469345695513,0.9552732561567164,-1.0134142184966906,19.320234467650096,0.9581673335521144,15.665614304554747
1,polyarchy_decline,Y_unemployment,Unemployment rate,unemployment,instr-econleft_w1_trt-polyarchy_gapany_illibany_exclyr,polyarchy_decline,1341,511,-0.00543316961993609,0.6645268305232358,935,403,0.02298357032078354,0.3189815472023002,0.9425597472327738,-19.11913119530189,32.03030196578378,0.550569062007945,23.344106253038383
1,polyarchy_decline,Y_trade_pct_gdp,Trade / GDP,trade,instr-econleft_w1_trt-polyarchy_gapany_illibany_exclyr,polyarchy_decline,1341,511,-0.00543316961993609,0.6645268305232358,1189,457,-2.6196794073533782,1.8434194202956884,0.15528830983074626,308.71497113137514,430.24907911087894,0.4730494985961965,18.154913574217566
1,polyarchy_decline,Y_top10_share,Top-10% income share,top10,instr-econleft_w1_trt-polyarchy_gapany_illibany_exclyr,polyarchy_decline,1341,511,-0.00543316961993609,0.6645268305232358,1235,477,-0.40908857799921416,0.3691916085934735,0.26783341971890334,126.77015033980534,240.4769550345575,0.5980815631504973,19.26297249208022
1,polyarchy_decline,Y_gini_disp,Disposable,gini,instr-econleft_w1_trt-polyarchy_gapany_illibany_exclyr,polyarchy_decline,1341,511,-0.00543316961993609,0.6645268305232358,1079,421,0.07161594119031359,0.1439420050875363,0.6188130243898586,-15.01372946881638,32.5127287720076,0.6442390598905936,17.601774565207357
1,polyarchy_decline,Y_gini_mkt,Market,gini,instr-econleft_w1_trt-polyarchy_gapany_illibany_exclyr,polyarchy_decline,1341,511,-0.00543316961993609,0.6645268305232358,1079,421,0.14616561700811023,0.1381456938188074,0.2900307811339041,-27.336659229981244,54.272667924584844,0.6144784709936881,18.294944502726107
1,polyarchy_decline,Y_debt,Debt / GDP,fiscal,instr-econleft_w1_trt-polyarchy_gapany_illibany_exclyr,polyarchy_decline,1341,511,-0.00543316961993609,0.6645268305232358,1285,503,-2.989881488687965,3.3666779707845356,0.374497381889104,379.4684352808811,766.6702306924109,0.620630807249847,15.575092510725897
1,polyarchy_decline,Y_deficit,Deficit / GDP,fiscal,instr-econleft_w1_trt-polyarchy_gapany_illibany_exclyr,polyarchy_decline,1341,511,-0.00543316961993609,0.6645268305232358,1137,452,0.5186327315554671,0.828892777071802,0.5315160697229274,-334.3575936364459,823.0337507867257,0.6845588011985557,20.89284931226808
1,polyarchy_decline,Y_checks_balances,Checks & balances,institutions,instr-econleft_w1_trt-polyarchy_gapany_illibany_exclyr,polyarchy_decline,1341,511,-0.00543316961993609,0.6645268305232358,1317,510,0.00817917091552939,0.01106661568731042,0.4598553155004247,-1.2909471380033013,1.402837361168485,0.3574473240827356,22.674422331175027
1,polyarchy_decline,Y_jucon,Judicial constraints,institutions,instr-econleft_w1_trt-polyarchy_gapany_illibany_exclyr,polyarchy_decline,1341,511,-0.00543316961993609,0.6645268305232358,1341,511,0.00176910507377153,0.00971456639920905,0.8554975815787547,-0.618740540685462,1.668616596365442,0.7107786863058179,20.83366650281516
1,polyarchy_decline,Y_legcon,Legislative constraints,institutions,instr-econleft_w1_trt-polyarchy_gapany_illibany_exclyr,polyarchy_decline,1341,511,-0.00543316961993609,0.6645268305232358,1317,510,0.01330321204972582,0.01509931741344414,0.3782922476335909,-1.6509441616457738,2.0436071082694207,0.4191723851771534,23.48700743047765
1,polyarchy_decline,Y_hos_power,HOS,exec_power,instr-econleft_w1_trt-polyarchy_gapany_illibany_exclyr,polyarchy_decline,1341,511,-0.00543316961993609,0.6645268305232358,1341,511,-0.00386390357122814,0.01017062490599984,0.7040135769566898,-0.5745790526998219,2.000348641004843,0.7739289781510871,17.818199237894635
1,polyarchy_decline,Y_hog_power,HOG,exec_power,instr-econleft_w1_trt-polyarchy_gapany_illibany_exclyr,polyarchy_decline,1341,511,-0.00543316961993609,0.6645268305232358,701,265,-0.02148559799302408,0.01002956096848189,0.03217520628987912,45.60243816766992,241.313049604224,0.8501114214721496,16.475033706511297
1,polyarchy_decline,Y_hos_power_vdem,HOS (v2ex_hosw),exec_power_alt,instr-econleft_w1_trt-polyarchy_gapany_illibany_exclyr,polyarchy_decline,1341,511,-0.00543316961993609,0.6645268305232358,1341,511,0.00231989620989644,0.02073407632196464,0.9109121396353388,-1.1427440810163498,3.406508862281158,0.7372788624952136,16.25967573207576
1,polyarchy_decline,Y_hog_power_vdem,HOG (v2ex_hogw),exec_power_alt,instr-econleft_w1_trt-polyarchy_gapany_illibany_exclyr,polyarchy_decline,1341,511,-0.00543316961993609,0.6645268305232358,1341,511,-0.00761697589214958,0.01990157508095225,0.70191825201415,2.576915258405284,5.654727483836586,0.6485986067868077,14.714185893561272
2,backsliding_Nyr,Y_gdp_growth,PWT,growth,instr-econleft_w2_trt-ert_gapany_illibany_exclyr,backsliding_Nyr,1343,55,0.00887923714717958,0.7949492973736851,1293,53,-0.01177651762997978,0.01536126032146518,0.44329709545489415,0.16467925223707852,1.10495357711064,0.8815242329960045,17.101244503953914
2,backsliding_Nyr,Y_gdp_growth_wb,World Bank,growth,instr-econleft_w2_trt-ert_gapany_illibany_exclyr,backsliding_Nyr,1343,55,0.00887923714717958,0.7949492973736851,1300,54,0.00945454315297146,0.01318148742564116,0.4732141757858744,2.579952659180196,16.599463284750524,0.8764871750895014,17.68218930475105
2,backsliding_Nyr,Y_gdp_growth_imf,IMF WEO,growth,instr-econleft_w2_trt-ert_gapany_illibany_exclyr,backsliding_Nyr,1343,55,0.00887923714717958,0.7949492973736851,1003,45,0.00521556257597112,0.01465469194778433,0.7219176169169037,-2.4381197557439447,12.66441020822354,0.8473369130142371,17.683305578483246
2,backsliding_Nyr,Y_inflation,"CPI, cumulative log",inflation,instr-econleft_w2_trt-ert_gapany_illibany_exclyr,backsliding_Nyr,1343,55,0.00887923714717958,0.7949492973736851,1194,50,0.01068599674928716,0.13087064600563983,0.9349225574988652,1.6182024997040505,18.83861314448581,0.93154736182249,19.879538932714684
2,backsliding_Nyr,Y_unemployment,Unemployment rate,unemployment,instr-econleft_w2_trt-ert_gapany_illibany_exclyr,backsliding_Nyr,1343,55,0.00887923714717958,0.7949492973736851,935,47,0.4464400148643969,0.5037902221829128,0.3755299549318918,16.691390707785377,74.14089562505924,0.8218776095266864,16.813389333752887
2,backsliding_Nyr,Y_trade_pct_gdp,Trade / GDP,trade,instr-econleft_w2_trt-ert_gapany_illibany_exclyr,backsliding_Nyr,1343,55,0.00887923714717958,0.7949492973736851,1171,49,-3.1429385109907506,2.0429908862302786,0.12395068298994986,-149.4725722002051,333.6460903533464,0.6541550920637862,15.996730032634858
2,backsliding_Nyr,Y_top10_share,Top-10% income share,top10,instr-econleft_w2_trt-ert_gapany_illibany_exclyr,backsliding_Nyr,1343,55,0.00887923714717958,0.7949492973736851,1214,49,-0.5789879342558839,0.4567336277729764,0.20491549680892615,-52.116229295514565,172.19909778470483,0.7621558430015792,17.981883207598468
2,backsliding_Nyr,Y_gini_disp,Disposable,gini,instr-econleft_w2_trt-ert_gapany_illibany_exclyr,backsliding_Nyr,1343,55,0.00887923714717958,0.7949492973736851,1055,43,0.05262068618467958,0.1923646674663287,0.7844331342671167,2.3501805382657324,7.800575537364987,0.7631987286182924,17.47926917077888
2,backsliding_Nyr,Y_gini_mkt,Market,gini,instr-econleft_w2_trt-ert_gapany_illibany_exclyr,backsliding_Nyr,1343,55,0.00887923714717958,0.7949492973736851,1055,43,0.18351282478262904,0.19533485472019124,0.34748531372255204,7.664213391389335,12.48531100024588,0.5393088830172339,18.094299909056257
2,backsliding_Nyr,Y_debt,Debt / GDP,fiscal,instr-econleft_w2_trt-ert_gapany_illibany_exclyr,backsliding_Nyr,1343,55,0.00887923714717958,0.7949492973736851,1264,52,-3.0507702187715156,4.412031598600134,0.4892726864394977,-322.71797811597946,5438.865152025981,0.9526848574628364,16.065694978285205
2,backsliding_Nyr,Y_deficit,Deficit / GDP,fiscal,instr-econleft_w2_trt-ert_gapany_illibany_exclyr,backsliding_Nyr,1343,55,0.00887923714717958,0.7949492973736851,1117,47,0.8764908629950133,0.8890109701680701,0.32417393542748574,-193.3485556113879,8978.45422089106,0.9828191021771754,15.110458809535428
2,backsliding_Nyr,Y_checks_balances,Checks & balances,institutions,instr-econleft_w2_trt-ert_gapany_illibany_exclyr,backsliding_Nyr,1343,55,0.00887923714717958,0.7949492973736851,1314,51,8.834612511305837e-5,0.01262844580728439,0.9944182019437704,-1.3619844256564009,3.585866836217112,0.7040789349335734,14.70371659752134
2,backsliding_Nyr,Y_jucon,Judicial constraints,institutions,instr-econleft_w2_trt-ert_gapany_illibany_exclyr,backsliding_Nyr,1343,55,0.00887923714717958,0.7949492973736851,1341,54,0.00622007887176653,0.01500919821826258,0.6785681568530237,-0.22965351322265087,4.90148498255795,0.962629698475994,15.072048274615751
2,backsliding_Nyr,Y_legcon,Legislative constraints,institutions,instr-econleft_w2_trt-ert_gapany_illibany_exclyr,backsliding_Nyr,1343,55,0.00887923714717958,0.7949492973736851,1314,51,0.01055710841836208,0.01710070896103037,0.5370044437754831,0.3144639949967592,3.849748242214758,0.9348977624572966,15.76806428281143
2,backsliding_Nyr,Y_hos_power,HOS,exec_power,instr-econleft_w2_trt-ert_gapany_illibany_exclyr,backsliding_Nyr,1343,55,0.00887923714717958,0.7949492973736851,1341,54,0.00273356106477492,0.01061893181199414,0.7968519747326916,3.0813089606244732,22.02156367679148,0.8887213415288556,13.959177121903345
2,backsliding_Nyr,Y_hog_power,HOG,exec_power,instr-econleft_w2_trt-ert_gapany_illibany_exclyr,backsliding_Nyr,1343,55,0.00887923714717958,0.7949492973736851,696,33,-0.02366041116711836,0.01281754201669676,0.06490094440726268,-1.0040306066681153,2.62198910374891,0.7017738389615276,19.58758790341233
2,backsliding_Nyr,Y_hos_power_vdem,HOS (v2ex_hosw),exec_power_alt,instr-econleft_w2_trt-ert_gapany_illibany_exclyr,backsliding_Nyr,1343,55,0.00887923714717958,0.7949492973736851,1341,54,0.00143182942947136,0.02040534116111392,0.9440588730887504,-0.09170771904706582,4.344452985041499,0.9831585841667748,15.42618675248749
2,backsliding_Nyr,Y_hog_power_vdem,HOG (v2ex_hogw),exec_power_alt,instr-econleft_w2_trt-ert_gapany_illibany_exclyr,backsliding_Nyr,1343,55,0.00887923714717958,0.7949492973736851,1341,54,-0.00420415773142602,0.01976884062893618,0.8315875879891426,-0.45496510072077473,5.85135959184621,0.9380239439820134,14.898834345030783
2,backsliding_union_Nyr,Y_gdp_growth,PWT,growth,instr-econleft_w2_trt-ertOrDdcg_gapany_illibany_exclyr,backsliding_union_Nyr,1343,68,-0.01091238060164488,0.7973164298284645,1293,66,-0.01177651762997978,0.01536126032146518,0.44329709545489415,-1.6534988805810225,43.23632746702738,0.969493715455554,19.91928654618817
2,backsliding_union_Nyr,Y_gdp_growth_wb,World Bank,growth,instr-econleft_w2_trt-ertOrDdcg_gapany_illibany_exclyr,backsliding_union_Nyr,1343,68,-0.01091238060164488,0.7973164298284645,1300,67,0.00945454315297146,0.01318148742564116,0.4732141757858744,-1.335758282901908,5.98240053995657,0.8233165656189205,19.462968116638255
2,backsliding_union_Nyr,Y_gdp_growth_imf,IMF WEO,growth,instr-econleft_w2_trt-ertOrDdcg_gapany_illibany_exclyr,backsliding_union_Nyr,1343,68,-0.01091238060164488,0.7973164298284645,1003,53,0.00521556257597112,0.01465469194778433,0.7219176169169037,0.558761411752241,3.479991037893967,0.8724367811815841,21.89526711421595
2,backsliding_union_Nyr,Y_inflation,"CPI, cumulative log",inflation,instr-econleft_w2_trt-ertOrDdcg_gapany_illibany_exclyr,backsliding_union_Nyr,1343,68,-0.01091238060164488,0.7973164298284645,1194,58,0.01068599674928716,0.13087064600563983,0.9349225574988652,-1.6090157690899127,18.042250504631298,0.9289385131113423,20.04328468243186
2,backsliding_union_Nyr,Y_unemployment,Unemployment rate,unemployment,instr-econleft_w2_trt-ertOrDdcg_gapany_illibany_exclyr,backsliding_union_Nyr,1343,68,-0.01091238060164488,0.7973164298284645,935,55,0.4464400148643969,0.5037902221829128,0.3755299549318918,15.445625827703294,30.340407063829826,0.6106977347722065,21.6616054923034
2,backsliding_union_Nyr,Y_trade_pct_gdp,Trade / GDP,trade,instr-econleft_w2_trt-ertOrDdcg_gapany_illibany_exclyr,backsliding_union_Nyr,1343,68,-0.01091238060164488,0.7973164298284645,1171,59,-3.1429385109907506,2.0429908862302786,0.12395068298994986,-867.5138854955038,10854.87871855475,0.9363014707604036,19.50158156427631
2,backsliding_union_Nyr,Y_top10_share,Top-10% income share,top10,instr-econleft_w2_trt-ertOrDdcg_gapany_illibany_exclyr,backsliding_union_Nyr,1343,68,-0.01091238060164488,0.7973164298284645,1214,60,-0.5789879342558839,0.4567336277729764,0.20491549680892615,-19.759491971243467,38.58757303216458,0.60860286395372,19.589132354073858
2,backsliding_union_Nyr,Y_gini_disp,Disposable,gini,instr-econleft_w2_trt-ertOrDdcg_gapany_illibany_exclyr,backsliding_union_Nyr,1343,68,-0.01091238060164488,0.7973164298284645,1055,49,0.05262068618467958,0.1923646674663287,0.7844331342671167,1.502529804089024,4.699567996565322,0.749183190481387,18.85437187666496
2,backsliding_union_Nyr,Y_gini_mkt,Market,gini,instr-econleft_w2_trt-ertOrDdcg_gapany_illibany_exclyr,backsliding_union_Nyr,1343,68,-0.01091238060164488,0.7973164298284645,1055,49,0.18351282478262904,0.19533485472019124,0.34748531372255204,3.891207942898755,5.61522441613429,0.4883254861717738,20.53961792007484
2,backsliding_union_Nyr,Y_debt,Debt / GDP,fiscal,instr-econleft_w2_trt-ertOrDdcg_gapany_illibany_exclyr,backsliding_union_Nyr,1343,68,-0.01091238060164488,0.7973164298284645,1264,64,-3.0507702187715156,4.412031598600134,0.4892726864394977,216.76731086661405,1738.688158818482,0.9007825053990182,18.48532681929262
2,backsliding_union_Nyr,Y_deficit,Deficit / GDP,fiscal,instr-econleft_w2_trt-ertOrDdcg_gapany_illibany_exclyr,backsliding_union_Nyr,1343,68,-0.01091238060164488,0.7973164298284645,1117,52,0.8764908629950133,0.8890109701680701,0.32417393542748574,39.06929663511131,130.16567858683285,0.764062342173123,15.372765892431303
2,backsliding_union_Nyr,Y_checks_balances,Checks & balances,institutions,instr-econleft_w2_trt-ertOrDdcg_gapany_illibany_exclyr,backsliding_union_Nyr,1343,68,-0.01091238060164488,0.7973164298284645,1314,60,8.834612511305837e-5,0.01262844580728439,0.9944182019437704,-0.21040128994923224,0.7095969550759649,0.7668420335789159,17.686690504658852
2,backsliding_union_Nyr,Y_jucon,Judicial constraints,institutions,instr-econleft_w2_trt-ertOrDdcg_gapany_illibany_exclyr,backsliding_union_Nyr,1343,68,-0.01091238060164488,0.7973164298284645,1341,67,0.00622007887176653,0.01500919821826258,0.6785681568530237,-0.08881594005885449,1.019386007469229,0.9305706456632756,16.729566228091656
2,backsliding_union_Nyr,Y_legcon,Legislative constraints,institutions,instr-econleft_w2_trt-ertOrDdcg_gapany_illibany_exclyr,backsliding_union_Nyr,1343,68,-0.01091238060164488,0.7973164298284645,1314,60,0.01055710841836208,0.01710070896103037,0.5370044437754831,0.26721694903826443,1.2261719332310757,0.82748536817975,17.621538198816957
2,backsliding_union_Nyr,Y_hos_power,HOS,exec_power,instr-econleft_w2_trt-ertOrDdcg_gapany_illibany_exclyr,backsliding_union_Nyr,1343,68,-0.01091238060164488,0.7973164298284645,1341,67,0.00273356106477492,0.01061893181199414,0.7968519747326916,-0.666369072661763,1.9929124854967952,0.7381007814830847,16.962122798080056
2,backsliding_union_Nyr,Y_hog_power,HOG,exec_power,instr-econleft_w2_trt-ertOrDdcg_gapany_illibany_exclyr,backsliding_union_Nyr,1343,68,-0.01091238060164488,0.7973164298284645,696,38,-0.02366041116711836,0.01281754201669676,0.06490094440726268,-0.5877551853596518,1.172615357222057,0.6162061487530432,18.720643870733987
2,backsliding_union_Nyr,Y_hos_power_vdem,HOS (v2ex_hosw),exec_power_alt,instr-econleft_w2_trt-ertOrDdcg_gapany_illibany_exclyr,backsliding_union_Nyr,1343,68,-0.01091238060164488,0.7973164298284645,1341,67,0.00143182942947136,0.02040534116111392,0.9440588730887504,-0.4095828751884568,1.6222397152143433,0.800670170303456,17.627224341740867
2,backsliding_union_Nyr,Y_hog_power_vdem,HOG (v2ex_hogw),exec_power_alt,instr-econleft_w2_trt-ertOrDdcg_gapany_illibany_exclyr,backsliding_union_Nyr,1343,68,-0.01091238060164488,0.7973164298284645,1341,67,-0.00420415773142602,0.01976884062893618,0.8315875879891426,0.3848835805302069,1.5830246009917572,0.8079033169951894,16.63624509931723
2,polyarchy_decline,Y_gdp_growth,PWT,growth,instr-econleft_w2_trt-polyarchy_gapany_illibany_exclyr,polyarchy_decline,1341,512,-0.00730318998811624,0.6511980819132479,1293,490,-0.01177651762997978,0.01536126032146518,0.44329709545489415,1.4472528854953872,3.179337955467673,0.6489612316708427,23.351341643907865
2,polyarchy_decline,Y_gdp_growth_wb,World Bank,growth,instr-econleft_w2_trt-polyarchy_gapany_illibany_exclyr,polyarchy_decline,1341,512,-0.00730318998811624,0.6511980819132479,1300,494,0.00945454315297146,0.01318148742564116,0.4732141757858744,-0.9365324313861934,1.9191722872437351,0.6255585677811113,24.706413075000377
2,polyarchy_decline,Y_gdp_growth_imf,IMF WEO,growth,instr-econleft_w2_trt-polyarchy_gapany_illibany_exclyr,polyarchy_decline,1341,512,-0.00730318998811624,0.6511980819132479,1003,388,0.00521556257597112,0.01465469194778433,0.7219176169169037,1.7619259835125218,12.600985349031305,0.8887986861285342,18.86923369137019
2,polyarchy_decline,Y_inflation,"CPI, cumulative log",inflation,instr-econleft_w2_trt-polyarchy_gapany_illibany_exclyr,polyarchy_decline,1341,512,-0.00730318998811624,0.6511980819132479,1194,456,0.01068599674928716,0.13087064600563983,0.9349225574988652,-1.6954405094412262,29.66757986054331,0.9544273633505128,20.731880343584127
2,polyarchy_decline,Y_unemployment,Unemployment rate,unemployment,instr-econleft_w2_trt-polyarchy_gapany_illibany_exclyr,polyarchy_decline,1341,512,-0.00730318998811624,0.6511980819132479,935,412,0.4464400148643969,0.5037902221829128,0.3755299549318918,-282.9553769094877,882.7602665741942,0.7485629615810033,17.577321366862474
2,polyarchy_decline,Y_trade_pct_gdp,Trade / GDP,trade,instr-econleft_w2_trt-polyarchy_gapany_illibany_exclyr,polyarchy_decline,1341,512,-0.00730318998811624,0.6511980819132479,1171,448,-3.1429385109907506,2.0429908862302786,0.12395068298994986,449.3600149204475,811.5485089138416,0.5797794473791971,18.25483251085828
2,polyarchy_decline,Y_top10_share,Top-10% income share,top10,instr-econleft_w2_trt-polyarchy_gapany_illibany_exclyr,polyarchy_decline,1341,512,-0.00730318998811624,0.6511980819132479,1214,463,-0.5789879342558839,0.4567336277729764,0.20491549680892615,-48.81202798123725,168.8317313636856,0.7724922784806579,16.124725138832705
2,polyarchy_decline,Y_gini_disp,Disposable,gini,instr-econleft_w2_trt-polyarchy_gapany_illibany_exclyr,polyarchy_decline,1341,512,-0.00730318998811624,0.6511980819132479,1055,409,0.05262068618467958,0.1923646674663287,0.7844331342671167,-1056.0466877258978,7680.090913105091,0.8906320744573342,22.96005866351781
2,polyarchy_decline,Y_gini_mkt,Market,gini,instr-econleft_w2_trt-polyarchy_gapany_illibany_exclyr,polyarchy_decline,1341,512,-0.00730318998811624,0.6511980819132479,1055,409,0.18351282478262904,0.19533485472019124,0.34748531372255204,19.17320777410732,39.93214523579253,0.6311245076375479,16.078039324492444
2,polyarchy_decline,Y_debt,Debt / GDP,fiscal,instr-econleft_w2_trt-polyarchy_gapany_illibany_exclyr,polyarchy_decline,1341,512,-0.00730318998811624,0.6511980819132479,1264,489,-3.0507702187715156,4.412031598600134,0.4892726864394977,418.67676361682766,1222.7844810364431,0.7320527454425106,17.511559110714675
2,polyarchy_decline,Y_deficit,Deficit / GDP,fiscal,instr-econleft_w2_trt-polyarchy_gapany_illibany_exclyr,polyarchy_decline,1341,512,-0.00730318998811624,0.6511980819132479,1117,437,0.8764908629950133,0.8890109701680701,0.32417393542748574,81.69210754657978,202.0297424162183,0.6859503358331821,17.921484808284266
2,polyarchy_decline,Y_checks_balances,Checks & balances,institutions,instr-econleft_w2_trt-polyarchy_gapany_illibany_exclyr,polyarchy_decline,1341,512,-0.00730318998811624,0.6511980819132479,1314,506,8.834612511305837e-5,0.01262844580728439,0.9944182019437704,0.598799491777823,4.610894814014805,0.8966722684790135,20.431021094629298
2,polyarchy_decline,Y_jucon,Judicial constraints,institutions,instr-econleft_w2_trt-polyarchy_gapany_illibany_exclyr,polyarchy_decline,1341,512,-0.00730318998811624,0.6511980819132479,1341,512,0.00622007887176653,0.01500919821826258,0.6785681568530237,-0.46755821744013193,1.5806275758374428,0.7673786770542593,18.28421087232966
2,polyarchy_decline,Y_legcon,Legislative constraints,institutions,instr-econleft_w2_trt-polyarchy_gapany_illibany_exclyr,polyarchy_decline,1341,512,-0.00730318998811624,0.6511980819132479,1314,506,0.01055710841836208,0.01710070896103037,0.5370044437754831,1.9983196683845617,10.580785069974601,0.8502001298256876,19.444753009461596
2,polyarchy_decline,Y_hos_power,HOS,exec_power,instr-econleft_w2_trt-polyarchy_gapany_illibany_exclyr,polyarchy_decline,1341,512,-0.00730318998811624,0.6511980819132479,1341,512,0.00273356106477492,0.01061893181199414,0.7968519747326916,-1.2913675129930824,2.888989750825552,0.6548777854622494,17.732167616679366
2,polyarchy_decline,Y_hog_power,HOG,exec_power,instr-econleft_w2_trt-polyarchy_gapany_illibany_exclyr,polyarchy_decline,1341,512,-0.00730318998811624,0.6511980819132479,696,266,-0.02366041116711836,0.01281754201669676,0.06490094440726268,-2.304979567817145,9.304048793684991,0.8043360366349644,21.48092278476116
2,polyarchy_decline,Y_hos_power_vdem,HOS (v2ex_hosw),exec_power_alt,instr-econleft_w2_trt-polyarchy_gapany_illibany_exclyr,polyarchy_decline,1341,512,-0.00730318998811624,0.6511980819132479,1341,512,0.00143182942947136,0.02040534116111392,0.9440588730887504,-0.7236140516314175,2.367964260672003,0.7599207414641955,22.525982230820073
2,polyarchy_decline,Y_hog_power_vdem,HOG (v2ex_hogw),exec_power_alt,instr-econleft_w2_trt-polyarchy_gapany_illibany_exclyr,polyarchy_decline,1341,512,-0.00730318998811624,0.6511980819132479,1341,512,-0.00420415773142602,0.01976884062893618,0.8315875879891426,1.268601378969593,2.9971545976159164,0.6720993135942857,22.018713832076163
3,backsliding_Nyr,Y_gdp_growth,PWT,growth,instr-econleft_w3_trt-ert_gapany_illibany_exclyr,backsliding_Nyr,1343,86,0.0228220900618713,0.6054937834886701,1270,84,-0.00425747927215677,0.01838150901698645,0.8168351095195154,-0.07138720575353263,3.1281979769326846,0.9817934138731452,19.87723956289228
3,backsliding_Nyr,Y_gdp_growth_wb,World Bank,growth,instr-econleft_w3_trt-ert_gapany_illibany_exclyr,backsliding_Nyr,1343,86,0.0228220900618713,0.6054937834886701,1288,84,0.02116377074304083,0.01586235630731591,0.1821338795766998,-4.4904048222851545,25.060600372475054,0.8577949120126689,23.901217736896324
3,backsliding_Nyr,Y_gdp_growth_imf,IMF WEO,growth,instr-econleft_w3_trt-ert_gapany_illibany_exclyr,backsliding_Nyr,1343,86,0.0228220900618713,0.6054937834886701,992,70,0.01437240141711357,0.01766844894412575,0.4159600495672579,-3.604086070043155,24.081111993960413,0.8810293672158725,18.374474611221327
3,backsliding_Nyr,Y_inflation,"CPI, cumulative log",inflation,instr-econleft_w3_trt-ert_gapany_illibany_exclyr,backsliding_Nyr,1343,86,0.0228220900618713,0.6054937834886701,1182,77,0.0038530009176772,0.14316591878134763,0.9785292554410652,1.047347422978685,8.287898386564533,0.8994385035297162,25.027987137755453
3,backsliding_Nyr,Y_unemployment,Unemployment rate,unemployment,instr-econleft_w3_trt-ert_gapany_illibany_exclyr,backsliding_Nyr,1343,86,0.0228220900618713,0.6054937834886701,913,72,0.34011029665557224,0.5704794671347305,0.5510528212750022,-19.46575527769311,40.18701567734912,0.6281167636520495,21.32406133315677
3,backsliding_Nyr,Y_trade_pct_gdp,Trade / GDP,trade,instr-econleft_w3_trt-ert_gapany_illibany_exclyr,backsliding_Nyr,1343,86,0.0228220900618713,0.6054937834886701,1160,78,-3.047594057680947,2.424326349829392,0.20872139928394723,-72.70342013151372,256.75444813447484,0.7770517096732626,17.055880884337807
3,backsliding_Nyr,Y_top10_share,Top-10% income share,top10,instr-econleft_w3_trt-ert_gapany_illibany_exclyr,backsliding_Nyr,1343,86,0.0228220900618713,0.6054937834886701,1201,77,-0.7063362347488773,0.5308290273913631,0.18331127860587687,-8.041772872573134,61.8952268920341,0.8966253107747899,17.333883807017433
3,backsliding_Nyr,Y_gini_disp,Disposable,gini,instr-econleft_w3_trt-ert_gapany_illibany_exclyr,backsliding_Nyr,1343,86,0.0228220900618713,0.6054937834886701,1033,68,0.0641441645062634,0.23342193691350205,0.7834705029452738,2.3593287307485458,9.809427907589896,0.8099299158759578,21.39427360842488
3,backsliding_Nyr,Y_gini_mkt,Market,gini,instr-econleft_w3_trt-ert_gapany_illibany_exclyr,backsliding_Nyr,1343,86,0.0228220900618713,0.6054937834886701,1033,68,0.16060507402303395,0.2481772338842389,0.5175422286937472,7.268693214723454,31.525614097810212,0.817653007409027,23.571823162197216
3,backsliding_Nyr,Y_debt,Debt / GDP,fiscal,instr-econleft_w3_trt-ert_gapany_illibany_exclyr,backsliding_Nyr,1343,86,0.0228220900618713,0.6054937834886701,1253,81,-2.169895540530186,5.688795891345189,0.7028818401773468,-1.4101003724020416,565.3923643873261,0.9980100612940448,17.241753886435262
3,backsliding_Nyr,Y_deficit,Deficit / GDP,fiscal,instr-econleft_w3_trt-ert_gapany_illibany_exclyr,backsliding_Nyr,1343,86,0.0228220900618713,0.6054937834886701,1105,73,-0.22018936718631327,1.092730876752281,0.8403046990836768,-4.844311167294315,151.15096896810311,0.974432585424119,22.54712380191383
3,backsliding_Nyr,Y_checks_balances,Checks & balances,institutions,instr-econleft_w3_trt-ert_gapany_illibany_exclyr,backsliding_Nyr,1343,86,0.0228220900618713,0.6054937834886701,1287,76,-0.00428331554612126,0.01485052704370577,0.773018738589917,-0.3702162715304825,1.4278541290674986,0.7954179922556454,16.065673201298324
3,backsliding_Nyr,Y_jucon,Judicial constraints,institutions,instr-econleft_w3_trt-ert_gapany_illibany_exclyr,backsliding_Nyr,1343,86,0.0228220900618713,0.6054937834886701,1320,85,0.01172918217982413,0.01635371517586075,0.4732394703239197,-25.3089743773184,145.68004557382733,0.8620777670180533,19.748951667569187
3,backsliding_Nyr,Y_legcon,Legislative constraints,institutions,instr-econleft_w3_trt-ert_gapany_illibany_exclyr,backsliding_Nyr,1343,86,0.0228220900618713,0.6054937834886701,1287,76,0.01206875917712188,0.01930276343267877,0.5318169737572476,-0.18136114438106457,7.923832931925682,0.9817395665741172,18.335424232531043
3,backsliding_Nyr,Y_hos_power,HOS,exec_power,instr-econleft_w3_trt-ert_gapany_illibany_exclyr,backsliding_Nyr,1343,86,0.0228220900618713,0.6054937834886701,1320,85,0.01031429149431984,0.01269269907654775,0.416438203624744,-0.1306831197220606,5.274424596175079,0.980233033135952,16.294627697271597
3,backsliding_Nyr,Y_hog_power,HOG,exec_power,instr-econleft_w3_trt-ert_gapany_illibany_exclyr,backsliding_Nyr,1343,86,0.0228220900618713,0.6054937834886701,685,55,-0.02363782391526282,0.0122286770482011,0.05323830143094883,-0.29153663301261457,0.4582417135575942,0.5246414441956846,15.372186880235995
3,backsliding_Nyr,Y_hos_power_vdem,HOS (v2ex_hosw),exec_power_alt,instr-econleft_w3_trt-ert_gapany_illibany_exclyr,backsliding_Nyr,1343,86,0.0228220900618713,0.6054937834886701,1320,85,-0.00985220999930877,0.01582580124889037,0.5335861985737484,-0.06188075775851098,6.749417524878652,0.9926848488266488,16.493662234593042
3,backsliding_Nyr,Y_hog_power_vdem,HOG (v2ex_hogw),exec_power_alt,instr-econleft_w3_trt-ert_gapany_illibany_exclyr,backsliding_Nyr,1343,86,0.0228220900618713,0.6054937834886701,1320,85,0.00364899209838735,0.01693651420401636,0.8294155650263578,-0.29477035322895845,4.028057185034992,0.9416634486820564,17.37501255874061
3,backsliding_union_Nyr,Y_gdp_growth,PWT,growth,instr-econleft_w3_trt-ertOrDdcg_gapany_illibany_exclyr,backsliding_union_Nyr,1343,100,-8.807944383749378e-4,0.9860857391203188,1270,98,-0.00425747927215677,0.01838150901698645,0.8168351095195154,0.23027460704202063,1.1728076847777664,0.8443403539864566,23.57147756929517
3,backsliding_union_Nyr,Y_gdp_growth_wb,World Bank,growth,instr-econleft_w3_trt-ertOrDdcg_gapany_illibany_exclyr,backsliding_union_Nyr,1343,100,-8.807944383749378e-4,0.9860857391203188,1288,98,0.02116377074304083,0.01586235630731591,0.1821338795766998,-36.09944948081931,124.11223507039554,0.7711573791556001,19.0035975482799
3,backsliding_union_Nyr,Y_gdp_growth_imf,IMF WEO,growth,instr-econleft_w3_trt-ertOrDdcg_gapany_illibany_exclyr,backsliding_union_Nyr,1343,100,-8.807944383749378e-4,0.9860857391203188,992,79,0.01437240141711357,0.01766844894412575,0.4159600495672579,0.32288175199330377,1.482747075955325,0.8276167695519173,17.10485247857413
3,backsliding_union_Nyr,Y_inflation,"CPI, cumulative log",inflation,instr-econleft_w3_trt-ertOrDdcg_gapany_illibany_exclyr,backsliding_union_Nyr,1343,100,-8.807944383749378e-4,0.9860857391203188,1182,86,0.0038530009176772,0.14316591878134763,0.9785292554410652,-0.06404229816362328,11.99445364134857,0.9957398544624654,19.956533997289547
3,backsliding_union_Nyr,Y_unemployment,Unemployment rate,unemployment,instr-econleft_w3_trt-ertOrDdcg_gapany_illibany_exclyr,backsliding_union_Nyr,1343,100,-8.807944383749378e-4,0.9860857391203188,913,81,0.34011029665557224,0.5704794671347305,0.5510528212750022,-104.1137840404898,328.1400007490383,0.7510276265303744,21.24885407169103
3,backsliding_union_Nyr,Y_trade_pct_gdp,Trade / GDP,trade,instr-econleft_w3_trt-ertOrDdcg_gapany_illibany_exclyr,backsliding_union_Nyr,1343,100,-8.807944383749378e-4,0.9860857391203188,1160,89,-3.047594057680947,2.424326349829392,0.20872139928394723,28928.872899836893,157034.13395172713,0.8538406467402684,18.922199188261462
3,backsliding_union_Nyr,Y_top10_share,Top-10% income share,top10,instr-econleft_w3_trt-ertOrDdcg_gapany_illibany_exclyr,backsliding_union_Nyr,1343,100,-8.807944383749378e-4,0.9860857391203188,1201,89,-0.7063362347488773,0.5308290273913631,0.18331127860587687,-10.557936259947402,31.05992757502834,0.7339156671457671,17.823276412725253
3,backsliding_union_Nyr,Y_gini_disp,Disposable,gini,instr-econleft_w3_trt-ertOrDdcg_gapany_illibany_exclyr,backsliding_union_Nyr,1343,100,-8.807944383749378e-4,0.9860857391203188,1033,75,0.0641441645062634,0.23342193691350205,0.7834705029452738,1.2188385987480967,6.184806710642359,0.8437729189594108,22.405454643487897
3,backsliding_union_Nyr,Y_gini_mkt,Market,gini,instr-econleft_w3_trt-ertOrDdcg_gapany_illibany_exclyr,backsliding_union_Nyr,1343,100,-8.807944383749378e-4,0.9860857391203188,1033,75,0.16060507402303395,0.2481772338842389,0.5175422286937472,3.556905631154815,10.975738138143486,0.7458851648999826,24.426085777969824
3,backsliding_union_Nyr,Y_debt,Debt / GDP,fiscal,instr-econleft_w3_trt-ertOrDdcg_gapany_illibany_exclyr,backsliding_union_Nyr,1343,100,-8.807944383749378e-4,0.9860857391203188,1253,94,-2.169895540530186,5.688795891345189,0.7028818401773468,161.40519997547202,321.8079595038026,0.6159788118530287,26.314803845020812
3,backsliding_union_Nyr,Y_deficit,Deficit / GDP,fiscal,instr-econleft_w3_trt-ertOrDdcg_gapany_illibany_exclyr,backsliding_union_Nyr,1343,100,-8.807944383749378e-4,0.9860857391203188,1105,79,-0.22018936718631327,1.092730876752281,0.8403046990836768,-1.7496141354172128,59.740163840153016,0.97663564212627485,18.25602375379935
3,backsliding_union_Nyr,Y_checks_balances,Checks & balances,institutions,instr-econleft_w3_trt-ertOrDdcg_gapany_illibany_exclyr,backsliding_union_Nyr,1343,100,-8.807944383749378e-4,0.9860857391203188,1287,86,-0.00428331554612126,0.01485052704370577,0.773018738589917,0.00148502171799624,1.1335942068071692,0.9989547621580712,19.77545142793153
3,backsliding_union_Nyr,Y_jucon,Judicial constraints,institutions,instr-econleft_w3_trt-ertOrDdcg_gapany_illibany_exclyr,backsliding_union_Nyr,1343,100,-8.807944383749378e-4,0.9860857391203188,1320,99,0.01172918217982413,0.01635371517586075,0.4732394703239197,-0.2963305193443522,1.571441269173409,0.8504279324943518,17.365505558700022
3,backsliding_union_Nyr,Y_legcon,Legislative constraints,institutions,instr-econleft_w3_trt-ertOrDdcg_gapany_illibany_exclyr,backsliding_union_Nyr,1343,100,-8.807944383749378e-4,0.9860857391203188,1287,86,0.01206875917712188,0.01930276343267877,0.5318169737572476,0.6149559726408654,3.6072396078772737,0.8646340211888266,20.557772217282277
3,backsliding_union_Nyr,Y_hos_power,HOS,exec_power,instr-econleft_w3_trt-ertOrDdcg_gapany_illibany_exclyr,backsliding_union_Nyr,1343,100,-8.807944383749378e-4,0.9860857391203188,1320,99,0.01031429149431984,0.01269269907654775,0.416438203624744,-1.3844633211608763,3.2853541464050706,0.6734596671296874,17.584062977150833
3,backsliding_union_Nyr,Y_hog_power,HOG,exec_power,instr-econleft_w3_trt-ertOrDdcg_gapany_illibany_exclyr,backsliding_union_Nyr,1343,100,-8.807944383749378e-4,0.9860857391203188,685,61,-0.02363782391526282,0.0122286770482011,0.05323830143094883,-0.21745676771020092,0.29117684967996355,0.4551720703156972,15.04270017850109
3,backsliding_union_Nyr,Y_hos_power_vdem,HOS (v2ex_hosw),exec_power_alt,instr-econleft_w3_trt-ertOrDdcg_gapany_illibany_exclyr,backsliding_union_Nyr,1343,100,-8.807944383749378e-4,0.9860857391203188,1320,99,-0.00985220999930877,0.01582580124889037,0.5335861985737484,1.265162274789104,3.913877691808004,0.7465056635069864,16.478654643902075
3,backsliding_union_Nyr,Y_hog_power_vdem,HOG (v2ex_hogw),exec_power_alt,instr-econleft_w3_trt-ertOrDdcg_gapany_illibany_exclyr,backsliding_union_Nyr,1343,100,-8.807944383749378e-4,0.9860857391203188,1320,99,0.00364899209838735,0.01693651420401636,0.8294155650263578,-0.3510904733564433,2.015466332603487,0.8617097523304349,16.26543520938466
3,polyarchy_decline,Y_gdp_growth,PWT,growth,instr-econleft_w3_trt-polyarchy_gapany_illibany_exclyr,polyarchy_decline,1320,518,-0.00999532634835378,0.5801785094965055,1270,494,-0.00425747927215677,0.01838150901698645,0.8168351095195154,0.4402035048880435,2.0152161400707596,0.8270864218067799,24.164300785950463
3,polyarchy_decline,Y_gdp_growth_wb,World Bank,growth,instr-econleft_w3_trt-polyarchy_gapany_illibany_exclyr,polyarchy_decline,1320,518,-0.00999532634835378,0.5801785094965055,1288,506,0.02116377074304083,0.01586235630731591,0.1821338795766998,-3.508902355565062,8.293274726109154,0.6722207348256342,21.66222070237155
3,polyarchy_decline,Y_gdp_growth_imf,IMF WEO,growth,instr-econleft_w3_trt-polyarchy_gapany_illibany_exclyr,polyarchy_decline,1320,518,-0.00999532634835378,0.5801785094965055,992,402,0.01437240141711357,0.01766844894412575,0.4159600495672579,2.2058494540435754,11.120450008076729,0.8427636226827371,18.13323746153834
3,polyarchy_decline,Y_inflation,"CPI, cumulative log",inflation,instr-econleft_w3_trt-polyarchy_gapany_illibany_exclyr,polyarchy_decline,1320,518,-0.00999532634835378,0.5801785094965055,1182,465,0.0038530009176772,0.14316591878134763,0.9785292554410652,2.7639423470327857,15.471993511642106,0.8582190937399888,26.92346442021653
3,polyarchy_decline,Y_unemployment,Unemployment rate,unemployment,instr-econleft_w3_trt-polyarchy_gapany_illibany_exclyr,polyarchy_decline,1320,518,-0.00999532634835378,0.5801785094965055,913,419,0.34011029665557224,0.5704794671347305,0.5510528212750022,-269.7966711851855,675.5857267428252,0.6896336821847149,17.74190222582287
3,polyarchy_decline,Y_trade_pct_gdp,Trade / GDP,trade,instr-econleft_w3_trt-polyarchy_gapany_illibany_exclyr,polyarchy_decline,1320,518,-0.00999532634835378,0.5801785094965055,1160,461,-3.047594057680947,2.424326349829392,0.20872139928394723,508.54738716387465,980.0348082994416,0.6038252652931171,17.984520401100678
3,polyarchy_decline,Y_top10_share,Top-10% income share,top10,instr-econleft_w3_trt-polyarchy_gapany_illibany_exclyr,polyarchy_decline,1320,518,-0.00999532634835378,0.5801785094965055,1201,474,-0.7063362347488773,0.5308290273913631,0.18331127860587687,-57.68624633933473,144.8144907480168,0.6903752932871885,18.90640625413293
3,polyarchy_decline,Y_gini_disp,Disposable,gini,instr-econleft_w3_trt-polyarchy_gapany_illibany_exclyr,polyarchy_decline,1320,518,-0.00999532634835378,0.5801785094965055,1033,409,0.0641441645062634,0.23342193691350205,0.7834705029452738,8.99675547211825,47.63614252961026,0.8501993594075637,21.07033894851683
3,polyarchy_decline,Y_gini_mkt,Market,gini,instr-econleft_w3_trt-polyarchy_gapany_illibany_exclyr,polyarchy_decline,1320,518,-0.00999532634835378,0.5801785094965055,1033,409,0.16060507402303395,0.2481772338842389,0.5175422286937472,12.047029589890029,26.5828572272696,0.6504134352375315,14.295009324526394
3,polyarchy_decline,Y_debt,Debt / GDP,fiscal,instr-econleft_w3_trt-polyarchy_gapany_illibany_exclyr,polyarchy_decline,1320,518,-0.00999532634835378,0.5801785094965055,1253,499,-2.169895540530186,5.688795891345189,0.7028818401773468,311.1151933458422,928.0046171898974,0.7374351701550057,16.101411670316477
3,polyarchy_decline,Y_deficit,Deficit / GDP,fiscal,instr-econleft_w3_trt-polyarchy_gapany_illibany_exclyr,polyarchy_decline,1320,518,-0.00999532634835378,0.5801785094965055,1105,445,-0.22018936718631327,1.092730876752281,0.8403046990836768,4.331406558764137,136.3642666019325,0.9746606536871382,18.56660352405843
3,polyarchy_decline,Y_checks_balances,Checks & balances,institutions,instr-econleft_w3_trt-polyarchy_gapany_illibany_exclyr,polyarchy_decline,1320,518,-0.00999532634835378,0.5801785094965055,1287,506,-0.00428331554612126,0.01485052704370577,0.773018738589917,0.6051880559535752,4.839335154965586,0.9004791906935147,20.68595829588811
3,polyarchy_decline,Y_jucon,Judicial constraints,institutions,instr-econleft_w3_trt-polyarchy_gapany_illibany_exclyr,polyarchy_decline,1320,518,-0.00999532634835378,0.5801785094965055,1320,518,0.01172918217982413,0.01635371517586075,0.4732394703239197,-0.35285897267764976,1.7073317623058393,0.8362654301153594,18.80271015613523
3,polyarchy_decline,Y_legcon,Legislative constraints,institutions,instr-econleft_w3_trt-polyarchy_gapany_illibany_exclyr,polyarchy_decline,1320,518,-0.00999532634835378,0.5801785094965055,1287,506,0.01206875917712188,0.01930276343267877,0.5318169737572476,1.94986989093577,8.117834053353556,0.8101784459927003,19.381348380344157
3,polyarchy_decline,Y_hos_power,HOS,exec_power,instr-econleft_w3_trt-polyarchy_gapany_illibany_exclyr,polyarchy_decline,1320,518,-0.00999532634835378,0.5801785094965055,1320,518,0.01031429149431984,0.01269269907654775,0.416438203624744,-0.7831608527911075,2.293695530470814,0.7327718905807372,20.24736972278625
3,polyarchy_decline,Y_hog_power,HOG,exec_power,instr-econleft_w3_trt-polyarchy_gapany_illibany_exclyr,polyarchy_decline,1320,518,-0.00999532634835378,0.5801785094965055,685,274,-0.02363782391526282,0.0122286770482011,0.05323830143094883,-0.9101600132589552,2.3386630159435264,0.6971432690103235,16.965556208326603
3,polyarchy_decline,Y_hos_power_vdem,HOS (v2ex_hosw),exec_power_alt,instr-econleft_w3_trt-polyarchy_gapany_illibany_exclyr,polyarchy_decline,1320,518,-0.00999532634835378,0.5801785094965055,1320,518,-0.00985220999930877,0.01582580124889037,0.5335861985737484,1.175509523927538,3.313008203884022,0.7227271685016581,16.218907528160194
3,polyarchy_decline,Y_hog_power_vdem,HOG (v2ex_hogw),exec_power_alt,instr-econleft_w3_trt-polyarchy_gapany_illibany_exclyr,polyarchy_decline,1320,518,-0.00999532634835378,0.5801785094965055,1320,518,0.00364899209838735,0.01693651420401636,0.8294155650263578,0.06217617169030104,2.1247063485006503,0.9766545019727352,17.935396245424634
4,backsliding_Nyr,Y_gdp_growth,PWT,growth,instr-econleft_w4_trt-ert_gapany_illibany_exclyr,backsliding_Nyr,1343,109,0.05528859640401322,0.29884851752444697,1239,101,-0.00793678589287848,0.02345992293226594,0.7351276818874511,0.06353633395582234,1.4583033004211914,0.9652482264016172,17.876618469785576
4,backsliding_Nyr,Y_gdp_growth_wb,World Bank,growth,instr-econleft_w4_trt-ert_gapany_illibany_exclyr,backsliding_Nyr,1343,109,0.05528859640401322,0.29884851752444697,1265,107,0.02267476324172264,0.0197697134221197,0.2514045769178651,0.44951258152011986,1.031298747290728,0.6629307734284211,18.67839812241226
4,backsliding_Nyr,Y_gdp_growth_imf,IMF WEO,growth,instr-econleft_w4_trt-ert_gapany_illibany_exclyr,backsliding_Nyr,1343,109,0.05528859640401322,0.29884851752444697,972,89,0.00610718706243859,0.02061215637149307,0.767008205316781,0.2456875932923014,1.081686013854472,0.820319602600885,19.259717187492956
4,backsliding_Nyr,Y_inflation,"CPI, cumulative log",inflation,instr-econleft_w4_trt-ert_gapany_illibany_exclyr,backsliding_Nyr,1343,109,0.05528859640401322,0.29884851752444697,1158,98,-0.02707647378980821,0.15627771398672607,0.8624480841717677,-0.2627739380885171,6.126751164347499,0.9657895350419898,17.96963285234884
4,backsliding_Nyr,Y_unemployment,Unemployment rate,unemployment,instr-econleft_w4_trt-ert_gapany_illibany_exclyr,backsliding_Nyr,1343,109,0.05528859640401322,0.29884851752444697,901,92,0.4810384364988484,0.5521075843623815,0.3836031266274949,10.361942506555732,23.224368217476925,0.6554767486822008,19.808507633516225
4,backsliding_Nyr,Y_trade_pct_gdp,Trade / GDP,trade,instr-econleft_w4_trt-ert_gapany_illibany_exclyr,backsliding_Nyr,1343,109,0.05528859640401322,0.29884851752444697,1136,99,-2.929710947252074,2.6615201400385984,0.2709985017088322,-38.81714543977192,64.85310496553248,0.5494800064939853,16.632995785270637
4,backsliding_Nyr,Y_top10_share,Top-10% income share,top10,instr-econleft_w4_trt-ert_gapany_illibany_exclyr,backsliding_Nyr,1343,109,0.05528859640401322,0.29884851752444697,1180,98,-0.6602228833769559,0.5968310508099925,0.2686338906141893,-9.81439252042649,15.546368745486658,0.5278456513289352,17.7808253862243
4,backsliding_Nyr,Y_gini_disp,Disposable,gini,instr-econleft_w4_trt-ert_gapany_illibany_exclyr,backsliding_Nyr,1343,109,0.05528859640401322,0.29884851752444697,1006,85,0.03209441825208077,0.2786076843540703,0.90828997551942,1.279513951720239,5.69928204052611,0.8223648358374913,19.181269424798916
4,backsliding_Nyr,Y_gini_mkt,Market,gini,instr-econleft_w4_trt-ert_gapany_illibany_exclyr,backsliding_Nyr,1343,109,0.05528859640401322,0.29884851752444697,1006,85,0.2005469038234821,0.3075529327108854,0.514354206058802,2.5842487010508983,7.443904369230499,0.7284688125839833,19.93666096027468
4,backsliding_Nyr,Y_debt,Debt / GDP,fiscal,instr-econleft_w4_trt-ert_gapany_illibany_exclyr,backsliding_Nyr,1343,109,0.05528859640401322,0.29884851752444697,1228,104,-5.184487297531686,7.696445166464054,0.5005522814571497,-49.48256143833338,217.6863863878185,0.8201817371116356,17.5530643958792
4,backsliding_Nyr,Y_deficit,Deficit / GDP,fiscal,instr-econleft_w4_trt-ert_gapany_illibany_exclyr,backsliding_Nyr,1343,109,0.05528859640401322,0.29884851752444697,1082,94,-0.3836095224794077,1.118175601356231,0.731547805171584,-6.335149516856635,29.133001894249944,0.8278529009718782,18.68283054427646
4,backsliding_Nyr,Y_checks_balances,Checks & balances,institutions,instr-econleft_w4_trt-ert_gapany_illibany_exclyr,backsliding_Nyr,1343,109,0.05528859640401322,0.29884851752444697,1279,103,-0.01049890867708163,0.01510831074622075,0.4871120183167922,-0.17126551121028968,0.2776342561726006,0.5373174641908409,15.61074541474179
4,backsliding_Nyr,Y_jucon,Judicial constraints,institutions,instr-econleft_w4_trt-ert_gapany_illibany_exclyr,backsliding_Nyr,1343,109,0.05528859640401322,0.29884851752444697,1308,107,0.0052867911978451004,0.0169814870244163,0.7555522320250817,-0.1025016777207126,0.5708066777527864,0.8574875138674443,19.908036329018863
4,backsliding_Nyr,Y_legcon,Legislative constraints,institutions,instr-econleft_w4_trt-ert_gapany_illibany_exclyr,backsliding_Nyr,1343,109,0.05528859640401322,0.29884851752444697,1279,103,0.01209996269924716,0.01983178625652216,0.5417758638140412,0.04929242748316875,0.4295795423636968,0.9086466488273044,16.30950984453762
4,backsliding_Nyr,Y_hos_power,HOS,exec_power,instr-econleft_w4_trt-ert_gapany_illibany_exclyr,backsliding_Nyr,1343,109,0.05528859640401322,0.29884851752444697,1308,107,0.01209870155477269,0.01408823904450585,0.39046176167274577,0.19226125554141532,0.2801563299670248,0.492546529221084,15.777800409199628
4,backsliding_Nyr,Y_hog_power,HOG,exec_power,instr-econleft_w4_trt-ert_gapany_illibany_exclyr,backsliding_Nyr,1343,109,0.05528859640401322,0.29884851752444697,668,67,-0.02829700893275791,0.01236192750563689,0.02207673516969633,-0.21516296561269405,0.23155215137521665,0.3527749156453009,14.216726992306109
4,backsliding_Nyr,Y_hos_power_vdem,HOS (v2ex_hosw),exec_power_alt,instr-econleft_w4_trt-ert_gapany_illibany_exclyr,backsliding_Nyr,1343,109,0.05528859640401322,0.29884851752444697,1308,107,0.00882754315990551,0.02075158802588482,0.6705515120178911,0.17695492041254707,0.39280485490234246,0.6523566835158114,15.927984897835524
4,backsliding_Nyr,Y_hog_power_vdem,HOG (v2ex_hogw),exec_power_alt,instr-econleft_w4_trt-ert_gapany_illibany_exclyr,backsliding_Nyr,1343,109,0.05528859640401322,0.29884851752444697,1308,107,-0.0149788670223842,0.02187318859198484,0.4934670343686718,-0.29403869541693933,0.455679220470312,0.5187485834254013,15.721873152870698
4,backsliding_union_Nyr,Y_gdp_growth,PWT,growth,instr-econleft_w4_trt-ertOrDdcg_gapany_illibany_exclyr,backsliding_union_Nyr,1343,129,0.02560981349096544,0.6631883769782467,1239,121,-0.00793678589287848,0.02345992293226594,0.7351276818874511,-0.00245781553667312,3.0671008044877603,0.999360616756626,20.836775205190033
4,backsliding_union_Nyr,Y_gdp_growth_wb,World Bank,growth,instr-econleft_w4_trt-ertOrDdcg_gapany_illibany_exclyr,backsliding_union_Nyr,1343,129,0.02560981349096544,0.6631883769782467,1265,127,0.02267476324172264,0.0197697134221197,0.2514045769178651,0.4260978676687968,4.728540411955615,0.9281982748928168,19.413945900940902
4,backsliding_union_Nyr,Y_gdp_growth_imf,IMF WEO,growth,instr-econleft_w4_trt-ertOrDdcg_gapany_illibany_exclyr,backsliding_union_Nyr,1343,129,0.02560981349096544,0.6631883769782467,972,104,0.00610718706243859,0.02061215637149307,0.767008205316781,0.15052882298843082,1.2280898590803715,0.9024464195350028,23.35262233042977
4,backsliding_union_Nyr,Y_inflation,"CPI, cumulative log",inflation,instr-econleft_w4_trt-ertOrDdcg_gapany_illibany_exclyr,backsliding_union_Nyr,1343,129,0.02560981349096544,0.6631883769782467,1158,113,-0.02707647378980821,0.15627771398672607,0.8624480841717677,8.213915753003201,56.35796686554153,0.8841223613690612,22.166052116551537
4,backsliding_union_Nyr,Y_unemployment,Unemployment rate,unemployment,instr-econleft_w4_trt-ertOrDdcg_gapany_illibany_exclyr,backsliding_union_Nyr,1343,129,0.02560981349096544,0.6631883769782467,901,107,0.4810384364988484,0.5521075843623815,0.3836031266274949,5.719171835911741,10.879924247317838,0.5991224896956724,17.22971172941106
4,backsliding_union_Nyr,Y_trade_pct_gdp,Trade / GDP,trade,instr-econleft_w4_trt-ertOrDdcg_gapany_illibany_exclyr,backsliding_union_Nyr,1343,129,0.02560981349096544,0.6631883769782467,1136,116,-2.929710947252074,2.6615201400385984,0.2709985017088322,-109.09930199979776,315.0459159163085,0.7291198891944122,21.580154738353603
4,backsliding_union_Nyr,Y_top10_share,Top-10% income share,top10,instr-econleft_w4_trt-ertOrDdcg_gapany_illibany_exclyr,backsliding_union_Nyr,1343,129,0.02560981349096544,0.6631883769782467,1180,116,-0.6602228833769559,0.5968310508099925,0.2686338906141893,-8.174378280030101,12.282024478956693,0.5056947718549613,17.34785048020547
4,backsliding_union_Nyr,Y_gini_disp,Disposable,gini,instr-econleft_w4_trt-ertOrDdcg_gapany_illibany_exclyr,backsliding_union_Nyr,1343,129,0.02560981349096544,0.6631883769782467,1006,97,0.03209441825208077,0.2786076843540703,0.90828997551942,1.0564927948386995,4.56217967084483,0.8168670988447044,19.954837308086784
4,backsliding_union_Nyr,Y_gini_mkt,Market,gini,instr-econleft_w4_trt-ertOrDdcg_gapany_illibany_exclyr,backsliding_union_Nyr,1343,129,0.02560981349096544,0.6631883769782467,1006,97,0.2005469038234821,0.3075529327108854,0.514354206058802,2.1555258107858117,5.3683200289153525,0.6880321122649831,19.9633757285451
4,backsliding_union_Nyr,Y_debt,Debt / GDP,fiscal,instr-econleft_w4_trt-ertOrDdcg_gapany_illibany_exclyr,backsliding_union_Nyr,1343,129,0.02560981349096544,0.6631883769782467,1228,122,-5.184487297531686,7.696445166464054,0.5005522814571497,-57.54252783519888,649.5776965577088,0.9294121117195628,18.336362067686853
4,backsliding_union_Nyr,Y_deficit,Deficit / GDP,fiscal,instr-econleft_w4_trt-ertOrDdcg_gapany_illibany_exclyr,backsliding_union_Nyr,1343,129,0.02560981349096544,0.6631883769782467,1082,105,-0.3836095224794077,1.118175601356231,0.731547805171584,-4.938865629165877,20.844527292827763,0.8127047025831371,17.01383279662981
4,backsliding_union_Nyr,Y_checks_balances,Checks & balances,institutions,instr-econleft_w4_trt-ertOrDdcg_gapany_illibany_exclyr,backsliding_union_Nyr,1343,129,0.02560981349096544,0.6631883769782467,1279,117,-0.01049890867708163,0.01510831074622075,0.4871120183167922,0.16920396239512792,0.6179197061749585,0.7842165000080961,22.541558124109077
4,backsliding_union_Nyr,Y_jucon,Judicial constraints,institutions,instr-econleft_w4_trt-ertOrDdcg_gapany_illibany_exclyr,backsliding_union_Nyr,1343,129,0.02560981349096544,0.6631883769782467,1308,127,0.0052867911978451004,0.0169814870244163,0.7555522320250817,-0.2228015285089026,0.8791767617500149,0.7999431877137552,17.90482998452817
4,backsliding_union_Nyr,Y_legcon,Legislative constraints,institutions,instr-econleft_w4_trt-ertOrDdcg_gapany_illibany_exclyr,backsliding_union_Nyr,1343,129,0.02560981349096544,0.6631883769782467,1279,117,0.01209996269924716,0.01983178625652216,0.5417758638140412,0.17208098391019444,0.5851650647183887,0.768702464376701,19.041105439117395
4,backsliding_union_Nyr,Y_hos_power,HOS,exec_power,instr-econleft_w4_trt-ertOrDdcg_gapany_illibany_exclyr,backsliding_union_Nyr,1343,129,0.02560981349096544,0.6631883769782467,1308,127,0.01209870155477269,0.01408823904450585,0.39046176167274577,0.3383530165349526,0.9054064592747224,0.708625369964101,15.524164383862086
4,backsliding_union_Nyr,Y_hog_power,HOG,exec_power,instr-econleft_w4_trt-ertOrDdcg_gapany_illibany_exclyr,backsliding_union_Nyr,1343,129,0.02560981349096544,0.6631883769782467,668,79,-0.02829700893275791,0.01236192750563689,0.02207673516969633,-0.31465916471369015,0.36189763947711945,0.3845900736413052,17.70991850240556
4,backsliding_union_Nyr,Y_hos_power_vdem,HOS (v2ex_hosw),exec_power_alt,instr-econleft_w4_trt-ertOrDdcg_gapany_illibany_exclyr,backsliding_union_Nyr,1343,129,0.02560981349096544,0.6631883769782467,1308,127,0.00882754315990551,0.02075158802588482,0.6705515120178911,0.29698368060101354,0.9124058153097576,0.7448063420134696,15.83661691938943
4,backsliding_union_Nyr,Y_hog_power_vdem,HOG (v2ex_hogw),exec_power_alt,instr-econleft_w4_trt-ertOrDdcg_gapany_illibany_exclyr,backsliding_union_Nyr,1343,129,0.02560981349096544,0.6631883769782467,1308,127,-0.0149788670223842,0.02187318859198484,0.4934670343686718,-0.48946933313639185,1.4680015702803488,0.7388130268607702,15.766384090652268
4,polyarchy_decline,Y_gdp_growth,PWT,growth,instr-econleft_w4_trt-polyarchy_gapany_illibany_exclyr,polyarchy_decline,1308,514,-0.01028405456602096,0.5583403013014985,1239,478,-0.00793678589287848,0.02345992293226594,0.7351276818874511,1.0721289639249063,2.972454148619669,0.7183325901882751,25.17491810721428
4,polyarchy_decline,Y_gdp_growth_wb,World Bank,growth,instr-econleft_w4_trt-polyarchy_gapany_illibany_exclyr,polyarchy_decline,1308,514,-0.01028405456602096,0.5583403013014985,1265,498,0.02267476324172264,0.0197697134221197,0.2514045769178651,-5.579194421964757,15.955119171299534,0.7265784721062409,21.618082797159076
4,polyarchy_decline,Y_gdp_growth_imf,IMF WEO,growth,instr-econleft_w4_trt-polyarchy_gapany_illibany_exclyr,polyarchy_decline,1308,514,-0.01028405456602096,0.5583403013014985,972,391,0.00610718706243859,0.02061215637149307,0.767008205316781,1.2057006505688732,3.662215796685646,0.7419840482074018,16.80493588450443
4,polyarchy_decline,Y_inflation,"CPI, cumulative log",inflation,instr-econleft_w4_trt-polyarchy_gapany_illibany_exclyr,polyarchy_decline,1308,514,-0.01028405456602096,0.5583403013014985,1158,456,-0.02707647378980821,0.15627771398672607,0.8624480841717677,6.305396593837616,20.69604807825705,0.7606200169404602,27.387585333036956
4,polyarchy_decline,Y_unemployment,Unemployment rate,unemployment,instr-econleft_w4_trt-polyarchy_gapany_illibany_exclyr,polyarchy_decline,1308,514,-0.01028405456602096,0.5583403013014985,901,421,0.4810384364988484,0.5521075843623815,0.3836031266274949,-93.06467171837312,1253.4490379168617,0.940813949366914,16.969741697845947
4,polyarchy_decline,Y_trade_pct_gdp,Trade / GDP,trade,instr-econleft_w4_trt-polyarchy_gapany_illibany_exclyr,polyarchy_decline,1308,514,-0.01028405456602096,0.5583403013014985,1136,451,-2.929710947252074,2.6615201400385984,0.2709985017088322,1143.5405536125863,3015.8347760397564,0.7045551075589188,17.107434850223978
4,polyarchy_decline,Y_top10_share,Top-10% income share,top10,instr-econleft_w4_trt-polyarchy_gapany_illibany_exclyr,polyarchy_decline,1308,514,-0.01028405456602096,0.5583403013014985,1180,465,-0.6602228833769559,0.5968310508099925,0.2686338906141893,-39.19459203000178,90.02378656333786,0.6632863361255823,17.200261144190517
4,polyarchy_decline,Y_gini_disp,Disposable,gini,instr-econleft_w4_trt-polyarchy_gapany_illibany_exclyr,polyarchy_decline,1308,514,-0.01028405456602096,0.5583403013014985,1006,393,0.03209441825208077,0.2786076843540703,0.90828997551942,4.852947794548904,30.573686958381852,0.8738819500739858,20.402315548253657
4,polyarchy_decline,Y_gini_mkt,Market,gini,instr-econleft_w4_trt-polyarchy_gapany_illibany_exclyr,polyarchy_decline,1308,514,-0.01028405456602096,0.5583403013014985,1006,393,0.2005469038234821,0.3075529327108854,0.514354206058802,11.398603051160409,26.455960409538896,0.666575997888589,13.403696395832286
4,polyarchy_decline,Y_debt,Debt / GDP,fiscal,instr-econleft_w4_trt-polyarchy_gapany_illibany_exclyr,polyarchy_decline,1308,514,-0.01028405456602096,0.5583403013014985,1228,487,-5.184487297531686,7.696445166464054,0.5005522814571497,962.9575907072976,2473.3965633271196,0.6970350052302565,14.355140376225634
4,polyarchy_decline,Y_deficit,Deficit / GDP,fiscal,instr-econleft_w4_trt-polyarchy_gapany_illibany_exclyr,polyarchy_decline,1308,514,-0.01028405456602096,0.5583403013014985,1082,440,-0.3836095224794077,1.118175601356231,0.731547805171584,-13.913787905091931,104.06306848451447,0.8936355827390579,18.52684879048073
4,polyarchy_decline,Y_checks_balances,Checks & balances,institutions,instr-econleft_w4_trt-polyarchy_gapany_illibany_exclyr,polyarchy_decline,1308,514,-0.01028405456602096,0.5583403013014985,1279,507,-0.01049890867708163,0.01510831074622075,0.4871120183167922,0.29273500268117947,2.817667713017051,0.9172545295286038,21.19242965901615
4,polyarchy_decline,Y_jucon,Judicial constraints,institutions,instr-econleft_w4_trt-polyarchy_gapany_illibany_exclyr,polyarchy_decline,1308,514,-0.01028405456602096,0.5583403013014985,1308,514,0.0052867911978451004,0.0169814870244163,0.7555522320250817,0.765709267162274,4.527597241414988,0.8657019025772577,19.74699235380671
4,polyarchy_decline,Y_legcon,Legislative constraints,institutions,instr-econleft_w4_trt-polyarchy_gapany_illibany_exclyr,polyarchy_decline,1308,514,-0.01028405456602096,0.5583403013014985,1279,507,0.01209996269924716,0.01983178625652216,0.5417758638140412,1.7920591343086425,6.286068553034348,0.7755795968344066,20.304779937715267
4,polyarchy_decline,Y_hos_power,HOS,exec_power,instr-econleft_w4_trt-polyarchy_gapany_illibany_exclyr,polyarchy_decline,1308,514,-0.01028405456602096,0.5583403013014985,1308,514,0.01209870155477269,0.01408823904450585,0.39046176167274577,-0.0721133986316453,1.3145428576803606,0.956251467429669,23.124793448946413
4,polyarchy_decline,Y_hog_power,HOG,exec_power,instr-econleft_w4_trt-polyarchy_gapany_illibany_exclyr,polyarchy_decline,1308,514,-0.01028405456602096,0.5583403013014985,668,264,-0.02829700893275791,0.01236192750563689,0.02207673516969633,-1.0063933886196663,1.7036624465788794,0.5547057210545914,17.96549403343013
4,polyarchy_decline,Y_hos_power_vdem,HOS (v2ex_hosw),exec_power_alt,instr-econleft_w4_trt-polyarchy_gapany_illibany_exclyr,polyarchy_decline,1308,514,-0.01028405456602096,0.5583403013014985,1308,514,0.00882754315990551,0.02075158802588482,0.6705515120178911,-2.2945109164923614,6.172126602581379,0.7100762371087552,16.651923023281828
4,polyarchy_decline,Y_hog_power_vdem,HOG (v2ex_hogw),exec_power_alt,instr-econleft_w4_trt-polyarchy_gapany_illibany_exclyr,polyarchy_decline,1308,514,-0.01028405456602096,0.5583403013014985,1308,514,-0.0149788670223842,0.02187318859198484,0.4934670343686718,4.206541837505931,9.901085938847272,0.6709412046791734,16.03421225825348
5,backsliding_Nyr,Y_gdp_growth,PWT,growth,instr-econleft_w5_trt-ert_gapany_illibany_exclyr,backsliding_Nyr,1343,142,0.08538085094379595,0.14765789434167237,1203,129,-0.01312507394997954,0.02711705859621977,0.628374940200094,-0.7669602923564547,4.510638286670131,0.8649836729736217,24.06942575822313
5,backsliding_Nyr,Y_gdp_growth_wb,World Bank,growth,instr-econleft_w5_trt-ert_gapany_illibany_exclyr,backsliding_Nyr,1343,142,0.08538085094379595,0.14765789434167237,1236,134,0.01235636177059711,0.02144145640497874,0.5644234404148576,0.35525639387081487,2.6193410889306175,0.8921152482509125,22.188905856958808
5,backsliding_Nyr,Y_gdp_growth_imf,IMF WEO,growth,instr-econleft_w5_trt-ert_gapany_illibany_exclyr,backsliding_Nyr,1343,142,0.08538085094379595,0.14765789434167237,946,110,-0.01062188843192137,0.02095706050999894,0.6122666897712199,0.5550686424496765,1.1811567119355646,0.63840039112629,26.430850894014647
5,backsliding_Nyr,Y_inflation,"CPI, cumulative log",inflation,instr-econleft_w5_trt-ert_gapany_illibany_exclyr,backsliding_Nyr,1343,142,0.08538085094379595,0.14765789434167237,1131,123,-0.06012447089126083,0.17564499080904217,0.7321200351778989,-0.06976610686638285,12.46330894203455,0.9955336894006862,17.297740435161458
5,backsliding_Nyr,Y_unemployment,Unemployment rate,unemployment,instr-econleft_w5_trt-ert_gapany_illibany_exclyr,backsliding_Nyr,1343,142,0.08538085094379595,0.14765789434167237,879,122,0.34460455206929186,0.5391173541576256,0.5226919401491943,7.928596726674568,51.9529764804269,0.8787050341933182,25.416448218460022
5,backsliding_Nyr,Y_trade_pct_gdp,Trade / GDP,trade,instr-econleft_w5_trt-ert_gapany_illibany_exclyr,backsliding_Nyr,1343,142,0.08538085094379595,0.14765789434167237,1111,123,-4.539918545932565,3.1235677479373267,0.14610160610933237,-118.43493076080796,259.83409763328746,0.6485267489174655,21.20361134192745
5,backsliding_Nyr,Y_top10_share,Top-10% income share,top10,instr-econleft_w5_trt-ert_gapany_illibany_exclyr,backsliding_Nyr,1343,142,0.08538085094379595,0.14765789434167237,1148,125,-0.9428649653584984,0.6182620116475126,0.12725288597739998,-47.66238384683303,343.888267743343,0.889767461397535,24.654098618914013
5,backsliding_Nyr,Y_gini_disp,Disposable,gini,instr-econleft_w5_trt-ert_gapany_illibany_exclyr,backsliding_Nyr,1343,142,0.08538085094379595,0.14765789434167237,971,109,-0.03921069129162352,0.31961407690269267,0.9023594207986984,-3.155020793358081,16.697747242746722,0.8501328756212626,24.64913380163385
5,backsliding_Nyr,Y_gini_mkt,Market,gini,instr-econleft_w5_trt-ert_gapany_illibany_exclyr,backsliding_Nyr,1343,142,0.08538085094379595,0.14765789434167237,971,109,-0.01735370512903805,0.3224709792687304,0.9570827330475878,-2.366961637219457,21.450000824566317,0.9121335040737838,24.77672740902107
5,backsliding_Nyr,Y_debt,Debt / GDP,fiscal,instr-econleft_w5_trt-ert_gapany_illibany_exclyr,backsliding_Nyr,1343,142,0.08538085094379595,0.14765789434167237,1197,131,-9.90014183710503,10.930702052977836,0.365084733829026,-94.62408010463965,603.6757874733353,0.8754446209678419,19.14469138734979
5,backsliding_Nyr,Y_deficit,Deficit / GDP,fiscal,instr-econleft_w5_trt-ert_gapany_illibany_exclyr,backsliding_Nyr,1343,142,0.08538085094379595,0.14765789434167237,1049,118,-1.5665980648388544,2.033241562755163,0.44100760100885394,17.520835070253348,127.8246586086506,0.8909760271516384,18.351686412340207
5,backsliding_Nyr,Y_checks_balances,Checks & balances,institutions,instr-econleft_w5_trt-ert_gapany_illibany_exclyr,backsliding_Nyr,1343,142,0.08538085094379595,0.14765789434167237,1255,136,-0.01499215449040356,0.01666615546196119,0.3683561232822991,-0.08250694604688662,0.2987757573563147,0.7824328055979521,20.476903106074683
5,backsliding_Nyr,Y_jucon,Judicial constraints,institutions,instr-econleft_w5_trt-ert_gapany_illibany_exclyr,backsliding_Nyr,1343,142,0.08538085094379595,0.14765789434167237,1285,140,-0.0071022630351405,0.01976352860516474,0.7193242275410545,0.0208368920780963,1.4069974559882252,0.9881841813451868,26.296356167121708
5,backsliding_Nyr,Y_legcon,Legislative constraints,institutions,instr-econleft_w5_trt-ert_gapany_illibany_exclyr,backsliding_Nyr,1343,142,0.08538085094379595,0.14765789434167237,1255,136,0.00942406249633134,0.02163690297158523,0.6631595850902692,0.1097356539795931,0.4535542373475779,0.8088219709522505,19.785106293251214
5,backsliding_Nyr,Y_hos_power,HOS,exec_power,instr-econleft_w5_trt-ert_gapany_illibany_exclyr,backsliding_Nyr,1343,142,0.08538085094379595,0.14765789434167237,1285,140,0.01564885538922478,0.01408904787031324,0.2666929205078174,0.144154766975234,0.40163611214195016,0.7196558060765883,23.10411722841473
5,backsliding_Nyr,Y_hog_power,HOG,exec_power,instr-econleft_w5_trt-ert_gapany_illibany_exclyr,backsliding_Nyr,1343,142,0.08538085094379595,0.14765789434167237,655,81,-0.03053350887740512,0.01327623473395043,0.02145603480962109,-0.4535153599805424,0.5501847141811348,0.409771080264706,19.48066953005219
5,backsliding_Nyr,Y_hos_power_vdem,HOS (v2ex_hosw),exec_power_alt,instr-econleft_w5_trt-ert_gapany_illibany_exclyr,backsliding_Nyr,1343,142,0.08538085094379595,0.14765789434167237,1285,140,0.00914346333541889,0.02102871268161053,0.6637014236634969,0.17290376447735073,0.28920061609181985,0.5499280812910301,16.90596079782727
5,backsliding_Nyr,Y_hog_power_vdem,HOG (v2ex_hogw),exec_power_alt,instr-econleft_w5_trt-ert_gapany_illibany_exclyr,backsliding_Nyr,1343,142,0.08538085094379595,0.14765789434167237,1285,140,-0.01430045406276744,0.02225476614905098,0.5204970597381571,-0.17954196486255847,0.26729642855251,0.5017771936066303,14.47596761176414
5,backsliding_union_Nyr,Y_gdp_growth,PWT,growth,instr-econleft_w5_trt-ertOrDdcg_gapany_illibany_exclyr,backsliding_union_Nyr,1343,165,0.05580372076840124,0.39464393064937775,1203,152,-0.01312507394997954,0.02711705859621977,0.628374940200094,17.434075649707754,77.42956200772221,0.8218544495136082,23.80134508911623
5,backsliding_union_Nyr,Y_gdp_growth_wb,World Bank,growth,instr-econleft_w5_trt-ertOrDdcg_gapany_illibany_exclyr,backsliding_union_Nyr,1343,165,0.05580372076840124,0.39464393064937775,1236,156,0.01235636177059711,0.02144145640497874,0.5644234404148576,-105113.22174402668,556265.8417966411,0.8501224367099346,22.884358139886327
5,backsliding_union_Nyr,Y_gdp_growth_imf,IMF WEO,growth,instr-econleft_w5_trt-ertOrDdcg_gapany_illibany_exclyr,backsliding_union_Nyr,1343,165,0.05580372076840124,0.39464393064937775,946,126,-0.01062188843192137,0.02095706050999894,0.6122666897712199,0.19137354504653473,1.5988294152085512,0.9047239397028553,19.481659597202103
5,backsliding_union_Nyr,Y_inflation,"CPI, cumulative log",inflation,instr-econleft_w5_trt-ertOrDdcg_gapany_illibany_exclyr,backsliding_union_Nyr,1343,165,0.05580372076840124,0.39464393064937775,1131,139,-0.06012447089126083,0.17564499080904217,0.7321200351778989,6.866791725664491,21.346078825054672,0.7476885613483462,19.79918066848284
5,backsliding_union_Nyr,Y_unemployment,Unemployment rate,unemployment,instr-econleft_w5_trt-ertOrDdcg_gapany_illibany_exclyr,backsliding_union_Nyr,1343,165,0.05580372076840124,0.39464393064937775,879,138,0.34460455206929186,0.5391173541576256,0.5226919401491943,2.0682235347664477,6.105974229701504,0.7348196924300008,16.696146870530786
5,backsliding_union_Nyr,Y_trade_pct_gdp,Trade / GDP,trade,instr-econleft_w5_trt-ertOrDdcg_gapany_illibany_exclyr,backsliding_union_Nyr,1343,165,0.05580372076840124,0.39464393064937775,1111,142,-4.539918545932565,3.1235677479373267,0.14610160610933237,-164.3265472200428,1171.8710188884988,0.8884815904730556,20.394706255843584
5,backsliding_union_Nyr,Y_top10_share,Top-10% income share,top10,instr-econleft_w5_trt-ertOrDdcg_gapany_illibany_exclyr,backsliding_union_Nyr,1343,165,0.05580372076840124,0.39464393064937775,1148,145,-0.9428649653584984,0.6182620116475126,0.12725288597739998,-15.195990302533255,25.016638913587016,0.5435620483364461,21.44187176784743
5,backsliding_union_Nyr,Y_gini_disp,Disposable,gini,instr-econleft_w5_trt-ertOrDdcg_gapany_illibany_exclyr,backsliding_union_Nyr,1343,165,0.05580372076840124,0.39464393064937775,971,122,-0.03921069129162352,0.31961407690269267,0.9023594207986984,-0.4235351197053053,6.204542793132589,0.9455769936586776,22.204140429672073
5,backsliding_union_Nyr,Y_gini_mkt,Market,gini,instr-econleft_w5_trt-ertOrDdcg_gapany_illibany_exclyr,backsliding_union_Nyr,1343,165,0.05580372076840124,0.39464393064937775,971,122,-0.01735370512903805,0.3224709792687304,0.9570827330475878,-0.5141892751714974,6.851531248963756,0.9401770368988464,22.596344149521745
5,backsliding_union_Nyr,Y_debt,Debt / GDP,fiscal,instr-econleft_w5_trt-ertOrDdcg_gapany_illibany_exclyr,backsliding_union_Nyr,1343,165,0.05580372076840124,0.39464393064937775,1197,151,-9.90014183710503,10.930702052977836,0.365084733829026,634.2491690884165,1138.9814307413403,0.577625503781068,26.58834800327915
5,backsliding_union_Nyr,Y_deficit,Deficit / GDP,fiscal,instr-econleft_w5_trt-ertOrDdcg_gapany_illibany_exclyr,backsliding_union_Nyr,1343,165,0.05580372076840124,0.39464393064937775,1049,130,-1.5665980648388544,2.033241562755163,0.44100760100885394,10.610414528358447,118.96241138275236,0.9289298633434164,19.29718519152069
5,backsliding_union_Nyr,Y_checks_balances,Checks & balances,institutions,instr-econleft_w5_trt-ertOrDdcg_gapany_illibany_exclyr,backsliding_union_Nyr,1343,165,0.05580372076840124,0.39464393064937775,1255,153,-0.01499215449040356,0.01666615546196119,0.3683561232822991,-0.18451386569186817,0.1951258010818707,0.34434503957368773,13.778281408433031
5,backsliding_union_Nyr,Y_jucon,Judicial constraints,institutions,instr-econleft_w5_trt-ertOrDdcg_gapany_illibany_exclyr,backsliding_union_Nyr,1343,165,0.05580372076840124,0.39464393064937775,1285,163,-0.0071022630351405,0.01976352860516474,0.7193242275410545,-3.015481786323477,11.4794027884754,0.7927923809949515,26.88576120866683
5,backsliding_union_Nyr,Y_legcon,Legislative constraints,institutions,instr-econleft_w5_trt-ertOrDdcg_gapany_illibany_exclyr,backsliding_union_Nyr,1343,165,0.05580372076840124,0.39464393064937775,1255,153,0.00942406249633134,0.02163690297158523,0.6631595850902692,-0.01312431206744155,0.27470959881213264,0.961895383984405,15.160303181586787
5,backsliding_union_Nyr,Y_hos_power,HOS,exec_power,instr-econleft_w5_trt-ertOrDdcg_gapany_illibany_exclyr,backsliding_union_Nyr,1343,165,0.05580372076840124,0.39464393064937775,1285,163,0.01564885538922478,0.01408904787031324,0.2666929205078174,0.1985069850387043,0.8481063693871743,0.8149391235729494,23.01056464321373
5,backsliding_union_Nyr,Y_hog_power,HOG,exec_power,instr-econleft_w5_trt-ertOrDdcg_gapany_illibany_exclyr,backsliding_union_Nyr,1343,165,0.05580372076840124,0.39464393064937775,655,94,-0.03053350887740512,0.01327623473395043,0.02145603480962109,-0.42460839907777176,0.5700086191237054,0.45632265202061,19.588678306201857
5,backsliding_union_Nyr,Y_hos_power_vdem,HOS (v2ex_hosw),exec_power_alt,instr-econleft_w5_trt-ertOrDdcg_gapany_illibany_exclyr,backsliding_union_Nyr,1343,165,0.05580372076840124,0.39464393064937775,1285,163,0.00914346333541889,0.02102871268161053,0.6637014236634969,0.3496506697171151,0.7230252607251951,0.6286740418437051,19.83825560817282
5,backsliding_union_Nyr,Y_hog_power_vdem,HOG (v2ex_hogw),exec_power_alt,instr-econleft_w5_trt-ertOrDdcg_gapany_illibany_exclyr,backsliding_union_Nyr,1343,165,0.05580372076840124,0.39464393064937775,1285,163,-0.01430045406276744,0.02225476614905098,0.5204970597381571,-0.5207016891436979,0.9986749012062566,0.6020933152837766,19.93367454908799
5,polyarchy_decline,Y_gdp_growth,PWT,growth,instr-econleft_w5_trt-polyarchy_gapany_illibany_exclyr,polyarchy_decline,1285,494,-0.0140523141998678,0.4284911365249324,1203,437,-0.01312507394997954,0.02711705859621977,0.628374940200094,1.2200571824992668,2.06680746043288,0.5549828134571242,26.570098482097684
5,polyarchy_decline,Y_gdp_growth_wb,World Bank,growth,instr-econleft_w5_trt-polyarchy_gapany_illibany_exclyr,polyarchy_decline,1285,494,-0.0140523141998678,0.4284911365249324,1236,469,0.01235636177059711,0.02144145640497874,0.5644234404148576,-2.362186027892672,5.632442654466045,0.6749316627288667,21.74524510562653
5,polyarchy_decline,Y_gdp_growth_imf,IMF WEO,growth,instr-econleft_w5_trt-polyarchy_gapany_illibany_exclyr,polyarchy_decline,1285,494,-0.0140523141998678,0.4284911365249324,946,366,-0.01062188843192137,0.02095706050999894,0.6122666897712199,0.30053259851170266,7.821639845047493,0.9693502467488384,20.220210892141328
5,polyarchy_decline,Y_inflation,"CPI, cumulative log",inflation,instr-econleft_w5_trt-polyarchy_gapany_illibany_exclyr,polyarchy_decline,1285,494,-0.0140523141998678,0.4284911365249324,1131,430,-0.06012447089126083,0.17564499080904217,0.7321200351778989,5.924195341528948,16.107447450752044,0.7130281018353799,26.49021265300072
5,polyarchy_decline,Y_unemployment,Unemployment rate,unemployment,instr-econleft_w5_trt-polyarchy_gapany_illibany_exclyr,polyarchy_decline,1285,494,-0.0140523141998678,0.4284911365249324,879,405,0.34460455206929186,0.5391173541576256,0.5226919401491943,-108.16306378727084,891.5387933725058,0.9034361779900498,17.16227745747709
5,polyarchy_decline,Y_trade_pct_gdp,Trade / GDP,trade,instr-econleft_w5_trt-polyarchy_gapany_illibany_exclyr,polyarchy_decline,1285,494,-0.0140523141998678,0.4284911365249324,1111,430,-4.539918545932565,3.1235677479373267,0.14610160610933237,1143.870788339679,2463.9074967141237,0.6424681383237854,16.84156626703573
5,polyarchy_decline,Y_top10_share,Top-10% income share,top10,instr-econleft_w5_trt-polyarchy_gapany_illibany_exclyr,polyarchy_decline,1285,494,-0.0140523141998678,0.4284911365249324,1148,434,-0.9428649653584984,0.6182620116475126,0.12725288597739998,-49.87505304708995,131.61795672824542,0.7047338611487243,16.620330880101903
5,polyarchy_decline,Y_gini_disp,Disposable,gini,instr-econleft_w5_trt-polyarchy_gapany_illibany_exclyr,polyarchy_decline,1285,494,-0.0140523141998678,0.4284911365249324,971,360,-0.03921069129162352,0.31961407690269267,0.9023594207986984,0.31132168611160704,22.029398152786317,0.9887245898819708,18.50241572228863
5,polyarchy_decline,Y_gini_mkt,Market,gini,instr-econleft_w5_trt-polyarchy_gapany_illibany_exclyr,polyarchy_decline,1285,494,-0.0140523141998678,0.4284911365249324,971,360,-0.01735370512903805,0.3224709792687304,0.9570827330475878,0.9486968542266792,20.720526614707293,0.9634813243784576,15.174000202808031
5,polyarchy_decline,Y_debt,Debt / GDP,fiscal,instr-econleft_w5_trt-polyarchy_gapany_illibany_exclyr,polyarchy_decline,1285,494,-0.0140523141998678,0.4284911365249324,1197,459,-9.90014183710503,10.930702052977836,0.365084733829026,1657.6038166558433,3570.7733371148192,0.6424942627255719,15.588080412418254
5,polyarchy_decline,Y_deficit,Deficit / GDP,fiscal,instr-econleft_w5_trt-polyarchy_gapany_illibany_exclyr,polyarchy_decline,1285,494,-0.0140523141998678,0.4284911365249324,1049,410,-1.5665980648388544,2.033241562755163,0.44100760100885394,570.4701343927477,2504.5645906579953,0.819823356119211,21.652202740287336
5,polyarchy_decline,Y_checks_balances,Checks & balances,institutions,instr-econleft_w5_trt-polyarchy_gapany_illibany_exclyr,polyarchy_decline,1285,494,-0.0140523141998678,0.4284911365249324,1255,486,-0.01499215449040356,0.01666615546196119,0.3683561232822991,-0.3132292455761828,3.298784192240358,0.9243522092629426,21.453304106419512
5,polyarchy_decline,Y_jucon,Judicial constraints,institutions,instr-econleft_w5_trt-polyarchy_gapany_illibany_exclyr,polyarchy_decline,1285,494,-0.0140523141998678,0.4284911365249324,1285,494,-0.0071022630351405,0.01976352860516474,0.7193242275410545,4.193032847967031,10.292742039844374,0.6837306550490857,15.520391220173058
5,polyarchy_decline,Y_legcon,Legislative constraints,institutions,instr-econleft_w5_trt-polyarchy_gapany_illibany_exclyr,polyarchy_decline,1285,494,-0.0140523141998678,0.4284911365249324,1255,486,0.00942406249633134,0.02163690297158523,0.6631595850902692,1.1690232871357182,5.928831544775269,0.8436898113520351,19.516779612071694
5,polyarchy_decline,Y_hos_power,HOS,exec_power,instr-econleft_w5_trt-polyarchy_gapany_illibany_exclyr,polyarchy_decline,1285,494,-0.0140523141998678,0.4284911365249324,1285,494,0.01564885538922478,0.01408904787031324,0.2666929205078174,-3.958320993799635,7.764323766395596,0.6101853827932049,18.00938373714502
5,polyarchy_decline,Y_hog_power,HOG,exec_power,instr-econleft_w5_trt-polyarchy_gapany_illibany_exclyr,polyarchy_decline,1285,494,-0.0140523141998678,0.4284911365249324,655,241,-0.03053350887740512,0.01327623473395043,0.02145603480962109,-1.0741795085074832,2.9477708405882153,0.7155563430993837,18.29940758808153
5,polyarchy_decline,Y_hos_power_vdem,HOS (v2ex_hosw),exec_power_alt,instr-econleft_w5_trt-polyarchy_gapany_illibany_exclyr,polyarchy_decline,1285,494,-0.0140523141998678,0.4284911365249324,1285,494,0.00914346333541889,0.02102871268161053,0.6637014236634969,-1.6291567334324428,4.836339957659775,0.7362244267261691,15.70977279974534
5,polyarchy_decline,Y_hog_power_vdem,HOG (v2ex_hogw),exec_power_alt,instr-econleft_w5_trt-polyarchy_gapany_illibany_exclyr,polyarchy_decline,1285,494,-0.0140523141998678,0.4284911365249324,1285,494,-0.01430045406276744,0.02225476614905098,0.5204970597381571,3.082079673668284,7.733330534550059,0.6902285462879623,15.371988389897158
6,backsliding_Nyr,Y_gdp_growth,PWT,growth,instr-econleft_w6_trt-ert_gapany_illibany_exclyr,backsliding_Nyr,1343,164,0.0557433086698141,0.2979298009251384,1175,146,-0.02415540366883939,0.02882226578332691,0.4019850116244926,-0.1420736565653457,0.5310377441485049,0.7890536837622724,17.238602278020235
6,backsliding_Nyr,Y_gdp_growth_wb,World Bank,growth,instr-econleft_w6_trt-ert_gapany_illibany_exclyr,backsliding_Nyr,1343,164,0.0557433086698141,0.2979298009251384,1200,151,-6.159569830021527e-4,0.02452706543844792,0.9799645451411751,0.06818688623081368,0.5446933055469458,0.9003778845184013,18.387363861250503
6,backsliding_Nyr,Y_gdp_growth_imf,IMF WEO,growth,instr-econleft_w6_trt-ert_gapany_illibany_exclyr,backsliding_Nyr,1343,164,0.0557433086698141,0.2979298009251384,915,119,-0.02122827462941549,0.02308580588403092,0.35781426492994906,1.7569849625075915,7.086533812847913,0.804186314844333,27.379462425636017
6,backsliding_Nyr,Y_inflation,"CPI, cumulative log",inflation,instr-econleft_w6_trt-ert_gapany_illibany_exclyr,backsliding_Nyr,1343,164,0.0557433086698141,0.2979298009251384,1093,135,-0.09764929991449278,0.2071565226259301,0.6373698841082331,-2.511562588689786,27.622941840837974,0.9275537213783166,20.9794143481156
6,backsliding_Nyr,Y_unemployment,Unemployment rate,unemployment,instr-econleft_w6_trt-ert_gapany_illibany_exclyr,backsliding_Nyr,1343,164,0.0557433086698141,0.2979298009251384,850,134,0.7259393025224556,0.5789614234866606,0.20989118067108944,9.230139597713876,21.00422972900748,0.6603413381736657,17.810088950769956
6,backsliding_Nyr,Y_trade_pct_gdp,Trade / GDP,trade,instr-econleft_w6_trt-ert_gapany_illibany_exclyr,backsliding_Nyr,1343,164,0.0557433086698141,0.2979298009251384,1078,137,-5.886959353230986,3.119536380896409,0.05914333122773808,-86.46935934891862,122.9205639926864,0.481770852382755,19.464914286995064
6,backsliding_Nyr,Y_top10_share,Top-10% income share,top10,instr-econleft_w6_trt-ert_gapany_illibany_exclyr,backsliding_Nyr,1343,164,0.0557433086698141,0.2979298009251384,1112,142,-1.0056771877702968,0.6694578100635352,0.13303865215185964,-10.915441993510576,15.005278177697743,0.4669563588863276,17.56608264989996
6,backsliding_Nyr,Y_gini_disp,Disposable,gini,instr-econleft_w6_trt-ert_gapany_illibany_exclyr,backsliding_Nyr,1343,164,0.0557433086698141,0.2979298009251384,942,121,0.14448288341921062,0.38382612353075785,0.7065987653370154,1.2384002524403557,10.611163848760826,0.907092007504887,22.69000204538013
6,backsliding_Nyr,Y_gini_mkt,Market,gini,instr-econleft_w6_trt-ert_gapany_illibany_exclyr,backsliding_Nyr,1343,164,0.0557433086698141,0.2979298009251384,942,121,0.06563589190990601,0.3838838197124936,0.8642406460876677,0.4787018377041119,13.426789373831191,0.9715592541648228,23.71127787120149
6,backsliding_Nyr,Y_debt,Debt / GDP,fiscal,instr-econleft_w6_trt-ert_gapany_illibany_exclyr,backsliding_Nyr,1343,164,0.0557433086698141,0.2979298009251384,1161,146,-13.666987155563278,12.365441948004646,0.2690483886678454,-110.35629831568812,298.8319667901807,0.7119099790483332,16.30591644779801
6,backsliding_Nyr,Y_deficit,Deficit / GDP,fiscal,instr-econleft_w6_trt-ert_gapany_illibany_exclyr,backsliding_Nyr,1343,164,0.0557433086698141,0.2979298009251384,1013,128,0.1552681092737897,1.1467009216982782,0.892292311640994,1.1311989536384266,24.9888826931084,0.9638936230281993,14.946084090387432
6,backsliding_Nyr,Y_checks_balances,Checks & balances,institutions,instr-econleft_w6_trt-ert_gapany_illibany_exclyr,backsliding_Nyr,1343,164,0.0557433086698141,0.2979298009251384,1225,154,-0.01378431940528512,0.01963086112783842,0.4825694152184043,-0.18937113539133607,0.27385277932913515,0.489246933887444,14.408362256148632
6,backsliding_Nyr,Y_jucon,Judicial constraints,institutions,instr-econleft_w6_trt-ert_gapany_illibany_exclyr,backsliding_Nyr,1343,164,0.0557433086698141,0.2979298009251384,1254,156,0.00963692946326223,0.02067141302334507,0.6410752331114751,0.03692019617490282,0.7678314774018289,0.9616495182555096,21.78333446403988
6,backsliding_Nyr,Y_legcon,Legislative constraints,institutions,instr-econleft_w6_trt-ert_gapany_illibany_exclyr,backsliding_Nyr,1343,164,0.0557433086698141,0.2979298009251384,1225,154,0.0028292660221519,0.02450230963466808,0.9080731048529656,-0.04133858363672955,0.41245366582292114,0.9201649000615212,16.228397745173787
6,backsliding_Nyr,Y_hos_power,HOS,exec_power,instr-econleft_w6_trt-ert_gapany_illibany_exclyr,backsliding_Nyr,1343,164,0.0557433086698141,0.2979298009251384,1254,156,0.01533493752983531,0.01567333862141641,0.3278720167836195,0.1847152058251396,0.25073527808845286,0.461308381521082,15.425316031171135
6,backsliding_Nyr,Y_hog_power,HOG,exec_power,instr-econleft_w6_trt-ert_gapany_illibany_exclyr,backsliding_Nyr,1343,164,0.0557433086698141,0.2979298009251384,633,88,-0.02329999129796517,0.01311774326082721,0.07569674639121167,-0.13209247528858295,0.1499481728049976,0.3783606490767298,14.626260011944751
6,backsliding_Nyr,Y_hos_power_vdem,HOS (v2ex_hosw),exec_power_alt,instr-econleft_w6_trt-ert_gapany_illibany_exclyr,backsliding_Nyr,1343,164,0.0557433086698141,0.2979298009251384,1254,156,-0.00684896667669836,0.02702033638182926,0.799901551853172,-0.07500245829633598,0.44848623240968993,0.8671853861334398,13.623944990566368
6,backsliding_Nyr,Y_hog_power_vdem,HOG (v2ex_hogw),exec_power_alt,instr-econleft_w6_trt-ert_gapany_illibany_exclyr,backsliding_Nyr,1343,164,0.0557433086698141,0.2979298009251384,1254,156,2.5927200539858225e-4,0.02858457517925477,0.992763009688542,0.03375346330258922,0.4302666035904737,0.9374718612972788,13.44812614506591
6,backsliding_union_Nyr,Y_gdp_growth,PWT,growth,instr-econleft_w6_trt-ertOrDdcg_gapany_illibany_exclyr,backsliding_union_Nyr,1343,186,0.06154339113360546,0.3486133816075362,1175,168,-0.02415540366883939,0.02882226578332691,0.4019850116244926,-0.3525390811631822,1.6807525345978451,0.8338622246289407,20.478656975661785
6,backsliding_union_Nyr,Y_gdp_growth_wb,World Bank,growth,instr-econleft_w6_trt-ertOrDdcg_gapany_illibany_exclyr,backsliding_union_Nyr,1343,186,0.06154339113360546,0.3486133816075362,1200,172,-6.159569830021527e-4,0.02452706543844792,0.9799645451411751,0.01873499712016779,1.1931992730323278,0.9874725445365952,20.78426065850268
6,backsliding_union_Nyr,Y_gdp_growth_imf,IMF WEO,growth,instr-econleft_w6_trt-ertOrDdcg_gapany_illibany_exclyr,backsliding_union_Nyr,1343,186,0.06154339113360546,0.3486133816075362,915,134,-0.02122827462941549,0.02308580588403092,0.35781426492994906,-0.2489458113622244,5.228325683951264,0.9620232169606006,22.756950263621352
6,backsliding_union_Nyr,Y_inflation,"CPI, cumulative log",inflation,instr-econleft_w6_trt-ertOrDdcg_gapany_illibany_exclyr,backsliding_union_Nyr,1343,186,0.06154339113360546,0.3486133816075362,1093,151,-0.09764929991449278,0.2071565226259301,0.6373698841082331,89.84974603982542,431.5161518978758,0.8350581829947128,19.873608261644904
6,backsliding_union_Nyr,Y_unemployment,Unemployment rate,unemployment,instr-econleft_w6_trt-ertOrDdcg_gapany_illibany_exclyr,backsliding_union_Nyr,1343,186,0.06154339113360546,0.3486133816075362,850,149,0.7259393025224556,0.5789614234866606,0.20989118067108944,6.880472741429443,12.438341664247762,0.5801494690102699,16.582763449731488
6,backsliding_union_Nyr,Y_trade_pct_gdp,Trade / GDP,trade,instr-econleft_w6_trt-ertOrDdcg_gapany_illibany_exclyr,backsliding_union_Nyr,1343,186,0.06154339113360546,0.3486133816075362,1078,155,-5.886959353230986,3.119536380896409,0.05914333122773808,-160.79880054070438,481.9238903929509,0.7386360188740829,22.48212940020715
6,backsliding_union_Nyr,Y_top10_share,Top-10% income share,top10,instr-econleft_w6_trt-ertOrDdcg_gapany_illibany_exclyr,backsliding_union_Nyr,1343,186,0.06154339113360546,0.3486133816075362,1112,161,-1.0056771877702968,0.6694578100635352,0.13303865215185964,-8.916124050501194,12.16076006953041,0.4634437383611594,16.589173460898976
6,backsliding_union_Nyr,Y_gini_disp,Disposable,gini,instr-econleft_w6_trt-ertOrDdcg_gapany_illibany_exclyr,backsliding_union_Nyr,1343,186,0.06154339113360546,0.3486133816075362,942,134,0.14448288341921062,0.38382612353075785,0.7065987653370154,1.3885091993101537,5.414479663275337,0.7976082478454195,18.20788963430193
6,backsliding_union_Nyr,Y_gini_mkt,Market,gini,instr-econleft_w6_trt-ertOrDdcg_gapany_illibany_exclyr,backsliding_union_Nyr,1343,186,0.06154339113360546,0.3486133816075362,942,134,0.06563589190990601,0.3838838197124936,0.8642406460876677,0.26608680868659773,6.122917396011992,0.9653368261875686,20.157747220884023
6,backsliding_union_Nyr,Y_debt,Debt / GDP,fiscal,instr-econleft_w6_trt-ertOrDdcg_gapany_illibany_exclyr,backsliding_union_Nyr,1343,186,0.06154339113360546,0.3486133816075362,1161,165,-13.666987155563278,12.365441948004646,0.2690483886678454,-174.23029583312825,1102.1099913783903,0.8743875052824543,19.85699183768597
6,backsliding_union_Nyr,Y_deficit,Deficit / GDP,fiscal,instr-econleft_w6_trt-ertOrDdcg_gapany_illibany_exclyr,backsliding_union_Nyr,1343,186,0.06154339113360546,0.3486133816075362,1013,139,0.1552681092737897,1.1467009216982782,0.892292311640994,1.486271355069043,22.148275554004492,0.9464977064190868,15.322492774989618
6,backsliding_union_Nyr,Y_checks_balances,Checks & balances,institutions,instr-econleft_w6_trt-ertOrDdcg_gapany_illibany_exclyr,backsliding_union_Nyr,1343,186,0.06154339113360546,0.3486133816075362,1225,170,-0.01378431940528512,0.01963086112783842,0.4825694152184043,-0.18170857772747856,0.2664583438432179,0.4952769510555202,14.28892919232996
6,backsliding_union_Nyr,Y_jucon,Judicial constraints,institutions,instr-econleft_w6_trt-ertOrDdcg_gapany_illibany_exclyr,backsliding_union_Nyr,1343,186,0.06154339113360546,0.3486133816075362,1254,178,0.00963692946326223,0.02067141302334507,0.6410752331114751,-0.08572102399694115,5.616977452801096,0.9878239093236324,22.97034419361628
6,backsliding_union_Nyr,Y_legcon,Legislative constraints,institutions,instr-econleft_w6_trt-ertOrDdcg_gapany_illibany_exclyr,backsliding_union_Nyr,1343,186,0.06154339113360546,0.3486133816075362,1225,170,0.0028292660221519,0.02450230963466808,0.9080731048529656,-0.0474999646238986,0.3902125369539888,0.9031140863624744,15.81888798246396
6,backsliding_union_Nyr,Y_hos_power,HOS,exec_power,instr-econleft_w6_trt-ertOrDdcg_gapany_illibany_exclyr,backsliding_union_Nyr,1343,186,0.06154339113360546,0.3486133816075362,1254,178,0.01533493752983531,0.01567333862141641,0.3278720167836195,0.3005157339300197,0.9027291047852988,0.7392120983434886,18.640767612028984
6,backsliding_union_Nyr,Y_hog_power,HOG,exec_power,instr-econleft_w6_trt-ertOrDdcg_gapany_illibany_exclyr,backsliding_union_Nyr,1343,186,0.06154339113360546,0.3486133816075362,633,101,-0.02329999129796517,0.01311774326082721,0.07569674639121167,-0.18311245082298433,0.215750577133781,0.3960355126381255,17.32259983392818
6,backsliding_union_Nyr,Y_hos_power_vdem,HOS (v2ex_hosw),exec_power_alt,instr-econleft_w6_trt-ertOrDdcg_gapany_illibany_exclyr,backsliding_union_Nyr,1343,186,0.06154339113360546,0.3486133816075362,1254,178,-0.00684896667669836,0.02702033638182926,0.799901551853172,0.03943518043363725,1.1295305711344394,0.97214919942705,14.440677593888088
6,backsliding_union_Nyr,Y_hog_power_vdem,HOG (v2ex_hogw),exec_power_alt,instr-econleft_w6_trt-ertOrDdcg_gapany_illibany_exclyr,backsliding_union_Nyr,1343,186,0.06154339113360546,0.3486133816075362,1254,178,2.5927200539858225e-4,0.02858457517925477,0.992763009688542,0.02219768466230799,0.8957873244143704,0.9802303772762484,14.352807176904314
6,polyarchy_decline,Y_gdp_growth,PWT,growth,instr-econleft_w6_trt-polyarchy_gapany_illibany_exclyr,polyarchy_decline,1254,455,-0.01495825424531768,0.42877464618933664,1175,404,-0.02415540366883939,0.02882226578332691,0.4019850116244926,1.773505647984689,2.4494065389861848,0.4690318202858126,25.795075435705005
6,polyarchy_decline,Y_gdp_growth_wb,World Bank,growth,instr-econleft_w6_trt-polyarchy_gapany_illibany_exclyr,polyarchy_decline,1254,455,-0.01495825424531768,0.42877464618933664,1200,427,-6.159569830021527e-4,0.02452706543844792,0.9799645451411751,-0.17650484634308128,3.26184368477025,0.9568459411958212,22.727656251600656
6,polyarchy_decline,Y_gdp_growth_imf,IMF WEO,growth,instr-econleft_w6_trt-polyarchy_gapany_illibany_exclyr,polyarchy_decline,1254,455,-0.01495825424531768,0.42877464618933664,915,332,-0.02122827462941549,0.02308580588403092,0.35781426492994906,0.3165674443235895,11.26524253368865,0.9775813937443762,18.60701452343249
6,polyarchy_decline,Y_inflation,"CPI, cumulative log",inflation,instr-econleft_w6_trt-polyarchy_gapany_illibany_exclyr,polyarchy_decline,1254,455,-0.01495825424531768,0.42877464618933664,1093,390,-0.09764929991449278,0.2071565226259301,0.6373698841082331,22.072421938016863,69.10021633107637,0.7494033193862495,22.301814401358172
6,polyarchy_decline,Y_unemployment,Unemployment rate,unemployment,instr-econleft_w6_trt-polyarchy_gapany_illibany_exclyr,polyarchy_decline,1254,455,-0.01495825424531768,0.42877464618933664,850,377,0.7259393025224556,0.5789614234866606,0.20989118067108944,-1817.4192497124984,5192.756029421394,0.7263452533766146,20.42406963344062
6,polyarchy_decline,Y_trade_pct_gdp,Trade / GDP,trade,instr-econleft_w6_trt-polyarchy_gapany_illibany_exclyr,polyarchy_decline,1254,455,-0.01495825424531768,0.42877464618933664,1078,392,-5.886959353230986,3.119536380896409,0.05914333122773808,1783.6557331381573,4584.639869780089,0.6972389027370793,16.404014191799252
6,polyarchy_decline,Y_top10_share,Top-10% income share,top10,instr-econleft_w6_trt-polyarchy_gapany_illibany_exclyr,polyarchy_decline,1254,455,-0.01495825424531768,0.42877464618933664,1112,395,-1.0056771877702968,0.6694578100635352,0.13303865215185964,-58.66269815215117,223.36656555323935,0.7928359921361317,20.98965489572826
6,polyarchy_decline,Y_gini_disp,Disposable,gini,instr-econleft_w6_trt-polyarchy_gapany_illibany_exclyr,polyarchy_decline,1254,455,-0.01495825424531768,0.42877464618933664,942,326,0.14448288341921062,0.38382612353075785,0.7065987653370154,4.54439607236209,21.94182878709047,0.8359231014597827,18.35275355996067
6,polyarchy_decline,Y_gini_mkt,Market,gini,instr-econleft_w6_trt-polyarchy_gapany_illibany_exclyr,polyarchy_decline,1254,455,-0.01495825424531768,0.42877464618933664,942,326,0.06563589190990601,0.3838838197124936,0.8642406460876677,1.5923986794149707,20.613329166380225,0.9384239329051652,16.093707961240987
6,polyarchy_decline,Y_debt,Debt / GDP,fiscal,instr-econleft_w6_trt-polyarchy_gapany_illibany_exclyr,polyarchy_decline,1254,455,-0.01495825424531768,0.42877464618933664,1161,419,-13.666987155563278,12.365441948004646,0.2690483886678454,2131.513125707016,4282.5104981916975,0.6186777879424896,16.870709248613107
6,polyarchy_decline,Y_deficit,Deficit / GDP,fiscal,instr-econleft_w6_trt-polyarchy_gapany_illibany_exclyr,polyarchy_decline,1254,455,-0.01495825424531768,0.42877464618933664,1013,369,0.1552681092737897,1.1467009216982782,0.892292311640994,6.405870357246898,94.53957296361595,0.9459777898819692,17.546562489968196
6,polyarchy_decline,Y_checks_balances,Checks & balances,institutions,instr-econleft_w6_trt-polyarchy_gapany_illibany_exclyr,polyarchy_decline,1254,455,-0.01495825424531768,0.42877464618933664,1225,450,-0.01378431940528512,0.01963086112783842,0.4825694152184043,-0.24993303235953543,22.87921073464132,0.9912840637769432,23.35864735095784
6,polyarchy_decline,Y_jucon,Judicial constraints,institutions,instr-econleft_w6_trt-polyarchy_gapany_illibany_exclyr,polyarchy_decline,1254,455,-0.01495825424531768,0.42877464618933664,1254,455,0.00963692946326223,0.02067141302334507,0.6410752331114751,0.6448601634897457,3.3973172670901386,0.8494544734779956,19.2772068636484
6,polyarchy_decline,Y_legcon,Legislative constraints,institutions,instr-econleft_w6_trt-polyarchy_gapany_illibany_exclyr,polyarchy_decline,1254,455,-0.01495825424531768,0.42877464618933664,1225,450,0.0028292660221519,0.02450230963466808,0.9080731048529656,1.2939382099220809,28.517007112275323,0.9638089941865966,22.755214716473976
6,polyarchy_decline,Y_hos_power,HOS,exec_power,instr-econleft_w6_trt-polyarchy_gapany_illibany_exclyr,polyarchy_decline,1254,455,-0.01495825424531768,0.42877464618933664,1254,455,0.01533493752983531,0.01567333862141641,0.3278720167836195,-1.619019203738388,3.7424354259023063,0.6652973051515394,19.47968652648906
6,polyarchy_decline,Y_hog_power,HOG,exec_power,instr-econleft_w6_trt-polyarchy_gapany_illibany_exclyr,polyarchy_decline,1254,455,-0.01495825424531768,0.42877464618933664,633,228,-0.02329999129796517,0.01311774326082721,0.07569674639121167,-0.4892359735093146,1.588744169432258,0.7581289010299754,15.899251510395429
6,polyarchy_decline,Y_hos_power_vdem,HOS (v2ex_hosw),exec_power_alt,instr-econleft_w6_trt-polyarchy_gapany_illibany_exclyr,polyarchy_decline,1254,455,-0.01495825424531768,0.42877464618933664,1254,455,-0.00684896667669836,0.02702033638182926,0.799901551853172,1.8693551502832917,5.569293536764764,0.7371318659191981,14.987044653075316
6,polyarchy_decline,Y_hog_power_vdem,HOG (v2ex_hogw),exec_power_alt,instr-econleft_w6_trt-polyarchy_gapany_illibany_exclyr,polyarchy_decline,1254,455,-0.01495825424531768,0.42877464618933664,1254,455,2.5927200539858225e-4,0.02858457517925477,0.992763009688542,-0.1529239875074713,3.73740979059955,0.967361981330661,15.171130200841068
7,backsliding_Nyr,Y_gdp_growth,PWT,growth,instr-econleft_w7_trt-ert_gapany_illibany_exclyr,backsliding_Nyr,1343,177,0.06417043517372709,0.25983525022731035,1152,156,-0.01386092630078059,0.0286815847246438,0.628904611286303,0.01456582812877035,0.4502439093563592,0.9741921606348,16.592514800384794
7,backsliding_Nyr,Y_gdp_growth_wb,World Bank,growth,instr-econleft_w7_trt-ert_gapany_illibany_exclyr,backsliding_Nyr,1343,177,0.06417043517372709,0.25983525022731035,1172,158,0.00806350062162727,0.02466733067286535,0.7437511799271943,0.163815821501426,0.4626940750813848,0.7233030575597951,17.29414740844863
7,backsliding_Nyr,Y_gdp_growth_imf,IMF WEO,growth,instr-econleft_w7_trt-ert_gapany_illibany_exclyr,backsliding_Nyr,1343,177,0.06417043517372709,0.25983525022731035,893,128,-0.01936536422498463,0.02380964757260503,0.4160225362980449,0.3280167027866284,5.37152443786494,0.9513067665414998,20.629588899754353
7,backsliding_Nyr,Y_inflation,"CPI, cumulative log",inflation,instr-econleft_w7_trt-ert_gapany_illibany_exclyr,backsliding_Nyr,1343,177,0.06417043517372709,0.25983525022731035,1065,142,-0.09658783167362416,0.19839828736949533,0.6263731164883287,14.975869439870367,54.46569894425971,0.7833472396018889,27.424035756798887
7,backsliding_Nyr,Y_unemployment,Unemployment rate,unemployment,instr-econleft_w7_trt-ert_gapany_illibany_exclyr,backsliding_Nyr,1343,177,0.06417043517372709,0.25983525022731035,815,141,0.46204500438456125,0.6179426213730294,0.4546320451607447,3.852521785936012,10.135021401484186,0.703856526951112,17.846046283170768
7,backsliding_Nyr,Y_trade_pct_gdp,Trade / GDP,trade,instr-econleft_w7_trt-ert_gapany_illibany_exclyr,backsliding_Nyr,1343,177,0.06417043517372709,0.25983525022731035,1052,144,-5.260127143129887,3.398375488327349,0.1216618418304922,-40.7322541683397,46.54024972444361,0.38146243267758995,15.681438474641318
7,backsliding_Nyr,Y_top10_share,Top-10% income share,top10,instr-econleft_w7_trt-ert_gapany_illibany_exclyr,backsliding_Nyr,1343,177,0.06417043517372709,0.25983525022731035,1083,149,-1.0545886310206591,0.673279363700938,0.11726757045127068,-10.06651777515393,12.234301369914538,0.4106154788945527,17.797305899231823
7,backsliding_Nyr,Y_gini_disp,Disposable,gini,instr-econleft_w7_trt-ert_gapany_illibany_exclyr,backsliding_Nyr,1343,177,0.06417043517372709,0.25983525022731035,905,122,0.1759817885038742,0.41908258628934897,0.6745428004536709,1.4177126498242134,7.759558431287707,0.8550292368650607,20.53086710608217
7,backsliding_Nyr,Y_gini_mkt,Market,gini,instr-econleft_w7_trt-ert_gapany_illibany_exclyr,backsliding_Nyr,1343,177,0.06417043517372709,0.25983525022731035,905,122,-0.02836336001104236,0.44357538912481104,0.9490159383476856,-0.7541102685322357,6.933289657896571,0.9133876244561328,20.3006961071008
7,backsliding_Nyr,Y_debt,Debt / GDP,fiscal,instr-econleft_w7_trt-ert_gapany_illibany_exclyr,backsliding_Nyr,1343,177,0.06417043517372709,0.25983525022731035,1133,154,-15.159165884437854,11.950439163083772,0.2046184411427086,-218.64568027468505,338.5321100954433,0.5183674787690027,18.57014296975669
7,backsliding_Nyr,Y_deficit,Deficit / GDP,fiscal,instr-econleft_w7_trt-ert_gapany_illibany_exclyr,backsliding_Nyr,1343,177,0.06417043517372709,0.25983525022731035,984,136,0.16973251282732366,1.1080554491746843,0.8782559170679235,-0.26221991359744173,18.548414707746534,0.9887206397381372,15.382275627295188
7,backsliding_Nyr,Y_checks_balances,Checks & balances,institutions,instr-econleft_w7_trt-ert_gapany_illibany_exclyr,backsliding_Nyr,1343,177,0.06417043517372709,0.25983525022731035,1187,161,4.0236337759091273e-4,0.02011901638518095,0.9840440446432256,-0.23339358503028504,0.3087850693299542,0.4497422605157935,16.869131813677424
7,backsliding_Nyr,Y_jucon,Judicial constraints,institutions,instr-econleft_w7_trt-ert_gapany_illibany_exclyr,backsliding_Nyr,1343,177,0.06417043517372709,0.25983525022731035,1218,164,-0.00167600453889552,0.02471631145148645,0.9459371583117008,-0.12121506566389324,0.6254182862482124,0.8463212165429013,21.1737190479066
7,backsliding_Nyr,Y_legcon,Legislative constraints,institutions,instr-econleft_w7_trt-ert_gapany_illibany_exclyr,backsliding_Nyr,1343,177,0.06417043517372709,0.25983525022731035,1187,161,0.0140309416079068,0.02357114807999438,0.5516702562287781,0.27410183419011785,1.0931164770540736,0.8020053655030727,22.75472375742682
7,backsliding_Nyr,Y_hos_power,HOS,exec_power,instr-econleft_w7_trt-ert_gapany_illibany_exclyr,backsliding_Nyr,1343,177,0.06417043517372709,0.25983525022731035,1218,164,0.02068419930425169,0.01650199303225509,0.2100469189443331,0.20740713190287055,0.246034495070546,0.39922832432097105,14.30428033715598
7,backsliding_Nyr,Y_hog_power,HOG,exec_power,instr-econleft_w7_trt-ert_gapany_illibany_exclyr,backsliding_Nyr,1343,177,0.06417043517372709,0.25983525022731035,612,92,-0.0240384107264196,0.01253968194670947,0.05523954826052403,-0.08665620649549226,0.11549925785080002,0.45308909201646824,13.023558169748672
7,backsliding_Nyr,Y_hos_power_vdem,HOS (v2ex_hosw),exec_power_alt,instr-econleft_w7_trt-ert_gapany_illibany_exclyr,backsliding_Nyr,1343,177,0.06417043517372709,0.25983525022731035,1218,164,-0.00127930271751823,0.02772410955582934,0.9631954359839512,-0.16355834019441,0.37134933906334583,0.659616046758726,12.782014981486691
7,backsliding_Nyr,Y_hog_power_vdem,HOG (v2ex_hogw),exec_power_alt,instr-econleft_w7_trt-ert_gapany_illibany_exclyr,backsliding_Nyr,1343,177,0.06417043517372709,0.25983525022731035,1218,164,-0.00559348696029948,0.02937826310724721,0.8489992805526745,0.11288656223130492,0.3564175173066635,0.7514518003681364,12.517695516693358
7,backsliding_union_Nyr,Y_gdp_growth,PWT,growth,instr-econleft_w7_trt-ertOrDdcg_gapany_illibany_exclyr,backsliding_union_Nyr,1343,201,0.0715634274755834,0.30085874980026317,1152,180,-0.01386092630078059,0.0286815847246438,0.628904611286303,-0.06771805798143242,0.8149953648859488,0.933779886350747,18.458873404116822
7,backsliding_union_Nyr,Y_gdp_growth_wb,World Bank,growth,instr-econleft_w7_trt-ertOrDdcg_gapany_illibany_exclyr,backsliding_union_Nyr,1343,201,0.0715634274755834,0.30085874980026317,1172,181,0.00806350062162727,0.02466733067286535,0.7437511799271943,0.15166052431100294,0.9005666471771382,0.8662641524131629,17.583248363297372
7,backsliding_union_Nyr,Y_gdp_growth_imf,IMF WEO,growth,instr-econleft_w7_trt-ertOrDdcg_gapany_illibany_exclyr,backsliding_union_Nyr,1343,201,0.0715634274755834,0.30085874980026317,893,143,-0.01936536422498463,0.02380964757260503,0.4160225362980449,4.354407411039904,55.58311035181821,0.9375572199206748,24.96591767245796
7,backsliding_union_Nyr,Y_inflation,"CPI, cumulative log",inflation,instr-econleft_w7_trt-ertOrDdcg_gapany_illibany_exclyr,backsliding_union_Nyr,1343,201,0.0715634274755834,0.30085874980026317,1065,159,-0.09658783167362416,0.19839828736949533,0.6263731164883287,5.315950806770914,12.238880228558036,0.6640347050285951,27.602844939974407
7,backsliding_union_Nyr,Y_unemployment,Unemployment rate,unemployment,instr-econleft_w7_trt-ertOrDdcg_gapany_illibany_exclyr,backsliding_union_Nyr,1343,201,0.0715634274755834,0.30085874980026317,815,157,0.46204500438456125,0.6179426213730294,0.4546320451607447,2.8542295956449526,7.538511140332155,0.7049702151966724,16.823886888436125
7,backsliding_union_Nyr,Y_trade_pct_gdp,Trade / GDP,trade,instr-econleft_w7_trt-ertOrDdcg_gapany_illibany_exclyr,backsliding_union_Nyr,1343,201,0.0715634274755834,0.30085874980026317,1052,164,-5.260127143129887,3.398375488327349,0.1216618418304922,-71.84645498795763,129.1521294812434,0.5780104159770394,19.869303461469812
7,backsliding_union_Nyr,Y_top10_share,Top-10% income share,top10,instr-econleft_w7_trt-ertOrDdcg_gapany_illibany_exclyr,backsliding_union_Nyr,1343,201,0.0715634274755834,0.30085874980026317,1083,169,-1.0545886310206591,0.673279363700938,0.11726757045127068,-9.483688776387366,10.677231941444608,0.37442454710703527,18.178809613971666
7,backsliding_union_Nyr,Y_gini_disp,Disposable,gini,instr-econleft_w7_trt-ertOrDdcg_gapany_illibany_exclyr,backsliding_union_Nyr,1343,201,0.0715634274755834,0.30085874980026317,905,134,0.1759817885038742,0.41908258628934897,0.6745428004536709,1.3225139875065728,5.076583695855786,0.7944684019623225,17.985994937705396
7,backsliding_union_Nyr,Y_gini_mkt,Market,gini,instr-econleft_w7_trt-ertOrDdcg_gapany_illibany_exclyr,backsliding_union_Nyr,1343,201,0.0715634274755834,0.30085874980026317,905,134,-0.02836336001104236,0.44357538912481104,0.9490159383476856,-0.538436296212187,5.364820054319783,0.9200551278403516,19.030474619058413
7,backsliding_union_Nyr,Y_debt,Debt / GDP,fiscal,instr-econleft_w7_trt-ertOrDdcg_gapany_illibany_exclyr,backsliding_union_Nyr,1343,201,0.0715634274755834,0.30085874980026317,1133,174,-15.159165884437854,11.950439163083772,0.2046184411427086,-444.1166646502526,3348.119590963324,0.8944728802152854,23.375564026043264
7,backsliding_union_Nyr,Y_deficit,Deficit / GDP,fiscal,instr-econleft_w7_trt-ertOrDdcg_gapany_illibany_exclyr,backsliding_union_Nyr,1343,201,0.0715634274755834,0.30085874980026317,984,147,0.16973251282732366,1.1080554491746843,0.8782559170679235,0.06157368414363466,16.65523746524981,0.997050262410143,15.580087885014846
7,backsliding_union_Nyr,Y_checks_balances,Checks & balances,institutions,instr-econleft_w7_trt-ertOrDdcg_gapany_illibany_exclyr,backsliding_union_Nyr,1343,201,0.0715634274755834,0.30085874980026317,1187,179,4.0236337759091273e-4,0.02011901638518095,0.9840440446432256,-0.22971239696490617,0.3075246316087031,0.4550802509325782,16.522126628416757
7,backsliding_union_Nyr,Y_jucon,Judicial constraints,institutions,instr-econleft_w7_trt-ertOrDdcg_gapany_illibany_exclyr,backsliding_union_Nyr,1343,201,0.0715634274755834,0.30085874980026317,1218,188,-0.00167600453889552,0.02471631145148645,0.9459371583117008,-0.12845768796605447,1.3239487801593552,0.9227056067110204,22.0651006439415
7,backsliding_union_Nyr,Y_legcon,Legislative constraints,institutions,instr-econleft_w7_trt-ertOrDdcg_gapany_illibany_exclyr,backsliding_union_Nyr,1343,201,0.0715634274755834,0.30085874980026317,1187,179,0.0140309416079068,0.02357114807999438,0.5516702562287781,0.10765507569152936,0.7198188164965064,0.8811128936908613,21.37787823328154
7,backsliding_union_Nyr,Y_hos_power,HOS,exec_power,instr-econleft_w7_trt-ertOrDdcg_gapany_illibany_exclyr,backsliding_union_Nyr,1343,201,0.0715634274755834,0.30085874980026317,1218,188,0.02068419930425169,0.01650199303225509,0.2100469189443331,0.3134649581694607,0.6707768240136914,0.6402735805892776,15.75228516496501
7,backsliding_union_Nyr,Y_hog_power,HOG,exec_power,instr-econleft_w7_trt-ertOrDdcg_gapany_illibany_exclyr,backsliding_union_Nyr,1343,201,0.0715634274755834,0.30085874980026317,612,106,-0.0240384107264196,0.01253968194670947,0.05523954826052403,-0.08889259609457803,0.11142348393887196,0.4249920796816484,13.215222735102053
7,backsliding_union_Nyr,Y_hos_power_vdem,HOS (v2ex_hosw),exec_power_alt,instr-econleft_w7_trt-ertOrDdcg_gapany_illibany_exclyr,backsliding_union_Nyr,1343,201,0.0715634274755834,0.30085874980026317,1218,188,-0.00127930271751823,0.02772410955582934,0.9631954359839512,-0.1351627767433389,0.6934560495595747,0.845461985117869,14.28044333233614
7,backsliding_union_Nyr,Y_hog_power_vdem,HOG (v2ex_hogw),exec_power_alt,instr-econleft_w7_trt-ertOrDdcg_gapany_illibany_exclyr,backsliding_union_Nyr,1343,201,0.0715634274755834,0.30085874980026317,1218,188,-0.00559348696029948,0.02937826310724721,0.8489992805526745,0.02688081792090571,0.6500128614009781,0.9670134559032956,14.134452040415614
7,polyarchy_decline,Y_gdp_growth,PWT,growth,instr-econleft_w7_trt-polyarchy_gapany_illibany_exclyr,polyarchy_decline,1218,424,-0.0109392785368349,0.6181465856473625,1152,385,-0.01386092630078059,0.0286815847246438,0.628904611286303,0.8788779668627036,2.009611031286811,0.6618667106295983,23.971572071376404
7,polyarchy_decline,Y_gdp_growth_wb,World Bank,growth,instr-econleft_w7_trt-polyarchy_gapany_illibany_exclyr,polyarchy_decline,1218,424,-0.0109392785368349,0.6181465856473625,1172,402,0.00806350062162727,0.02466733067286535,0.7437511799271943,-1.3015910144315523,3.385028282252884,0.70059746685768165,21.487224885224737
7,polyarchy_decline,Y_gdp_growth_imf,IMF WEO,growth,instr-econleft_w7_trt-polyarchy_gapany_illibany_exclyr,polyarchy_decline,1218,424,-0.0109392785368349,0.6181465856473625,893,311,-0.01936536422498463,0.02380964757260503,0.4160225362980449,3.406691092482594,33.36630007218566,0.9186774947708066,19.128492985767963
7,polyarchy_decline,Y_inflation,"CPI, cumulative log",inflation,instr-econleft_w7_trt-polyarchy_gapany_illibany_exclyr,polyarchy_decline,1218,424,-0.0109392785368349,0.6181465856473625,1065,364,-0.09658783167362416,0.19839828736949533,0.6263731164883287,6.711702631485682,16.85733726850599,0.6905216399815329,25.019971651639626
7,polyarchy_decline,Y_unemployment,Unemployment rate,unemployment,instr-econleft_w7_trt-polyarchy_gapany_illibany_exclyr,polyarchy_decline,1218,424,-0.0109392785368349,0.6181465856473625,815,351,0.46204500438456125,0.6179426213730294,0.4546320451607447,-89.94430967982788,180.52414731565975,0.6183150541298268,24.148564980551072
7,polyarchy_decline,Y_trade_pct_gdp,Trade / GDP,trade,instr-econleft_w7_trt-polyarchy_gapany_illibany_exclyr,polyarchy_decline,1218,424,-0.0109392785368349,0.6181465856473625,1052,367,-5.260127143129887,3.398375488327349,0.1216618418304922,1583.10406653879,3627.434423157682,0.6625282040732247,15.62541520716982
7,polyarchy_decline,Y_top10_share,Top-10% income share,top10,instr-econleft_w7_trt-polyarchy_gapany_illibany_exclyr,polyarchy_decline,1218,424,-0.0109392785368349,0.6181465856473625,1083,370,-1.0545886310206591,0.673279363700938,0.11726757045127068,-45.83251891645678,139.33799405424426,0.7422082047026175,16.2087691687062
7,polyarchy_decline,Y_gini_disp,Disposable,gini,instr-econleft_w7_trt-polyarchy_gapany_illibany_exclyr,polyarchy_decline,1218,424,-0.0109392785368349,0.6181465856473625,905,303,0.1759817885038742,0.41908258628934897,0.6745428004536709,5.783464014109596,26.42334576036046,0.8267458231941283,19.120465310223334
7,polyarchy_decline,Y_gini_mkt,Market,gini,instr-econleft_w7_trt-polyarchy_gapany_illibany_exclyr,polyarchy_decline,1218,424,-0.0109392785368349,0.6181465856473625,905,303,-0.02836336001104236,0.44357538912481104,0.9490159383476856,-2.4239745943573676,23.719524841493968,0.91860331011021,18.772496536014938
7,polyarchy_decline,Y_debt,Debt / GDP,fiscal,instr-econleft_w7_trt-polyarchy_gapany_illibany_exclyr,polyarchy_decline,1218,424,-0.0109392785368349,0.6181465856473625,1133,391,-15.159165884437854,11.950439163083772,0.2046184411427086,2111.1287420146564,3508.342694757992,0.5473436883136003,17.838950539275064
7,polyarchy_decline,Y_deficit,Deficit / GDP,fiscal,instr-econleft_w7_trt-polyarchy_gapany_illibany_exclyr,polyarchy_decline,1218,424,-0.0109392785368349,0.6181465856473625,984,346,0.16973251282732366,1.1080554491746843,0.8782559170679235,-83.76590961691883,286.86587907161316,0.7702837642953771,23.72375866645146
7,polyarchy_decline,Y_checks_balances,Checks & balances,institutions,instr-econleft_w7_trt-polyarchy_gapany_illibany_exclyr,polyarchy_decline,1218,424,-0.0109392785368349,0.6181465856473625,1187,417,4.0236337759091273e-4,0.02011901638518095,0.9840440446432256,-1.43559475054081,3.837587438845055,0.7083389740580669,26.472747055411503
7,polyarchy_decline,Y_jucon,Judicial constraints,institutions,instr-econleft_w7_trt-polyarchy_gapany_illibany_exclyr,polyarchy_decline,1218,424,-0.0109392785368349,0.6181465856473625,1218,424,-0.00167600453889552,0.02471631145148645,0.9459371583117008,2.582546395420285,7.41373285650488,0.7275801276896885,19.099013591739485
7,polyarchy_decline,Y_legcon,Legislative constraints,institutions,instr-econleft_w7_trt-polyarchy_gapany_illibany_exclyr,polyarchy_decline,1218,424,-0.0109392785368349,0.6181465856473625,1187,417,0.0140309416079068,0.02357114807999438,0.5516702562287781,-10.3828947806298,20.919292778633427,0.619660855094315,25.954476923081252
7,polyarchy_decline,Y_hos_power,HOS,exec_power,instr-econleft_w7_trt-polyarchy_gapany_illibany_exclyr,polyarchy_decline,1218,424,-0.0109392785368349,0.6181465856473625,1218,424,0.02068419930425169,0.01650199303225509,0.2100469189443331,-1.9816530432339556,4.740114217859743,0.6759031117229168,20.245594969643356
7,polyarchy_decline,Y_hog_power,HOG,exec_power,instr-econleft_w7_trt-polyarchy_gapany_illibany_exclyr,polyarchy_decline,1218,424,-0.0109392785368349,0.6181465856473625,612,208,-0.0240384107264196,0.01253968194670947,0.05523954826052403,-0.35879994626875744,2.8742034507498055,0.9006545200923889,13.42952728569298
7,polyarchy_decline,Y_hos_power_vdem,HOS (v2ex_hosw),exec_power_alt,instr-econleft_w7_trt-polyarchy_gapany_illibany_exclyr,polyarchy_decline,1218,424,-0.0109392785368349,0.6181465856473625,1218,424,-0.00127930271751823,0.02772410955582934,0.9631954359839512,-2.301259779226811,3.996250798043653,0.5647134012601136,19.49250392057522
7,polyarchy_decline,Y_hog_power_vdem,HOG (v2ex_hogw),exec_power_alt,instr-econleft_w7_trt-polyarchy_gapany_illibany_exclyr,polyarchy_decline,1218,424,-0.0109392785368349,0.6181465856473625,1218,424,-0.00559348696029948,0.02937826310724721,0.8489992805526745,4.670717325879175,7.137335871252213,0.5128500976981161,19.375717248601017
8,backsliding_Nyr,Y_gdp_growth,PWT,growth,instr-econleft_w8_trt-ert_gapany_illibany_exclyr,backsliding_Nyr,1343,202,0.01857343825907145,0.7360187706688008,1116,173,-0.01530411081920049,0.03032136094399251,0.6137482482640897,-0.02320836936151545,0.9149330251613887,0.9797628750540306,17.076204886178413
8,backsliding_Nyr,Y_gdp_growth_wb,World Bank,growth,instr-econleft_w8_trt-ert_gapany_illibany_exclyr,backsliding_Nyr,1343,202,0.01857343825907145,0.7360187706688008,1147,180,0.00858667882187397,0.02748142214699086,0.7546955571204452,0.16034093631624774,1.9584446468497567,0.9347488430572942,20.28294262183482
8,backsliding_Nyr,Y_gdp_growth_imf,IMF WEO,growth,instr-econleft_w8_trt-ert_gapany_illibany_exclyr,backsliding_Nyr,1343,202,0.01857343825907145,0.7360187706688008,871,144,-0.02228894831134603,0.02568218416435832,0.3854622817345743,184.08934259197724,758.0431507525121,0.8081230684702604,19.91316351176348
8,backsliding_Nyr,Y_inflation,"CPI, cumulative log",inflation,instr-econleft_w8_trt-ert_gapany_illibany_exclyr,backsliding_Nyr,1343,202,0.01857343825907145,0.7360187706688008,1041,163,-0.1012493609370615,0.21376275042577683,0.6357473979830304,32.91150807607323,110.60425057133624,0.7660382673066951,24.1939550558114
8,backsliding_Nyr,Y_unemployment,Unemployment rate,unemployment,instr-econleft_w8_trt-ert_gapany_illibany_exclyr,backsliding_Nyr,1343,202,0.01857343825907145,0.7360187706688008,786,157,0.6663804430513081,0.689355972217948,0.3337085171626164,5.102117821967587,22.137691956622383,0.8177250298367427,17.497250291427115
8,backsliding_Nyr,Y_trade_pct_gdp,Trade / GDP,trade,instr-econleft_w8_trt-ert_gapany_illibany_exclyr,backsliding_Nyr,1343,202,0.01857343825907145,0.7360187706688008,1029,164,-5.141792947973356,3.698714140905536,0.1644812410113296,-45.67249223815419,73.85807179411377,0.5363236487132058,16.954787612702212
8,backsliding_Nyr,Y_top10_share,Top-10% income share,top10,instr-econleft_w8_trt-ert_gapany_illibany_exclyr,backsliding_Nyr,1343,202,0.01857343825907145,0.7360187706688008,1059,171,-1.1461936682173277,0.7563524135019628,0.12966537510112608,-10.303209443366423,25.425393700290115,0.68530622478634,18.073388431624913
8,backsliding_Nyr,Y_gini_disp,Disposable,gini,instr-econleft_w8_trt-ert_gapany_illibany_exclyr,backsliding_Nyr,1343,202,0.01857343825907145,0.7360187706688008,875,138,0.13490141057943483,0.47089496453831514,0.7745114509291364,-0.3096113188652456,18.57398653620167,0.9867006121120998,22.33075234394449
8,backsliding_Nyr,Y_gini_mkt,Market,gini,instr-econleft_w8_trt-ert_gapany_illibany_exclyr,backsliding_Nyr,1343,202,0.01857343825907145,0.7360187706688008,875,138,-0.1000980060456378,0.5068561001581524,0.8434456579589876,-2.521435671788592,12.83953741129342,0.8443123032722498,21.728671238212023
8,backsliding_Nyr,Y_debt,Debt / GDP,fiscal,instr-econleft_w8_trt-ert_gapany_illibany_exclyr,backsliding_Nyr,1343,202,0.01857343825907145,0.7360187706688008,1108,175,-13.995398449611628,11.873683999399203,0.23852144256850316,-337.99967244646473,990.3132915389584,0.7328733803234599,20.911095943265305
8,backsliding_Nyr,Y_deficit,Deficit / GDP,fiscal,instr-econleft_w8_trt-ert_gapany_illibany_exclyr,backsliding_Nyr,1343,202,0.01857343825907145,0.7360187706688008,960,157,0.7168108362276495,1.005096932175681,0.4757369622506343,-9.501013221110837,71.10077101162265,0.8936971935992677,15.758759361599733
8,backsliding_Nyr,Y_checks_balances,Checks & balances,institutions,instr-econleft_w8_trt-ert_gapany_illibany_exclyr,backsliding_Nyr,1343,202,0.01857343825907145,0.7360187706688008,1157,178,-0.00564867703224581,0.02423016395885689,0.8156636996364587,-0.2604003951074958,0.5293104773851878,0.6227465356529016,16.703201840095815
8,backsliding_Nyr,Y_jucon,Judicial constraints,institutions,instr-econleft_w8_trt-ert_gapany_illibany_exclyr,backsliding_Nyr,1343,202,0.01857343825907145,0.7360187706688008,1190,184,0.00751138977517742,0.02331375533849595,0.7473110036213044,-0.14787513398507385,0.9269943462435124,0.8732583560173275,19.733859203607437
8,backsliding_Nyr,Y_legcon,Legislative constraints,institutions,instr-econleft_w8_trt-ert_gapany_illibany_exclyr,backsliding_Nyr,1343,202,0.01857343825907145,0.7360187706688008,1157,178,0.01647225089164712,0.02744774696270964,0.5484187626976813,-0.01101513641633578,1.3148887214578695,0.9933160089197,19.341642809581117
8,backsliding_Nyr,Y_hos_power,HOS,exec_power,instr-econleft_w8_trt-ert_gapany_illibany_exclyr,backsliding_Nyr,1343,202,0.01857343825907145,0.7360187706688008,1190,184,0.01477553761038954,0.01747638067920638,0.397855436406328,0.208057766532228,0.35996415977289736,0.5632669660208807,15.308354179733705
8,backsliding_Nyr,Y_hog_power,HOG,exec_power,instr-econleft_w8_trt-ert_gapany_illibany_exclyr,backsliding_Nyr,1343,202,0.01857343825907145,0.7360187706688008,595,107,-0.02140079819478458,0.01388072414319807,0.12313099844401774,0.3287729813601906,3.590951227831378,0.9270508444924568,19.572329509789537
8,backsliding_Nyr,Y_hos_power_vdem,HOS (v2ex_hosw),exec_power_alt,instr-econleft_w8_trt-ert_gapany_illibany_exclyr,backsliding_Nyr,1343,202,0.01857343825907145,0.7360187706688008,1190,184,-0.01088781054464696,0.02445196173113279,0.6561221172594446,-0.13180685611688048,0.5160815361399498,0.7984147217967196,14.47053473920522
8,backsliding_Nyr,Y_hog_power_vdem,HOG (v2ex_hogw),exec_power_alt,instr-econleft_w8_trt-ert_gapany_illibany_exclyr,backsliding_Nyr,1343,202,0.01857343825907145,0.7360187706688008,1190,184,0.00726018647669263,0.02532164093676526,0.7743277631590779,0.1211574019758184,0.45256861503639206,0.7889221128888961,14.20719554011014
8,backsliding_union_Nyr,Y_gdp_growth,PWT,growth,instr-econleft_w8_trt-ertOrDdcg_gapany_illibany_exclyr,backsliding_union_Nyr,1343,226,0.05082477342156857,0.4723581197867271,1116,197,-0.01530411081920049,0.03032136094399251,0.6137482482640897,0.15437215509911564,6.457663388584365,0.9809281745579902,18.70269607971124
8,backsliding_union_Nyr,Y_gdp_growth_wb,World Bank,growth,instr-econleft_w8_trt-ertOrDdcg_gapany_illibany_exclyr,backsliding_union_Nyr,1343,226,0.05082477342156857,0.4723581197867271,1147,203,0.00858667882187397,0.02748142214699086,0.7546955571204452,-7.762600117537849,34.85770828986155,0.8237737243909762,20.20918836514
8,backsliding_union_Nyr,Y_gdp_growth_imf,IMF WEO,growth,instr-econleft_w8_trt-ertOrDdcg_gapany_illibany_exclyr,backsliding_union_Nyr,1343,226,0.05082477342156857,0.4723581197867271,871,158,-0.02228894831134603,0.02568218416435832,0.3854622817345743,0.4355012783290596,4.4943118677170535,0.9228053744170062,19.02848728940796
8,backsliding_union_Nyr,Y_inflation,"CPI, cumulative log",inflation,instr-econleft_w8_trt-ertOrDdcg_gapany_illibany_exclyr,backsliding_union_Nyr,1343,226,0.05082477342156857,0.4723581197867271,1041,179,-0.1012493609370615,0.21376275042577683,0.6357473979830304,2.9215047925413833,6.878802675136086,0.6710471912600302,26.465280283681125
8,backsliding_union_Nyr,Y_unemployment,Unemployment rate,unemployment,instr-econleft_w8_trt-ertOrDdcg_gapany_illibany_exclyr,backsliding_union_Nyr,1343,226,0.05082477342156857,0.4723581197867271,786,172,0.6663804430513081,0.689355972217948,0.3337085171626164,4.563008262290552,14.72687601238654,0.7566809277709504,17.109426314794327
8,backsliding_union_Nyr,Y_trade_pct_gdp,Trade / GDP,trade,instr-econleft_w8_trt-ertOrDdcg_gapany_illibany_exclyr,backsliding_union_Nyr,1343,226,0.05082477342156857,0.4723581197867271,1029,184,-5.141792947973356,3.698714140905536,0.1644812410113296,-71.11065419806975,283.2543055090939,0.8017763781388969,21.09635815860115
8,backsliding_union_Nyr,Y_top10_share,Top-10% income share,top10,instr-econleft_w8_trt-ertOrDdcg_gapany_illibany_exclyr,backsliding_union_Nyr,1343,226,0.05082477342156857,0.4723581197867271,1059,191,-1.1461936682173277,0.7563524135019628,0.12966537510112608,-7.961194299512364,17.472855869038195,0.6486545442908844,17.27277647083873
8,backsliding_union_Nyr,Y_gini_disp,Disposable,gini,instr-econleft_w8_trt-ertOrDdcg_gapany_illibany_exclyr,backsliding_union_Nyr,1343,226,0.05082477342156857,0.4723581197867271,875,149,0.13490141057943483,0.47089496453831514,0.7745114509291364,0.5670006935963869,9.493065978102283,0.9523723673447644,19.86909684479069
8,backsliding_union_Nyr,Y_gini_mkt,Market,gini,instr-econleft_w8_trt-ertOrDdcg_gapany_illibany_exclyr,backsliding_union_Nyr,1343,226,0.05082477342156857,0.4723581197867271,875,149,-0.1000980060456378,0.5068561001581524,0.8434456579589876,-1.732694294052477,8.424043784759196,0.8370374540434418,19.28735733632097
8,backsliding_union_Nyr,Y_debt,Debt / GDP,fiscal,instr-econleft_w8_trt-ertOrDdcg_gapany_illibany_exclyr,backsliding_union_Nyr,1343,226,0.05082477342156857,0.4723581197867271,1108,195,-13.995398449611628,11.873683999399203,0.23852144256850316,118.92249722057043,2410.12431935435,0.960646040495364,18.760813883888165
8,backsliding_union_Nyr,Y_deficit,Deficit / GDP,fiscal,instr-econleft_w8_trt-ertOrDdcg_gapany_illibany_exclyr,backsliding_union_Nyr,1343,226,0.05082477342156857,0.4723581197867271,960,167,0.7168108362276495,1.005096932175681,0.4757369622506343,-0.01988679581597097,32.82114431343491,0.9995165504827324,14.97128811838491
8,backsliding_union_Nyr,Y_checks_balances,Checks & balances,institutions,instr-econleft_w8_trt-ertOrDdcg_gapany_illibany_exclyr,backsliding_union_Nyr,1343,226,0.05082477342156857,0.4723581197867271,1157,196,-0.00564867703224581,0.02423016395885689,0.8156636996364587,-0.25468536117804497,0.4857298126908421,0.6000452426105827,15.985157026896571
8,backsliding_union_Nyr,Y_jucon,Judicial constraints,institutions,instr-econleft_w8_trt-ertOrDdcg_gapany_illibany_exclyr,backsliding_union_Nyr,1343,226,0.05082477342156857,0.4723581197867271,1190,208,0.00751138977517742,0.02331375533849595,0.7473110036213044,0.6397184251969196,3.9619502654772174,0.8717267530524215,20.463179010467833
8,backsliding_union_Nyr,Y_legcon,Legislative constraints,institutions,instr-econleft_w8_trt-ertOrDdcg_gapany_illibany_exclyr,backsliding_union_Nyr,1343,226,0.05082477342156857,0.4723581197867271,1157,196,0.01647225089164712,0.02744774696270964,0.5484187626976813,-0.03276085244151243,0.9375947376658574,0.9721264856143104,18.612988151188905
8,backsliding_union_Nyr,Y_hos_power,HOS,exec_power,instr-econleft_w8_trt-ertOrDdcg_gapany_illibany_exclyr,backsliding_union_Nyr,1343,226,0.05082477342156857,0.4723581197867271,1190,208,0.01477553761038954,0.01747638067920638,0.397855436406328,0.25510321917530854,1.5496359838835003,0.8692419994587417,15.995798712640124
8,backsliding_union_Nyr,Y_hog_power,HOG,exec_power,instr-econleft_w8_trt-ertOrDdcg_gapany_illibany_exclyr,backsliding_union_Nyr,1343,226,0.05082477342156857,0.4723581197867271,595,120,-0.02140079819478458,0.01388072414319807,0.12313099844401774,-0.02388618781989215,1.8144421544631884,0.9894965678771254,18.59852494861411
8,backsliding_union_Nyr,Y_hos_power_vdem,HOS (v2ex_hosw),exec_power_alt,instr-econleft_w8_trt-ertOrDdcg_gapany_illibany_exclyr,backsliding_union_Nyr,1343,226,0.05082477342156857,0.4723581197867271,1190,208,-0.01088781054464696,0.02445196173113279,0.6561221172594446,-0.05083170434604461,1.8052287072868192,0.97753610220122,14.947611834753989
8,backsliding_union_Nyr,Y_hog_power_vdem,HOG (v2ex_hogw),exec_power_alt,instr-econleft_w8_trt-ertOrDdcg_gapany_illibany_exclyr,backsliding_union_Nyr,1343,226,0.05082477342156857,0.4723581197867271,1190,208,0.00726018647669263,0.02532164093676526,0.7743277631590779,0.2026370740579008,1.375483554689444,0.8828789668370678,14.087690088155997
8,polyarchy_decline,Y_gdp_growth,PWT,growth,instr-econleft_w8_trt-polyarchy_gapany_illibany_exclyr,polyarchy_decline,1190,416,-0.00783725727713676,0.7446151559453706,1116,370,-0.01530411081920049,0.03032136094399251,0.6137482482640897,0.826478260696228,2.7118937403394083,0.7605485203320551,21.572405130148617
8,polyarchy_decline,Y_gdp_growth_wb,World Bank,growth,instr-econleft_w8_trt-polyarchy_gapany_illibany_exclyr,polyarchy_decline,1190,416,-0.00783725727713676,0.7446151559453706,1147,401,0.00858667882187397,0.02748142214699086,0.7546955571204452,-2.072936577167954,4.899700821049335,0.6722411891471027,21.03583181144948
8,polyarchy_decline,Y_gdp_growth_imf,IMF WEO,growth,instr-econleft_w8_trt-polyarchy_gapany_illibany_exclyr,polyarchy_decline,1190,416,-0.00783725727713676,0.7446151559453706,871,309,-0.02228894831134603,0.02568218416435832,0.3854622817345743,6.679694267799894,19.978024944644257,0.738113892459209,26.573753372692995
8,polyarchy_decline,Y_inflation,"CPI, cumulative log",inflation,instr-econleft_w8_trt-polyarchy_gapany_illibany_exclyr,polyarchy_decline,1190,416,-0.00783725727713676,0.7446151559453706,1041,361,-0.1012493609370615,0.21376275042577683,0.6357473979830304,7.917781029015932,31.348075439997174,0.8005956431567295,21.404075812418647
8,polyarchy_decline,Y_unemployment,Unemployment rate,unemployment,instr-econleft_w8_trt-polyarchy_gapany_illibany_exclyr,polyarchy_decline,1190,416,-0.00783725727713676,0.7446151559453706,786,338,0.6663804430513081,0.689355972217948,0.3337085171626164,-140.55974659115685,218.6609235571316,0.5203405131701472,21.66557884231263
8,polyarchy_decline,Y_trade_pct_gdp,Trade / GDP,trade,instr-econleft_w8_trt-polyarchy_gapany_illibany_exclyr,polyarchy_decline,1190,416,-0.00783725727713676,0.7446151559453706,1029,370,-5.141792947973356,3.698714140905536,0.1644812410113296,402.16543160541903,649.1571472794869,0.5355742606915587,21.433009964841236
8,polyarchy_decline,Y_top10_share,Top-10% income share,top10,instr-econleft_w8_trt-polyarchy_gapany_illibany_exclyr,polyarchy_decline,1190,416,-0.00783725727713676,0.7446151559453706,1059,375,-1.1461936682173277,0.7563524135019628,0.12966537510112608,-36.775300338298216,154.17185007666865,0.8114665846300322,14.984745605365005
8,polyarchy_decline,Y_gini_disp,Disposable,gini,instr-econleft_w8_trt-polyarchy_gapany_illibany_exclyr,polyarchy_decline,1190,416,-0.00783725727713676,0.7446151559453706,875,297,0.13490141057943483,0.47089496453831514,0.7745114509291364,2.592878679254221,22.083421258100422,0.9065328567671131,15.314474572091797
8,polyarchy_decline,Y_gini_mkt,Market,gini,instr-econleft_w8_trt-polyarchy_gapany_illibany_exclyr,polyarchy_decline,1190,416,-0.00783725727713676,0.7446151559453706,875,297,-0.1000980060456378,0.5068561001581524,0.8434456579589876,-4.371321472659346,22.147844264503167,0.843537953140095,15.764003088737208
8,polyarchy_decline,Y_debt,Debt / GDP,fiscal,instr-econleft_w8_trt-polyarchy_gapany_illibany_exclyr,polyarchy_decline,1190,416,-0.00783725727713676,0.7446151559453706,1108,392,-13.995398449611628,11.873683999399203,0.23852144256850316,1795.4809446829513,3294.3517020335503,0.5857411443754368,17.156096032907133
8,polyarchy_decline,Y_deficit,Deficit / GDP,fiscal,instr-econleft_w8_trt-polyarchy_gapany_illibany_exclyr,polyarchy_decline,1190,416,-0.00783725727713676,0.7446151559453706,960,348,0.7168108362276495,1.005096932175681,0.4757369622506343,18.27852428308732,218.2284506170769,0.9332483108719918,16.785123213851936
8,polyarchy_decline,Y_checks_balances,Checks & balances,institutions,instr-econleft_w8_trt-polyarchy_gapany_illibany_exclyr,polyarchy_decline,1190,416,-0.00783725727713676,0.7446151559453706,1157,407,-0.00564867703224581,0.02423016395885689,0.8156636996364587,-1.4532687652662808,2.435682367277855,0.5507359049202645,26.83854438454978
8,polyarchy_decline,Y_jucon,Judicial constraints,institutions,instr-econleft_w8_trt-polyarchy_gapany_illibany_exclyr,polyarchy_decline,1190,416,-0.00783725727713676,0.7446151559453706,1190,416,0.00751138977517742,0.02331375533849595,0.7473110036213044,-0.03065669002604572,2.02542067115984,0.9879237108296046,22.559847294175903
8,polyarchy_decline,Y_legcon,Legislative constraints,institutions,instr-econleft_w8_trt-polyarchy_gapany_illibany_exclyr,polyarchy_decline,1190,416,-0.00783725727713676,0.7446151559453706,1157,407,0.01647225089164712,0.02744774696270964,0.5484187626976813,-7.8026647772008815,13.158548401517834,0.5531991782882886,25.49458003014283
8,polyarchy_decline,Y_hos_power,HOS,exec_power,instr-econleft_w8_trt-polyarchy_gapany_illibany_exclyr,polyarchy_decline,1190,416,-0.00783725727713676,0.7446151559453706,1190,416,0.01477553761038954,0.01747638067920638,0.397855436406328,-1.4964111717256303,3.398095514691121,0.659670886151774,20.1485568114549
8,polyarchy_decline,Y_hog_power,HOG,exec_power,instr-econleft_w8_trt-polyarchy_gapany_illibany_exclyr,polyarchy_decline,1190,416,-0.00783725727713676,0.7446151559453706,595,203,-0.02140079819478458,0.01388072414319807,0.12313099844401774,-0.07716535543258551,4.148960208154949,0.9851612227544312,12.311447491622316
8,polyarchy_decline,Y_hos_power_vdem,HOS (v2ex_hosw),exec_power_alt,instr-econleft_w8_trt-polyarchy_gapany_illibany_exclyr,polyarchy_decline,1190,416,-0.00783725727713676,0.7446151559453706,1190,416,-0.01088781054464696,0.02445196173113279,0.6561221172594446,-0.20885393678175784,2.261543246550995,0.9264198169766968,20.344310201552116
8,polyarchy_decline,Y_hog_power_vdem,HOG (v2ex_hogw),exec_power_alt,instr-econleft_w8_trt-polyarchy_gapany_illibany_exclyr,polyarchy_decline,1190,416,-0.00783725727713676,0.7446151559453706,1190,416,0.00726018647669263,0.02532164093676526,0.7743277631590779,0.9543900956134111,2.1996277134093676,0.6643704258313764,22.04353046363423
9,backsliding_Nyr,Y_gdp_growth,PWT,growth,instr-econleft_w9_trt-ert_gapany_illibany_exclyr,backsliding_Nyr,1343,221,0.04344909786291354,0.4628231502289462,1079,178,-0.00654503522189611,0.03383054970810265,0.8465946307770554,0.01688601505786679,0.6363241336842675,0.9788291707563476,20.757174486888427
9,backsliding_Nyr,Y_gdp_growth_wb,World Bank,growth,instr-econleft_w9_trt-ert_gapany_illibany_exclyr,backsliding_Nyr,1343,221,0.04344909786291354,0.4628231502289462,1113,192,0.00879998205471796,0.03301100440042725,0.7897946905620239,0.1322803333812032,0.7357800440080974,0.8573233679556397,19.803995103109287
9,backsliding_Nyr,Y_gdp_growth_imf,IMF WEO,growth,instr-econleft_w9_trt-ert_gapany_illibany_exclyr,backsliding_Nyr,1343,221,0.04344909786291354,0.4628231502289462,838,153,-0.02459065287006023,0.02828441915108071,0.384624925513933,95.9236205583408,752.5286803467995,0.8985696888838512,24.41013039212529
9,backsliding_Nyr,Y_inflation,"CPI, cumulative log",inflation,instr-econleft_w9_trt-ert_gapany_illibany_exclyr,backsliding_Nyr,1343,221,0.04344909786291354,0.4628231502289462,1006,174,-0.07103704293164059,0.24530237588806417,0.7721301430812629,-0.09124112125686425,12.164467148202178,0.9940154222567124,20.437517109657275
9,backsliding_Nyr,Y_unemployment,Unemployment rate,unemployment,instr-econleft_w9_trt-ert_gapany_illibany_exclyr,backsliding_Nyr,1343,221,0.04344909786291354,0.4628231502289462,762,172,0.5742263753686868,0.7814592690099222,0.4624534311804366,4.868024686965715,17.993884341070952,0.786746591635465,19.412675898775724
9,backsliding_Nyr,Y_trade_pct_gdp,Trade / GDP,trade,instr-econleft_w9_trt-ert_gapany_illibany_exclyr,backsliding_Nyr,1343,221,0.04344909786291354,0.4628231502289462,992,175,-5.699776728903194,3.922512303776776,0.1461978240916812,-36.89376965006448,53.13847497259765,0.4874973183772297,15.685860897989564
9,backsliding_Nyr,Y_top10_share,Top-10% income share,top10,instr-econleft_w9_trt-ert_gapany_illibany_exclyr,backsliding_Nyr,1343,221,0.04344909786291354,0.4628231502289462,1025,182,-1.365467423823965,0.7201420842687958,0.05794571783485511,-12.104997075322686,16.50882583830596,0.4634096388977215,16.498214375410758
9,backsliding_Nyr,Y_gini_disp,Disposable,gini,instr-econleft_w9_trt-ert_gapany_illibany_exclyr,backsliding_Nyr,1343,221,0.04344909786291354,0.4628231502289462,839,140,0.09566283144242828,0.49812361710474945,0.8477058850043675,0.09744119080602598,17.01254440491685,0.995430054741088,21.70604329701076
9,backsliding_Nyr,Y_gini_mkt,Market,gini,instr-econleft_w9_trt-ert_gapany_illibany_exclyr,backsliding_Nyr,1343,221,0.04344909786291354,0.4628231502289462,839,140,-0.03251055803604785,0.5319633658618312,0.9512681966961194,-1.7835949495871573,13.571193441168331,0.8954390634075883,19.870040764245456
9,backsliding_Nyr,Y_debt,Debt / GDP,fiscal,instr-econleft_w9_trt-ert_gapany_illibany_exclyr,backsliding_Nyr,1343,221,0.04344909786291354,0.4628231502289462,1073,186,-19.908932957249757,12.620053591799303,0.11466597708602914,-166.2183851976631,379.67936367144256,0.6615412768041838,15.827905929770433
9,backsliding_Nyr,Y_deficit,Deficit / GDP,fiscal,instr-econleft_w9_trt-ert_gapany_illibany_exclyr,backsliding_Nyr,1343,221,0.04344909786291354,0.4628231502289462,923,167,-0.12187014401813934,1.0994560080924232,0.911738580348156,-99.68481733871089,886.4493802003047,0.9104634063541384,21.850032819650306
9,backsliding_Nyr,Y_checks_balances,Checks & balances,institutions,instr-econleft_w9_trt-ert_gapany_illibany_exclyr,backsliding_Nyr,1343,221,0.04344909786291354,0.4628231502289462,1137,199,6.93513499991626e-4,0.02587147504828381,0.978614383163558,-0.17357303010793565,0.4044278280072452,0.6677909863043419,17.659209817312394
9,backsliding_Nyr,Y_jucon,Judicial constraints,institutions,instr-econleft_w9_trt-ert_gapany_illibany_exclyr,backsliding_Nyr,1343,221,0.04344909786291354,0.4628231502289462,1165,200,0.00807635367437239,0.02792490841058028,0.7724154483657939,-0.08201921825131206,0.5494869550456237,0.881344462998974,18.99324999276214
9,backsliding_Nyr,Y_legcon,Legislative constraints,institutions,instr-econleft_w9_trt-ert_gapany_illibany_exclyr,backsliding_Nyr,1343,221,0.04344909786291354,0.4628231502289462,1137,199,0.01539633077796701,0.03002364667792202,0.6080864586338808,-0.03035758590330797,0.5901780361455096,0.9589764943069368,18.46738836506685
9,backsliding_Nyr,Y_hos_power,HOS,exec_power,instr-econleft_w9_trt-ert_gapany_illibany_exclyr,backsliding_Nyr,1343,221,0.04344909786291354,0.4628231502289462,1165,200,0.00774966183807427,0.01948288791752167,0.6908014920612815,0.1446716564607586,0.43310950670965304,0.7383567676192107,20.60143484619732
9,backsliding_Nyr,Y_hog_power,HOG,exec_power,instr-econleft_w9_trt-ert_gapany_illibany_exclyr,backsliding_Nyr,1343,221,0.04344909786291354,0.4628231502289462,579,113,-0.02715852082354397,0.01446603728862073,0.06046345795666246,-0.1888492654228527,0.8197045956764129,0.8177910783433829,16.74320115319426
9,backsliding_Nyr,Y_hos_power_vdem,HOS (v2ex_hosw),exec_power_alt,instr-econleft_w9_trt-ert_gapany_illibany_exclyr,backsliding_Nyr,1343,221,0.04344909786291354,0.4628231502289462,1165,200,0.01584211568203802,0.03277558750030208,0.6288464755537209,0.23027585061676575,0.5062863638777763,0.6492292382351015,17.657867937968852
9,backsliding_Nyr,Y_hog_power_vdem,HOG (v2ex_hogw),exec_power_alt,instr-econleft_w9_trt-ert_gapany_illibany_exclyr,backsliding_Nyr,1343,221,0.04344909786291354,0.4628231502289462,1165,200,-0.01380821283629948,0.03149998974154355,0.6611281603403742,-0.10473647694573564,0.3438026441534123,0.7606393780030485,13.869749181988515
9,backsliding_union_Nyr,Y_gdp_growth,PWT,growth,instr-econleft_w9_trt-ertOrDdcg_gapany_illibany_exclyr,backsliding_union_Nyr,1343,246,0.07017757633745778,0.34521367057852853,1079,203,-0.00654503522189611,0.03383054970810265,0.8465946307770554,0.05422044430015091,1.0305981352108844,0.9580421262120328,18.971860890082063
9,backsliding_union_Nyr,Y_gdp_growth_wb,World Bank,growth,instr-econleft_w9_trt-ertOrDdcg_gapany_illibany_exclyr,backsliding_union_Nyr,1343,246,0.07017757633745778,0.34521367057852853,1113,216,0.00879998205471796,0.03301100440042725,0.7897946905620239,-0.027502640687115,2.170657038732934,0.9898909201755544,22.98369241203283
9,backsliding_union_Nyr,Y_gdp_growth_imf,IMF WEO,growth,instr-econleft_w9_trt-ertOrDdcg_gapany_illibany_exclyr,backsliding_union_Nyr,1343,246,0.07017757633745778,0.34521367057852853,838,167,-0.02459065287006023,0.02828441915108071,0.384624925513933,-0.13538965684259624,1.516347158105041,0.928854051638432,18.267834100819368
9,backsliding_union_Nyr,Y_inflation,"CPI, cumulative log",inflation,instr-econleft_w9_trt-ertOrDdcg_gapany_illibany_exclyr,backsliding_union_Nyr,1343,246,0.07017757633745778,0.34521367057852853,1006,190,-0.07103704293164059,0.24530237588806417,0.7721301430812629,13.010243688481667,107.7523704363165,0.9038953398558192,20.69390183564067
9,backsliding_union_Nyr,Y_unemployment,Unemployment rate,unemployment,instr-econleft_w9_trt-ertOrDdcg_gapany_illibany_exclyr,backsliding_union_Nyr,1343,246,0.07017757633745778,0.34521367057852853,762,188,0.5742263753686868,0.7814592690099222,0.4624534311804366,3.2670607117135475,10.443374465913404,0.7544054655492994,17.95882284167399
9,backsliding_union_Nyr,Y_trade_pct_gdp,Trade / GDP,trade,instr-econleft_w9_trt-ertOrDdcg_gapany_illibany_exclyr,backsliding_union_Nyr,1343,246,0.07017757633745778,0.34521367057852853,992,196,-5.699776728903194,3.922512303776776,0.1461978240916812,-54.795775283799365,265.56477484240963,0.8365278657408826,24.20173643313546
9,backsliding_union_Nyr,Y_top10_share,Top-10% income share,top10,instr-econleft_w9_trt-ertOrDdcg_gapany_illibany_exclyr,backsliding_union_Nyr,1343,246,0.07017757633745778,0.34521367057852853,1025,203,-1.365467423823965,0.7201420842687958,0.05794571783485511,-10.295396675479,13.76426102829061,0.4544720147155971,16.336650434408647
9,backsliding_union_Nyr,Y_gini_disp,Disposable,gini,instr-econleft_w9_trt-ertOrDdcg_gapany_illibany_exclyr,backsliding_union_Nyr,1343,246,0.07017757633745778,0.34521367057852853,839,152,0.09566283144242828,0.49812361710474945,0.8477058850043675,0.2315734186939649,10.840667604226802,0.9829572484811916,19.496999257569584
9,backsliding_union_Nyr,Y_gini_mkt,Market,gini,instr-econleft_w9_trt-ertOrDdcg_gapany_illibany_exclyr,backsliding_union_Nyr,1343,246,0.07017757633745778,0.34521367057852853,839,152,-0.03251055803604785,0.5319633658618312,0.9512681966961194,-1.0272468123797027,8.757537213021521,0.9066234382260198,17.919171077414603
9,backsliding_union_Nyr,Y_debt,Debt / GDP,fiscal,instr-econleft_w9_trt-ertOrDdcg_gapany_illibany_exclyr,backsliding_union_Nyr,1343,246,0.07017757633745778,0.34521367057852853,1073,207,-19.908932957249757,12.620053591799303,0.11466597708602914,-206.42369509169492,1416.3003261789731,0.8841199064759919,17.87423594736758
9,backsliding_union_Nyr,Y_deficit,Deficit / GDP,fiscal,instr-econleft_w9_trt-ertOrDdcg_gapany_illibany_exclyr,backsliding_union_Nyr,1343,246,0.07017757633745778,0.34521367057852853,923,178,-0.12187014401813934,1.0994560080924232,0.911738580348156,-5.271923796128483,57.636375183587546,0.9271201828294712,19.01814915621183
9,backsliding_union_Nyr,Y_checks_balances,Checks & balances,institutions,instr-econleft_w9_trt-ertOrDdcg_gapany_illibany_exclyr,backsliding_union_Nyr,1343,246,0.07017757633745778,0.34521367057852853,1137,218,6.93513499991626e-4,0.02587147504828381,0.978614383163558,-0.1768010547041329,0.3676653299326188,0.6306053627578843,16.329160827225778
9,backsliding_union_Nyr,Y_jucon,Judicial constraints,institutions,instr-econleft_w9_trt-ertOrDdcg_gapany_illibany_exclyr,backsliding_union_Nyr,1343,246,0.07017757633745778,0.34521367057852853,1165,225,0.00807635367437239,0.02792490841058028,0.7724154483657939,-0.08658084794314765,0.8601999540831741,0.9198267142371488,19.16219392831391
9,backsliding_union_Nyr,Y_legcon,Legislative constraints,institutions,instr-econleft_w9_trt-ertOrDdcg_gapany_illibany_exclyr,backsliding_union_Nyr,1343,246,0.07017757633745778,0.34521367057852853,1137,218,0.01539633077796701,0.03002364667792202,0.6080864586338808,-0.05340310811719016,0.4984497881088767,0.9146791910991116,17.443545420715886
9,backsliding_union_Nyr,Y_hos_power,HOS,exec_power,instr-econleft_w9_trt-ertOrDdcg_gapany_illibany_exclyr,backsliding_union_Nyr,1343,246,0.07017757633745778,0.34521367057852853,1165,225,0.00774966183807427,0.01948288791752167,0.6908014920612815,0.20777294327515936,0.6133243304697775,0.7347866144276186,17.562897924357
9,backsliding_union_Nyr,Y_hog_power,HOG,exec_power,instr-econleft_w9_trt-ertOrDdcg_gapany_illibany_exclyr,backsliding_union_Nyr,1343,246,0.07017757633745778,0.34521367057852853,579,126,-0.02715852082354397,0.01446603728862073,0.06046345795666246,-0.1888608167890488,0.6918421483997643,0.7848666483787182,16.582186196683235
9,backsliding_union_Nyr,Y_hos_power_vdem,HOS (v2ex_hosw),exec_power_alt,instr-econleft_w9_trt-ertOrDdcg_gapany_illibany_exclyr,backsliding_union_Nyr,1343,246,0.07017757633745778,0.34521367057852853,1165,225,0.01584211568203802,0.03277558750030208,0.6288464755537209,0.20058929738317377,0.6387343444669047,0.7534892749003143,14.37659332675152
9,backsliding_union_Nyr,Y_hog_power_vdem,HOG (v2ex_hogw),exec_power_alt,instr-econleft_w9_trt-ertOrDdcg_gapany_illibany_exclyr,backsliding_union_Nyr,1343,246,0.07017757633745778,0.34521367057852853,1165,225,-0.01380821283629948,0.03149998974154355,0.6611281603403742,-0.13731553934922505,0.6295116885142487,0.827327632020086,14.394500928614224
9,polyarchy_decline,Y_gdp_growth,PWT,growth,instr-econleft_w9_trt-polyarchy_gapany_illibany_exclyr,polyarchy_decline,1165,397,-0.01078801088099362,0.652264256222153,1079,338,-0.00654503522189611,0.03383054970810265,0.8465946307770554,-157.4029905815153,1425.8419679649794,0.9120976942615944,20.644736430781165
9,polyarchy_decline,Y_gdp_growth_wb,World Bank,growth,instr-econleft_w9_trt-polyarchy_gapany_illibany_exclyr,polyarchy_decline,1165,397,-0.01078801088099362,0.652264256222153,1113,368,0.00879998205471796,0.03301100440042725,0.7897946905620239,-1.5314640882855317,5.082494951018645,0.7631694848374915,19.550701501492263
9,polyarchy_decline,Y_gdp_growth_imf,IMF WEO,growth,instr-econleft_w9_trt-polyarchy_gapany_illibany_exclyr,polyarchy_decline,1165,397,-0.01078801088099362,0.652264256222153,838,276,-0.02459065287006023,0.02828441915108071,0.384624925513933,3.5745466100778285,11.34798060009587,0.7527661553382842,19.77342441347209
9,polyarchy_decline,Y_inflation,"CPI, cumulative log",inflation,instr-econleft_w9_trt-polyarchy_gapany_illibany_exclyr,polyarchy_decline,1165,397,-0.01078801088099362,0.652264256222153,1006,331,-0.07103704293164059,0.24530237588806417,0.7721301430812629,3.870804126472426,30.966970988333003,0.9005252695216696,21.3046885580421
9,polyarchy_decline,Y_unemployment,Unemployment rate,unemployment,instr-econleft_w9_trt-polyarchy_gapany_illibany_exclyr,polyarchy_decline,1165,397,-0.01078801088099362,0.652264256222153,762,326,0.5742263753686868,0.7814592690099222,0.4624534311804366,-270.72817384215716,619.9678866910407,0.6623427371265397,20.92375563050746
9,polyarchy_decline,Y_trade_pct_gdp,Trade / GDP,trade,instr-econleft_w9_trt-polyarchy_gapany_illibany_exclyr,polyarchy_decline,1165,397,-0.01078801088099362,0.652264256222153,992,333,-5.699776728903194,3.922512303776776,0.1461978240916812,802.5889379705973,1781.7342590022104,0.6523832716951132,16.02317896757449
9,polyarchy_decline,Y_top10_share,Top-10% income share,top10,instr-econleft_w9_trt-polyarchy_gapany_illibany_exclyr,polyarchy_decline,1165,397,-0.01078801088099362,0.652264256222153,1025,342,-1.365467423823965,0.7201420842687958,0.05794571783485511,-89.70951971739119,295.80037063209664,0.7616785904667962,18.38130686484634
9,polyarchy_decline,Y_gini_disp,Disposable,gini,instr-econleft_w9_trt-polyarchy_gapany_illibany_exclyr,polyarchy_decline,1165,397,-0.01078801088099362,0.652264256222153,839,263,0.09566283144242828,0.49812361710474945,0.8477058850043675,2.5807086210916763,21.455545335459203,0.904260031386744,15.455509842471162
9,polyarchy_decline,Y_gini_mkt,Market,gini,instr-econleft_w9_trt-polyarchy_gapany_illibany_exclyr,polyarchy_decline,1165,397,-0.01078801088099362,0.652264256222153,839,263,-0.03251055803604785,0.5319633658618312,0.9512681966961194,-0.3906064902713777,22.039138089555756,0.9858595843776208,15.238094217348063
9,polyarchy_decline,Y_debt,Debt / GDP,fiscal,instr-econleft_w9_trt-polyarchy_gapany_illibany_exclyr,polyarchy_decline,1165,397,-0.01078801088099362,0.652264256222153,1073,358,-19.908932957249757,12.620053591799303,0.11466597708602914,1989.103490159595,3704.929703041885,0.5913503518674974,17.603433024559116
9,polyarchy_decline,Y_deficit,Deficit / GDP,fiscal,instr-econleft_w9_trt-polyarchy_gapany_illibany_exclyr,polyarchy_decline,1165,397,-0.01078801088099362,0.652264256222153,923,320,-0.12187014401813934,1.0994560080924232,0.911738580348156,-99.22410141498044,222.60340264933944,0.6557822737405837,26.184363755536324
9,polyarchy_decline,Y_checks_balances,Checks & balances,institutions,instr-econleft_w9_trt-polyarchy_gapany_illibany_exclyr,polyarchy_decline,1165,397,-0.01078801088099362,0.652264256222153,1137,394,6.93513499991626e-4,0.02587147504828381,0.978614383163558,-45.44878144700103,189.8502644529883,0.8108010326727682,25.656945588730565
9,polyarchy_decline,Y_jucon,Judicial constraints,institutions,instr-econleft_w9_trt-polyarchy_gapany_illibany_exclyr,polyarchy_decline,1165,397,-0.01078801088099362,0.652264256222153,1165,397,0.00807635367437239,0.02792490841058028,0.7724154483657939,-0.5497231613858895,2.5664195046320315,0.830392280008283,22.1499213787706
9,polyarchy_decline,Y_legcon,Legislative constraints,institutions,instr-econleft_w9_trt-polyarchy_gapany_illibany_exclyr,polyarchy_decline,1165,397,-0.01078801088099362,0.652264256222153,1137,394,0.01539633077796701,0.03002364667792202,0.6080864586338808,1.033237890989929,11.68249711156404,0.9295243957046166,22.125205413377103
9,polyarchy_decline,Y_hos_power,HOS,exec_power,instr-econleft_w9_trt-polyarchy_gapany_illibany_exclyr,polyarchy_decline,1165,397,-0.01078801088099362,0.652264256222153,1165,397,0.00774966183807427,0.01948288791752167,0.6908014920612815,-2.758350898680428,7.446242520309477,0.7110581942892151,19.306004463824948
9,polyarchy_decline,Y_hog_power,HOG,exec_power,instr-econleft_w9_trt-polyarchy_gapany_illibany_exclyr,polyarchy_decline,1165,397,-0.01078801088099362,0.652264256222153,579,190,-0.02715852082354397,0.01446603728862073,0.06046345795666246,-0.4883577557052765,1.7228549356623608,0.7768254432079766,13.929330229778037
9,polyarchy_decline,Y_hos_power_vdem,HOS (v2ex_hosw),exec_power_alt,instr-econleft_w9_trt-polyarchy_gapany_illibany_exclyr,polyarchy_decline,1165,397,-0.01078801088099362,0.652264256222153,1165,397,0.01584211568203802,0.03277558750030208,0.6288464755537209,-6.750754818156508,11.758163403643216,0.5658775052040502,19.17091787410558
9,polyarchy_decline,Y_hog_power_vdem,HOG (v2ex_hogw),exec_power_alt,instr-econleft_w9_trt-polyarchy_gapany_illibany_exclyr,polyarchy_decline,1165,397,-0.01078801088099362,0.652264256222153,1165,397,-0.01380821283629948,0.03149998974154355,0.6611281603403742,7.350663512812197,13.854140572793096,0.5957131796662649,18.43310264855116
10,backsliding_Nyr,Y_gdp_growth,PWT,growth,instr-econleft_w10_trt-ert_gapany_illibany_exclyr,backsliding_Nyr,1343,248,0.10868772005993747,0.11603736387837718,1043,194,-0.01091771863692375,0.03574912152639993,0.7600628654640149,0.10165163162739338,0.5377747667039677,0.8500750353280084,16.281090547299936
10,backsliding_Nyr,Y_gdp_growth_wb,World Bank,growth,instr-econleft_w10_trt-ert_gapany_illibany_exclyr,backsliding_Nyr,1343,248,0.10868772005993747,0.11603736387837718,1076,205,0.02112501253532536,0.0357071397074304,0.5541059307893696,0.20369208511468012,0.376340948947572,0.5883397714848846,15.704571086993482
10,backsliding_Nyr,Y_gdp_growth_imf,IMF WEO,growth,instr-econleft_w10_trt-ert_gapany_illibany_exclyr,backsliding_Nyr,1343,248,0.10868772005993747,0.11603736387837718,810,160,-0.01390568314926099,0.03202133338372044,0.6640974042790144,-0.18317051518381183,0.6949738590637753,0.7921154304304394,22.007702606021148
10,backsliding_Nyr,Y_inflation,"CPI, cumulative log",inflation,instr-econleft_w10_trt-ert_gapany_illibany_exclyr,backsliding_Nyr,1343,248,0.10868772005993747,0.11603736387837718,968,185,-0.067057135723467165,0.2915587961175826,0.8180954673473446,-0.7406429215069715,3.818090866188197,0.8461895620373321,20.610653023634356
10,backsliding_Nyr,Y_unemployment,Unemployment rate,unemployment,instr-econleft_w10_trt-ert_gapany_illibany_exclyr,backsliding_Nyr,1343,248,0.10868772005993747,0.11603736387837718,727,183,0.07206719279426715,0.8079897591340476,0.9289283688539592,3.507709732094652,42.77440085959227,0.9346428305719032,25.82955629827401
10,backsliding_Nyr,Y_trade_pct_gdp,Trade / GDP,trade,instr-econleft_w10_trt-ert_gapany_illibany_exclyr,backsliding_Nyr,1343,248,0.10868772005993747,0.11603736387837718,963,187,-5.358180495305892,4.2940797348513575,0.2121019370678116,-22.544093185858877,38.121142948130874,0.554265632856072,21.04824809935412
10,backsliding_Nyr,Y_top10_share,Top-10% income share,top10,instr-econleft_w10_trt-ert_gapany_illibany_exclyr,backsliding_Nyr,1343,248,0.10868772005993747,0.11603736387837718,989,192,-0.8539925291271142,0.6568339956956128,0.1935444459742716,-7.610552811047221,7.654836167358881,0.3201182151550042,17.74560238727403
10,backsliding_Nyr,Y_gini_disp,Disposable,gini,instr-econleft_w10_trt-ert_gapany_illibany_exclyr,backsliding_Nyr,1343,248,0.10868772005993747,0.11603736387837718,811,156,0.11071603874365044,0.562201557002062,0.8438799697327686,0.6063883894212321,11.35916480176492,0.9574266029995936,18.996278819792305
10,backsliding_Nyr,Y_gini_mkt,Market,gini,instr-econleft_w10_trt-ert_gapany_illibany_exclyr,backsliding_Nyr,1343,248,0.10868772005993747,0.11603736387837718,811,156,-0.00539102094302224,0.611216993767252,0.9929626357732492,-0.3665417714228156,10.891637238035422,0.9731534553533692,17.722036600755377
10,backsliding_Nyr,Y_debt,Debt / GDP,fiscal,instr-econleft_w10_trt-ert_gapany_illibany_exclyr,backsliding_Nyr,1343,248,0.10868772005993747,0.11603736387837718,1037,199,-20.28437403397558,12.56553557008826,0.10646530390738738,-140.24183533956074,166.60864804942315,0.39993124523381535,15.037985500501073
10,backsliding_Nyr,Y_deficit,Deficit / GDP,fiscal,instr-econleft_w10_trt-ert_gapany_illibany_exclyr,backsliding_Nyr,1343,248,0.10868772005993747,0.11603736387837718,888,174,0.7656673955958994,1.139269866472347,0.5015400859132884,20.41673093459914,43.62410561126311,0.6397739424823006,22.97148913209642
10,backsliding_Nyr,Y_checks_balances,Checks & balances,institutions,instr-econleft_w10_trt-ert_gapany_illibany_exclyr,backsliding_Nyr,1343,248,0.10868772005993747,0.11603736387837718,1099,217,-0.00267311786801153,0.02827109233716038,0.9246698472675292,0.00786416059945654,0.5076928491515176,0.9876412649487754,23.913891615936453
10,backsliding_Nyr,Y_jucon,Judicial constraints,institutions,instr-econleft_w10_trt-ert_gapany_illibany_exclyr,backsliding_Nyr,1343,248,0.10868772005993747,0.11603736387837718,1129,219,0.00181696317054444,0.02952171524561863,0.9509238501191142,-0.03930138603747381,0.476027913689366,0.9342005369217804,21.59455954414183
10,backsliding_Nyr,Y_legcon,Legislative constraints,institutions,instr-econleft_w10_trt-ert_gapany_illibany_exclyr,backsliding_Nyr,1343,248,0.10868772005993747,0.11603736387837718,1099,217,0.01674209603436749,0.03205918009773384,0.601513883260777,0.2222169432974268,0.766333865389761,0.7718360814997016,23.75627693865809
10,backsliding_Nyr,Y_hos_power,HOS,exec_power,instr-econleft_w10_trt-ert_gapany_illibany_exclyr,backsliding_Nyr,1343,248,0.10868772005993747,0.11603736387837718,1129,219,0.02699193805455121,0.02126719476396303,0.2043762051795223,0.20838498097816693,0.2458167425964423,0.3965911789465521,14.175826140217502
10,backsliding_Nyr,Y_hog_power,HOG,exec_power,instr-econleft_w10_trt-ert_gapany_illibany_exclyr,backsliding_Nyr,1343,248,0.10868772005993747,0.11603736387837718,562,122,-0.0157374331790107,0.01539532175431273,0.3066759454913881,-0.12634555230003447,0.3445927730190714,0.7138787819573873,16.555878378665827
10,backsliding_Nyr,Y_hos_power_vdem,HOS (v2ex_hosw),exec_power_alt,instr-econleft_w10_trt-ert_gapany_illibany_exclyr,backsliding_Nyr,1343,248,0.10868772005993747,0.11603736387837718,1129,219,0.01864172328077033,0.03406408782413471,0.5842039401299612,0.2063761384253612,0.453723371980936,0.6492170567837963,18.352312160265516
10,backsliding_Nyr,Y_hog_power_vdem,HOG (v2ex_hogw),exec_power_alt,instr-econleft_w10_trt-ert_gapany_illibany_exclyr,backsliding_Nyr,1343,248,0.10868772005993747,0.11603736387837718,1129,219,-0.01747615861266251,0.03247088734178999,0.5904320273475018,-0.12748779026124696,0.34148324691583376,0.708898820151075,15.078449543515337
10,backsliding_union_Nyr,Y_gdp_growth,PWT,growth,instr-econleft_w10_trt-ertOrDdcg_gapany_illibany_exclyr,backsliding_union_Nyr,1343,273,0.06953399736892271,0.2914284711759077,1043,219,-0.01091771863692375,0.03574912152639993,0.7600628654640149,-0.00673573816323593,0.9161104692810388,0.9941335753230724,19.50274430097232
10,backsliding_union_Nyr,Y_gdp_growth_wb,World Bank,growth,instr-econleft_w10_trt-ertOrDdcg_gapany_illibany_exclyr,backsliding_union_Nyr,1343,273,0.06953399736892271,0.2914284711759077,1076,229,0.02112501253532536,0.0357071397074304,0.5541059307893696,0.1974820920600167,0.5696244186409554,0.7288255395775975,21.39013642155784
10,backsliding_union_Nyr,Y_gdp_growth_imf,IMF WEO,growth,instr-econleft_w10_trt-ertOrDdcg_gapany_illibany_exclyr,backsliding_union_Nyr,1343,273,0.06953399736892271,0.2914284711759077,810,174,-0.01390568314926099,0.03202133338372044,0.6640974042790144,-0.07715763632241537,0.4506590472978667,0.8640581198577533,18.967258524069717
10,backsliding_union_Nyr,Y_inflation,"CPI, cumulative log",inflation,instr-econleft_w10_trt-ertOrDdcg_gapany_illibany_exclyr,backsliding_union_Nyr,1343,273,0.06953399736892271,0.2914284711759077,968,201,-0.067057135723467165,0.2915587961175826,0.8180954673473446,-0.4707137745881522,6.09097471534787,0.9384003767292532,19.68329477669054
10,backsliding_union_Nyr,Y_unemployment,Unemployment rate,unemployment,instr-econleft_w10_trt-ertOrDdcg_gapany_illibany_exclyr,backsliding_union_Nyr,1343,273,0.06953399736892271,0.2914284711759077,727,199,0.07206719279426715,0.8079897591340476,0.9289283688539592,0.5470437883649439,9.696959835653669,0.9550120457176609,21.796966587327084
10,backsliding_union_Nyr,Y_trade_pct_gdp,Trade / GDP,trade,instr-econleft_w10_trt-ertOrDdcg_gapany_illibany_exclyr,backsliding_union_Nyr,1343,273,0.06953399736892271,0.2914284711759077,963,208,-5.358180495305892,4.2940797348513575,0.2121019370678116,-35.37796566280762,54.15011370404275,0.5135427003614466,16.858423475817833
10,backsliding_union_Nyr,Y_top10_share,Top-10% income share,top10,instr-econleft_w10_trt-ertOrDdcg_gapany_illibany_exclyr,backsliding_union_Nyr,1343,273,0.06953399736892271,0.2914284711759077,989,213,-0.8539925291271142,0.6568339956956128,0.1935444459742716,-5.7001973629390505,5.974675205701878,0.3400533791037613,15.309950573419805
10,backsliding_union_Nyr,Y_gini_disp,Disposable,gini,instr-econleft_w10_trt-ertOrDdcg_gapany_illibany_exclyr,backsliding_union_Nyr,1343,273,0.06953399736892271,0.2914284711759077,811,168,0.11071603874365044,0.562201557002062,0.8438799697327686,0.22745027991576583,8.33910960684937,0.9782402946603244,22.29554266697385
10,backsliding_union_Nyr,Y_gini_mkt,Market,gini,instr-econleft_w10_trt-ertOrDdcg_gapany_illibany_exclyr,backsliding_union_Nyr,1343,273,0.06953399736892271,0.2914284711759077,811,168,-0.00539102094302224,0.611216993767252,0.9929626357732492,-0.6704937905659571,8.728241873655227,0.9387676287299368,20.261829419760257
10,backsliding_union_Nyr,Y_debt,Debt / GDP,fiscal,instr-econleft_w10_trt-ertOrDdcg_gapany_illibany_exclyr,backsliding_union_Nyr,1343,273,0.06953399736892271,0.2914284711759077,1037,220,-20.28437403397558,12.56553557008826,0.10646530390738738,-192.87981139960172,336.5227541059689,0.5665395243221423,16.4962632762444
10,backsliding_union_Nyr,Y_deficit,Deficit / GDP,fiscal,instr-econleft_w10_trt-ertOrDdcg_gapany_illibany_exclyr,backsliding_union_Nyr,1343,273,0.06953399736892271,0.2914284711759077,888,185,0.7656673955958994,1.139269866472347,0.5015400859132884,10.883114344522529,23.609139632639852,0.6448198477147276,20.64762384992744
10,backsliding_union_Nyr,Y_checks_balances,Checks & balances,institutions,instr-econleft_w10_trt-ertOrDdcg_gapany_illibany_exclyr,backsliding_union_Nyr,1343,273,0.06953399736892271,0.2914284711759077,1099,236,-0.00267311786801153,0.02827109233716038,0.9246698472675292,-0.221682350380498,0.3688038894118258,0.5477836182432225,17.579743577722116
10,backsliding_union_Nyr,Y_jucon,Judicial constraints,institutions,instr-econleft_w10_trt-ertOrDdcg_gapany_illibany_exclyr,backsliding_union_Nyr,1343,273,0.06953399736892271,0.2914284711759077,1129,244,0.00181696317054444,0.02952171524561863,0.9509238501191142,-0.1431865177885437,0.649058333627146,0.82539880287863,19.223320807369188
10,backsliding_union_Nyr,Y_legcon,Legislative constraints,institutions,instr-econleft_w10_trt-ertOrDdcg_gapany_illibany_exclyr,backsliding_union_Nyr,1343,273,0.06953399736892271,0.2914284711759077,1099,236,0.01674209603436749,0.03205918009773384,0.601513883260777,-0.08473212179576267,0.47700683864891075,0.859011262359876,18.41753878856655
10,backsliding_union_Nyr,Y_hos_power,HOS,exec_power,instr-econleft_w10_trt-ertOrDdcg_gapany_illibany_exclyr,backsliding_union_Nyr,1343,273,0.06953399736892271,0.2914284711759077,1129,244,0.02699193805455121,0.02126719476396303,0.2043762051795223,0.2767251511904515,0.6330473839035148,0.6620157563206395,20.005030445072208
10,backsliding_union_Nyr,Y_hog_power,HOG,exec_power,instr-econleft_w10_trt-ertOrDdcg_gapany_illibany_exclyr,backsliding_union_Nyr,1343,273,0.06953399736892271,0.2914284711759077,562,135,-0.0157374331790107,0.01539532175431273,0.3066759454913881,-0.11073284832700876,0.27942129899140766,0.6918885118453686,15.568451844216414
10,backsliding_union_Nyr,Y_hos_power_vdem,HOS (v2ex_hosw),exec_power_alt,instr-econleft_w10_trt-ertOrDdcg_gapany_illibany_exclyr,backsliding_union_Nyr,1343,273,0.06953399736892271,0.2914284711759077,1129,244,0.01864172328077033,0.03406408782413471,0.5842039401299612,0.23982727715142033,0.6072823656698918,0.6929027493144936,15.857343312242154
10,backsliding_union_Nyr,Y_hog_power_vdem,HOG (v2ex_hogw),exec_power_alt,instr-econleft_w10_trt-ertOrDdcg_gapany_illibany_exclyr,backsliding_union_Nyr,1343,273,0.06953399736892271,0.2914284711759077,1129,244,-0.01747615861266251,0.03247088734178999,0.5904320273475018,-0.29256435623450733,0.811684965351029,0.7185175404269977,21.187800122241185
10,polyarchy_decline,Y_gdp_growth,PWT,growth,instr-econleft_w10_trt-polyarchy_gapany_illibany_exclyr,polyarchy_decline,1129,385,-0.00695631235395059,0.7737573084447267,1043,325,-0.01091771863692375,0.03574912152639993,0.7600628654640149,-0.5046177409721131,9.67121256723804,0.9583874217913628,20.038993288272085
10,polyarchy_decline,Y_gdp_growth_wb,World Bank,growth,instr-econleft_w10_trt-polyarchy_gapany_illibany_exclyr,polyarchy_decline,1129,385,-0.00695631235395059,0.7737573084447267,1076,359,0.02112501253532536,0.0357071397074304,0.5541059307893696,1.1153124884654066,3.728891869942828,0.7648635559584748,15.8686552679305
10,polyarchy_decline,Y_gdp_growth_imf,IMF WEO,growth,instr-econleft_w10_trt-polyarchy_gapany_illibany_exclyr,polyarchy_decline,1129,385,-0.00695631235395059,0.7737573084447267,810,271,-0.01390568314926099,0.03202133338372044,0.6640974042790144,-0.4660326811154872,2.859445594915349,0.8705341162502209,20.885643910475476
10,polyarchy_decline,Y_inflation,"CPI, cumulative log",inflation,instr-econleft_w10_trt-polyarchy_gapany_illibany_exclyr,polyarchy_decline,1129,385,-0.00695631235395059,0.7737573084447267,968,322,-0.067057135723467165,0.2915587961175826,0.8180954673473446,-1.5740171243081962,22.118410439652923,0.9432678599763488,18.2427552775864
10,polyarchy_decline,Y_unemployment,Unemployment rate,unemployment,instr-econleft_w10_trt-polyarchy_gapany_illibany_exclyr,polyarchy_decline,1129,385,-0.00695631235395059,0.7737573084447267,727,319,0.07206719279426715,0.8079897591340476,0.9289283688539592,182.9561751318492,899.4688160260528,0.838818734828608,23.651713769664344
10,polyarchy_decline,Y_trade_pct_gdp,Trade / GDP,trade,instr-econleft_w10_trt-polyarchy_gapany_illibany_exclyr,polyarchy_decline,1129,385,-0.00695631235395059,0.7737573084447267,963,330,-5.358180495305892,4.2940797348513575,0.2121019370678116,-159.49041443466876,598.9575320905335,0.7900235713342743,17.507759801734704
10,polyarchy_decline,Y_top10_share,Top-10% income share,top10,instr-econleft_w10_trt-polyarchy_gapany_illibany_exclyr,polyarchy_decline,1129,385,-0.00695631235395059,0.7737573084447267,989,332,-0.8539925291271142,0.6568339956956128,0.1935444459742716,-18.883927194188047,20.409295876168635,0.35483011717132257,16.75243588891784
10,polyarchy_decline,Y_gini_disp,Disposable,gini,instr-econleft_w10_trt-polyarchy_gapany_illibany_exclyr,polyarchy_decline,1129,385,-0.00695631235395059,0.7737573084447267,811,258,0.11071603874365044,0.562201557002062,0.8438799697327686,2.419456816133288,19.67157827901705,0.9021130279646103,17.43864956579234
10,polyarchy_decline,Y_gini_mkt,Market,gini,instr-econleft_w10_trt-polyarchy_gapany_illibany_exclyr,polyarchy_decline,1129,385,-0.00695631235395059,0.7737573084447267,811,258,-0.00539102094302224,0.611216993767252,0.9929626357732492,0.43023659674702674,19.62861074552795,0.9825126873628682,15.478523228670063
10,polyarchy_decline,Y_debt,Debt / GDP,fiscal,instr-econleft_w10_trt-polyarchy_gapany_illibany_exclyr,polyarchy_decline,1129,385,-0.00695631235395059,0.7737573084447267,1037,349,-20.28437403397558,12.56553557008826,0.10646530390738738,-843.1323898614714,2500.6257048123052,0.7359898299405634,17.29797694923538
10,polyarchy_decline,Y_deficit,Deficit / GDP,fiscal,instr-econleft_w10_trt-polyarchy_gapany_illibany_exclyr,polyarchy_decline,1129,385,-0.00695631235395059,0.7737573084447267,888,308,0.7656673955958994,1.139269866472347,0.5015400859132884,38.45744316394209,73.86900077622256,0.6026337402907557,23.63000821358642
10,polyarchy_decline,Y_checks_balances,Checks & balances,institutions,instr-econleft_w10_trt-polyarchy_gapany_illibany_exclyr,polyarchy_decline,1129,385,-0.00695631235395059,0.7737573084447267,1099,379,-0.00267311786801153,0.02827109233716038,0.9246698472675292,-0.18801994368850827,1.5271980663715738,0.9020165758498252,22.757077118291292
10,polyarchy_decline,Y_jucon,Judicial constraints,institutions,instr-econleft_w10_trt-polyarchy_gapany_illibany_exclyr,polyarchy_decline,1129,385,-0.00695631235395059,0.7737573084447267,1129,385,0.00181696317054444,0.02952171524561863,0.9509238501191142,1.000034880613612,16.164173941524826,0.9506684551012928,19.42011820725233
10,polyarchy_decline,Y_legcon,Legislative constraints,institutions,instr-econleft_w10_trt-polyarchy_gapany_illibany_exclyr,polyarchy_decline,1129,385,-0.00695631235395059,0.7737573084447267,1099,379,0.01674209603436749,0.03205918009773384,0.601513883260777,1.0722992630678223,5.6869120003250035,0.8504411126770892,25.17870472657856
10,polyarchy_decline,Y_hos_power,HOS,exec_power,instr-econleft_w10_trt-polyarchy_gapany_illibany_exclyr,polyarchy_decline,1129,385,-0.00695631235395059,0.7737573084447267,1129,385,0.02699193805455121,0.02126719476396303,0.2043762051795223,2.5372269715290545,24.775904084165244,0.9184335968714856,18.694063731109644
10,polyarchy_decline,Y_hog_power,HOG,exec_power,instr-econleft_w10_trt-polyarchy_gapany_illibany_exclyr,polyarchy_decline,1129,385,-0.00695631235395059,0.7737573084447267,562,185,-0.0157374331790107,0.01539532175431273,0.3066759454913881,-0.19877233696539603,0.5983909786735042,0.7397548316631595,15.455255822039389
10,polyarchy_decline,Y_hos_power_vdem,HOS (v2ex_hosw),exec_power_alt,instr-econleft_w10_trt-polyarchy_gapany_illibany_exclyr,polyarchy_decline,1129,385,-0.00695631235395059,0.7737573084447267,1129,385,0.01864172328077033,0.03406408782413471,0.5842039401299612,-13.127455479708075,147.2432009450232,0.928958793009676,20.51463507394653
10,polyarchy_decline,Y_hog_power_vdem,HOG (v2ex_hogw),exec_power_alt,instr-econleft_w10_trt-polyarchy_gapany_illibany_exclyr,polyarchy_decline,1129,385,-0.00695631235395059,0.7737573084447267,1129,385,-0.01747615861266251,0.03247088734178999,0.5904320273475018,7.460004606317365,23.399866348924537,0.7498740554727643,24.201593375750033
