family,label,sample,spec,window,outcome,pooled_estimate,pooled_estimate_bc,pooled_se_rb,pooled_rdrobust_estimate_bc,pooled_rdrobust_se_rb,estimator_note,covs_eff,cluster,w,binary,n,term,estimate,estimate_bc,se_rb,ci_lo,ci_hi,pval,h,n_h,w_mean_close,w_sd_close,note,estimate_bc_half,se_rb_half,ci_lo_half,ci_hi_half,pval_half,h_half,n_h_half
Party scores,More-illiberal party's anti-pluralism,full,antiplural_gapany_illibany_exclyr,5,Y_gdp_growth,-0.04670552049776577,-0.0781384172380312,0.03449795297481146,-0.0531705499085085,0.026667003061130602,"All rows use rdhte, whose bias-correction bandwidth equals h (vce HC3); the headline rdrobust estimate (pooled_rdrobust_*) estimates it separately (vce NN), so its bias-corrected effect differs. Compare rows with pooled_estimate_bc.",none,none,W_ill_v2xpa_antiplural,FALSE,1207,effect at cutoff-mean W,-0.04720496784294367,-0.07751389830725657,0.03488378749943464,-0.145884865450497,-0.009142931164016141,0.026279193972551976,20.747587102923198,672,0.43403240543054283,0.32733298361699553,NA,-0.11711821193922078,0.05033521637805895,-0.21577342319424697,-0.01846300068419461,0.019977784432962074,10.373793551461599,420
Party scores,More-illiberal party's anti-pluralism,full,antiplural_gapany_illibany_exclyr,5,Y_gdp_growth,-0.04670552049776577,-0.0781384172380312,0.03449795297481146,-0.0531705499085085,0.026667003061130602,"All rows use rdhte, whose bias-correction bandwidth equals h (vce HC3); the headline rdrobust estimate (pooled_rdrobust_*) estimates it separately (vce NN), so its bias-corrected effect differs. Compare rows with pooled_estimate_bc.",none,none,W_ill_v2xpa_antiplural,FALSE,1207,slope per SD of W,-0.03665016225553285,-0.06013041050183232,0.04374839444540587,-0.14587568799627995,0.02561486699261531,0.16929897491136342,20.747587102923198,672,0.43403240543054283,0.32733298361699553,NA,-0.025000129537934675,0.06793306591822576,-0.15814649209704254,0.10814623302117318,0.7128648782474059,10.373793551461599,420
Party scores,Less-illiberal party's anti-pluralism,full,antiplural_gapany_illibany_exclyr,5,Y_gdp_growth,-0.04670552049776577,-0.0781384172380312,0.03449795297481146,-0.0531705499085085,0.026667003061130602,"All rows use rdhte, whose bias-correction bandwidth equals h (vce HC3); the headline rdrobust estimate (pooled_rdrobust_*) estimates it separately (vce NN), so its bias-corrected effect differs. Compare rows with pooled_estimate_bc.",none,none,W_oth_v2xpa_antiplural,FALSE,1207,effect at cutoff-mean W,-0.049562315781013104,-0.08354143105250715,0.0371530075408735,-0.15635998774996424,-0.01072287435505008,0.02453936484425264,20.747587102923198,672,0.252141396906376,0.22715712340668423,NA,-0.12615029565502828,0.05384446262481992,-0.2316835031665883,-0.020617088143468243,0.019136316610954846,10.373793551461599,420
Party scores,Less-illiberal party's anti-pluralism,full,antiplural_gapany_illibany_exclyr,5,Y_gdp_growth,-0.04670552049776577,-0.0781384172380312,0.03449795297481146,-0.0531705499085085,0.026667003061130602,"All rows use rdhte, whose bias-correction bandwidth equals h (vce HC3); the headline rdrobust estimate (pooled_rdrobust_*) estimates it separately (vce NN), so its bias-corrected effect differs. Compare rows with pooled_estimate_bc.",none,none,W_oth_v2xpa_antiplural,FALSE,1207,slope per SD of W,-0.03856644092042125,-0.0686174003425199,0.04261969106746789,-0.1521504598669804,0.014915659181940585,0.10739940464466041,20.747587102923198,672,0.252141396906376,0.22715712340668423,NA,-0.035780668827695504,0.060960705311610935,-0.15526145571061248,0.08370011805522146,0.5572396802563289,10.373793551461599,420
Party scores,Anti-pluralism gap: more- minus less-illiberal party,full,antiplural_gapany_illibany_exclyr,5,Y_gdp_growth,-0.04670552049776577,-0.0781384172380312,0.03449795297481146,-0.0531705499085085,0.026667003061130602,"All rows use rdhte, whose bias-correction bandwidth equals h (vce HC3); the headline rdrobust estimate (pooled_rdrobust_*) estimates it separately (vce NN), so its bias-corrected effect differs. Compare rows with pooled_estimate_bc.",none,none,W_gap_v2xpa_antiplural,FALSE,1207,effect at cutoff-mean W,-0.045507787899229296,-0.07418507935802496,0.03323116734008962,-0.1393169705088243,-0.009053188207225615,0.025588892740223496,20.747587102923198,672,0.1818910085241671,0.20959797094073646,NA,-0.10514172492001489,0.047580500905118936,-0.19839779306042343,-0.01188565677960636,0.027121476936847848,10.373793551461599,420
Party scores,Anti-pluralism gap: more- minus less-illiberal party,full,antiplural_gapany_illibany_exclyr,5,Y_gdp_growth,-0.04670552049776577,-0.0781384172380312,0.03449795297481146,-0.0531705499085085,0.026667003061130602,"All rows use rdhte, whose bias-correction bandwidth equals h (vce HC3); the headline rdrobust estimate (pooled_rdrobust_*) estimates it separately (vce NN), so its bias-corrected effect differs. Compare rows with pooled_estimate_bc.",none,none,W_gap_v2xpa_antiplural,FALSE,1207,slope per SD of W,-0.0166128785980364,-0.02525305999785261,0.04164789522481148,-0.10688143467038079,0.05637531467467556,0.544284615032024,20.747587102923198,672,0.1818910085241671,0.20959797094073646,NA,0.010547131994416729,0.05757580904253724,-0.1022993801097118,0.12339364409854527,0.8546513996991845,10.373793551461599,420
Party scores,More-illiberal party's populism,full,antiplural_gapany_illibany_exclyr,5,Y_gdp_growth,-0.04670552049776577,-0.0781384172380312,0.03449795297481146,-0.0531705499085085,0.026667003061130602,"All rows use rdhte, whose bias-correction bandwidth equals h (vce HC3); the headline rdrobust estimate (pooled_rdrobust_*) estimates it separately (vce NN), so its bias-corrected effect differs. Compare rows with pooled_estimate_bc.",none,none,W_ill_v2xpa_popul,FALSE,1207,effect at cutoff-mean W,-0.041858737841780944,-0.07243756792548968,0.03631620463859952,-0.14361602107233118,-0.0012591147786481932,0.04608271814822481,20.747587102923198,672,0.3213389559295544,0.23827087946173767,NA,-0.1124377208009098,0.052217506980156154,-0.2147821538444847,-0.010093287757334896,0.031298473596908453,10.373793551461599,420
Party scores,More-illiberal party's populism,full,antiplural_gapany_illibany_exclyr,5,Y_gdp_growth,-0.04670552049776577,-0.0781384172380312,0.03449795297481146,-0.0531705499085085,0.026667003061130602,"All rows use rdhte, whose bias-correction bandwidth equals h (vce HC3); the headline rdrobust estimate (pooled_rdrobust_*) estimates it separately (vce NN), so its bias-corrected effect differs. Compare rows with pooled_estimate_bc.",none,none,W_ill_v2xpa_popul,FALSE,1207,slope per SD of W,0.01927595761422193,0.031905006741571984,0.04137031336689212,-0.04917931748667252,0.11298933096981649,0.44058522728107585,20.747587102923198,672,0.3213389559295544,0.23827087946173767,NA,0.058353673906907474,0.058346592308810966,-0.0560035456390037,0.17271089345281865,0.3172517748549641,10.373793551461599,420
Party scores,Less-illiberal party's populism,full,antiplural_gapany_illibany_exclyr,5,Y_gdp_growth,-0.04670552049776577,-0.0781384172380312,0.03449795297481146,-0.0531705499085085,0.026667003061130602,"All rows use rdhte, whose bias-correction bandwidth equals h (vce HC3); the headline rdrobust estimate (pooled_rdrobust_*) estimates it separately (vce NN), so its bias-corrected effect differs. Compare rows with pooled_estimate_bc.",none,none,W_oth_v2xpa_popul,FALSE,1207,effect at cutoff-mean W,-0.0436931502522197,-0.0736293484342546,0.03218163194999795,-0.13670418801997408,-0.010554508848535135,0.022141548604043285,20.747587102923198,672,0.3603709258021802,0.22785287352360312,NA,-0.10759227085264314,0.044915181127409456,-0.19562440822145877,-0.0195601334838275,0.016599776274024335,10.373793551461599,420
Party scores,Less-illiberal party's populism,full,antiplural_gapany_illibany_exclyr,5,Y_gdp_growth,-0.04670552049776577,-0.0781384172380312,0.03449795297481146,-0.0531705499085085,0.026667003061130602,"All rows use rdhte, whose bias-correction bandwidth equals h (vce HC3); the headline rdrobust estimate (pooled_rdrobust_*) estimates it separately (vce NN), so its bias-corrected effect differs. Compare rows with pooled_estimate_bc.",none,none,W_oth_v2xpa_popul,FALSE,1207,slope per SD of W,-0.06389626790542649,-0.08569817026589249,0.04254324562829145,-0.1690813994827848,-0.00231494104900018,0.043969881516941145,20.747587102923198,672,0.3603709258021802,0.22785287352360312,NA,-0.1003373279979953,0.05771662384872897,-0.2134598320507496,0.012785176054758998,0.08213197012082483,10.373793551461599,420
Party scores,Populism gap: more- minus less-illiberal party,full,antiplural_gapany_illibany_exclyr,5,Y_gdp_growth,-0.04670552049776577,-0.0781384172380312,0.03449795297481146,-0.0531705499085085,0.026667003061130602,"All rows use rdhte, whose bias-correction bandwidth equals h (vce HC3); the headline rdrobust estimate (pooled_rdrobust_*) estimates it separately (vce NN), so its bias-corrected effect differs. Compare rows with pooled_estimate_bc.",none,none,W_gap_v2xpa_popul,FALSE,1207,effect at cutoff-mean W,-0.041281217424699604,-0.06974451566336241,0.034223641368328145,-0.13682162016510063,-0.002667411161624181,0.041559475974076145,20.747587102923198,672,-0.03903196987262557,0.31899445163061135,NA,-0.10482878708262093,0.04777887074456988,-0.1984736529639723,-0.01118392120126957,0.028232483630635564,10.373793551461599,420
Party scores,Populism gap: more- minus less-illiberal party,full,antiplural_gapany_illibany_exclyr,5,Y_gdp_growth,-0.04670552049776577,-0.0781384172380312,0.03449795297481146,-0.0531705499085085,0.026667003061130602,"All rows use rdhte, whose bias-correction bandwidth equals h (vce HC3); the headline rdrobust estimate (pooled_rdrobust_*) estimates it separately (vce NN), so its bias-corrected effect differs. Compare rows with pooled_estimate_bc.",none,none,W_gap_v2xpa_popul,FALSE,1207,slope per SD of W,0.05200237347337983,0.07300910523913147,0.040471398504703764,-0.006313378234056075,0.152331588712319,0.07123633360600515,20.747587102923198,672,-0.03903196987262557,0.31899445163061135,NA,0.08870184245371049,0.05750262527926587,-0.02400123211015305,0.20140491701757401,0.12293506656211307,10.373793551461599,420
Party scores,More-illiberal party's GAL-TAN (higher = more TAN),full,antiplural_gapany_illibany_exclyr,5,Y_gdp_growth,-0.04670552049776577,-0.0781384172380312,0.03449795297481146,-0.0531705499085085,0.026667003061130602,"All rows use rdhte, whose bias-correction bandwidth equals h (vce HC3); the headline rdrobust estimate (pooled_rdrobust_*) estimates it separately (vce NN), so its bias-corrected effect differs. Compare rows with pooled_estimate_bc.",none,none,W_ill_ep_galtan,NA,NA,NA,NA,NA,NA,NA,NA,NA,NA,NA,NA,NA,only 32 usable,NA,NA,NA,NA,NA,NA,NA
Party scores,Less-illiberal party's GAL-TAN (higher = more TAN),full,antiplural_gapany_illibany_exclyr,5,Y_gdp_growth,-0.04670552049776577,-0.0781384172380312,0.03449795297481146,-0.0531705499085085,0.026667003061130602,"All rows use rdhte, whose bias-correction bandwidth equals h (vce HC3); the headline rdrobust estimate (pooled_rdrobust_*) estimates it separately (vce NN), so its bias-corrected effect differs. Compare rows with pooled_estimate_bc.",none,none,W_oth_ep_galtan,NA,NA,NA,NA,NA,NA,NA,NA,NA,NA,NA,NA,NA,only 31 usable,NA,NA,NA,NA,NA,NA,NA
Party scores,Gal-tan gap: more- minus less-illiberal party (higher = more TAN),full,antiplural_gapany_illibany_exclyr,5,Y_gdp_growth,-0.04670552049776577,-0.0781384172380312,0.03449795297481146,-0.0531705499085085,0.026667003061130602,"All rows use rdhte, whose bias-correction bandwidth equals h (vce HC3); the headline rdrobust estimate (pooled_rdrobust_*) estimates it separately (vce NN), so its bias-corrected effect differs. Compare rows with pooled_estimate_bc.",none,none,W_gap_ep_galtan,NA,NA,NA,NA,NA,NA,NA,NA,NA,NA,NA,NA,NA,only 31 usable,NA,NA,NA,NA,NA,NA,NA
Party scores,More-illiberal party's economic-left position (higher = further left),full,antiplural_gapany_illibany_exclyr,5,Y_gdp_growth,-0.04670552049776577,-0.0781384172380312,0.03449795297481146,-0.0531705499085085,0.026667003061130602,"All rows use rdhte, whose bias-correction bandwidth equals h (vce HC3); the headline rdrobust estimate (pooled_rdrobust_*) estimates it separately (vce NN), so its bias-corrected effect differs. Compare rows with pooled_estimate_bc.",none,none,W_ill_v2pariglef_neg,FALSE,1207,effect at cutoff-mean W,-0.05529293320176417,-0.09364797586318616,0.038749192059903285,-0.169594996730622,-0.01770095499575032,0.015658807101596305,20.747587102923198,672,-0.6669603989528062,1.3539595243400449,NA,-0.15246257776175468,0.05633570882125869,-0.2628785380949571,-0.04204661742855226,0.006803300864321915,10.373793551461599,420
Party scores,More-illiberal party's economic-left position (higher = further left),full,antiplural_gapany_illibany_exclyr,5,Y_gdp_growth,-0.04670552049776577,-0.0781384172380312,0.03449795297481146,-0.0531705499085085,0.026667003061130602,"All rows use rdhte, whose bias-correction bandwidth equals h (vce HC3); the headline rdrobust estimate (pooled_rdrobust_*) estimates it separately (vce NN), so its bias-corrected effect differs. Compare rows with pooled_estimate_bc.",none,none,W_ill_v2pariglef_neg,FALSE,1207,slope per SD of W,-0.04634754228794464,-0.06661693601411392,0.048340503133069694,-0.16136258114947613,0.02812870912124829,0.16817951283801139,20.747587102923198,672,-0.6669603989528062,1.3539595243400449,NA,-0.13107922083031,0.06870052397350816,-0.26572977353741656,0.0035713318767965074,0.05639381050346315,10.373793551461599,420
Party scores,Less-illiberal party's economic-left position (higher = further left),full,antiplural_gapany_illibany_exclyr,5,Y_gdp_growth,-0.04670552049776577,-0.0781384172380312,0.03449795297481146,-0.0531705499085085,0.026667003061130602,"All rows use rdhte, whose bias-correction bandwidth equals h (vce HC3); the headline rdrobust estimate (pooled_rdrobust_*) estimates it separately (vce NN), so its bias-corrected effect differs. Compare rows with pooled_estimate_bc.",none,none,W_oth_v2pariglef_neg,FALSE,1203,effect at cutoff-mean W,-0.045695907712169054,-0.07768241791431077,0.03492577843308337,-0.14613568577517994,-0.009229150053441618,0.026134025374679883,21.808271831140424,696,0.12203975455333972,1.1679431306219674,NA,-0.11532606890024542,0.04897413589895929,-0.21131361143617575,-0.0193385263643151,0.01853087131738059,10.904135915570212,435
Party scores,Less-illiberal party's economic-left position (higher = further left),full,antiplural_gapany_illibany_exclyr,5,Y_gdp_growth,-0.04670552049776577,-0.0781384172380312,0.03449795297481146,-0.0531705499085085,0.026667003061130602,"All rows use rdhte, whose bias-correction bandwidth equals h (vce HC3); the headline rdrobust estimate (pooled_rdrobust_*) estimates it separately (vce NN), so its bias-corrected effect differs. Compare rows with pooled_estimate_bc.",none,none,W_oth_v2pariglef_neg,FALSE,1203,slope per SD of W,-0.007511487061761883,-0.00578544262162561,0.033814014759525196,-0.07205969372300079,0.060488808479749565,0.8641482821438619,21.808271831140424,696,0.12203975455333972,1.1679431306219674,NA,0.012410388703809484,0.045548681664686994,-0.07686338690225691,0.10168416430987587,0.7852650539367664,10.904135915570212,435
Party scores,Economic-left position gap: more- minus less-illiberal party (higher = further left),full,antiplural_gapany_illibany_exclyr,5,Y_gdp_growth,-0.04670552049776577,-0.0781384172380312,0.03449795297481146,-0.0531705499085085,0.026667003061130602,"All rows use rdhte, whose bias-correction bandwidth equals h (vce HC3); the headline rdrobust estimate (pooled_rdrobust_*) estimates it separately (vce NN), so its bias-corrected effect differs. Compare rows with pooled_estimate_bc.",none,none,W_gap_v2pariglef_neg,FALSE,1203,effect at cutoff-mean W,-0.05239014255764334,-0.08604401585059837,0.038320554004297167,-0.16115092156664296,-0.010937110134553799,0.02474406575641011,21.808271831140424,696,-0.7799563044001608,2.052743681254503,NA,-0.12586307617213385,0.054372412160059086,-0.2324310457584173,-0.019295106585850402,0.020622050824823716,10.904135915570212,435
Party scores,Economic-left position gap: more- minus less-illiberal party (higher = further left),full,antiplural_gapany_illibany_exclyr,5,Y_gdp_growth,-0.04670552049776577,-0.0781384172380312,0.03449795297481146,-0.0531705499085085,0.026667003061130602,"All rows use rdhte, whose bias-correction bandwidth equals h (vce HC3); the headline rdrobust estimate (pooled_rdrobust_*) estimates it separately (vce NN), so its bias-corrected effect differs. Compare rows with pooled_estimate_bc.",none,none,W_gap_v2pariglef_neg,FALSE,1203,slope per SD of W,-0.02599573350942738,-0.03942195768425722,0.04745539465946873,-0.13243282208895032,0.053588906720435876,0.4061340609954739,21.808271831140424,696,-0.7799563044001608,2.052743681254503,NA,-0.09742794232389992,0.07011033145537775,-0.23484166692060593,0.03998578227280608,0.16463899717099192,10.904135915570212,435
Party scores,More-illiberal party's anti-elitism,full,antiplural_gapany_illibany_exclyr,5,Y_gdp_growth,-0.04670552049776577,-0.0781384172380312,0.03449795297481146,-0.0531705499085085,0.026667003061130602,"All rows use rdhte, whose bias-correction bandwidth equals h (vce HC3); the headline rdrobust estimate (pooled_rdrobust_*) estimates it separately (vce NN), so its bias-corrected effect differs. Compare rows with pooled_estimate_bc.",none,none,W_ill_v2paanteli,FALSE,1207,effect at cutoff-mean W,-0.041480916028128555,-0.07199553125141893,0.036110386741464065,-0.14277058873250115,-0.0012204737703367108,0.046178026693958624,20.747587102923198,672,-0.6761207997604726,1.3572786156444383,NA,-0.11000739116029075,0.05189859702226723,-0.21172677217209218,-0.00828801014848933,0.03403471070280379,10.373793551461599,420
Party scores,More-illiberal party's anti-elitism,full,antiplural_gapany_illibany_exclyr,5,Y_gdp_growth,-0.04670552049776577,-0.0781384172380312,0.03449795297481146,-0.0531705499085085,0.026667003061130602,"All rows use rdhte, whose bias-correction bandwidth equals h (vce HC3); the headline rdrobust estimate (pooled_rdrobust_*) estimates it separately (vce NN), so its bias-corrected effect differs. Compare rows with pooled_estimate_bc.",none,none,W_ill_v2paanteli,FALSE,1207,slope per SD of W,0.01707748535009579,0.027124654366743134,0.04266111600603057,-0.056489596545361995,0.11073890527884826,0.5248958345590105,20.747587102923198,672,-0.6761207997604726,1.3572786156444383,NA,0.06370795424969265,0.06051204563467509,-0.05489347582511468,0.1823093843245,0.2924260545519119,10.373793551461599,420
Party scores,Less-illiberal party's anti-elitism,full,antiplural_gapany_illibany_exclyr,5,Y_gdp_growth,-0.04670552049776577,-0.0781384172380312,0.03449795297481146,-0.0531705499085085,0.026667003061130602,"All rows use rdhte, whose bias-correction bandwidth equals h (vce HC3); the headline rdrobust estimate (pooled_rdrobust_*) estimates it separately (vce NN), so its bias-corrected effect differs. Compare rows with pooled_estimate_bc.",none,none,W_oth_v2paanteli,FALSE,1207,effect at cutoff-mean W,-0.044518269102081794,-0.07465769796317909,0.032509284816723286,-0.1383747253671115,-0.010940670559246662,0.021647088893711575,20.747587102923198,672,-0.40189343490795365,1.2655006748637943,NA,-0.1094236415677951,0.045531132811374726,-0.19866302205339947,-0.020184261082190735,0.016249149937960915,10.373793551461599,420
Party scores,Less-illiberal party's anti-elitism,full,antiplural_gapany_illibany_exclyr,5,Y_gdp_growth,-0.04670552049776577,-0.0781384172380312,0.03449795297481146,-0.0531705499085085,0.026667003061130602,"All rows use rdhte, whose bias-correction bandwidth equals h (vce HC3); the headline rdrobust estimate (pooled_rdrobust_*) estimates it separately (vce NN), so its bias-corrected effect differs. Compare rows with pooled_estimate_bc.",none,none,W_oth_v2paanteli,FALSE,1207,slope per SD of W,-0.058788869299533496,-0.08528603163390912,0.043164253777748456,-0.16988641445784303,-6.856488099752089e-4,0.04817192391104781,20.747587102923198,672,-0.40189343490795365,1.2655006748637943,NA,-0.09837837483480666,0.058731368577850475,-0.21348974201014098,0.01673299234052765,0.09392309945073196,10.373793551461599,420
Party scores,Anti-elitism gap: more- minus less-illiberal party,full,antiplural_gapany_illibany_exclyr,5,Y_gdp_growth,-0.04670552049776577,-0.0781384172380312,0.03449795297481146,-0.0531705499085085,0.026667003061130602,"All rows use rdhte, whose bias-correction bandwidth equals h (vce HC3); the headline rdrobust estimate (pooled_rdrobust_*) estimates it separately (vce NN), so its bias-corrected effect differs. Compare rows with pooled_estimate_bc.",none,none,W_gap_v2paanteli,FALSE,1207,effect at cutoff-mean W,-0.04239765260037162,-0.07214853594310183,0.03457173351597585,-0.13990788851753078,-0.004389183368672889,0.036895121295009846,20.747587102923198,672,-0.2742273648525199,1.826359890767007,NA,-0.10527015018094542,0.04785798877587439,-0.19907008455418135,-0.011470215807709502,0.027832738021784757,10.373793551461599,420
Party scores,Anti-elitism gap: more- minus less-illiberal party,full,antiplural_gapany_illibany_exclyr,5,Y_gdp_growth,-0.04670552049776577,-0.0781384172380312,0.03449795297481146,-0.0531705499085085,0.026667003061130602,"All rows use rdhte, whose bias-correction bandwidth equals h (vce HC3); the headline rdrobust estimate (pooled_rdrobust_*) estimates it separately (vce NN), so its bias-corrected effect differs. Compare rows with pooled_estimate_bc.",none,none,W_gap_v2paanteli,FALSE,1207,slope per SD of W,0.04664018448908252,0.06988008876894507,0.041265547466802,-0.010998898068314888,0.15075907560620502,0.09037469615049103,20.747587102923198,672,-0.2742273648525199,1.826359890767007,NA,0.0932497460860948,0.05914713969650009,-0.022676517507604674,0.20917600967979427,0.11489395497088495,10.373793551461599,420
Party scores,More-illiberal party's minority-rights support (higher = more supportive),full,antiplural_gapany_illibany_exclyr,5,Y_gdp_growth,-0.04670552049776577,-0.0781384172380312,0.03449795297481146,-0.0531705499085085,0.026667003061130602,"All rows use rdhte, whose bias-correction bandwidth equals h (vce HC3); the headline rdrobust estimate (pooled_rdrobust_*) estimates it separately (vce NN), so its bias-corrected effect differs. Compare rows with pooled_estimate_bc.",none,none,W_ill_v2paminor,FALSE,1207,effect at cutoff-mean W,-0.04763977016363558,-0.07715779666812128,0.0348623177534526,-0.1454866838824797,-0.00882890945376287,0.026882842091387915,20.747587102923198,672,-0.11816729711514741,1.3423689254672284,NA,-0.11935412720310133,0.05024946985145622,-0.21784127835418676,-0.020866976052015915,0.017537943466231783,10.373793551461599,420
Party scores,More-illiberal party's minority-rights support (higher = more supportive),full,antiplural_gapany_illibany_exclyr,5,Y_gdp_growth,-0.04670552049776577,-0.0781384172380312,0.03449795297481146,-0.0531705499085085,0.026667003061130602,"All rows use rdhte, whose bias-correction bandwidth equals h (vce HC3); the headline rdrobust estimate (pooled_rdrobust_*) estimates it separately (vce NN), so its bias-corrected effect differs. Compare rows with pooled_estimate_bc.",none,none,W_ill_v2paminor,FALSE,1207,slope per SD of W,0.017069090646108953,0.04002664424026641,0.038074379367042714,-0.03459776805285222,0.11465105653338503,0.2931322927463095,20.747587102923198,672,-0.11816729711514741,1.3423689254672284,NA,0.023396560000397856,0.058397205284828495,-0.09105985915565806,0.13785297915645378,0.688681362218579,10.373793551461599,420
Party scores,Less-illiberal party's minority-rights support (higher = more supportive),full,antiplural_gapany_illibany_exclyr,5,Y_gdp_growth,-0.04670552049776577,-0.0781384172380312,0.03449795297481146,-0.0531705499085085,0.026667003061130602,"All rows use rdhte, whose bias-correction bandwidth equals h (vce HC3); the headline rdrobust estimate (pooled_rdrobust_*) estimates it separately (vce NN), so its bias-corrected effect differs. Compare rows with pooled_estimate_bc.",none,none,W_oth_v2paminor,FALSE,1207,effect at cutoff-mean W,-0.04897895521926712,-0.08429933723381586,0.03502669500199329,-0.1529503979351918,-0.015648276532439914,0.0160966443355579,20.747587102923198,672,0.5717448807923625,1.1433800601509654,NA,-0.1283824024391453,0.05051466104538967,-0.22738931877935747,-0.02937548609893316,0.011038175041820471,10.373793551461599,420
Party scores,Less-illiberal party's minority-rights support (higher = more supportive),full,antiplural_gapany_illibany_exclyr,5,Y_gdp_growth,-0.04670552049776577,-0.0781384172380312,0.03449795297481146,-0.0531705499085085,0.026667003061130602,"All rows use rdhte, whose bias-correction bandwidth equals h (vce HC3); the headline rdrobust estimate (pooled_rdrobust_*) estimates it separately (vce NN), so its bias-corrected effect differs. Compare rows with pooled_estimate_bc.",none,none,W_oth_v2paminor,FALSE,1207,slope per SD of W,0.03184743657746506,0.06853713341922149,0.03560717888385767,-0.0012516547842146425,0.1383259216226576,0.054252853311380515,20.747587102923198,672,0.5717448807923625,1.1433800601509654,NA,0.08741505875673186,0.05414286742961509,-0.01870301142504041,0.19353312893850413,0.10641341565733019,10.373793551461599,420
Party scores,Minority-rights support gap: more- minus less-illiberal party (higher = more supportive),full,antiplural_gapany_illibany_exclyr,5,Y_gdp_growth,-0.04670552049776577,-0.0781384172380312,0.03449795297481146,-0.0531705499085085,0.026667003061130602,"All rows use rdhte, whose bias-correction bandwidth equals h (vce HC3); the headline rdrobust estimate (pooled_rdrobust_*) estimates it separately (vce NN), so its bias-corrected effect differs. Compare rows with pooled_estimate_bc.",none,none,W_gap_v2paminor,FALSE,1207,effect at cutoff-mean W,-0.04857105425381446,-0.07938300958723746,0.03431989277504089,-0.14664876337959398,-0.012117255794880918,0.02072088085114975,20.747587102923198,672,-0.6899121779075095,0.9892125321267317,NA,-0.12641007972871202,0.049601465158527445,-0.2236271650198441,-0.02919299443757993,0.01081826234423452,10.373793551461599,420
Party scores,Minority-rights support gap: more- minus less-illiberal party (higher = more supportive),full,antiplural_gapany_illibany_exclyr,5,Y_gdp_growth,-0.04670552049776577,-0.0781384172380312,0.03449795297481146,-0.0531705499085085,0.026667003061130602,"All rows use rdhte, whose bias-correction bandwidth equals h (vce HC3); the headline rdrobust estimate (pooled_rdrobust_*) estimates it separately (vce NN), so its bias-corrected effect differs. Compare rows with pooled_estimate_bc.",none,none,W_gap_v2paminor,FALSE,1207,slope per SD of W,-0.010399825454290081,-0.010252312003412088,0.03098124915878821,-0.0709744445506988,0.05046982054387463,0.7407049868552388,20.747587102923198,672,-0.6899121779075095,0.9892125321267317,NA,-0.03754361587125988,0.03914848318945456,-0.11427323297196254,0.039186001229442775,0.3375559078455893,10.373793551461599,420
Design,ERT episode starting in t-5..t-1,full,antiplural_gapany_illibany_exclyr,5,Y_gdp_growth,-0.04670552049776577,-0.0781384172380312,0.03449795297481146,-0.0531705499085085,0.026667003061130602,"All rows use rdhte, whose bias-correction bandwidth equals h (vce HC3); the headline rdrobust estimate (pooled_rdrobust_*) estimates it separately (vce NN), so its bias-corrected effect differs. Compare rows with pooled_estimate_bc.",none,none,W_prior_backsliding,TRUE,1207,effect at W = 0,-0.032200049983601604,-0.05719957410256218,0.036841728046443166,-0.12940803420180996,0.015008885996685602,0.12052451921919005,20.747587102923198,628,NA,NA,NA,-0.10442982160755454,0.0550143127404746,-0.21225589321310778,0.0033962499979986877,0.057665783967561855,10.373793551461599,394
Design,ERT episode starting in t-5..t-1,full,antiplural_gapany_illibany_exclyr,5,Y_gdp_growth,-0.04670552049776577,-0.0781384172380312,0.03449795297481146,-0.0531705499085085,0.026667003061130602,"All rows use rdhte, whose bias-correction bandwidth equals h (vce HC3); the headline rdrobust estimate (pooled_rdrobust_*) estimates it separately (vce NN), so its bias-corrected effect differs. Compare rows with pooled_estimate_bc.",none,none,W_prior_backsliding,TRUE,1207,effect at W = 1,-0.20080273400371518,-0.24819426897808675,0.10038024038025428,-0.44493592488285827,-0.051452613073315195,0.013415629028602855,20.747587102923198,44,NA,NA,NA,-0.17417654048685366,0.10287442572270868,-0.37580670983360354,0.02745362885989619,0.09043671124247259,10.373793551461599,26
Design,ERT episode starting in t-5..t-1,full,antiplural_gapany_illibany_exclyr,5,Y_gdp_growth,-0.04670552049776577,-0.0781384172380312,0.03449795297481146,-0.0531705499085085,0.026667003061130602,"All rows use rdhte, whose bias-correction bandwidth equals h (vce HC3); the headline rdrobust estimate (pooled_rdrobust_*) estimates it separately (vce NN), so its bias-corrected effect differs. Compare rows with pooled_estimate_bc.",none,none,W_prior_backsliding,TRUE,1207,change from W = 0 to 1,-0.16860268402011358,-0.19099469487552456,0.10692757167468869,-0.4005688843122396,0.01857949456119043,0.07406587245147672,NA,NA,NA,NA,NA,-0.06974671887929912,0.11666071349894884,-0.29839751574798445,0.15890407798938624,0.5499336680034109,10.373793551461599,420
Design,OECD member,full,antiplural_gapany_illibany_exclyr,5,Y_gdp_growth,-0.04670552049776577,-0.0781384172380312,0.03449795297481146,-0.0531705499085085,0.026667003061130602,"All rows use rdhte, whose bias-correction bandwidth equals h (vce HC3); the headline rdrobust estimate (pooled_rdrobust_*) estimates it separately (vce NN), so its bias-corrected effect differs. Compare rows with pooled_estimate_bc.",none,none,W_oecd,TRUE,1207,effect at W = 0,-0.08074002808821124,-0.12515859313681157,0.051051158072031096,-0.22521702432705376,-0.025100161946569402,0.014221047805168429,20.747587102923198,377,NA,NA,NA,-0.17975279099560362,0.07136401128105074,-0.3196236828987732,-0.03988189909243409,0.011775027685398717,10.373793551461599,231
Design,OECD member,full,antiplural_gapany_illibany_exclyr,5,Y_gdp_growth,-0.04670552049776577,-0.0781384172380312,0.03449795297481146,-0.0531705499085085,0.026667003061130602,"All rows use rdhte, whose bias-correction bandwidth equals h (vce HC3); the headline rdrobust estimate (pooled_rdrobust_*) estimates it separately (vce NN), so its bias-corrected effect differs. Compare rows with pooled_estimate_bc.",none,none,W_oecd,TRUE,1207,effect at W = 1,-0.007783313645320325,-0.018857382480694962,0.04329361036789067,-0.10371129956247054,0.06599653460108061,0.6631489988379629,20.747587102923198,295,NA,NA,NA,-0.021814628533733088,0.06486669848177688,-0.14895102135403473,0.10532176428656856,0.736645140065305,10.373793551461599,189
Design,OECD member,full,antiplural_gapany_illibany_exclyr,5,Y_gdp_growth,-0.04670552049776577,-0.0781384172380312,0.03449795297481146,-0.0531705499085085,0.026667003061130602,"All rows use rdhte, whose bias-correction bandwidth equals h (vce HC3); the headline rdrobust estimate (pooled_rdrobust_*) estimates it separately (vce NN), so its bias-corrected effect differs. Compare rows with pooled_estimate_bc.",none,none,W_oecd,TRUE,1207,change from W = 0 to 1,0.07295671444289091,0.10630121065611661,0.06693696616356472,-0.02489283225884642,0.23749525357107965,0.11226840749898062,NA,NA,NA,NA,NA,0.15793816246187053,0.09643915531591758,-0.031079108656792365,0.34695543358053343,0.10148481477641785,10.373793551461599,420
Design,Decade,full,antiplural_gapany_illibany_exclyr,5,Y_gdp_growth,-0.04670552049776577,-0.0781384172380312,0.03449795297481146,-0.0531705499085085,0.026667003061130602,"All rows use rdhte, whose bias-correction bandwidth equals h (vce HC3); the headline rdrobust estimate (pooled_rdrobust_*) estimates it separately (vce NN), so its bias-corrected effect differs. Compare rows with pooled_estimate_bc.",none,none,W_decade,FALSE,1190,group 1970,0.056788102929812144,0.05906300197443379,0.12608635225391313,-0.18806170738526654,0.30618771133413414,0.639475009203162,21.26451139384942,79,NA,NA,dropped levels with < 30 elections: 1960 (17),NA,NA,NA,NA,NA,NA,NA
Design,Decade,full,antiplural_gapany_illibany_exclyr,5,Y_gdp_growth,-0.04670552049776577,-0.0781384172380312,0.03449795297481146,-0.0531705499085085,0.026667003061130602,"All rows use rdhte, whose bias-correction bandwidth equals h (vce HC3); the headline rdrobust estimate (pooled_rdrobust_*) estimates it separately (vce NN), so its bias-corrected effect differs. Compare rows with pooled_estimate_bc.",none,none,W_decade,FALSE,1190,group 1980,-0.06525999895732684,-0.07612362273452092,0.08889421477604666,-0.2503530821295406,0.09810583666049877,0.3918100477935991,15.195847203477294,91,NA,NA,dropped levels with < 30 elections: 1960 (17),NA,NA,NA,NA,NA,NA,NA
Design,Decade,full,antiplural_gapany_illibany_exclyr,5,Y_gdp_growth,-0.04670552049776577,-0.0781384172380312,0.03449795297481146,-0.0531705499085085,0.026667003061130602,"All rows use rdhte, whose bias-correction bandwidth equals h (vce HC3); the headline rdrobust estimate (pooled_rdrobust_*) estimates it separately (vce NN), so its bias-corrected effect differs. Compare rows with pooled_estimate_bc.",none,none,W_decade,FALSE,1190,group 1990,-0.0015206500065669051,-0.026727214055903684,0.05858335101304655,-0.141548472135143,0.08809404402333561,0.6482278860992405,21.15754115902012,159,NA,NA,dropped levels with < 30 elections: 1960 (17),NA,NA,NA,NA,NA,NA,NA
Design,Decade,full,antiplural_gapany_illibany_exclyr,5,Y_gdp_growth,-0.04670552049776577,-0.0781384172380312,0.03449795297481146,-0.0531705499085085,0.026667003061130602,"All rows use rdhte, whose bias-correction bandwidth equals h (vce HC3); the headline rdrobust estimate (pooled_rdrobust_*) estimates it separately (vce NN), so its bias-corrected effect differs. Compare rows with pooled_estimate_bc.",none,none,W_decade,FALSE,1190,group 2000,-0.10453160022777713,-0.17033028804681455,0.08853502787590928,-0.3438557540538464,0.003195177960217288,0.054370308386109845,15.679682590328625,145,NA,NA,dropped levels with < 30 elections: 1960 (17),NA,NA,NA,NA,NA,NA,NA
Design,Decade,full,antiplural_gapany_illibany_exclyr,5,Y_gdp_growth,-0.04670552049776577,-0.0781384172380312,0.03449795297481146,-0.0531705499085085,0.026667003061130602,"All rows use rdhte, whose bias-correction bandwidth equals h (vce HC3); the headline rdrobust estimate (pooled_rdrobust_*) estimates it separately (vce NN), so its bias-corrected effect differs. Compare rows with pooled_estimate_bc.",none,none,W_decade,FALSE,1190,group 2010,-0.07901641342841578,-0.06546471406301857,0.04674537012284724,-0.1570839559477938,0.026154527821756673,0.16137757882831558,15.096463837214499,120,NA,NA,dropped levels with < 30 elections: 1960 (17),NA,NA,NA,NA,NA,NA,NA
Design,Decade,full,antiplural_gapany_illibany_exclyr,5,Y_gdp_growth,-0.04670552049776577,-0.0781384172380312,0.03449795297481146,-0.0531705499085085,0.026667003061130602,"All rows use rdhte, whose bias-correction bandwidth equals h (vce HC3); the headline rdrobust estimate (pooled_rdrobust_*) estimates it separately (vce NN), so its bias-corrected effect differs. Compare rows with pooled_estimate_bc.",none,none,W_decade,FALSE,1190,"equality across 5 groups (chi2, 4 df)",2.811867967187462,NA,NA,NA,NA,0.5897858319609179,NA,NA,NA,NA,dropped levels with < 30 elections: 1960 (17),NA,NA,NA,NA,NA,NA,NA
Design,Presidential election,full,antiplural_gapany_illibany_exclyr,5,Y_gdp_growth,-0.04670552049776577,-0.0781384172380312,0.03449795297481146,-0.0531705499085085,0.026667003061130602,"All rows use rdhte, whose bias-correction bandwidth equals h (vce HC3); the headline rdrobust estimate (pooled_rdrobust_*) estimates it separately (vce NN), so its bias-corrected effect differs. Compare rows with pooled_estimate_bc.",none,none,W_presidential,TRUE,1207,effect at W = 0,-0.05012702071490991,-0.09093929569421784,0.04688203800126011,-0.18282640169852582,9.478103100901275e-4,0.052410436491992646,20.747587102923198,481,NA,NA,NA,-0.17709269568618854,0.07507603657927181,-0.3242390234835729,-0.02994636788880417,0.018331935780813283,10.373793551461599,286
Design,Presidential election,full,antiplural_gapany_illibany_exclyr,5,Y_gdp_growth,-0.04670552049776577,-0.0781384172380312,0.03449795297481146,-0.0531705499085085,0.026667003061130602,"All rows use rdhte, whose bias-correction bandwidth equals h (vce HC3); the headline rdrobust estimate (pooled_rdrobust_*) estimates it separately (vce NN), so its bias-corrected effect differs. Compare rows with pooled_estimate_bc.",none,none,W_presidential,TRUE,1207,effect at W = 1,-0.03607635503710108,-0.04826620890946705,0.04653996537493295,-0.13948286488607675,0.042950447067142655,0.2996931520106648,20.747587102923198,191,NA,NA,NA,-0.020677157420774084,0.05759125350430179,-0.13355394011372174,0.09219962527217357,0.7195704426966889,10.373793551461599,134
Design,Presidential election,full,antiplural_gapany_illibany_exclyr,5,Y_gdp_growth,-0.04670552049776577,-0.0781384172380312,0.03449795297481146,-0.0531705499085085,0.026667003061130602,"All rows use rdhte, whose bias-correction bandwidth equals h (vce HC3); the headline rdrobust estimate (pooled_rdrobust_*) estimates it separately (vce NN), so its bias-corrected effect differs. Compare rows with pooled_estimate_bc.",none,none,W_presidential,TRUE,1207,change from W = 0 to 1,0.014050665677808834,0.04267308678475079,0.0660597749334006,-0.08680169291153617,0.17214786648103775,0.5182943336247242,NA,NA,NA,NA,NA,0.15641553826541446,0.09462115909588556,-0.029038525737955706,0.3418696022687846,0.09831631955673228,10.373793551461599,420
Country history: levels at t-1,Level at t-1: GDP per capita growth: PWT,full,antiplural_gapany_illibany_exclyr,5,Y_gdp_growth,-0.04670552049776577,-0.0781384172380312,0.03449795297481146,-0.0531705499085085,0.026667003061130602,"All rows use rdhte, whose bias-correction bandwidth equals h (vce HC3); the headline rdrobust estimate (pooled_rdrobust_*) estimates it separately (vce NN), so its bias-corrected effect differs. Compare rows with pooled_estimate_bc.",none,none,W_lev_Y_gdp_growth,FALSE,1207,effect at cutoff-mean W,-0.04829086297384233,-0.0804188170596295,0.03453795675236397,-0.1481119683938648,-0.012725665725394172,0.019889892857312557,20.747587102923198,672,9.464335171190315,1.114870910583677,NA,-0.12183105860939063,0.04479920842698634,-0.2096358936621871,-0.03402622355659414,0.006538241033141812,10.373793551461599,420
Country history: levels at t-1,Level at t-1: GDP per capita growth: PWT,full,antiplural_gapany_illibany_exclyr,5,Y_gdp_growth,-0.04670552049776577,-0.0781384172380312,0.03449795297481146,-0.0531705499085085,0.026667003061130602,"All rows use rdhte, whose bias-correction bandwidth equals h (vce HC3); the headline rdrobust estimate (pooled_rdrobust_*) estimates it separately (vce NN), so its bias-corrected effect differs. Compare rows with pooled_estimate_bc.",none,none,W_lev_Y_gdp_growth,FALSE,1207,slope per SD of W,0.02924124670399203,0.09307688242226536,0.05384680994315129,-0.012460925748684404,0.19861469059321513,0.08388973448545246,20.747587102923198,672,9.464335171190315,1.114870910583677,NA,0.1455324617949098,0.06460668430648842,0.018905687393643428,0.2721592361961762,0.02428492353125341,10.373793551461599,420
Country history: 5-year pre-trends,5-yr pre-trend: GDP per capita growth: PWT,full,antiplural_gapany_illibany_exclyr,5,Y_gdp_growth,-0.04670552049776577,-0.0781384172380312,0.03449795297481146,-0.0531705499085085,0.026667003061130602,"All rows use rdhte, whose bias-correction bandwidth equals h (vce HC3); the headline rdrobust estimate (pooled_rdrobust_*) estimates it separately (vce NN), so its bias-corrected effect differs. Compare rows with pooled_estimate_bc.",none,none,W_pre5_Y_gdp_growth,FALSE,1191,effect at cutoff-mean W,-0.049867421661256996,-0.08429048109849774,0.03617938233151174,-0.15520076745116548,-0.013380194745829993,0.01981708058595339,21.557811618681,684,0.11494241922382928,0.1338027736522099,NA,-0.12099980690605133,0.04959517016981727,-0.2182045542460284,-0.023795059566074278,0.014697436994676068,10.7789058093405,431
Country history: 5-year pre-trends,5-yr pre-trend: GDP per capita growth: PWT,full,antiplural_gapany_illibany_exclyr,5,Y_gdp_growth,-0.04670552049776577,-0.0781384172380312,0.03449795297481146,-0.0531705499085085,0.026667003061130602,"All rows use rdhte, whose bias-correction bandwidth equals h (vce HC3); the headline rdrobust estimate (pooled_rdrobust_*) estimates it separately (vce NN), so its bias-corrected effect differs. Compare rows with pooled_estimate_bc.",none,none,W_pre5_Y_gdp_growth,FALSE,1191,slope per SD of W,0.017554165767351124,0.05596047304587102,0.0736587874385029,-0.08840809747848596,0.200329043570228,0.447418569876093,21.557811618681,684,0.11494241922382928,0.1338027736522099,NA,0.05386891328788306,0.08366747932442119,-0.11011633286523201,0.21785415944099815,0.5196757556058469,10.7789058093405,431
Country history: levels at t-1,Level at t-1: GDP per capita growth: World Bank,full,antiplural_gapany_illibany_exclyr,5,Y_gdp_growth,-0.04670552049776577,-0.0781384172380312,0.03449795297481146,-0.0531705499085085,0.026667003061130602,"All rows use rdhte, whose bias-correction bandwidth equals h (vce HC3); the headline rdrobust estimate (pooled_rdrobust_*) estimates it separately (vce NN), so its bias-corrected effect differs. Compare rows with pooled_estimate_bc.",none,none,W_lev_Y_gdp_growth_wb,FALSE,1192,effect at cutoff-mean W,-0.039136899164782454,-0.061246853262386124,0.030714335786882388,-0.12144584521374528,-0.0010478613110269652,0.046143274976050516,22.835153934842353,721,10.909881069525108,2.316677355232205,NA,-0.09635797397026528,0.04399278099582484,-0.18258224030184006,-0.010133707638690495,0.028501521855188432,11.417576967421176,448
Country history: levels at t-1,Level at t-1: GDP per capita growth: World Bank,full,antiplural_gapany_illibany_exclyr,5,Y_gdp_growth,-0.04670552049776577,-0.0781384172380312,0.03449795297481146,-0.0531705499085085,0.026667003061130602,"All rows use rdhte, whose bias-correction bandwidth equals h (vce HC3); the headline rdrobust estimate (pooled_rdrobust_*) estimates it separately (vce NN), so its bias-corrected effect differs. Compare rows with pooled_estimate_bc.",none,none,W_lev_Y_gdp_growth_wb,FALSE,1192,slope per SD of W,0.024920807085971875,0.06102712560554661,0.0612309727686132,-0.05898337575928803,0.18103762697038125,0.3189243039082446,22.835153934842353,721,10.909881069525108,2.316677355232205,NA,0.08104340135697738,0.06153941243690497,-0.03957163064911261,0.20165843336306738,0.18786043925522314,11.417576967421176,448
Country history: 5-year pre-trends,5-yr pre-trend: GDP per capita growth: World Bank,full,antiplural_gapany_illibany_exclyr,5,Y_gdp_growth,-0.04670552049776577,-0.0781384172380312,0.03449795297481146,-0.0531705499085085,0.026667003061130602,"All rows use rdhte, whose bias-correction bandwidth equals h (vce HC3); the headline rdrobust estimate (pooled_rdrobust_*) estimates it separately (vce NN), so its bias-corrected effect differs. Compare rows with pooled_estimate_bc.",none,none,W_pre5_Y_gdp_growth_wb,FALSE,1175,effect at cutoff-mean W,-0.05785753886170979,-0.0915176299732257,0.0397580012603936,-0.1694418805408952,-0.013593379405556202,0.02134267530188306,20.089489933957125,648,0.10936431054394852,0.1355792195010891,NA,-0.1330270210068679,0.05479337376535225,-0.24042006017840012,-0.025633981835335662,0.015190971286793559,10.044744966978563,410
Country history: 5-year pre-trends,5-yr pre-trend: GDP per capita growth: World Bank,full,antiplural_gapany_illibany_exclyr,5,Y_gdp_growth,-0.04670552049776577,-0.0781384172380312,0.03449795297481146,-0.0531705499085085,0.026667003061130602,"All rows use rdhte, whose bias-correction bandwidth equals h (vce HC3); the headline rdrobust estimate (pooled_rdrobust_*) estimates it separately (vce NN), so its bias-corrected effect differs. Compare rows with pooled_estimate_bc.",none,none,W_pre5_Y_gdp_growth_wb,FALSE,1175,slope per SD of W,0.02503277980185682,0.043157257682074075,0.08004891424053373,-0.11373573123090744,0.20005024659505558,0.5897929629789372,20.089489933957125,648,0.10936431054394852,0.1355792195010891,NA,0.030394755502461675,0.07391230779088333,-0.11447070578190885,0.1752602167868322,0.680905904386296,10.044744966978563,410
Country history: levels at t-1,Level at t-1: GDP per capita growth: IMF WEO,full,antiplural_gapany_illibany_exclyr,5,Y_gdp_growth,-0.04670552049776577,-0.0781384172380312,0.03449795297481146,-0.0531705499085085,0.026667003061130602,"All rows use rdhte, whose bias-correction bandwidth equals h (vce HC3); the headline rdrobust estimate (pooled_rdrobust_*) estimates it separately (vce NN), so its bias-corrected effect differs. Compare rows with pooled_estimate_bc.",none,none,W_lev_Y_gdp_growth_imf,FALSE,913,effect at cutoff-mean W,-0.06753823238373678,-0.0952764215898303,0.04062895592272816,-0.17490771192784277,-0.01564513125181781,0.01902517055113074,17.275911148669657,451,11.21878245864087,2.3499369049463628,NA,-0.11964107804171895,0.058333406549244356,-0.23397245397377076,-0.005309702109667136,0.04026818012901619,8.637955574334828,289
Country history: levels at t-1,Level at t-1: GDP per capita growth: IMF WEO,full,antiplural_gapany_illibany_exclyr,5,Y_gdp_growth,-0.04670552049776577,-0.0781384172380312,0.03449795297481146,-0.0531705499085085,0.026667003061130602,"All rows use rdhte, whose bias-correction bandwidth equals h (vce HC3); the headline rdrobust estimate (pooled_rdrobust_*) estimates it separately (vce NN), so its bias-corrected effect differs. Compare rows with pooled_estimate_bc.",none,none,W_lev_Y_gdp_growth_imf,FALSE,913,slope per SD of W,0.01839269608607522,0.029441439818232665,0.04512288085219043,-0.05899778153075258,0.1178806611672179,0.5140963941448297,17.275911148669657,451,11.21878245864087,2.3499369049463628,NA,0.03393038944978392,0.06613632681758151,-0.09569442918244633,0.16355520808201415,0.6079253677117056,8.637955574334828,289
Country history: 5-year pre-trends,5-yr pre-trend: GDP per capita growth: IMF WEO,full,antiplural_gapany_illibany_exclyr,5,Y_gdp_growth,-0.04670552049776577,-0.0781384172380312,0.03449795297481146,-0.0531705499085085,0.026667003061130602,"All rows use rdhte, whose bias-correction bandwidth equals h (vce HC3); the headline rdrobust estimate (pooled_rdrobust_*) estimates it separately (vce NN), so its bias-corrected effect differs. Compare rows with pooled_estimate_bc.",none,none,W_pre5_Y_gdp_growth_imf,FALSE,810,effect at cutoff-mean W,-0.06414548366993199,-0.08468360482881553,0.04533492517520461,-0.17353842541403475,0.004171215756403682,0.06176832922350271,19.790095693266462,443,0.1009897307465848,0.11253849884264304,NA,-0.1433800233098778,0.05626222634163957,-0.25365196062953205,-0.033108085990223565,0.010821077716055656,9.895047846633231,282
Country history: 5-year pre-trends,5-yr pre-trend: GDP per capita growth: IMF WEO,full,antiplural_gapany_illibany_exclyr,5,Y_gdp_growth,-0.04670552049776577,-0.0781384172380312,0.03449795297481146,-0.0531705499085085,0.026667003061130602,"All rows use rdhte, whose bias-correction bandwidth equals h (vce HC3); the headline rdrobust estimate (pooled_rdrobust_*) estimates it separately (vce NN), so its bias-corrected effect differs. Compare rows with pooled_estimate_bc.",none,none,W_pre5_Y_gdp_growth_imf,FALSE,810,slope per SD of W,0.018456095806548566,0.03835452933997766,0.08918133388921734,-0.13643767317612965,0.21314673185608496,0.6671421684729997,19.790095693266462,443,0.1009897307465848,0.11253849884264304,NA,0.08424940615492164,0.06403707330217191,-0.041260951192686704,0.20975976350253,0.18829662633377886,9.895047846633231,282
Country history: levels at t-1,Level at t-1: Inflation,full,antiplural_gapany_illibany_exclyr,5,Y_gdp_growth,-0.04670552049776577,-0.0781384172380312,0.03449795297481146,-0.0531705499085085,0.026667003061130602,"All rows use rdhte, whose bias-correction bandwidth equals h (vce HC3); the headline rdrobust estimate (pooled_rdrobust_*) estimates it separately (vce NN), so its bias-corrected effect differs. Compare rows with pooled_estimate_bc.",none,none,W_lev_Y_inflation,FALSE,1086,effect at cutoff-mean W,-0.03727042831712286,-0.04584860036163865,0.032911374128764166,-0.1103537083357397,0.01865650761246239,0.16359171148800147,17.88311425021715,562,0.1062134628399293,0.24681921673455548,NA,-0.06963019251705298,0.04574386196074707,-0.15928651447388897,0.020026129439783033,0.12796507630028772,8.941557125108575,351
Country history: levels at t-1,Level at t-1: Inflation,full,antiplural_gapany_illibany_exclyr,5,Y_gdp_growth,-0.04670552049776577,-0.0781384172380312,0.03449795297481146,-0.0531705499085085,0.026667003061130602,"All rows use rdhte, whose bias-correction bandwidth equals h (vce HC3); the headline rdrobust estimate (pooled_rdrobust_*) estimates it separately (vce NN), so its bias-corrected effect differs. Compare rows with pooled_estimate_bc.",none,none,W_lev_Y_inflation,FALSE,1086,slope per SD of W,7.781362001760262e-5,0.03319259862806567,0.061182543000768225,-0.08672298213601318,0.15310817939214452,0.5874620737115781,17.88311425021715,562,0.1062134628399293,0.24681921673455548,NA,0.14605227321109518,0.06785032251998148,0.013068084732504565,0.27903646168968577,0.031352831028341285,8.941557125108575,351
Country history: 5-year pre-trends,5-yr pre-trend: Inflation,full,antiplural_gapany_illibany_exclyr,5,Y_gdp_growth,-0.04670552049776577,-0.0781384172380312,0.03449795297481146,-0.0531705499085085,0.026667003061130602,"All rows use rdhte, whose bias-correction bandwidth equals h (vce HC3); the headline rdrobust estimate (pooled_rdrobust_*) estimates it separately (vce NN), so its bias-corrected effect differs. Compare rows with pooled_estimate_bc.",none,none,W_pre5_Y_inflation,FALSE,1046,effect at cutoff-mean W,-0.044149423818631336,-0.05499993673790954,0.03278781782565346,-0.11926287880785068,0.009263005332031601,0.09345444912904091,17.780635605882477,547,0.5605873663666315,0.9760551741946022,NA,-0.09208238291447918,0.04773994678767067,-0.1856509592421723,0.001486193413213946,0.053751602499928684,8.890317802941238,346
Country history: 5-year pre-trends,5-yr pre-trend: Inflation,full,antiplural_gapany_illibany_exclyr,5,Y_gdp_growth,-0.04670552049776577,-0.0781384172380312,0.03449795297481146,-0.0531705499085085,0.026667003061130602,"All rows use rdhte, whose bias-correction bandwidth equals h (vce HC3); the headline rdrobust estimate (pooled_rdrobust_*) estimates it separately (vce NN), so its bias-corrected effect differs. Compare rows with pooled_estimate_bc.",none,none,W_pre5_Y_inflation,FALSE,1046,slope per SD of W,0.010358068498430448,0.03415979201918837,0.02411412004524686,-0.013103014788370844,0.08142259882674757,0.15660318931406741,17.780635605882477,547,0.5605873663666315,0.9760551741946022,NA,0.05526592435925353,0.02935228899063069,-0.002263504926194135,0.1127953536447012,0.05972085108729444,8.890317802941238,346
Country history: levels at t-1,Level at t-1: Unemployment,full,antiplural_gapany_illibany_exclyr,5,Y_gdp_growth,-0.04670552049776577,-0.0781384172380312,0.03449795297481146,-0.0531705499085085,0.026667003061130602,"All rows use rdhte, whose bias-correction bandwidth equals h (vce HC3); the headline rdrobust estimate (pooled_rdrobust_*) estimates it separately (vce NN), so its bias-corrected effect differs. Compare rows with pooled_estimate_bc.",none,none,W_lev_Y_unemployment,FALSE,810,effect at cutoff-mean W,-0.06133003683976517,-0.09564816201960226,0.04489202798911904,-0.1836349200712396,-0.007661403967964914,0.033119892387186066,21.454421705917152,468,7.481354182761847,4.984735276295937,NA,-0.13702478657117656,0.06460132448412542,-0.26364105591364795,-0.0104085172287052,0.03391479819523559,10.727210852958576,295
Country history: levels at t-1,Level at t-1: Unemployment,full,antiplural_gapany_illibany_exclyr,5,Y_gdp_growth,-0.04670552049776577,-0.0781384172380312,0.03449795297481146,-0.0531705499085085,0.026667003061130602,"All rows use rdhte, whose bias-correction bandwidth equals h (vce HC3); the headline rdrobust estimate (pooled_rdrobust_*) estimates it separately (vce NN), so its bias-corrected effect differs. Compare rows with pooled_estimate_bc.",none,none,W_lev_Y_unemployment,FALSE,810,slope per SD of W,-0.028184376435181988,-0.02093140731522839,0.047540770047574364,-0.11410960440577467,0.07224678977531787,0.6597319315301087,21.454421705917152,468,7.481354182761847,4.984735276295937,NA,-0.03570039368764716,0.06906886821810962,-0.17107288784808514,0.09967210047279082,0.6052391507090095,10.727210852958576,295
Country history: 5-year pre-trends,5-yr pre-trend: Unemployment,full,antiplural_gapany_illibany_exclyr,5,Y_gdp_growth,-0.04670552049776577,-0.0781384172380312,0.03449795297481146,-0.0531705499085085,0.026667003061130602,"All rows use rdhte, whose bias-correction bandwidth equals h (vce HC3); the headline rdrobust estimate (pooled_rdrobust_*) estimates it separately (vce NN), so its bias-corrected effect differs. Compare rows with pooled_estimate_bc.",none,none,W_pre5_Y_unemployment,FALSE,659,effect at cutoff-mean W,-0.07985956117316556,-0.1149049331391203,0.057014571309982276,-0.22665143950067618,-0.0031584267775644215,0.04386685661944466,18.22991839982958,334,-0.10428823824921044,3.2058029678245075,NA,-0.14812395621103194,0.08349192733471993,-0.3117651267869182,0.015517214364854315,0.07604477278501352,9.11495919991479,212
Country history: 5-year pre-trends,5-yr pre-trend: Unemployment,full,antiplural_gapany_illibany_exclyr,5,Y_gdp_growth,-0.04670552049776577,-0.0781384172380312,0.03449795297481146,-0.0531705499085085,0.026667003061130602,"All rows use rdhte, whose bias-correction bandwidth equals h (vce HC3); the headline rdrobust estimate (pooled_rdrobust_*) estimates it separately (vce NN), so its bias-corrected effect differs. Compare rows with pooled_estimate_bc.",none,none,W_pre5_Y_unemployment,FALSE,659,slope per SD of W,0.05288045734086748,0.033205982316392636,0.06788210813603499,-0.09984050482488926,0.16625246945767452,0.6247203927531751,18.22991839982958,334,-0.10428823824921044,3.2058029678245075,NA,0.03699867764477914,0.09242459454822674,-0.14415019895546222,0.21814755424502053,0.6889267038455056,9.11495919991479,212
Country history: levels at t-1,Level at t-1: Trade openness,full,antiplural_gapany_illibany_exclyr,5,Y_gdp_growth,-0.04670552049776577,-0.0781384172380312,0.03449795297481146,-0.0531705499085085,0.026667003061130602,"All rows use rdhte, whose bias-correction bandwidth equals h (vce HC3); the headline rdrobust estimate (pooled_rdrobust_*) estimates it separately (vce NN), so its bias-corrected effect differs. Compare rows with pooled_estimate_bc.",none,none,W_lev_Y_trade_pct_gdp,FALSE,1072,effect at cutoff-mean W,-0.05214112226935468,-0.08956376114388012,0.04125212273683329,-0.17041643599389922,-0.008711086293861012,0.02992127376878137,17.984850254348142,553,74.10425010327175,40.14955566498883,NA,-0.163054333836596,0.06418738062650667,-0.28885928812651307,-0.03724937954667898,0.011076170829056266,8.992425127174071,343
Country history: levels at t-1,Level at t-1: Trade openness,full,antiplural_gapany_illibany_exclyr,5,Y_gdp_growth,-0.04670552049776577,-0.0781384172380312,0.03449795297481146,-0.0531705499085085,0.026667003061130602,"All rows use rdhte, whose bias-correction bandwidth equals h (vce HC3); the headline rdrobust estimate (pooled_rdrobust_*) estimates it separately (vce NN), so its bias-corrected effect differs. Compare rows with pooled_estimate_bc.",none,none,W_lev_Y_trade_pct_gdp,FALSE,1072,slope per SD of W,-0.020503466366828135,-0.04526998397598571,0.03274727285016757,-0.10945345935422045,0.01891349140224903,0.16684747308566483,17.984850254348142,553,74.10425010327175,40.14955566498883,NA,-0.0815595119202319,0.0564843964434984,-0.19226689463797103,0.029147870797507233,0.14875867995864808,8.992425127174071,343
Country history: 5-year pre-trends,5-yr pre-trend: Trade openness,full,antiplural_gapany_illibany_exclyr,5,Y_gdp_growth,-0.04670552049776577,-0.0781384172380312,0.03449795297481146,-0.0531705499085085,0.026667003061130602,"All rows use rdhte, whose bias-correction bandwidth equals h (vce HC3); the headline rdrobust estimate (pooled_rdrobust_*) estimates it separately (vce NN), so its bias-corrected effect differs. Compare rows with pooled_estimate_bc.",none,none,W_pre5_Y_trade_pct_gdp,FALSE,1015,effect at cutoff-mean W,-0.05469520289080207,-0.0922766516690895,0.041691276432267006,-0.17399005194583636,-0.010563251392342626,0.026874739512670682,17.566143752409353,522,3.7375996999961587,15.63668831220399,NA,-0.1476764458519931,0.06270003723195419,-0.27056626065594375,-0.024786631048042462,0.018508513175275743,8.783071876204676,321
Country history: 5-year pre-trends,5-yr pre-trend: Trade openness,full,antiplural_gapany_illibany_exclyr,5,Y_gdp_growth,-0.04670552049776577,-0.0781384172380312,0.03449795297481146,-0.0531705499085085,0.026667003061130602,"All rows use rdhte, whose bias-correction bandwidth equals h (vce HC3); the headline rdrobust estimate (pooled_rdrobust_*) estimates it separately (vce NN), so its bias-corrected effect differs. Compare rows with pooled_estimate_bc.",none,none,W_pre5_Y_trade_pct_gdp,FALSE,1015,slope per SD of W,0.018509510890868507,0.025048002186224945,0.04981275132210918,-0.07258319637595897,0.12267920074840888,0.6150745335857675,17.566143752409353,522,3.7375996999961587,15.63668831220399,NA,-0.006326985259035104,0.07394427884868855,-0.15125510866525152,0.1386011381471813,0.9318128347172838,8.783071876204676,321
Country history: levels at t-1,Level at t-1: Top-10% income share,full,antiplural_gapany_illibany_exclyr,5,Y_gdp_growth,-0.04670552049776577,-0.0781384172380312,0.03449795297481146,-0.0531705499085085,0.026667003061130602,"All rows use rdhte, whose bias-correction bandwidth equals h (vce HC3); the headline rdrobust estimate (pooled_rdrobust_*) estimates it separately (vce NN), so its bias-corrected effect differs. Compare rows with pooled_estimate_bc.",none,none,W_lev_Y_top10_share,FALSE,1105,effect at cutoff-mean W,-0.06358671442438303,-0.09112345063558606,0.04001492014464486,-0.16955125296333626,-0.012695648307835872,0.022772085807372246,16.22593491362759,523,43.35923799451831,10.735978705675572,NA,-0.11755162665987286,0.06080877230566219,-0.23673463032306735,0.0016313770033216518,0.05321944670993485,8.112967456813795,320
Country history: levels at t-1,Level at t-1: Top-10% income share,full,antiplural_gapany_illibany_exclyr,5,Y_gdp_growth,-0.04670552049776577,-0.0781384172380312,0.03449795297481146,-0.0531705499085085,0.026667003061130602,"All rows use rdhte, whose bias-correction bandwidth equals h (vce HC3); the headline rdrobust estimate (pooled_rdrobust_*) estimates it separately (vce NN), so its bias-corrected effect differs. Compare rows with pooled_estimate_bc.",none,none,W_lev_Y_top10_share,FALSE,1105,slope per SD of W,-0.024776271415367496,-0.04287313159893539,0.035107816152167154,-0.11168318683303657,0.02593692363516579,0.22201605633739846,16.22593491362759,523,43.35923799451831,10.735978705675572,NA,-0.03330771071294256,0.05239240340054381,-0.13599493444150226,0.06937951301561712,0.5249488345997708,8.112967456813795,320
Country history: 5-year pre-trends,5-yr pre-trend: Top-10% income share,full,antiplural_gapany_illibany_exclyr,5,Y_gdp_growth,-0.04670552049776577,-0.0781384172380312,0.03449795297481146,-0.0531705499085085,0.026667003061130602,"All rows use rdhte, whose bias-correction bandwidth equals h (vce HC3); the headline rdrobust estimate (pooled_rdrobust_*) estimates it separately (vce NN), so its bias-corrected effect differs. Compare rows with pooled_estimate_bc.",none,none,W_pre5_Y_top10_share,FALSE,1029,effect at cutoff-mean W,-0.06643769000429717,-0.10791113150813847,0.042384708620591516,-0.19098363389972217,-0.024838629116554767,0.010896766764001522,16.759530897115617,505,0.11356220971733515,2.970904752803645,NA,-0.15001169723376853,0.06382683772004256,-0.2751100004121345,-0.02491339405540252,0.018758695665833117,8.379765448557809,311
Country history: 5-year pre-trends,5-yr pre-trend: Top-10% income share,full,antiplural_gapany_illibany_exclyr,5,Y_gdp_growth,-0.04670552049776577,-0.0781384172380312,0.03449795297481146,-0.0531705499085085,0.026667003061130602,"All rows use rdhte, whose bias-correction bandwidth equals h (vce HC3); the headline rdrobust estimate (pooled_rdrobust_*) estimates it separately (vce NN), so its bias-corrected effect differs. Compare rows with pooled_estimate_bc.",none,none,W_pre5_Y_top10_share,FALSE,1029,slope per SD of W,0.03266730678464127,0.052793654169660774,0.042171858318904507,-0.029861669296517894,0.13544897763583943,0.210617498067919,16.759530897115617,505,0.11356220971733515,2.970904752803645,NA,0.01728583830141976,0.05822930316153361,-0.09684149874005038,0.1314131753428899,0.7665748724673376,8.379765448557809,311
Country history: levels at t-1,Level at t-1: Income inequality (Gini): Disposable,full,antiplural_gapany_illibany_exclyr,5,Y_gdp_growth,-0.04670552049776577,-0.0781384172380312,0.03449795297481146,-0.0531705499085085,0.026667003061130602,"All rows use rdhte, whose bias-correction bandwidth equals h (vce HC3); the headline rdrobust estimate (pooled_rdrobust_*) estimates it separately (vce NN), so its bias-corrected effect differs. Compare rows with pooled_estimate_bc.",none,none,W_lev_Y_gini_disp,FALSE,1008,effect at cutoff-mean W,-0.05833485981424466,-0.08305069530222005,0.03942234209645713,-0.16031706599749324,-0.005784324606946847,0.035144368428214785,19.334913466365304,549,37.47991288352362,8.901602612797362,NA,-0.11512648796721725,0.05328082102425224,-0.21955497824147613,-0.010697997692958386,0.03071472310789522,9.667456733182652,338
Country history: levels at t-1,Level at t-1: Income inequality (Gini): Disposable,full,antiplural_gapany_illibany_exclyr,5,Y_gdp_growth,-0.04670552049776577,-0.0781384172380312,0.03449795297481146,-0.0531705499085085,0.026667003061130602,"All rows use rdhte, whose bias-correction bandwidth equals h (vce HC3); the headline rdrobust estimate (pooled_rdrobust_*) estimates it separately (vce NN), so its bias-corrected effect differs. Compare rows with pooled_estimate_bc.",none,none,W_lev_Y_gini_disp,FALSE,1008,slope per SD of W,-0.04584757393771052,-0.05714975574472919,0.04147252332676784,-0.13843440781319138,0.024134896323733016,0.16819868294845328,19.334913466365304,549,37.47991288352362,8.901602612797362,NA,-0.0826247368066426,0.0598873648138078,-0.20000181497071712,0.03475234135743192,0.1676886020296854,9.667456733182652,338
Country history: 5-year pre-trends,5-yr pre-trend: Income inequality (Gini): Disposable,full,antiplural_gapany_illibany_exclyr,5,Y_gdp_growth,-0.04670552049776577,-0.0781384172380312,0.03449795297481146,-0.0531705499085085,0.026667003061130602,"All rows use rdhte, whose bias-correction bandwidth equals h (vce HC3); the headline rdrobust estimate (pooled_rdrobust_*) estimates it separately (vce NN), so its bias-corrected effect differs. Compare rows with pooled_estimate_bc.",none,none,W_pre5_Y_gini_disp,FALSE,897,effect at cutoff-mean W,-0.058853613163182036,-0.08933691671104223,0.04467779216783927,-0.17690378026877288,-0.0017700531533115793,0.0455454006077884,18.730869616316546,476,0.06276920401781971,1.6762713943192065,NA,-0.14527945900163655,0.06468719828169675,-0.2720640378945634,-0.0184948801087097,0.02471191898489186,9.365434808158273,296
Country history: 5-year pre-trends,5-yr pre-trend: Income inequality (Gini): Disposable,full,antiplural_gapany_illibany_exclyr,5,Y_gdp_growth,-0.04670552049776577,-0.0781384172380312,0.03449795297481146,-0.0531705499085085,0.026667003061130602,"All rows use rdhte, whose bias-correction bandwidth equals h (vce HC3); the headline rdrobust estimate (pooled_rdrobust_*) estimates it separately (vce NN), so its bias-corrected effect differs. Compare rows with pooled_estimate_bc.",none,none,W_pre5_Y_gini_disp,FALSE,897,slope per SD of W,-0.019784535551325366,-0.05889818463302451,0.04652642625593604,-0.15008830442401785,0.03229193515796885,0.20554594938866905,18.730869616316546,476,0.06276920401781971,1.6762713943192065,NA,-0.11750689772791871,0.05543859355962403,-0.22616454445833595,-0.00884925099750146,0.0340409270207855,9.365434808158273,296
Country history: levels at t-1,Level at t-1: Income inequality (Gini): Market,full,antiplural_gapany_illibany_exclyr,5,Y_gdp_growth,-0.04670552049776577,-0.0781384172380312,0.03449795297481146,-0.0531705499085085,0.026667003061130602,"All rows use rdhte, whose bias-correction bandwidth equals h (vce HC3); the headline rdrobust estimate (pooled_rdrobust_*) estimates it separately (vce NN), so its bias-corrected effect differs. Compare rows with pooled_estimate_bc.",none,none,W_lev_Y_gini_mkt,FALSE,1008,effect at cutoff-mean W,-0.05606415215133392,-0.08104111616462542,0.04145762859117596,-0.1622965750877683,2.1434275851744955e-4,0.050607410899743945,19.334913466365304,549,46.24526387982183,5.282419704698076,NA,-0.12979421794622278,0.060567888438707286,-0.24850509790572894,-0.011083337986716624,0.03211676685614823,9.667456733182652,338
Country history: levels at t-1,Level at t-1: Income inequality (Gini): Market,full,antiplural_gapany_illibany_exclyr,5,Y_gdp_growth,-0.04670552049776577,-0.0781384172380312,0.03449795297481146,-0.0531705499085085,0.026667003061130602,"All rows use rdhte, whose bias-correction bandwidth equals h (vce HC3); the headline rdrobust estimate (pooled_rdrobust_*) estimates it separately (vce NN), so its bias-corrected effect differs. Compare rows with pooled_estimate_bc.",none,none,W_lev_Y_gini_mkt,FALSE,1008,slope per SD of W,-0.011364645496859217,-0.002605546183323176,0.03683084838497263,-0.07479268253792472,0.06958159017127837,0.9436018334117526,19.334913466365304,549,46.24526387982183,5.282419704698076,NA,-0.0457554871216732,0.05081682271905318,-0.14535462945977418,0.05384365521642778,0.3679072120109974,9.667456733182652,338
Country history: 5-year pre-trends,5-yr pre-trend: Income inequality (Gini): Market,full,antiplural_gapany_illibany_exclyr,5,Y_gdp_growth,-0.04670552049776577,-0.0781384172380312,0.03449795297481146,-0.0531705499085085,0.026667003061130602,"All rows use rdhte, whose bias-correction bandwidth equals h (vce HC3); the headline rdrobust estimate (pooled_rdrobust_*) estimates it separately (vce NN), so its bias-corrected effect differs. Compare rows with pooled_estimate_bc.",none,none,W_pre5_Y_gini_mkt,FALSE,897,effect at cutoff-mean W,-0.05884725430426073,-0.08689362153211139,0.044510856151125884,-0.1741332965093612,3.4605344513843894e-4,0.05091572229090118,18.730869616316546,476,0.2054876229589932,1.666180871890618,NA,-0.13991876060787062,0.0648159845523357,-0.26695575595295307,-0.012881765262788197,0.030872856221055067,9.365434808158273,296
Country history: 5-year pre-trends,5-yr pre-trend: Income inequality (Gini): Market,full,antiplural_gapany_illibany_exclyr,5,Y_gdp_growth,-0.04670552049776577,-0.0781384172380312,0.03449795297481146,-0.0531705499085085,0.026667003061130602,"All rows use rdhte, whose bias-correction bandwidth equals h (vce HC3); the headline rdrobust estimate (pooled_rdrobust_*) estimates it separately (vce NN), so its bias-corrected effect differs. Compare rows with pooled_estimate_bc.",none,none,W_pre5_Y_gini_mkt,FALSE,897,slope per SD of W,-0.00304035474612626,-0.03341372444945126,0.040472259196390276,-0.11273789484734616,0.04591044594844364,0.4090334571397293,18.730869616316546,476,0.2054876229589932,1.666180871890618,NA,-0.09786694842220527,0.05408017871139962,-0.20386215097403823,0.008128254129627699,0.0703479202573638,9.365434808158273,296
Country history: levels at t-1,Level at t-1: Public debt and deficit: Debt / GDP,full,antiplural_gapany_illibany_exclyr,5,Y_gdp_growth,-0.04670552049776577,-0.0781384172380312,0.03449795297481146,-0.0531705499085085,0.026667003061130602,"All rows use rdhte, whose bias-correction bandwidth equals h (vce HC3); the headline rdrobust estimate (pooled_rdrobust_*) estimates it separately (vce NN), so its bias-corrected effect differs. Compare rows with pooled_estimate_bc.",none,none,W_lev_Y_debt,FALSE,1161,effect at cutoff-mean W,-0.04874450103477467,-0.07725356903696885,0.035548825234765734,-0.14692798618981828,-0.007579151884119409,0.029767676120474134,21.834541299923732,683,55.4935268683609,58.751769451240584,NA,-0.10686451245593741,0.04973544507407358,-0.20434419355619163,-0.009384831355683187,0.031661439779665054,10.917270649961866,431
Country history: levels at t-1,Level at t-1: Public debt and deficit: Debt / GDP,full,antiplural_gapany_illibany_exclyr,5,Y_gdp_growth,-0.04670552049776577,-0.0781384172380312,0.03449795297481146,-0.0531705499085085,0.026667003061130602,"All rows use rdhte, whose bias-correction bandwidth equals h (vce HC3); the headline rdrobust estimate (pooled_rdrobust_*) estimates it separately (vce NN), so its bias-corrected effect differs. Compare rows with pooled_estimate_bc.",none,none,W_lev_Y_debt,FALSE,1161,slope per SD of W,-0.021920852385215267,-0.08577932688519008,0.07067570266432238,-0.22430115868932343,0.05274250491894328,0.22486107981119968,21.834541299923732,683,55.4935268683609,58.751769451240584,NA,-0.00794948931063396,0.06734570863370866,-0.13994465274603107,0.12404567412476314,0.9060359420740709,10.917270649961866,431
Country history: 5-year pre-trends,5-yr pre-trend: Public debt and deficit: Debt / GDP,full,antiplural_gapany_illibany_exclyr,5,Y_gdp_growth,-0.04670552049776577,-0.0781384172380312,0.03449795297481146,-0.0531705499085085,0.026667003061130602,"All rows use rdhte, whose bias-correction bandwidth equals h (vce HC3); the headline rdrobust estimate (pooled_rdrobust_*) estimates it separately (vce NN), so its bias-corrected effect differs. Compare rows with pooled_estimate_bc.",none,none,W_pre5_Y_debt,FALSE,1108,effect at cutoff-mean W,-0.057082036675864034,-0.08638400438157776,0.03607399667546322,-0.1570877386439033,-0.01568027011925223,0.016636981362157344,19.69234874802843,616,0.5000352741134457,40.44760285745439,NA,-0.13074160018589936,0.05605998453009052,-0.24061715083874935,-0.020866049533049394,0.01969157518292659,9.846174374014215,384
Country history: 5-year pre-trends,5-yr pre-trend: Public debt and deficit: Debt / GDP,full,antiplural_gapany_illibany_exclyr,5,Y_gdp_growth,-0.04670552049776577,-0.0781384172380312,0.03449795297481146,-0.0531705499085085,0.026667003061130602,"All rows use rdhte, whose bias-correction bandwidth equals h (vce HC3); the headline rdrobust estimate (pooled_rdrobust_*) estimates it separately (vce NN), so its bias-corrected effect differs. Compare rows with pooled_estimate_bc.",none,none,W_pre5_Y_debt,FALSE,1108,slope per SD of W,-0.020886850218426872,-0.020331471561309624,0.04103432222691517,-0.10075726525607477,0.060094322133455516,0.6202650238480011,19.69234874802843,616,0.5000352741134457,40.44760285745439,NA,-0.053284821762682025,0.08557816398534913,-0.221014941037029,0.11444529751166495,0.5335177879643711,9.846174374014215,384
Country history: levels at t-1,Level at t-1: Public debt and deficit: Deficit / GDP,full,antiplural_gapany_illibany_exclyr,5,Y_gdp_growth,-0.04670552049776577,-0.0781384172380312,0.03449795297481146,-0.0531705499085085,0.026667003061130602,"All rows use rdhte, whose bias-correction bandwidth equals h (vce HC3); the headline rdrobust estimate (pooled_rdrobust_*) estimates it separately (vce NN), so its bias-corrected effect differs. Compare rows with pooled_estimate_bc.",none,none,W_lev_Y_deficit,FALSE,1013,effect at cutoff-mean W,-0.03890783095129214,-0.06027183415799959,0.032433922322927626,-0.1238411537883074,0.00329748547230823,0.06312696512370643,16.66059978384201,514,2.64439455360895,4.340269494987593,NA,-0.11413668681697454,0.047395882738513445,-0.2070309099999445,-0.021242463634004602,0.016033321427541842,8.330299891921005,321
Country history: levels at t-1,Level at t-1: Public debt and deficit: Deficit / GDP,full,antiplural_gapany_illibany_exclyr,5,Y_gdp_growth,-0.04670552049776577,-0.0781384172380312,0.03449795297481146,-0.0531705499085085,0.026667003061130602,"All rows use rdhte, whose bias-correction bandwidth equals h (vce HC3); the headline rdrobust estimate (pooled_rdrobust_*) estimates it separately (vce NN), so its bias-corrected effect differs. Compare rows with pooled_estimate_bc.",none,none,W_lev_Y_deficit,FALSE,1013,slope per SD of W,-0.0026197116144823828,-0.036397072346262695,0.04005760519138933,-0.11490853582831045,0.04211439113578507,0.36355165372350023,16.66059978384201,514,2.64439455360895,4.340269494987593,NA,-0.036186886060208145,0.047335200832508736,-0.12896217489289563,0.056588402772479326,0.4445803480523915,8.330299891921005,321
Country history: 5-year pre-trends,5-yr pre-trend: Public debt and deficit: Deficit / GDP,full,antiplural_gapany_illibany_exclyr,5,Y_gdp_growth,-0.04670552049776577,-0.0781384172380312,0.03449795297481146,-0.0531705499085085,0.026667003061130602,"All rows use rdhte, whose bias-correction bandwidth equals h (vce HC3); the headline rdrobust estimate (pooled_rdrobust_*) estimates it separately (vce NN), so its bias-corrected effect differs. Compare rows with pooled_estimate_bc.",none,none,W_pre5_Y_deficit,FALSE,919,effect at cutoff-mean W,-0.03896163089014126,-0.05654683941142752,0.03417695219099395,-0.12353243480712293,0.010438755984267897,0.09801959562252044,17.550445069528443,493,0.015578074587287641,4.63607116216268,NA,-0.10911837521562766,0.04563993691308334,-0.19857100782195114,-0.019665742609304177,0.0168092864266397,8.775222534764222,303
Country history: 5-year pre-trends,5-yr pre-trend: Public debt and deficit: Deficit / GDP,full,antiplural_gapany_illibany_exclyr,5,Y_gdp_growth,-0.04670552049776577,-0.0781384172380312,0.03449795297481146,-0.0531705499085085,0.026667003061130602,"All rows use rdhte, whose bias-correction bandwidth equals h (vce HC3); the headline rdrobust estimate (pooled_rdrobust_*) estimates it separately (vce NN), so its bias-corrected effect differs. Compare rows with pooled_estimate_bc.",none,none,W_pre5_Y_deficit,FALSE,919,slope per SD of W,0.013994606176387165,-0.015243128950105805,0.03527786559880743,-0.0843864749752129,0.05390021707500128,0.6656777328429463,17.550445069528443,493,0.015578074587287641,4.63607116216268,NA,-0.04511000477146755,0.0646225687470067,-0.17176791210406434,0.08154790256112922,0.48514379020838255,8.775222534764222,303
Country history: levels at t-1,Level at t-1: Executive constraints: Checks & balances,full,antiplural_gapany_illibany_exclyr,5,Y_gdp_growth,-0.04670552049776577,-0.0781384172380312,0.03449795297481146,-0.0531705499085085,0.026667003061130602,"All rows use rdhte, whose bias-correction bandwidth equals h (vce HC3); the headline rdrobust estimate (pooled_rdrobust_*) estimates it separately (vce NN), so its bias-corrected effect differs. Compare rows with pooled_estimate_bc.",none,none,W_lev_Y_checks_balances,FALSE,1185,effect at cutoff-mean W,-0.05432396775260865,-0.08707159330020443,0.03883522354257956,-0.16318723277522235,-0.010955953825186507,0.024956343287117263,20.979154885275545,663,0.7303174327114276,0.2353455295015107,NA,-0.13531800709567773,0.05500914534692153,-0.243133950795973,-0.027502063395382484,0.013896862043383928,10.489577442637772,420
Country history: levels at t-1,Level at t-1: Executive constraints: Checks & balances,full,antiplural_gapany_illibany_exclyr,5,Y_gdp_growth,-0.04670552049776577,-0.0781384172380312,0.03449795297481146,-0.0531705499085085,0.026667003061130602,"All rows use rdhte, whose bias-correction bandwidth equals h (vce HC3); the headline rdrobust estimate (pooled_rdrobust_*) estimates it separately (vce NN), so its bias-corrected effect differs. Compare rows with pooled_estimate_bc.",none,none,W_lev_Y_checks_balances,FALSE,1185,slope per SD of W,0.04688404925084782,0.09267976100782525,0.056067164099861753,-0.017209861343200822,0.20256938335885133,0.09832818199549348,20.979154885275545,663,0.7303174327114276,0.2353455295015107,NA,0.0985476519040345,0.08121037210399018,-0.06062175259088248,0.2577170563989515,0.2249440529427473,10.489577442637772,420
Country history: 5-year pre-trends,5-yr pre-trend: Executive constraints: Checks & balances,full,antiplural_gapany_illibany_exclyr,5,Y_gdp_growth,-0.04670552049776577,-0.0781384172380312,0.03449795297481146,-0.0531705499085085,0.026667003061130602,"All rows use rdhte, whose bias-correction bandwidth equals h (vce HC3); the headline rdrobust estimate (pooled_rdrobust_*) estimates it separately (vce NN), so its bias-corrected effect differs. Compare rows with pooled_estimate_bc.",none,none,W_pre5_Y_checks_balances,FALSE,1151,effect at cutoff-mean W,-0.05510377639174594,-0.09219584499135783,0.03624384883202192,-0.16323248336323487,-0.021159206619480786,0.010966474261897178,18.527772956649315,590,0.035665949579056576,0.11304311719493157,NA,-0.13921473763538206,0.053259995125033835,-0.2436024098972272,-0.03482706537353693,0.008952292417869809,9.263886478324658,372
Country history: 5-year pre-trends,5-yr pre-trend: Executive constraints: Checks & balances,full,antiplural_gapany_illibany_exclyr,5,Y_gdp_growth,-0.04670552049776577,-0.0781384172380312,0.03449795297481146,-0.0531705499085085,0.026667003061130602,"All rows use rdhte, whose bias-correction bandwidth equals h (vce HC3); the headline rdrobust estimate (pooled_rdrobust_*) estimates it separately (vce NN), so its bias-corrected effect differs. Compare rows with pooled_estimate_bc.",none,none,W_pre5_Y_checks_balances,FALSE,1151,slope per SD of W,0.05058894196665862,0.06020225409321542,0.041728196285908244,-0.021583507766982757,0.1419880159534136,0.14909834483280504,18.527772956649315,590,0.035665949579056576,0.11304311719493157,NA,0.0036348044389190167,0.05701415895852211,-0.10811089372862596,0.115380502606464,0.9491671713146695,9.263886478324658,372
Country history: levels at t-1,Level at t-1: Executive power (ET): HOS,full,antiplural_gapany_illibany_exclyr,5,Y_gdp_growth,-0.04670552049776577,-0.0781384172380312,0.03449795297481146,-0.0531705499085085,0.026667003061130602,"All rows use rdhte, whose bias-correction bandwidth equals h (vce HC3); the headline rdrobust estimate (pooled_rdrobust_*) estimates it separately (vce NN), so its bias-corrected effect differs. Compare rows with pooled_estimate_bc.",none,none,W_lev_Y_hos_power,FALSE,1207,effect at cutoff-mean W,-0.045118431616716366,-0.0745694956716738,0.03407765354075418,-0.14136046928918583,-0.007778522054161782,0.028653383020983168,20.747587102923198,672,0.4600744278409573,0.27410072083419257,NA,-0.11342307738083252,0.04757883607652034,-0.20667588251714736,-0.020170272244517673,0.01713036412977649,10.373793551461599,420
Country history: levels at t-1,Level at t-1: Executive power (ET): HOS,full,antiplural_gapany_illibany_exclyr,5,Y_gdp_growth,-0.04670552049776577,-0.0781384172380312,0.03449795297481146,-0.0531705499085085,0.026667003061130602,"All rows use rdhte, whose bias-correction bandwidth equals h (vce HC3); the headline rdrobust estimate (pooled_rdrobust_*) estimates it separately (vce NN), so its bias-corrected effect differs. Compare rows with pooled_estimate_bc.",none,none,W_lev_Y_hos_power,FALSE,1207,slope per SD of W,-0.01960404740923628,-0.051322981562876985,0.0372841115283179,-0.12439849735395467,0.0217525342282007,0.168655253388951,20.747587102923198,672,0.4600744278409573,0.27410072083419257,NA,-0.0030111304082909075,0.0546447681153392,-0.11011290785789839,0.10409064704131658,0.9560558265904129,10.373793551461599,420
Country history: 5-year pre-trends,5-yr pre-trend: Executive power (ET): HOS,full,antiplural_gapany_illibany_exclyr,5,Y_gdp_growth,-0.04670552049776577,-0.0781384172380312,0.03449795297481146,-0.0531705499085085,0.026667003061130602,"All rows use rdhte, whose bias-correction bandwidth equals h (vce HC3); the headline rdrobust estimate (pooled_rdrobust_*) estimates it separately (vce NN), so its bias-corrected effect differs. Compare rows with pooled_estimate_bc.",none,none,W_pre5_Y_hos_power,FALSE,1196,effect at cutoff-mean W,-0.04203829285830799,-0.0666026141405934,0.03457098312528122,-0.13436049597628652,0.0011552676950997293,0.054036144101673816,20.94058927569325,671,-0.02190285221974481,0.10545148783360021,NA,-0.1126512689379076,0.05136738958959499,-0.21332950251335145,-0.011973035362463746,0.02830375554902697,10.470294637846624,425
Country history: 5-year pre-trends,5-yr pre-trend: Executive power (ET): HOS,full,antiplural_gapany_illibany_exclyr,5,Y_gdp_growth,-0.04670552049776577,-0.0781384172380312,0.03449795297481146,-0.0531705499085085,0.026667003061130602,"All rows use rdhte, whose bias-correction bandwidth equals h (vce HC3); the headline rdrobust estimate (pooled_rdrobust_*) estimates it separately (vce NN), so its bias-corrected effect differs. Compare rows with pooled_estimate_bc.",none,none,W_pre5_Y_hos_power,FALSE,1196,slope per SD of W,-0.05206782893586575,-0.12264869622104699,0.03990366770174971,-0.2008584477675306,-0.044438944674563385,0.0021147888150221702,20.94058927569325,671,-0.02190285221974481,0.10545148783360021,NA,-0.04370167142016793,0.04667347898956178,-0.1351800092728959,0.04777666643256003,0.34910448837918884,10.470294637846624,425
Country history: levels at t-1,Level at t-1: Executive power (ET): HOG,full,antiplural_gapany_illibany_exclyr,5,Y_gdp_growth,-0.04670552049776577,-0.0781384172380312,0.03449795297481146,-0.0531705499085085,0.026667003061130602,"All rows use rdhte, whose bias-correction bandwidth equals h (vce HC3); the headline rdrobust estimate (pooled_rdrobust_*) estimates it separately (vce NN), so its bias-corrected effect differs. Compare rows with pooled_estimate_bc.",none,none,W_lev_Y_hog_power,FALSE,634,effect at cutoff-mean W,-0.0551085770165682,-0.06828298359691122,0.045301790925301656,-0.15707286224566588,0.020506895051843443,0.13173607301404103,21.877627578483498,368,0.4767873889707039,0.18662438420530422,NA,-0.1451858215789048,0.06326731178852728,-0.26918747408308463,-0.021184169074724993,0.021744593652221016,10.938813789241749,229
Country history: levels at t-1,Level at t-1: Executive power (ET): HOG,full,antiplural_gapany_illibany_exclyr,5,Y_gdp_growth,-0.04670552049776577,-0.0781384172380312,0.03449795297481146,-0.0531705499085085,0.026667003061130602,"All rows use rdhte, whose bias-correction bandwidth equals h (vce HC3); the headline rdrobust estimate (pooled_rdrobust_*) estimates it separately (vce NN), so its bias-corrected effect differs. Compare rows with pooled_estimate_bc.",none,none,W_lev_Y_hog_power,FALSE,634,slope per SD of W,-0.002686840558560613,-0.02888834510433778,0.03912450786814249,-0.10557097143875101,0.04779428123007544,0.46028991562141036,21.877627578483498,368,0.4767873889707039,0.18662438420530422,NA,-0.04132234638216161,0.043847207400312165,-0.12726129370943157,0.04461660094510834,0.3459792718650365,10.938813789241749,229
Country history: 5-year pre-trends,5-yr pre-trend: Executive power (ET): HOG,full,antiplural_gapany_illibany_exclyr,5,Y_gdp_growth,-0.04670552049776577,-0.0781384172380312,0.03449795297481146,-0.0531705499085085,0.026667003061130602,"All rows use rdhte, whose bias-correction bandwidth equals h (vce HC3); the headline rdrobust estimate (pooled_rdrobust_*) estimates it separately (vce NN), so its bias-corrected effect differs. Compare rows with pooled_estimate_bc.",none,none,W_pre5_Y_hog_power,FALSE,584,effect at cutoff-mean W,-0.06407223357788254,-0.09365091986425556,0.052220082841635124,-0.1960004015035584,0.008698561775047298,0.07291075221823405,19.767862889937838,325,0.01114366119759486,0.06179051566671947,NA,-0.2072245837450343,0.0646222419468678,-0.33388185056112873,-0.0805673169289399,0.0013426375526558708,9.883931444968919,199
Country history: 5-year pre-trends,5-yr pre-trend: Executive power (ET): HOG,full,antiplural_gapany_illibany_exclyr,5,Y_gdp_growth,-0.04670552049776577,-0.0781384172380312,0.03449795297481146,-0.0531705499085085,0.026667003061130602,"All rows use rdhte, whose bias-correction bandwidth equals h (vce HC3); the headline rdrobust estimate (pooled_rdrobust_*) estimates it separately (vce NN), so its bias-corrected effect differs. Compare rows with pooled_estimate_bc.",none,none,W_pre5_Y_hog_power,FALSE,584,slope per SD of W,0.016057991126920447,0.0034473775216998454,0.10149996709195412,-0.19548890241053085,0.20238365745393055,0.9729056015383442,19.767862889937838,325,0.01114366119759486,0.06179051566671947,NA,-0.09731573909945417,0.09649173113558825,-0.2864360569311292,0.0918045787322209,0.3131954512233725,9.883931444968919,199
Country history: levels at t-1,Level at t-1: Executive power (V-Dem): HOS (v2ex_hosw),full,antiplural_gapany_illibany_exclyr,5,Y_gdp_growth,-0.04670552049776577,-0.0781384172380312,0.03449795297481146,-0.0531705499085085,0.026667003061130602,"All rows use rdhte, whose bias-correction bandwidth equals h (vce HC3); the headline rdrobust estimate (pooled_rdrobust_*) estimates it separately (vce NN), so its bias-corrected effect differs. Compare rows with pooled_estimate_bc.",none,none,W_lev_Y_hos_power_vdem,FALSE,1207,effect at cutoff-mean W,-0.04591887081291973,-0.07809612211437704,0.03525176455919498,-0.14718831104188468,-0.009003933186869414,0.026733860739074706,20.747587102923198,672,0.5503902032051166,0.48937314420933387,NA,-0.11604858403566913,0.050438406228350545,-0.2149060436808369,-0.017191124390501356,0.0214030517141032,10.373793551461599,420
Country history: levels at t-1,Level at t-1: Executive power (V-Dem): HOS (v2ex_hosw),full,antiplural_gapany_illibany_exclyr,5,Y_gdp_growth,-0.04670552049776577,-0.0781384172380312,0.03449795297481146,-0.0531705499085085,0.026667003061130602,"All rows use rdhte, whose bias-correction bandwidth equals h (vce HC3); the headline rdrobust estimate (pooled_rdrobust_*) estimates it separately (vce NN), so its bias-corrected effect differs. Compare rows with pooled_estimate_bc.",none,none,W_lev_Y_hos_power_vdem,FALSE,1207,slope per SD of W,-0.013371408396014322,-0.020290661577923946,0.03526467567606384,-0.08940815582949473,0.04882683267364683,0.5650329374400869,20.747587102923198,672,0.5503902032051166,0.48937314420933387,NA,0.03080874596918837,0.04980240700589967,-0.06680217810578022,0.12841967004415697,0.5361669752545317,10.373793551461599,420
Country history: 5-year pre-trends,5-yr pre-trend: Executive power (V-Dem): HOS (v2ex_hosw),full,antiplural_gapany_illibany_exclyr,5,Y_gdp_growth,-0.04670552049776577,-0.0781384172380312,0.03449795297481146,-0.0531705499085085,0.026667003061130602,"All rows use rdhte, whose bias-correction bandwidth equals h (vce HC3); the headline rdrobust estimate (pooled_rdrobust_*) estimates it separately (vce NN), so its bias-corrected effect differs. Compare rows with pooled_estimate_bc.",none,none,W_pre5_Y_hos_power_vdem,NA,NA,NA,NA,NA,NA,NA,NA,NA,NA,NA,NA,NA,not estimated: 94% of elections at one value (limit 90%),NA,NA,NA,NA,NA,NA,NA
Country history: levels at t-1,Level at t-1: Executive power (V-Dem): HOG (v2ex_hogw),full,antiplural_gapany_illibany_exclyr,5,Y_gdp_growth,-0.04670552049776577,-0.0781384172380312,0.03449795297481146,-0.0531705499085085,0.026667003061130602,"All rows use rdhte, whose bias-correction bandwidth equals h (vce HC3); the headline rdrobust estimate (pooled_rdrobust_*) estimates it separately (vce NN), so its bias-corrected effect differs. Compare rows with pooled_estimate_bc.",none,none,W_lev_Y_hog_power_vdem,FALSE,1207,effect at cutoff-mean W,-0.04537967759710851,-0.07720644781119282,0.03532136500499941,-0.14643505110578509,-0.007977844516600566,0.02882815167629616,20.747587102923198,672,0.46157192651631024,0.49045747014467517,NA,-0.11638755475537785,0.05043534794295219,-0.21523902027131042,-0.017536089239445288,0.021018143105069175,10.373793551461599,420
Country history: levels at t-1,Level at t-1: Executive power (V-Dem): HOG (v2ex_hogw),full,antiplural_gapany_illibany_exclyr,5,Y_gdp_growth,-0.04670552049776577,-0.0781384172380312,0.03449795297481146,-0.0531705499085085,0.026667003061130602,"All rows use rdhte, whose bias-correction bandwidth equals h (vce HC3); the headline rdrobust estimate (pooled_rdrobust_*) estimates it separately (vce NN), so its bias-corrected effect differs. Compare rows with pooled_estimate_bc.",none,none,W_lev_Y_hog_power_vdem,FALSE,1207,slope per SD of W,0.015166034977761098,0.02401772779313903,0.03535178410539003,-0.045270495842660935,0.093305951428939,0.4968893653932789,20.747587102923198,672,0.46157192651631024,0.49045747014467517,NA,-0.030178108380453716,0.04993911891486677,-0.12805698287325554,0.0677007661123481,0.5456455531232017,10.373793551461599,420
Country history: 5-year pre-trends,5-yr pre-trend: Executive power (V-Dem): HOG (v2ex_hogw),full,antiplural_gapany_illibany_exclyr,5,Y_gdp_growth,-0.04670552049776577,-0.0781384172380312,0.03449795297481146,-0.0531705499085085,0.026667003061130602,"All rows use rdhte, whose bias-correction bandwidth equals h (vce HC3); the headline rdrobust estimate (pooled_rdrobust_*) estimates it separately (vce NN), so its bias-corrected effect differs. Compare rows with pooled_estimate_bc.",none,none,W_pre5_Y_hog_power_vdem,NA,NA,NA,NA,NA,NA,NA,NA,NA,NA,NA,NA,NA,not estimated: 94% of elections at one value (limit 90%),NA,NA,NA,NA,NA,NA,NA
Country history: levels at t-1,Level at t-1: V-Dem high-level democracy indices: Electoral (polyarchy),full,antiplural_gapany_illibany_exclyr,5,Y_gdp_growth,-0.04670552049776577,-0.0781384172380312,0.03449795297481146,-0.0531705499085085,0.026667003061130602,"All rows use rdhte, whose bias-correction bandwidth equals h (vce HC3); the headline rdrobust estimate (pooled_rdrobust_*) estimates it separately (vce NN), so its bias-corrected effect differs. Compare rows with pooled_estimate_bc.",none,none,W_lev_Y_polyarchy,FALSE,1207,effect at cutoff-mean W,-0.0493715519774316,-0.07902721686033412,0.035864580319773895,-0.14932050260773494,-0.008733931112933302,0.027560284478033627,20.747587102923198,672,0.6643398597132305,0.22556408899385214,NA,-0.11858503998701944,0.04929257017936694,-0.21519670224399168,-0.021973377730047206,0.01613980752389253,10.373793551461599,420
Country history: levels at t-1,Level at t-1: V-Dem high-level democracy indices: Electoral (polyarchy),full,antiplural_gapany_illibany_exclyr,5,Y_gdp_growth,-0.04670552049776577,-0.0781384172380312,0.03449795297481146,-0.0531705499085085,0.026667003061130602,"All rows use rdhte, whose bias-correction bandwidth equals h (vce HC3); the headline rdrobust estimate (pooled_rdrobust_*) estimates it separately (vce NN), so its bias-corrected effect differs. Compare rows with pooled_estimate_bc.",none,none,W_lev_Y_polyarchy,FALSE,1207,slope per SD of W,0.048570005395620154,0.10279469194145621,0.05013331587594874,0.004535198399026594,0.20105418548388582,0.04032280502911979,20.747587102923198,672,0.6643398597132305,0.22556408899385214,NA,0.07773938121829388,0.06832730039104618,-0.05617966670900612,0.21165842914559388,0.25522491796551633,10.373793551461599,420
Country history: 5-year pre-trends,5-yr pre-trend: V-Dem high-level democracy indices: Electoral (polyarchy),full,antiplural_gapany_illibany_exclyr,5,Y_gdp_growth,-0.04670552049776577,-0.0781384172380312,0.03449795297481146,-0.0531705499085085,0.026667003061130602,"All rows use rdhte, whose bias-correction bandwidth equals h (vce HC3); the headline rdrobust estimate (pooled_rdrobust_*) estimates it separately (vce NN), so its bias-corrected effect differs. Compare rows with pooled_estimate_bc.",none,none,W_pre5_Y_polyarchy,FALSE,1196,effect at cutoff-mean W,-0.047213051575537644,-0.07562486244218139,0.034214535593318315,-0.14268411995284902,-0.008565604931513746,0.027083386953343582,20.94058927569325,671,0.04118660125597891,0.11611327602696066,NA,-0.12441844157219027,0.04975091383604776,-0.22192844088879932,-0.026908442255581227,0.012390359670694724,10.470294637846624,425
Country history: 5-year pre-trends,5-yr pre-trend: V-Dem high-level democracy indices: Electoral (polyarchy),full,antiplural_gapany_illibany_exclyr,5,Y_gdp_growth,-0.04670552049776577,-0.0781384172380312,0.03449795297481146,-0.0531705499085085,0.026667003061130602,"All rows use rdhte, whose bias-correction bandwidth equals h (vce HC3); the headline rdrobust estimate (pooled_rdrobust_*) estimates it separately (vce NN), so its bias-corrected effect differs. Compare rows with pooled_estimate_bc.",none,none,W_pre5_Y_polyarchy,FALSE,1196,slope per SD of W,0.052150823426812036,0.10205158028042136,0.036223872637328326,0.03105409453069191,0.1730490660301508,0.004843732696686236,20.94058927569325,671,0.04118660125597891,0.11611327602696066,NA,0.008364331326005106,0.03978166815495251,-0.06960630550262577,0.08633496815463597,0.8334679352569058,10.470294637846624,425
Country history: levels at t-1,Level at t-1: V-Dem high-level democracy indices: Liberal,full,antiplural_gapany_illibany_exclyr,5,Y_gdp_growth,-0.04670552049776577,-0.0781384172380312,0.03449795297481146,-0.0531705499085085,0.026667003061130602,"All rows use rdhte, whose bias-correction bandwidth equals h (vce HC3); the headline rdrobust estimate (pooled_rdrobust_*) estimates it separately (vce NN), so its bias-corrected effect differs. Compare rows with pooled_estimate_bc.",none,none,W_lev_Y_libdem,FALSE,1207,effect at cutoff-mean W,-0.04879022955396502,-0.07951082120918469,0.03580065893284404,-0.14967882334036114,-0.009342819078008241,0.02635558227230911,20.747587102923198,672,0.5507733484508007,0.25177477371503687,NA,-0.119742710955835,0.05021192732751262,-0.21815628011210222,-0.02132914179956777,0.017090900278947864,10.373793551461599,420
Country history: levels at t-1,Level at t-1: V-Dem high-level democracy indices: Liberal,full,antiplural_gapany_illibany_exclyr,5,Y_gdp_growth,-0.04670552049776577,-0.0781384172380312,0.03449795297481146,-0.0531705499085085,0.026667003061130602,"All rows use rdhte, whose bias-correction bandwidth equals h (vce HC3); the headline rdrobust estimate (pooled_rdrobust_*) estimates it separately (vce NN), so its bias-corrected effect differs. Compare rows with pooled_estimate_bc.",none,none,W_lev_Y_libdem,FALSE,1207,slope per SD of W,0.04053323126972459,0.08756031201943827,0.04701231820680517,-0.004582138495636476,0.179702762534513,0.06253303677669607,20.747587102923198,672,0.5507733484508007,0.25177477371503687,NA,0.0739956486262368,0.06923148324685215,-0.06169556513388148,0.2096868623863551,0.2851530333368317,10.373793551461599,420
Country history: 5-year pre-trends,5-yr pre-trend: V-Dem high-level democracy indices: Liberal,full,antiplural_gapany_illibany_exclyr,5,Y_gdp_growth,-0.04670552049776577,-0.0781384172380312,0.03449795297481146,-0.0531705499085085,0.026667003061130602,"All rows use rdhte, whose bias-correction bandwidth equals h (vce HC3); the headline rdrobust estimate (pooled_rdrobust_*) estimates it separately (vce NN), so its bias-corrected effect differs. Compare rows with pooled_estimate_bc.",none,none,W_pre5_Y_libdem,FALSE,1196,effect at cutoff-mean W,-0.04750046836281179,-0.07952586910066675,0.0342355399052422,-0.14662629430622526,-0.012425443895108246,0.02018431567967932,20.94058927569325,671,0.036863728163630836,0.1018382439665599,NA,-0.12552495749147607,0.05003270183915402,-0.22358725114544886,-0.0274626638375033,0.012112207331571931,10.470294637846624,425
Country history: 5-year pre-trends,5-yr pre-trend: V-Dem high-level democracy indices: Liberal,full,antiplural_gapany_illibany_exclyr,5,Y_gdp_growth,-0.04670552049776577,-0.0781384172380312,0.03449795297481146,-0.0531705499085085,0.026667003061130602,"All rows use rdhte, whose bias-correction bandwidth equals h (vce HC3); the headline rdrobust estimate (pooled_rdrobust_*) estimates it separately (vce NN), so its bias-corrected effect differs. Compare rows with pooled_estimate_bc.",none,none,W_pre5_Y_libdem,FALSE,1196,slope per SD of W,0.054599062321337336,0.09038036948571165,0.03613521599522846,0.019556647561488213,0.16120409140993508,0.012378324747183072,20.94058927569325,671,0.036863728163630836,0.1018382439665599,NA,0.01489152438345695,0.04065802151530353,-0.06479673346919258,0.09457978223610648,0.7141689194493611,10.470294637846624,425
Country history: levels at t-1,Level at t-1: V-Dem high-level democracy indices: Participatory,full,antiplural_gapany_illibany_exclyr,5,Y_gdp_growth,-0.04670552049776577,-0.0781384172380312,0.03449795297481146,-0.0531705499085085,0.026667003061130602,"All rows use rdhte, whose bias-correction bandwidth equals h (vce HC3); the headline rdrobust estimate (pooled_rdrobust_*) estimates it separately (vce NN), so its bias-corrected effect differs. Compare rows with pooled_estimate_bc.",none,none,W_lev_Y_partipdem,FALSE,1207,effect at cutoff-mean W,-0.04772078924794318,-0.07712603357517114,0.034622298668323594,-0.14498449202707442,-0.009267575123267854,0.025904499867543368,20.747587102923198,672,0.4473645674179972,0.18855837998648176,NA,-0.11682398423459886,0.04840122240507439,-0.21168863695625778,-0.021959331512939953,0.01579329078240201,10.373793551461599,420
Country history: levels at t-1,Level at t-1: V-Dem high-level democracy indices: Participatory,full,antiplural_gapany_illibany_exclyr,5,Y_gdp_growth,-0.04670552049776577,-0.0781384172380312,0.03449795297481146,-0.0531705499085085,0.026667003061130602,"All rows use rdhte, whose bias-correction bandwidth equals h (vce HC3); the headline rdrobust estimate (pooled_rdrobust_*) estimates it separately (vce NN), so its bias-corrected effect differs. Compare rows with pooled_estimate_bc.",none,none,W_lev_Y_partipdem,FALSE,1207,slope per SD of W,0.03459681275662379,0.08029439991824484,0.04220881681437527,-0.002433360867979323,0.163022160704469,0.0571301884029698,20.747587102923198,672,0.4473645674179972,0.18855837998648176,NA,0.07005205401062498,0.059750713153916765,-0.04705719182163551,0.18716129984288546,0.24103436437980566,10.373793551461599,420
Country history: 5-year pre-trends,5-yr pre-trend: V-Dem high-level democracy indices: Participatory,full,antiplural_gapany_illibany_exclyr,5,Y_gdp_growth,-0.04670552049776577,-0.0781384172380312,0.03449795297481146,-0.0531705499085085,0.026667003061130602,"All rows use rdhte, whose bias-correction bandwidth equals h (vce HC3); the headline rdrobust estimate (pooled_rdrobust_*) estimates it separately (vce NN), so its bias-corrected effect differs. Compare rows with pooled_estimate_bc.",none,none,W_pre5_Y_partipdem,FALSE,1196,effect at cutoff-mean W,-0.04930855266558488,-0.08078917940750305,0.034092208559177786,-0.14760868033691965,-0.013969678478086445,0.01780129121899802,20.94058927569325,671,0.031728204857771676,0.07429306567359006,NA,-0.12161278389519524,0.0493969985956085,-0.2184291220869635,-0.024796445703426984,0.013818515212613949,10.470294637846624,425
Country history: 5-year pre-trends,5-yr pre-trend: V-Dem high-level democracy indices: Participatory,full,antiplural_gapany_illibany_exclyr,5,Y_gdp_growth,-0.04670552049776577,-0.0781384172380312,0.03449795297481146,-0.0531705499085085,0.026667003061130602,"All rows use rdhte, whose bias-correction bandwidth equals h (vce HC3); the headline rdrobust estimate (pooled_rdrobust_*) estimates it separately (vce NN), so its bias-corrected effect differs. Compare rows with pooled_estimate_bc.",none,none,W_pre5_Y_partipdem,FALSE,1196,slope per SD of W,0.04655578827550486,0.06700323654778305,0.033230239273240314,0.0018731643745835969,0.1321333087209825,0.043765139650107455,20.94058927569325,671,0.031728204857771676,0.07429306567359006,NA,-0.007123959998975231,0.04015294923714529,-0.08582229437684502,0.07157437437889455,0.8591780343103008,10.470294637846624,425
Country history: levels at t-1,Level at t-1: V-Dem high-level democracy indices: Deliberative,full,antiplural_gapany_illibany_exclyr,5,Y_gdp_growth,-0.04670552049776577,-0.0781384172380312,0.03449795297481146,-0.0531705499085085,0.026667003061130602,"All rows use rdhte, whose bias-correction bandwidth equals h (vce HC3); the headline rdrobust estimate (pooled_rdrobust_*) estimates it separately (vce NN), so its bias-corrected effect differs. Compare rows with pooled_estimate_bc.",none,none,W_lev_Y_delibdem,FALSE,1207,effect at cutoff-mean W,-0.04904163330877259,-0.08036539423701591,0.03568194393818213,-0.15030071925423016,-0.010430069219801663,0.02430517519632877,20.747587102923198,672,0.5487173348981325,0.23898159901275443,NA,-0.12078022353380477,0.05009114973976138,-0.21895707296793993,-0.0226033740996696,0.015899740831962897,10.373793551461599,420
Country history: levels at t-1,Level at t-1: V-Dem high-level democracy indices: Deliberative,full,antiplural_gapany_illibany_exclyr,5,Y_gdp_growth,-0.04670552049776577,-0.0781384172380312,0.03449795297481146,-0.0531705499085085,0.026667003061130602,"All rows use rdhte, whose bias-correction bandwidth equals h (vce HC3); the headline rdrobust estimate (pooled_rdrobust_*) estimates it separately (vce NN), so its bias-corrected effect differs. Compare rows with pooled_estimate_bc.",none,none,W_lev_Y_delibdem,FALSE,1207,slope per SD of W,0.0422352138445021,0.0925021258401034,0.0456893633478627,0.0029526192017281377,0.18205163247847866,0.042909712047170534,20.747587102923198,672,0.5487173348981325,0.23898159901275443,NA,0.07429151676057727,0.06771136543338628,-0.058420320832890144,0.20700335435404468,0.2725629670056501,10.373793551461599,420
Country history: 5-year pre-trends,5-yr pre-trend: V-Dem high-level democracy indices: Deliberative,full,antiplural_gapany_illibany_exclyr,5,Y_gdp_growth,-0.04670552049776577,-0.0781384172380312,0.03449795297481146,-0.0531705499085085,0.026667003061130602,"All rows use rdhte, whose bias-correction bandwidth equals h (vce HC3); the headline rdrobust estimate (pooled_rdrobust_*) estimates it separately (vce NN), so its bias-corrected effect differs. Compare rows with pooled_estimate_bc.",none,none,W_pre5_Y_delibdem,FALSE,1196,effect at cutoff-mean W,-0.04725053642798069,-0.07908341362289771,0.03454726589578591,-0.14679481054296695,-0.01137201670282846,0.022071412107351317,20.94058927569325,671,0.039851703121543805,0.11417409548742664,NA,-0.12488761358372566,0.050717379145207464,-0.2242918500985951,-0.025483377068856228,0.01380020088147887,10.470294637846624,425
Country history: 5-year pre-trends,5-yr pre-trend: V-Dem high-level democracy indices: Deliberative,full,antiplural_gapany_illibany_exclyr,5,Y_gdp_growth,-0.04670552049776577,-0.0781384172380312,0.03449795297481146,-0.0531705499085085,0.026667003061130602,"All rows use rdhte, whose bias-correction bandwidth equals h (vce HC3); the headline rdrobust estimate (pooled_rdrobust_*) estimates it separately (vce NN), so its bias-corrected effect differs. Compare rows with pooled_estimate_bc.",none,none,W_pre5_Y_delibdem,FALSE,1196,slope per SD of W,0.047651734593748225,0.07579003297582393,0.033368425680478334,0.010389120421284967,0.14119094553036288,0.023128229093863435,20.94058927569325,671,0.039851703121543805,0.11417409548742664,NA,-0.0018305977003811567,0.038283881276091836,-0.07686562618992845,0.07320443078916614,0.9618625595406297,10.470294637846624,425
Country history: levels at t-1,Level at t-1: V-Dem high-level democracy indices: Egalitarian,full,antiplural_gapany_illibany_exclyr,5,Y_gdp_growth,-0.04670552049776577,-0.0781384172380312,0.03449795297481146,-0.0531705499085085,0.026667003061130602,"All rows use rdhte, whose bias-correction bandwidth equals h (vce HC3); the headline rdrobust estimate (pooled_rdrobust_*) estimates it separately (vce NN), so its bias-corrected effect differs. Compare rows with pooled_estimate_bc.",none,none,W_lev_Y_egaldem,FALSE,1207,effect at cutoff-mean W,-0.047959162343539155,-0.07699393595046816,0.034751235478063,-0.1451051059057422,-0.008882765995194136,0.026720686890095234,20.747587102923198,672,0.5191965254992752,0.24333268034694616,NA,-0.11385905222110958,0.04893838385219806,-0.20977652203301428,-0.017941582409204862,0.019987644055567817,10.373793551461599,420
Country history: levels at t-1,Level at t-1: V-Dem high-level democracy indices: Egalitarian,full,antiplural_gapany_illibany_exclyr,5,Y_gdp_growth,-0.04670552049776577,-0.0781384172380312,0.03449795297481146,-0.0531705499085085,0.026667003061130602,"All rows use rdhte, whose bias-correction bandwidth equals h (vce HC3); the headline rdrobust estimate (pooled_rdrobust_*) estimates it separately (vce NN), so its bias-corrected effect differs. Compare rows with pooled_estimate_bc.",none,none,W_lev_Y_egaldem,FALSE,1207,slope per SD of W,0.03569076482491902,0.07424870161207744,0.041661826268061676,-0.0074069774034881825,0.15590438062764306,0.0747205559289459,20.747587102923198,672,0.5191965254992752,0.24333268034694616,NA,0.04860184291924066,0.06307259735145049,-0.07501817630099865,0.17222186213948,0.4409619280438405,10.373793551461599,420
Country history: 5-year pre-trends,5-yr pre-trend: V-Dem high-level democracy indices: Egalitarian,full,antiplural_gapany_illibany_exclyr,5,Y_gdp_growth,-0.04670552049776577,-0.0781384172380312,0.03449795297481146,-0.0531705499085085,0.026667003061130602,"All rows use rdhte, whose bias-correction bandwidth equals h (vce HC3); the headline rdrobust estimate (pooled_rdrobust_*) estimates it separately (vce NN), so its bias-corrected effect differs. Compare rows with pooled_estimate_bc.",none,none,W_pre5_Y_egaldem,FALSE,1196,effect at cutoff-mean W,-0.047365702603057794,-0.07738382199289132,0.03409132325054932,-0.14420158774928094,-0.010566056236501711,0.023213780458889766,20.94058927569325,671,0.029573161180612168,0.0767829857052323,NA,-0.12177730473759599,0.04985943761955247,-0.2195000067613403,-0.024054602713851694,0.014589473063112585,10.470294637846624,425
Country history: 5-year pre-trends,5-yr pre-trend: V-Dem high-level democracy indices: Egalitarian,full,antiplural_gapany_illibany_exclyr,5,Y_gdp_growth,-0.04670552049776577,-0.0781384172380312,0.03449795297481146,-0.0531705499085085,0.026667003061130602,"All rows use rdhte, whose bias-correction bandwidth equals h (vce HC3); the headline rdrobust estimate (pooled_rdrobust_*) estimates it separately (vce NN), so its bias-corrected effect differs. Compare rows with pooled_estimate_bc.",none,none,W_pre5_Y_egaldem,FALSE,1196,slope per SD of W,0.05837055924193279,0.098382889733138,0.04029054602725524,0.019414870602264392,0.1773509088640116,0.014612799270438015,20.94058927569325,671,0.029573161180612168,0.0767829857052323,NA,0.009771097239019873,0.04806445101680932,-0.08443349569061595,0.10397569016865568,0.8389071517592569,10.470294637846624,425
Country history: levels at t-1,Level at t-1: V-Dem mid-level: electoral component: Elected officials,full,antiplural_gapany_illibany_exclyr,5,Y_gdp_growth,-0.04670552049776577,-0.0781384172380312,0.03449795297481146,-0.0531705499085085,0.026667003061130602,"All rows use rdhte, whose bias-correction bandwidth equals h (vce HC3); the headline rdrobust estimate (pooled_rdrobust_*) estimates it separately (vce NN), so its bias-corrected effect differs. Compare rows with pooled_estimate_bc.",none,none,W_lev_Y_elecoff,FALSE,1207,effect at cutoff-mean W,-0.05022448813169245,-0.08825380837473379,0.0355509517392272,-0.15793239339974066,-0.018575223349726916,0.013047879107978317,20.747587102923198,672,0.9304515680755646,0.24182440695506666,NA,-0.1394576321430175,0.051454172919795156,-0.24030595792011214,-0.038609306365922885,0.006721691124524285,10.373793551461599,420
Country history: levels at t-1,Level at t-1: V-Dem mid-level: electoral component: Elected officials,full,antiplural_gapany_illibany_exclyr,5,Y_gdp_growth,-0.04670552049776577,-0.0781384172380312,0.03449795297481146,-0.0531705499085085,0.026667003061130602,"All rows use rdhte, whose bias-correction bandwidth equals h (vce HC3); the headline rdrobust estimate (pooled_rdrobust_*) estimates it separately (vce NN), so its bias-corrected effect differs. Compare rows with pooled_estimate_bc.",none,none,W_lev_Y_elecoff,FALSE,1207,slope per SD of W,0.035457180815289854,0.10109277802817748,0.04580956064082681,0.011307689024553369,0.1908778670318016,0.027327669494274554,20.747587102923198,672,0.9304515680755646,0.24182440695506666,NA,0.06997434219072429,0.048567373262582134,-0.02521596022765024,0.16516464460909883,0.14965009150731093,10.373793551461599,420
Country history: 5-year pre-trends,5-yr pre-trend: V-Dem mid-level: electoral component: Elected officials,full,antiplural_gapany_illibany_exclyr,5,Y_gdp_growth,-0.04670552049776577,-0.0781384172380312,0.03449795297481146,-0.0531705499085085,0.026667003061130602,"All rows use rdhte, whose bias-correction bandwidth equals h (vce HC3); the headline rdrobust estimate (pooled_rdrobust_*) estimates it separately (vce NN), so its bias-corrected effect differs. Compare rows with pooled_estimate_bc.",none,none,W_pre5_Y_elecoff,FALSE,1196,effect at cutoff-mean W,-0.048579803722360586,-0.07063618781277964,0.034083260074756205,-0.13743815003501372,-0.0038342255905455536,0.03822257752173393,20.94058927569325,671,0.023061228742187488,0.2605853481620345,NA,-0.10083807514609106,0.05182545240368691,-0.20241409533981214,7.379450476300287e-4,0.051687789432093414,10.470294637846624,425
Country history: 5-year pre-trends,5-yr pre-trend: V-Dem mid-level: electoral component: Elected officials,full,antiplural_gapany_illibany_exclyr,5,Y_gdp_growth,-0.04670552049776577,-0.0781384172380312,0.03449795297481146,-0.0531705499085085,0.026667003061130602,"All rows use rdhte, whose bias-correction bandwidth equals h (vce HC3); the headline rdrobust estimate (pooled_rdrobust_*) estimates it separately (vce NN), so its bias-corrected effect differs. Compare rows with pooled_estimate_bc.",none,none,W_pre5_Y_elecoff,FALSE,1196,slope per SD of W,0.05216205364712711,0.12710417954859368,0.03557964818771788,0.05736935051806086,0.1968390085791265,3.537456730949842e-4,20.94058927569325,671,0.023061228742187488,0.2605853481620345,NA,0.10617024366644608,0.044101548543241616,0.019732796859247656,0.1926076904736445,0.016066386322213383,10.470294637846624,425
Country history: levels at t-1,Level at t-1: V-Dem mid-level: electoral component: Clean elections,full,antiplural_gapany_illibany_exclyr,5,Y_gdp_growth,-0.04670552049776577,-0.0781384172380312,0.03449795297481146,-0.0531705499085085,0.026667003061130602,"All rows use rdhte, whose bias-correction bandwidth equals h (vce HC3); the headline rdrobust estimate (pooled_rdrobust_*) estimates it separately (vce NN), so its bias-corrected effect differs. Compare rows with pooled_estimate_bc.",none,none,W_lev_Y_frefair,FALSE,1207,effect at cutoff-mean W,-0.04952896987451794,-0.07820703180433695,0.035838395363240176,-0.14844899597999495,-0.007965067628678962,0.02909377607459085,20.747587102923198,672,0.6956082048285336,0.2919399986028408,NA,-0.11870622213047474,0.049245646609758276,-0.21522591588098794,-0.022186528379961545,0.015931034055627527,10.373793551461599,420
Country history: levels at t-1,Level at t-1: V-Dem mid-level: electoral component: Clean elections,full,antiplural_gapany_illibany_exclyr,5,Y_gdp_growth,-0.04670552049776577,-0.0781384172380312,0.03449795297481146,-0.0531705499085085,0.026667003061130602,"All rows use rdhte, whose bias-correction bandwidth equals h (vce HC3); the headline rdrobust estimate (pooled_rdrobust_*) estimates it separately (vce NN), so its bias-corrected effect differs. Compare rows with pooled_estimate_bc.",none,none,W_lev_Y_frefair,FALSE,1207,slope per SD of W,0.05006002246784782,0.10051058879189453,0.048454128729987264,0.005542241578852025,0.19547893600493704,0.038047263871735314,20.747587102923198,672,0.6956082048285336,0.2919399986028408,NA,0.07043085769648036,0.0648552332962118,-0.05668306377303767,0.19754477916599839,0.2774921287488324,10.373793551461599,420
Country history: 5-year pre-trends,5-yr pre-trend: V-Dem mid-level: electoral component: Clean elections,full,antiplural_gapany_illibany_exclyr,5,Y_gdp_growth,-0.04670552049776577,-0.0781384172380312,0.03449795297481146,-0.0531705499085085,0.026667003061130602,"All rows use rdhte, whose bias-correction bandwidth equals h (vce HC3); the headline rdrobust estimate (pooled_rdrobust_*) estimates it separately (vce NN), so its bias-corrected effect differs. Compare rows with pooled_estimate_bc.",none,none,W_pre5_Y_frefair,FALSE,1196,effect at cutoff-mean W,-0.04720104715204524,-0.07634932562861306,0.03478271378547557,-0.14452219193271001,-0.008176459324516105,0.028160981033058096,20.94058927569325,671,0.04417226356244138,0.15812053272121146,NA,-0.12683129397007803,0.050425553143643,-0.22566356203212878,-0.02799902590802729,0.011895856715849702,10.470294637846624,425
Country history: 5-year pre-trends,5-yr pre-trend: V-Dem mid-level: electoral component: Clean elections,full,antiplural_gapany_illibany_exclyr,5,Y_gdp_growth,-0.04670552049776577,-0.0781384172380312,0.03449795297481146,-0.0531705499085085,0.026667003061130602,"All rows use rdhte, whose bias-correction bandwidth equals h (vce HC3); the headline rdrobust estimate (pooled_rdrobust_*) estimates it separately (vce NN), so its bias-corrected effect differs. Compare rows with pooled_estimate_bc.",none,none,W_pre5_Y_frefair,FALSE,1196,slope per SD of W,0.04685247150016559,0.10149288693540985,0.04043902044231481,0.022233863298393844,0.18075191057242584,0.012080773371693046,20.94058927569325,671,0.04417226356244138,0.15812053272121146,NA,-0.008576121423633235,0.05022437732421854,-0.10701409212505171,0.08986184927778525,0.8644155079999588,10.470294637846624,425
Country history: levels at t-1,Level at t-1: V-Dem mid-level: electoral component: Association,full,antiplural_gapany_illibany_exclyr,5,Y_gdp_growth,-0.04670552049776577,-0.0781384172380312,0.03449795297481146,-0.0531705499085085,0.026667003061130602,"All rows use rdhte, whose bias-correction bandwidth equals h (vce HC3); the headline rdrobust estimate (pooled_rdrobust_*) estimates it separately (vce NN), so its bias-corrected effect differs. Compare rows with pooled_estimate_bc.",none,none,W_lev_Y_frassoc,FALSE,1207,effect at cutoff-mean W,-0.04939222084460509,-0.08651492640264478,0.03774130755711314,-0.1604865299440359,-0.012543322861253689,0.02188753251153877,20.747587102923198,672,0.7981407177972007,0.18025761241985241,NA,-0.1295053374075977,0.051383507398477614,-0.2302151613079612,-0.028795513507234208,0.011723226644531086,10.373793551461599,420
Country history: levels at t-1,Level at t-1: V-Dem mid-level: electoral component: Association,full,antiplural_gapany_illibany_exclyr,5,Y_gdp_growth,-0.04670552049776577,-0.0781384172380312,0.03449795297481146,-0.0531705499085085,0.026667003061130602,"All rows use rdhte, whose bias-correction bandwidth equals h (vce HC3); the headline rdrobust estimate (pooled_rdrobust_*) estimates it separately (vce NN), so its bias-corrected effect differs. Compare rows with pooled_estimate_bc.",none,none,W_lev_Y_frassoc,FALSE,1207,slope per SD of W,0.02221404324632055,0.10524092653629187,0.05982400921425391,-0.01201197693443809,0.22249383000702183,0.0785477178403917,20.747587102923198,672,0.7981407177972007,0.18025761241985241,NA,0.07270919238697744,0.07060887451217483,-0.06568165864579335,0.21110004341974825,0.3031293469139713,10.373793551461599,420
Country history: 5-year pre-trends,5-yr pre-trend: V-Dem mid-level: electoral component: Association,full,antiplural_gapany_illibany_exclyr,5,Y_gdp_growth,-0.04670552049776577,-0.0781384172380312,0.03449795297481146,-0.0531705499085085,0.026667003061130602,"All rows use rdhte, whose bias-correction bandwidth equals h (vce HC3); the headline rdrobust estimate (pooled_rdrobust_*) estimates it separately (vce NN), so its bias-corrected effect differs. Compare rows with pooled_estimate_bc.",none,none,W_pre5_Y_frassoc,FALSE,1196,effect at cutoff-mean W,-0.04655175101365008,-0.07233692391840325,0.03370033330030372,-0.13838836345399436,-0.006285484382812137,0.031835098892581286,20.94058927569325,671,0.05308610150854735,0.1492476441502395,NA,-0.1147787727891879,0.05010798976316011,-0.21298862806268337,-0.016568917515692408,0.021984928362084613,10.470294637846624,425
Country history: 5-year pre-trends,5-yr pre-trend: V-Dem mid-level: electoral component: Association,full,antiplural_gapany_illibany_exclyr,5,Y_gdp_growth,-0.04670552049776577,-0.0781384172380312,0.03449795297481146,-0.0531705499085085,0.026667003061130602,"All rows use rdhte, whose bias-correction bandwidth equals h (vce HC3); the headline rdrobust estimate (pooled_rdrobust_*) estimates it separately (vce NN), so its bias-corrected effect differs. Compare rows with pooled_estimate_bc.",none,none,W_pre5_Y_frassoc,FALSE,1196,slope per SD of W,0.035655543905780455,0.08862677618924636,0.029020781769119364,0.03174708911857583,0.1455064632599169,0.0022588189538886457,20.94058927569325,671,0.05308610150854735,0.1492476441502395,NA,0.04143986040388632,0.034162931048073865,-0.025518254056663636,0.10839797486443628,0.22512730200014502,10.470294637846624,425
Country history: levels at t-1,Level at t-1: V-Dem mid-level: electoral component: Suffrage,full,antiplural_gapany_illibany_exclyr,5,Y_gdp_growth,-0.04670552049776577,-0.0781384172380312,0.03449795297481146,-0.0531705499085085,0.026667003061130602,"All rows use rdhte, whose bias-correction bandwidth equals h (vce HC3); the headline rdrobust estimate (pooled_rdrobust_*) estimates it separately (vce NN), so its bias-corrected effect differs. Compare rows with pooled_estimate_bc.",none,none,W_lev_Y_suffr,NA,NA,NA,NA,NA,NA,NA,NA,NA,NA,NA,NA,NA,not estimated: 97% of elections at one value (limit 90%),NA,NA,NA,NA,NA,NA,NA
Country history: 5-year pre-trends,5-yr pre-trend: V-Dem mid-level: electoral component: Suffrage,full,antiplural_gapany_illibany_exclyr,5,Y_gdp_growth,-0.04670552049776577,-0.0781384172380312,0.03449795297481146,-0.0531705499085085,0.026667003061130602,"All rows use rdhte, whose bias-correction bandwidth equals h (vce HC3); the headline rdrobust estimate (pooled_rdrobust_*) estimates it separately (vce NN), so its bias-corrected effect differs. Compare rows with pooled_estimate_bc.",none,none,W_pre5_Y_suffr,NA,NA,NA,NA,NA,NA,NA,NA,NA,NA,NA,NA,NA,not estimated: 98% of elections at one value (limit 90%),NA,NA,NA,NA,NA,NA,NA
Country history: levels at t-1,Level at t-1: V-Dem mid-level: electoral component: Expression & alt. info,full,antiplural_gapany_illibany_exclyr,5,Y_gdp_growth,-0.04670552049776577,-0.0781384172380312,0.03449795297481146,-0.0531705499085085,0.026667003061130602,"All rows use rdhte, whose bias-correction bandwidth equals h (vce HC3); the headline rdrobust estimate (pooled_rdrobust_*) estimates it separately (vce NN), so its bias-corrected effect differs. Compare rows with pooled_estimate_bc.",none,none,W_lev_Y_freexp,FALSE,1207,effect at cutoff-mean W,-0.04991728849378334,-0.08258816296341298,0.03777338056070072,-0.15662262843671176,-0.008553697490114212,0.02878549499175123,20.747587102923198,672,0.8108902188782353,0.19618580570127758,NA,-0.11914386122474073,0.04734301734695772,-0.21193447014423283,-0.026353252305248612,0.01184902591411821,10.373793551461599,420
Country history: levels at t-1,Level at t-1: V-Dem mid-level: electoral component: Expression & alt. info,full,antiplural_gapany_illibany_exclyr,5,Y_gdp_growth,-0.04670552049776577,-0.0781384172380312,0.03449795297481146,-0.0531705499085085,0.026667003061130602,"All rows use rdhte, whose bias-correction bandwidth equals h (vce HC3); the headline rdrobust estimate (pooled_rdrobust_*) estimates it separately (vce NN), so its bias-corrected effect differs. Compare rows with pooled_estimate_bc.",none,none,W_lev_Y_freexp,FALSE,1207,slope per SD of W,0.047373396128304955,0.11687803140597007,0.07650781052933597,-0.033074521767542706,0.26683058457948283,0.12659662056441948,20.747587102923198,672,0.8108902188782353,0.19618580570127758,NA,0.10300930473130741,0.08205666904679033,-0.05781881129172424,0.2638374207543391,0.209354096422066,10.373793551461599,420
Country history: 5-year pre-trends,5-yr pre-trend: V-Dem mid-level: electoral component: Expression & alt. info,full,antiplural_gapany_illibany_exclyr,5,Y_gdp_growth,-0.04670552049776577,-0.0781384172380312,0.03449795297481146,-0.0531705499085085,0.026667003061130602,"All rows use rdhte, whose bias-correction bandwidth equals h (vce HC3); the headline rdrobust estimate (pooled_rdrobust_*) estimates it separately (vce NN), so its bias-corrected effect differs. Compare rows with pooled_estimate_bc.",none,none,W_pre5_Y_freexp,FALSE,1196,effect at cutoff-mean W,-0.046349212842614895,-0.07555183908091316,0.03283518762474306,-0.13990762425102482,-0.011196053910801501,0.021394949631648046,20.94058927569325,671,0.05066498634695018,0.1489101378165235,NA,-0.12053067663375219,0.04631899714526518,-0.2113142428384855,-0.029747110429018883,0.009263141873483911,10.470294637846624,425
Country history: 5-year pre-trends,5-yr pre-trend: V-Dem mid-level: electoral component: Expression & alt. info,full,antiplural_gapany_illibany_exclyr,5,Y_gdp_growth,-0.04670552049776577,-0.0781384172380312,0.03449795297481146,-0.0531705499085085,0.026667003061130602,"All rows use rdhte, whose bias-correction bandwidth equals h (vce HC3); the headline rdrobust estimate (pooled_rdrobust_*) estimates it separately (vce NN), so its bias-corrected effect differs. Compare rows with pooled_estimate_bc.",none,none,W_pre5_Y_freexp,FALSE,1196,slope per SD of W,0.04658455177616923,0.08025502007041108,0.036759446704613404,0.008207828437749254,0.1523022117030729,0.02901748845506286,20.94058927569325,671,0.05066498634695018,0.1489101378165235,NA,0.04142222645641051,0.04899681855557221,-0.05460977326955482,0.13745422618237585,0.39788394427675405,10.470294637846624,425
Country history: levels at t-1,Level at t-1: V-Dem mid-level: liberal component (see also Executive constraints),full,antiplural_gapany_illibany_exclyr,5,Y_gdp_growth,-0.04670552049776577,-0.0781384172380312,0.03449795297481146,-0.0531705499085085,0.026667003061130602,"All rows use rdhte, whose bias-correction bandwidth equals h (vce HC3); the headline rdrobust estimate (pooled_rdrobust_*) estimates it separately (vce NN), so its bias-corrected effect differs. Compare rows with pooled_estimate_bc.",none,none,W_lev_Y_cl_rol,FALSE,1207,effect at cutoff-mean W,-0.04947800322235368,-0.07798718024571781,0.03642797884633234,-0.14938470681411611,-0.006589653677319507,0.03228537960460844,20.747587102923198,672,0.7919380406819418,0.21995971446214566,NA,-0.11714507376441988,0.05040684799141035,-0.21594068040176928,-0.01834946712707046,0.020125962913271598,10.373793551461599,420
Country history: levels at t-1,Level at t-1: V-Dem mid-level: liberal component (see also Executive constraints),full,antiplural_gapany_illibany_exclyr,5,Y_gdp_growth,-0.04670552049776577,-0.0781384172380312,0.03449795297481146,-0.0531705499085085,0.026667003061130602,"All rows use rdhte, whose bias-correction bandwidth equals h (vce HC3); the headline rdrobust estimate (pooled_rdrobust_*) estimates it separately (vce NN), so its bias-corrected effect differs. Compare rows with pooled_estimate_bc.",none,none,W_lev_Y_cl_rol,FALSE,1207,slope per SD of W,0.016839388536211048,0.06275673845480266,0.05099059026397379,-0.037182982013024654,0.16269645892262996,0.21841587141517485,20.747587102923198,672,0.7919380406819418,0.21995971446214566,NA,0.05215268743873705,0.07353459187171171,-0.09197246424766967,0.19627783912514377,0.4781838786748648,10.373793551461599,420
Country history: 5-year pre-trends,5-yr pre-trend: V-Dem mid-level: liberal component (see also Executive constraints),full,antiplural_gapany_illibany_exclyr,5,Y_gdp_growth,-0.04670552049776577,-0.0781384172380312,0.03449795297481146,-0.0531705499085085,0.026667003061130602,"All rows use rdhte, whose bias-correction bandwidth equals h (vce HC3); the headline rdrobust estimate (pooled_rdrobust_*) estimates it separately (vce NN), so its bias-corrected effect differs. Compare rows with pooled_estimate_bc.",none,none,W_pre5_Y_cl_rol,FALSE,1196,effect at cutoff-mean W,-0.048165958052368556,-0.08140113403243414,0.034154785753529544,-0.14834328400903374,-0.014458984055834526,0.017158159843246965,20.94058927569325,671,0.03862677149015415,0.11759096887534091,NA,-0.13101650628348704,0.04941991350659687,-0.22787775687550144,-0.03415525569147264,0.008023309423557452,10.470294637846624,425
Country history: 5-year pre-trends,5-yr pre-trend: V-Dem mid-level: liberal component (see also Executive constraints),full,antiplural_gapany_illibany_exclyr,5,Y_gdp_growth,-0.04670552049776577,-0.0781384172380312,0.03449795297481146,-0.0531705499085085,0.026667003061130602,"All rows use rdhte, whose bias-correction bandwidth equals h (vce HC3); the headline rdrobust estimate (pooled_rdrobust_*) estimates it separately (vce NN), so its bias-corrected effect differs. Compare rows with pooled_estimate_bc.",none,none,W_pre5_Y_cl_rol,FALSE,1196,slope per SD of W,0.040498434525312606,0.05946677103774045,0.029165689750888096,0.002303069541730818,0.11663047253375008,0.041457112747163384,20.94058927569325,671,0.03862677149015415,0.11759096887534091,NA,0.025885086955726538,0.02694679664560491,-0.026929663968383807,0.07869983787983688,0.3367534388637389,10.470294637846624,425
Country history: levels at t-1,Level at t-1: Executive constraints: Judicial constraints,full,antiplural_gapany_illibany_exclyr,5,Y_gdp_growth,-0.04670552049776577,-0.0781384172380312,0.03449795297481146,-0.0531705499085085,0.026667003061130602,"All rows use rdhte, whose bias-correction bandwidth equals h (vce HC3); the headline rdrobust estimate (pooled_rdrobust_*) estimates it separately (vce NN), so its bias-corrected effect differs. Compare rows with pooled_estimate_bc.",none,none,W_lev_Y_jucon,FALSE,1207,effect at cutoff-mean W,-0.04916412581859535,-0.08319728557724845,0.03946556587901967,-0.16054837332961983,-0.005846197824877081,0.03502250228468638,20.747587102923198,672,0.7380971768645025,0.24127172691431603,NA,-0.12666317312699477,0.054562873428997676,-0.23360443994084767,-0.01972190631314187,0.02026435762496988,10.373793551461599,420
Country history: levels at t-1,Level at t-1: Executive constraints: Judicial constraints,full,antiplural_gapany_illibany_exclyr,5,Y_gdp_growth,-0.04670552049776577,-0.0781384172380312,0.03449795297481146,-0.0531705499085085,0.026667003061130602,"All rows use rdhte, whose bias-correction bandwidth equals h (vce HC3); the headline rdrobust estimate (pooled_rdrobust_*) estimates it separately (vce NN), so its bias-corrected effect differs. Compare rows with pooled_estimate_bc.",none,none,W_lev_Y_jucon,FALSE,1207,slope per SD of W,0.019481084724633824,0.07068514614148251,0.0653466943546738,-0.057392021302424975,0.19876231358538998,0.2793883912938679,20.747587102923198,672,0.7380971768645025,0.24127172691431603,NA,0.06811916264017134,0.09301715215070423,-0.11419110551969133,0.250429430800034,0.4639677525906312,10.373793551461599,420
Country history: 5-year pre-trends,5-yr pre-trend: Executive constraints: Judicial constraints,full,antiplural_gapany_illibany_exclyr,5,Y_gdp_growth,-0.04670552049776577,-0.0781384172380312,0.03449795297481146,-0.0531705499085085,0.026667003061130602,"All rows use rdhte, whose bias-correction bandwidth equals h (vce HC3); the headline rdrobust estimate (pooled_rdrobust_*) estimates it separately (vce NN), so its bias-corrected effect differs. Compare rows with pooled_estimate_bc.",none,none,W_pre5_Y_jucon,FALSE,1196,effect at cutoff-mean W,-0.04908527856853426,-0.07878951255438849,0.03353587359983004,-0.14451861700014296,-0.013060408108634014,0.018803195591669864,20.94058927569325,671,0.030919749445885252,0.11919896471467857,NA,-0.12227276388930235,0.048214088276320614,-0.21677064045832556,-0.02777488732027912,0.011211454183263749,10.470294637846624,425
Country history: 5-year pre-trends,5-yr pre-trend: Executive constraints: Judicial constraints,full,antiplural_gapany_illibany_exclyr,5,Y_gdp_growth,-0.04670552049776577,-0.0781384172380312,0.03449795297481146,-0.0531705499085085,0.026667003061130602,"All rows use rdhte, whose bias-correction bandwidth equals h (vce HC3); the headline rdrobust estimate (pooled_rdrobust_*) estimates it separately (vce NN), so its bias-corrected effect differs. Compare rows with pooled_estimate_bc.",none,none,W_pre5_Y_jucon,FALSE,1196,slope per SD of W,0.050390192436330764,0.0884008887611702,0.048021835615818305,-0.005720179517336499,0.18252195703967689,0.06564387091472322,20.94058927569325,671,0.030919749445885252,0.11919896471467857,NA,0.06452539512864747,0.06337326335416431,-0.059683918628286564,0.1887347088855815,0.3085923784190632,10.470294637846624,425
Country history: levels at t-1,Level at t-1: Executive constraints: Legislative constraints,full,antiplural_gapany_illibany_exclyr,5,Y_gdp_growth,-0.04670552049776577,-0.0781384172380312,0.03449795297481146,-0.0531705499085085,0.026667003061130602,"All rows use rdhte, whose bias-correction bandwidth equals h (vce HC3); the headline rdrobust estimate (pooled_rdrobust_*) estimates it separately (vce NN), so its bias-corrected effect differs. Compare rows with pooled_estimate_bc.",none,none,W_lev_Y_legcon,FALSE,1185,effect at cutoff-mean W,-0.05463269418630659,-0.08620735768099604,0.03695068852210075,-0.15862937638827102,-0.013785338973721042,0.019646154920939456,20.979154885275545,663,0.7145976078601987,0.2607674926357759,NA,-0.13445071825409768,0.05447517624927079,-0.24122010175414016,-0.027681334754055223,0.013582863536831113,10.489577442637772,420
Country history: levels at t-1,Level at t-1: Executive constraints: Legislative constraints,full,antiplural_gapany_illibany_exclyr,5,Y_gdp_growth,-0.04670552049776577,-0.0781384172380312,0.03449795297481146,-0.0531705499085085,0.026667003061130602,"All rows use rdhte, whose bias-correction bandwidth equals h (vce HC3); the headline rdrobust estimate (pooled_rdrobust_*) estimates it separately (vce NN), so its bias-corrected effect differs. Compare rows with pooled_estimate_bc.",none,none,W_lev_Y_legcon,FALSE,1185,slope per SD of W,0.05419859938268155,0.0902382243321173,0.04330478600017475,0.005362403413560479,0.17511404525067412,0.03717897009213216,20.979154885275545,663,0.7145976078601987,0.2607674926357759,NA,0.08794191589960933,0.06697944616241802,-0.04333538628316948,0.21921921808238815,0.18919349768738375,10.489577442637772,420
Country history: 5-year pre-trends,5-yr pre-trend: Executive constraints: Legislative constraints,full,antiplural_gapany_illibany_exclyr,5,Y_gdp_growth,-0.04670552049776577,-0.0781384172380312,0.03449795297481146,-0.0531705499085085,0.026667003061130602,"All rows use rdhte, whose bias-correction bandwidth equals h (vce HC3); the headline rdrobust estimate (pooled_rdrobust_*) estimates it separately (vce NN), so its bias-corrected effect differs. Compare rows with pooled_estimate_bc.",none,none,W_pre5_Y_legcon,FALSE,1151,effect at cutoff-mean W,-0.055165831632279075,-0.09376981658139438,0.03649463041923794,-0.16529797783220063,-0.02224165533058814,0.010187065546837815,18.527772956649315,590,0.04410266120516011,0.1319864128325179,NA,-0.137083831775483,0.05346205335074385,-0.24186753088249985,-0.03230013266846617,0.010343380902421106,9.263886478324658,372
Country history: 5-year pre-trends,5-yr pre-trend: Executive constraints: Legislative constraints,full,antiplural_gapany_illibany_exclyr,5,Y_gdp_growth,-0.04670552049776577,-0.0781384172380312,0.03449795297481146,-0.0531705499085085,0.026667003061130602,"All rows use rdhte, whose bias-correction bandwidth equals h (vce HC3); the headline rdrobust estimate (pooled_rdrobust_*) estimates it separately (vce NN), so its bias-corrected effect differs. Compare rows with pooled_estimate_bc.",none,none,W_pre5_Y_legcon,FALSE,1151,slope per SD of W,0.041461579131868445,0.04650139288047638,0.035633754927206544,-0.023339483410775123,0.11634226917172788,0.19189912894774427,18.527772956649315,590,0.04410266120516011,0.1319864128325179,NA,-0.020287193731790904,0.047771968810133625,-0.11391853207022355,0.07334414460664175,0.6710792137620178,9.263886478324658,372
Country history: levels at t-1,Level at t-1: V-Dem mid-level: participatory component: Civil society,full,antiplural_gapany_illibany_exclyr,5,Y_gdp_growth,-0.04670552049776577,-0.0781384172380312,0.03449795297481146,-0.0531705499085085,0.026667003061130602,"All rows use rdhte, whose bias-correction bandwidth equals h (vce HC3); the headline rdrobust estimate (pooled_rdrobust_*) estimates it separately (vce NN), so its bias-corrected effect differs. Compare rows with pooled_estimate_bc.",none,none,W_lev_Y_cspart,FALSE,1207,effect at cutoff-mean W,-0.04405243955536451,-0.07566682296071485,0.035546422976295455,-0.145336531773481,-0.005997114147948707,0.0332810630320951,20.747587102923198,672,0.7772692825093147,0.1853911021321793,NA,-0.1123556903431508,0.05253611662705223,-0.21532458681976901,-0.009386793866532558,0.03246506695116311,10.373793551461599,420
Country history: levels at t-1,Level at t-1: V-Dem mid-level: participatory component: Civil society,full,antiplural_gapany_illibany_exclyr,5,Y_gdp_growth,-0.04670552049776577,-0.0781384172380312,0.03449795297481146,-0.0531705499085085,0.026667003061130602,"All rows use rdhte, whose bias-correction bandwidth equals h (vce HC3); the headline rdrobust estimate (pooled_rdrobust_*) estimates it separately (vce NN), so its bias-corrected effect differs. Compare rows with pooled_estimate_bc.",none,none,W_lev_Y_cspart,FALSE,1207,slope per SD of W,-0.007364183495258327,0.03295195454955134,0.03837416348579904,-0.04226002381946678,0.10816393291856946,0.3905051823884753,20.747587102923198,672,0.7772692825093147,0.1853911021321793,NA,-0.030553160414288776,0.04844303889789955,-0.12549977195584477,0.06439345112726721,0.5282348660353389,10.373793551461599,420
Country history: 5-year pre-trends,5-yr pre-trend: V-Dem mid-level: participatory component: Civil society,full,antiplural_gapany_illibany_exclyr,5,Y_gdp_growth,-0.04670552049776577,-0.0781384172380312,0.03449795297481146,-0.0531705499085085,0.026667003061130602,"All rows use rdhte, whose bias-correction bandwidth equals h (vce HC3); the headline rdrobust estimate (pooled_rdrobust_*) estimates it separately (vce NN), so its bias-corrected effect differs. Compare rows with pooled_estimate_bc.",none,none,W_pre5_Y_cspart,FALSE,1196,effect at cutoff-mean W,-0.04689174165266287,-0.07772146780931494,0.034261144015970496,-0.14487207614975706,-0.010570859468872804,0.023298637755495604,20.94058927569325,671,0.04325459692038705,0.12377114775677067,NA,-0.12181847113407994,0.04848801416996111,-0.2168532325890715,-0.026783709679088386,0.011993282040038297,10.470294637846624,425
Country history: 5-year pre-trends,5-yr pre-trend: V-Dem mid-level: participatory component: Civil society,full,antiplural_gapany_illibany_exclyr,5,Y_gdp_growth,-0.04670552049776577,-0.0781384172380312,0.03449795297481146,-0.0531705499085085,0.026667003061130602,"All rows use rdhte, whose bias-correction bandwidth equals h (vce HC3); the headline rdrobust estimate (pooled_rdrobust_*) estimates it separately (vce NN), so its bias-corrected effect differs. Compare rows with pooled_estimate_bc.",none,none,W_pre5_Y_cspart,FALSE,1196,slope per SD of W,0.036270144982510764,0.06026017552650184,0.04277702842683103,-0.023581259555733036,0.14410161060873672,0.15892268072550814,20.94058927569325,671,0.04325459692038705,0.12377114775677067,NA,0.0011523401962266013,0.056813466967729,-0.11020000889737823,0.11250468928983144,0.9838177202949167,10.470294637846624,425
Country history: levels at t-1,Level at t-1: V-Dem mid-level: participatory component: Direct democracy,full,antiplural_gapany_illibany_exclyr,5,Y_gdp_growth,-0.04670552049776577,-0.0781384172380312,0.03449795297481146,-0.0531705499085085,0.026667003061130602,"All rows use rdhte, whose bias-correction bandwidth equals h (vce HC3); the headline rdrobust estimate (pooled_rdrobust_*) estimates it separately (vce NN), so its bias-corrected effect differs. Compare rows with pooled_estimate_bc.",none,none,W_lev_Y_dd,FALSE,1207,effect at cutoff-mean W,-0.04535825210275948,-0.07395342787630149,0.036625199271336166,-0.14573749937472297,-0.0021693563778800024,0.04346693132024255,20.747587102923198,672,0.10870393928828952,0.15440534944872641,NA,-0.11389679997890052,0.05438713003961823,-0.22049361607904872,-0.007299983878752345,0.03624335928650275,10.373793551461599,420
Country history: levels at t-1,Level at t-1: V-Dem mid-level: participatory component: Direct democracy,full,antiplural_gapany_illibany_exclyr,5,Y_gdp_growth,-0.04670552049776577,-0.0781384172380312,0.03449795297481146,-0.0531705499085085,0.026667003061130602,"All rows use rdhte, whose bias-correction bandwidth equals h (vce HC3); the headline rdrobust estimate (pooled_rdrobust_*) estimates it separately (vce NN), so its bias-corrected effect differs. Compare rows with pooled_estimate_bc.",none,none,W_lev_Y_dd,FALSE,1207,slope per SD of W,0.010587045082852695,0.03401772857055201,0.038298221418458636,-0.04104540608156739,0.10908086322267141,0.3744156493077841,20.747587102923198,672,0.10870393928828952,0.15440534944872641,NA,0.018224847392722926,0.045891234646010935,-0.07172031971953521,0.10817001450498107,0.6912706120850424,10.373793551461599,420
Country history: 5-year pre-trends,5-yr pre-trend: V-Dem mid-level: participatory component: Direct democracy,full,antiplural_gapany_illibany_exclyr,5,Y_gdp_growth,-0.04670552049776577,-0.0781384172380312,0.03449795297481146,-0.0531705499085085,0.026667003061130602,"All rows use rdhte, whose bias-correction bandwidth equals h (vce HC3); the headline rdrobust estimate (pooled_rdrobust_*) estimates it separately (vce NN), so its bias-corrected effect differs. Compare rows with pooled_estimate_bc.",none,none,W_pre5_Y_dd,FALSE,1196,effect at cutoff-mean W,-0.05489404184343526,-0.09322117880475865,0.04177015502708663,-0.1750891782865031,-0.011353179323014204,0.02563048480726743,20.94058927569325,671,0.011641820827105739,0.07054794864775865,NA,-0.1174467768526186,0.05245912679407367,-0.22026477602942313,-0.014628777675814095,0.025167339313880623,10.470294637846624,425
Country history: 5-year pre-trends,5-yr pre-trend: V-Dem mid-level: participatory component: Direct democracy,full,antiplural_gapany_illibany_exclyr,5,Y_gdp_growth,-0.04670552049776577,-0.0781384172380312,0.03449795297481146,-0.0531705499085085,0.026667003061130602,"All rows use rdhte, whose bias-correction bandwidth equals h (vce HC3); the headline rdrobust estimate (pooled_rdrobust_*) estimates it separately (vce NN), so its bias-corrected effect differs. Compare rows with pooled_estimate_bc.",none,none,W_pre5_Y_dd,FALSE,1196,slope per SD of W,0.013831506208173994,-0.0019880712348152095,0.06859069843567164,-0.1364233698431794,0.132447227373549,0.9768769045174432,20.94058927569325,671,0.011641820827105739,0.07054794864775865,NA,0.03846140213719359,0.06607113316850802,-0.09103563929083186,0.16795844356521905,0.5604850991429424,10.470294637846624,425
Country history: levels at t-1,Level at t-1: V-Dem mid-level: participatory component: Local elections,full,antiplural_gapany_illibany_exclyr,5,Y_gdp_growth,-0.04670552049776577,-0.0781384172380312,0.03449795297481146,-0.0531705499085085,0.026667003061130602,"All rows use rdhte, whose bias-correction bandwidth equals h (vce HC3); the headline rdrobust estimate (pooled_rdrobust_*) estimates it separately (vce NN), so its bias-corrected effect differs. Compare rows with pooled_estimate_bc.",none,none,W_lev_Y_locelec,FALSE,1198,effect at cutoff-mean W,-0.050753939678866176,-0.08172848823195449,0.03484321321039977,-0.15001993122998825,-0.013437045233920725,0.018996120251438032,20.670564391962813,671,0.7978288870500331,0.28115429069747644,NA,-0.12247872895673576,0.051633760379942606,-0.2236790396877944,-0.02127841822567711,0.017688892161515327,10.335282195981407,420
Country history: levels at t-1,Level at t-1: V-Dem mid-level: participatory component: Local elections,full,antiplural_gapany_illibany_exclyr,5,Y_gdp_growth,-0.04670552049776577,-0.0781384172380312,0.03449795297481146,-0.0531705499085085,0.026667003061130602,"All rows use rdhte, whose bias-correction bandwidth equals h (vce HC3); the headline rdrobust estimate (pooled_rdrobust_*) estimates it separately (vce NN), so its bias-corrected effect differs. Compare rows with pooled_estimate_bc.",none,none,W_lev_Y_locelec,FALSE,1198,slope per SD of W,-0.004937379194695936,-0.0018027054927466542,0.03797830929412022,-0.07623882390294506,0.07263341291745176,0.9621412599057555,20.670564391962813,671,0.7978288870500331,0.28115429069747644,NA,-0.007120030587946157,0.040645631241441785,-0.08678400395006808,0.07254394277417575,0.8609434396071998,10.335282195981407,420
Country history: 5-year pre-trends,5-yr pre-trend: V-Dem mid-level: participatory component: Local elections,full,antiplural_gapany_illibany_exclyr,5,Y_gdp_growth,-0.04670552049776577,-0.0781384172380312,0.03449795297481146,-0.0531705499085085,0.026667003061130602,"All rows use rdhte, whose bias-correction bandwidth equals h (vce HC3); the headline rdrobust estimate (pooled_rdrobust_*) estimates it separately (vce NN), so its bias-corrected effect differs. Compare rows with pooled_estimate_bc.",none,none,W_pre5_Y_locelec,FALSE,1184,effect at cutoff-mean W,-0.05118247795119414,-0.08585101806266959,0.03501663914805179,-0.1544823696524864,-0.017219666472852793,0.014217498037371996,20.984004012681776,670,0.034982217204057454,0.1317647195284242,NA,-0.12276933751448595,0.05163950795191752,-0.22398091327961397,-0.021557761749357918,0.01743373135433168,10.492002006340888,425
Country history: 5-year pre-trends,5-yr pre-trend: V-Dem mid-level: participatory component: Local elections,full,antiplural_gapany_illibany_exclyr,5,Y_gdp_growth,-0.04670552049776577,-0.0781384172380312,0.03449795297481146,-0.0531705499085085,0.026667003061130602,"All rows use rdhte, whose bias-correction bandwidth equals h (vce HC3); the headline rdrobust estimate (pooled_rdrobust_*) estimates it separately (vce NN), so its bias-corrected effect differs. Compare rows with pooled_estimate_bc.",none,none,W_pre5_Y_locelec,FALSE,1184,slope per SD of W,0.01140897202181342,-0.016963798007890385,0.021758575447778237,-0.059609822240433194,0.025682226224652424,0.4356043673413917,20.984004012681776,670,0.034982217204057454,0.1317647195284242,NA,-0.03625647453582828,0.021389975149184785,-0.07818005545843722,0.005667106386780654,0.09007128220565377,10.492002006340888,425
Country history: levels at t-1,Level at t-1: V-Dem mid-level: participatory component: Regional elections,full,antiplural_gapany_illibany_exclyr,5,Y_gdp_growth,-0.04670552049776577,-0.0781384172380312,0.03449795297481146,-0.0531705499085085,0.026667003061130602,"All rows use rdhte, whose bias-correction bandwidth equals h (vce HC3); the headline rdrobust estimate (pooled_rdrobust_*) estimates it separately (vce NN), so its bias-corrected effect differs. Compare rows with pooled_estimate_bc.",none,none,W_lev_Y_regelec,FALSE,1207,effect at cutoff-mean W,-0.046093876973124996,-0.07834661307219638,0.03525627085517763,-0.1474476341775337,-0.009245591966859076,0.026269547267116496,20.747587102923198,672,0.44618851219974304,0.4061988663903202,NA,-0.12244623980476127,0.04939889783287876,-0.21926630043317735,-0.0256261791763452,0.013185324397739414,10.373793551461599,420
Country history: levels at t-1,Level at t-1: V-Dem mid-level: participatory component: Regional elections,full,antiplural_gapany_illibany_exclyr,5,Y_gdp_growth,-0.04670552049776577,-0.0781384172380312,0.03449795297481146,-0.0531705499085085,0.026667003061130602,"All rows use rdhte, whose bias-correction bandwidth equals h (vce HC3); the headline rdrobust estimate (pooled_rdrobust_*) estimates it separately (vce NN), so its bias-corrected effect differs. Compare rows with pooled_estimate_bc.",none,none,W_lev_Y_regelec,FALSE,1207,slope per SD of W,-0.0032870009620323865,0.01631857574314727,0.03148923663306707,-0.04539919395832348,0.07803634544461802,0.6042998298179967,20.747587102923198,672,0.44618851219974304,0.4061988663903202,NA,0.03156857417547153,0.041372210447887574,-0.049519468263199834,0.11265661661414289,0.44544065501771024,10.373793551461599,420
Country history: 5-year pre-trends,5-yr pre-trend: V-Dem mid-level: participatory component: Regional elections,full,antiplural_gapany_illibany_exclyr,5,Y_gdp_growth,-0.04670552049776577,-0.0781384172380312,0.03449795297481146,-0.0531705499085085,0.026667003061130602,"All rows use rdhte, whose bias-correction bandwidth equals h (vce HC3); the headline rdrobust estimate (pooled_rdrobust_*) estimates it separately (vce NN), so its bias-corrected effect differs. Compare rows with pooled_estimate_bc.",none,none,W_pre5_Y_regelec,FALSE,1196,effect at cutoff-mean W,-0.05042977062575933,-0.08261091213006892,0.035579693218382336,-0.15234582941908228,-0.01287599484105556,0.02024070894022378,20.94058927569325,671,0.02553677938233877,0.13192778307945155,NA,-0.12060178536114864,0.05231811261828923,-0.22314340183210607,-0.018060168890191228,0.02115743774032846,10.470294637846624,425
Country history: 5-year pre-trends,5-yr pre-trend: V-Dem mid-level: participatory component: Regional elections,full,antiplural_gapany_illibany_exclyr,5,Y_gdp_growth,-0.04670552049776577,-0.0781384172380312,0.03449795297481146,-0.0531705499085085,0.026667003061130602,"All rows use rdhte, whose bias-correction bandwidth equals h (vce HC3); the headline rdrobust estimate (pooled_rdrobust_*) estimates it separately (vce NN), so its bias-corrected effect differs. Compare rows with pooled_estimate_bc.",none,none,W_pre5_Y_regelec,FALSE,1196,slope per SD of W,0.002587149835777737,-0.016773482111486243,0.030781477611194638,-0.07710406962035374,0.043557105397381245,0.5858076613970566,20.94058927569325,671,0.02553677938233877,0.13192778307945155,NA,-0.03979348059497951,0.017124708510825364,-0.07335729252194376,-0.006229668668015269,0.020139087376248574,10.470294637846624,425
Country history: levels at t-1,Level at t-1: V-Dem mid-level: deliberative and egalitarian components: Deliberation,full,antiplural_gapany_illibany_exclyr,5,Y_gdp_growth,-0.04670552049776577,-0.0781384172380312,0.03449795297481146,-0.0531705499085085,0.026667003061130602,"All rows use rdhte, whose bias-correction bandwidth equals h (vce HC3); the headline rdrobust estimate (pooled_rdrobust_*) estimates it separately (vce NN), so its bias-corrected effect differs. Compare rows with pooled_estimate_bc.",none,none,W_lev_Y_delib,FALSE,1207,effect at cutoff-mean W,-0.04844745440612353,-0.08359935828536055,0.03708069740986245,-0.1562761897303186,-0.0109225268404025,0.024163161501349388,20.747587102923198,672,0.7448133907305944,0.21703874651923488,NA,-0.12610872147677257,0.05338933465441694,-0.23074989455798595,-0.021467548395559186,0.018173783533510936,10.373793551461599,420
Country history: levels at t-1,Level at t-1: V-Dem mid-level: deliberative and egalitarian components: Deliberation,full,antiplural_gapany_illibany_exclyr,5,Y_gdp_growth,-0.04670552049776577,-0.0781384172380312,0.03449795297481146,-0.0531705499085085,0.026667003061130602,"All rows use rdhte, whose bias-correction bandwidth equals h (vce HC3); the headline rdrobust estimate (pooled_rdrobust_*) estimates it separately (vce NN), so its bias-corrected effect differs. Compare rows with pooled_estimate_bc.",none,none,W_lev_Y_delib,FALSE,1207,slope per SD of W,0.025614849360037686,0.08606582324563394,0.04858013011475819,-0.00914948214356176,0.18128112863482965,0.07645665516896928,20.747587102923198,672,0.7448133907305944,0.21703874651923488,NA,0.0604383748392681,0.0723731878872045,-0.08141046686600316,0.20228721654453935,0.4036650968042798,10.373793551461599,420
Country history: 5-year pre-trends,5-yr pre-trend: V-Dem mid-level: deliberative and egalitarian components: Deliberation,full,antiplural_gapany_illibany_exclyr,5,Y_gdp_growth,-0.04670552049776577,-0.0781384172380312,0.03449795297481146,-0.0531705499085085,0.026667003061130602,"All rows use rdhte, whose bias-correction bandwidth equals h (vce HC3); the headline rdrobust estimate (pooled_rdrobust_*) estimates it separately (vce NN), so its bias-corrected effect differs. Compare rows with pooled_estimate_bc.",none,none,W_pre5_Y_delib,FALSE,1196,effect at cutoff-mean W,-0.047616952610614535,-0.07938310233955514,0.03428804441144126,-0.14658643448628988,-0.012179770192820419,0.02060291152551379,20.94058927569325,671,0.046773780983066476,0.1547767067524467,NA,-0.1251059215859035,0.05041872958292363,-0.22392481571469797,-0.026287027457109036,0.013089010500387304,10.470294637846624,425
Country history: 5-year pre-trends,5-yr pre-trend: V-Dem mid-level: deliberative and egalitarian components: Deliberation,full,antiplural_gapany_illibany_exclyr,5,Y_gdp_growth,-0.04670552049776577,-0.0781384172380312,0.03449795297481146,-0.0531705499085085,0.026667003061130602,"All rows use rdhte, whose bias-correction bandwidth equals h (vce HC3); the headline rdrobust estimate (pooled_rdrobust_*) estimates it separately (vce NN), so its bias-corrected effect differs. Compare rows with pooled_estimate_bc.",none,none,W_pre5_Y_delib,FALSE,1196,slope per SD of W,0.03857580998154785,0.06539724281386403,0.029710177457374542,0.007166365023116149,0.1236281206046119,0.027723773298224036,20.94058927569325,671,0.046773780983066476,0.1547767067524467,NA,0.00588573096893375,0.04195926253276174,-0.07635291241314013,0.08812437435100762,0.8884446853618709,10.470294637846624,425
Country history: levels at t-1,Level at t-1: V-Dem mid-level: deliberative and egalitarian components: Equal protection,full,antiplural_gapany_illibany_exclyr,5,Y_gdp_growth,-0.04670552049776577,-0.0781384172380312,0.03449795297481146,-0.0531705499085085,0.026667003061130602,"All rows use rdhte, whose bias-correction bandwidth equals h (vce HC3); the headline rdrobust estimate (pooled_rdrobust_*) estimates it separately (vce NN), so its bias-corrected effect differs. Compare rows with pooled_estimate_bc.",none,none,W_lev_Y_eqprotec,FALSE,1207,effect at cutoff-mean W,-0.05045938905615095,-0.07922787479933317,0.03452399967816431,-0.14689367077080762,-0.01156207882785873,0.021740934761652824,20.747587102923198,672,0.7027662760205428,0.2537882152335757,NA,-0.11269763892919078,0.051413638826692414,-0.21346651934365804,-0.011928758514723525,0.028380991676371713,10.373793551461599,420
Country history: levels at t-1,Level at t-1: V-Dem mid-level: deliberative and egalitarian components: Equal protection,full,antiplural_gapany_illibany_exclyr,5,Y_gdp_growth,-0.04670552049776577,-0.0781384172380312,0.03449795297481146,-0.0531705499085085,0.026667003061130602,"All rows use rdhte, whose bias-correction bandwidth equals h (vce HC3); the headline rdrobust estimate (pooled_rdrobust_*) estimates it separately (vce NN), so its bias-corrected effect differs. Compare rows with pooled_estimate_bc.",none,none,W_lev_Y_eqprotec,FALSE,1207,slope per SD of W,0.01705195580013595,0.035367864901836264,0.02701658398882191,-0.017583666701556137,0.08831939650522866,0.19049477772360576,20.747587102923198,672,0.7027662760205428,0.2537882152335757,NA,-0.02265624206383123,0.040920914973477863,-0.10285976162627364,0.05754727749861119,0.5798120857280762,10.373793551461599,420
Country history: 5-year pre-trends,5-yr pre-trend: V-Dem mid-level: deliberative and egalitarian components: Equal protection,full,antiplural_gapany_illibany_exclyr,5,Y_gdp_growth,-0.04670552049776577,-0.0781384172380312,0.03449795297481146,-0.0531705499085085,0.026667003061130602,"All rows use rdhte, whose bias-correction bandwidth equals h (vce HC3); the headline rdrobust estimate (pooled_rdrobust_*) estimates it separately (vce NN), so its bias-corrected effect differs. Compare rows with pooled_estimate_bc.",none,none,W_pre5_Y_eqprotec,FALSE,1196,effect at cutoff-mean W,-0.05066493364090709,-0.08588679494449099,0.03394674868671514,-0.15242119976268503,-0.019352390126296956,0.011404796394907999,20.94058927569325,671,0.02121299797684868,0.06629169349389842,NA,-0.12636513203941405,0.049967770731605535,-0.2243001630611155,-0.02843010101771261,0.011440994541788088,10.470294637846624,425
Country history: 5-year pre-trends,5-yr pre-trend: V-Dem mid-level: deliberative and egalitarian components: Equal protection,full,antiplural_gapany_illibany_exclyr,5,Y_gdp_growth,-0.04670552049776577,-0.0781384172380312,0.03449795297481146,-0.0531705499085085,0.026667003061130602,"All rows use rdhte, whose bias-correction bandwidth equals h (vce HC3); the headline rdrobust estimate (pooled_rdrobust_*) estimates it separately (vce NN), so its bias-corrected effect differs. Compare rows with pooled_estimate_bc.",none,none,W_pre5_Y_eqprotec,FALSE,1196,slope per SD of W,0.02996412887310698,0.04568154892745941,0.03688913570047376,-0.026619828466279867,0.1179829263211987,0.2155874396253193,20.94058927569325,671,0.02121299797684868,0.06629169349389842,NA,0.03363494606638968,0.05305585708528319,-0.07035262298966957,0.13762251512244894,0.5261111719227605,10.470294637846624,425
Country history: levels at t-1,Level at t-1: V-Dem mid-level: deliberative and egalitarian components: Equal access,full,antiplural_gapany_illibany_exclyr,5,Y_gdp_growth,-0.04670552049776577,-0.0781384172380312,0.03449795297481146,-0.0531705499085085,0.026667003061130602,"All rows use rdhte, whose bias-correction bandwidth equals h (vce HC3); the headline rdrobust estimate (pooled_rdrobust_*) estimates it separately (vce NN), so its bias-corrected effect differs. Compare rows with pooled_estimate_bc.",none,none,W_lev_Y_eqaccess,FALSE,1207,effect at cutoff-mean W,-0.049883183239850845,-0.07946286491479676,0.034558142950194125,-0.147195580469764,-0.011730149359829523,0.02148244770084194,20.747587102923198,672,0.7060407420756768,0.1973803801414509,NA,-0.10456985306859583,0.04714151606669842,-0.196965526735941,-0.012174179401250651,0.026540414995554755,10.373793551461599,420
Country history: levels at t-1,Level at t-1: V-Dem mid-level: deliberative and egalitarian components: Equal access,full,antiplural_gapany_illibany_exclyr,5,Y_gdp_growth,-0.04670552049776577,-0.0781384172380312,0.03449795297481146,-0.0531705499085085,0.026667003061130602,"All rows use rdhte, whose bias-correction bandwidth equals h (vce HC3); the headline rdrobust estimate (pooled_rdrobust_*) estimates it separately (vce NN), so its bias-corrected effect differs. Compare rows with pooled_estimate_bc.",none,none,W_lev_Y_eqaccess,FALSE,1207,slope per SD of W,0.0394596829782661,0.06316701197096598,0.048382866721417096,-0.03166166427181302,0.157995688213745,0.19170028603504122,20.747587102923198,672,0.7060407420756768,0.1973803801414509,NA,0.021515253292938803,0.06815383663058457,-0.11206381191123357,0.15509431849711117,0.7522403949557814,10.373793551461599,420
Country history: 5-year pre-trends,5-yr pre-trend: V-Dem mid-level: deliberative and egalitarian components: Equal access,full,antiplural_gapany_illibany_exclyr,5,Y_gdp_growth,-0.04670552049776577,-0.0781384172380312,0.03449795297481146,-0.0531705499085085,0.026667003061130602,"All rows use rdhte, whose bias-correction bandwidth equals h (vce HC3); the headline rdrobust estimate (pooled_rdrobust_*) estimates it separately (vce NN), so its bias-corrected effect differs. Compare rows with pooled_estimate_bc.",none,none,W_pre5_Y_eqaccess,FALSE,1196,effect at cutoff-mean W,-0.045299673426728845,-0.07491659195406011,0.03355742985858234,-0.1406879458906105,-0.009145238017509716,0.02558266355288322,20.94058927569325,671,0.022565463889461162,0.07986911648285862,NA,-0.11778567809955282,0.04885168942958017,-0.21353322996546598,-0.02203812623363967,0.015905049671859288,10.470294637846624,425
Country history: 5-year pre-trends,5-yr pre-trend: V-Dem mid-level: deliberative and egalitarian components: Equal access,full,antiplural_gapany_illibany_exclyr,5,Y_gdp_growth,-0.04670552049776577,-0.0781384172380312,0.03449795297481146,-0.0531705499085085,0.026667003061130602,"All rows use rdhte, whose bias-correction bandwidth equals h (vce HC3); the headline rdrobust estimate (pooled_rdrobust_*) estimates it separately (vce NN), so its bias-corrected effect differs. Compare rows with pooled_estimate_bc.",none,none,W_pre5_Y_eqaccess,FALSE,1196,slope per SD of W,0.036983027260076996,0.034849004808367494,0.04232060291441601,-0.04809785270790869,0.11779586232464367,0.41025073804463735,20.94058927569325,671,0.022565463889461162,0.07986911648285862,NA,-6.117032961566489e-4,0.05282748643228081,-0.10415167409720535,0.10292826750489206,0.9907612922301244,10.470294637846624,425
Country history: levels at t-1,Level at t-1: V-Dem mid-level: deliberative and egalitarian components: Equal distribution,full,antiplural_gapany_illibany_exclyr,5,Y_gdp_growth,-0.04670552049776577,-0.0781384172380312,0.03449795297481146,-0.0531705499085085,0.026667003061130602,"All rows use rdhte, whose bias-correction bandwidth equals h (vce HC3); the headline rdrobust estimate (pooled_rdrobust_*) estimates it separately (vce NN), so its bias-corrected effect differs. Compare rows with pooled_estimate_bc.",none,none,W_lev_Y_eqdr,FALSE,1207,effect at cutoff-mean W,-0.047914418352611635,-0.07765687734672981,0.03494914115981869,-0.14615593531058083,-0.009157819382878796,0.026283526641599234,20.747587102923198,672,0.6673292084876233,0.2858272630871262,NA,-0.12222895136267098,0.051804052129636034,-0.22376302778999307,-0.020694874935348898,0.018302160770818972,10.373793551461599,420
Country history: levels at t-1,Level at t-1: V-Dem mid-level: deliberative and egalitarian components: Equal distribution,full,antiplural_gapany_illibany_exclyr,5,Y_gdp_growth,-0.04670552049776577,-0.0781384172380312,0.03449795297481146,-0.0531705499085085,0.026667003061130602,"All rows use rdhte, whose bias-correction bandwidth equals h (vce HC3); the headline rdrobust estimate (pooled_rdrobust_*) estimates it separately (vce NN), so its bias-corrected effect differs. Compare rows with pooled_estimate_bc.",none,none,W_lev_Y_eqdr,FALSE,1207,slope per SD of W,0.0064112353122787145,0.026347093083608043,0.032335179204966154,-0.0370286935917741,0.08972287975899018,0.4151799124602655,20.747587102923198,672,0.6673292084876233,0.2858272630871262,NA,-0.004291416762784795,0.04940351907453666,-0.1011205348584142,0.0925377013328446,0.9307791408091354,10.373793551461599,420
Country history: 5-year pre-trends,5-yr pre-trend: V-Dem mid-level: deliberative and egalitarian components: Equal distribution,full,antiplural_gapany_illibany_exclyr,5,Y_gdp_growth,-0.04670552049776577,-0.0781384172380312,0.03449795297481146,-0.0531705499085085,0.026667003061130602,"All rows use rdhte, whose bias-correction bandwidth equals h (vce HC3); the headline rdrobust estimate (pooled_rdrobust_*) estimates it separately (vce NN), so its bias-corrected effect differs. Compare rows with pooled_estimate_bc.",none,none,W_pre5_Y_eqdr,FALSE,1196,effect at cutoff-mean W,-0.044451349184580616,-0.06755229357405354,0.029829213922812466,-0.1260164785499067,-0.009088108598200383,0.02353506317184472,20.94058927569325,671,0.011583805230404818,0.048995343994154714,NA,-0.0999571038099554,0.042005224513719186,-0.18228583101936396,-0.017628376600546822,0.01732979238212964,10.470294637846624,425
Country history: 5-year pre-trends,5-yr pre-trend: V-Dem mid-level: deliberative and egalitarian components: Equal distribution,full,antiplural_gapany_illibany_exclyr,5,Y_gdp_growth,-0.04670552049776577,-0.0781384172380312,0.03449795297481146,-0.0531705499085085,0.026667003061130602,"All rows use rdhte, whose bias-correction bandwidth equals h (vce HC3); the headline rdrobust estimate (pooled_rdrobust_*) estimates it separately (vce NN), so its bias-corrected effect differs. Compare rows with pooled_estimate_bc.",none,none,W_pre5_Y_eqdr,FALSE,1196,slope per SD of W,0.04782653536110294,0.06731371569681148,0.06516710635664945,-0.06041146573891261,0.19503889713253558,0.30163194327646226,20.94058927569325,671,0.011583805230404818,0.048995343994154714,NA,0.06653942373009131,0.07923154878701226,-0.08875155833178089,0.2218304057919635,0.4010150902741413,10.470294637846624,425
Joint model,Joint: intercept,full,antiplural_gapany_illibany_exclyr,5,Y_gdp_growth,-0.04670552049776577,-0.0781384172380312,0.03449795297481146,-0.0531705499085085,0.026667003061130602,"All rows use rdhte, whose bias-correction bandwidth equals h (vce HC3); the headline rdrobust estimate (pooled_rdrobust_*) estimates it separately (vce NN), so its bias-corrected effect differs. Compare rows with pooled_estimate_bc.",none,none,(joint) intercept,FALSE,1187,effect at cutoff-mean W,-0.05342048613617609,-0.08361628672581159,0.03797697739970436,-0.15804979467092373,-0.009182778780699466,0.027682085509167637,20.861333711966488,664,NA,NA,NA,-0.11017160707852323,0.046911250811021175,-0.20211596913785013,-0.018227245019196356,0.01884862246003589,10.430666855983244,421
Joint model,Joint: Anti-pluralism gap: more- minus less-illiberal party,full,antiplural_gapany_illibany_exclyr,5,Y_gdp_growth,-0.04670552049776577,-0.0781384172380312,0.03449795297481146,-0.0531705499085085,0.026667003061130602,"All rows use rdhte, whose bias-correction bandwidth equals h (vce HC3); the headline rdrobust estimate (pooled_rdrobust_*) estimates it separately (vce NN), so its bias-corrected effect differs. Compare rows with pooled_estimate_bc.",none,none,(joint) W_gap_v2xpa_antiplural,FALSE,1187,slope per SD of W,-0.00827504730478789,-0.023431958902805985,0.037716264172868594,-0.09735447831302678,0.05049056050741481,0.5344224170250728,20.861333711966488,664,0.18272827678530557,0.20999587470580633,NA,0.02493378280896496,0.0431607552315076,-0.059659742990338625,0.10952730860826854,0.5634695811688253,10.430666855983244,421
Joint model,Joint: Populism gap: more- minus less-illiberal party,full,antiplural_gapany_illibany_exclyr,5,Y_gdp_growth,-0.04670552049776577,-0.0781384172380312,0.03449795297481146,-0.0531705499085085,0.026667003061130602,"All rows use rdhte, whose bias-correction bandwidth equals h (vce HC3); the headline rdrobust estimate (pooled_rdrobust_*) estimates it separately (vce NN), so its bias-corrected effect differs. Compare rows with pooled_estimate_bc.",none,none,(joint) W_gap_v2xpa_popul,FALSE,1187,slope per SD of W,0.08372229488966045,0.10638152437939259,0.05066043050866076,0.0070889051411233694,0.20567414361766181,0.0357381835035276,20.861333711966488,664,-0.040534593657346615,0.31987682389173855,NA,0.1718844102816288,0.054417623202719013,0.06522782868002837,0.2785409918832292,0.0015851985979108095,10.430666855983244,421
Joint model,Joint: Economic-left position gap: more- minus less-illiberal party (higher = further left),full,antiplural_gapany_illibany_exclyr,5,Y_gdp_growth,-0.04670552049776577,-0.0781384172380312,0.03449795297481146,-0.0531705499085085,0.026667003061130602,"All rows use rdhte, whose bias-correction bandwidth equals h (vce HC3); the headline rdrobust estimate (pooled_rdrobust_*) estimates it separately (vce NN), so its bias-corrected effect differs. Compare rows with pooled_estimate_bc.",none,none,(joint) W_gap_v2pariglef_neg,FALSE,1187,slope per SD of W,-0.07140026664109432,-0.10227259583450082,0.06277175702066559,-0.22530297884130462,0.020757787172302977,0.10325433934729619,20.861333711966488,664,-0.7881466476475911,2.0455209323647785,NA,-0.19674994194599385,0.06294711133368111,-0.3201240130908418,-0.07337587080114587,0.0017741924067477032,10.430666855983244,421
Joint model,Joint: 5-yr pre-trend: GDP per capita growth: PWT,full,antiplural_gapany_illibany_exclyr,5,Y_gdp_growth,-0.04670552049776577,-0.0781384172380312,0.03449795297481146,-0.0531705499085085,0.026667003061130602,"All rows use rdhte, whose bias-correction bandwidth equals h (vce HC3); the headline rdrobust estimate (pooled_rdrobust_*) estimates it separately (vce NN), so its bias-corrected effect differs. Compare rows with pooled_estimate_bc.",none,none,(joint) W_pre5_Y_gdp_growth,FALSE,1187,slope per SD of W,0.005830490900138686,0.03454524548896092,0.055352141775429096,-0.07394295885803503,0.14303344983595687,0.532562224675215,20.861333711966488,664,0.11460857242257012,0.13412619642655013,NA,0.0038325843572668676,0.05679061322946181,-0.10747497223242217,0.1151401409469559,0.9461946243077916,10.430666855983244,421
