subset,subset_label,window,treatment,outcome,outcome_label,panel,n_elections,first_stage_coef,first_stage_se,first_stage_pval,n_first_stage,n_outcome,n_outcome_treated,rd_estimate,rd_se,rd_pval,rd_ci_lo,rd_ci_hi,bandwidth,late_estimate,late_se,late_pval,late_ci_lo,late_ci_hi
right,Anti-pluralist party is the more RIGHT-wing of the top 2,1,backsliding_Nyr,Y_gdp_growth,GDP per capita growth: PWT,growth,822,-0.018475352642884635,0.02478058398142639,0.45593470581016676,822,800,17,-0.017387990879164133,0.013080133560178446,0.18373466012127468,-0.04302458157008755,0.008248599811759287,16.698682718750174,0.7688469849126198,1.0041518649337844,0.44387385152475506,-1.1992545053663257,2.736948475191565
right,Anti-pluralist party is the more RIGHT-wing of the top 2,1,backsliding_Nyr,Y_gdp_growth_wb,GDP per capita growth: World Bank,growth,822,-0.018475352642884635,0.02478058398142639,0.45593470581016676,822,809,17,-0.020186106759764073,0.012578096802284501,0.10852422740514162,-0.04483872348630011,0.0044665099667719615,14.700666338999017,0.9538064271091082,1.191775697076142,0.4235232305935446,-1.3820310168102465,3.289643871028463
right,Anti-pluralist party is the more RIGHT-wing of the top 2,1,backsliding_Nyr,Y_gdp_growth_imf,GDP per capita growth: IMF WEO,growth,822,-0.018475352642884635,0.02478058398142639,0.45593470581016676,822,637,14,-0.010491937911201742,0.012229434219701914,0.3909338533759201,-0.034461188533119184,0.0134773127107157,19.664090339325565,1.3232335107694402,2.750402981943135,0.6304416461853446,-4.067457276810671,6.713924298349552
right,Anti-pluralist party is the more RIGHT-wing of the top 2,1,backsliding_Nyr,Y_inflation,Inflation,inflation,822,-0.018475352642884635,0.02478058398142639,0.45593470581016676,822,770,15,0.005282937719695152,0.1813752716235454,0.9767632132943092,-0.3502060623486234,0.36077193778801364,17.9542163020782,0.6996860006113402,8.092033548522407,0.9310959605098731,-15.160408316182425,16.559780317405107
right,Anti-pluralist party is the more RIGHT-wing of the top 2,1,backsliding_Nyr,Y_unemployment,Unemployment,unemployment,822,-0.018475352642884635,0.02478058398142639,0.45593470581016676,822,555,15,0.07295751424264701,0.41283039393794263,0.8597242831549081,-0.736175189599203,0.882090218084497,15.506733407092362,2.7182258526907335,14.167674403883883,0.8478509947877371,-25.049905723611648,30.486357428993113
right,Anti-pluralist party is the more RIGHT-wing of the top 2,1,backsliding_Nyr,Y_trade_pct_gdp,Trade openness,trade,822,-0.018475352642884635,0.02478058398142639,0.45593470581016676,822,715,14,1.7330742033867557,1.8124533999629329,0.33896945466109724,-1.8192691841977613,5.285417590971273,19.74044188657364,-222.54771042833443,625.3719228546246,0.7219419901714104,-1448.254156165959,1003.1587353092904
right,Anti-pluralist party is the more RIGHT-wing of the top 2,1,backsliding_Nyr,Y_top10_share,Top-10% income share,top10,822,-0.018475352642884635,0.02478058398142639,0.45593470581016676,822,750,16,0.03950136462509311,0.3564832806165334,0.9117682337030453,-0.6591930264739977,0.7381957557241839,26.976372365285233,-0.41235972301905166,21.243586748297105,0.9845132180332831,-42.049024652133724,41.22430520609562
right,Anti-pluralist party is the more RIGHT-wing of the top 2,1,backsliding_Nyr,Y_gini_disp,Income inequality (Gini): Disposable,gini,822,-0.018475352642884635,0.02478058398142639,0.45593470581016676,822,660,16,-0.016004405385807254,0.1834368947737708,0.9304748057967273,-0.3755341125782616,0.34352530180664703,18.517092285697387,0.07817089973586921,7.784993886598949,0.9919883937205423,-15.180136737862563,15.336478537334303
right,Anti-pluralist party is the more RIGHT-wing of the top 2,1,backsliding_Nyr,Y_gini_mkt,Income inequality (Gini): Market,gini,822,-0.018475352642884635,0.02478058398142639,0.45593470581016676,822,660,16,-0.08066520660356169,0.18500661624549675,0.6628276237279964,-0.44327151134635806,0.2819410981392347,19.842895177785504,3.8987743915305595,9.997268633312308,0.6965484092547429,-15.695512073533525,23.493060856594642
right,Anti-pluralist party is the more RIGHT-wing of the top 2,1,backsliding_Nyr,Y_debt,Public debt and deficit: Debt / GDP,fiscal,822,-0.018475352642884635,0.02478058398142639,0.45593470581016676,822,791,17,0.27073829233966784,4.509384142092962,0.9521246830786475,-8.567492218618584,9.108968803297921,15.30447242698903,-19.9085468506534,329.2480088480469,0.951783921676486,-665.2227861743501,625.4056924730434
right,Anti-pluralist party is the more RIGHT-wing of the top 2,1,backsliding_Nyr,Y_deficit,Public debt and deficit: Deficit / GDP,fiscal,822,-0.018475352642884635,0.02478058398142639,0.45593470581016676,822,711,17,0.346696113789833,0.9945561204796299,0.7273942705845405,-1.6025980629541199,2.295990290533786,17.649109436644494,-22.53200306657545,86.31069462719691,0.7940486220780564,-191.69785601651608,146.6338498833652
right,Anti-pluralist party is the more RIGHT-wing of the top 2,1,backsliding_Nyr,Y_checks_balances,Executive constraints: Checks & balances,institutions,822,-0.018475352642884635,0.02478058398142639,0.45593470581016676,822,809,17,-0.00799225825702256,0.012636549011290278,0.5270787664032746,-0.03275943920802672,0.016774922693981606,20.31585242727801,0.39370737712989656,0.878629003299029,0.6540861855735948,-1.3283738251085242,2.115788579368317
right,Anti-pluralist party is the more RIGHT-wing of the top 2,1,backsliding_Nyr,Y_jucon,Executive constraints: Judicial constraints,institutions,822,-0.018475352642884635,0.02478058398142639,0.45593470581016676,822,822,17,0.007499012561292692,0.01222718801452548,0.5396737679137258,-0.01646583557937705,0.031463860701962436,13.040818741389202,-0.4784438473626509,0.9218619535845852,0.6037626373430016,-2.285260075106172,1.3283723803808705
right,Anti-pluralist party is the more RIGHT-wing of the top 2,1,backsliding_Nyr,Y_legcon,Executive constraints: Legislative constraints,institutions,822,-0.018475352642884635,0.02478058398142639,0.45593470581016676,822,809,17,-0.021794136291918058,0.018814841671876588,0.24672200563254656,-0.05867054834361953,0.015082275759783416,19.193776207719502,1.1503700969779649,1.4918053370790607,0.4406321656445956,-1.7735146356416283,4.0742548295975585
right,Anti-pluralist party is the more RIGHT-wing of the top 2,1,backsliding_Nyr,Y_hos_power,Executive power (ET): HOS,exec_power,822,-0.018475352642884635,0.02478058398142639,0.45593470581016676,822,822,17,-0.0053966742035746655,0.014364312252675926,0.7071398296943738,-0.033550208881506886,0.022756860474357554,16.05614966606014,0.4420921107282321,0.9979250937104507,0.6577575485101755,-1.513805132213009,2.397989353669473
right,Anti-pluralist party is the more RIGHT-wing of the top 2,1,backsliding_Nyr,Y_hog_power,Executive power (ET): HOG,exec_power,822,-0.018475352642884635,0.02478058398142639,0.45593470581016676,822,438,11,0.02712886278316911,0.016646156140779005,0.10315701494181717,-0.005497003733787989,0.05975472930012621,19.306954725783015,-1.3482595844918124,4.216569253863332,0.7491557739548127,-9.612583460382869,6.916064291399245
right,Anti-pluralist party is the more RIGHT-wing of the top 2,1,backsliding_Nyr,Y_hos_power_vdem,Executive power (V-Dem): HOS (v2ex_hosw),exec_power_alt,822,-0.018475352642884635,0.02478058398142639,0.45593470581016676,822,822,17,-0.011853593841704944,0.025895088179443186,0.6471288087409617,-0.06260703404990245,0.03889984636649256,17.879182128234383,0.5946761496338959,1.8430710900508684,0.7469565162100673,-3.0176768078127836,4.207029107080576
right,Anti-pluralist party is the more RIGHT-wing of the top 2,1,backsliding_Nyr,Y_hog_power_vdem,Executive power (V-Dem): HOG (v2ex_hogw),exec_power_alt,822,-0.018475352642884635,0.02478058398142639,0.45593470581016676,822,822,17,0.019896995984898327,0.02133371046638436,0.35099802323092666,-0.021916308185820205,0.06171030015561686,18.39190212878412,-1.5036695281591355,2.678060858670949,0.5744724176945051,-6.752572359560605,3.745233303242334
right,Anti-pluralist party is the more RIGHT-wing of the top 2,1,backsliding_Nyr,Y_polyarchy,V-Dem high-level democracy indices: Electoral (polyarchy),vdem_high,822,-0.018475352642884635,0.02478058398142639,0.45593470581016676,822,822,17,-0.0027002016200505866,0.0169024734228161,0.8730765446551753,-0.035828440778415585,0.030428037538314412,16.63008718097613,0.7964761188811383,1.245312469289971,0.5224461219239032,-1.6442914704258462,3.237243708188123
right,Anti-pluralist party is the more RIGHT-wing of the top 2,1,backsliding_Nyr,Y_libdem,V-Dem high-level democracy indices: Liberal,vdem_high,822,-0.018475352642884635,0.02478058398142639,0.45593470581016676,822,822,17,-0.003317173093647185,0.014795272238752029,0.8225978413787114,-0.03231537382306645,0.025681027635772076,16.145086860799555,0.33253052148746226,0.9355654859270798,0.7222654911705373,-1.5011441361083282,2.166205179083253
right,Anti-pluralist party is the more RIGHT-wing of the top 2,1,backsliding_Nyr,Y_partipdem,V-Dem high-level democracy indices: Participatory,vdem_high,822,-0.018475352642884635,0.02478058398142639,0.45593470581016676,822,822,17,-6.365151250013849e-4,0.010569829623716793,0.9519804180499986,-0.021353000510210843,0.020079970260208073,19.814070561714594,0.026693121881571164,0.607121674926941,0.9649309669895322,-1.1632434952088673,1.2166297389720095
right,Anti-pluralist party is the more RIGHT-wing of the top 2,1,backsliding_Nyr,Y_delibdem,V-Dem high-level democracy indices: Deliberative,vdem_high,822,-0.018475352642884635,0.02478058398142639,0.45593470581016676,822,822,17,-0.005819241142352096,0.016096810943480762,0.7177143760969211,-0.03736841085752459,0.025729928572820394,18.79063577359986,0.18669043714805833,1.1775429363229648,0.8740294435913173,-2.1212513082944944,2.494632182590611
right,Anti-pluralist party is the more RIGHT-wing of the top 2,1,backsliding_Nyr,Y_egaldem,V-Dem high-level democracy indices: Egalitarian,vdem_high,822,-0.018475352642884635,0.02478058398142639,0.45593470581016676,822,822,17,-3.7676216920721605e-4,0.011509555734855771,0.9738861302807066,-0.022935076887580955,0.02218155254916652,17.397192697014706,0.45044206557191485,0.7585845575932412,0.5526506902336298,-1.0363563465390877,1.9372404776829173
right,Anti-pluralist party is the more RIGHT-wing of the top 2,1,backsliding_Nyr,Y_elecoff,V-Dem mid-level: electoral component: Elected officials,vdem_electoral,822,-0.018475352642884635,0.02478058398142639,0.45593470581016676,822,822,17,-0.043935408093396786,0.0412959357813074,0.28736674009962276,-0.1248739549326382,0.03700313874584463,17.185625014129176,3.399357577480138,6.34994316131769,0.5924170572586596,-9.046302322578946,15.845017477539223
right,Anti-pluralist party is the more RIGHT-wing of the top 2,1,backsliding_Nyr,Y_frefair,V-Dem mid-level: electoral component: Clean elections,vdem_electoral,822,-0.018475352642884635,0.02478058398142639,0.45593470581016676,822,822,17,-0.004478836033864536,0.02506963950821914,0.858207991860703,-0.05361442657537647,0.044656754507647396,18.58250778925229,0.12817490317165253,1.6175477440921537,0.9368415227133697,-3.04216041852298,3.298510224866285
right,Anti-pluralist party is the more RIGHT-wing of the top 2,1,backsliding_Nyr,Y_frassoc,V-Dem mid-level: electoral component: Association,vdem_electoral,822,-0.018475352642884635,0.02478058398142639,0.45593470581016676,822,822,17,-0.005078982366629843,0.01437190508502899,0.7237911357614397,-0.03324739872251472,0.02308943398925503,16.952040972778892,0.4304835743648395,1.0761920208271876,0.6891518861463493,-1.6788140269058274,2.539781175635506
right,Anti-pluralist party is the more RIGHT-wing of the top 2,1,backsliding_Nyr,Y_suffr,V-Dem mid-level: electoral component: Suffrage,vdem_electoral,822,-0.018475352642884635,0.02478058398142639,0.45593470581016676,822,822,17,0.012629780221161879,0.013890048906714846,0.36320855485721765,-0.014594215379499164,0.03985377582182292,14.559269688957645,-0.615452806435036,0.938963822280384,0.5121719201922763,-2.455788080890656,1.224882468020584
right,Anti-pluralist party is the more RIGHT-wing of the top 2,1,backsliding_Nyr,Y_freexp,V-Dem mid-level: electoral component: Expression & alt. info,vdem_electoral,822,-0.018475352642884635,0.02478058398142639,0.45593470581016676,822,822,17,1.1351857052466219e-4,0.01581572686656295,0.994273172655436,-0.030884736477261227,0.03111177361831055,12.388471858754658,0.15020150988160602,1.2955099634699534,0.9077000421999634,-2.388951360132303,2.689354379895515
right,Anti-pluralist party is the more RIGHT-wing of the top 2,1,backsliding_Nyr,Y_cl_rol,V-Dem mid-level: liberal component (see also Executive constraints),vdem_liberal,822,-0.018475352642884635,0.02478058398142639,0.45593470581016676,822,822,17,-9.186584558669398e-4,0.014943665230798639,0.9509811031352648,-0.0302077041052557,0.028370387193521817,14.350832406502413,0.7763916047563486,1.1724332795518122,0.5078396180328406,-1.5215353974413837,3.0743186069540807
right,Anti-pluralist party is the more RIGHT-wing of the top 2,1,backsliding_Nyr,Y_cspart,V-Dem mid-level: participatory component: Civil society,vdem_particip,822,-0.018475352642884635,0.02478058398142639,0.45593470581016676,822,822,17,0.007953345702872119,0.01662911464918355,0.6324520955773858,-0.024639120104315047,0.04054581151005929,15.99752450021277,-0.4459083233820607,0.9780277983690534,0.6484431765512502,-2.3628075840644067,1.4709909373002852
right,Anti-pluralist party is the more RIGHT-wing of the top 2,1,backsliding_Nyr,Y_dd,V-Dem mid-level: participatory component: Direct democracy,vdem_particip,822,-0.018475352642884635,0.02478058398142639,0.45593470581016676,822,822,17,4.7062252705368625e-4,0.008806894297212915,0.9573829551022363,-0.016790573111134813,0.017731818165242184,18.61572138830445,0.060130539057446114,0.45786359165740803,0.89551544667142,-0.8372656104232272,0.9575266885381195
right,Anti-pluralist party is the more RIGHT-wing of the top 2,1,backsliding_Nyr,Y_locelec,V-Dem mid-level: participatory component: Local elections,vdem_particip,822,-0.018475352642884635,0.02478058398142639,0.45593470581016676,822,811,17,0.007009883435842176,0.015685674917432703,0.6549493209533983,-0.023733474475529197,0.03775324134721355,21.22614535437891,-0.568582754207982,1.2024817254566544,0.636326565546204,-2.925403628170605,1.788238119754641
right,Anti-pluralist party is the more RIGHT-wing of the top 2,1,backsliding_Nyr,Y_regelec,V-Dem mid-level: participatory component: Regional elections,vdem_particip,822,-0.018475352642884635,0.02478058398142639,0.45593470581016676,822,822,17,-0.015691276199662246,0.02157936592090993,0.4671386058331921,-0.05798605621385672,0.026603503814532223,17.501975056233448,0.7690110339089246,1.5041826236822142,0.6091770970678262,-2.17913273467918,3.7171548024970287
right,Anti-pluralist party is the more RIGHT-wing of the top 2,1,backsliding_Nyr,Y_delib,V-Dem mid-level: deliberative and egalitarian components: Deliberation,vdem_egal_delib,822,-0.018475352642884635,0.02478058398142639,0.45593470581016676,822,822,17,-0.01931990676584223,0.01684965398291083,0.25154468181724815,-0.052344621724309315,0.013704808192624856,20.405206892293073,0.601012422955308,1.7447281503342593,0.7304903035662604,-2.818591914513024,4.02061676042364
right,Anti-pluralist party is the more RIGHT-wing of the top 2,1,backsliding_Nyr,Y_eqprotec,V-Dem mid-level: deliberative and egalitarian components: Equal protection,vdem_egal_delib,822,-0.018475352642884635,0.02478058398142639,0.45593470581016676,822,822,17,9.031189560660584e-4,0.008786716771750917,0.9181357536972125,-0.016318529458919782,0.018124767371051898,15.934889402991903,-0.07421878623297395,0.5685798074379069,0.8961442488259174,-1.1886147311479902,1.0401771586820423
right,Anti-pluralist party is the more RIGHT-wing of the top 2,1,backsliding_Nyr,Y_eqaccess,V-Dem mid-level: deliberative and egalitarian components: Equal access,vdem_egal_delib,822,-0.018475352642884635,0.02478058398142639,0.45593470581016676,822,822,17,0.0014885858323878745,0.01083700350548129,0.8907451504018866,-0.019751550738689762,0.02272872240346551,13.356269486317789,0.2955459902161984,0.7943573106806129,0.7098506054863793,-1.261365729573897,1.8524577100062936
right,Anti-pluralist party is the more RIGHT-wing of the top 2,1,backsliding_Nyr,Y_eqdr,V-Dem mid-level: deliberative and egalitarian components: Equal distribution,vdem_egal_delib,822,-0.018475352642884635,0.02478058398142639,0.45593470581016676,822,822,17,-0.004516884350015592,0.007569127276971772,0.55067363012583,-0.01935210120727999,0.010318332507248807,16.854963649937616,0.28178322830975194,0.6539298361457272,0.6665356772057666,-0.9998956989520518,1.5634621555715555
left,Anti-pluralist party is the more LEFT-wing of the top 2,1,backsliding_Nyr,Y_gdp_growth,GDP per capita growth: PWT,growth,517,0.060099006376151114,0.04563421854933129,0.18784787580218726,517,501,14,-0.054001911192415555,0.039520400935296324,0.1718036431510383,-0.13146047368017938,0.023456651295348283,13.657685307751573,-1.2571774814468784,1.3804068808501881,0.36243783529170787,-3.9627252519245197,1.448370289030763
left,Anti-pluralist party is the more LEFT-wing of the top 2,1,backsliding_Nyr,Y_gdp_growth_wb,GDP per capita growth: World Bank,growth,517,0.060099006376151114,0.04563421854933129,0.18784787580218726,517,508,14,0.020057275945149486,0.027759718425433486,0.4699676562618891,-0.034350772389673066,0.07446532427997204,21.51994685048172,0.4857617908198603,0.9613786258403569,0.6133648186616232,-1.3985056913338467,2.3700292729735675
left,Anti-pluralist party is the more LEFT-wing of the top 2,1,backsliding_Nyr,Y_gdp_growth_imf,GDP per capita growth: IMF WEO,growth,517,0.060099006376151114,0.04563421854933129,0.18784787580218726,517,380,11,0.0388393269067531,0.03893436784984765,0.31849327752019485,-0.037470631839782456,0.11514928565328865,18.745740968121844,0.6472911316328565,1.2146184002007319,0.5940908442917563,-1.7333171877202351,3.027899450985948
left,Anti-pluralist party is the more LEFT-wing of the top 2,1,backsliding_Nyr,Y_inflation,Inflation,inflation,517,0.060099006376151114,0.04563421854933129,0.18784787580218726,517,445,14,0.03890498398057993,0.15899123414212826,0.8066895609476161,-0.2727121087955664,0.3505220767567262,18.153854446136677,-0.29154199917613377,2.6668355822765712,0.9129476331289733,-5.518443693128115,4.9353596947758485
left,Anti-pluralist party is the more LEFT-wing of the top 2,1,backsliding_Nyr,Y_unemployment,Unemployment,unemployment,517,0.060099006376151114,0.04563421854933129,0.18784787580218726,517,376,13,-0.017522407345565143,0.5813559554133177,0.9759549349793337,-1.156959142153541,1.1219143274624108,15.096818870872086,8.608047447839066,15.655357790155321,0.5824244970087795,-22.07588998595392,39.291984881632054
left,Anti-pluralist party is the more LEFT-wing of the top 2,1,backsliding_Nyr,Y_trade_pct_gdp,Trade openness,trade,517,0.060099006376151114,0.04563421854933129,0.18784787580218726,517,470,13,-4.3165774339496155,4.156036603526357,0.2989776162663649,-12.462259495291445,3.829104627392213,19.51916827250708,-86.8220648443815,114.1952512444545,0.44707834162206656,-310.640644489015,136.99651480025204
left,Anti-pluralist party is the more LEFT-wing of the top 2,1,backsliding_Nyr,Y_top10_share,Top-10% income share,top10,517,0.060099006376151114,0.04563421854933129,0.18784787580218726,517,481,13,-1.4806076815907492,0.887648050914228,0.09531332656744071,-3.220365892329812,0.2591505291483134,18.975066515241853,-35.2458907616336,37.17128011560438,0.3430265112486016,-108.10026104746802,37.60847952420082
left,Anti-pluralist party is the more LEFT-wing of the top 2,1,backsliding_Nyr,Y_gini_disp,Income inequality (Gini): Disposable,gini,517,0.060099006376151114,0.04563421854933129,0.18784787580218726,517,417,11,0.20447672806835038,0.2943120162885737,0.4872046299987391,-0.37236422407461955,0.7813176802113203,20.978839223278268,3.9573781773765626,6.530859750273078,0.5445475784271829,-8.842871721240918,16.75762807599404
left,Anti-pluralist party is the more LEFT-wing of the top 2,1,backsliding_Nyr,Y_gini_mkt,Income inequality (Gini): Market,gini,517,0.060099006376151114,0.04563421854933129,0.18784787580218726,517,417,11,0.31556621163065596,0.26764440886554725,0.23837816048055707,-0.2090071904093292,0.8401396136706412,23.750662912409773,5.872251408315707,7.933274401742432,0.4591754589343627,-9.676680698572998,21.42118351520441
left,Anti-pluralist party is the more LEFT-wing of the top 2,1,backsliding_Nyr,Y_debt,Public debt and deficit: Debt / GDP,fiscal,517,0.060099006376151114,0.04563421854933129,0.18784787580218726,517,490,14,-11.216099992141112,5.598350121826,0.04512737264107541,-22.188664603765492,-0.2435353805167324,16.386691991545423,-176.9673979253138,191.16557421830663,0.35458715366326654,-551.6450384771134,197.71024262648578
left,Anti-pluralist party is the more LEFT-wing of the top 2,1,backsliding_Nyr,Y_deficit,Public debt and deficit: Deficit / GDP,fiscal,517,0.060099006376151114,0.04563421854933129,0.18784787580218726,517,422,10,2.2127510286387637,1.873029866437195,0.2374537064383798,-1.4583200515460049,5.883822108823532,21.915604582217753,50.00762738071767,62.74003297071675,0.4254156609466218,-72.96057763074265,172.97583239217798
left,Anti-pluralist party is the more LEFT-wing of the top 2,1,backsliding_Nyr,Y_checks_balances,Executive constraints: Checks & balances,institutions,517,0.060099006376151114,0.04563421854933129,0.18784787580218726,517,504,14,-0.00832883065869678,0.025282982464452784,0.7418349475658591,-0.05788256571078196,0.0412249043933884,16.075421348124586,-0.5260139403935566,0.6601518884523061,0.42556286984221287,-1.8198878660861795,0.7678599852990662
left,Anti-pluralist party is the more LEFT-wing of the top 2,1,backsliding_Nyr,Y_jucon,Executive constraints: Judicial constraints,institutions,517,0.060099006376151114,0.04563421854933129,0.18784787580218726,517,515,14,-9.99901034064785e-4,0.023005873276345817,0.9653325704913115,-0.046090584088595066,0.0440907820204655,16.23176942426399,0.10228342671574175,0.6091694124230504,0.866656936211062,-1.0916666821168632,1.2962335355483467
left,Anti-pluralist party is the more LEFT-wing of the top 2,1,backsliding_Nyr,Y_legcon,Executive constraints: Legislative constraints,institutions,517,0.060099006376151114,0.04563421854933129,0.18784787580218726,517,504,14,-0.0012695967173506585,0.032751623378852394,0.9690782357671859,-0.06546159897512137,0.06292240554042004,19.075259984992275,-1.1786358354508446,1.0813104979268986,0.2757101324515929,-3.297965467492638,0.9406937965909485
left,Anti-pluralist party is the more LEFT-wing of the top 2,1,backsliding_Nyr,Y_hos_power,Executive power (ET): HOS,exec_power,517,0.060099006376151114,0.04563421854933129,0.18784787580218726,517,515,14,0.00700647697181812,0.01294446958600121,0.588320221753746,-0.018364217215718345,0.03237717115935458,14.96876135150889,0.2305529917381701,0.2895999458904638,0.4259689475600873,-0.33705247213188716,0.7981584556082274
left,Anti-pluralist party is the more LEFT-wing of the top 2,1,backsliding_Nyr,Y_hog_power,Executive power (ET): HOG,exec_power,517,0.060099006376151114,0.04563421854933129,0.18784787580218726,517,261,7,-0.015910293636043935,0.014267139552339988,0.2647773503355956,-0.04387337332103721,0.01205278604894934,23.256941368679765,NA,NA,NA,NA,NA
left,Anti-pluralist party is the more LEFT-wing of the top 2,1,backsliding_Nyr,Y_hos_power_vdem,Executive power (V-Dem): HOS (v2ex_hosw),exec_power_alt,517,0.060099006376151114,0.04563421854933129,0.18784787580218726,517,515,14,-0.005258322321280884,0.004810177345956435,0.274320922821269,-0.014686096678605959,0.00416945203604419,11.560492500586637,-0.03416920358071374,0.13312780804057012,0.7974376550593515,-0.2950949126809929,0.22675650551956544
left,Anti-pluralist party is the more LEFT-wing of the top 2,1,backsliding_Nyr,Y_hog_power_vdem,Executive power (V-Dem): HOG (v2ex_hogw),exec_power_alt,517,0.060099006376151114,0.04563421854933129,0.18784787580218726,517,515,14,0.011296889581091726,0.007630717458464276,0.1387534073846288,-0.0036590418136992642,0.026252820975882718,10.444664983824772,0.1892782350892676,0.25797459951458435,0.46312623108754936,-0.31634268888546163,0.6948991590639968
left,Anti-pluralist party is the more LEFT-wing of the top 2,1,backsliding_Nyr,Y_polyarchy,V-Dem high-level democracy indices: Electoral (polyarchy),vdem_high,517,0.060099006376151114,0.04563421854933129,0.18784787580218726,517,515,14,0.005379870440147016,0.02153412009449,0.8027187748821578,-0.036826229383813636,0.04758597026410767,15.948171849155095,-0.1193667841525434,0.6136064370408658,0.8457584529010216,-1.3220133014345843,1.0832797331294974
left,Anti-pluralist party is the more LEFT-wing of the top 2,1,backsliding_Nyr,Y_libdem,V-Dem high-level democracy indices: Liberal,vdem_high,517,0.060099006376151114,0.04563421854933129,0.18784787580218726,517,515,14,8.778532634324664e-4,0.02224795708827047,0.9685254760585648,-0.042727341359170244,0.04448304788603518,18.395616617134436,-0.10546093770516674,0.5974255395682252,0.8598809913972953,-1.2763934787032967,1.0654716032929632
left,Anti-pluralist party is the more LEFT-wing of the top 2,1,backsliding_Nyr,Y_partipdem,V-Dem high-level democracy indices: Participatory,vdem_high,517,0.060099006376151114,0.04563421854933129,0.18784787580218726,517,514,14,0.0038451214587250536,0.014778351302117245,0.7947202325576288,-0.025119914844305348,0.03281015776175546,19.623182413796375,-0.015884009348026473,0.36512219610234437,0.9653003582007857,-0.731510363664792,0.6997423449687391
left,Anti-pluralist party is the more LEFT-wing of the top 2,1,backsliding_Nyr,Y_delibdem,V-Dem high-level democracy indices: Deliberative,vdem_high,517,0.060099006376151114,0.04563421854933129,0.18784787580218726,517,515,14,7.46501904899317e-4,0.021164431929260354,0.9718632246228143,-0.040735022429700535,0.04222802623949917,19.930533158142563,-0.04024789334535511,0.5639874902002749,0.9431087799078084,-1.1456430618690303,1.06514727517832
left,Anti-pluralist party is the more LEFT-wing of the top 2,1,backsliding_Nyr,Y_egaldem,V-Dem high-level democracy indices: Egalitarian,vdem_high,517,0.060099006376151114,0.04563421854933129,0.18784787580218726,517,515,14,0.0031651156364952524,0.01526957689846762,0.835789262681341,-0.026762705143666094,0.0330929364166566,17.9706928323004,-0.10802794082791697,0.43114276787910477,0.8021528599530412,-0.9530522380658746,0.7369963564100406
left,Anti-pluralist party is the more LEFT-wing of the top 2,1,backsliding_Nyr,Y_elecoff,V-Dem mid-level: electoral component: Elected officials,vdem_electoral,517,0.060099006376151114,0.04563421854933129,0.18784787580218726,517,515,14,-0.044386615682891456,0.04242861715472176,0.2954926773052656,-0.12754517721998437,0.03877194585420146,15.227525874789961,-1.1766195134351953,1.3625024676496904,0.38782283640859616,-3.8470752788755376,1.493836252005147
left,Anti-pluralist party is the more LEFT-wing of the top 2,1,backsliding_Nyr,Y_frefair,V-Dem mid-level: electoral component: Clean elections,vdem_electoral,517,0.060099006376151114,0.04563421854933129,0.18784787580218726,517,515,14,-0.009337068484651533,0.0369019191193107,0.8002497236923339,-0.0816635009189105,0.06298936394960744,15.67670587545788,-0.7203215225971794,1.1737279047376465,0.5394109375881169,-3.0207859435326254,1.5801428983382664
left,Anti-pluralist party is the more LEFT-wing of the top 2,1,backsliding_Nyr,Y_frassoc,V-Dem mid-level: electoral component: Association,vdem_electoral,517,0.060099006376151114,0.04563421854933129,0.18784787580218726,517,515,14,0.004615543766097629,0.015815537565499936,0.7704119923970432,-0.02638234025842252,0.035613427790617776,16.372337598540007,0.07198010770148716,0.3235280669594581,0.823936431406042,-0.5621232515269137,0.7060834669298879
left,Anti-pluralist party is the more LEFT-wing of the top 2,1,backsliding_Nyr,Y_suffr,V-Dem mid-level: electoral component: Suffrage,vdem_electoral,517,0.060099006376151114,0.04563421854933129,0.18784787580218726,517,515,14,-0.001081281574452848,0.0010982523939391776,0.3248464217851939,-0.003233816712508531,0.0010712535636028349,12.07666063045936,-0.033912088780292005,0.034004980189720715,0.3186342964192755,-0.1005606252471426,0.03273644768655859
left,Anti-pluralist party is the more LEFT-wing of the top 2,1,backsliding_Nyr,Y_freexp,V-Dem mid-level: electoral component: Expression & alt. info,vdem_electoral,517,0.060099006376151114,0.04563421854933129,0.18784787580218726,517,515,14,-0.0036534578930860753,0.014157979083449028,0.7963687884543796,-0.03140258699051757,0.024095671204345415,14.596819905599029,0.14962038540249525,0.4473696019961741,0.7380440252915815,-0.727207922288024,1.0264486930930146
left,Anti-pluralist party is the more LEFT-wing of the top 2,1,backsliding_Nyr,Y_cl_rol,V-Dem mid-level: liberal component (see also Executive constraints),vdem_liberal,517,0.060099006376151114,0.04563421854933129,0.18784787580218726,517,515,14,5.831441975270501e-4,0.017498668686498284,0.9734153692442513,-0.03371361620540839,0.03487990460046249,18.42413742215195,-0.07720766232030721,0.3628101401653755,0.8314793851761231,-0.7883024702703718,0.6338871456297575
left,Anti-pluralist party is the more LEFT-wing of the top 2,1,backsliding_Nyr,Y_cspart,V-Dem mid-level: participatory component: Civil society,vdem_particip,517,0.060099006376151114,0.04563421854933129,0.18784787580218726,517,515,14,-0.003251285166053967,0.011841908947663857,0.7836562056900741,-0.02646100021167773,0.0199584298795698,13.595845118781625,-0.05021193019424429,0.3534330703156121,0.887025398414462,-0.7429280189582562,0.6425041585697676
left,Anti-pluralist party is the more LEFT-wing of the top 2,1,backsliding_Nyr,Y_dd,V-Dem mid-level: participatory component: Direct democracy,vdem_particip,517,0.060099006376151114,0.04563421854933129,0.18784787580218726,517,515,14,0.016921063873817605,0.014884591570638308,0.25561459459493047,-0.012252199529221946,0.04609432727685715,21.426271512837076,0.43048747110981694,0.61187913974596575,0.48171315793904906,-0.7687736056836261,1.62974854790326
left,Anti-pluralist party is the more LEFT-wing of the top 2,1,backsliding_Nyr,Y_locelec,V-Dem mid-level: participatory component: Local elections,vdem_particip,517,0.060099006376151114,0.04563421854933129,0.18784787580218726,517,511,14,-0.012628663512282874,0.01631834581847524,0.4389937102346944,-0.044612033603764124,0.019354706579198376,14.31964199222795,-0.19576973436901882,0.4665583706242923,0.6747748036484313,-1.1102073374783217,0.7186678687402841
left,Anti-pluralist party is the more LEFT-wing of the top 2,1,backsliding_Nyr,Y_regelec,V-Dem mid-level: participatory component: Regional elections,vdem_particip,517,0.060099006376151114,0.04563421854933129,0.18784787580218726,517,514,14,-0.014620948914267053,0.021893746228721974,0.5042523676088657,-0.05753190300922174,0.02829000518068763,16.866443629772334,-0.6565294775677488,0.9391141445977035,0.48449301262402483,-2.4971593783513875,1.18410042321589
left,Anti-pluralist party is the more LEFT-wing of the top 2,1,backsliding_Nyr,Y_delib,V-Dem mid-level: deliberative and egalitarian components: Deliberation,vdem_egal_delib,517,0.060099006376151114,0.04563421854933129,0.18784787580218726,517,515,14,-0.012398501340235138,0.024350839140733247,0.610639269839452,-0.06012526904940056,0.035328266368930286,20.460643324119026,-0.10528696947527233,0.6609306822499602,0.8734316723066844,-1.4006873029626803,1.1901133640121357
left,Anti-pluralist party is the more LEFT-wing of the top 2,1,backsliding_Nyr,Y_eqprotec,V-Dem mid-level: deliberative and egalitarian components: Equal protection,vdem_egal_delib,517,0.060099006376151114,0.04563421854933129,0.18784787580218726,517,515,14,0.008754185219882893,0.01413959493747822,0.5358336188955006,-0.01895891161355929,0.03646728205332507,14.35474039906529,0.07628027080509227,0.32624711827027575,0.8151314576296161,-0.5631523310646275,0.715712872674812
left,Anti-pluralist party is the more LEFT-wing of the top 2,1,backsliding_Nyr,Y_eqaccess,V-Dem mid-level: deliberative and egalitarian components: Equal access,vdem_egal_delib,517,0.060099006376151114,0.04563421854933129,0.18784787580218726,517,515,14,5.0402920386869755e-5,0.010540518709019212,0.9961846698586977,-0.020608634127661406,0.020709439968435144,15.284255286370573,0.09037367972637456,0.2653159357895747,0.7333846604384953,-0.42963599894573323,0.6103833583984823
left,Anti-pluralist party is the more LEFT-wing of the top 2,1,backsliding_Nyr,Y_eqdr,V-Dem mid-level: deliberative and egalitarian components: Equal distribution,vdem_egal_delib,517,0.060099006376151114,0.04563421854933129,0.18784787580218726,517,515,14,0.005645781468733282,0.012328303634016003,0.6469863344935327,-0.018517249644412342,0.02980881258187891,14.331084008583678,0.0629711887816633,0.28228237874496453,0.8234742481647963,-0.4902921070287619,0.6162344845920885
right,Anti-pluralist party is the more RIGHT-wing of the top 2,2,backsliding_Nyr,Y_gdp_growth,GDP per capita growth: PWT,growth,822,0.014455014969276293,0.03981512253266351,0.7165650063100049,822,791,31,-0.016742905477533737,0.016705578164053683,0.31623038645367185,-0.0494852370199977,0.015999426064930225,17.637603481437313,2.7470592232841655,17.758954181321503,0.8770689724337664,-32.05985137520297,37.553969821771304
right,Anti-pluralist party is the more RIGHT-wing of the top 2,2,backsliding_Nyr,Y_gdp_growth_wb,GDP per capita growth: World Bank,growth,822,0.014455014969276293,0.03981512253266351,0.7165650063100049,822,796,32,-0.013273963939999973,0.013739047785062096,0.3339697500037106,-0.04020200278059648,0.013654074900596527,21.41246255365023,-1.3795004326974472,5.032125277479941,0.7839780112506528,-11.242284742251755,8.48328387685686
right,Anti-pluralist party is the more RIGHT-wing of the top 2,2,backsliding_Nyr,Y_gdp_growth_imf,GDP per capita growth: IMF WEO,growth,822,0.014455014969276293,0.03981512253266351,0.7165650063100049,822,626,27,-0.019616255105166312,0.01709006021181796,0.2510442757858804,-0.05311215761395047,0.013879647403617842,16.82481382606986,-0.9413852066585942,2.0937770851045148,0.6529909559071148,-5.045112885118698,3.162342471801509
right,Anti-pluralist party is the more RIGHT-wing of the top 2,2,backsliding_Nyr,Y_inflation,Inflation,inflation,822,0.014455014969276293,0.03981512253266351,0.7165650063100049,822,756,30,0.024356537025922664,0.19265335915888254,0.899394132909313,-0.35323710842614675,0.4019501824779921,17.81962972598708,-1.6236632280309427,21.435840258047794,0.9396217695599876,-43.63713811215838,40.3898116560965
right,Anti-pluralist party is the more RIGHT-wing of the top 2,2,backsliding_Nyr,Y_unemployment,Unemployment,unemployment,822,0.014455014969276293,0.03981512253266351,0.7165650063100049,822,555,27,-0.3241418428266224,0.5969768695201897,0.5871489449145053,-1.4941950066896608,0.8459113210364161,17.052262768265678,-59.29556566387821,2069.1652313703626,0.9771383449374601,-4114.784897212276,3996.193765884519
right,Anti-pluralist party is the more RIGHT-wing of the top 2,2,backsliding_Nyr,Y_trade_pct_gdp,Trade openness,trade,822,0.014455014969276293,0.03981512253266351,0.7165650063100049,822,704,29,2.7520847525721406,2.1246781545263347,0.1952185219455043,-1.4122079090385018,6.916377414182783,17.17174539079465,-602.5226518433951,8357.71017200375,0.9425288250789495,-16983.3335821948,15778.28827850801
right,Anti-pluralist party is the more RIGHT-wing of the top 2,2,backsliding_Nyr,Y_top10_share,Top-10% income share,top10,822,0.014455014969276293,0.03981512253266351,0.7165650063100049,822,736,29,0.013021951069913947,0.4209864663378948,0.9753237741873868,-0.8120963609311435,0.8381402630709714,23.775104688499887,-15.241009972376723,103.77740784708745,0.8832405484354036,-218.64099176159243,188.15897181683897
right,Anti-pluralist party is the more RIGHT-wing of the top 2,2,backsliding_Nyr,Y_gini_disp,Income inequality (Gini): Disposable,gini,822,0.014455014969276293,0.03981512253266351,0.7165650063100049,822,643,26,0.09766292719913111,0.24530028286043495,0.6905297774084249,-0.38311679260480913,0.5784426470030714,17.886342187574513,-7.675107518981454,35.877415340469824,0.8306048608813584,-77.99354944468712,62.643334406724215
right,Anti-pluralist party is the more RIGHT-wing of the top 2,2,backsliding_Nyr,Y_gini_mkt,Income inequality (Gini): Market,gini,822,0.014455014969276293,0.03981512253266351,0.7165650063100049,822,643,26,-0.04114282994346771,0.25660962827623446,0.8726192608921233,-0.5440884594510982,0.4618027995641627,19.056495725284062,4.370511348445333,22.467040292606953,0.845760977450823,-39.66407846427452,48.405101161165184
right,Anti-pluralist party is the more RIGHT-wing of the top 2,2,backsliding_Nyr,Y_debt,Public debt and deficit: Debt / GDP,fiscal,822,0.014455014969276293,0.03981512253266351,0.7165650063100049,822,778,31,1.1974588778170623,6.1677490863662765,0.8460596516928894,-10.89110719714066,13.286024952774785,16.968989652881245,48.398111951387165,724.5515155746792,0.9467430432318378,-1371.6967635188958,1468.49298742167
right,Anti-pluralist party is the more RIGHT-wing of the top 2,2,backsliding_Nyr,Y_deficit,Public debt and deficit: Deficit / GDP,fiscal,822,0.014455014969276293,0.03981512253266351,0.7165650063100049,822,699,30,-0.2735716574421271,0.9459929473943769,0.7724360187197937,-2.127683763963999,1.580540449079745,21.036070641702455,-19.783896640356442,72.0822699814643,0.7837290410216765,-161.06254972791908,121.4947564472062
right,Anti-pluralist party is the more RIGHT-wing of the top 2,2,backsliding_Nyr,Y_checks_balances,Executive constraints: Checks & balances,institutions,822,0.014455014969276293,0.03981512253266351,0.7165650063100049,822,805,29,-0.0024242184837083448,0.01333111494112745,0.8557030798354253,-0.02855272364208194,0.023704286674665252,20.890515033526047,0.2484686345575539,2.1625445673372434,0.9085272206476803,-3.990040832386195,4.486978101501303
right,Anti-pluralist party is the more RIGHT-wing of the top 2,2,backsliding_Nyr,Y_jucon,Executive constraints: Judicial constraints,institutions,822,0.014455014969276293,0.03981512253266351,0.7165650063100049,822,822,32,-0.00837489917007607,0.01977877449362398,0.6719825680316354,-0.0471405848359185,0.03039078649576636,17.681176311031994,-0.6051699979963454,3.4911741941549974,0.8623819635419965,-7.447745682295784,6.237405686303093
right,Anti-pluralist party is the more RIGHT-wing of the top 2,2,backsliding_Nyr,Y_legcon,Executive constraints: Legislative constraints,institutions,822,0.014455014969276293,0.03981512253266351,0.7165650063100049,822,805,29,-0.014863195373399906,0.019614769230761723,0.44859748574571945,-0.053307436630757286,0.02358104588395748,19.213590419004518,-0.9893770955314438,12.047124282368694,0.9345468501798078,-24.601306806252023,22.622552615189132
right,Anti-pluralist party is the more RIGHT-wing of the top 2,2,backsliding_Nyr,Y_hos_power,Executive power (ET): HOS,exec_power,822,0.014455014969276293,0.03981512253266351,0.7165650063100049,822,822,32,-0.005240698019191638,0.014377633480236329,0.7154820454238235,-0.033420341823372106,0.022938945784988833,15.247743674950767,-0.44291867886360897,1.1218578466524272,0.6929844416447801,-2.641719654076024,1.755882296348806
right,Anti-pluralist party is the more RIGHT-wing of the top 2,2,backsliding_Nyr,Y_hog_power,Executive power (ET): HOG,exec_power,822,0.014455014969276293,0.03981512253266351,0.7165650063100049,822,434,20,0.02968378777114164,0.01756455057019911,0.09103125162650996,-0.0047420987510810725,0.06410967429336435,25.221125507703476,5.7002760031435376,24.926682913578947,0.8191163260939428,-43.15512476152112,54.555676767808194
right,Anti-pluralist party is the more RIGHT-wing of the top 2,2,backsliding_Nyr,Y_hos_power_vdem,Executive power (V-Dem): HOS (v2ex_hosw),exec_power_alt,822,0.014455014969276293,0.03981512253266351,0.7165650063100049,822,822,32,-0.004592865215873198,0.025689811119002932,0.8581092033468072,-0.05494396977875555,0.04575823934700916,19.677777904640298,-0.5664661928693592,2.282273748108587,0.8039776836997279,-5.039640542023427,3.9067081562847092
right,Anti-pluralist party is the more RIGHT-wing of the top 2,2,backsliding_Nyr,Y_hog_power_vdem,Executive power (V-Dem): HOG (v2ex_hogw),exec_power_alt,822,0.014455014969276293,0.03981512253266351,0.7165650063100049,822,822,32,0.010173058387251292,0.0231690779519244,0.6606042070050627,-0.03523749995352155,0.055583616728024136,19.309888148978516,1.0291869697138811,2.647558246346893,0.6974754258038661,-4.159931840098052,6.218305779525814
right,Anti-pluralist party is the more RIGHT-wing of the top 2,2,backsliding_Nyr,Y_polyarchy,V-Dem high-level democracy indices: Electoral (polyarchy),vdem_high,822,0.014455014969276293,0.03981512253266351,0.7165650063100049,822,822,32,-0.01571358058758008,0.021568785448668505,0.4662871309183177,-0.057987623257241924,0.026560462082081765,20.76469697594502,-0.7127489090254925,5.382433202216041,0.8946510523110592,-11.262124134561523,9.836626316510538
right,Anti-pluralist party is the more RIGHT-wing of the top 2,2,backsliding_Nyr,Y_libdem,V-Dem high-level democracy indices: Liberal,vdem_high,822,0.014455014969276293,0.03981512253266351,0.7165650063100049,822,822,32,-0.013318654111253601,0.01909947309630905,0.48559569040856937,-0.05075293350371104,0.024115625281203833,19.895353167626606,-0.7146198267734037,4.897776444048934,0.8839948121149229,-10.314085261437967,8.884845607891158
right,Anti-pluralist party is the more RIGHT-wing of the top 2,2,backsliding_Nyr,Y_partipdem,V-Dem high-level democracy indices: Participatory,vdem_high,822,0.014455014969276293,0.03981512253266351,0.7165650063100049,822,822,32,-0.01470253671480819,0.013949844845386866,0.29190260143727337,-0.042043730201688154,0.012638656772071776,25.203089018240746,-0.4273744438300597,3.098393171330911,0.8902924056262816,-6.500113469583484,5.645364581923365
right,Anti-pluralist party is the more RIGHT-wing of the top 2,2,backsliding_Nyr,Y_delibdem,V-Dem high-level democracy indices: Deliberative,vdem_high,822,0.014455014969276293,0.03981512253266351,0.7165650063100049,822,822,32,-0.011574568518270257,0.019741153678051862,0.5576626956185928,-0.05026651874052232,0.027117381703981803,20.677841844545256,-0.36099755895243857,3.7724182808756033,0.9237636560286117,-7.754801524089124,7.032806406184247
right,Anti-pluralist party is the more RIGHT-wing of the top 2,2,backsliding_Nyr,Y_egaldem,V-Dem high-level democracy indices: Egalitarian,vdem_high,822,0.014455014969276293,0.03981512253266351,0.7165650063100049,822,822,32,-0.0089028448135749,0.01394938508992727,0.5233272948296985,-0.036243137196312364,0.018437447569162567,21.204539252633182,-0.3142532346082739,2.7412808652585268,0.9087325563089388,-5.687065002023782,5.0585585328072336
right,Anti-pluralist party is the more RIGHT-wing of the top 2,2,backsliding_Nyr,Y_elecoff,V-Dem mid-level: electoral component: Elected officials,vdem_electoral,822,0.014455014969276293,0.03981512253266351,0.7165650063100049,822,822,32,-0.08397352319915305,0.056892995965443546,0.13994643482571506,-0.19548174626400497,0.02753469986569887,17.364026610625512,-6.354993674252643,23.563053122829317,0.7873898116921574,-52.537729160802144,39.82774181229685
right,Anti-pluralist party is the more RIGHT-wing of the top 2,2,backsliding_Nyr,Y_frefair,V-Dem mid-level: electoral component: Clean elections,vdem_electoral,822,0.014455014969276293,0.03981512253266351,0.7165650063100049,822,822,32,-0.0344706790664023,0.03733582281659513,0.3558716259346798,-0.10764754712009753,0.03870618898729294,23.000438662402587,-1.9055682451527338,10.435199520609379,0.8551043035637185,-22.358183477036746,18.54704698673128
right,Anti-pluralist party is the more RIGHT-wing of the top 2,2,backsliding_Nyr,Y_frassoc,V-Dem mid-level: electoral component: Association,vdem_electoral,822,0.014455014969276293,0.03981512253266351,0.7165650063100049,822,822,32,-0.028226049746647563,0.018405136204931713,0.12512898627557661,-0.06429945383886793,0.007847354345572797,22.672019749253163,-1.154959851357216,5.823924303088646,0.8428001877265329,-12.569641734098491,10.25972203138406
right,Anti-pluralist party is the more RIGHT-wing of the top 2,2,backsliding_Nyr,Y_suffr,V-Dem mid-level: electoral component: Suffrage,vdem_electoral,822,0.014455014969276293,0.03981512253266351,0.7165650063100049,822,822,32,0.012289514179067061,0.013778681236379995,0.37243453738313675,-0.014716204798695544,0.039295233156829666,14.794674847240453,0.7974955287851739,3.3407439652717787,0.8113243021414421,-5.750242324717039,7.345233382287388
right,Anti-pluralist party is the more RIGHT-wing of the top 2,2,backsliding_Nyr,Y_freexp,V-Dem mid-level: electoral component: Expression & alt. info,vdem_electoral,822,0.014455014969276293,0.03981512253266351,0.7165650063100049,822,822,32,-0.017893760935972197,0.021731189826604286,0.41027273526131874,-0.06048611033731981,0.024698588465375412,17.5821338549249,-1.0994423027575173,5.90277405938959,0.8522419889404559,-12.668666868038404,10.46978226252337
right,Anti-pluralist party is the more RIGHT-wing of the top 2,2,backsliding_Nyr,Y_cl_rol,V-Dem mid-level: liberal component (see also Executive constraints),vdem_liberal,822,0.014455014969276293,0.03981512253266351,0.7165650063100049,822,822,32,-0.017689577227553925,0.01821487759160825,0.33146815263951424,-0.05339008128991176,0.01801092683480391,18.9377805587532,-0.8012648948496547,4.684170682921606,0.8641781557990371,-9.98207073081439,8.37954094111508
right,Anti-pluralist party is the more RIGHT-wing of the top 2,2,backsliding_Nyr,Y_cspart,V-Dem mid-level: participatory component: Civil society,vdem_particip,822,0.014455014969276293,0.03981512253266351,0.7165650063100049,822,822,32,-0.014379435994015902,0.019547152804978443,0.4619570221016185,-0.052691151492074734,0.023932279504042933,21.669718221178492,-0.4648581175242551,3.0662984118435466,0.8795005611552897,-6.47469257058997,5.5449763355414605
right,Anti-pluralist party is the more RIGHT-wing of the top 2,2,backsliding_Nyr,Y_dd,V-Dem mid-level: participatory component: Direct democracy,vdem_particip,822,0.014455014969276293,0.03981512253266351,0.7165650063100049,822,822,32,-0.010298951429612903,0.01287983121516818,0.42393186046088016,-0.035542956738297285,0.01494505387907148,18.60604712962567,-0.7428849021342006,2.392485327339745,0.7561749729668352,-5.43206997726062,3.9463001729922196
right,Anti-pluralist party is the more RIGHT-wing of the top 2,2,backsliding_Nyr,Y_locelec,V-Dem mid-level: participatory component: Local elections,vdem_particip,822,0.014455014969276293,0.03981512253266351,0.7165650063100049,822,811,31,-0.00882872822673867,0.02423675048043461,0.7156561800888263,-0.05633188627067434,0.038674429817197,24.525538060758624,0.007786406675224233,2.62298149334737,0.9976314569654602,-5.133162852400706,5.148735665751155
right,Anti-pluralist party is the more RIGHT-wing of the top 2,2,backsliding_Nyr,Y_regelec,V-Dem mid-level: participatory component: Regional elections,vdem_particip,822,0.014455014969276293,0.03981512253266351,0.7165650063100049,822,822,32,-0.03170009214070591,0.03220649296099665,0.3249796117675277,-0.09482365841260207,0.03142347413119025,19.122837606496198,-2.513577860254249,9.550380260186762,0.7924030663531917,-21.231979208882564,16.204823488374068
right,Anti-pluralist party is the more RIGHT-wing of the top 2,2,backsliding_Nyr,Y_delib,V-Dem mid-level: deliberative and egalitarian components: Deliberation,vdem_egal_delib,822,0.014455014969276293,0.03981512253266351,0.7165650063100049,822,822,32,-0.023536460623228977,0.023251972444513554,0.3114256991121903,-0.06910948918399329,0.022036567937535334,21.082528378992848,-0.9421674376835069,5.612628298291041,0.8666889823235872,-11.942716760944274,10.05838188557726
right,Anti-pluralist party is the more RIGHT-wing of the top 2,2,backsliding_Nyr,Y_eqprotec,V-Dem mid-level: deliberative and egalitarian components: Equal protection,vdem_egal_delib,822,0.014455014969276293,0.03981512253266351,0.7165650063100049,822,822,32,-0.0013045564855382226,0.009175093065922745,0.8869342345321449,-0.01928740844954998,0.016678295478473534,14.387799469050146,-0.04306800397756058,0.9766019222128132,0.9648248077015729,-1.9571725987472612,1.87103659079214
right,Anti-pluralist party is the more RIGHT-wing of the top 2,2,backsliding_Nyr,Y_eqaccess,V-Dem mid-level: deliberative and egalitarian components: Equal access,vdem_egal_delib,822,0.014455014969276293,0.03981512253266351,0.7165650063100049,822,822,32,-0.00473800392050396,0.012922071796441762,0.7138728157240501,-0.0300647992471706,0.020588791406162682,16.23727423175156,-0.24513888534701567,1.8779654088705373,0.8961437250135984,-3.9258834509453044,3.4356056802512733
right,Anti-pluralist party is the more RIGHT-wing of the top 2,2,backsliding_Nyr,Y_eqdr,V-Dem mid-level: deliberative and egalitarian components: Equal distribution,vdem_egal_delib,822,0.014455014969276293,0.03981512253266351,0.7165650063100049,822,822,32,-0.00470571915419979,0.00910468012883945,0.6052635394974979,-0.022550564297482603,0.013139125989083025,16.62869050188995,-0.30639049399033114,1.7211178440496007,0.8587085942512575,-3.6797194814767726,3.06693849349611
left,Anti-pluralist party is the more LEFT-wing of the top 2,2,backsliding_Nyr,Y_gdp_growth,GDP per capita growth: PWT,growth,517,0.06359123731738081,0.04862175698771832,0.19091531332099032,517,498,22,-0.06788379312166504,0.053149265699350065,0.20152134743492922,-0.17205443969714118,0.03628685345381111,15.261747985519074,-1.1806711822032903,1.4598214441360553,0.4186429654663986,-4.041868636569208,1.6805262721626277
left,Anti-pluralist party is the more LEFT-wing of the top 2,2,backsliding_Nyr,Y_gdp_growth_wb,GDP per capita growth: World Bank,growth,517,0.06359123731738081,0.04862175698771832,0.19091531332099032,517,500,22,-0.005004933332596537,0.04049053012288798,0.9016260513404508,-0.08436491408839113,0.07435504742319805,16.0993704777703,-0.20788299737038385,0.7946769058364789,0.7936341919552787,-1.7654211121556096,1.3496551174148421
left,Anti-pluralist party is the more LEFT-wing of the top 2,2,backsliding_Nyr,Y_gdp_growth_imf,GDP per capita growth: IMF WEO,growth,517,0.06359123731738081,0.04862175698771832,0.19091531332099032,517,373,18,-0.0038067586195586547,0.04472886081735641,0.9321759793930983,-0.091473714891082,0.08386019765196467,22.055740605118093,-0.0713316931916629,1.4320873641082184,0.9602741195918716,-2.8781713495586687,2.7355079631753427
left,Anti-pluralist party is the more LEFT-wing of the top 2,2,backsliding_Nyr,Y_inflation,Inflation,inflation,517,0.06359123731738081,0.04862175698771832,0.19091531332099032,517,436,20,0.05933366201031909,0.24612898687490373,0.8095029194777532,-0.42307028781582373,0.5417376118364619,15.646281617966489,0.5433584963180201,4.5038296244153,0.9039732845790055,-8.283985360040523,9.370702352676565
left,Anti-pluralist party is the more LEFT-wing of the top 2,2,backsliding_Nyr,Y_unemployment,Unemployment,unemployment,517,0.06359123731738081,0.04862175698771832,0.19091531332099032,517,376,20,0.4773700567827889,1.1812804002887565,0.6861300674699093,-1.8378969834262318,2.7926370969918093,17.90348171766783,12.764035203985127,23.087552028514615,0.5803636933384284,-32.48673526309817,58.01480567106843
left,Anti-pluralist party is the more LEFT-wing of the top 2,2,backsliding_Nyr,Y_trade_pct_gdp,Trade openness,trade,517,0.06359123731738081,0.04862175698771832,0.19091531332099032,517,463,20,-5.447016815612592,4.987779411985618,0.27480122831220544,-15.222884825934768,4.328851194709584,15.633180604529176,-70.09642601453606,92.60118546993641,0.4490671458470793,-251.59141446132512,111.39856243225299
left,Anti-pluralist party is the more LEFT-wing of the top 2,2,backsliding_Nyr,Y_top10_share,Top-10% income share,top10,517,0.06359123731738081,0.04862175698771832,0.19091531332099032,517,474,20,-2.239657363367994,1.215586671883661,0.06540938992633114,-4.622163460346877,0.14284873361088835,18.36640153514752,-41.02820147699562,40.39715404831654,0.3098098596349957,-120.20516848961245,38.14876553562121
left,Anti-pluralist party is the more LEFT-wing of the top 2,2,backsliding_Nyr,Y_gini_disp,Income inequality (Gini): Disposable,gini,517,0.06359123731738081,0.04862175698771832,0.19091531332099032,517,410,17,0.39274697041734374,0.4645588159281014,0.3978767947495301,-0.5177715775023071,1.3032655183369946,18.70181194126727,6.249631488621873,9.481789437849221,0.5098190904931607,-12.33433431855488,24.833597295798626
left,Anti-pluralist party is the more LEFT-wing of the top 2,2,backsliding_Nyr,Y_gini_mkt,Income inequality (Gini): Market,gini,517,0.06359123731738081,0.04862175698771832,0.19091531332099032,517,410,17,0.6276354922277213,0.4229672618506323,0.13783898220645602,-0.20136510763904014,1.4566360920944827,20.55963300027967,8.98898552644798,10.675515996899755,0.3997774115861497,-11.934641343856743,29.912612396752703
left,Anti-pluralist party is the more LEFT-wing of the top 2,2,backsliding_Nyr,Y_debt,Public debt and deficit: Debt / GDP,fiscal,517,0.06359123731738081,0.04862175698771832,0.19091531332099032,517,482,21,-6.806828482747317,5.73953783690536,0.23564042288756532,-18.056115930986742,4.44245896549211,19.34355718529467,-149.34572221931464,175.22078822366842,0.3940316317725547,-492.77215648042466,194.0807120417954
left,Anti-pluralist party is the more LEFT-wing of the top 2,2,backsliding_Nyr,Y_deficit,Public debt and deficit: Deficit / GDP,fiscal,517,0.06359123731738081,0.04862175698771832,0.19091531332099032,517,414,17,2.240348349568239,1.8760023466366944,0.23239425071969733,-1.436548684752307,5.917245383888785,19.2538245241978,13.18276904986779,34.65833871382454,0.7036755613965634,-54.746326593218555,81.11186469295413
left,Anti-pluralist party is the more LEFT-wing of the top 2,2,backsliding_Nyr,Y_checks_balances,Executive constraints: Checks & balances,institutions,517,0.06359123731738081,0.04862175698771832,0.19091531332099032,517,505,22,-0.013826221951218865,0.03091467513266223,0.6547031226577298,-0.07441787180499283,0.046765427902555105,16.814328482440086,-0.7038207062497839,0.7124131044630638,0.3231825125895574,-2.10012473311176,0.6924833206121921
left,Anti-pluralist party is the more LEFT-wing of the top 2,2,backsliding_Nyr,Y_jucon,Executive constraints: Judicial constraints,institutions,517,0.06359123731738081,0.04862175698771832,0.19091531332099032,517,515,22,-0.019230106691676498,0.02976861960270993,0.5182885268136062,-0.07757552898246099,0.039115315599108,19.035446940481958,-0.6615627514929937,0.7747385292524142,0.39315072859987055,-2.180022366263256,0.85689686327726855
left,Anti-pluralist party is the more LEFT-wing of the top 2,2,backsliding_Nyr,Y_legcon,Executive constraints: Legislative constraints,institutions,517,0.06359123731738081,0.04862175698771832,0.19091531332099032,517,505,22,0.004884988159070632,0.03763145569562735,0.8967157229987242,-0.06887130969017363,0.07864128600831491,18.981084944224914,-0.7033876257659308,0.7396553366898448,0.3416212590513438,-2.153085446650874,0.7463101951190123
left,Anti-pluralist party is the more LEFT-wing of the top 2,2,backsliding_Nyr,Y_hos_power,Executive power (ET): HOS,exec_power,517,0.06359123731738081,0.04862175698771832,0.19091531332099032,517,515,22,0.029406665585007413,0.017746648203715812,0.0975141263681924,-0.0053761257405780145,0.06418945691059284,15.531692564613817,0.5467686412712139,0.5603818494536554,0.32920955136573943,-0.5515596012478968,1.6450968837903246
left,Anti-pluralist party is the more LEFT-wing of the top 2,2,backsliding_Nyr,Y_hog_power,Executive power (ET): HOG,exec_power,517,0.06359123731738081,0.04862175698771832,0.19091531332099032,517,260,13,-0.005198481626664961,0.01604948055263412,0.746011155312435,-0.036654885480403826,0.026257922227073904,23.560143264441066,0.07452858638135962,0.17952384684944372,0.6780351105462372,-0.2773316878096344,0.42638886057235365
left,Anti-pluralist party is the more LEFT-wing of the top 2,2,backsliding_Nyr,Y_hos_power_vdem,Executive power (V-Dem): HOS (v2ex_hosw),exec_power_alt,517,0.06359123731738081,0.04862175698771832,0.19091531332099032,517,515,22,-0.005314203676605485,0.006196969373359035,0.3911416548283932,-0.017460040461686935,0.006831633108475966,12.796271239802895,-0.1607368896747775,0.1513231650900826,0.28814062958387116,-0.4573248432779481,0.13585106392839308
left,Anti-pluralist party is the more LEFT-wing of the top 2,2,backsliding_Nyr,Y_hog_power_vdem,Executive power (V-Dem): HOG (v2ex_hogw),exec_power_alt,517,0.06359123731738081,0.04862175698771832,0.19091531332099032,517,515,22,0.014446859227462229,0.008901001364327718,0.1045765804350033,-0.0029987828729619755,0.03189250132788643,11.899327043458637,0.2194559019109979,0.19090096198519974,0.25031695557131545,-0.15470310819404343,0.5936149120160392
left,Anti-pluralist party is the more LEFT-wing of the top 2,2,backsliding_Nyr,Y_polyarchy,V-Dem high-level democracy indices: Electoral (polyarchy),vdem_high,517,0.06359123731738081,0.04862175698771832,0.19091531332099032,517,515,22,-0.020858620887134735,0.024579083543279482,0.3960855501235346,-0.06903273940496364,0.02731549763069417,21.4370682802104,-0.23856894253878974,0.43647709216287484,0.5846684247981222,-1.094048323254794,0.6169104381772146
left,Anti-pluralist party is the more LEFT-wing of the top 2,2,backsliding_Nyr,Y_libdem,V-Dem high-level democracy indices: Liberal,vdem_high,517,0.06359123731738081,0.04862175698771832,0.19091531332099032,517,515,22,-0.017986181921085698,0.02451127366359795,0.4630753828243702,-0.06602739551694281,0.030055031674771415,21.482330165147353,-0.28990356263469685,0.48494592067302356,0.5499694120652974,-1.2403801016034408,0.660572976334047
left,Anti-pluralist party is the more LEFT-wing of the top 2,2,backsliding_Nyr,Y_partipdem,V-Dem high-level democracy indices: Participatory,vdem_high,517,0.06359123731738081,0.04862175698771832,0.19091531332099032,517,514,22,-0.006833921854017433,0.016698713553872573,0.6823573764479867,-0.03956279900775852,0.025894955299723653,19.15816586650347,-0.09717265217985266,0.28290388693952,0.7312351906183696,-0.651654081667703,0.45730877730799774
left,Anti-pluralist party is the more LEFT-wing of the top 2,2,backsliding_Nyr,Y_delibdem,V-Dem high-level democracy indices: Deliberative,vdem_high,517,0.06359123731738081,0.04862175698771832,0.19091531332099032,517,515,22,-0.01509388397297427,0.02466519915076208,0.5405704272542978,-0.06343678597997586,0.033249018034027314,21.86895051165424,-0.08542095891308885,0.39261229380188994,0.8277635613828724,-0.8549269146524512,0.6840849968262734
left,Anti-pluralist party is the more LEFT-wing of the top 2,2,backsliding_Nyr,Y_egaldem,V-Dem high-level democracy indices: Egalitarian,vdem_high,517,0.06359123731738081,0.04862175698771832,0.19091531332099032,517,515,22,-0.013960867567148455,0.0166393864068781,0.40145506538889036,-0.04657346564947486,0.018651730515177947,22.39022253672496,-0.033117702198975085,0.2926516379130459,0.9099003404074126,-0.6067043725252015,0.5404689681272512
left,Anti-pluralist party is the more LEFT-wing of the top 2,2,backsliding_Nyr,Y_elecoff,V-Dem mid-level: electoral component: Elected officials,vdem_electoral,517,0.06359123731738081,0.04862175698771832,0.19091531332099032,517,515,22,-0.056744916623247946,0.04419252044414178,0.19912833464150845,-0.14336066507981582,0.02987083183331994,14.899303723255239,-1.3639343082482882,1.2767715870435279,0.28539961105759054,-3.8663606353376485,1.138492018841072
left,Anti-pluralist party is the more LEFT-wing of the top 2,2,backsliding_Nyr,Y_frefair,V-Dem mid-level: electoral component: Clean elections,vdem_electoral,517,0.06359123731738081,0.04862175698771832,0.19091531332099032,517,515,22,-0.03736192273129396,0.03852246971865493,0.33210954804726417,-0.11286457597539243,0.038140730512804505,16.709536250261152,-0.43532803495736294,0.7811645009351961,0.5773355419027811,-1.966382322791552,1.0957262528768261
left,Anti-pluralist party is the more LEFT-wing of the top 2,2,backsliding_Nyr,Y_frassoc,V-Dem mid-level: electoral component: Association,vdem_electoral,517,0.06359123731738081,0.04862175698771832,0.19091531332099032,517,515,22,-0.0037775144117858433,0.015019422733844576,0.8014208920216366,-0.03321504203870332,0.025660013215131634,15.202960431219745,-0.12115149148672365,0.29323235778936985,0.6794903653017137,-0.6958763518556516,0.45357336888220423
left,Anti-pluralist party is the more LEFT-wing of the top 2,2,backsliding_Nyr,Y_suffr,V-Dem mid-level: electoral component: Suffrage,vdem_electoral,517,0.06359123731738081,0.04862175698771832,0.19091531332099032,517,515,22,-0.0019953513545241846,0.0012376917616904457,0.1069281458292621,-0.0044211826313993886,4.3047992235101945e-4,9.415069961702665,-0.048875710732822375,0.02997373033463898,0.10297090272040665,-0.10762314267103046,0.009871721205385708
left,Anti-pluralist party is the more LEFT-wing of the top 2,2,backsliding_Nyr,Y_freexp,V-Dem mid-level: electoral component: Expression & alt. info,vdem_electoral,517,0.06359123731738081,0.04862175698771832,0.19091531332099032,517,515,22,-0.01341523940269825,0.021010051890838776,0.5231383033327508,-0.054594184422059905,0.0277637056166634,16.533429237011816,-0.2828993872391481,0.5799682245583759,0.6257026419114614,-1.419616219551203,0.8538174450729068
left,Anti-pluralist party is the more LEFT-wing of the top 2,2,backsliding_Nyr,Y_cl_rol,V-Dem mid-level: liberal component (see also Executive constraints),vdem_liberal,517,0.06359123731738081,0.04862175698771832,0.19091531332099032,517,515,22,-0.014764628077310448,0.02177301770232889,0.4976982514201422,-0.057438958608628105,0.027909702454007205,20.224410971381072,-0.2769618816296663,0.42252415183138264,0.512149999154339,-1.1050940018175095,0.5511702385581769
left,Anti-pluralist party is the more LEFT-wing of the top 2,2,backsliding_Nyr,Y_cspart,V-Dem mid-level: participatory component: Civil society,vdem_particip,517,0.06359123731738081,0.04862175698771832,0.19091531332099032,517,515,22,-0.004588580018943194,0.016237073126012316,0.7774842757542648,-0.03641265856027052,0.027235498522384126,14.337808571566514,-0.12157261549325489,0.35007772842214635,0.7283860773498453,-0.8077123549902556,0.5645671240037458
left,Anti-pluralist party is the more LEFT-wing of the top 2,2,backsliding_Nyr,Y_dd,V-Dem mid-level: participatory component: Direct democracy,vdem_particip,517,0.06359123731738081,0.04862175698771832,0.19091531332099032,517,515,22,0.012135279267647308,0.020767952221478776,0.5590001989531473,-0.028569159119099685,0.0528397176543943,21.735661080137895,0.40493345008084947,0.5759613854205919,0.48202048089505173,-0.7239301218293033,1.5337970219910022
left,Anti-pluralist party is the more LEFT-wing of the top 2,2,backsliding_Nyr,Y_locelec,V-Dem mid-level: participatory component: Local elections,vdem_particip,517,0.06359123731738081,0.04862175698771832,0.19091531332099032,517,511,22,-0.015645908439427942,0.022736350730349443,0.4913614094752317,-0.06020833701078379,0.028916520131927904,17.887326778112193,-0.4624883481672958,0.5933365104050802,0.4357025671352744,-1.6254065392739276,0.700429842939336
left,Anti-pluralist party is the more LEFT-wing of the top 2,2,backsliding_Nyr,Y_regelec,V-Dem mid-level: participatory component: Regional elections,vdem_particip,517,0.06359123731738081,0.04862175698771832,0.19091531332099032,517,514,22,-0.04030870117588981,0.030004887761198175,0.17914103126214673,-0.09911720054800487,0.018499798196225242,19.714279660766117,-0.25978031152026687,0.5696256196363437,0.648350807660037,-1.376226010678812,0.8566653876382784
left,Anti-pluralist party is the more LEFT-wing of the top 2,2,backsliding_Nyr,Y_delib,V-Dem mid-level: deliberative and egalitarian components: Deliberation,vdem_egal_delib,517,0.06359123731738081,0.04862175698771832,0.19091531332099032,517,515,22,-0.020588090188799636,0.03149508237689062,0.5133101192612619,-0.08231731733762739,0.04114113696002811,19.811992854206967,-0.26305046175100977,0.5737679356083754,0.646620974759075,-1.387614951027322,0.8615140275253025
left,Anti-pluralist party is the more LEFT-wing of the top 2,2,backsliding_Nyr,Y_eqprotec,V-Dem mid-level: deliberative and egalitarian components: Equal protection,vdem_egal_delib,517,0.06359123731738081,0.04862175698771832,0.19091531332099032,517,515,22,0.008739155003628218,0.018983538240828955,0.6452618731507377,-0.028467896247535377,0.045946206254791816,21.769658791539513,0.20596493742866123,0.42907751380429643,0.6312145816413948,-0.6350115362037474,1.0469414110610697
left,Anti-pluralist party is the more LEFT-wing of the top 2,2,backsliding_Nyr,Y_eqaccess,V-Dem mid-level: deliberative and egalitarian components: Equal access,vdem_egal_delib,517,0.06359123731738081,0.04862175698771832,0.19091531332099032,517,515,22,-0.005447146863507222,0.015614580753462361,0.7272019062910967,-0.03605116277398574,0.025156869046971293,16.407122559655317,-0.12769694446324423,0.3105910029710237,0.6809685601099293,-0.7364441242086234,0.481050235282135
left,Anti-pluralist party is the more LEFT-wing of the top 2,2,backsliding_Nyr,Y_eqdr,V-Dem mid-level: deliberative and egalitarian components: Equal distribution,vdem_egal_delib,517,0.06359123731738081,0.04862175698771832,0.19091531332099032,517,515,22,-0.001529277007552181,0.01586334870626193,0.9232003792897481,-0.03262086914602562,0.029562315130921255,15.257248903932398,0.008117412382733967,0.300350392782002,0.9784386177419464,-0.5805585402124487,0.5967933649779167
right,Anti-pluralist party is the more RIGHT-wing of the top 2,3,backsliding_Nyr,Y_gdp_growth,GDP per capita growth: PWT,growth,822,0.022592864594689885,0.048770689201814134,0.6431874903957789,822,775,47,-0.04074993752735522,0.0201629087080995,0.04327617635869859,-0.08026851241879926,-0.0012313626359111846,16.097655322440605,-1667.432589334292,11125.742787875824,0.8808659386292484,-23473.487754827154,20138.622576158574
right,Anti-pluralist party is the more RIGHT-wing of the top 2,3,backsliding_Nyr,Y_gdp_growth_wb,GDP per capita growth: World Bank,growth,822,0.022592864594689885,0.048770689201814134,0.6431874903957789,822,787,47,-0.03574540552738605,0.017618320412879217,0.04247081727913191,-0.07027667900471615,-0.0012141320500559452,19.552701198527945,-19.75825601984306,206.87595267541326,0.9239115376687531,-425.22767253106554,385.7111604913795
right,Anti-pluralist party is the more RIGHT-wing of the top 2,3,backsliding_Nyr,Y_gdp_growth_imf,GDP per capita growth: IMF WEO,growth,822,0.022592864594689885,0.048770689201814134,0.6431874903957789,822,618,40,-0.03559611741654577,0.02021572603712861,0.07827002357502749,-0.07521821237064646,0.004025977537554924,16.026992165156607,-4.452373153241663,10.698511460656393,0.6772874134021427,-25.421070304317194,16.51632399783387
right,Anti-pluralist party is the more RIGHT-wing of the top 2,3,backsliding_Nyr,Y_inflation,Inflation,inflation,822,0.022592864594689885,0.048770689201814134,0.6431874903957789,822,747,43,0.04257382863095266,0.21192110144333742,0.8407809026742088,-0.3727838977620478,0.4579315550239531,17.362266574637285,110.61005265380084,518.2813525397283,0.8310017199861,-905.2027321827733,1126.422837490375
right,Anti-pluralist party is the more RIGHT-wing of the top 2,3,backsliding_Nyr,Y_unemployment,Unemployment,unemployment,822,0.022592864594689885,0.048770689201814134,0.6431874903957789,822,541,37,0.013166034838126763,0.6412617325176034,0.9836194218479017,-1.243683865560133,1.2700159352363867,16.475526521696867,-0.2084721453335905,24.47239475009042,0.9932031705085684,-48.17348447095789,47.75654018029071
right,Anti-pluralist party is the more RIGHT-wing of the top 2,3,backsliding_Nyr,Y_trade_pct_gdp,Trade openness,trade,822,0.022592864594689885,0.048770689201814134,0.6431874903957789,822,696,43,1.841814192602953,2.707490101719254,0.49633587777425564,-3.4647688952654705,7.148397280471377,15.912346101379939,54.315230280143254,825.9208503864598,0.9475663238788206,-1564.459890558012,1673.0903511182983
right,Anti-pluralist party is the more RIGHT-wing of the top 2,3,backsliding_Nyr,Y_top10_share,Top-10% income share,top10,822,0.022592864594689885,0.048770689201814134,0.6431874903957789,822,727,42,0.0828669765876357,0.4429216530315634,0.8515887152455024,-0.7852435113271743,0.9509774645024458,23.976944852183475,7.206782447176087,161.6661193632976,0.9644435298875026,-309.6529890252406,324.0665539195927
right,Anti-pluralist party is the more RIGHT-wing of the top 2,3,backsliding_Nyr,Y_gini_disp,Income inequality (Gini): Disposable,gini,822,0.022592864594689885,0.048770689201814134,0.6431874903957789,822,630,39,0.19532460031149232,0.3032815604212657,0.5195513259455806,-0.39909633528929656,0.7897455359122812,17.882181256828012,-3.2896660948712153,44.5105067652317,0.941083884062028,-90.52865628835175,83.94932409860931
right,Anti-pluralist party is the more RIGHT-wing of the top 2,3,backsliding_Nyr,Y_gini_mkt,Income inequality (Gini): Market,gini,822,0.022592864594689885,0.048770689201814134,0.6431874903957789,822,630,39,0.12866516478372744,0.3075854524164075,0.6757226320702099,-0.47419124412088953,0.7315215736883445,18.573200293225764,-3.7602032293142975,30.242157555650206,0.901048869471552,-63.03374285317456,55.51333639454596
right,Anti-pluralist party is the more RIGHT-wing of the top 2,3,backsliding_Nyr,Y_debt,Public debt and deficit: Debt / GDP,fiscal,822,0.022592864594689885,0.048770689201814134,0.6431874903957789,822,770,45,1.805630287503292,7.921096049988122,0.8196834975992968,-13.719432688555905,17.330693263562488,18.910285999566955,2118.8024314423947,14066.87076133327,0.8802726595711305,-25451.757635950336,29689.362498835122
right,Anti-pluralist party is the more RIGHT-wing of the top 2,3,backsliding_Nyr,Y_deficit,Public debt and deficit: Deficit / GDP,fiscal,822,0.022592864594689885,0.048770689201814134,0.6431874903957789,822,690,42,1.6087126008007426,1.287139868525317,0.211359787092044,-0.9140351845744981,4.131460386175983,21.893216037643047,444.12475846147686,2780.47231586868,0.8730937916795032,-5005.500840651812,5893.750357574765
right,Anti-pluralist party is the more RIGHT-wing of the top 2,3,backsliding_Nyr,Y_checks_balances,Executive constraints: Checks & balances,institutions,822,0.022592864594689885,0.048770689201814134,0.6431874903957789,822,789,42,-6.591946542046784e-4,0.014969590994100756,0.9648760408992842,-0.029999053865937295,0.02868066455752794,20.314173196383138,-0.3403613195562223,3.1775678164984367,0.9146987103298473,-6.568279798326735,5.887557159214291
right,Anti-pluralist party is the more RIGHT-wing of the top 2,3,backsliding_Nyr,Y_jucon,Executive constraints: Judicial constraints,institutions,822,0.022592864594689885,0.048770689201814134,0.6431874903957789,822,809,48,-0.0146861917143172,0.021030883548904564,0.48497991524744327,-0.05590596603322605,0.02653358260459165,21.3499598744541,-4.993035369670796,36.03837143250702,0.8898075323566139,-75.62694543886168,65.6408746995201
right,Anti-pluralist party is the more RIGHT-wing of the top 2,3,backsliding_Nyr,Y_legcon,Executive constraints: Legislative constraints,institutions,822,0.022592864594689885,0.048770689201814134,0.6431874903957789,822,789,42,-0.014174341136790544,0.021164668263778542,0.5030381221011693,-0.05565632867853435,0.027307646404953263,21.043685497154467,-1.842956236252669,10.08910118406482,0.8550585021276742,-21.617231193400123,17.931318720894787
right,Anti-pluralist party is the more RIGHT-wing of the top 2,3,backsliding_Nyr,Y_hos_power,Executive power (ET): HOS,exec_power,822,0.022592864594689885,0.048770689201814134,0.6431874903957789,822,809,48,-0.006470317356103216,0.016066102488483426,0.6871461336126351,-0.03795929960546006,0.02501866489325363,17.13296587574974,-2.6412552842311703,10.57099475018031,0.8026966026175663,-23.360024275346557,18.077513706884215
right,Anti-pluralist party is the more RIGHT-wing of the top 2,3,backsliding_Nyr,Y_hog_power,Executive power (ET): HOG,exec_power,822,0.022592864594689885,0.048770689201814134,0.6431874903957789,822,428,31,0.025982410553072773,0.01566919123094219,0.09728022556180362,-0.0047286399264447505,0.05669346103259029,25.44241444412465,-0.566769712465828,9.628583113631034,0.9530610280762771,-19.438445837333184,18.30490641240153
right,Anti-pluralist party is the more RIGHT-wing of the top 2,3,backsliding_Nyr,Y_hos_power_vdem,Executive power (V-Dem): HOS (v2ex_hosw),exec_power_alt,822,0.022592864594689885,0.048770689201814134,0.6431874903957789,822,809,48,0.006222813547170777,0.021771813352848286,0.775016205273628,-0.03644915650254009,0.04889478359688164,18.452271330503226,3.2645940418466317,27.649051805745817,0.9060101734957611,-50.92655170409729,57.45573978779056
right,Anti-pluralist party is the more RIGHT-wing of the top 2,3,backsliding_Nyr,Y_hog_power_vdem,Executive power (V-Dem): HOG (v2ex_hogw),exec_power_alt,822,0.022592864594689885,0.048770689201814134,0.6431874903957789,822,809,48,0.002135400107240894,0.021450530396726807,0.9207015979363427,-0.03990686691962531,0.0441776671341071,15.511468234635526,-0.6440186955020193,21.75575067214676,0.9763842882675202,-43.28450646954273,41.99646907853869
right,Anti-pluralist party is the more RIGHT-wing of the top 2,3,backsliding_Nyr,Y_polyarchy,V-Dem high-level democracy indices: Electoral (polyarchy),vdem_high,822,0.022592864594689885,0.048770689201814134,0.6431874903957789,822,809,48,-0.01662031080609564,0.0241999038805023,0.4922135404330407,-0.06405125084121123,0.030810629229019948,20.6215128579751,-6.011418002733021,41.710902153845424,0.8854049019134388,-87.7632839869442,75.74044798147816
right,Anti-pluralist party is the more RIGHT-wing of the top 2,3,backsliding_Nyr,Y_libdem,V-Dem high-level democracy indices: Liberal,vdem_high,822,0.022592864594689885,0.048770689201814134,0.6431874903957789,822,809,48,-0.015918584626388694,0.020275936976194186,0.43239648646930806,-0.05565869085253325,0.023821521599755865,20.47795628083613,-6.848788618607523,49.21163087352999,0.8893157187666799,-103.30181275120567,89.60423551399062
right,Anti-pluralist party is the more RIGHT-wing of the top 2,3,backsliding_Nyr,Y_partipdem,V-Dem high-level democracy indices: Participatory,vdem_high,822,0.022592864594689885,0.048770689201814134,0.6431874903957789,822,809,48,-0.01392696279925358,0.015784338319917116,0.3775994884897643,-0.044863697426086584,0.01700977182757942,23.55328796560421,-1.6261691174782134,9.185439238550789,0.8594787700065042,-19.62929920721877,16.376960972262346
right,Anti-pluralist party is the more RIGHT-wing of the top 2,3,backsliding_Nyr,Y_delibdem,V-Dem high-level democracy indices: Deliberative,vdem_high,822,0.022592864594689885,0.048770689201814134,0.6431874903957789,822,809,48,-0.014337098926439633,0.022019360759270558,0.5149733434725928,-0.05749425297720445,0.028820055124325186,20.146367526568564,-6.185683611615962,51.57480662041266,0.9045337296143346,-107.27044709724268,94.89907987401077
right,Anti-pluralist party is the more RIGHT-wing of the top 2,3,backsliding_Nyr,Y_egaldem,V-Dem high-level democracy indices: Egalitarian,vdem_high,822,0.022592864594689885,0.048770689201814134,0.6431874903957789,822,809,48,-0.014779497099683082,0.013914750818080758,0.2881694042132514,-0.04205190755697061,0.012492913357604446,23.767934382208974,-3.8709532450272155,27.263483233859926,0.8870933726871686,-57.306398476504256,49.56449198644982
right,Anti-pluralist party is the more RIGHT-wing of the top 2,3,backsliding_Nyr,Y_elecoff,V-Dem mid-level: electoral component: Elected officials,vdem_electoral,822,0.022592864594689885,0.048770689201814134,0.6431874903957789,822,809,48,-0.057150969230858384,0.05650074725407683,0.31177325779973614,-0.1678903989484493,0.05358846048673252,16.955558541524752,-7.773277688853581,32.090575498912514,0.8086024916543425,-70.66964990988556,55.1230945321784
right,Anti-pluralist party is the more RIGHT-wing of the top 2,3,backsliding_Nyr,Y_frefair,V-Dem mid-level: electoral component: Clean elections,vdem_electoral,822,0.022592864594689885,0.048770689201814134,0.6431874903957789,822,809,48,-0.02549041586992808,0.03985542884663617,0.5224508984305544,-0.10360562099773368,0.05262478925787753,22.06187481415552,-4.243573307642088,19.79428468230508,0.8302477997556145,-43.03965838469289,34.55251176940872
right,Anti-pluralist party is the more RIGHT-wing of the top 2,3,backsliding_Nyr,Y_frassoc,V-Dem mid-level: electoral component: Association,vdem_electoral,822,0.022592864594689885,0.048770689201814134,0.6431874903957789,822,809,48,-0.035545185236214256,0.02311339605044112,0.1240826590718209,-0.08084660905548917,0.009756238583060656,22.31885489838713,-6.264497539446357,32.62154421859156,0.8477143262529002,-70.20154932796662,57.6725542490739
right,Anti-pluralist party is the more RIGHT-wing of the top 2,3,backsliding_Nyr,Y_suffr,V-Dem mid-level: electoral component: Suffrage,vdem_electoral,822,0.022592864594689885,0.048770689201814134,0.6431874903957789,822,809,48,0.012038559975481603,0.013786782560977309,0.382556389498718,-0.014983037306718804,0.03906015725768201,15.037186213425771,9.922967971994877,34.68112333714089,0.7747861042201224,-58.05078471219281,77.89672065618257
right,Anti-pluralist party is the more RIGHT-wing of the top 2,3,backsliding_Nyr,Y_freexp,V-Dem mid-level: electoral component: Expression & alt. info,vdem_electoral,822,0.022592864594689885,0.048770689201814134,0.6431874903957789,822,809,48,-0.02630168344396496,0.02163788260485113,0.2241607022483103,-0.06871115405117889,0.016107787163248975,20.104389263578113,-8.43723172269845,59.251336240721656,0.8867661760058303,-124.56771679038573,107.69325334498885
right,Anti-pluralist party is the more RIGHT-wing of the top 2,3,backsliding_Nyr,Y_cl_rol,V-Dem mid-level: liberal component (see also Executive constraints),vdem_liberal,822,0.022592864594689885,0.048770689201814134,0.6431874903957789,822,809,48,-0.02645990106156265,0.02039086093197386,0.1944126840450943,-0.06642525410199623,0.01350545197887094,20.982251117410247,-5.66028574417525,30.89110131050839,0.8546147813604617,-66.20573175554973,54.88516026719924
right,Anti-pluralist party is the more RIGHT-wing of the top 2,3,backsliding_Nyr,Y_cspart,V-Dem mid-level: participatory component: Civil society,vdem_particip,822,0.022592864594689885,0.048770689201814134,0.6431874903957789,822,809,48,-0.015440047090030008,0.019471415301470105,0.4278013191800749,-0.05360331980893352,0.0227232256288735,23.881561673681738,-0.5085648711241716,4.304675783487579,0.9059548020449748,-8.945574371881564,7.928444629633221
right,Anti-pluralist party is the more RIGHT-wing of the top 2,3,backsliding_Nyr,Y_dd,V-Dem mid-level: participatory component: Direct democracy,vdem_particip,822,0.022592864594689885,0.048770689201814134,0.6431874903957789,822,809,48,-0.007418721590529717,0.013507282003398631,0.5828416703862906,-0.03389250784621705,0.01905506466515762,20.691315863767507,-0.675015492439115,1.7802414126354678,0.7045610620982707,-4.16422454499134,2.8141935601131096
right,Anti-pluralist party is the more RIGHT-wing of the top 2,3,backsliding_Nyr,Y_locelec,V-Dem mid-level: participatory component: Local elections,vdem_particip,822,0.022592864594689885,0.048770689201814134,0.6431874903957789,822,798,47,-0.014930560646064402,0.02544979466972164,0.5574272178392593,-0.06481124161265824,0.03495012032052944,25.31543192242626,-1.1894367676505624,7.2560724438647215,0.8697918035453921,-15.411077426838945,13.03220389153782
right,Anti-pluralist party is the more RIGHT-wing of the top 2,3,backsliding_Nyr,Y_regelec,V-Dem mid-level: participatory component: Regional elections,vdem_particip,822,0.022592864594689885,0.048770689201814134,0.6431874903957789,822,809,48,-0.0462730354298759,0.038294711716522024,0.22691647356842357,-0.12132929119260308,0.028783220332851273,17.322664771627064,-8.767612512984382,33.062850656204446,0.7908706666535887,-73.56960902537158,56.034383999402806
right,Anti-pluralist party is the more RIGHT-wing of the top 2,3,backsliding_Nyr,Y_delib,V-Dem mid-level: deliberative and egalitarian components: Deliberation,vdem_egal_delib,822,0.022592864594689885,0.048770689201814134,0.6431874903957789,822,809,48,-0.02217121866841155,0.02682205167590571,0.4084614761994665,-0.07474147394465892,0.030399036607835817,19.759476473958937,-8.684044597029503,60.59340556209345,0.886040097652689,-127.44493719936162,110.07684800530262
right,Anti-pluralist party is the more RIGHT-wing of the top 2,3,backsliding_Nyr,Y_eqprotec,V-Dem mid-level: deliberative and egalitarian components: Equal protection,vdem_egal_delib,822,0.022592864594689885,0.048770689201814134,0.6431874903957789,822,809,48,-0.00341508075696128,0.011470162557111292,0.7659046356330791,-0.025896186265719254,0.019066024751796695,14.389035412325006,-1.8197088677186732,9.0351771797411,0.8403837224554519,-19.528330733949403,15.888912998512055
right,Anti-pluralist party is the more RIGHT-wing of the top 2,3,backsliding_Nyr,Y_eqaccess,V-Dem mid-level: deliberative and egalitarian components: Equal access,vdem_egal_delib,822,0.022592864594689885,0.048770689201814134,0.6431874903957789,822,809,48,-0.01237418118538059,0.013969620169270792,0.3757294905106898,-0.03975413359485567,0.015005771224094487,18.704359489574465,-7.124653376292763,45.93368276742792,0.8767366609672691,-97.15301727773956,82.90371052515405
right,Anti-pluralist party is the more RIGHT-wing of the top 2,3,backsliding_Nyr,Y_eqdr,V-Dem mid-level: deliberative and egalitarian components: Equal distribution,vdem_egal_delib,822,0.022592864594689885,0.048770689201814134,0.6431874903957789,822,809,48,-0.005384702723805556,0.00948017970976996,0.5700377864936395,-0.02396551352192205,0.013196108074310941,16.98030309605888,-1.5365462252349276,7.068380152738374,0.8279098186746054,-15.390316753639862,12.317224303170008
left,Anti-pluralist party is the more LEFT-wing of the top 2,3,backsliding_Nyr,Y_gdp_growth,GDP per capita growth: PWT,growth,517,0.09988223398411764,0.054353224928566535,0.06611391410053137,517,491,37,-0.0720973441715908,0.06946380178179062,0.2993108202542427,-0.2082438938931296,0.064049205549948,15.969047443276548,-0.8317131525861099,1.1058833204428942,0.4520027194918151,-2.999204631757749,1.3357783265855294
left,Anti-pluralist party is the more LEFT-wing of the top 2,3,backsliding_Nyr,Y_gdp_growth_wb,GDP per capita growth: World Bank,growth,517,0.09988223398411764,0.054353224928566535,0.06611391410053137,517,497,37,-0.007573470955897235,0.050764990216834414,0.8814061653509012,-0.10707102345642085,0.09192408154462638,15.728561353889077,-0.18638479256855658,0.6932423639867655,0.7880378071505156,-1.5451148585400236,1.1723452734029103
left,Anti-pluralist party is the more LEFT-wing of the top 2,3,backsliding_Nyr,Y_gdp_growth_imf,GDP per capita growth: IMF WEO,growth,517,0.09988223398411764,0.054353224928566535,0.06611391410053137,517,370,30,-0.023788186548203034,0.047982452572350995,0.6200577808628361,-0.11783206547991223,0.07025569238350615,23.9360529105987,-0.047330088818922346,0.9952233037480702,0.962069098720892,-1.9979319207401058,1.9032717431022612
left,Anti-pluralist party is the more LEFT-wing of the top 2,3,backsliding_Nyr,Y_inflation,Inflation,inflation,517,0.09988223398411764,0.054353224928566535,0.06611391410053137,517,433,34,0.045031323470441975,0.3082005861491842,0.8838342043745966,-0.5590307253960931,0.6490933723369772,15.635186248623032,0.052292780782888265,4.01299133157848,0.9896031617794642,-7.813025699382363,7.91761126094814
left,Anti-pluralist party is the more LEFT-wing of the top 2,3,backsliding_Nyr,Y_unemployment,Unemployment,unemployment,517,0.09988223398411764,0.054353224928566535,0.06611391410053137,517,368,35,1.0727245858080958,1.550204838802836,0.4889442816797178,-1.965621066905182,4.111070238521373,17.80950365521203,18.30979418663511,34.3706563494314,0.5942302769833777,-49.05545438325334,85.67504275652357
left,Anti-pluralist party is the more LEFT-wing of the top 2,3,backsliding_Nyr,Y_trade_pct_gdp,Trade openness,trade,517,0.09988223398411764,0.054353224928566535,0.06611391410053137,517,460,35,-8.721023846566768,5.699306896986879,0.12596964399481242,-19.891460101501778,2.4494124083682447,13.85277951521611,-85.98788124422785,81.93292094912579,0.2939520936613744,-246.57345545268163,74.59769296422593
left,Anti-pluralist party is the more LEFT-wing of the top 2,3,backsliding_Nyr,Y_top10_share,Top-10% income share,top10,517,0.09988223398411764,0.054353224928566535,0.06611391410053137,517,470,35,-2.016528879351706,1.3281782354837983,0.12894716121352381,-4.619710385949909,0.5866526272464965,21.61759460836828,-30.902045279171915,29.486053712303704,0.2946282788243012,-88.69364860150071,26.88955804315689
left,Anti-pluralist party is the more LEFT-wing of the top 2,3,backsliding_Nyr,Y_gini_disp,Income inequality (Gini): Disposable,gini,517,0.09988223398411764,0.054353224928566535,0.06611391410053137,517,401,29,0.6675097464401203,0.5880486166250128,0.2563221926068763,-0.4850443633035062,1.8200638561837468,18.318111175501926,6.517926732924705,8.151332402867393,0.42393395987888843,-9.458391202709718,22.494244668559126
left,Anti-pluralist party is the more LEFT-wing of the top 2,3,backsliding_Nyr,Y_gini_mkt,Income inequality (Gini): Market,gini,517,0.09988223398411764,0.054353224928566535,0.06611391410053137,517,401,29,0.873289769922283,0.542784479005998,0.10763666970897165,-0.19054826029680982,1.9371278001413759,21.604157467616776,9.268124773757386,9.330202647378288,0.32054109115360446,-9.018736383564317,27.554985931079088
left,Anti-pluralist party is the more LEFT-wing of the top 2,3,backsliding_Nyr,Y_debt,Public debt and deficit: Debt / GDP,fiscal,517,0.09988223398411764,0.054353224928566535,0.06611391410053137,517,479,36,-2.5973237139484775,7.110764560606802,0.7149125212423957,-16.53416615528159,11.339518727384633,16.49034105423836,-41.59740057292641,108.4002406051207,0.701171899303979,-254.05796807443926,170.86316692858645
left,Anti-pluralist party is the more LEFT-wing of the top 2,3,backsliding_Nyr,Y_deficit,Public debt and deficit: Deficit / GDP,fiscal,517,0.09988223398411764,0.054353224928566535,0.06611391410053137,517,411,31,3.013215726525711,2.2488566096573304,0.1802817973662199,-1.3944622347975062,7.4208936878489276,20.033057669423563,23.17053733054437,27.94328949490404,0.40699202081270913,-31.59730368904397,77.93837835013271
left,Anti-pluralist party is the more LEFT-wing of the top 2,3,backsliding_Nyr,Y_checks_balances,Executive constraints: Checks & balances,institutions,517,0.09988223398411764,0.054353224928566535,0.06611391410053137,517,494,34,-0.010944637752924386,0.03281798921930553,0.7387606070020214,-0.07526671466778696,0.0533774391619382,16.177066381450928,-0.28445394313813976,0.4290961118247071,0.5073854508181648,-1.125466868220737,0.5565589819444574
left,Anti-pluralist party is the more LEFT-wing of the top 2,3,backsliding_Nyr,Y_jucon,Executive constraints: Judicial constraints,institutions,517,0.09988223398411764,0.054353224928566535,0.06611391410053137,517,507,37,-0.020696263377009295,0.03379376965841996,0.5402543742705185,-0.08693083480935483,0.04553830805533625,19.63268916673352,-0.4077899832659498,0.5458766128493363,0.4550412754956706,-1.477688484453363,0.6621085179214636
left,Anti-pluralist party is the more LEFT-wing of the top 2,3,backsliding_Nyr,Y_legcon,Executive constraints: Legislative constraints,institutions,517,0.09988223398411764,0.054353224928566535,0.06611391410053137,517,494,34,0.005938776030669279,0.039583271110335085,0.8807389959345604,-0.07164300973587226,0.08352056179721082,17.045462904375608,-0.3189962907251861,0.4620119861635703,0.4899110864789649,-1.2245231440316013,0.5865305625812292
left,Anti-pluralist party is the more LEFT-wing of the top 2,3,backsliding_Nyr,Y_hos_power,Executive power (ET): HOS,exec_power,517,0.09988223398411764,0.054353224928566535,0.06611391410053137,517,507,37,0.029574931172954764,0.019409890021004607,0.12758261690583014,-0.008467754212097642,0.06761761655800717,15.524639698939184,0.35120776483836613,0.3309982462736828,0.2886643292644335,-0.2975368768039711,0.9999524064807034
left,Anti-pluralist party is the more LEFT-wing of the top 2,3,backsliding_Nyr,Y_hog_power,Executive power (ET): HOG,exec_power,517,0.09988223398411764,0.054353224928566535,0.06611391410053137,517,255,24,-0.008608344012865948,0.01733480067356252,0.6194759544475457,-0.04258392901222915,0.02536724098649725,22.29416140177991,0.050627902432654755,0.17359151452868551,0.7705545185895109,-0.2896052140653303,0.3908610189306398
left,Anti-pluralist party is the more LEFT-wing of the top 2,3,backsliding_Nyr,Y_hos_power_vdem,Executive power (V-Dem): HOS (v2ex_hosw),exec_power_alt,517,0.09988223398411764,0.054353224928566535,0.06611391410053137,517,507,37,-0.017274462326557022,0.009831737395009617,0.07891608034272929,-0.03654431352623151,0.0019953888731174714,10.831883321743383,-0.07972111344426962,0.09631839469046603,0.40784995758160353,-0.2685016980862969,0.1090594711977577
left,Anti-pluralist party is the more LEFT-wing of the top 2,3,backsliding_Nyr,Y_hog_power_vdem,Executive power (V-Dem): HOG (v2ex_hogw),exec_power_alt,517,0.09988223398411764,0.054353224928566535,0.06611391410053137,517,507,37,0.024207745868906234,0.014159866520099505,0.08733936819837161,-0.0035450825363832934,0.05196057427419576,9.856975408386386,0.1279907378742121,0.13357044174092547,0.3379485535080729,-0.13380251733710724,0.38978399308553147
left,Anti-pluralist party is the more LEFT-wing of the top 2,3,backsliding_Nyr,Y_polyarchy,V-Dem high-level democracy indices: Electoral (polyarchy),vdem_high,517,0.09988223398411764,0.054353224928566535,0.06611391410053137,517,507,37,-0.015686761562952678,0.026794708059969793,0.5582502015690564,-0.06820342433675855,0.0368299012108532,18.359537516618285,-0.24362775165546174,0.42207226926535213,0.5637921341031829,-1.0708741982886436,0.5836186949777202
left,Anti-pluralist party is the more LEFT-wing of the top 2,3,backsliding_Nyr,Y_libdem,V-Dem high-level democracy indices: Liberal,vdem_high,517,0.09988223398411764,0.054353224928566535,0.06611391410053137,517,507,37,-0.014265738232888792,0.027903034902172046,0.6091681918482172,-0.06895468170051008,0.04042320523473251,19.763209151088972,-0.22675409590345008,0.4862468839049926,0.6409755012672831,-1.179780475952064,0.726272284145164
left,Anti-pluralist party is the more LEFT-wing of the top 2,3,backsliding_Nyr,Y_partipdem,V-Dem high-level democracy indices: Participatory,vdem_high,517,0.09988223398411764,0.054353224928566535,0.06611391410053137,517,506,37,-0.012557944092411328,0.018770015734757072,0.5034681690730082,-0.049346498921785296,0.024230610736962636,21.67592717615479,-0.11149708607950529,0.27305367332221275,0.6830285147360698,-0.6466724516374075,0.423678279478397
left,Anti-pluralist party is the more LEFT-wing of the top 2,3,backsliding_Nyr,Y_delibdem,V-Dem high-level democracy indices: Deliberative,vdem_high,517,0.09988223398411764,0.054353224928566535,0.06611391410053137,517,507,37,-0.013679534114984291,0.027935544644710375,0.6243589222260353,-0.06843219550712738,0.041073127277158804,19.87122944105173,-0.21591986145445577,0.4015792993165357,0.5908002179189429,-1.0030008250516957,0.5711611021427843
left,Anti-pluralist party is the more LEFT-wing of the top 2,3,backsliding_Nyr,Y_egaldem,V-Dem high-level democracy indices: Egalitarian,vdem_high,517,0.09988223398411764,0.054353224928566535,0.06611391410053137,517,507,37,-0.013561740441000914,0.018054536044793453,0.45255986465195136,-0.048947980846376304,0.02182449996437448,19.855983904496163,-0.13904395911143613,0.23947304802478306,0.5614934427827187,-0.6084025085080416,0.33031459028516924
left,Anti-pluralist party is the more LEFT-wing of the top 2,3,backsliding_Nyr,Y_elecoff,V-Dem mid-level: electoral component: Elected officials,vdem_electoral,517,0.09988223398411764,0.054353224928566535,0.06611391410053137,517,507,37,-0.055238417596030834,0.04746870781616442,0.24455344684958122,-0.14827537530836804,0.03779854011630636,15.111878308926183,-0.8426756547053237,0.8199645863523216,0.3040920872437346,-2.4497767125541565,0.7644254031435093
left,Anti-pluralist party is the more LEFT-wing of the top 2,3,backsliding_Nyr,Y_frefair,V-Dem mid-level: electoral component: Clean elections,vdem_electoral,517,0.09988223398411764,0.054353224928566535,0.06611391410053137,517,507,37,-0.041983788414737336,0.03949857478721682,0.2878186536809139,-0.1193995724383441,0.035431995608869435,16.052272604470268,-0.4715937221779688,0.6296260968189844,0.45385359108312634,-1.705638195669707,0.7624507513137694
left,Anti-pluralist party is the more LEFT-wing of the top 2,3,backsliding_Nyr,Y_frassoc,V-Dem mid-level: electoral component: Association,vdem_electoral,517,0.09988223398411764,0.054353224928566535,0.06611391410053137,517,507,37,-0.009358629007679033,0.02137519356810356,0.6615119637153078,-0.05125323856373421,0.03253598054837615,16.641059825219354,-0.1420367304905893,0.256667097914749,0.5799971180074817,-0.6450949984199128,0.3610215374387342
left,Anti-pluralist party is the more LEFT-wing of the top 2,3,backsliding_Nyr,Y_suffr,V-Dem mid-level: electoral component: Suffrage,vdem_electoral,517,0.09988223398411764,0.054353224928566535,0.06611391410053137,517,507,37,-0.0022307487804629584,0.0013806451069424703,0.10615284878247792,-0.0049367634655016505,4.7526590457573365e-4,9.344932826753336,-0.03497005896956372,0.02173476051210772,0.10762811983266396,-0.07756940678589817,0.007629288846770735
left,Anti-pluralist party is the more LEFT-wing of the top 2,3,backsliding_Nyr,Y_freexp,V-Dem mid-level: electoral component: Expression & alt. info,vdem_electoral,517,0.09988223398411764,0.054353224928566535,0.06611391410053137,517,507,37,-0.019382818117223678,0.028790518298441547,0.5007970569553528,-0.0758111970784105,0.037045560843963134,20.17451868029333,-0.35991741195236643,0.511751100169579,0.4818653247202584,-1.3629311373334907,0.6430963134287577
left,Anti-pluralist party is the more LEFT-wing of the top 2,3,backsliding_Nyr,Y_cl_rol,V-Dem mid-level: liberal component (see also Executive constraints),vdem_liberal,517,0.09988223398411764,0.054353224928566535,0.06611391410053137,517,507,37,-0.0158397351449358,0.02447691514494991,0.5175481002554794,-0.0638136072816806,0.032134136991809004,19.245675143955584,-0.270256774143669,0.4229909687860149,0.5228759233170481,-1.099303838749964,0.5587902904626261
left,Anti-pluralist party is the more LEFT-wing of the top 2,3,backsliding_Nyr,Y_cspart,V-Dem mid-level: participatory component: Civil society,vdem_particip,517,0.09988223398411764,0.054353224928566535,0.06611391410053137,517,507,37,-0.024701964120074856,0.02420654472060097,0.3075073446278113,-0.07214591996261092,0.022741991722461215,15.757238739410298,-0.3018238334480905,0.3794957502809959,0.42642236633440567,-1.0456218362848482,0.4419741693886673
left,Anti-pluralist party is the more LEFT-wing of the top 2,3,backsliding_Nyr,Y_dd,V-Dem mid-level: participatory component: Direct democracy,vdem_particip,517,0.09988223398411764,0.054353224928566535,0.06611391410053137,517,507,37,0.01918007798432661,0.024302994065401574,0.42999139332357567,-0.028452915100351132,0.06681307106900436,22.317567791035263,0.3000628919652545,0.5031726629225678,0.5509469115154872,-0.6861374053680906,1.2862631892985996
left,Anti-pluralist party is the more LEFT-wing of the top 2,3,backsliding_Nyr,Y_locelec,V-Dem mid-level: participatory component: Local elections,vdem_particip,517,0.09988223398411764,0.054353224928566535,0.06611391410053137,517,502,37,-0.027502008582549392,0.018786903731806737,0.14322330677636386,-0.06432366327791172,0.00931964611281294,13.509885531950735,-0.23828386329463525,0.2829746001287224,0.3997498766019082,-0.7929038880865543,0.31633616149728383
left,Anti-pluralist party is the more LEFT-wing of the top 2,3,backsliding_Nyr,Y_regelec,V-Dem mid-level: participatory component: Regional elections,vdem_particip,517,0.09988223398411764,0.054353224928566535,0.06611391410053137,517,506,37,-0.05812471318964105,0.04239547350200967,0.17037113975124957,-0.14121831436110216,0.02496888798182008,24.854276341802567,-0.3814455285047363,0.6482618451787265,0.5562552885528367,-1.6520153976065204,0.8891243405970479
left,Anti-pluralist party is the more LEFT-wing of the top 2,3,backsliding_Nyr,Y_delib,V-Dem mid-level: deliberative and egalitarian components: Deliberation,vdem_egal_delib,517,0.09988223398411764,0.054353224928566535,0.06611391410053137,517,507,37,-0.034040293648183353,0.037362333133479406,0.36225013284347984,-0.10726912096819051,0.0391885336718238,15.517791281623122,-0.381204276784204,0.5451653015918606,0.48439874280207584,-1.4497086335251672,0.6873000799567591
left,Anti-pluralist party is the more LEFT-wing of the top 2,3,backsliding_Nyr,Y_eqprotec,V-Dem mid-level: deliberative and egalitarian components: Equal protection,vdem_egal_delib,517,0.09988223398411764,0.054353224928566535,0.06611391410053137,517,507,37,0.002295270837289938,0.018448515190285467,0.9009867479860516,-0.033863154503909663,0.038453696178489545,15.584654032437449,0.00866147819898885,0.24388099445452346,0.9716689395638805,-0.4693364874456896,0.48665944384366727
left,Anti-pluralist party is the more LEFT-wing of the top 2,3,backsliding_Nyr,Y_eqaccess,V-Dem mid-level: deliberative and egalitarian components: Equal access,vdem_egal_delib,517,0.09988223398411764,0.054353224928566535,0.06611391410053137,517,507,37,-0.004066393125813531,0.015579952613440728,0.7940912453859128,-0.034602539128998036,0.026469752877370977,16.487907041856836,-0.046233584817600204,0.18126185330558792,0.7986727675153755,-0.40150028906753493,0.3090331194323345
left,Anti-pluralist party is the more LEFT-wing of the top 2,3,backsliding_Nyr,Y_eqdr,V-Dem mid-level: deliberative and egalitarian components: Equal distribution,vdem_egal_delib,517,0.09988223398411764,0.054353224928566535,0.06611391410053137,517,507,37,-0.00863028596480601,0.020727991631411802,0.6771473219455275,-0.04925640303422077,0.03199583110460874,17.629046209818654,-0.09978094775904599,0.342669749328615,0.7709083681948525,-0.7714013150344995,0.5718394195164075
right,Anti-pluralist party is the more RIGHT-wing of the top 2,4,backsliding_Nyr,Y_gdp_growth,GDP per capita growth: PWT,growth,822,-0.05530524862156158,0.0606361920580501,0.3617249514964354,822,756,55,-0.029764609955874266,0.021983878745773282,0.1757590450721788,-0.07285222053808546,0.013323000626336928,21.61062767510924,0.4717803595614638,2.8726751133533397,0.8695498314797776,-5.158559401895597,6.102120121018525
right,Anti-pluralist party is the more RIGHT-wing of the top 2,4,backsliding_Nyr,Y_gdp_growth_wb,GDP per capita growth: World Bank,growth,822,-0.05530524862156158,0.0606361920580501,0.3617249514964354,822,771,58,-0.05003582298624979,0.022392792196083124,0.025452749614420657,-0.09392488920386227,-0.006146756768637303,17.96952934043706,0.5901352989882466,0.9230365888327929,0.522601006750396,-1.2189831715367334,2.3992537695132263
right,Anti-pluralist party is the more RIGHT-wing of the top 2,4,backsliding_Nyr,Y_gdp_growth_imf,GDP per capita growth: IMF WEO,growth,822,-0.05530524862156158,0.0606361920580501,0.3617249514964354,822,603,48,-0.03748240965453337,0.024128626756645837,0.12031769972002608,-0.0847736490939687,0.009808829784901947,16.76159959714805,0.6217976369799072,1.828476908634809,0.7338089636702922,-2.961951250507452,4.205546524467266
right,Anti-pluralist party is the more RIGHT-wing of the top 2,4,backsliding_Nyr,Y_inflation,Inflation,inflation,822,-0.05530524862156158,0.0606361920580501,0.3617249514964354,822,729,53,0.07723874878353565,0.2347391744276322,0.742124904160333,-0.38284157885528897,0.5373190764223603,17.03596833089364,-0.36362594675271354,4.2568400186074085,0.9319262474856488,-8.706879071172045,7.979627177666617
right,Anti-pluralist party is the more RIGHT-wing of the top 2,4,backsliding_Nyr,Y_unemployment,Unemployment,unemployment,822,-0.05530524862156158,0.0606361920580501,0.3617249514964354,822,532,45,-0.3754224536767604,0.6582902220397298,0.5684747147204965,-1.6656475802495057,0.9148026728959847,15.267420975924573,3.78817619441315,8.018393577112995,0.63661575525847,-11.927586430595607,19.503938819421908
right,Anti-pluralist party is the more RIGHT-wing of the top 2,4,backsliding_Nyr,Y_trade_pct_gdp,Trade openness,trade,822,-0.05530524862156158,0.0606361920580501,0.3617249514964354,822,678,52,0.9031095698696658,3.1527440652164658,0.7745320185231831,-5.276155250427005,7.082374390166336,14.434902447659656,-0.7431432856905253,36.81169663710429,0.9838936442541204,-72.89274290422912,71.40645633284808
right,Anti-pluralist party is the more RIGHT-wing of the top 2,4,backsliding_Nyr,Y_top10_share,Top-10% income share,top10,822,-0.05530524862156158,0.0606361920580501,0.3617249514964354,822,712,51,-0.13254457504642755,0.5343945392890976,0.8041130811007426,-1.1799386255879334,0.9148494754950782,25.596072270569277,1.4701188447079152,11.80565358555268,0.9008982773016772,-21.668536996931483,24.608774686347314
right,Anti-pluralist party is the more RIGHT-wing of the top 2,4,backsliding_Nyr,Y_gini_disp,Income inequality (Gini): Disposable,gini,822,-0.05530524862156158,0.0606361920580501,0.3617249514964354,822,617,47,0.35957794651124364,0.3626053908344183,0.321367871453375,-0.35111556012428613,1.0702714531467734,19.06558546748118,-2.484333662596857,4.422381428189635,0.5742769797345957,-11.152041987747346,6.183374662553632
right,Anti-pluralist party is the more RIGHT-wing of the top 2,4,backsliding_Nyr,Y_gini_mkt,Income inequality (Gini): Market,gini,822,-0.05530524862156158,0.0606361920580501,0.3617249514964354,822,617,47,0.2019772811529048,0.37051572224012236,0.5856677387528347,-0.5242201901435811,0.9281747524493907,18.83136896985741,-1.7630357777597623,4.287017750102672,0.6808892750702606,-10.16543616904493,6.639364613525405
right,Anti-pluralist party is the more RIGHT-wing of the top 2,4,backsliding_Nyr,Y_debt,Public debt and deficit: Debt / GDP,fiscal,822,-0.05530524862156158,0.0606361920580501,0.3617249514964354,822,753,56,8.559378653790452,10.645633292603323,0.42138127048737084,-12.305679192332606,29.42443649991351,18.742637158920765,-97.15639267443883,245.39543842510412,0.6921657577792223,-578.1226139580592,383.8098286091815
right,Anti-pluralist party is the more RIGHT-wing of the top 2,4,backsliding_Nyr,Y_deficit,Public debt and deficit: Deficit / GDP,fiscal,822,-0.05530524862156158,0.0606361920580501,0.3617249514964354,822,674,51,1.4751792198610023,1.3307465583368854,0.2676308050550686,-1.1330361070299222,4.083394546751927,20.15127690851436,-24.0600164451038,43.46473803616949,0.579885109295045,-109.24933759346418,61.12930470325658
right,Anti-pluralist party is the more RIGHT-wing of the top 2,4,backsliding_Nyr,Y_checks_balances,Executive constraints: Checks & balances,institutions,822,-0.05530524862156158,0.0606361920580501,0.3617249514964354,822,782,54,0.006580115498873107,0.014649784812211334,0.6533153464917875,-0.022132935114322978,0.03529316611206919,21.454880882290656,-0.1649634604545559,0.23600607988547556,0.48456471323545997,-0.6275268771625707,0.2975999562534589
right,Anti-pluralist party is the more RIGHT-wing of the top 2,4,backsliding_Nyr,Y_jucon,Executive constraints: Judicial constraints,institutions,822,-0.05530524862156158,0.0606361920580501,0.3617249514964354,822,800,58,-0.004980617588203692,0.02091170576951934,0.8117464023442197,-0.04596680775176004,0.036005572575352654,23.19295497365175,-0.0012759715373469455,0.45045486039215915,0.9977398920120103,-0.8841512745669966,0.8815993314923027
right,Anti-pluralist party is the more RIGHT-wing of the top 2,4,backsliding_Nyr,Y_legcon,Executive constraints: Legislative constraints,institutions,822,-0.05530524862156158,0.0606361920580501,0.3617249514964354,822,782,54,-0.00881944304325417,0.020248415972955153,0.6631544572693229,-0.04850560909423181,0.03086672300772347,21.12678077787487,0.034525278945026154,0.3135472702288632,0.9123206477087845,-0.5800160781543935,0.6490666360444457
right,Anti-pluralist party is the more RIGHT-wing of the top 2,4,backsliding_Nyr,Y_hos_power,Executive power (ET): HOS,exec_power,822,-0.05530524862156158,0.0606361920580501,0.3617249514964354,822,800,58,-0.003668258366537452,0.017177859479988615,0.8309013322001972,-0.03733624427880507,0.02999972754573016,16.759756602310446,0.05032579389379732,0.25473604357810864,0.843388899784531,-0.4489476770835212,0.5495992648711159
right,Anti-pluralist party is the more RIGHT-wing of the top 2,4,backsliding_Nyr,Y_hog_power,Executive power (ET): HOG,exec_power,822,-0.05530524862156158,0.0606361920580501,0.3617249514964354,822,417,35,0.028793878730025195,0.01701243950765114,0.09054704233055703,-0.004549889994137357,0.06213764745418775,22.40477812628113,-0.47191871100515226,0.9287610677089171,0.6113717291004096,-2.2922569539575957,1.3484195319472914
right,Anti-pluralist party is the more RIGHT-wing of the top 2,4,backsliding_Nyr,Y_hos_power_vdem,Executive power (V-Dem): HOS (v2ex_hosw),exec_power_alt,822,-0.05530524862156158,0.0606361920580501,0.3617249514964354,822,800,58,0.0040521384565032955,0.02218153548598283,0.8550485591351885,-0.0394228722178202,0.04752714913082679,16.910714316349466,-0.09196216840991513,0.3436647309291597,0.7890128614947249,-0.7655326637877163,0.5816083269678861
right,Anti-pluralist party is the more RIGHT-wing of the top 2,4,backsliding_Nyr,Y_hog_power_vdem,Executive power (V-Dem): HOG (v2ex_hogw),exec_power_alt,822,-0.05530524862156158,0.0606361920580501,0.3617249514964354,822,800,58,0.006577799212301033,0.022234416436952165,0.7673533231806178,-0.03700085622139059,0.05015645464599266,17.741753744340073,-0.0724610676361959,0.29719215290131085,0.807371071943997,-0.6549469838106858,0.5100248485382941
right,Anti-pluralist party is the more RIGHT-wing of the top 2,4,backsliding_Nyr,Y_polyarchy,V-Dem high-level democracy indices: Electoral (polyarchy),vdem_high,822,-0.05530524862156158,0.0606361920580501,0.3617249514964354,822,800,58,-0.014686916381830976,0.02408922145934423,0.5420683091217311,-0.06190092285775505,0.032527090094093096,21.5765593881961,0.08944148189738818,0.5227061089853294,0.8641354083025928,-0.9350436662129255,1.1139266300077018
right,Anti-pluralist party is the more RIGHT-wing of the top 2,4,backsliding_Nyr,Y_libdem,V-Dem high-level democracy indices: Liberal,vdem_high,822,-0.05530524862156158,0.0606361920580501,0.3617249514964354,822,800,58,-0.008324364412873587,0.02013843596242392,0.6793450398636324,-0.047794973604190674,0.031146244778443504,21.044074271244874,0.030027807717203342,0.39676476820084344,0.9396723845246941,-0.7476168482908324,0.8076724637252392
right,Anti-pluralist party is the more RIGHT-wing of the top 2,4,backsliding_Nyr,Y_partipdem,V-Dem high-level democracy indices: Participatory,vdem_high,822,-0.05530524862156158,0.0606361920580501,0.3617249514964354,822,800,58,-0.012825629740124888,0.015609294103843327,0.41126688757720237,-0.04341928400775122,0.01776802452750144,24.587806849110063,0.0486056451543717,0.3596957602198267,0.8925091854908918,-0.6563850902682434,0.7535963805769869
right,Anti-pluralist party is the more RIGHT-wing of the top 2,4,backsliding_Nyr,Y_delibdem,V-Dem high-level democracy indices: Deliberative,vdem_high,822,-0.05530524862156158,0.0606361920580501,0.3617249514964354,822,800,58,8.502855152587998e-4,0.02340770849645926,0.9710231988013783,-0.04502798009841355,0.04672855112893115,18.289634789990007,-0.029270907273298438,0.40716223062761225,0.9426894199350863,-0.8272942151684095,0.7687524006218127
right,Anti-pluralist party is the more RIGHT-wing of the top 2,4,backsliding_Nyr,Y_egaldem,V-Dem high-level democracy indices: Egalitarian,vdem_high,822,-0.05530524862156158,0.0606361920580501,0.3617249514964354,822,800,58,-0.009379884083083982,0.014208406930702326,0.5091483510020826,-0.03722784994494982,0.01846808177878186,23.68264313372386,0.016064007180259132,0.29599704754648193,0.9567193849164596,-0.5640795455410352,0.5962075599015535
right,Anti-pluralist party is the more RIGHT-wing of the top 2,4,backsliding_Nyr,Y_elecoff,V-Dem mid-level: electoral component: Elected officials,vdem_electoral,822,-0.05530524862156158,0.0606361920580501,0.3617249514964354,822,800,58,-0.06448684277624245,0.05548798651714626,0.2451637137441487,-0.1732412979244932,0.0442676123720083,17.889064235913693,0.719847567760092,1.295887347828276,0.5785621312275331,-1.820044962004458,3.259740097524642
right,Anti-pluralist party is the more RIGHT-wing of the top 2,4,backsliding_Nyr,Y_frefair,V-Dem mid-level: electoral component: Clean elections,vdem_electoral,822,-0.05530524862156158,0.0606361920580501,0.3617249514964354,822,800,58,-0.0365206037313702,0.03723491768034443,0.32668347719254315,-0.10949970135215896,0.03645849388941856,25.14874419571428,0.2836630245903336,0.9754848585447872,0.7712105361970175,-1.6282521656215978,2.195578214802265
right,Anti-pluralist party is the more RIGHT-wing of the top 2,4,backsliding_Nyr,Y_frassoc,V-Dem mid-level: electoral component: Association,vdem_electoral,822,-0.05530524862156158,0.0606361920580501,0.3617249514964354,822,800,58,-0.030922643979680073,0.024966231029519184,0.2155015304218143,-0.07985555762724401,0.01801026966788387,20.866068043876435,0.3137424353393541,0.6623791221106082,0.6357424460092216,-0.9844967881086961,1.6119816587874043
right,Anti-pluralist party is the more RIGHT-wing of the top 2,4,backsliding_Nyr,Y_suffr,V-Dem mid-level: electoral component: Suffrage,vdem_electoral,822,-0.05530524862156158,0.0606361920580501,0.3617249514964354,822,800,58,0.012209020547789478,0.013920541029993442,0.38045908916370236,-0.015074738516309766,0.039492779611888726,15.164775060162,-0.1379438702075876,0.2964456078101807,0.6416979668490289,-0.7189665848906274,0.4430788444754522
right,Anti-pluralist party is the more RIGHT-wing of the top 2,4,backsliding_Nyr,Y_freexp,V-Dem mid-level: electoral component: Expression & alt. info,vdem_electoral,822,-0.05530524862156158,0.0606361920580501,0.3617249514964354,822,800,58,-0.0182386185147431,0.022296131175092774,0.413347373188481,-0.06193823261250564,0.02546099558301944,20.199515617707977,0.16642352347756467,0.5187740329747529,0.7483607706780839,-0.850354897267545,1.1832019442226742
right,Anti-pluralist party is the more RIGHT-wing of the top 2,4,backsliding_Nyr,Y_cl_rol,V-Dem mid-level: liberal component (see also Executive constraints),vdem_liberal,822,-0.05530524862156158,0.0606361920580501,0.3617249514964354,822,800,58,-0.022201566251488676,0.021077236273417066,0.29218366663249223,-0.06351219024102733,0.01910905773804998,20.911900463872723,0.2547972282587896,0.5872201678469168,0.6643580949089845,-0.8961331517167324,1.4057276082343115
right,Anti-pluralist party is the more RIGHT-wing of the top 2,4,backsliding_Nyr,Y_cspart,V-Dem mid-level: participatory component: Civil society,vdem_particip,822,-0.05530524862156158,0.0606361920580501,0.3617249514964354,822,800,58,-0.022063836901351448,0.020428840481189554,0.28012715769849916,-0.06210362849039687,0.017975954687693974,24.201930896251497,0.22648009589123777,0.6231212309625138,0.7162607448174508,-0.9948150747975538,1.4477752665800294
right,Anti-pluralist party is the more RIGHT-wing of the top 2,4,backsliding_Nyr,Y_dd,V-Dem mid-level: participatory component: Direct democracy,vdem_particip,822,-0.05530524862156158,0.0606361920580501,0.3617249514964354,822,800,58,-0.01107098744915065,0.015155659267220067,0.4650935491202951,-0.04077553377486268,0.01863355887656138,20.747198794227653,0.16119192723212172,0.3146322906229066,0.6084281552226226,-0.4554760307621144,0.77785988522635785
right,Anti-pluralist party is the more RIGHT-wing of the top 2,4,backsliding_Nyr,Y_locelec,V-Dem mid-level: participatory component: Local elections,vdem_particip,822,-0.05530524862156158,0.0606361920580501,0.3617249514964354,822,790,57,-1.811418116375186e-4,0.02783656091542856,0.9948079349588094,-0.05473979865933279,0.054377515036057755,21.009243540545604,-0.09018250982282326,0.4696657730881308,0.8477310621600718,-1.0107105098467206,0.8303454902010741
right,Anti-pluralist party is the more RIGHT-wing of the top 2,4,backsliding_Nyr,Y_regelec,V-Dem mid-level: participatory component: Regional elections,vdem_particip,822,-0.05530524862156158,0.0606361920580501,0.3617249514964354,822,800,58,-0.06761281631276059,0.03812775833888271,0.07617526292629298,-0.14234184946821737,0.007116216842696213,16.47984026657022,0.7709313798651422,0.8979792052152255,0.390606453367055,-0.9890755212226013,2.5309382809528858
right,Anti-pluralist party is the more RIGHT-wing of the top 2,4,backsliding_Nyr,Y_delib,V-Dem mid-level: deliberative and egalitarian components: Deliberation,vdem_egal_delib,822,-0.05530524862156158,0.0606361920580501,0.3617249514964354,822,800,58,-0.003794667145896694,0.028773490477360934,0.895078679729265,-0.06018967219103031,0.052600337899236925,17.793837270947034,0.1379280550756281,0.6315635099505915,0.8271241459645233,-1.099913678377235,1.3757697885284912
right,Anti-pluralist party is the more RIGHT-wing of the top 2,4,backsliding_Nyr,Y_eqprotec,V-Dem mid-level: deliberative and egalitarian components: Equal protection,vdem_egal_delib,822,-0.05530524862156158,0.0606361920580501,0.3617249514964354,822,800,58,0.006464906119871716,0.011863971004600845,0.5858090596845964,-0.016788049762773417,0.02971786200251685,14.015716173303067,-0.047547105472152705,0.16577701538731127,0.7742550356010428,-0.372464085095825,0.27736987415151965
right,Anti-pluralist party is the more RIGHT-wing of the top 2,4,backsliding_Nyr,Y_eqaccess,V-Dem mid-level: deliberative and egalitarian components: Equal access,vdem_egal_delib,822,-0.05530524862156158,0.0606361920580501,0.3617249514964354,822,800,58,-0.010366153110743782,0.013568596091958355,0.4448784115564183,-0.036960112771753074,0.01622780655026551,20.02611356944824,0.08954651055931566,0.2879866520318917,0.7558463908651791,-0.47489695545146066,0.653989976570092
right,Anti-pluralist party is the more RIGHT-wing of the top 2,4,backsliding_Nyr,Y_eqdr,V-Dem mid-level: deliberative and egalitarian components: Equal distribution,vdem_egal_delib,822,-0.05530524862156158,0.0606361920580501,0.3617249514964354,822,800,58,-0.0028536813113046126,0.008739941132447799,0.7440382535140028,-0.01998365115790251,0.014276288535293282,18.34851904084805,0.008761029436146282,0.14574077976557223,0.9520650135146511,-0.27688564998315907,0.2944077088554516
left,Anti-pluralist party is the more LEFT-wing of the top 2,4,backsliding_Nyr,Y_gdp_growth,GDP per capita growth: PWT,growth,517,0.04586487321104544,0.08991013001144066,0.6099680356440129,517,479,45,-0.1251732167160492,0.09739887726693268,0.19873610707586298,-0.3160715082938742,0.06572507486177581,14.4688409454652,753.7375416864305,4899.762885095629,0.877742649559614,-8849.621245887067,10357.096329259928
left,Anti-pluralist party is the more LEFT-wing of the top 2,4,backsliding_Nyr,Y_gdp_growth_wb,GDP per capita growth: World Bank,growth,517,0.04586487321104544,0.08991013001144066,0.6099680356440129,517,490,48,-0.04109876976975364,0.06215946265798773,0.5084950675717257,-0.16292907787777194,0.08073153833826464,15.456552386627624,-0.8747616512134078,5.476506181656915,0.8730938657089983,-11.60851652837193,9.858993225945113
left,Anti-pluralist party is the more LEFT-wing of the top 2,4,backsliding_Nyr,Y_gdp_growth_imf,GDP per capita growth: IMF WEO,growth,517,0.04586487321104544,0.08991013001144066,0.6099680356440129,517,365,40,-0.06308419894909668,0.05554567018282741,0.2560747442470017,-0.17195171200457873,0.045783314106385364,23.75317474495024,1.739434393136935,3.2657481876163295,0.5942899565385218,-4.661314437168024,8.140183223441895
left,Anti-pluralist party is the more LEFT-wing of the top 2,4,backsliding_Nyr,Y_inflation,Inflation,inflation,517,0.04586487321104544,0.08991013001144066,0.6099680356440129,517,427,44,0.051991565120747874,0.35738044735891256,0.8843322199292131,-0.6484612404815332,0.7524443707230289,15.310893615665583,-0.9436084721672335,15.810184910070054,0.9524076478541148,-31.931001484823163,30.043784540488694
left,Anti-pluralist party is the more LEFT-wing of the top 2,4,backsliding_Nyr,Y_unemployment,Unemployment,unemployment,517,0.04586487321104544,0.08991013001144066,0.6099680356440129,517,365,46,1.3292456983410768,1.3631027333949326,0.32948001352320405,-1.3423865663410934,4.000877963023247,18.333719201334475,-59.75436901727631,189.25518113203628,0.752204122075188,-430.68770792367167,311.17896988911906
left,Anti-pluralist party is the more LEFT-wing of the top 2,4,backsliding_Nyr,Y_trade_pct_gdp,Trade openness,trade,517,0.04586487321104544,0.08991013001144066,0.6099680356440129,517,454,46,-10.218023128024987,7.232409741591822,0.15771150278289964,-24.393285742981593,3.95723948693162,15.015209093455722,-297.5783851870529,1124.0489866556065,0.7912113672399133,-2500.673915890785,1905.5171455166792
left,Anti-pluralist party is the more LEFT-wing of the top 2,4,backsliding_Nyr,Y_top10_share,Top-10% income share,top10,517,0.04586487321104544,0.08991013001144066,0.6099680356440129,517,464,46,-2.7915382890835323,1.5291988077878356,0.06792700475788961,-5.788712877549278,0.20563629938221295,17.554907782368122,-76.42637746188932,385.1587499537304,0.8427100150548027,-831.3236557016688,678.4709007778903
left,Anti-pluralist party is the more LEFT-wing of the top 2,4,backsliding_Nyr,Y_gini_disp,Income inequality (Gini): Disposable,gini,517,0.04586487321104544,0.08991013001144066,0.6099680356440129,517,387,37,1.0345016035861936,0.7408447510173688,0.1625997653782102,-0.41752742654339237,2.4865306337157795,18.865777068520533,-52.6983055805314,153.44376853605928,0.7312695418046768,-353.4425655633078,248.04595440224506
left,Anti-pluralist party is the more LEFT-wing of the top 2,4,backsliding_Nyr,Y_gini_mkt,Income inequality (Gini): Market,gini,517,0.04586487321104544,0.08991013001144066,0.6099680356440129,517,387,37,0.9907700757594431,0.6328397688118048,0.11744372117943058,-0.24957307909634818,2.231113230615234,24.852072844273916,-12.91542242647292,43.69540205411746,0.7675519768532368,-98.5568367425406,72.72599188959477
left,Anti-pluralist party is the more LEFT-wing of the top 2,4,backsliding_Nyr,Y_debt,Public debt and deficit: Debt / GDP,fiscal,517,0.04586487321104544,0.08991013001144066,0.6099680356440129,517,471,47,3.295912132122042,10.033511254909643,0.742540901157474,-16.369408565978134,22.961232830222215,16.39659788392875,-8474.051380999226,74068.22354080265,0.9089137939809476,-153645.10191983415,136696.99915783573
left,Anti-pluralist party is the more LEFT-wing of the top 2,4,backsliding_Nyr,Y_deficit,Public debt and deficit: Deficit / GDP,fiscal,517,0.04586487321104544,0.08991013001144066,0.6099680356440129,517,404,42,2.3973079996746995,1.961659622637904,0.22167679570578022,-1.447474210622024,6.242090209971423,25.648360451799956,-37.23973461404951,95.03394470055706,0.6951637351358351,-223.5028435359124,149.0233743078134
left,Anti-pluralist party is the more LEFT-wing of the top 2,4,backsliding_Nyr,Y_checks_balances,Executive constraints: Checks & balances,institutions,517,0.04586487321104544,0.08991013001144066,0.6099680356440129,517,493,48,0.0027814390264420206,0.037315649800131974,0.9405821964147738,-0.07035589064152588,0.07591876869440993,16.714275827690432,-0.47131364312064045,4.423353667493754,0.9151450345230043,-9.140927522291557,8.198300236050278
left,Anti-pluralist party is the more LEFT-wing of the top 2,4,backsliding_Nyr,Y_jucon,Executive constraints: Judicial constraints,institutions,517,0.04586487321104544,0.08991013001144066,0.6099680356440129,517,504,48,-0.01949293412262082,0.03484858316753914,0.5759154545434313,-0.08779490204324626,0.04880903379800462,19.59962847997146,-0.5222084868108594,9.618923910300639,0.9567043562083848,-19.37495292103129,18.33053594740957
left,Anti-pluralist party is the more LEFT-wing of the top 2,4,backsliding_Nyr,Y_legcon,Executive constraints: Legislative constraints,institutions,517,0.04586487321104544,0.08991013001144066,0.6099680356440129,517,493,48,0.04263333100794442,0.04528163856878114,0.34644112965640433,-0.04611704974782642,0.13138371176371527,19.498216719009356,-0.9774171271238146,13.142291431304313,0.9407144708667704,-26.73583500680962,24.78100075256199
left,Anti-pluralist party is the more LEFT-wing of the top 2,4,backsliding_Nyr,Y_hos_power,Executive power (ET): HOS,exec_power,517,0.04586487321104544,0.08991013001144066,0.6099680356440129,517,504,48,0.034044822717881326,0.02571842864118914,0.1855854046525147,-0.016362371157812777,0.08445201659357543,16.115456495276906,-1.2851102607372074,66.1827985331411,0.9845079805077421,-131.00101178176405,128.43079126028962
left,Anti-pluralist party is the more LEFT-wing of the top 2,4,backsliding_Nyr,Y_hog_power,Executive power (ET): HOG,exec_power,517,0.04586487321104544,0.08991013001144066,0.6099680356440129,517,249,31,-0.0254123741296901,0.01624500612998685,0.11774263781706798,-0.05725200107309672,0.006427252813716519,22.363315102141566,-0.0992401559109645,0.12093204766211409,0.41185851642470267,-0.33626261390538925,0.1377823020834603
left,Anti-pluralist party is the more LEFT-wing of the top 2,4,backsliding_Nyr,Y_hos_power_vdem,Executive power (V-Dem): HOS (v2ex_hosw),exec_power_alt,517,0.04586487321104544,0.08991013001144066,0.6099680356440129,517,504,48,0.05230379577068927,0.06720926597517447,0.43643756714221543,-0.07942394496802593,0.1840315365094045,14.469114608485445,0.3454006138930046,68.47170639453765,0.9959751456061962,-133.85667787940167,134.54747910718766
left,Anti-pluralist party is the more LEFT-wing of the top 2,4,backsliding_Nyr,Y_hog_power_vdem,Executive power (V-Dem): HOG (v2ex_hogw),exec_power_alt,517,0.04586487321104544,0.08991013001144066,0.6099680356440129,517,504,48,-0.04810476936700846,0.06733101614565047,0.4749478169971827,-0.18007113605496822,0.08386159732095132,14.354068137564212,-0.36500067549610726,51.371596018471706,0.9943309926900119,-101.05147870004186,100.32147734904964
left,Anti-pluralist party is the more LEFT-wing of the top 2,4,backsliding_Nyr,Y_polyarchy,V-Dem high-level democracy indices: Electoral (polyarchy),vdem_high,517,0.04586487321104544,0.08991013001144066,0.6099680356440129,517,504,48,-0.02122277003542605,0.03122575013863361,0.49672226986537554,-0.08242411569739451,0.039978575626542404,18.07849507741121,-0.04579551739401122,4.61042283073484,0.9920747105484685,-9.0820582191355,8.990467184347477
left,Anti-pluralist party is the more LEFT-wing of the top 2,4,backsliding_Nyr,Y_libdem,V-Dem high-level democracy indices: Liberal,vdem_high,517,0.04586487321104544,0.08991013001144066,0.6099680356440129,517,504,48,-0.010625690243215944,0.03198047488285251,0.7396963017214839,-0.07330626922209464,0.05205488873566276,20.04103986331087,-0.0012641933055528298,3.1494604753166286,0.9996797291786357,-6.174093295658543,6.171564909047437
left,Anti-pluralist party is the more LEFT-wing of the top 2,4,backsliding_Nyr,Y_partipdem,V-Dem high-level democracy indices: Participatory,vdem_high,517,0.04586487321104544,0.08991013001144066,0.6099680356440129,517,503,48,-0.016763640356787835,0.022635750198297434,0.4589466250664876,-0.06112889550849618,0.027601614794920504,20.574595695307384,-0.005305147994692727,3.814990985843394,0.9988904575845142,-7.482550081592698,7.471939785603312
left,Anti-pluralist party is the more LEFT-wing of the top 2,4,backsliding_Nyr,Y_delibdem,V-Dem high-level democracy indices: Deliberative,vdem_high,517,0.04586487321104544,0.08991013001144066,0.6099680356440129,517,504,48,-0.014094410462974678,0.033616885364622914,0.6750218852989112,-0.07998229505004721,0.05179347412409786,18.399709477415964,-0.17924491342531024,3.4774934585699437,0.9588918145141719,-6.995006848696028,6.636517021845408
left,Anti-pluralist party is the more LEFT-wing of the top 2,4,backsliding_Nyr,Y_egaldem,V-Dem high-level democracy indices: Egalitarian,vdem_high,517,0.04586487321104544,0.08991013001144066,0.6099680356440129,517,504,48,-0.021558499217689903,0.020587468394608444,0.29502297226262164,-0.061909195803979085,0.01879219736859928,19.192739602368132,-0.1919797087416505,4.410578525429278,0.9652813593875917,-8.836554769568812,8.452595352085511
left,Anti-pluralist party is the more LEFT-wing of the top 2,4,backsliding_Nyr,Y_elecoff,V-Dem mid-level: electoral component: Elected officials,vdem_electoral,517,0.04586487321104544,0.08991013001144066,0.6099680356440129,517,504,48,-0.05278881064412826,0.04797787350543754,0.27121272193043505,-0.1468237147696043,0.04124609348134776,14.963523750269797,-1.1625058218426256,5.845519898461823,0.8423634631157026,-12.619514293740028,10.294502650054778
left,Anti-pluralist party is the more LEFT-wing of the top 2,4,backsliding_Nyr,Y_frefair,V-Dem mid-level: electoral component: Clean elections,vdem_electoral,517,0.04586487321104544,0.08991013001144066,0.6099680356440129,517,504,48,-0.058486240256128655,0.043179033395631145,0.17557514484420414,-0.1431155905988179,0.02614311008656059,15.92438706720963,-0.7009301949264697,9.722015121811165,0.9425245441674838,-19.755729690830133,18.35386930097719
left,Anti-pluralist party is the more LEFT-wing of the top 2,4,backsliding_Nyr,Y_frassoc,V-Dem mid-level: electoral component: Association,vdem_electoral,517,0.04586487321104544,0.08991013001144066,0.6099680356440129,517,504,48,-0.01470651102935618,0.02625763528378594,0.5754213737186482,-0.06617053050476476,0.03675750844605241,17.500687579092045,0.28704155669101206,5.033299662864695,0.9545224881097785,-9.578044505921383,10.152127619303407
left,Anti-pluralist party is the more LEFT-wing of the top 2,4,backsliding_Nyr,Y_suffr,V-Dem mid-level: electoral component: Suffrage,vdem_electoral,517,0.04586487321104544,0.08991013001144066,0.6099680356440129,517,504,48,-0.002364886530173094,0.0014635131391431734,0.10611657857423139,-0.005233319573794869,5.035465134486817e-4,9.550822956411784,-0.23932949744549256,0.1492155233636724,0.10873207890732331,-0.5317865491725853,0.05312755428160018
left,Anti-pluralist party is the more LEFT-wing of the top 2,4,backsliding_Nyr,Y_freexp,V-Dem mid-level: electoral component: Expression & alt. info,vdem_electoral,517,0.04586487321104544,0.08991013001144066,0.6099680356440129,517,504,48,-0.015637043934541333,0.032041698308588655,0.6255344738741493,-0.07843761862287305,0.04716353075379037,20.765977995398618,-2.4743020339082564,29.256522769445187,0.9326011331346382,-59.81603297489684,54.867428907080324
left,Anti-pluralist party is the more LEFT-wing of the top 2,4,backsliding_Nyr,Y_cl_rol,V-Dem mid-level: liberal component (see also Executive constraints),vdem_liberal,517,0.04586487321104544,0.08991013001144066,0.6099680356440129,517,504,48,-0.016146118486778722,0.024899109093656224,0.5166863781582465,-0.06494747555747865,0.032655238583921206,17.99101958177522,-0.15467368914485347,4.876958553923568,0.9746991775174125,-9.713336808929586,9.403989430639879
left,Anti-pluralist party is the more LEFT-wing of the top 2,4,backsliding_Nyr,Y_cspart,V-Dem mid-level: participatory component: Civil society,vdem_particip,517,0.04586487321104544,0.08991013001144066,0.6099680356440129,517,504,48,-0.03824426270099053,0.02710444393604116,0.1582457855796619,-0.09136799663661625,0.014879471234635192,15.54679661253507,-13.65666937905688,71.60516525437352,0.848743521360942,-154.0002143846678,126.68687562655403
left,Anti-pluralist party is the more LEFT-wing of the top 2,4,backsliding_Nyr,Y_dd,V-Dem mid-level: participatory component: Direct democracy,vdem_particip,517,0.04586487321104544,0.08991013001144066,0.6099680356440129,517,504,48,0.005877563207710377,0.03303703949934057,0.8587950001441476,-0.0588738443668243,0.07062897078224506,22.01550733085027,-206.07768419204947,3268.3137423544504,0.949724130335902,-6611.854909384092,6199.699540999993
left,Anti-pluralist party is the more LEFT-wing of the top 2,4,backsliding_Nyr,Y_locelec,V-Dem mid-level: participatory component: Local elections,vdem_particip,517,0.04586487321104544,0.08991013001144066,0.6099680356440129,517,499,47,-0.026965341269109072,0.03827872311993476,0.4811542889758714,-0.10199025995836186,0.04805957742014372,15.950989715744612,-1.2511856911179962,10.88034205634552,0.9084490300757531,-22.57626426103168,20.07389287879569
left,Anti-pluralist party is the more LEFT-wing of the top 2,4,backsliding_Nyr,Y_regelec,V-Dem mid-level: participatory component: Regional elections,vdem_particip,517,0.04586487321104544,0.08991013001144066,0.6099680356440129,517,503,48,-0.08870854274279523,0.05088192534064596,0.08126035799843284,-0.1884352838745172,0.011018198388926731,25.640202675452517,-0.8173952316385815,13.339021625762333,0.9511374134346031,-26.961397207133665,25.3266067438565
left,Anti-pluralist party is the more LEFT-wing of the top 2,4,backsliding_Nyr,Y_delib,V-Dem mid-level: deliberative and egalitarian components: Deliberation,vdem_egal_delib,517,0.04586487321104544,0.08991013001144066,0.6099680356440129,517,504,48,-0.03318947810038855,0.039902817310643,0.40554568845745026,-0.11139756291093023,0.04501860671015312,15.319981555657145,-0.6320507448116834,4.111182351218377,0.8778152102981251,-8.6898200870764,7.425718597453033
left,Anti-pluralist party is the more LEFT-wing of the top 2,4,backsliding_Nyr,Y_eqprotec,V-Dem mid-level: deliberative and egalitarian components: Equal protection,vdem_egal_delib,517,0.04586487321104544,0.08991013001144066,0.6099680356440129,517,504,48,-0.020510071724852513,0.02247673560380948,0.3615043876580802,-0.06456366399834822,0.023543520548643195,16.167170230538503,-0.1571667345168558,4.579907812354252,0.9726247103999095,-9.133621099244815,8.819287630211102
left,Anti-pluralist party is the more LEFT-wing of the top 2,4,backsliding_Nyr,Y_eqaccess,V-Dem mid-level: deliberative and egalitarian components: Equal access,vdem_egal_delib,517,0.04586487321104544,0.08991013001144066,0.6099680356440129,517,504,48,-0.032621346040057626,0.0190452243976126,0.08674271449781609,-0.06994929993686186,0.004706607856746599,15.48512262064352,-0.5377709624146992,4.756783443428206,0.9099881492857677,-9.8608951937904,8.785353268961002
left,Anti-pluralist party is the more LEFT-wing of the top 2,4,backsliding_Nyr,Y_eqdr,V-Dem mid-level: deliberative and egalitarian components: Equal distribution,vdem_egal_delib,517,0.04586487321104544,0.08991013001144066,0.6099680356440129,517,504,48,-0.007705703330554099,0.01944321634816028,0.6918701953066468,-0.04581370711656863,0.030402300455460433,21.258463141529887,0.10963465500480007,2.365771299072523,0.9630376366464344,-4.52719188683588,4.74646119684548
right,Anti-pluralist party is the more RIGHT-wing of the top 2,5,backsliding_Nyr,Y_gdp_growth,GDP per capita growth: PWT,growth,822,-0.043940073760106405,0.06233105818009872,0.48084340645713586,822,735,74,-0.04187313775921696,0.025213400386531592,0.09676380181321899,-0.09129049444460713,0.00754421892617322,18.733477425693533,0.39970855327328425,4.711903368654629,0.932396915742597,-8.835452347922743,9.63486945446931
right,Anti-pluralist party is the more RIGHT-wing of the top 2,5,backsliding_Nyr,Y_gdp_growth_wb,GDP per capita growth: World Bank,growth,822,-0.043940073760106405,0.06233105818009872,0.48084340645713586,822,754,75,-0.04860181012382728,0.02375774642472776,0.040783458176712875,-0.0951661374701289,-0.002037482777525648,17.13623755402857,0.7327862306120345,2.7787623670431754,0.7920037202489141,-4.713487930387858,6.179060391611927
right,Anti-pluralist party is the more RIGHT-wing of the top 2,5,backsliding_Nyr,Y_gdp_growth_imf,GDP per capita growth: IMF WEO,growth,822,-0.043940073760106405,0.06233105818009872,0.48084340645713586,822,587,63,-0.03654390995378379,0.024784607893219138,0.14035781250524887,-0.08512084879544043,0.012033028887872853,17.09691740143019,0.6278038706381524,4.072410043092213,0.8774833600757667,-7.353973144101792,8.609580885378097
right,Anti-pluralist party is the more RIGHT-wing of the top 2,5,backsliding_Nyr,Y_inflation,Inflation,inflation,822,-0.043940073760106405,0.06233105818009872,0.48084340645713586,822,715,71,0.09260484143130476,0.2503805667619128,0.7114895296552961,-0.39813205185077066,0.5833417347133802,16.835736450832883,-1.2005882759593125,4.5741685769938885,0.7929580581258644,-10.16579394608216,7.764617394163535
right,Anti-pluralist party is the more RIGHT-wing of the top 2,5,backsliding_Nyr,Y_unemployment,Unemployment,unemployment,822,-0.043940073760106405,0.06233105818009872,0.48084340645713586,822,516,62,0.025943970501544372,0.640082567274825,0.9676688164746858,-1.2285948084890486,1.2804827494921371,16.76254535349219,-2.87703563174343,15.212065297537636,0.8499920769678702,-32.69213574538877,26.93806448190191
right,Anti-pluralist party is the more RIGHT-wing of the top 2,5,backsliding_Nyr,Y_trade_pct_gdp,Trade openness,trade,822,-0.043940073760106405,0.06233105818009872,0.48084340645713586,822,666,68,1.9561955462430172,3.131029468773021,0.532117355165999,-4.18050944708568,8.092900539571716,17.3919844465053,-57.32663579943878,153.76041680221076,0.7092742975266566,-358.6915149796392,244.0382433807616
right,Anti-pluralist party is the more RIGHT-wing of the top 2,5,backsliding_Nyr,Y_top10_share,Top-10% income share,top10,822,-0.043940073760106405,0.06233105818009872,0.48084340645713586,822,693,68,0.24171013056314306,0.5700079615454631,0.6715315822749812,-0.8754849449670563,1.3589052060933424,17.8843728063612,-3.1397034338774144,15.57713727507251,0.84026194114928,-33.67033147525592,27.39092460750109
right,Anti-pluralist party is the more RIGHT-wing of the top 2,5,backsliding_Nyr,Y_gini_disp,Income inequality (Gini): Disposable,gini,822,-0.043940073760106405,0.06233105818009872,0.48084340645713586,822,598,64,0.4337507305509101,0.3941378211952743,0.27111205548063944,-0.3387452039369148,1.2062466650387351,20.027743225517067,-5.5692977320436095,10.995312773945143,0.6124947229595619,-27.119714767729278,15.98111930364206
right,Anti-pluralist party is the more RIGHT-wing of the top 2,5,backsliding_Nyr,Y_gini_mkt,Income inequality (Gini): Market,gini,822,-0.043940073760106405,0.06233105818009872,0.48084340645713586,822,598,64,0.4555161105630461,0.4032674552856117,0.2586602899753928,-0.3348735779338692,1.2459057990599613,19.520201598369688,-5.293421354575955,9.923768636891696,0.593750917692124,-24.743650473791817,14.156807764639908
right,Anti-pluralist party is the more RIGHT-wing of the top 2,5,backsliding_Nyr,Y_debt,Public debt and deficit: Debt / GDP,fiscal,822,-0.043940073760106405,0.06233105818009872,0.48084340645713586,822,733,73,14.072486056941813,15.933281150487842,0.37712102909204454,-17.156171153565264,45.30114326744889,18.031376097613343,-151.88824974886802,508.51854996426596,0.7651783223739419,-1148.566293149361,844.7897936516249
right,Anti-pluralist party is the more RIGHT-wing of the top 2,5,backsliding_Nyr,Y_deficit,Public debt and deficit: Deficit / GDP,fiscal,822,-0.043940073760106405,0.06233105818009872,0.48084340645713586,822,653,67,3.0425362668696545,3.0525025689734337,0.3188931372584066,-2.9402588310342654,9.025331364773574,19.361575814773655,-8.501021779974124,209.65922341642587,0.967657154180849,-419.42554870280543,402.4235051428572
right,Anti-pluralist party is the more RIGHT-wing of the top 2,5,backsliding_Nyr,Y_checks_balances,Executive constraints: Checks & balances,institutions,822,-0.043940073760106405,0.06233105818009872,0.48084340645713586,822,767,75,0.009756578958900435,0.01635841702650098,0.5508909317460016,-0.022305329257128276,0.04181848717492914,22.601369799638633,-0.12585171797713418,0.33788325694526844,0.7095421924217271,-0.7880907325689532,0.5363872966146848
right,Anti-pluralist party is the more RIGHT-wing of the top 2,5,backsliding_Nyr,Y_jucon,Executive constraints: Judicial constraints,institutions,822,-0.043940073760106405,0.06233105818009872,0.48084340645713586,822,784,78,0.010276766914952279,0.02419726867763176,0.6710497521856109,-0.037149008217445094,0.057702542047349654,19.362374621512465,-0.07241429701547979,0.44265565790599104,0.870053458738572,-0.9400034440641047,0.7951748500331453
right,Anti-pluralist party is the more RIGHT-wing of the top 2,5,backsliding_Nyr,Y_legcon,Executive constraints: Legislative constraints,institutions,822,-0.043940073760106405,0.06233105818009872,0.48084340645713586,822,767,75,-0.009009923740128687,0.02222692800913161,0.6852123730825395,-0.05257390212499119,0.03455405464473382,23.410673964341374,0.13051744602974027,0.46305444952882335,0.7780493401730049,-0.7770525979277734,1.0380874899872539
right,Anti-pluralist party is the more RIGHT-wing of the top 2,5,backsliding_Nyr,Y_hos_power,Executive power (ET): HOS,exec_power,822,-0.043940073760106405,0.06233105818009872,0.48084340645713586,822,784,78,-0.01322981603415866,0.018164751633258206,0.46641556169920245,-0.048832075023459855,0.022372442955142534,14.125025753758619,-0.02739057157585778,0.4009060957797511,0.9455295790336569,-0.813152080486735,0.7583709373350195
right,Anti-pluralist party is the more RIGHT-wing of the top 2,5,backsliding_Nyr,Y_hog_power,Executive power (ET): HOG,exec_power,822,-0.043940073760106405,0.06233105818009872,0.48084340645713586,822,407,42,0.03141478361187855,0.01755158957559293,0.07347737809368646,-0.0029856998277122335,0.06581526705146934,21.8217882112243,-0.49860016088739967,1.512391900422433,0.7416443659676001,-3.462833816225455,2.465633494450656
right,Anti-pluralist party is the more RIGHT-wing of the top 2,5,backsliding_Nyr,Y_hos_power_vdem,Executive power (V-Dem): HOS (v2ex_hosw),exec_power_alt,822,-0.043940073760106405,0.06233105818009872,0.48084340645713586,822,784,78,0.006084060925867409,0.021102525881984094,0.7731097545639019,-0.035276129785645746,0.04744425163738056,14.77918040407219,-0.028199327632611404,0.2915749284437057,0.9229536577365787,-0.5996756861771178,0.543277030911895
right,Anti-pluralist party is the more RIGHT-wing of the top 2,5,backsliding_Nyr,Y_hog_power_vdem,Executive power (V-Dem): HOG (v2ex_hogw),exec_power_alt,822,-0.043940073760106405,0.06233105818009872,0.48084340645713586,822,784,78,0.007084231866907062,0.021908558203134743,0.7464267498737376,-0.03585575316443658,0.050024216898250706,15.260941166128454,-0.0800429515857814,0.3476598802226322,0.8179103305054726,-0.7614437956916493,0.6013578925200866
right,Anti-pluralist party is the more RIGHT-wing of the top 2,5,backsliding_Nyr,Y_polyarchy,V-Dem high-level democracy indices: Electoral (polyarchy),vdem_high,822,-0.043940073760106405,0.06233105818009872,0.48084340645713586,822,784,78,-0.022137943199469465,0.023381461922657207,0.343732526593586,-0.06796476647377223,0.02368888007483329,24.599619261566758,0.08001962566615556,0.6138009213039798,0.8962757633515166,-1.1230080737671484,1.2830473250994596
right,Anti-pluralist party is the more RIGHT-wing of the top 2,5,backsliding_Nyr,Y_libdem,V-Dem high-level democracy indices: Liberal,vdem_high,822,-0.043940073760106405,0.06233105818009872,0.48084340645713586,822,784,78,-0.00887916158072442,0.020199970277300156,0.6602535702656711,-0.04847037581301228,0.030712052651563442,23.236899396072634,0.038627501189829244,0.4959301762306002,0.9379163564640676,-0.9333777830687487,1.0106327854484072
right,Anti-pluralist party is the more RIGHT-wing of the top 2,5,backsliding_Nyr,Y_partipdem,V-Dem high-level democracy indices: Participatory,vdem_high,822,-0.043940073760106405,0.06233105818009872,0.48084340645713586,822,784,78,-0.008659658445811676,0.016346008006905867,0.5962699744978104,-0.04069724543035051,0.023377928538727163,25.2101875801572,0.06140942095676677,0.4937512263694407,0.9010197903815371,-0.9063252000498201,1.0291440419633535
right,Anti-pluralist party is the more RIGHT-wing of the top 2,5,backsliding_Nyr,Y_delibdem,V-Dem high-level democracy indices: Deliberative,vdem_high,822,-0.043940073760106405,0.06233105818009872,0.48084340645713586,822,784,78,0.004538265489632392,0.02625220063062014,0.8627521888742491,-0.04691510226130276,0.05599163324056754,17.57737670705648,-0.04771890279238408,0.47973757731324895,0.9207660893621624,-0.9879872763568515,0.8925494707720832
right,Anti-pluralist party is the more RIGHT-wing of the top 2,5,backsliding_Nyr,Y_egaldem,V-Dem high-level democracy indices: Egalitarian,vdem_high,822,-0.043940073760106405,0.06233105818009872,0.48084340645713586,822,784,78,-0.0025304641848637203,0.016229798133923258,0.8761002543147701,-0.03434028400370867,0.029279355633981232,22.178740532136526,0.0039754671914949,0.3431789853806858,0.9907573217264811,-0.6686429844056468,0.6765939187886366
right,Anti-pluralist party is the more RIGHT-wing of the top 2,5,backsliding_Nyr,Y_elecoff,V-Dem mid-level: electoral component: Elected officials,vdem_electoral,822,-0.043940073760106405,0.06233105818009872,0.48084340645713586,822,784,78,-0.061194229401247996,0.05575059792370601,0.27236059781803446,-0.17046339344828526,0.04807493464578927,18.244353587677555,0.7909857531016794,1.7629666967438242,0.6536715766810449,-2.6643654784597626,4.246336984663121
right,Anti-pluralist party is the more RIGHT-wing of the top 2,5,backsliding_Nyr,Y_frefair,V-Dem mid-level: electoral component: Clean elections,vdem_electoral,822,-0.043940073760106405,0.06233105818009872,0.48084340645713586,822,784,78,-0.04291382820120421,0.038905847221008726,0.2700195893946841,-0.11916788754239903,0.033340231139990614,24.87123074386235,0.5882960527841535,2.301237113882867,0.7982262124075431,-3.922045810313163,5.09863791588147
right,Anti-pluralist party is the more RIGHT-wing of the top 2,5,backsliding_Nyr,Y_frassoc,V-Dem mid-level: electoral component: Association,vdem_electoral,822,-0.043940073760106405,0.06233105818009872,0.48084340645713586,822,784,78,-0.03010731840882792,0.02704021021148745,0.2655247942214547,-0.08310515655773551,0.022890519740079666,19.59516115615912,0.4367663096389234,0.9215308977623757,0.6355303466103437,-1.369401060616195,2.242933679894042
right,Anti-pluralist party is the more RIGHT-wing of the top 2,5,backsliding_Nyr,Y_suffr,V-Dem mid-level: electoral component: Suffrage,vdem_electoral,822,-0.043940073760106405,0.06233105818009872,0.48084340645713586,822,784,78,0.012426501610603711,0.013988045442339628,0.3743439991009922,-0.014989563670491599,0.03984256689169902,15.481341818980429,-0.10656022811945763,0.3127894146973035,0.7333465899845629,-0.7196162156715357,0.5064957594326204
right,Anti-pluralist party is the more RIGHT-wing of the top 2,5,backsliding_Nyr,Y_freexp,V-Dem mid-level: electoral component: Expression & alt. info,vdem_electoral,822,-0.043940073760106405,0.06233105818009872,0.48084340645713586,822,784,78,-0.008432576064720577,0.027059193078580682,0.755318369125157,-0.06146761994945421,0.04460246782001305,18.203949382017825,0.20213077406879731,0.631146779383799,0.7487715953661191,-1.0348941824818954,1.4391557306194902
right,Anti-pluralist party is the more RIGHT-wing of the top 2,5,backsliding_Nyr,Y_cl_rol,V-Dem mid-level: liberal component (see also Executive constraints),vdem_liberal,822,-0.043940073760106405,0.06233105818009872,0.48084340645713586,822,784,78,-0.022083935993674725,0.02289839675004665,0.33482961685482854,-0.06696396892747516,0.022796096940125715,19.050531585091754,0.4407018357915802,0.8033543958338816,0.5832956954120607,-1.1338438468647616,2.015247518447922
right,Anti-pluralist party is the more RIGHT-wing of the top 2,5,backsliding_Nyr,Y_cspart,V-Dem mid-level: participatory component: Civil society,vdem_particip,822,-0.043940073760106405,0.06233105818009872,0.48084340645713586,822,784,78,-0.02129227328514483,0.02475043111638462,0.3896353293261241,-0.06980222687509816,0.027217680304808495,21.64690085146177,0.4008763443264146,0.9322780937135663,0.6671981661184838,-1.4263551429278323,2.2281078315806613
right,Anti-pluralist party is the more RIGHT-wing of the top 2,5,backsliding_Nyr,Y_dd,V-Dem mid-level: participatory component: Direct democracy,vdem_particip,822,-0.043940073760106405,0.06233105818009872,0.48084340645713586,822,784,78,0.005608923652907375,0.01571859879404783,0.7212164065907523,-0.02519896387086109,0.03641681117667584,25.91318924615379,-0.15072915652525268,0.5231399759489948,0.7732518598052581,-1.1760646682584321,0.8746063552079268
right,Anti-pluralist party is the more RIGHT-wing of the top 2,5,backsliding_Nyr,Y_locelec,V-Dem mid-level: participatory component: Local elections,vdem_particip,822,-0.043940073760106405,0.06233105818009872,0.48084340645713586,822,773,76,0.0034396222335028367,0.027021367054864784,0.8987087535806817,-0.04952128400706927,0.056400528474074944,22.96122695578212,-0.12354412969284877,0.5118403205655072,0.8092664973548951,-1.1267327238366784,0.8796444644509809
right,Anti-pluralist party is the more RIGHT-wing of the top 2,5,backsliding_Nyr,Y_regelec,V-Dem mid-level: participatory component: Regional elections,vdem_particip,822,-0.043940073760106405,0.06233105818009872,0.48084340645713586,822,784,78,-0.05874895820966083,0.0391660685189664,0.13361535868442548,-0.13551304192286295,0.018015125503541306,16.861339038426095,0.8859868281671268,1.576028305100861,0.5740040912709824,-2.2029718884462635,3.974945544780517
right,Anti-pluralist party is the more RIGHT-wing of the top 2,5,backsliding_Nyr,Y_delib,V-Dem mid-level: deliberative and egalitarian components: Deliberation,vdem_egal_delib,822,-0.043940073760106405,0.06233105818009872,0.48084340645713586,822,784,78,-0.008673034634689016,0.03277568098230616,0.7913037644239072,-0.07291218892878346,0.055566119659405416,17.779147428207445,0.15102485413351074,0.6973286840000504,0.8285385707867186,-1.2157142518932997,1.5177639601603214
right,Anti-pluralist party is the more RIGHT-wing of the top 2,5,backsliding_Nyr,Y_eqprotec,V-Dem mid-level: deliberative and egalitarian components: Equal protection,vdem_egal_delib,822,-0.043940073760106405,0.06233105818009872,0.48084340645713586,822,784,78,0.02272276716323382,0.014575558923102881,0.11900497371910458,-0.005844803380589233,0.05129033770705688,13.447560631529464,-0.16384457423639956,0.36378816946010395,0.652433176867483,-0.876856284379957,0.5491671359071579
right,Anti-pluralist party is the more RIGHT-wing of the top 2,5,backsliding_Nyr,Y_eqaccess,V-Dem mid-level: deliberative and egalitarian components: Equal access,vdem_egal_delib,822,-0.043940073760106405,0.06233105818009872,0.48084340645713586,822,784,78,-0.006569962808532755,0.014849291183283531,0.6581687724818119,-0.035674038723716626,0.02253411310665112,19.864242240242877,0.17474870853513508,0.4143512250434536,0.6732144119167223,-0.6373647695000846,0.9868621865703548
right,Anti-pluralist party is the more RIGHT-wing of the top 2,5,backsliding_Nyr,Y_eqdr,V-Dem mid-level: deliberative and egalitarian components: Equal distribution,vdem_egal_delib,822,-0.043940073760106405,0.06233105818009872,0.48084340645713586,822,784,78,-0.006059641632207183,0.011010743883231651,0.5820868883996354,-0.02764030308633591,0.015521019821921542,18.456948309891654,0.08926621070335025,0.1848408276838133,0.6291414838538296,-0.27301515442949786,0.4515475758361984
left,Anti-pluralist party is the more LEFT-wing of the top 2,5,backsliding_Nyr,Y_gdp_growth,GDP per capita growth: PWT,growth,517,0.0826613686144322,0.09428863980381144,0.38065814569561096,517,464,54,-0.1531295754405512,0.09467165010149373,0.10577453891852662,-0.33868259999645656,0.03242344911535419,15.942166202089226,-2.089797826636035,6.705231052908175,0.7552937707213798,-15.23180919835564,11.05221354508357
left,Anti-pluralist party is the more LEFT-wing of the top 2,5,backsliding_Nyr,Y_gdp_growth_wb,GDP per capita growth: World Bank,growth,517,0.0826613686144322,0.09428863980381144,0.38065814569561096,517,478,58,-0.08048030050268318,0.08061702626810589,0.3181319642924941,-0.23848676852889014,0.07752616752352379,15.292550155877134,-0.8739859538769521,3.0128235085228137,0.7717484060460676,-6.779011522357269,5.031039614603365
left,Anti-pluralist party is the more LEFT-wing of the top 2,5,backsliding_Nyr,Y_gdp_growth_imf,GDP per capita growth: IMF WEO,growth,517,0.0826613686144322,0.09428863980381144,0.38065814569561096,517,355,46,-0.11491664208519274,0.07354525597559239,0.11816326977398955,-0.259062695031133,0.0292294108607475,21.55048083571024,2.5354819876406145,4.594357023405228,0.5810382920579724,-6.469292310352274,11.540256285633504
left,Anti-pluralist party is the more LEFT-wing of the top 2,5,backsliding_Nyr,Y_inflation,Inflation,inflation,517,0.0826613686144322,0.09428863980381144,0.38065814569561096,517,414,51,-0.06595715476935754,0.48559509419029373,0.8919576716485442,-1.0177060504516682,0.885791740912953,15.715212333220576,4.4973433812656936,26.510339769000566,0.8652894257662722,-47.4619677838953,56.456654546426684
left,Anti-pluralist party is the more LEFT-wing of the top 2,5,backsliding_Nyr,Y_unemployment,Unemployment,unemployment,517,0.0826613686144322,0.09428863980381144,0.38065814569561096,517,359,59,1.502269498420953,1.3866735513408104,0.2786477542975256,-1.215560720521288,4.220099717363194,18.947672313929143,9.83863898378955,35.76652496476857,0.7832551355466355,-60.26246179930955,79.93973976688865
left,Anti-pluralist party is the more LEFT-wing of the top 2,5,backsliding_Nyr,Y_trade_pct_gdp,Trade openness,trade,517,0.0826613686144322,0.09428863980381144,0.38065814569561096,517,441,54,-11.710257995679333,8.403584684669733,0.16347358092584297,-28.180981318664394,4.760465327305726,14.605750735137121,-168.38042026618447,511.9586731275344,0.7422353896303198,-1171.8009811690654,835.0401406366965
left,Anti-pluralist party is the more LEFT-wing of the top 2,5,backsliding_Nyr,Y_top10_share,Top-10% income share,top10,517,0.0826613686144322,0.09428863980381144,0.38065814569561096,517,451,56,-2.8076205053849996,1.3984473788488145,0.04467839673284097,-5.548527002203116,-0.06671400856688336,20.281140239790407,-36.08247937929991,95.2669078819001,0.7048724440791327,-222.80218774631905,150.63722898771923
left,Anti-pluralist party is the more LEFT-wing of the top 2,5,backsliding_Nyr,Y_gini_disp,Income inequality (Gini): Disposable,gini,517,0.0826613686144322,0.09428863980381144,0.38065814569561096,517,371,44,0.8652775006636839,0.826287466605256,0.29501333573658084,-0.7542161747594598,2.4847711760868276,23.051391888378514,-101.30950765323234,500.55302451768546,0.8396078147306412,-1082.3754080604901,879.7563927540255
left,Anti-pluralist party is the more LEFT-wing of the top 2,5,backsliding_Nyr,Y_gini_mkt,Income inequality (Gini): Market,gini,517,0.0826613686144322,0.09428863980381144,0.38065814569561096,517,371,44,0.9630983533295049,0.7774331423994615,0.21541281926459055,-0.5606426061612383,2.486839312820248,24.17760609212212,-360.4339683967755,1040.1899164426413,0.7289610880283157,-2399.1687417060803,1678.300804912529
left,Anti-pluralist party is the more LEFT-wing of the top 2,5,backsliding_Nyr,Y_debt,Public debt and deficit: Debt / GDP,fiscal,517,0.0826613686144322,0.09428863980381144,0.38065814569561096,517,460,57,-3.059203668350941,12.65907890659759,0.809042973810206,-27.870542402732895,21.752135066031016,17.419406431552442,-30.366301451434623,1443.1092401776707,0.9832119325780216,-2858.8084379566308,2798.0758350537617
left,Anti-pluralist party is the more LEFT-wing of the top 2,5,backsliding_Nyr,Y_deficit,Public debt and deficit: Deficit / GDP,fiscal,517,0.0826613686144322,0.09428863980381144,0.38065814569561096,517,392,50,0.29849317447830837,2.3380448009197785,0.8984118265357339,-4.283990429565577,4.880976778522193,22.565075501768508,-8.63758917753896,47.50627189146966,0.8557240078592739,-101.74817112458696,84.47299276950905
left,Anti-pluralist party is the more LEFT-wing of the top 2,5,backsliding_Nyr,Y_checks_balances,Executive constraints: Checks & balances,institutions,517,0.0826613686144322,0.09428863980381144,0.38065814569561096,517,484,60,0.0073363709506167486,0.03854926424723827,0.8490649888168859,-0.06821879860448779,0.08289154050572128,17.92829448713211,0.2552250326172251,0.8828954547745015,0.772522225755454,-1.4752182608549091,1.9856683260893595
left,Anti-pluralist party is the more LEFT-wing of the top 2,5,backsliding_Nyr,Y_jucon,Executive constraints: Judicial constraints,institutions,517,0.0826613686144322,0.09428863980381144,0.38065814569561096,517,497,61,-0.024473562277880542,0.03662282784487208,0.5039677925555639,-0.09625298586584044,0.047305861310079356,20.62100450285015,-0.44563714593821635,1.4758085300804802,0.7626815215685278,-3.3381687129729536,2.446894421096521
left,Anti-pluralist party is the more LEFT-wing of the top 2,5,backsliding_Nyr,Y_legcon,Executive constraints: Legislative constraints,institutions,517,0.0826613686144322,0.09428863980381144,0.38065814569561096,517,484,60,0.04264738396824245,0.04371800715730387,0.32930699439641314,-0.04303833553593741,0.1283331034724223,20.48836073885964,0.30878688796535075,0.9853221024852052,0.75398685221714,-1.6224089460769349,2.2399827220076363
left,Anti-pluralist party is the more LEFT-wing of the top 2,5,backsliding_Nyr,Y_hos_power,Executive power (ET): HOS,exec_power,517,0.0826613686144322,0.09428863980381144,0.38065814569561096,517,497,61,0.03384489220998428,0.026973907615775363,0.20957785344394217,-0.01902299523924609,0.08671277965921464,15.93817962372455,0.2901298245517038,0.6820812080715618,0.6705745151233244,-1.0467247778001276,1.6269844269035354
left,Anti-pluralist party is the more LEFT-wing of the top 2,5,backsliding_Nyr,Y_hog_power,Executive power (ET): HOG,exec_power,517,0.0826613686144322,0.09428863980381144,0.38065814569561096,517,246,38,-0.033486156533131514,0.018681332307508996,0.07305403683946557,-0.07010089503907369,0.00312858197281065,26.224888294379618,-0.052468994080442304,0.09151794899211536,0.5664286114785366,-0.2318408780439621,0.1269028898830775
left,Anti-pluralist party is the more LEFT-wing of the top 2,5,backsliding_Nyr,Y_hos_power_vdem,Executive power (V-Dem): HOS (v2ex_hosw),exec_power_alt,517,0.0826613686144322,0.09428863980381144,0.38065814569561096,517,497,61,0.052525830628424926,0.06488690437773748,0.4182286525645703,-0.07465016502023486,0.1797018262770847,15.434444535816816,0.5274367710076808,1.2346244114891747,0.6692305806481986,-1.8923826099450605,2.9472561519604223
left,Anti-pluralist party is the more LEFT-wing of the top 2,5,backsliding_Nyr,Y_hog_power_vdem,Executive power (V-Dem): HOG (v2ex_hogw),exec_power_alt,517,0.0826613686144322,0.09428863980381144,0.38065814569561096,517,497,61,-0.04656054483996125,0.06738551816287926,0.4895921035043822,-0.1786337335187742,0.08551264383885171,14.2826721709882,-0.3738093119924468,1.2231086493851873,0.7598922186500219,-2.7710582139668416,2.0234395899819475
left,Anti-pluralist party is the more LEFT-wing of the top 2,5,backsliding_Nyr,Y_polyarchy,V-Dem high-level democracy indices: Electoral (polyarchy),vdem_high,517,0.0826613686144322,0.09428863980381144,0.38065814569561096,517,497,61,-0.023627191084969967,0.03315435000390669,0.47606715112044345,-0.08860852302346245,0.041354140853522514,17.056966316652908,-0.205730132943656,0.4706832713928641,0.6620473397827901,-1.1282523929991612,0.7167921271118491
left,Anti-pluralist party is the more LEFT-wing of the top 2,5,backsliding_Nyr,Y_libdem,V-Dem high-level democracy indices: Liberal,vdem_high,517,0.0826613686144322,0.09428863980381144,0.38065814569561096,517,497,61,-0.012798352548303877,0.03367551166401616,0.7039088657191886,-0.07880114257073403,0.05320443747412629,19.754464970918125,-0.1365397685529972,0.44101010073400526,0.7568599112893927,-1.0009036828100286,0.7278241457040341
left,Anti-pluralist party is the more LEFT-wing of the top 2,5,backsliding_Nyr,Y_partipdem,V-Dem high-level democracy indices: Participatory,vdem_high,517,0.0826613686144322,0.09428863980381144,0.38065814569561096,517,496,61,-0.032832012073080515,0.025721541883695825,0.20179992570692762,-0.08324530779196285,0.017581283645801825,18.586536503398133,-0.28663125658434496,0.5768714333872529,0.6192793254695346,-1.417278489733357,0.8440159765646671
left,Anti-pluralist party is the more LEFT-wing of the top 2,5,backsliding_Nyr,Y_delibdem,V-Dem high-level democracy indices: Deliberative,vdem_high,517,0.0826613686144322,0.09428863980381144,0.38065814569561096,517,497,61,-0.01767130448486977,0.03571776292848488,0.620777763213354,-0.08767683343304,0.052334224463300466,17.579681131779672,-0.16340911679532752,0.45186561862686103,0.717626966629916,-1.0490494551558862,0.7222312215652311
left,Anti-pluralist party is the more LEFT-wing of the top 2,5,backsliding_Nyr,Y_egaldem,V-Dem high-level democracy indices: Egalitarian,vdem_high,517,0.0826613686144322,0.09428863980381144,0.38065814569561096,517,497,61,-0.02685558672840873,0.022363564752789167,0.22980418804683528,-0.07068736820980488,0.016976194752987422,17.339554964418255,-0.2211704483148717,0.4051735054933167,0.5851580383811599,-1.015295926571614,0.5729550299418704
left,Anti-pluralist party is the more LEFT-wing of the top 2,5,backsliding_Nyr,Y_elecoff,V-Dem mid-level: electoral component: Elected officials,vdem_electoral,517,0.0826613686144322,0.09428863980381144,0.38065814569561096,517,497,61,-0.06548325131085327,0.04807885549794336,0.1731988689130085,-0.1597160765047278,0.028749573883021254,14.985433370953746,-0.8347297269495961,1.1429271945328647,0.4651800954818217,-3.0748258651854146,1.405366411286222
left,Anti-pluralist party is the more LEFT-wing of the top 2,5,backsliding_Nyr,Y_frefair,V-Dem mid-level: electoral component: Clean elections,vdem_electoral,517,0.0826613686144322,0.09428863980381144,0.38065814569561096,517,497,61,-0.05512582532555237,0.04827739293279518,0.25351392751049306,-0.14974777674131942,0.03949612609021467,15.677266940097146,-0.41702647993488795,0.7582755262294788,0.5823420410013045,-1.9032192017028229,1.069166241833047
left,Anti-pluralist party is the more LEFT-wing of the top 2,5,backsliding_Nyr,Y_frassoc,V-Dem mid-level: electoral component: Association,vdem_electoral,517,0.0826613686144322,0.09428863980381144,0.38065814569561096,517,497,61,-0.014835421775364736,0.026460155031893272,0.5750223506448136,-0.06669637266322181,0.03702552911249235,19.577034680317748,-0.13847187775859685,0.49887742536088664,0.7813448173361708,-1.1162536641660032,0.8393099086488096
left,Anti-pluralist party is the more LEFT-wing of the top 2,5,backsliding_Nyr,Y_suffr,V-Dem mid-level: electoral component: Suffrage,vdem_electoral,517,0.0826613686144322,0.09428863980381144,0.38065814569561096,517,497,61,-0.0024322162997470155,0.001498700697251033,0.104614358940395,-0.005369615689964106,5.051830904700752e-4,9.444368553592055,-0.042210348733922085,0.02659252371443354,0.11244441013360383,-0.0943307374722391,0.009910040004394938
left,Anti-pluralist party is the more LEFT-wing of the top 2,5,backsliding_Nyr,Y_freexp,V-Dem mid-level: electoral component: Expression & alt. info,vdem_electoral,517,0.0826613686144322,0.09428863980381144,0.38065814569561096,517,497,61,-0.019447487234847727,0.03371269694839038,0.564034417009206,-0.08552315907540624,0.04662818460571079,20.03809899546539,-0.4733697787658208,1.480733801243712,0.7492064183349575,-3.3755546998945856,2.4288151423629443
left,Anti-pluralist party is the more LEFT-wing of the top 2,5,backsliding_Nyr,Y_cl_rol,V-Dem mid-level: liberal component (see also Executive constraints),vdem_liberal,517,0.0826613686144322,0.09428863980381144,0.38065814569561096,517,497,61,-0.020620757171476777,0.027238390453572014,0.4490213663784535,-0.07400702145731754,0.032765507114363976,19.056487847412754,-0.23514477314380627,0.5683834744079006,0.6790879898117593,-1.3491559123910346,0.878866366103422
left,Anti-pluralist party is the more LEFT-wing of the top 2,5,backsliding_Nyr,Y_cspart,V-Dem mid-level: participatory component: Civil society,vdem_particip,517,0.0826613686144322,0.09428863980381144,0.38065814569561096,517,497,61,-0.053440636966035876,0.02677926380747967,0.045977731289773574,-0.10592702956119297,-9.54244370878779e-4,14.661049462260195,-0.4797714627065403,1.0871971492285128,0.6590015781386365,-2.6106387192890432,1.6510957938759627
left,Anti-pluralist party is the more LEFT-wing of the top 2,5,backsliding_Nyr,Y_dd,V-Dem mid-level: participatory component: Direct democracy,vdem_particip,517,0.0826613686144322,0.09428863980381144,0.38065814569561096,517,497,61,-0.02015840826058229,0.031529345238460196,0.5225927643066636,-0.0819547893840937,0.04163797286292911,27.406340332257045,-0.20889576786966293,0.7312372450215436,0.7751275068150173,-1.642094432266179,1.224302896526853
left,Anti-pluralist party is the more LEFT-wing of the top 2,5,backsliding_Nyr,Y_locelec,V-Dem mid-level: participatory component: Local elections,vdem_particip,517,0.0826613686144322,0.09428863980381144,0.38065814569561096,517,489,58,-0.108208858598562,0.07651832250509963,0.15731605112549008,-0.2581820148659779,0.04176429766885392,14.570347178703278,-1.3659155526504247,2.450488369253285,0.577250448135979,-6.16878450092115,3.4369533956203013
left,Anti-pluralist party is the more LEFT-wing of the top 2,5,backsliding_Nyr,Y_regelec,V-Dem mid-level: participatory component: Regional elections,vdem_particip,517,0.0826613686144322,0.09428863980381144,0.38065814569561096,517,496,61,-0.11572556626113269,0.0548305653152672,0.034806432946206445,-0.22319149953102743,-0.008259632991237942,25.12453309366045,-0.9256423382766952,2.2074369698310563,0.6749757048623275,-5.252139297287794,3.4008546207344033
left,Anti-pluralist party is the more LEFT-wing of the top 2,5,backsliding_Nyr,Y_delib,V-Dem mid-level: deliberative and egalitarian components: Deliberation,vdem_egal_delib,517,0.0826613686144322,0.09428863980381144,0.38065814569561096,517,497,61,-0.028247056826133037,0.038765932084287996,0.4662116749232963,-0.10422688753846324,0.047732773886197156,15.70693032280302,-0.21813979019762464,0.5113134806783237,0.6696515218188408,-1.2202957971369557,0.7840162167417063
left,Anti-pluralist party is the more LEFT-wing of the top 2,5,backsliding_Nyr,Y_eqprotec,V-Dem mid-level: deliberative and egalitarian components: Equal protection,vdem_egal_delib,517,0.0826613686144322,0.09428863980381144,0.38065814569561096,517,497,61,-0.03500641126621105,0.026798576992841428,0.19145778578384887,-0.08753065700910394,0.017517834476681843,16.257834887935125,-0.5079426885805773,1.0076121750170504,0.614187347289241,-2.482826261998065,1.4669408848369103
left,Anti-pluralist party is the more LEFT-wing of the top 2,5,backsliding_Nyr,Y_eqaccess,V-Dem mid-level: deliberative and egalitarian components: Equal access,vdem_egal_delib,517,0.0826613686144322,0.09428863980381144,0.38065814569561096,517,497,61,-0.0310613446010607,0.019717598321040447,0.11518473381852047,-0.0697071271719274,0.007584437969806006,14.928361418872779,-0.3003183895733976,0.5524703331143798,0.5867223455532637,-1.383140345004428,0.7825035658576327
left,Anti-pluralist party is the more LEFT-wing of the top 2,5,backsliding_Nyr,Y_eqdr,V-Dem mid-level: deliberative and egalitarian components: Equal distribution,vdem_egal_delib,517,0.0826613686144322,0.09428863980381144,0.38065814569561096,517,497,61,-0.009921320868942362,0.019554992236094876,0.6119058335979763,-0.04824840136964868,0.028405759631763963,22.832984811810025,-0.09395215754204694,0.2877902716892744,0.7440759659756436,-0.6580107251540217,0.47010641006992787
right,Anti-pluralist party is the more RIGHT-wing of the top 2,6,backsliding_Nyr,Y_gdp_growth,GDP per capita growth: PWT,growth,822,-0.06160858010733783,0.0709557758418396,0.3852480175199835,822,718,86,-0.03857022197118008,0.028264277660479974,0.172370030021091,-0.09396718823476083,0.016826744292400664,17.74825617268944,0.4202320463332058,1.273725480342244,0.7414577201864037,-2.076224021328572,2.9166881139949834
right,Anti-pluralist party is the more RIGHT-wing of the top 2,6,backsliding_Nyr,Y_gdp_growth_wb,GDP per capita growth: World Bank,growth,822,-0.06160858010733783,0.0709557758418396,0.3852480175199835,822,733,88,-0.03889475328883325,0.026572315658762075,0.14326714174662897,-0.09097553496583663,0.013186028388170117,17.17949766533126,0.5302795279970302,1.162156183755533,0.6481818975933543,-1.7475047365743266,2.808063792568387
right,Anti-pluralist party is the more RIGHT-wing of the top 2,6,backsliding_Nyr,Y_gdp_growth_imf,GDP per capita growth: IMF WEO,growth,822,-0.06160858010733783,0.0709557758418396,0.3852480175199835,822,567,71,-0.03457342250842822,0.02845560525490066,0.2243679393942281,-0.0903453839663222,0.02119853894946576,16.666315258631034,1.5614536025211698,14.355988086144254,0.9133875281681727,-26.57576600880766,29.698673213849997
right,Anti-pluralist party is the more RIGHT-wing of the top 2,6,backsliding_Nyr,Y_inflation,Inflation,inflation,822,-0.06160858010733783,0.0709557758418396,0.3852480175199835,822,694,82,0.09972052068510301,0.28090234793496,0.7225890920600637,-0.4508379644401576,0.6502790058103636,16.411993218430652,-1.6786628546192695,5.272593981482031,0.7502003922802116,-12.012757163426695,8.655431454188157
right,Anti-pluralist party is the more RIGHT-wing of the top 2,6,backsliding_Nyr,Y_unemployment,Unemployment,unemployment,822,-0.06160858010733783,0.0709557758418396,0.3852480175199835,822,499,73,-0.12830448925800333,0.6153326358476213,0.834828895828623,-1.334334294031441,1.0777253155154343,21.821454777875292,3.8805722102432973,13.728342923362307,0.7774308474465585,-23.026485486962134,30.78762990744873
right,Anti-pluralist party is the more RIGHT-wing of the top 2,6,backsliding_Nyr,Y_trade_pct_gdp,Trade openness,trade,822,-0.06160858010733783,0.0709557758418396,0.3852480175199835,822,648,78,3.2541650654270584,3.3576943037912326,0.332462088554812,-3.3267948410990464,9.835124971953164,16.298270439065416,-82.3112808896774,156.1890062433126,0.5981950352476209,-388.4361079076716,223.81354612831683
right,Anti-pluralist party is the more RIGHT-wing of the top 2,6,backsliding_Nyr,Y_top10_share,Top-10% income share,top10,822,-0.06160858010733783,0.0709557758418396,0.3852480175199835,822,671,81,0.1546486182452239,0.5905642619455724,0.7934248612656929,-1.0028360657245758,1.3121333022150239,18.435652815235493,-2.553741782071036,9.491862872163756,0.7878947672651637,-21.157451157704905,16.049967593562833
right,Anti-pluralist party is the more RIGHT-wing of the top 2,6,backsliding_Nyr,Y_gini_disp,Income inequality (Gini): Disposable,gini,822,-0.06160858010733783,0.0709557758418396,0.3852480175199835,822,577,74,0.2929830725935942,0.41871711413334695,0.4841046698364524,-0.5276873908183128,1.113653536005501,22.173678389397086,-3.8996278182353263,7.534455801907397,0.604756508731783,-18.66688983308267,10.86763419661202
right,Anti-pluralist party is the more RIGHT-wing of the top 2,6,backsliding_Nyr,Y_gini_mkt,Income inequality (Gini): Market,gini,822,-0.06160858010733783,0.0709557758418396,0.3852480175199835,822,577,74,0.4209916731779868,0.4182889172492738,0.3141936432224545,-0.3988395397628446,1.2408228861188182,22.215403772948534,-5.41223389135117,8.674460723278576,0.532675252328412,-22.413864494284443,11.5893967115821
right,Anti-pluralist party is the more RIGHT-wing of the top 2,6,backsliding_Nyr,Y_debt,Public debt and deficit: Debt / GDP,fiscal,822,-0.06160858010733783,0.0709557758418396,0.3852480175199835,822,713,84,17.306596630735985,17.390302476037192,0.31964549998634206,-16.777769902554628,51.3909631640266,17.382830338142714,-192.71708852092442,584.1429805035796,0.7414647620406432,-1337.6162921298228,952.182115087974
right,Anti-pluralist party is the more RIGHT-wing of the top 2,6,backsliding_Nyr,Y_deficit,Public debt and deficit: Deficit / GDP,fiscal,822,-0.06160858010733783,0.0709557758418396,0.3852480175199835,822,633,78,1.1949733085569654,1.2813577941087662,0.3510349864394942,-1.316441819205905,3.706388436319836,21.87316934705166,-23.865380531370157,71.05770578949931,0.736977084452324,-163.13592470283206,115.40516364009173
right,Anti-pluralist party is the more RIGHT-wing of the top 2,6,backsliding_Nyr,Y_checks_balances,Executive constraints: Checks & balances,institutions,822,-0.06160858010733783,0.0709557758418396,0.3852480175199835,822,749,87,-0.001175055927376538,0.019780849956391764,0.952630555992754,-0.03994480942549508,0.037594697570742006,24.357782612437475,0.051041554769205875,0.6096777053480795,0.9332799195385675,-1.1439047898900527,1.2459878994284643
right,Anti-pluralist party is the more RIGHT-wing of the top 2,6,backsliding_Nyr,Y_jucon,Executive constraints: Judicial constraints,institutions,822,-0.06160858010733783,0.0709557758418396,0.3852480175199835,822,765,89,-0.0032851160402618314,0.028912828344169347,0.9095379223026093,-0.05995321828602258,0.05338298620549892,19.650127646813484,0.30534080562613347,1.2152118614742693,0.8016088532730934,-2.0764306764493106,2.6871122877015776
right,Anti-pluralist party is the more RIGHT-wing of the top 2,6,backsliding_Nyr,Y_legcon,Executive constraints: Legislative constraints,institutions,822,-0.06160858010733783,0.0709557758418396,0.3852480175199835,822,749,87,-0.018658984964405333,0.025221919874593626,0.45942596334896674,-0.06809303953956382,0.030775069610753155,24.630758666700366,0.44656591578928206,1.3687022315761608,0.7442203941690696,-2.2360411636595927,3.1291729952381573
right,Anti-pluralist party is the more RIGHT-wing of the top 2,6,backsliding_Nyr,Y_hos_power,Executive power (ET): HOS,exec_power,822,-0.06160858010733783,0.0709557758418396,0.3852480175199835,822,765,89,-0.007192395838573077,0.018658313647243664,0.6998822544502699,-0.043762018599422824,0.02937722692227667,17.17482509214866,-0.04230027602578977,0.6158627715315396,0.9452406923006488,-1.2493691276466266,1.164768575595047
right,Anti-pluralist party is the more RIGHT-wing of the top 2,6,backsliding_Nyr,Y_hog_power,Executive power (ET): HOG,exec_power,822,-0.06160858010733783,0.0709557758418396,0.3852480175199835,822,395,51,0.01844507132015734,0.0157251300447259,0.2408087153923208,-0.012375617219714145,0.04926575986002882,22.656137002821655,-0.17148813455407336,0.28894637859516237,0.5528501514152049,-0.7378126300638665,0.3948363609557199
right,Anti-pluralist party is the more RIGHT-wing of the top 2,6,backsliding_Nyr,Y_hos_power_vdem,Executive power (V-Dem): HOS (v2ex_hosw),exec_power_alt,822,-0.06160858010733783,0.0709557758418396,0.3852480175199835,822,765,89,0.020802684058133663,0.03264439571834191,0.5239611582036002,-0.04317915584689001,0.08478452396315735,17.107135116294838,-0.3924625735997026,1.2397277104872526,0.7515686950231653,-2.822284236791016,2.037359089591611
right,Anti-pluralist party is the more RIGHT-wing of the top 2,6,backsliding_Nyr,Y_hog_power_vdem,Executive power (V-Dem): HOG (v2ex_hogw),exec_power_alt,822,-0.06160858010733783,0.0709557758418396,0.3852480175199835,822,765,89,-0.007935801731909577,0.0332607485329709,0.8114207282692508,-0.07312567095537596,0.0572540674915568,16.42141017785941,0.20080713894358368,1.0036143909114061,0.8414149198903056,-1.7662409216088746,2.1678551994960418
right,Anti-pluralist party is the more RIGHT-wing of the top 2,6,backsliding_Nyr,Y_polyarchy,V-Dem high-level democracy indices: Electoral (polyarchy),vdem_high,822,-0.06160858010733783,0.0709557758418396,0.3852480175199835,822,765,89,-0.029081918821469297,0.02407746057412377,0.22710563498673897,-0.07627287438593497,0.01810903674299637,25.25882940894079,0.5525267067734501,2.103757576583725,0.792829599245683,-3.5707623755339144,4.675815789080814
right,Anti-pluralist party is the more RIGHT-wing of the top 2,6,backsliding_Nyr,Y_libdem,V-Dem high-level democracy indices: Liberal,vdem_high,822,-0.06160858010733783,0.0709557758418396,0.3852480175199835,822,765,89,-0.017699546505249204,0.021033241394255667,0.4000659182943025,-0.05892394211612732,0.02352484910562892,24.457889613088533,0.479736665061251,1.9081683294913343,0.8014954900605878,-3.260204537181722,4.219677867304224
right,Anti-pluralist party is the more RIGHT-wing of the top 2,6,backsliding_Nyr,Y_partipdem,V-Dem high-level democracy indices: Participatory,vdem_high,822,-0.06160858010733783,0.0709557758418396,0.3852480175199835,822,765,89,-0.012829671813521648,0.01711618030696998,0.45351736634954765,-0.04637676876807652,0.020717425141033224,25.808890729214152,0.1711102945085809,0.824701258348793,0.8356338009564139,-1.4452744698599154,1.7874950588770773
right,Anti-pluralist party is the more RIGHT-wing of the top 2,6,backsliding_Nyr,Y_delibdem,V-Dem high-level democracy indices: Deliberative,vdem_high,822,-0.06160858010733783,0.0709557758418396,0.3852480175199835,822,765,89,0.005528506516671507,0.027841820053216372,0.8426003504412916,-0.049040458051677616,0.06009747108502063,18.175869109340386,-0.11320123418977596,0.6721118061666015,0.866248001754457,-1.43051616786048,1.2041136994809283
right,Anti-pluralist party is the more RIGHT-wing of the top 2,6,backsliding_Nyr,Y_egaldem,V-Dem high-level democracy indices: Egalitarian,vdem_high,822,-0.06160858010733783,0.0709557758418396,0.3852480175199835,822,765,89,-0.00487384843966619,0.017679937725145544,0.7828006703790454,-0.03952588962986246,0.02977819275053008,20.937667294638686,0.050290540549114665,0.5429723463432345,0.9262048078625469,-1.0139157028848331,1.1144967839830626
right,Anti-pluralist party is the more RIGHT-wing of the top 2,6,backsliding_Nyr,Y_elecoff,V-Dem mid-level: electoral component: Elected officials,vdem_electoral,822,-0.06160858010733783,0.0709557758418396,0.3852480175199835,822,765,89,-0.06411614527743245,0.057420464495976965,0.2641620048895227,-0.17665818766510813,0.04842589711024323,17.726023773923835,0.8823233758110497,3.0396863036563397,0.7716112902852521,-5.075352303655057,6.839999055277156
right,Anti-pluralist party is the more RIGHT-wing of the top 2,6,backsliding_Nyr,Y_frefair,V-Dem mid-level: electoral component: Clean elections,vdem_electoral,822,-0.06160858010733783,0.0709557758418396,0.3852480175199835,822,765,89,-0.047405717574047344,0.04031347171726759,0.2396238728131954,-0.12641867023166586,0.03160723508357118,24.19070180027582,0.6450791231471318,2.6855996820440664,0.810175768025333,-4.6185995305514576,5.908757776845721
right,Anti-pluralist party is the more RIGHT-wing of the top 2,6,backsliding_Nyr,Y_frassoc,V-Dem mid-level: electoral component: Association,vdem_electoral,822,-0.06160858010733783,0.0709557758418396,0.3852480175199835,822,765,89,-0.03341564468430502,0.029490641597882665,0.2571751276945009,-0.09121624009713378,0.024384950728523737,19.02324393440404,1.183192304143431,3.3929565328702256,0.7272994167982733,-5.4668803013921,7.833264909678963
right,Anti-pluralist party is the more RIGHT-wing of the top 2,6,backsliding_Nyr,Y_suffr,V-Dem mid-level: electoral component: Suffrage,vdem_electoral,822,-0.06160858010733783,0.0709557758418396,0.3852480175199835,822,765,89,0.011283691920598702,0.014266911724450744,0.4290026986462264,-0.016678941229936982,0.03924632507113439,15.373717805336923,-0.10361236224840274,0.3568410536636811,0.7715408545554436,-0.8030079756345422,0.5957832511377367
right,Anti-pluralist party is the more RIGHT-wing of the top 2,6,backsliding_Nyr,Y_freexp,V-Dem mid-level: electoral component: Expression & alt. info,vdem_electoral,822,-0.06160858010733783,0.0709557758418396,0.3852480175199835,822,765,89,-0.017332156051420217,0.030338513464979823,0.5678015892852271,-0.07679454978726413,0.0421302376844237,17.964667408979142,0.3025655051025244,1.278487578016793,0.8129213972548572,-2.2032241024922317,2.80835511269728
right,Anti-pluralist party is the more RIGHT-wing of the top 2,6,backsliding_Nyr,Y_cl_rol,V-Dem mid-level: liberal component (see also Executive constraints),vdem_liberal,822,-0.06160858010733783,0.0709557758418396,0.3852480175199835,822,765,89,-0.023626089527092116,0.024803696870676194,0.3408318526254342,-0.07224044207706629,0.024988263022882054,18.806139444461,0.4955387173565912,1.2311011616214067,0.6873038361267363,-1.9173752207467891,2.9084526554599717
right,Anti-pluralist party is the more RIGHT-wing of the top 2,6,backsliding_Nyr,Y_cspart,V-Dem mid-level: participatory component: Civil society,vdem_particip,822,-0.06160858010733783,0.0709557758418396,0.3852480175199835,822,765,89,-0.023793387527502916,0.027552095680634728,0.38781967724854266,-0.07779450276014854,0.03020772770514272,18.940301696956176,0.8425294040006035,2.0165778255365003,0.6760921947661178,-3.1098905060730324,4.794949314074239
right,Anti-pluralist party is the more RIGHT-wing of the top 2,6,backsliding_Nyr,Y_dd,V-Dem mid-level: participatory component: Direct democracy,vdem_particip,822,-0.06160858010733783,0.0709557758418396,0.3852480175199835,822,765,89,0.0087302950533358,0.015735891858608908,0.5790304998879685,-0.0221114862541547,0.0395720763608263,27.955461553565534,0.09206688576030778,0.4302970991701213,0.830577310663463,-0.7512999312651898,0.9354337027858053
right,Anti-pluralist party is the more RIGHT-wing of the top 2,6,backsliding_Nyr,Y_locelec,V-Dem mid-level: participatory component: Local elections,vdem_particip,822,-0.06160858010733783,0.0709557758418396,0.3852480175199835,822,755,88,0.0053940292375004575,0.02671155784541026,0.839966638076288,-0.04695966211046196,0.057747720585462875,22.420595343906506,-0.2702750710216602,0.6786104015802602,0.6904258429182168,-1.6003270176532327,1.0597768756099124
right,Anti-pluralist party is the more RIGHT-wing of the top 2,6,backsliding_Nyr,Y_regelec,V-Dem mid-level: participatory component: Regional elections,vdem_particip,822,-0.06160858010733783,0.0709557758418396,0.3852480175199835,822,765,89,-0.05060935724363591,0.037801470237038025,0.18062933972466572,-0.1246988774708932,0.023480162983621378,20.39732164586626,0.8559704583776305,1.8290227513059834,0.6397893555261452,-2.7288482610864557,4.440789177841717
right,Anti-pluralist party is the more RIGHT-wing of the top 2,6,backsliding_Nyr,Y_delib,V-Dem mid-level: deliberative and egalitarian components: Deliberation,vdem_egal_delib,822,-0.06160858010733783,0.0709557758418396,0.3852480175199835,822,765,89,-0.004227816577159286,0.03656917274108185,0.9079604556534119,-0.07590207809410358,0.06744644493978501,16.811412686421118,-0.049887113444926384,0.8995290066093798,0.9557726739996751,-1.8129315694484025,1.7131573425585498
right,Anti-pluralist party is the more RIGHT-wing of the top 2,6,backsliding_Nyr,Y_eqprotec,V-Dem mid-level: deliberative and egalitarian components: Equal protection,vdem_egal_delib,822,-0.06160858010733783,0.0709557758418396,0.3852480175199835,822,765,89,0.014305616375733736,0.015595750439750599,0.3589977349645393,-0.016261492798052137,0.04487272554951961,16.04345826620412,-0.14372409536475214,0.4412822397954247,0.7446539679598019,-1.008621392380952,0.7211732016514477
right,Anti-pluralist party is the more RIGHT-wing of the top 2,6,backsliding_Nyr,Y_eqaccess,V-Dem mid-level: deliberative and egalitarian components: Equal access,vdem_egal_delib,822,-0.06160858010733783,0.0709557758418396,0.3852480175199835,822,765,89,-0.013530460500601074,0.016949402435768108,0.4247048886732984,-0.046750678834182026,0.019689757832979875,19.861514518454452,0.1929395284724394,0.5639305363916861,0.7322504272718663,-0.9123440126376194,1.2982230695824981
right,Anti-pluralist party is the more RIGHT-wing of the top 2,6,backsliding_Nyr,Y_eqdr,V-Dem mid-level: deliberative and egalitarian components: Equal distribution,vdem_egal_delib,822,-0.06160858010733783,0.0709557758418396,0.3852480175199835,822,765,89,-0.009830884077464314,0.011734875935279221,0.4021715198365067,-0.03283081827365736,0.013169050118728733,19.32371985397204,0.20363103732922946,0.39338370351286545,0.6047096505799023,-0.5673868536609693,0.9746489283194283
left,Anti-pluralist party is the more LEFT-wing of the top 2,6,backsliding_Nyr,Y_gdp_growth,GDP per capita growth: PWT,growth,517,0.06067556527582079,0.08841327908205289,0.4925415493394105,517,453,59,-0.1677334301762475,0.09785873922648254,0.08652206147294955,-0.35953303463265024,0.024066174280155228,16.355870073066505,-1.3699243674653117,4.071066574857393,0.7364919134397325,-9.349068232850634,6.609219497920011
left,Anti-pluralist party is the more LEFT-wing of the top 2,6,backsliding_Nyr,Y_gdp_growth_wb,GDP per capita growth: World Bank,growth,517,0.06067556527582079,0.08841327908205289,0.4925415493394105,517,463,62,-0.10110159521393852,0.0851485291147205,0.23508732837714405,-0.2679896456153509,0.06578645518747381,15.216456952989835,-0.8413772094989027,2.7299377280859685,0.7579272533500124,-6.191956836584499,4.5092024175866925
left,Anti-pluralist party is the more LEFT-wing of the top 2,6,backsliding_Nyr,Y_gdp_growth_imf,GDP per capita growth: IMF WEO,growth,517,0.06067556527582079,0.08841327908205289,0.4925415493394105,517,344,47,-0.12612065792877594,0.0906668213192746,0.16421502721221629,-0.30382436230728244,0.05158304644973055,20.3246171787403,1.9930845888382311,56.6150857645898,0.9719169725367951,-108.97044449140405,112.95661366908051
left,Anti-pluralist party is the more LEFT-wing of the top 2,6,backsliding_Nyr,Y_inflation,Inflation,inflation,517,0.06067556527582079,0.08841327908205289,0.4925415493394105,517,397,52,-0.3267782960137384,0.6584163271223752,0.6196760455388705,-1.6172505840067362,0.9636939919792593,17.952201854913916,58.95156694124776,329.3637171010868,0.8579485213107122,-586.5894563911213,704.4925902736168
left,Anti-pluralist party is the more LEFT-wing of the top 2,6,backsliding_Nyr,Y_unemployment,Unemployment,unemployment,517,0.06067556527582079,0.08841327908205289,0.4925415493394105,517,347,60,2.400545626288499,1.4560474977517568,0.09921472468740573,-0.45325502908460846,5.254346281661606,18.700957257953036,7.307091448769995,101.89776207679323,0.9428326749187097,-192.40885232697602,207.023035224516
left,Anti-pluralist party is the more LEFT-wing of the top 2,6,backsliding_Nyr,Y_trade_pct_gdp,Trade openness,trade,517,0.06067556527582079,0.08841327908205289,0.4925415493394105,517,426,58,-12.34302382038446,8.652723273384318,0.15372693146379113,-29.30204980440924,4.616002163640321,13.505375923321429,-108.02111308168296,204.49729287773098,0.5973413791214577,-508.8284420579748,292.786215894609
left,Anti-pluralist party is the more LEFT-wing of the top 2,6,backsliding_Nyr,Y_top10_share,Top-10% income share,top10,517,0.06067556527582079,0.08841327908205289,0.4925415493394105,517,437,60,-3.338236349788953,1.5723561796303074,0.0337472343375494,-6.419997832733346,-0.25647486684456,16.20217349244723,-29.417060032157934,72.551206996973,0.685134880600829,-171.61481278113533,112.78069271681946
left,Anti-pluralist party is the more LEFT-wing of the top 2,6,backsliding_Nyr,Y_gini_disp,Income inequality (Gini): Disposable,gini,517,0.06067556527582079,0.08841327908205289,0.4925415493394105,517,363,46,0.9208861326122202,0.9639288599490706,0.33940246281534264,-0.9683797165467114,2.8101519817711518,23.125367944125582,1.9523881953390472,58.19543144825814,0.9732369330618204,-112.10856150801652,116.0133378986946
left,Anti-pluralist party is the more LEFT-wing of the top 2,6,backsliding_Nyr,Y_gini_mkt,Income inequality (Gini): Market,gini,517,0.06067556527582079,0.08841327908205289,0.4925415493394105,517,363,46,1.0270581827341667,0.8747548705128427,0.2403510867806736,-0.6874298587720029,2.741546224240336,25.495967823694702,-7.693648003489727,70.51930185227312,0.9131232629407622,-145.90893984885372,130.52164384187427
left,Anti-pluralist party is the more LEFT-wing of the top 2,6,backsliding_Nyr,Y_debt,Public debt and deficit: Debt / GDP,fiscal,517,0.06067556527582079,0.08841327908205289,0.4925415493394105,517,444,61,-9.72740517312991,14.33700411959677,0.4974658700716692,-37.827416893741955,18.372606547482135,16.599256014252948,2.6113991872433573,196.25778914480347,0.9893836895781727,-382.0467992220273,387.269597596514
left,Anti-pluralist party is the more LEFT-wing of the top 2,6,backsliding_Nyr,Y_deficit,Public debt and deficit: Deficit / GDP,fiscal,517,0.06067556527582079,0.08841327908205289,0.4925415493394105,517,376,49,1.308079943483767,2.4315054573197474,0.590596921803378,-3.45758318107553,6.073743068043064,19.61015581313631,-4238.272508689768,11994.823558643444,0.7238322144363307,-27747.694684543472,19271.14966716394
left,Anti-pluralist party is the more LEFT-wing of the top 2,6,backsliding_Nyr,Y_checks_balances,Executive constraints: Checks & balances,institutions,517,0.06067556527582079,0.08841327908205289,0.4925415493394105,517,472,66,-0.0393938363022444,0.041405492798453986,0.3413933888055799,-0.12054711094934675,0.04175943834485796,14.006542716742695,-0.31812973961194363,0.48598485775817146,0.512719954914474,-1.2706425578497804,0.6343830786258933
left,Anti-pluralist party is the more LEFT-wing of the top 2,6,backsliding_Nyr,Y_jucon,Executive constraints: Judicial constraints,institutions,517,0.06067556527582079,0.08841327908205289,0.4925415493394105,517,485,66,-0.05629128889744657,0.03854518834057894,0.14418091500739236,-0.13183846982229447,0.019255892027401342,14.73100920471849,-0.4007745860533739,0.8431175120837144,0.6345386448946391,-2.0532545444724675,1.2517053723657194
left,Anti-pluralist party is the more LEFT-wing of the top 2,6,backsliding_Nyr,Y_legcon,Executive constraints: Legislative constraints,institutions,517,0.06067556527582079,0.08841327908205289,0.4925415493394105,517,472,66,0.01385448842771376,0.05280497691608842,0.7930355184671818,-0.08964136453228842,0.11735034138771595,18.321387054174522,-0.22722180225936883,0.5065420874400272,0.653738719718695,-1.2200260502955604,0.7655824457768229
left,Anti-pluralist party is the more LEFT-wing of the top 2,6,backsliding_Nyr,Y_hos_power,Executive power (ET): HOS,exec_power,517,0.06067556527582079,0.08841327908205289,0.4925415493394105,517,485,66,0.03757634413201927,0.032049205667128454,0.24101326819456548,-0.02523894470866947,0.100391632972708,14.979475440159847,0.33289234097088594,0.741500129902476,0.6534717559862828,-1.1204212081697382,1.78620589011151
left,Anti-pluralist party is the more LEFT-wing of the top 2,6,backsliding_Nyr,Y_hog_power,Executive power (ET): HOG,exec_power,517,0.06067556527582079,0.08841327908205289,0.4925415493394105,517,236,36,-0.030638715341913925,0.02023035527604595,0.1299010497163718,-0.07028948307741384,0.009012052393585983,26.510060514490917,-0.07929398779511983,0.10540124195579653,0.4518670543871603,-0.28587662595427304,0.12728865036403342
left,Anti-pluralist party is the more LEFT-wing of the top 2,6,backsliding_Nyr,Y_hos_power_vdem,Executive power (V-Dem): HOS (v2ex_hosw),exec_power_alt,517,0.06067556527582079,0.08841327908205289,0.4925415493394105,517,485,66,0.07281510652246224,0.0803343269816246,0.3647236949967851,-0.08463728108378622,0.23026749412871073,13.309944777167408,0.6171052442941214,1.7466912253134694,0.7238638740972886,-2.8063466494324145,4.040557138020658
left,Anti-pluralist party is the more LEFT-wing of the top 2,6,backsliding_Nyr,Y_hog_power_vdem,Executive power (V-Dem): HOG (v2ex_hogw),exec_power_alt,517,0.06067556527582079,0.08841327908205289,0.4925415493394105,517,485,66,-0.05989792803332605,0.08107704999753072,0.46004190886430524,-0.2188060260012395,0.09901016993458739,13.181658736214898,-0.5292431278371363,1.4895889219707208,0.7223687860190398,-3.4487837666695933,2.39029751099532
left,Anti-pluralist party is the more LEFT-wing of the top 2,6,backsliding_Nyr,Y_polyarchy,V-Dem high-level democracy indices: Electoral (polyarchy),vdem_high,517,0.06067556527582079,0.08841327908205289,0.4925415493394105,517,485,66,-0.037903574714586205,0.03638600414134957,0.29754729408516745,-0.1092188323729566,0.03341168294378419,15.82191049320301,-0.2714669050741079,0.5836048212740381,0.6418202107499988,-1.4153113359751572,0.8723775258269415
left,Anti-pluralist party is the more LEFT-wing of the top 2,6,backsliding_Nyr,Y_libdem,V-Dem high-level democracy indices: Liberal,vdem_high,517,0.06067556527582079,0.08841327908205289,0.4925415493394105,517,485,66,-0.02895191310569599,0.03616897391321092,0.4234427887874158,-0.0998417993333581,0.04193797312196612,18.724481904288176,-0.2581616847908088,0.4910651781084167,0.5990843231830505,-1.2206317479450521,0.7043083783634346
left,Anti-pluralist party is the more LEFT-wing of the top 2,6,backsliding_Nyr,Y_partipdem,V-Dem high-level democracy indices: Participatory,vdem_high,517,0.06067556527582079,0.08841327908205289,0.4925415493394105,517,484,66,-0.04135387342736014,0.028924154996632565,0.15279312382115526,-0.0980441755040142,0.015336428649293916,17.33508962137753,-0.3161468609558803,0.8146438658921218,0.6979569506125642,-1.9128194983309164,1.2805257764191555
left,Anti-pluralist party is the more LEFT-wing of the top 2,6,backsliding_Nyr,Y_delibdem,V-Dem high-level democracy indices: Deliberative,vdem_high,517,0.06067556527582079,0.08841327908205289,0.4925415493394105,517,485,66,-0.04327588653460617,0.03624023096593309,0.23242345545435242,-0.11430543401924823,0.027753660950035876,16.020661422052402,-0.30703201722510237,0.6407232272239127,0.6317991889114652,-1.5628264666422444,0.9487624321920396
left,Anti-pluralist party is the more LEFT-wing of the top 2,6,backsliding_Nyr,Y_egaldem,V-Dem high-level democracy indices: Egalitarian,vdem_high,517,0.06067556527582079,0.08841327908205289,0.4925415493394105,517,485,66,-0.03574827525593638,0.023908781581241805,0.1348637263470051,-0.0826086260694049,0.011112075557532144,15.614476864821137,-0.24948694066155358,0.5150203016371355,0.6280867167033675,-1.258908183177294,0.7599343018541866
left,Anti-pluralist party is the more LEFT-wing of the top 2,6,backsliding_Nyr,Y_elecoff,V-Dem mid-level: electoral component: Elected officials,vdem_electoral,517,0.06067556527582079,0.08841327908205289,0.4925415493394105,517,485,66,-0.07435309331047811,0.05510865877844488,0.17726987445764708,-0.18236407975253713,0.03365789313158091,13.62858975694642,-0.6138666421015792,1.3011187109991835,0.6370701904932874,-3.1640124552711573,1.9362791710679987
left,Anti-pluralist party is the more LEFT-wing of the top 2,6,backsliding_Nyr,Y_frefair,V-Dem mid-level: electoral component: Clean elections,vdem_electoral,517,0.06067556527582079,0.08841327908205289,0.4925415493394105,517,485,66,-0.05431958924727062,0.05743647469203302,0.3442846111622872,-0.1668930110426016,0.05825383254806035,15.152015579617293,-0.3479821598066461,0.7673166658533521,0.6501849418168092,-1.851895189616571,1.1559308700032787
left,Anti-pluralist party is the more LEFT-wing of the top 2,6,backsliding_Nyr,Y_frassoc,V-Dem mid-level: electoral component: Association,vdem_electoral,517,0.06067556527582079,0.08841327908205289,0.4925415493394105,517,485,66,-0.028493338822384723,0.02663436032875185,0.2847110302687141,-0.08069572581800072,0.02370904817323128,16.572449069318886,-0.17836587949797916,0.5367047657879424,0.7396361718308888,-1.2302878907733508,0.8735561317773923
left,Anti-pluralist party is the more LEFT-wing of the top 2,6,backsliding_Nyr,Y_suffr,V-Dem mid-level: electoral component: Suffrage,vdem_electoral,517,0.06067556527582079,0.08841327908205289,0.4925415493394105,517,485,66,-0.002613712221578863,0.0016176111375879225,0.10614075099024815,-0.005784171792242056,5.567473490843298e-4,9.612937446344194,-0.03664836202163809,0.022829125398884615,0.1084204089335656,-0.08139262560200052,0.008095901558724333
left,Anti-pluralist party is the more LEFT-wing of the top 2,6,backsliding_Nyr,Y_freexp,V-Dem mid-level: electoral component: Expression & alt. info,vdem_electoral,517,0.06067556527582079,0.08841327908205289,0.4925415493394105,517,485,66,-0.037619806798701534,0.035799895370501704,0.29333407315919124,-0.10778631237518707,0.032546698777783996,18.048954664803524,-0.42030929368610637,0.9175721625344407,0.6469044898209226,-2.2187176854701423,1.3780990980979295
left,Anti-pluralist party is the more LEFT-wing of the top 2,6,backsliding_Nyr,Y_cl_rol,V-Dem mid-level: liberal component (see also Executive constraints),vdem_liberal,517,0.06067556527582079,0.08841327908205289,0.4925415493394105,517,485,66,-0.03582815778230281,0.027600813391829227,0.19425867673885236,-0.08992475797429889,0.018268442409693268,18.046608418673138,-0.29509475349830183,0.7692729667798293,0.7012733563565441,-1.802842062667044,1.2126525556704406
left,Anti-pluralist party is the more LEFT-wing of the top 2,6,backsliding_Nyr,Y_cspart,V-Dem mid-level: participatory component: Civil society,vdem_particip,517,0.06067556527582079,0.08841327908205289,0.4925415493394105,517,485,66,-0.06297100759532923,0.03004617664784777,0.03609925533134521,-0.12186043169823924,-0.004081583492419209,14.036149055982479,-0.4431348763931751,1.2260595293536125,0.7177779146508521,-2.846167396828384,1.9598976440420337
left,Anti-pluralist party is the more LEFT-wing of the top 2,6,backsliding_Nyr,Y_dd,V-Dem mid-level: participatory component: Direct democracy,vdem_particip,517,0.06067556527582079,0.08841327908205289,0.4925415493394105,517,485,66,-0.02423300715294665,0.04211833893451792,0.565051066842662,-0.10678343455325287,0.058317420247359565,22.815570407760905,0.009035203843977074,0.7411861836753441,0.9902738727887459,-1.4436630219983861,1.4617334296863405
left,Anti-pluralist party is the more LEFT-wing of the top 2,6,backsliding_Nyr,Y_locelec,V-Dem mid-level: participatory component: Local elections,vdem_particip,517,0.06067556527582079,0.08841327908205289,0.4925415493394105,517,476,63,-0.09602680582009225,0.09455304123148454,0.30982626763596455,-0.2813473612625327,0.08929374962234816,15.342269230360241,-0.8488758335379754,2.0227116760098878,0.6747249455959552,-4.813317869626005,3.1155662025500535
left,Anti-pluralist party is the more LEFT-wing of the top 2,6,backsliding_Nyr,Y_regelec,V-Dem mid-level: participatory component: Regional elections,vdem_particip,517,0.06067556527582079,0.08841327908205289,0.4925415493394105,517,484,66,-0.11495589055385981,0.06026886006038973,0.056470812820363564,-0.23308068566150814,0.003168904553788529,24.967791643163906,-0.364542800204553,2.0384283604894953,0.8580670833736295,-4.359788971828992,3.6307033714198864
left,Anti-pluralist party is the more LEFT-wing of the top 2,6,backsliding_Nyr,Y_delib,V-Dem mid-level: deliberative and egalitarian components: Deliberation,vdem_egal_delib,517,0.06067556527582079,0.08841327908205289,0.4925415493394105,517,485,66,-0.055936699029984605,0.03674741616718746,0.12796046019339277,-0.12796031124257692,0.016086913182607715,14.607285846673575,-0.45498037567115523,0.7624009541926943,0.5506588845053282,-1.949258787667807,1.0392980363254964
left,Anti-pluralist party is the more LEFT-wing of the top 2,6,backsliding_Nyr,Y_eqprotec,V-Dem mid-level: deliberative and egalitarian components: Equal protection,vdem_egal_delib,517,0.06067556527582079,0.08841327908205289,0.4925415493394105,517,485,66,-0.023410226661343927,0.02770605825149165,0.39813890244171984,-0.07771310298783632,0.03089264966514847,16.28442012008293,-0.23622821760983628,0.8271905938952566,0.775200631148382,-1.8574919899948366,1.385035554775164
left,Anti-pluralist party is the more LEFT-wing of the top 2,6,backsliding_Nyr,Y_eqaccess,V-Dem mid-level: deliberative and egalitarian components: Equal access,vdem_egal_delib,517,0.06067556527582079,0.08841327908205289,0.4925415493394105,517,485,66,-0.03396295124816711,0.026136131183035562,0.1937848757830711,-0.08518882706213103,0.01726292456579681,14.275747570734216,-0.23875358997746726,0.7153943227102625,0.7385779899946701,-1.6409006972340061,1.1633935172790715
left,Anti-pluralist party is the more LEFT-wing of the top 2,6,backsliding_Nyr,Y_eqdr,V-Dem mid-level: deliberative and egalitarian components: Equal distribution,vdem_egal_delib,517,0.06067556527582079,0.08841327908205289,0.4925415493394105,517,485,66,-0.009812131883660634,0.027230929480305994,0.7186000634209182,-0.06318377293061038,0.04355950916328911,15.891464104640553,-0.13314839928844352,0.5804751700759723,0.8185749119361849,-1.2708588265571112,1.0045620279802243
right,Anti-pluralist party is the more RIGHT-wing of the top 2,7,backsliding_Nyr,Y_gdp_growth,GDP per capita growth: PWT,growth,822,-0.05499103062946116,0.07256518048172819,0.44856134207376985,822,706,87,-0.03926377497534103,0.030186093431837004,0.19335295802329922,-0.09842743093570262,0.01989988098502056,17.67730272595258,0.47248741699286173,1.979146149303499,0.8113126578038533,-3.4065677557831275,4.351542589768851
right,Anti-pluralist party is the more RIGHT-wing of the top 2,7,backsliding_Nyr,Y_gdp_growth_wb,GDP per capita growth: World Bank,growth,822,-0.05499103062946116,0.07256518048172819,0.44856134207376985,822,715,88,-0.04246344568688119,0.02892126323300526,0.14203819599353265,-0.09914808001097393,0.014221188637211543,17.150802610507068,0.5820790846777364,1.5884673383129162,0.7140362536950944,-2.5312596890337797,3.695417858389253
right,Anti-pluralist party is the more RIGHT-wing of the top 2,7,backsliding_Nyr,Y_gdp_growth_imf,GDP per capita growth: IMF WEO,growth,822,-0.05499103062946116,0.07256518048172819,0.44856134207376985,822,553,72,-0.03520263878967331,0.029873451616846142,0.2386403336515284,-0.09375352805259157,0.023348250473244958,17.276576228297593,0.38325939038269263,11.336334775836619,0.9730302154164024,-21.835548486946017,22.602067267711405
right,Anti-pluralist party is the more RIGHT-wing of the top 2,7,backsliding_Nyr,Y_inflation,Inflation,inflation,822,-0.05499103062946116,0.07256518048172819,0.44856134207376985,822,677,82,0.08465135964902082,0.3046238282220088,0.7810982016139332,-0.5124003724988323,0.6817030917968739,16.47571377241268,-1.173630972292666,4.752689461594077,0.8049543601179419,-10.488731146720113,8.141469202134783
right,Anti-pluralist party is the more RIGHT-wing of the top 2,7,backsliding_Nyr,Y_unemployment,Unemployment,unemployment,822,-0.05499103062946116,0.07256518048172819,0.44856134207376985,822,479,74,-0.18214748684530058,0.7069371060386853,0.7966714241867637,-1.5677187540160964,1.2034237803254952,20.711524203103057,2.7900772889452643,9.833575258794637,0.7766175377527604,-16.483376057556356,22.063530635446888
right,Anti-pluralist party is the more RIGHT-wing of the top 2,7,backsliding_Nyr,Y_trade_pct_gdp,Trade openness,trade,822,-0.05499103062946116,0.07256518048172819,0.44856134207376985,822,632,78,2.833633124532379,3.9145852320175756,0.46914832351706426,-4.838812944634438,10.506079193699197,16.333413541208984,-55.02397024554452,107.04544800611343,0.6072349441643186,-264.8291930464817,154.78125255539268
right,Anti-pluralist party is the more RIGHT-wing of the top 2,7,backsliding_Nyr,Y_top10_share,Top-10% income share,top10,822,-0.05499103062946116,0.07256518048172819,0.44856134207376985,822,654,81,0.5403832345751608,0.7043232515187413,0.4429403005389099,-0.8400649718757177,1.9208314410260394,18.256945442879406,-7.006762740214416,14.424890918165566,0.6271507218871056,-35.27902942073783,21.265503940308996
right,Anti-pluralist party is the more RIGHT-wing of the top 2,7,backsliding_Nyr,Y_gini_disp,Income inequality (Gini): Disposable,gini,822,-0.05499103062946116,0.07256518048172819,0.44856134207376985,822,564,72,0.4268369771460641,0.4494286833119253,0.34224824783116015,-0.45402705576456687,1.307701010056695,20.96625840478272,-5.910181868858363,11.807762773981368,0.6166994118373668,-29.052971643854598,17.232607906137872
right,Anti-pluralist party is the more RIGHT-wing of the top 2,7,backsliding_Nyr,Y_gini_mkt,Income inequality (Gini): Market,gini,822,-0.05499103062946116,0.07256518048172819,0.44856134207376985,822,564,72,0.7325158261935277,0.456238948796893,0.10837215288172684,-0.16169608179279604,1.6267277341798514,22.008356708257455,-9.885504912692369,16.235165708067672,0.5425942962934032,-41.70584498354472,21.934835158159984
right,Anti-pluralist party is the more RIGHT-wing of the top 2,7,backsliding_Nyr,Y_debt,Public debt and deficit: Debt / GDP,fiscal,822,-0.05499103062946116,0.07256518048172819,0.44856134207376985,822,696,85,18.25196241068374,17.969047506261365,0.30975103843422197,-16.966723538077794,53.47064835944527,18.38928597318818,-233.75746647519264,889.0983017387356,0.7926159329453517,-1976.3581165988394,1508.8431836484542
right,Anti-pluralist party is the more RIGHT-wing of the top 2,7,backsliding_Nyr,Y_deficit,Public debt and deficit: Deficit / GDP,fiscal,822,-0.05499103062946116,0.07256518048172819,0.44856134207376985,822,616,79,0.6029856347626161,1.2496255713525561,0.6294273281673111,-1.8462354792486808,3.052206748773913,17.821402325002275,-7.346355718526878,51.264457352513915,0.886050806731152,-107.82284581644369,93.13013437938993
right,Anti-pluralist party is the more RIGHT-wing of the top 2,7,backsliding_Nyr,Y_checks_balances,Executive constraints: Checks & balances,institutions,822,-0.05499103062946116,0.07256518048172819,0.44856134207376985,822,727,88,0.019445973119314428,0.02633880870312978,0.4603314594251526,-0.03217714333451005,0.0710690895731389,19.64223134165044,-0.3359274857153685,0.731929686124795,0.6462618733494213,-1.7704833097356723,1.0986283383049353
right,Anti-pluralist party is the more RIGHT-wing of the top 2,7,backsliding_Nyr,Y_jucon,Executive constraints: Judicial constraints,institutions,822,-0.05499103062946116,0.07256518048172819,0.44856134207376985,822,744,91,0.00475029767837159,0.03360265414508375,0.8875802278443384,-0.06110969423094811,0.07061028958769129,19.767468906057875,0.012125872306906593,1.1011026327776732,0.9912134886803122,-2.145995631219565,2.170247375833378
right,Anti-pluralist party is the more RIGHT-wing of the top 2,7,backsliding_Nyr,Y_legcon,Executive constraints: Legislative constraints,institutions,822,-0.05499103062946116,0.07256518048172819,0.44856134207376985,822,727,88,-0.0054310886296374365,0.029867846106988123,0.8557104077130285,-0.063970991295119,0.053108814035844124,21.039031692755206,0.07489292302274324,0.8000723541225112,0.9254208025703066,-1.4932200760835543,1.643005922129041
right,Anti-pluralist party is the more RIGHT-wing of the top 2,7,backsliding_Nyr,Y_hos_power,Executive power (ET): HOS,exec_power,822,-0.05499103062946116,0.07256518048172819,0.44856134207376985,822,744,91,-0.009247101317259988,0.020203093559364622,0.6471628169335162,-0.048844437069907765,0.030350234435387785,18.43759749651221,-0.0467085263379016,0.8041972633527534,0.9536841630365487,-1.622906198974971,1.5294891462991675
right,Anti-pluralist party is the more RIGHT-wing of the top 2,7,backsliding_Nyr,Y_hog_power,Executive power (ET): HOG,exec_power,822,-0.05499103062946116,0.07256518048172819,0.44856134207376985,822,381,51,0.02740926819073701,0.016058294768549277,0.08784799394506232,-0.004064411208747523,0.05888294759022154,21.79263165438017,-0.3553982543015403,0.621523871890172,0.5674455900212266,-1.5735626587381635,0.8627661501350827
right,Anti-pluralist party is the more RIGHT-wing of the top 2,7,backsliding_Nyr,Y_hos_power_vdem,Executive power (V-Dem): HOS (v2ex_hosw),exec_power_alt,822,-0.05499103062946116,0.07256518048172819,0.44856134207376985,822,744,91,0.021597502090172246,0.034371949356409734,0.5297768234596175,-0.0457702807268255,0.08896528490717,17.426547445126467,-0.32292119205529923,1.1335979143112138,0.7757483674559537,-2.544732277055,1.8988898929444016
right,Anti-pluralist party is the more RIGHT-wing of the top 2,7,backsliding_Nyr,Y_hog_power_vdem,Executive power (V-Dem): HOG (v2ex_hogw),exec_power_alt,822,-0.05499103062946116,0.07256518048172819,0.44856134207376985,822,744,91,-0.005421586511933356,0.034984529344910434,0.8768442019194015,-0.07399000404404243,0.06314683102017571,17.01659092571205,0.1462418429323324,0.8189952951755511,0.8582812461180014,-1.458959439119498,1.7514431249841629
right,Anti-pluralist party is the more RIGHT-wing of the top 2,7,backsliding_Nyr,Y_polyarchy,V-Dem high-level democracy indices: Electoral (polyarchy),vdem_high,822,-0.05499103062946116,0.07256518048172819,0.44856134207376985,822,744,91,-0.025846832706174265,0.025856586704649843,0.3174931017432424,-0.07652481141042514,0.024831145998076606,25.511052191619267,0.621223523006696,3.0032063036777363,0.8361243278114344,-5.264952670345325,6.507399716358718
right,Anti-pluralist party is the more RIGHT-wing of the top 2,7,backsliding_Nyr,Y_libdem,V-Dem high-level democracy indices: Liberal,vdem_high,822,-0.05499103062946116,0.07256518048172819,0.44856134207376985,822,744,91,-0.009876623236208503,0.02435088951089125,0.6850394727900091,-0.05760348966906951,0.0378502431966525,22.847172470550863,0.391504703179919,2.1665725133983527,0.8566012291345863,-3.854899392975274,4.637908799335112
right,Anti-pluralist party is the more RIGHT-wing of the top 2,7,backsliding_Nyr,Y_partipdem,V-Dem high-level democracy indices: Participatory,vdem_high,822,-0.05499103062946116,0.07256518048172819,0.44856134207376985,822,744,91,-0.012294516340773592,0.018330076202843198,0.5023930925174771,-0.04822080553222095,0.023631772850673773,26.28566612156841,0.14364446045565984,1.0721969125241113,0.8934246449935367,-1.9578228724266404,2.2451117933379603
right,Anti-pluralist party is the more RIGHT-wing of the top 2,7,backsliding_Nyr,Y_delibdem,V-Dem high-level democracy indices: Deliberative,vdem_high,822,-0.05499103062946116,0.07256518048172819,0.44856134207376985,822,744,91,0.0014206507400471476,0.029185898792329378,0.961177558934313,-0.05578265974934947,0.05862396122944377,20.325638040683277,-0.09371365548674788,0.9393718421505908,0.9205332418026396,-1.9348486341929498,1.747421323219454
right,Anti-pluralist party is the more RIGHT-wing of the top 2,7,backsliding_Nyr,Y_egaldem,V-Dem high-level democracy indices: Egalitarian,vdem_high,822,-0.05499103062946116,0.07256518048172819,0.44856134207376985,822,744,91,-0.002296037907453782,0.01769162319198149,0.8967396348397993,-0.03697098219179104,0.03237890637688348,22.889614794158735,-0.052405123169343724,0.5676440887528217,0.9264434893520551,-1.1649670931619318,1.0601568468232445
right,Anti-pluralist party is the more RIGHT-wing of the top 2,7,backsliding_Nyr,Y_elecoff,V-Dem mid-level: electoral component: Elected officials,vdem_electoral,822,-0.05499103062946116,0.07256518048172819,0.44856134207376985,822,744,91,-0.08654871672159992,0.06384220674936075,0.17520542374527776,-0.2116771426439069,0.03857970920070708,17.813473229103646,1.3446253605297995,4.279071572194903,0.7533441050305791,-7.042200808241394,9.731451529300994
right,Anti-pluralist party is the more RIGHT-wing of the top 2,7,backsliding_Nyr,Y_frefair,V-Dem mid-level: electoral component: Clean elections,vdem_electoral,822,-0.05499103062946116,0.07256518048172819,0.44856134207376985,822,744,91,-0.04847771369655536,0.04302454056541627,0.2598500378456394,-0.13280426365615378,0.03584883626304307,23.888063699221302,0.7451202557828592,3.803701416771225,0.8446935512325501,-6.709997529032718,8.200238040598435
right,Anti-pluralist party is the more RIGHT-wing of the top 2,7,backsliding_Nyr,Y_frassoc,V-Dem mid-level: electoral component: Association,vdem_electoral,822,-0.05499103062946116,0.07256518048172819,0.44856134207376985,822,744,91,-0.03211286867375321,0.031183897407785495,0.3031085514179354,-0.09323218449060472,0.029006447143098295,19.660750784417317,1.335432698767113,5.39223826340741,0.8043987789230618,-9.233160093570213,11.904025491104438
right,Anti-pluralist party is the more RIGHT-wing of the top 2,7,backsliding_Nyr,Y_suffr,V-Dem mid-level: electoral component: Suffrage,vdem_electoral,822,-0.05499103062946116,0.07256518048172819,0.44856134207376985,822,744,91,0.011537218026184423,0.014589167507008984,0.42905653496912627,-0.017057024851975182,0.040131460904344024,15.703672296704298,-0.09725684735095966,0.4518177229161927,0.8295670912183937,-0.9828033118435945,0.7882896171416752
right,Anti-pluralist party is the more RIGHT-wing of the top 2,7,backsliding_Nyr,Y_freexp,V-Dem mid-level: electoral component: Expression & alt. info,vdem_electoral,822,-0.05499103062946116,0.07256518048172819,0.44856134207376985,822,744,91,-0.017120647971138457,0.0332444287905637,0.6065579145966493,-0.08227853108724975,0.04803723514497283,18.14060965234399,0.2198277575505001,1.4576901205948214,0.8801291095975592,-2.637192379435197,3.076847894536197
right,Anti-pluralist party is the more RIGHT-wing of the top 2,7,backsliding_Nyr,Y_cl_rol,V-Dem mid-level: liberal component (see also Executive constraints),vdem_liberal,822,-0.05499103062946116,0.07256518048172819,0.44856134207376985,822,744,91,-0.027753179994887682,0.02777526988359497,0.317695543320688,-0.08219170862761382,0.02668534863783846,18.882293538381514,0.4084956989783082,1.6538814882412878,0.8049143206567807,-2.8330524526721197,3.6500438506287356
right,Anti-pluralist party is the more RIGHT-wing of the top 2,7,backsliding_Nyr,Y_cspart,V-Dem mid-level: participatory component: Civil society,vdem_particip,822,-0.05499103062946116,0.07256518048172819,0.44856134207376985,822,744,91,-0.026742283537915634,0.028631036151078346,0.3502877544326588,-0.08285808323409347,0.029373516158262197,19.263672108892713,0.7888808749617943,2.2854597574953086,0.7299636992411889,-3.6905379378446552,5.268299687768244
right,Anti-pluralist party is the more RIGHT-wing of the top 2,7,backsliding_Nyr,Y_dd,V-Dem mid-level: participatory component: Direct democracy,vdem_particip,822,-0.05499103062946116,0.07256518048172819,0.44856134207376985,822,744,91,0.0025426599909939627,0.017407011172722187,0.8838653185302573,-0.031574454986027845,0.03665977496801577,29.129432750032016,0.21870466237514752,0.7471231216564793,0.7697292421455662,-1.2456297480886889,1.6830390728389837
right,Anti-pluralist party is the more RIGHT-wing of the top 2,7,backsliding_Nyr,Y_locelec,V-Dem mid-level: participatory component: Local elections,vdem_particip,822,-0.05499103062946116,0.07256518048172819,0.44856134207376985,822,734,90,0.021057767087934106,0.029834546880575644,0.48030118336378014,-0.03741687029306595,0.07953240446893417,17.836140036099163,-0.3546466243224756,0.6756210852183264,0.5996392126233243,-1.6788396185462617,0.9695463699013104
right,Anti-pluralist party is the more RIGHT-wing of the top 2,7,backsliding_Nyr,Y_regelec,V-Dem mid-level: participatory component: Regional elections,vdem_particip,822,-0.05499103062946116,0.07256518048172819,0.44856134207376985,822,744,91,-0.04427589068630616,0.037934756542584575,0.24314618432348467,-0.11862664727206708,0.030074865899454753,21.53071490489696,0.8103063380754798,2.3253093536872513,0.7274853712450278,-3.7472162480656412,5.367828924216601
right,Anti-pluralist party is the more RIGHT-wing of the top 2,7,backsliding_Nyr,Y_delib,V-Dem mid-level: deliberative and egalitarian components: Deliberation,vdem_egal_delib,822,-0.05499103062946116,0.07256518048172819,0.44856134207376985,822,744,91,-0.014848080200854085,0.03945245637928948,0.706653919232449,-0.09217347380589894,0.06247731340419077,18.427083840564052,0.061405754423088044,1.5856176533017423,0.969108278183476,-3.0463477392992435,3.16915924814542
right,Anti-pluralist party is the more RIGHT-wing of the top 2,7,backsliding_Nyr,Y_eqprotec,V-Dem mid-level: deliberative and egalitarian components: Equal protection,vdem_egal_delib,822,-0.05499103062946116,0.07256518048172819,0.44856134207376985,822,744,91,0.02356825964335942,0.015482605747684513,0.12794866676391034,-0.006777090008935054,0.05391360929565389,16.3310886661884,-0.3210481767168176,0.7903482753298744,0.6845875598832242,-1.8701023316067173,1.228005978173082
right,Anti-pluralist party is the more RIGHT-wing of the top 2,7,backsliding_Nyr,Y_eqaccess,V-Dem mid-level: deliberative and egalitarian components: Equal access,vdem_egal_delib,822,-0.05499103062946116,0.07256518048172819,0.44856134207376985,822,744,91,-0.01612173371780269,0.01696871934628645,0.34206882485464957,-0.04937981250029217,0.017136345064686788,22.391567090753945,0.25722799733039253,0.9487620587908255,0.7862990412832048,-1.6023114677976982,2.1167674624584834
right,Anti-pluralist party is the more RIGHT-wing of the top 2,7,backsliding_Nyr,Y_eqdr,V-Dem mid-level: deliberative and egalitarian components: Equal distribution,vdem_egal_delib,822,-0.05499103062946116,0.07256518048172819,0.44856134207376985,822,744,91,-0.009740618057180864,0.01215043115027609,0.42274473500239834,-0.03355502550835557,0.014073789393993844,18.86912084237584,0.2598880932988094,0.5732099229895562,0.650267375374242,-0.8635827113416983,1.3833588979393172
left,Anti-pluralist party is the more LEFT-wing of the top 2,7,backsliding_Nyr,Y_gdp_growth,GDP per capita growth: PWT,growth,517,0.044666133950140005,0.09264438965091373,0.6297174764528547,517,442,68,-0.1157459240353026,0.08168107469233293,0.15646917872705116,-0.27583788865080117,0.04434604058019598,20.027748867801538,-0.7306969999557732,0.9044779709788894,0.4191677262416195,-2.50344124788426,1.0420472479727136
left,Anti-pluralist party is the more LEFT-wing of the top 2,7,backsliding_Nyr,Y_gdp_growth_wb,GDP per capita growth: World Bank,growth,517,0.044666133950140005,0.09264438965091373,0.6297174764528547,517,453,69,-0.06675326462684189,0.06698725040585053,0.31900386265704944,-0.19804586284567502,0.06453933359199124,20.57892888840443,-0.424958572486545,0.712698548597128,0.5509969224893612,-1.821822059570885,0.9719049145977949
left,Anti-pluralist party is the more LEFT-wing of the top 2,7,backsliding_Nyr,Y_gdp_growth_imf,GDP per capita growth: IMF WEO,growth,517,0.044666133950140005,0.09264438965091373,0.6297174764528547,517,336,55,-0.11016448660070453,0.09617918256796695,0.2520398352761915,-0.2986722204964223,0.07834324729501323,17.864240931072448,-0.9589225596636339,3.196461594250778,0.764180954303142,-7.223872162360641,5.306027043033373
left,Anti-pluralist party is the more LEFT-wing of the top 2,7,backsliding_Nyr,Y_inflation,Inflation,inflation,517,0.044666133950140005,0.09264438965091373,0.6297174764528547,517,386,59,-0.30475797319619635,0.6928114868211342,0.6600197812090582,-1.6626435354412652,1.0531275890488727,17.93906569776747,-2.103002216598391,24.085916689828146,0.9304230980880838,-49.310531463293735,45.10452703009695
left,Anti-pluralist party is the more LEFT-wing of the top 2,7,backsliding_Nyr,Y_unemployment,Unemployment,unemployment,517,0.044666133950140005,0.09264438965091373,0.6297174764528547,517,332,66,0.09742629575227574,1.3549804435671176,0.9426796094932548,-2.5582865733953812,2.7531391648999324,15.675960408497405,-30.33561469515047,158.9988952821105,0.8486890618812468,-341.9677230297425,281.29649363944156
left,Anti-pluralist party is the more LEFT-wing of the top 2,7,backsliding_Nyr,Y_trade_pct_gdp,Trade openness,trade,517,0.044666133950140005,0.09264438965091373,0.6297174764528547,517,416,65,-9.57119083584432,7.673442047707144,0.21228242706106912,-24.610860886805597,5.468479215116959,16.12385878225976,-90.86055071482102,139.8357300724034,0.5158431636635646,-364.93354540859616,183.21244397895416
left,Anti-pluralist party is the more LEFT-wing of the top 2,7,backsliding_Nyr,Y_top10_share,Top-10% income share,top10,517,0.044666133950140005,0.09264438965091373,0.6297174764528547,517,425,67,-2.6863162879364113,1.5417342081936776,0.0814386343045875,-5.708059809729396,0.33542723385657336,18.188325259302214,-15.487700041061311,17.5376661002427,0.37717648032220724,-49.86089397042601,18.885493888303394
left,Anti-pluralist party is the more LEFT-wing of the top 2,7,backsliding_Nyr,Y_gini_disp,Income inequality (Gini): Disposable,gini,517,0.044666133950140005,0.09264438965091373,0.6297174764528547,517,339,49,1.4159780325480573,1.1428057260389395,0.2153319729184792,-0.8238800318144113,3.6558360969105257,22.651848805043954,5.73065627567811,25.659922530115182,0.8232778984168427,-44.561867729435534,56.02318028079175
left,Anti-pluralist party is the more LEFT-wing of the top 2,7,backsliding_Nyr,Y_gini_mkt,Income inequality (Gini): Market,gini,517,0.044666133950140005,0.09264438965091373,0.6297174764528547,517,339,49,1.4606222482776043,1.0221503005162487,0.15301281871293587,-0.5427555275210352,3.4640000240762436,25.034870517355113,2.568439454813152,26.75371663080757,0.9235181187539712,-49.86788159415995,55.00476050378625
left,Anti-pluralist party is the more LEFT-wing of the top 2,7,backsliding_Nyr,Y_debt,Public debt and deficit: Debt / GDP,fiscal,517,0.044666133950140005,0.09264438965091373,0.6297174764528547,517,433,68,-16.479441831139386,15.974139812428769,0.30224430820211534,-47.78818054750718,14.829296885228406,15.765588432259275,-36.074269730457054,88.95020115770075,0.6850690130333239,-210.41346041714348,138.2649209562294
left,Anti-pluralist party is the more LEFT-wing of the top 2,7,backsliding_Nyr,Y_deficit,Public debt and deficit: Deficit / GDP,fiscal,517,0.044666133950140005,0.09264438965091373,0.6297174764528547,517,364,56,1.6218312977750444,2.6518017202670205,0.540805092001741,-3.575604568089673,6.819267163639761,22.015198442024033,0.8457545712974781,57.55182759728641,0.9882750860405181,-111.95375476384221,113.64526390643717
left,Anti-pluralist party is the more LEFT-wing of the top 2,7,backsliding_Nyr,Y_checks_balances,Executive constraints: Checks & balances,institutions,517,0.044666133950140005,0.09264438965091373,0.6297174764528547,517,456,72,-0.05582637503389746,0.051340215147510415,0.27686845982489666,-0.15645134768155558,0.044798597613760656,13.694536650709187,-0.19562387983848173,0.326716677608491,0.549334977168171,-0.8359768010997077,0.4447290414227443
left,Anti-pluralist party is the more LEFT-wing of the top 2,7,backsliding_Nyr,Y_jucon,Executive constraints: Judicial constraints,institutions,517,0.044666133950140005,0.09264438965091373,0.6297174764528547,517,470,72,-0.06988567684938489,0.04480280288041385,0.11879520181089892,-0.15769755690144338,0.017926203202673616,14.17215381878492,-0.3215125444354051,0.3033818881895915,0.2892529667619077,-0.9161301188487618,0.2731050299779516
left,Anti-pluralist party is the more LEFT-wing of the top 2,7,backsliding_Nyr,Y_legcon,Executive constraints: Legislative constraints,institutions,517,0.044666133950140005,0.09264438965091373,0.6297174764528547,517,456,72,0.0123404849021693,0.05982148961859143,0.8365655670157612,-0.1049074802518066,0.1295884500561452,18.82484925902158,0.03470819146776538,0.49783288689028066,0.9444176698253921,-0.9410263371567869,1.0104427200923176
left,Anti-pluralist party is the more LEFT-wing of the top 2,7,backsliding_Nyr,Y_hos_power,Executive power (ET): HOS,exec_power,517,0.044666133950140005,0.09264438965091373,0.6297174764528547,517,470,72,0.051178384830098525,0.0335418780599615,0.12705828972504446,-0.01456248814126021,0.11691925780145726,14.608457106016333,0.22344376005455446,0.36705833339934524,0.5426955787789718,-0.49597735363345763,0.9428648737425666
left,Anti-pluralist party is the more LEFT-wing of the top 2,7,backsliding_Nyr,Y_hog_power,Executive power (ET): HOG,exec_power,517,0.044666133950140005,0.09264438965091373,0.6297174764528547,517,229,40,-0.01008239262798785,0.016654627586533806,0.5449259712237915,-0.04272486287352134,0.022560077617545637,18.96039144853143,0.01832665586908776,0.050319295658444875,0.7157032004758301,-0.08029735134888687,0.11695066308706238
left,Anti-pluralist party is the more LEFT-wing of the top 2,7,backsliding_Nyr,Y_hos_power_vdem,Executive power (V-Dem): HOS (v2ex_hosw),exec_power_alt,517,0.044666133950140005,0.09264438965091373,0.6297174764528547,517,470,72,0.08773371214632067,0.0813022541650616,0.2805406859144138,-0.0716157778791216,0.24708320217176294,13.588700346919508,0.4315262653966167,0.6717377554388911,0.520611633423618,-0.8850555423193842,1.7481080731126177
left,Anti-pluralist party is the more LEFT-wing of the top 2,7,backsliding_Nyr,Y_hog_power_vdem,Executive power (V-Dem): HOG (v2ex_hogw),exec_power_alt,517,0.044666133950140005,0.09264438965091373,0.6297174764528547,517,470,72,-0.07605134990168817,0.08131385448052175,0.3496432080180685,-0.23542357612764164,0.08332087632426531,13.832015751196662,-0.37827758885725876,0.6597713973808861,0.5664101401883144,-1.6714057657534591,0.9148505880389417
left,Anti-pluralist party is the more LEFT-wing of the top 2,7,backsliding_Nyr,Y_polyarchy,V-Dem high-level democracy indices: Electoral (polyarchy),vdem_high,517,0.044666133950140005,0.09264438965091373,0.6297174764528547,517,470,72,-0.03682064601265647,0.03884569550143867,0.34319594559453864,-0.11295681014988583,0.03931551812457289,14.587309064430032,-0.16205570698820004,0.24655820123539823,0.5110062848643753,-0.6453009015025595,0.3211894875261594
left,Anti-pluralist party is the more LEFT-wing of the top 2,7,backsliding_Nyr,Y_libdem,V-Dem high-level democracy indices: Liberal,vdem_high,517,0.044666133950140005,0.09264438965091373,0.6297174764528547,517,470,72,-0.040402303365945816,0.040116968390215016,0.3138806785472139,-0.11903011657969902,0.038225509847807385,14.925270611596668,-0.20548910689248703,0.23022040830271573,0.3720845190347226,-0.6567128156719158,0.24573460188694166
left,Anti-pluralist party is the more LEFT-wing of the top 2,7,backsliding_Nyr,Y_partipdem,V-Dem high-level democracy indices: Participatory,vdem_high,517,0.044666133950140005,0.09264438965091373,0.6297174764528547,517,469,72,-0.04129524250277,0.030604485378239114,0.1772342222473986,-0.10127893160950134,0.018688446603961337,14.87926429401979,-0.17912341388923644,0.2639706383129456,0.4974082969710249,-0.6964963579586586,0.33824953018018566
left,Anti-pluralist party is the more LEFT-wing of the top 2,7,backsliding_Nyr,Y_delibdem,V-Dem high-level democracy indices: Deliberative,vdem_high,517,0.044666133950140005,0.09264438965091373,0.6297174764528547,517,470,72,-0.04546127203535931,0.04061238900409545,0.2629720112177622,-0.12506009180951688,0.03413754773879826,14.276732451226572,-0.19479996563732344,0.2509894569889377,0.4376733648027754,-0.6867302618349062,0.2971303305602593
left,Anti-pluralist party is the more LEFT-wing of the top 2,7,backsliding_Nyr,Y_egaldem,V-Dem high-level democracy indices: Egalitarian,vdem_high,517,0.044666133950140005,0.09264438965091373,0.6297174764528547,517,470,72,-0.03262047246863271,0.025967120879652694,0.20903543746994013,-0.08351509417495001,0.018274149237684605,14.16741197134488,-0.1508003728810953,0.1761627284063245,0.3919818372736005,-0.49607297597580224,0.19447223021361168
left,Anti-pluralist party is the more LEFT-wing of the top 2,7,backsliding_Nyr,Y_elecoff,V-Dem mid-level: electoral component: Elected officials,vdem_electoral,517,0.044666133950140005,0.09264438965091373,0.6297174764528547,517,470,72,-0.06464838667844967,0.05510357446510502,0.2407092595179334,-0.17264940804947645,0.04335263469257711,13.937282256471992,-0.27776021569518616,0.43582863142790557,0.5239195456494152,-1.1319686367252624,0.5764482053348899
left,Anti-pluralist party is the more LEFT-wing of the top 2,7,backsliding_Nyr,Y_frefair,V-Dem mid-level: electoral component: Clean elections,vdem_electoral,517,0.044666133950140005,0.09264438965091373,0.6297174764528547,517,470,72,-0.050066533071385214,0.060764261850074885,0.40996965634067334,-0.16916229784469314,0.06902923170192271,14.570225425181675,-0.2080911103325626,0.38925499209519154,0.5929346720739284,-0.9710168756415611,0.554834654976436
left,Anti-pluralist party is the more LEFT-wing of the top 2,7,backsliding_Nyr,Y_frassoc,V-Dem mid-level: electoral component: Association,vdem_electoral,517,0.044666133950140005,0.09264438965091373,0.6297174764528547,517,470,72,-0.019983687065304675,0.027901093525539142,0.47384742000582325,-0.07466882550464506,0.03470145137403571,16.59085529189509,-0.10512887830810094,0.2347771502923886,0.6543108537728977,-0.5652836372741299,0.35502588065792795
left,Anti-pluralist party is the more LEFT-wing of the top 2,7,backsliding_Nyr,Y_suffr,V-Dem mid-level: electoral component: Suffrage,vdem_electoral,517,0.044666133950140005,0.09264438965091373,0.6297174764528547,517,470,72,-0.002698104114612297,0.00166448586615082,0.10502117874693519,-0.00596043646504386,5.64228235819266e-4,9.423258910854297,-0.016364575947327153,0.025216067374840227,0.516355083415029,-0.06578715983374944,0.03305800793909514
left,Anti-pluralist party is the more LEFT-wing of the top 2,7,backsliding_Nyr,Y_freexp,V-Dem mid-level: electoral component: Expression & alt. info,vdem_electoral,517,0.044666133950140005,0.09264438965091373,0.6297174764528547,517,470,72,-0.01573870070903794,0.038159412224760464,0.6800124803645922,-0.09052977434078588,0.059052372922710004,19.784195199210476,-0.10711780026040693,0.48410864243810525,0.8248836856908286,-1.0559533040436717,0.8417177035228578
left,Anti-pluralist party is the more LEFT-wing of the top 2,7,backsliding_Nyr,Y_cl_rol,V-Dem mid-level: liberal component (see also Executive constraints),vdem_liberal,517,0.044666133950140005,0.09264438965091373,0.6297174764528547,517,470,72,-0.02970203339292543,0.029264847798549577,0.31013493809990095,-0.08706008109112887,0.02765601430527801,20.359258134056738,-0.21643277499699623,0.6427290332188971,0.7363126719405017,-1.4761585319242823,1.0432929819302896
left,Anti-pluralist party is the more LEFT-wing of the top 2,7,backsliding_Nyr,Y_cspart,V-Dem mid-level: participatory component: Civil society,vdem_particip,517,0.044666133950140005,0.09264438965091373,0.6297174764528547,517,470,72,-0.051514203821302056,0.03390610589930367,0.1286821236606957,-0.11796895023993828,0.014940542597334176,14.522487062826535,-0.23739488526658142,0.3759187663345655,0.52770985113529,-0.9741821283950578,0.4993923578618949
left,Anti-pluralist party is the more LEFT-wing of the top 2,7,backsliding_Nyr,Y_dd,V-Dem mid-level: participatory component: Direct democracy,vdem_particip,517,0.044666133950140005,0.09264438965091373,0.6297174764528547,517,470,72,-0.03271170518290857,0.05061907531993432,0.5181286209349965,-0.13192326974070012,0.06649985937488298,20.899749733399876,-0.2900644045480211,0.74967384755888,0.6988148422984427,-1.759398145914996,1.1792693368189537
left,Anti-pluralist party is the more LEFT-wing of the top 2,7,backsliding_Nyr,Y_locelec,V-Dem mid-level: participatory component: Local elections,vdem_particip,517,0.044666133950140005,0.09264438965091373,0.6297174764528547,517,463,70,-0.08442918980818112,0.09681803789878528,0.38318662381761037,-0.2741890571436342,0.10533067752727196,14.981092743432773,-0.36632636725643475,0.7372736031818039,0.6192833759264225,-1.8113560762448453,1.0787033417319758
left,Anti-pluralist party is the more LEFT-wing of the top 2,7,backsliding_Nyr,Y_regelec,V-Dem mid-level: participatory component: Regional elections,vdem_particip,517,0.044666133950140005,0.09264438965091373,0.6297174764528547,517,469,72,-0.11727501064512898,0.06559652446094436,0.07380448157263389,-0.24584183609958055,0.011291814809322606,21.87089054846663,-1.1373771026881065,1.8978951051667141,0.5489838906245204,-4.857183155249723,2.58242894987351
left,Anti-pluralist party is the more LEFT-wing of the top 2,7,backsliding_Nyr,Y_delib,V-Dem mid-level: deliberative and egalitarian components: Deliberation,vdem_egal_delib,517,0.044666133950140005,0.09264438965091373,0.6297174764528547,517,470,72,-0.059058643550616366,0.04175130175085877,0.15720511783453275,-0.14088969128996362,0.022772404188730888,14.079333861238812,-0.22470093172361502,0.28459988832195154,0.429800697764371,-0.7825064628387614,0.33310459939153125
left,Anti-pluralist party is the more LEFT-wing of the top 2,7,backsliding_Nyr,Y_eqprotec,V-Dem mid-level: deliberative and egalitarian components: Equal protection,vdem_egal_delib,517,0.044666133950140005,0.09264438965091373,0.6297174764528547,517,470,72,-0.024187090053709615,0.030800114475524266,0.4322822604335512,-0.08455420514544792,0.0361800250380287,15.776195187344802,-0.17739295524488158,0.3520793621663231,0.6143712426731854,-0.8674558247907087,0.5126699143009454
left,Anti-pluralist party is the more LEFT-wing of the top 2,7,backsliding_Nyr,Y_eqaccess,V-Dem mid-level: deliberative and egalitarian components: Equal access,vdem_egal_delib,517,0.044666133950140005,0.09264438965091373,0.6297174764528547,517,470,72,-0.0296688581972103,0.02976569656098324,0.31888750205886585,-0.08800855143148517,0.028670835037064576,14.697996256371251,-0.1255316937305483,0.27106573625779,0.6432896458192121,-0.6568107742386496,0.40574738677755307
left,Anti-pluralist party is the more LEFT-wing of the top 2,7,backsliding_Nyr,Y_eqdr,V-Dem mid-level: deliberative and egalitarian components: Equal distribution,vdem_egal_delib,517,0.044666133950140005,0.09264438965091373,0.6297174764528547,517,470,72,-0.006623833395667824,0.02754266573661727,0.8099476647144835,-0.060606466277663015,0.047358799486327374,15.538143251703962,-0.054038578686767313,0.2631189105820657,0.8372775702298646,-0.5697421670790308,0.4616650097054962
right,Anti-pluralist party is the more RIGHT-wing of the top 2,8,backsliding_Nyr,Y_gdp_growth,GDP per capita growth: PWT,growth,822,-0.05593929148824897,0.0774930325861659,0.4703791993134175,822,683,97,-0.034126958517515904,0.0321687180437266,0.2887471392962416,-0.0971764873120438,0.02892257027701199,17.36933417739604,-1.0485116240602532,15.919504995033783,0.9474866349268949,-32.25016806603195,30.153144817911443
right,Anti-pluralist party is the more RIGHT-wing of the top 2,8,backsliding_Nyr,Y_gdp_growth_wb,GDP per capita growth: World Bank,growth,822,-0.05593929148824897,0.0774930325861659,0.4703791993134175,822,702,101,-0.0444302643085808,0.030622116427974466,0.14680192760533664,-0.10444850963780306,0.015587981020641462,16.678062276516158,0.31097392405241986,5.37463099718648,0.9538604749145533,-10.223109260625675,10.845057108730513
right,Anti-pluralist party is the more RIGHT-wing of the top 2,8,backsliding_Nyr,Y_gdp_growth_imf,GDP per capita growth: IMF WEO,growth,822,-0.05593929148824897,0.0774930325861659,0.4703791993134175,822,542,82,-0.030288048344208757,0.0302339321017705,0.31644506784837945,-0.0895454663747083,0.028969369686290783,17.608548653582197,-0.5438254158398961,10.794304166071147,0.9598189557862306,-21.70027281951,20.612621987830206
right,Anti-pluralist party is the more RIGHT-wing of the top 2,8,backsliding_Nyr,Y_inflation,Inflation,inflation,822,-0.05593929148824897,0.0774930325861659,0.4703791993134175,822,664,95,0.09592748763600112,0.3278464858790131,0.7698288327782645,-0.5466398171448837,0.738494792416886,16.258707290067914,-1.4168341135985107,5.512589560606712,0.7971649659666818,-12.221311113939144,9.387642886742125
right,Anti-pluralist party is the more RIGHT-wing of the top 2,8,backsliding_Nyr,Y_unemployment,Unemployment,unemployment,822,-0.05593929148824897,0.0774930325861659,0.4703791993134175,822,462,84,-0.3308144738080585,0.6676096213859317,0.6202325220536735,-1.6393052874569056,0.9776763398407886,21.54751923513985,5.822273569037337,20.779146653551813,0.779325666172455,-34.90410550140019,46.54865263947486
right,Anti-pluralist party is the more RIGHT-wing of the top 2,8,backsliding_Nyr,Y_trade_pct_gdp,Trade openness,trade,822,-0.05593929148824897,0.0774930325861659,0.4703791993134175,822,618,90,3.787918089200188,3.984940110602733,0.34182862102937916,-4.022421008130226,11.598257186530603,17.063473658003506,-40.848007892938796,114.64150580150007,0.7216078140115356,-265.5412303973185,183.84521461144092
right,Anti-pluralist party is the more RIGHT-wing of the top 2,8,backsliding_Nyr,Y_top10_share,Top-10% income share,top10,822,-0.05593929148824897,0.0774930325861659,0.4703791993134175,822,642,94,0.5424769549881383,0.7381425367995588,0.4623871925003184,-0.9042558325960279,1.9892097425723045,19.753124843204894,-8.406066901550453,30.826432708998716,0.7850913486075235,-68.8247647830354,52.0126309799345
right,Anti-pluralist party is the more RIGHT-wing of the top 2,8,backsliding_Nyr,Y_gini_disp,Income inequality (Gini): Disposable,gini,822,-0.05593929148824897,0.0774930325861659,0.4703791993134175,822,544,83,0.5779949387507518,0.5011420092215092,0.2487644608864302,-0.40422535046344554,1.560215227964949,21.432176089760528,-6.3261148993768606,19.335255074662076,0.7435315065495967,-44.22251847760983,31.57028867885611
right,Anti-pluralist party is the more RIGHT-wing of the top 2,8,backsliding_Nyr,Y_gini_mkt,Income inequality (Gini): Market,gini,822,-0.05593929148824897,0.0774930325861659,0.4703791993134175,822,544,83,0.8490006766509217,0.535857702407253,0.11310792822200882,-0.20126112090567583,1.8992624742075193,21.753442367588615,-11.144920593974735,24.80904795410074,0.6532671443438984,-59.76976107473928,37.479919886789816
right,Anti-pluralist party is the more RIGHT-wing of the top 2,8,backsliding_Nyr,Y_debt,Public debt and deficit: Debt / GDP,fiscal,822,-0.05593929148824897,0.0774930325861659,0.4703791993134175,822,683,98,17.25581475998058,17.463014239646107,0.32308655943723125,-16.97106421123589,51.48269373119705,18.374463379072587,-100.13011905615531,1280.410619166565,0.9376677141633702,-2609.688818045253,2409.4285799329423
right,Anti-pluralist party is the more RIGHT-wing of the top 2,8,backsliding_Nyr,Y_deficit,Public debt and deficit: Deficit / GDP,fiscal,822,-0.05593929148824897,0.0774930325861659,0.4703791993134175,822,603,92,-0.10462901141519654,1.1723467019948,0.9288852170098387,-2.402386324719315,2.193128301888922,17.030953779948774,0.552059472625495,40.92463368798554,0.9892371334466243,-79.65874863632074,80.76286758157174
right,Anti-pluralist party is the more RIGHT-wing of the top 2,8,backsliding_Nyr,Y_checks_balances,Executive constraints: Checks & balances,institutions,822,-0.05593929148824897,0.0774930325861659,0.4703791993134175,822,708,99,0.008915930900914585,0.02782717728086624,0.7486623118317844,-0.04562433436099446,0.06345619616282364,22.130267279707553,-0.24116793865650413,1.3726249557773607,0.8605309323606423,-2.9314634162610145,2.4491275389480065
right,Anti-pluralist party is the more RIGHT-wing of the top 2,8,backsliding_Nyr,Y_jucon,Executive constraints: Judicial constraints,institutions,822,-0.05593929148824897,0.0774930325861659,0.4703791993134175,822,727,104,-8.262444157505731e-4,0.036041531403503066,0.9817102687506718,-0.07146634791428591,0.06981385908278476,21.345199732676345,-0.1214347377700864,1.3529633868179098,0.9284821969937294,-2.773194248334523,2.5303247727943496
right,Anti-pluralist party is the more RIGHT-wing of the top 2,8,backsliding_Nyr,Y_legcon,Executive constraints: Legislative constraints,institutions,822,-0.05593929148824897,0.0774930325861659,0.4703791993134175,822,708,99,-0.011430376985972969,0.033071119838678394,0.7296206645439022,-0.07624858079819069,0.053387826826244746,21.158934062814286,0.20274729842786002,1.4497461763319315,0.8887783460137317,-2.638702993907379,3.0441975907630994
right,Anti-pluralist party is the more RIGHT-wing of the top 2,8,backsliding_Nyr,Y_hos_power,Executive power (ET): HOS,exec_power,822,-0.05593929148824897,0.0774930325861659,0.4703791993134175,822,727,104,0.0042067032750844075,0.02110074099569567,0.8419789403008304,-0.037149989123586934,0.045563395673755745,22.59706324529335,-0.03976070799622286,1.4785979759599706,0.9785468176226828,-2.9377594884915847,2.858238072499139
right,Anti-pluralist party is the more RIGHT-wing of the top 2,8,backsliding_Nyr,Y_hog_power,Executive power (ET): HOG,exec_power,822,-0.05593929148824897,0.0774930325861659,0.4703791993134175,822,368,61,0.025115578160521096,0.016198830600148997,0.12103204630231602,-0.006633546407436276,0.05686470272847847,26.846110866923294,10.313404283087563,73.02443983404585,0.8876864875491481,-132.81186778285434,153.43867634902944
right,Anti-pluralist party is the more RIGHT-wing of the top 2,8,backsliding_Nyr,Y_hos_power_vdem,Executive power (V-Dem): HOS (v2ex_hosw),exec_power_alt,822,-0.05593929148824897,0.0774930325861659,0.4703791993134175,822,727,104,0.01790226562178441,0.0344536738726353,0.6033396325848599,-0.049625694303669414,0.08543022554723823,17.694756165787652,-0.33079056905747284,2.0454751625835432,0.8715277687397891,-4.339848218992428,3.6782670808774824
right,Anti-pluralist party is the more RIGHT-wing of the top 2,8,backsliding_Nyr,Y_hog_power_vdem,Executive power (V-Dem): HOG (v2ex_hogw),exec_power_alt,822,-0.05593929148824897,0.0774930325861659,0.4703791993134175,822,727,104,-0.0014594974729801174,0.035215224764017186,0.9669410825816361,-0.0704800697179368,0.06756107477197656,16.920587256620493,-0.03343030685493037,0.9479223476347998,0.9718668965090314,-1.8913239683597942,1.8244633546499334
right,Anti-pluralist party is the more RIGHT-wing of the top 2,8,backsliding_Nyr,Y_polyarchy,V-Dem high-level democracy indices: Electoral (polyarchy),vdem_high,822,-0.05593929148824897,0.0774930325861659,0.4703791993134175,822,727,104,-0.029555492443427332,0.02689787553521437,0.27185357985888475,-0.08227435975308851,0.02316337486623385,25.850229931349404,-0.5544331678108376,18.56930069650779,0.9761806891179429,-36.949593751060625,35.840727415438955
right,Anti-pluralist party is the more RIGHT-wing of the top 2,8,backsliding_Nyr,Y_libdem,V-Dem high-level democracy indices: Liberal,vdem_high,822,-0.05593929148824897,0.0774930325861659,0.4703791993134175,822,727,104,-0.013631793503452967,0.025257050588681523,0.5893885568360052,-0.0631347030129749,0.03587111600606897,23.854492030141767,0.050374565156867834,2.1176829696804518,0.9810220424138343,-4.100207786090643,4.200956916404379
right,Anti-pluralist party is the more RIGHT-wing of the top 2,8,backsliding_Nyr,Y_partipdem,V-Dem high-level democracy indices: Participatory,vdem_high,822,-0.05593929148824897,0.0774930325861659,0.4703791993134175,822,727,104,-0.015249751758905257,0.019326050717783802,0.4300667123814591,-0.05312811512915595,0.02262861161134544,26.509438277736482,0.044632960851088865,2.357754144906433,0.9848967189393047,-4.57648024756555,4.665746169267727
right,Anti-pluralist party is the more RIGHT-wing of the top 2,8,backsliding_Nyr,Y_delibdem,V-Dem high-level democracy indices: Deliberative,vdem_high,822,-0.05593929148824897,0.0774930325861659,0.4703791993134175,822,727,104,-0.006761115384624499,0.030142799891781858,0.8225216726154108,-0.06583991756571476,0.052317686796465764,20.800667327675004,-0.09078830752748585,1.5955182354695818,0.954623196774474,-3.217946585724763,3.036369970669791
right,Anti-pluralist party is the more RIGHT-wing of the top 2,8,backsliding_Nyr,Y_egaldem,V-Dem high-level democracy indices: Egalitarian,vdem_high,822,-0.05593929148824897,0.0774930325861659,0.4703791993134175,822,727,104,4.026701057002666e-4,0.01931022035492878,0.9833631635587433,-0.03744466632349239,0.038250006534892925,21.557558810753346,-0.11544247136085684,0.6428838708492376,0.8574903846596129,-1.3754717044670617,1.144586761745348
right,Anti-pluralist party is the more RIGHT-wing of the top 2,8,backsliding_Nyr,Y_elecoff,V-Dem mid-level: electoral component: Elected officials,vdem_electoral,822,-0.05593929148824897,0.0774930325861659,0.4703791993134175,822,727,104,-0.07962946897877163,0.06349651533615083,0.20981430829876532,-0.20408035218142243,0.04482141422387917,18.503777021819655,1.6713843792244876,10.693916703926913,0.8758020696127302,-19.28830721414354,22.631075972592516
right,Anti-pluralist party is the more RIGHT-wing of the top 2,8,backsliding_Nyr,Y_frefair,V-Dem mid-level: electoral component: Clean elections,vdem_electoral,822,-0.05593929148824897,0.0774930325861659,0.4703791993134175,822,727,104,-0.03821743634690982,0.049074273134264546,0.43611683765678333,-0.13440124425754985,0.05796637156373021,20.792657588535057,0.0829408583110176,4.074901634079752,0.9837609181466818,-7.903719585028708,8.069601301650742
right,Anti-pluralist party is the more RIGHT-wing of the top 2,8,backsliding_Nyr,Y_frassoc,V-Dem mid-level: electoral component: Association,vdem_electoral,822,-0.05593929148824897,0.0774930325861659,0.4703791993134175,822,727,104,-0.04287507303437013,0.030953968572727735,0.16601467031228936,-0.10354373661550118,0.017793590546760912,20.679338832501756,1.0303433031788904,4.474287779570165,0.8178734516671466,-7.739099601246318,9.799786207604098
right,Anti-pluralist party is the more RIGHT-wing of the top 2,8,backsliding_Nyr,Y_suffr,V-Dem mid-level: electoral component: Suffrage,vdem_electoral,822,-0.05593929148824897,0.0774930325861659,0.4703791993134175,822,727,104,0.011569008459221946,0.014735163383043596,0.43237776446223497,-0.017311381077856874,0.04044939799630076,15.745632937583643,-0.056910926725540795,0.39913214871526187,0.8866166202597987,-0.8391955632795386,0.7253737098284571
right,Anti-pluralist party is the more RIGHT-wing of the top 2,8,backsliding_Nyr,Y_freexp,V-Dem mid-level: electoral component: Expression & alt. info,vdem_electoral,822,-0.05593929148824897,0.0774930325861659,0.4703791993134175,822,727,104,-0.01613785564041694,0.03549010818151221,0.649314874015994,-0.08569718948361116,0.05342147820277727,17.19295633313794,-0.03428910028221033,1.5639290037023723,0.9825078044458617,-3.0995336219164678,3.030955421352047
right,Anti-pluralist party is the more RIGHT-wing of the top 2,8,backsliding_Nyr,Y_cl_rol,V-Dem mid-level: liberal component (see also Executive constraints),vdem_liberal,822,-0.05593929148824897,0.0774930325861659,0.4703791993134175,822,727,104,-0.027821985343156278,0.030019455300099987,0.3540311777627415,-0.08665903656686227,0.031015065880549714,18.740755417917175,0.013824787091527013,1.9600989118607444,0.9943724815847319,-3.8278984862916805,3.8555480604747348
right,Anti-pluralist party is the more RIGHT-wing of the top 2,8,backsliding_Nyr,Y_cspart,V-Dem mid-level: participatory component: Civil society,vdem_particip,822,-0.05593929148824897,0.0774930325861659,0.4703791993134175,822,727,104,-0.031642685583288886,0.029201513298578407,0.27854331836418456,-0.08887659994256998,0.02559122877599221,18.76835571544088,0.8857296220213589,4.481356996366434,0.8433207607991048,-7.897568692723443,9.66902793676616
right,Anti-pluralist party is the more RIGHT-wing of the top 2,8,backsliding_Nyr,Y_dd,V-Dem mid-level: participatory component: Direct democracy,vdem_particip,822,-0.05593929148824897,0.0774930325861659,0.4703791993134175,822,727,104,-0.005242462634968212,0.022471707711017513,0.8155349122017493,-0.04928620041967354,0.038801275149737115,24.785765063782733,0.19522215776108542,1.1393579890941483,0.8639532832862588,-2.0378784663614242,2.428322781883595
right,Anti-pluralist party is the more RIGHT-wing of the top 2,8,backsliding_Nyr,Y_locelec,V-Dem mid-level: participatory component: Local elections,vdem_particip,822,-0.05593929148824897,0.0774930325861659,0.4703791993134175,822,717,103,0.012896592767064683,0.02945040151208848,0.6614523277070513,-0.04482513352687267,0.07061831906100204,21.832925310560494,-0.4438263230412733,0.8713169556808967,0.6104900006501905,-2.1515761752949127,1.263923529212366
right,Anti-pluralist party is the more RIGHT-wing of the top 2,8,backsliding_Nyr,Y_regelec,V-Dem mid-level: participatory component: Regional elections,vdem_particip,822,-0.05593929148824897,0.0774930325861659,0.4703791993134175,822,727,104,-0.03269735152712615,0.04556258784827898,0.47298177827467125,-0.12199838275219524,0.056603679697942944,21.423369161240146,0.44318329066285406,2.388569988968429,0.8528028777781944,-4.238327862268499,5.1246944435942074
right,Anti-pluralist party is the more RIGHT-wing of the top 2,8,backsliding_Nyr,Y_delib,V-Dem mid-level: deliberative and egalitarian components: Deliberation,vdem_egal_delib,822,-0.05593929148824897,0.0774930325861659,0.4703791993134175,822,727,104,-0.024201794585236754,0.03979312296272018,0.5430612140497957,-0.10219488242454208,0.05379129325406858,18.482386863811282,-0.008361464463159218,2.506935267588716,0.9973387940575481,-4.921864300510324,4.905141371584006
right,Anti-pluralist party is the more RIGHT-wing of the top 2,8,backsliding_Nyr,Y_eqprotec,V-Dem mid-level: deliberative and egalitarian components: Equal protection,vdem_egal_delib,822,-0.05593929148824897,0.0774930325861659,0.4703791993134175,822,727,104,0.027503483648931612,0.01531552881429839,0.07252781619686462,-0.002514401231278659,0.057521368529141886,15.592568803419534,-0.3069721629880831,0.7960450172155445,0.6997769246817083,-1.867191726803117,1.253247400826951
right,Anti-pluralist party is the more RIGHT-wing of the top 2,8,backsliding_Nyr,Y_eqaccess,V-Dem mid-level: deliberative and egalitarian components: Equal access,vdem_egal_delib,822,-0.05593929148824897,0.0774930325861659,0.4703791993134175,822,727,104,-0.003440414663840461,0.017613858395936457,0.8451390702292417,-0.03796294274866435,0.031082113420983427,20.97502683030408,-0.022794461195468282,0.5971914673342119,0.9695525900649502,-1.1932682290451513,1.1476793066542148
right,Anti-pluralist party is the more RIGHT-wing of the top 2,8,backsliding_Nyr,Y_eqdr,V-Dem mid-level: deliberative and egalitarian components: Equal distribution,vdem_egal_delib,822,-0.05593929148824897,0.0774930325861659,0.4703791993134175,822,727,104,-0.01360391760571115,0.01441314324060728,0.34524373993215557,-0.04185315926131833,0.014645324049896031,18.553676637958468,0.2793878583431495,0.7970452730248359,0.7259413763180531,-1.2827921708334225,1.8415678875197214
left,Anti-pluralist party is the more LEFT-wing of the top 2,8,backsliding_Nyr,Y_gdp_growth,GDP per capita growth: PWT,growth,517,0.08379493285686491,0.11253429742353026,0.4565033851284784,517,429,75,-0.10001194224896046,0.08102561758248415,0.21708183837076478,-0.25881923453574474,0.058795350037823796,22.311128615749034,-1.6064980453404685,4.201454677977982,0.7021890893541894,-9.841197896854641,6.628201806173704
left,Anti-pluralist party is the more LEFT-wing of the top 2,8,backsliding_Nyr,Y_gdp_growth_wb,GDP per capita growth: World Bank,growth,517,0.08379493285686491,0.11253429742353026,0.4565033851284784,517,441,78,-0.05302560219724747,0.07423784317195359,0.47506242142634997,-0.1985291011042092,0.09247789670971426,21.347000380707662,-0.5860090902243243,1.8706087274743541,0.7540741213461707,-4.252334825240358,3.0803166447917096
left,Anti-pluralist party is the more LEFT-wing of the top 2,8,backsliding_Nyr,Y_gdp_growth_imf,GDP per capita growth: IMF WEO,growth,517,0.08379493285686491,0.11253429742353026,0.4565033851284784,517,325,61,-0.11769609512248574,0.10450101791583692,0.2600523304209306,-0.322514326585301,0.0871221363403295,18.775184313556945,34.612816499120406,623.361721535188,0.955719374017656,-1187.153707050734,1256.3793400489747
left,Anti-pluralist party is the more LEFT-wing of the top 2,8,backsliding_Nyr,Y_inflation,Inflation,inflation,517,0.08379493285686491,0.11253429742353026,0.4565033851284784,517,375,67,-0.20613707313695473,0.7036238702987697,0.7695490065863242,-1.5852145175852252,1.1729403713113158,18.0443277364416,7.741903425396991,39.6808039256188,0.845311139472247,-70.0310431464114,85.5148499972054
left,Anti-pluralist party is the more LEFT-wing of the top 2,8,backsliding_Nyr,Y_unemployment,Unemployment,unemployment,517,0.08379493285686491,0.11253429742353026,0.4565033851284784,517,320,72,0.09309982910438983,1.5407847233474776,0.9518182270947287,-2.9267827365861763,3.1129823947949555,15.299200732541406,-35.4793510224556,127.2696470559327,0.7804189777035833,-284.92327557720773,213.96457353229653
left,Anti-pluralist party is the more LEFT-wing of the top 2,8,backsliding_Nyr,Y_trade_pct_gdp,Trade openness,trade,517,0.08379493285686491,0.11253429742353026,0.4565033851284784,517,407,73,-5.306974399044578,7.029311604976302,0.45026228657333445,-19.08417198090757,8.470223182818412,19.9228835985853,-58.848595495536145,136.0835074413607,0.6654182150044948,-325.56736897049143,207.87017797941917
left,Anti-pluralist party is the more LEFT-wing of the top 2,8,backsliding_Nyr,Y_top10_share,Top-10% income share,top10,517,0.08379493285686491,0.11253429742353026,0.4565033851284784,517,413,76,-2.7720682526855915,1.6334432093090643,0.08968333628326876,-5.973558113722877,0.4294216083516944,18.553306874683983,-20.4020404875751,40.36473262888292,0.6132482641007759,-99.51546268577437,58.711381710624174
left,Anti-pluralist party is the more LEFT-wing of the top 2,8,backsliding_Nyr,Y_gini_disp,Income inequality (Gini): Disposable,gini,517,0.08379493285686491,0.11253429742353026,0.4565033851284784,517,329,54,1.6956706306941727,1.2959265857091404,0.19071667139968462,-0.8442988039037012,4.2356400652920465,22.891015254082895,-561.9220366160831,3100.770213717833,0.8561947807177182,-6639.3199798376,5515.475906605433
left,Anti-pluralist party is the more LEFT-wing of the top 2,8,backsliding_Nyr,Y_gini_mkt,Income inequality (Gini): Market,gini,517,0.08379493285686491,0.11253429742353026,0.4565033851284784,517,329,54,1.5683497066794463,1.1703679165886298,0.18022959548721268,-0.7255292584954456,3.8622286718543384,24.716483965596574,-17.936648721315592,151.33344309937223,0.9056524604415556,-314.5447468525266,278.67144940989544
left,Anti-pluralist party is the more LEFT-wing of the top 2,8,backsliding_Nyr,Y_debt,Public debt and deficit: Debt / GDP,fiscal,517,0.08379493285686491,0.11253429742353026,0.4565033851284784,517,421,76,-14.431693181124407,17.899196703511354,0.4200837108480804,-49.51347407220471,20.65008770995589,15.541158386925174,-107.11136449545921,237.13673447937356,0.6514951401332583,-571.8908234864689,357.66809449555046
left,Anti-pluralist party is the more LEFT-wing of the top 2,8,backsliding_Nyr,Y_deficit,Public debt and deficit: Deficit / GDP,fiscal,517,0.08379493285686491,0.11253429742353026,0.4565033851284784,517,353,64,3.069341658993907,2.735306317500673,0.261811462604645,-2.291760209992292,8.430443527980106,21.20508957799227,-405.945854762604,1104.9235153111704,0.7133227267744957,-2571.5561504438883,1759.6644409186802
left,Anti-pluralist party is the more LEFT-wing of the top 2,8,backsliding_Nyr,Y_checks_balances,Executive constraints: Checks & balances,institutions,517,0.08379493285686491,0.11253429742353026,0.4565033851284784,517,445,78,-0.04761272968260215,0.051872145502631944,0.3586784152278021,-0.14928026666858207,0.054054807303377764,13.849133106621762,-0.24681775858777621,0.6420498308668953,0.7006660683291148,-1.5052123033669236,1.0115767861913711
left,Anti-pluralist party is the more LEFT-wing of the top 2,8,backsliding_Nyr,Y_jucon,Executive constraints: Judicial constraints,institutions,517,0.08379493285686491,0.11253429742353026,0.4565033851284784,517,459,79,-0.06799817471178146,0.04677590081166864,0.14602921533814242,-0.15967725564706986,0.023680906223506923,14.931474050732747,-0.5921556973878188,1.1822694427965152,0.6164671405536717,-2.9093612252912253,1.725049830515588
left,Anti-pluralist party is the more LEFT-wing of the top 2,8,backsliding_Nyr,Y_legcon,Executive constraints: Legislative constraints,institutions,517,0.08379493285686491,0.11253429742353026,0.4565033851284784,517,445,78,-0.020092994080543915,0.06175577004498331,0.7449069497723786,-0.14113207920624868,0.10094609104516084,14.803551853392083,0.4879265708173101,1.9734939851887623,0.8047225226541812,-3.3800505638590854,4.355903705493706
left,Anti-pluralist party is the more LEFT-wing of the top 2,8,backsliding_Nyr,Y_hos_power,Executive power (ET): HOS,exec_power,517,0.08379493285686491,0.11253429742353026,0.4565033851284784,517,459,79,0.057641011795392404,0.026161982837459657,0.027578147784356893,0.006364467669816479,0.10891755592096833,11.999522368966224,0.5718207256641024,1.5324674902534163,0.7090462859497182,-2.431760362711079,3.575401814039284
left,Anti-pluralist party is the more LEFT-wing of the top 2,8,backsliding_Nyr,Y_hog_power,Executive power (ET): HOG,exec_power,517,0.08379493285686491,0.11253429742353026,0.4565033851284784,517,225,45,0.0039930422097357475,0.02142781398609233,0.8521714315212492,-0.038004701470428864,0.045990785889900354,16.297246230480454,0.03211770025130623,0.11361113510038658,0.7774079474651632,-0.19055603278816577,0.25479143329077825
left,Anti-pluralist party is the more LEFT-wing of the top 2,8,backsliding_Nyr,Y_hos_power_vdem,Executive power (V-Dem): HOS (v2ex_hosw),exec_power_alt,517,0.08379493285686491,0.11253429742353026,0.4565033851284784,517,459,79,0.02725035250444502,0.028293923293837592,0.33548891810998555,-0.02820471813281554,0.08270542314170558,12.401397307285203,0.24630899263969921,0.5797847650549096,0.6709618250225278,-0.8900482656529402,1.3826662509323386
left,Anti-pluralist party is the more LEFT-wing of the top 2,8,backsliding_Nyr,Y_hog_power_vdem,Executive power (V-Dem): HOG (v2ex_hogw),exec_power_alt,517,0.08379493285686491,0.11253429742353026,0.4565033851284784,517,459,79,0.003690649177072604,0.019950191791781438,0.8532343944194656,-0.03541100821948561,0.04279230657363082,11.689151411456814,-0.09434992028901198,0.4095082276862102,0.8177824323116409,-0.896971297926812,0.7082714573487879
left,Anti-pluralist party is the more LEFT-wing of the top 2,8,backsliding_Nyr,Y_polyarchy,V-Dem high-level democracy indices: Electoral (polyarchy),vdem_high,517,0.08379493285686491,0.11253429742353026,0.4565033851284784,517,459,79,-0.04483641510684632,0.03851876078953803,0.2444179354611874,-0.12033179898345445,0.03065896876976181,14.126942166699129,-0.41239014980014854,0.8271082380758685,0.6180663317102633,-2.0334925077452306,1.2087122081449337
left,Anti-pluralist party is the more LEFT-wing of the top 2,8,backsliding_Nyr,Y_libdem,V-Dem high-level democracy indices: Liberal,vdem_high,517,0.08379493285686491,0.11253429742353026,0.4565033851284784,517,459,79,-0.04677076666440698,0.04116171868627658,0.2558441862693239,-0.1274462528312784,0.03390471950246443,14.731957497608995,-0.41436811247760225,0.7495614260061967,0.580390723994396,-1.883481511650232,1.0547452866950275
left,Anti-pluralist party is the more LEFT-wing of the top 2,8,backsliding_Nyr,Y_partipdem,V-Dem high-level democracy indices: Participatory,vdem_high,517,0.08379493285686491,0.11253429742353026,0.4565033851284784,517,458,79,-0.043569288324293534,0.029807624099746483,0.14382818152125273,-0.10199115802450477,0.014852581375917703,14.764998570619218,-0.3589691997068327,0.9223770532851338,0.6971442016557912,-2.1667950043118767,1.4488566048982112
left,Anti-pluralist party is the more LEFT-wing of the top 2,8,backsliding_Nyr,Y_delibdem,V-Dem high-level democracy indices: Deliberative,vdem_high,517,0.08379493285686491,0.11253429742353026,0.4565033851284784,517,459,79,-0.04188662664900709,0.04106093126241654,0.30767675592070903,-0.12236457309501825,0.03859131979700408,14.101851890640637,-0.3826113699023092,0.6926530781938204,0.5806844082783276,-1.7401864569430026,0.974963717138384
left,Anti-pluralist party is the more LEFT-wing of the top 2,8,backsliding_Nyr,Y_egaldem,V-Dem high-level democracy indices: Egalitarian,vdem_high,517,0.08379493285686491,0.11253429742353026,0.4565033851284784,517,459,79,-0.03387783126055102,0.025503355773469977,0.18405670066918242,-0.08386349006146382,0.016107827540361767,13.964619496836386,-0.3132242248914793,0.6335943079688761,0.6210513531083894,-1.5550462493200552,0.9285977995370968
left,Anti-pluralist party is the more LEFT-wing of the top 2,8,backsliding_Nyr,Y_elecoff,V-Dem mid-level: electoral component: Elected officials,vdem_electoral,517,0.08379493285686491,0.11253429742353026,0.4565033851284784,517,459,79,-0.10816527615644086,0.061493154412757815,0.07858077469970619,-0.22868964410120646,0.012359091788324714,13.651224622124454,-0.9690816852975938,2.3996372902611904,0.686326652857806,-5.672284350168813,3.7341209795736257
left,Anti-pluralist party is the more LEFT-wing of the top 2,8,backsliding_Nyr,Y_frefair,V-Dem mid-level: electoral component: Clean elections,vdem_electoral,517,0.08379493285686491,0.11253429742353026,0.4565033851284784,517,459,79,-0.055169417074519944,0.06059627335377038,0.362589240947184,-0.17393593044525402,0.06359709629621411,14.050202287081643,-0.6095250874292142,1.263255442215248,0.6294483603718525,-3.0854602574453187,1.8664100825868903
left,Anti-pluralist party is the more LEFT-wing of the top 2,8,backsliding_Nyr,Y_frassoc,V-Dem mid-level: electoral component: Association,vdem_electoral,517,0.08379493285686491,0.11253429742353026,0.4565033851284784,517,459,79,-0.02551051090627813,0.02653064040934295,0.33627619756682375,-0.07750961059537329,0.026488588782817034,16.09096686541157,-0.2108353054189681,0.6965298167192042,0.7621231702148211,-1.5760086603468926,1.1543380495089566
left,Anti-pluralist party is the more LEFT-wing of the top 2,8,backsliding_Nyr,Y_suffr,V-Dem mid-level: electoral component: Suffrage,vdem_electoral,517,0.08379493285686491,0.11253429742353026,0.4565033851284784,517,459,79,-0.002761616793417118,0.0017488352090237096,0.11430904147905259,-0.006189270817999165,6.660372311649287e-4,9.563194829194702,-0.01675706126946283,0.08865858805491897,0.8500876176269091,-0.19052470077727698,0.15701057823835132
left,Anti-pluralist party is the more LEFT-wing of the top 2,8,backsliding_Nyr,Y_freexp,V-Dem mid-level: electoral component: Expression & alt. info,vdem_electoral,517,0.08379493285686491,0.11253429742353026,0.4565033851284784,517,459,79,-0.01515968439435077,0.036110713024299704,0.6746233292053303,-0.08593538137803962,0.055616012589338085,20.476139834043057,-0.25837172531559605,1.1466998883124933,0.8217321691240691,-2.5058622074841845,1.9891187568529927
left,Anti-pluralist party is the more LEFT-wing of the top 2,8,backsliding_Nyr,Y_cl_rol,V-Dem mid-level: liberal component (see also Executive constraints),vdem_liberal,517,0.08379493285686491,0.11253429742353026,0.4565033851284784,517,459,79,-0.02691682447212493,0.03025482992312387,0.37364293081473077,-0.08621520147983242,0.032381552535582565,18.520976419367422,-0.927520074877231,8.229261537436647,0.9102604722459398,-17.056576307613767,15.201536157859307
left,Anti-pluralist party is the more LEFT-wing of the top 2,8,backsliding_Nyr,Y_cspart,V-Dem mid-level: participatory component: Civil society,vdem_particip,517,0.08379493285686491,0.11253429742353026,0.4565033851284784,517,459,79,-0.03248250829670668,0.03255750365967939,0.3184265382988396,-0.09629404289620927,0.03132902630279591,15.183746612443537,-0.1548748852720862,0.8463750092800825,0.854808903571148,-1.8137394208758013,1.5039896503316288
left,Anti-pluralist party is the more LEFT-wing of the top 2,8,backsliding_Nyr,Y_dd,V-Dem mid-level: participatory component: Direct democracy,vdem_particip,517,0.08379493285686491,0.11253429742353026,0.4565033851284784,517,459,79,-0.022494240898902347,0.05351526462350158,0.6742420805581808,-0.12738223218409586,0.08239375038629115,20.573673671544373,-0.4032133513286786,2.5102067149456375,0.8723851870081325,-5.323128106372728,4.516701403715372
left,Anti-pluralist party is the more LEFT-wing of the top 2,8,backsliding_Nyr,Y_locelec,V-Dem mid-level: participatory component: Local elections,vdem_particip,517,0.08379493285686491,0.11253429742353026,0.4565033851284784,517,452,78,-0.08596942210742788,0.09645876847635901,0.3727920371539593,-0.27502513431417897,0.10308629009932323,15.169512382440232,5.580351398080335,509.41082345275515,0.9912597318895718,-992.8465159042113,1004.0072187003719
left,Anti-pluralist party is the more LEFT-wing of the top 2,8,backsliding_Nyr,Y_regelec,V-Dem mid-level: participatory component: Regional elections,vdem_particip,517,0.08379493285686491,0.11253429742353026,0.4565033851284784,517,458,79,-0.11703628926189456,0.0716954714399853,0.10259348239709394,-0.2575568311388857,0.02348425261509661,22.20105185372173,-1.524679874423776,6.853382225189274,0.8239471239029217,-14.957062208081723,11.907702459234173
left,Anti-pluralist party is the more LEFT-wing of the top 2,8,backsliding_Nyr,Y_delib,V-Dem mid-level: deliberative and egalitarian components: Deliberation,vdem_egal_delib,517,0.08379493285686491,0.11253429742353026,0.4565033851284784,517,459,79,-0.03450015535668702,0.04296990954030209,0.42203771532793627,-0.11871963047462315,0.04971931976124912,16.433869316677228,-0.4025002072717063,0.7437050231566767,0.5883632054744417,-1.8601352677803191,1.0551348532369065
left,Anti-pluralist party is the more LEFT-wing of the top 2,8,backsliding_Nyr,Y_eqprotec,V-Dem mid-level: deliberative and egalitarian components: Equal protection,vdem_egal_delib,517,0.08379493285686491,0.11253429742353026,0.4565033851284784,517,459,79,-0.013263460784112868,0.028275130244550355,0.6390083416328467,-0.06868169772161076,0.04215477615338502,16.12516136345824,-0.17939690977544834,0.49793406403114643,0.7186359143235587,-1.1553297419521562,0.7965359224012595
left,Anti-pluralist party is the more LEFT-wing of the top 2,8,backsliding_Nyr,Y_eqaccess,V-Dem mid-level: deliberative and egalitarian components: Equal access,vdem_egal_delib,517,0.08379493285686491,0.11253429742353026,0.4565033851284784,517,459,79,-0.024557733704321662,0.03197879346571429,0.44252396424615836,-0.08723501716616647,0.03811954975752315,14.759563808912723,-0.21726807490198932,0.7938990459967644,0.784336566419992,-1.7732816124163548,1.3387454626123763
left,Anti-pluralist party is the more LEFT-wing of the top 2,8,backsliding_Nyr,Y_eqdr,V-Dem mid-level: deliberative and egalitarian components: Equal distribution,vdem_egal_delib,517,0.08379493285686491,0.11253429742353026,0.4565033851284784,517,459,79,0.007028140019350249,0.027181751816898178,0.7959740035183809,-0.04624711457847634,0.060303394617176834,15.949462871921087,0.08181633768217399,0.8814109220798283,0.9260431585192992,-1.645717325174529,1.8093500005388767
right,Anti-pluralist party is the more RIGHT-wing of the top 2,9,backsliding_Nyr,Y_gdp_growth,GDP per capita growth: PWT,growth,822,-0.05569520544320983,0.08175564954575854,0.49571974418215015,822,661,104,-0.04129695583104312,0.03356734836719421,0.21859541056857643,-0.10708774968725314,0.0244938380251669,17.825763564903763,0.5681479191605348,3.449258864064776,0.8691675693526821,-6.192275227761962,7.328571066083032
right,Anti-pluralist party is the more RIGHT-wing of the top 2,9,backsliding_Nyr,Y_gdp_growth_wb,GDP per capita growth: World Bank,growth,822,-0.05569520544320983,0.08175564954575854,0.49571974418215015,822,681,111,-0.03668952167941106,0.03342092114448018,0.27229138131026626,-0.10219332345274534,0.028814280093923228,16.250453206186,0.42913261800139135,3.1295187774929794,0.8909326598610606,-5.704611474826665,6.562876710829448
right,Anti-pluralist party is the more RIGHT-wing of the top 2,9,backsliding_Nyr,Y_gdp_growth_imf,GDP per capita growth: IMF WEO,growth,822,-0.05569520544320983,0.08175564954575854,0.49571974418215015,822,521,90,-0.02347022677893318,0.03199635279815867,0.4632363403543713,-0.08618192589996153,0.03924147234209517,18.894942927576757,-6.819592427234144,25.888566420889724,0.7922260952777844,-57.560250223550995,43.92106536908271
right,Anti-pluralist party is the more RIGHT-wing of the top 2,9,backsliding_Nyr,Y_inflation,Inflation,inflation,822,-0.05569520544320983,0.08175564954575854,0.49571974418215015,822,642,104,0.09289242327409342,0.3654123358075348,0.7993313098839698,-0.6233025944153305,0.8090874409635174,16.229054273801488,-1.9484191283336676,9.419240486843886,0.8361229239277881,-20.409791244269204,16.512952987601867
right,Anti-pluralist party is the more RIGHT-wing of the top 2,9,backsliding_Nyr,Y_unemployment,Unemployment,unemployment,822,-0.05569520544320983,0.08175564954575854,0.49571974418215015,822,449,96,-0.2569889015207425,0.8935265192638547,0.7736437990801888,-2.0082686985093323,1.494290895467847,15.86325769163009,3.8408868397484976,15.459663292384393,0.803789579656903,-26.459496426440815,34.141270105937814
right,Anti-pluralist party is the more RIGHT-wing of the top 2,9,backsliding_Nyr,Y_trade_pct_gdp,Trade openness,trade,822,-0.05569520544320983,0.08175564954575854,0.49571974418215015,822,595,99,4.401161642479552,4.528698160627219,0.33113107334865743,-4.474923649202584,13.277246934161688,15.03867757934643,-38.47528218920526,112.26195579328262,0.7318033199848006,-258.5046723780668,181.5541079996563
right,Anti-pluralist party is the more RIGHT-wing of the top 2,9,backsliding_Nyr,Y_top10_share,Top-10% income share,top10,822,-0.05569520544320983,0.08175564954575854,0.49571974418215015,822,619,103,1.1416142830102043,0.7490784297440877,0.1275024565045517,-0.32655246088402423,2.609781026904433,16.960395116840107,-11.95106297107282,49.11905109400394,0.8077667303999368,-108.22263407010325,84.32050812795762
right,Anti-pluralist party is the more RIGHT-wing of the top 2,9,backsliding_Nyr,Y_gini_disp,Income inequality (Gini): Disposable,gini,822,-0.05569520544320983,0.08175564954575854,0.49571974418215015,822,524,88,0.8336307595178266,0.5898517260373166,0.15757086490358402,-0.3224573797341005,1.9897188987697536,19.57484883694587,-8.660505566910906,210.99771363521953,0.967259626761509,-422.2084251122369,404.8874139784151
right,Anti-pluralist party is the more RIGHT-wing of the top 2,9,backsliding_Nyr,Y_gini_mkt,Income inequality (Gini): Market,gini,822,-0.05569520544320983,0.08175564954575854,0.49571974418215015,822,524,88,1.0746016510073835,0.6405539240670218,0.09342265475605625,-0.18086097031978343,2.3300642723345506,18.999198116883644,-17.15955835078823,208.88272389583204,0.9345280324772589,-426.562174179243,392.2430574776665
right,Anti-pluralist party is the more RIGHT-wing of the top 2,9,backsliding_Nyr,Y_debt,Public debt and deficit: Debt / GDP,fiscal,822,-0.05569520544320983,0.08175564954575854,0.49571974418215015,822,660,107,24.50313533482844,18.907242286949476,0.19498734142408547,-12.554378594565247,61.56064926422212,17.443829534964664,-237.62246499597165,1833.0377064884683,0.8968566690021745,-3830.310352017271,3355.0654220253273
right,Anti-pluralist party is the more RIGHT-wing of the top 2,9,backsliding_Nyr,Y_deficit,Public debt and deficit: Deficit / GDP,fiscal,822,-0.05569520544320983,0.08175564954575854,0.49571974418215015,822,579,101,1.0855677485586026,1.2462029946552753,0.38369941397771856,-1.3569452383916978,3.5280807355089028,15.84691392484518,-0.8174426578821823,525.3761833129905,0.9987585569471517,-1030.5358402864565,1028.9009549706923
right,Anti-pluralist party is the more RIGHT-wing of the top 2,9,backsliding_Nyr,Y_checks_balances,Executive constraints: Checks & balances,institutions,822,-0.05569520544320983,0.08175564954575854,0.49571974418215015,822,699,115,-0.0033711357821181753,0.02732150341247172,0.9018001454436965,-0.05692029847405091,0.050178026909814565,26.569031813130753,0.08978055821025457,0.890489368025681,0.9196920840395485,-1.655546531735913,1.8351076481564224
right,Anti-pluralist party is the more RIGHT-wing of the top 2,9,backsliding_Nyr,Y_jucon,Executive constraints: Judicial constraints,institutions,822,-0.05569520544320983,0.08175564954575854,0.49571974418215015,822,714,116,-0.016791156952938927,0.039583227743369864,0.6714208498267455,-0.0943728577217905,0.06079054381591266,21.384698803196404,0.2926025054722974,1.7054646540873142,0.8637774682983984,-3.0500467934448987,3.6352518043894935
right,Anti-pluralist party is the more RIGHT-wing of the top 2,9,backsliding_Nyr,Y_legcon,Executive constraints: Legislative constraints,institutions,822,-0.05569520544320983,0.08175564954575854,0.49571974418215015,822,699,115,-0.020679284556966788,0.03238434647880354,0.52311049049344,-0.08415143731828821,0.04279286820435464,23.881932293777542,0.41738956802611127,1.6761305298301101,0.8033455215463104,-2.867765903828942,3.702545039881165
right,Anti-pluralist party is the more RIGHT-wing of the top 2,9,backsliding_Nyr,Y_hos_power,Executive power (ET): HOS,exec_power,822,-0.05569520544320983,0.08175564954575854,0.49571974418215015,822,714,116,0.013031569493325772,0.024080251838818886,0.5883887073582528,-0.034164856849413644,0.06022799583606518,22.776413173836904,-0.11208389035719224,1.2936751082141746,0.9309577443855034,-2.6476405101529306,2.4234727294385463
right,Anti-pluralist party is the more RIGHT-wing of the top 2,9,backsliding_Nyr,Y_hog_power,Executive power (ET): HOG,exec_power,822,-0.05569520544320983,0.08175564954575854,0.49571974418215015,822,361,64,0.029938899862458176,0.018150669046239312,0.09905233403538535,-0.005635757763476839,0.06551355748839319,23.483186520401258,4.249319024679261,16.203653960914444,0.7931329525495199,-27.50925915666283,36.007897206021354
right,Anti-pluralist party is the more RIGHT-wing of the top 2,9,backsliding_Nyr,Y_hos_power_vdem,Executive power (V-Dem): HOS (v2ex_hosw),exec_power_alt,822,-0.05569520544320983,0.08175564954575854,0.49571974418215015,822,714,116,-0.0023802670134513287,0.04147960326683643,0.9542392801194601,-0.08367879550946068,0.07891826148255802,17.844094140402042,0.056454871273940915,0.9939547162803011,0.9547059217640429,-1.8916605748991762,2.004570317447058
right,Anti-pluralist party is the more RIGHT-wing of the top 2,9,backsliding_Nyr,Y_hog_power_vdem,Executive power (V-Dem): HOG (v2ex_hogw),exec_power_alt,822,-0.05569520544320983,0.08175564954575854,0.49571974418215015,822,714,116,0.011006897681827124,0.03887266021078016,0.7770598050413902,-0.06518211631456515,0.0871959116782194,17.59948394693258,-0.16959747516620363,0.8437997495645327,0.8407043884941101,-1.8234145944766045,1.484219644144197
right,Anti-pluralist party is the more RIGHT-wing of the top 2,9,backsliding_Nyr,Y_polyarchy,V-Dem high-level democracy indices: Electoral (polyarchy),vdem_high,822,-0.05569520544320983,0.08175564954575854,0.49571974418215015,822,714,116,-0.030345758569244825,0.029482034985811464,0.3033403173716975,-0.08812948533238513,0.02743796819389547,24.74074327545333,0.2960075661481296,2.542370658863601,0.9073119630185817,-4.6869473605758945,5.278962492872154
right,Anti-pluralist party is the more RIGHT-wing of the top 2,9,backsliding_Nyr,Y_libdem,V-Dem high-level democracy indices: Liberal,vdem_high,822,-0.05569520544320983,0.08175564954575854,0.49571974418215015,822,714,116,-0.020674089195938296,0.02594280205695864,0.42550306074758343,-0.07152104688562884,0.03017286849375225,25.588218703584353,0.15323654487018884,1.6113594765387604,0.9242372422940708,-3.004969995293095,3.3114430850334724
right,Anti-pluralist party is the more RIGHT-wing of the top 2,9,backsliding_Nyr,Y_partipdem,V-Dem high-level democracy indices: Participatory,vdem_high,822,-0.05569520544320983,0.08175564954575854,0.49571974418215015,822,714,116,-0.011164941761215848,0.021273230695294642,0.599697711145647,-0.0528597077588053,0.03052982423637361,25.443460567955885,0.03733521892788966,1.0632304706681293,0.9719881298023765,-2.046558210847213,2.1212286487029925
right,Anti-pluralist party is the more RIGHT-wing of the top 2,9,backsliding_Nyr,Y_delibdem,V-Dem high-level democracy indices: Deliberative,vdem_high,822,-0.05569520544320983,0.08175564954575854,0.49571974418215015,822,714,116,-0.017242130049819338,0.030341715092837993,0.5698551456002043,-0.07671079886095716,0.04222653876131849,23.71175298179657,0.006162949802483109,1.4609496941554259,0.9966341702716648,-2.8572458339669575,2.8695717335719237
right,Anti-pluralist party is the more RIGHT-wing of the top 2,9,backsliding_Nyr,Y_egaldem,V-Dem high-level democracy indices: Egalitarian,vdem_high,822,-0.05569520544320983,0.08175564954575854,0.49571974418215015,822,714,116,-3.5598114598374506e-4,0.021156346075381516,0.9865752593906139,-0.04182165749819682,0.041109695206229334,21.64685800385671,-0.07446756763059548,0.5894010936956817,0.8994592578759597,-1.2296724837226491,1.0807373484614582
right,Anti-pluralist party is the more RIGHT-wing of the top 2,9,backsliding_Nyr,Y_elecoff,V-Dem mid-level: electoral component: Elected officials,vdem_electoral,822,-0.05569520544320983,0.08175564954575854,0.49571974418215015,822,714,116,-0.07475365122564426,0.06271600740435905,0.2332851891329048,-0.19767476699233533,0.0481674645410468,17.96410026540473,1.3332815745157054,6.800271962150594,0.8445608728256965,-11.99500655637698,14.661569705408391
right,Anti-pluralist party is the more RIGHT-wing of the top 2,9,backsliding_Nyr,Y_frefair,V-Dem mid-level: electoral component: Clean elections,vdem_electoral,822,-0.05569520544320983,0.08175564954575854,0.49571974418215015,822,714,116,-0.043341232568707234,0.05169142847359859,0.40177199709620387,-0.1446545706863887,0.05797210554897423,21.427850408350356,0.2811877477942608,3.2469543277860784,0.9309890979451326,-6.082725794112912,6.645101289701433
right,Anti-pluralist party is the more RIGHT-wing of the top 2,9,backsliding_Nyr,Y_frassoc,V-Dem mid-level: electoral component: Association,vdem_electoral,822,-0.05569520544320983,0.08175564954575854,0.49571974418215015,822,714,116,-0.04274532314790933,0.031040115111837543,0.1684815256495295,-0.10358283084308836,0.018092184547269706,20.908661887670373,0.609790367897261,2.7580507688657665,0.8250187080701449,-4.795889806612644,6.015470542407167
right,Anti-pluralist party is the more RIGHT-wing of the top 2,9,backsliding_Nyr,Y_suffr,V-Dem mid-level: electoral component: Suffrage,vdem_electoral,822,-0.05569520544320983,0.08175564954575854,0.49571974418215015,822,714,116,0.011605955485721018,0.015011198298865096,0.4394317397632992,-0.017815452544843485,0.041027363516285525,15.584900255531794,-0.06684741374990735,0.5051642182977156,0.8947247938789952,-1.0569510878917594,0.9232562603919447
right,Anti-pluralist party is the more RIGHT-wing of the top 2,9,backsliding_Nyr,Y_freexp,V-Dem mid-level: electoral component: Expression & alt. info,vdem_electoral,822,-0.05569520544320983,0.08175564954575854,0.49571974418215015,822,714,116,-0.02740827188846279,0.035201456834876126,0.436208388778985,-0.0964018594881613,0.04158531571123572,18.784420257823793,0.8001304037838728,3.910325748759891,0.8378691183780945,-6.86396723160513,8.464228039172877
right,Anti-pluralist party is the more RIGHT-wing of the top 2,9,backsliding_Nyr,Y_cl_rol,V-Dem mid-level: liberal component (see also Executive constraints),vdem_liberal,822,-0.05569520544320983,0.08175564954575854,0.49571974418215015,822,714,116,-0.029160196016600304,0.0304746485718479,0.33863421613595385,-0.08888940965893716,0.03056901762573655,18.82626624932859,0.4426025198893248,1.8503869235871,0.8109547065504011,-3.184089207805259,4.069294247583908
right,Anti-pluralist party is the more RIGHT-wing of the top 2,9,backsliding_Nyr,Y_cspart,V-Dem mid-level: participatory component: Civil society,vdem_particip,822,-0.05569520544320983,0.08175564954575854,0.49571974418215015,822,714,116,-0.030534176275116915,0.028383801423681958,0.28203432120671235,-0.08616540480987024,0.025097052259636415,19.351964986313035,0.7956789414824538,4.27068354509522,0.8522002171463756,-7.574706996272013,9.16606487923692
right,Anti-pluralist party is the more RIGHT-wing of the top 2,9,backsliding_Nyr,Y_dd,V-Dem mid-level: participatory component: Direct democracy,vdem_particip,822,-0.05569520544320983,0.08175564954575854,0.49571974418215015,822,714,116,0.006628549558088789,0.022637891240057176,0.7696691189995347,-0.037740901958358046,0.05099800107453562,24.887967012470643,0.05012678115984831,0.778939212065109,0.9486894534567696,-1.4765660206337723,1.5768195829534688
right,Anti-pluralist party is the more RIGHT-wing of the top 2,9,backsliding_Nyr,Y_locelec,V-Dem mid-level: participatory component: Local elections,vdem_particip,822,-0.05569520544320983,0.08175564954575854,0.49571974418215015,822,705,115,0.03097841116247627,0.03270686299843978,0.3435607002098585,-0.0331258623617514,0.09508268468670393,19.463969549747727,-0.5172703975477879,1.0667580987706946,0.6277476844205869,-2.6080778513547704,1.5735370562591946
right,Anti-pluralist party is the more RIGHT-wing of the top 2,9,backsliding_Nyr,Y_regelec,V-Dem mid-level: participatory component: Regional elections,vdem_particip,822,-0.05569520544320983,0.08175564954575854,0.49571974418215015,822,714,116,-0.03596884621496671,0.04903753518388497,0.46325583844898804,-0.13208064906599695,0.06014295663606353,19.821074417093083,0.46944616501096764,2.0965928365754847,0.8228280533120845,-3.639800284921652,4.578692614943588
right,Anti-pluralist party is the more RIGHT-wing of the top 2,9,backsliding_Nyr,Y_delib,V-Dem mid-level: deliberative and egalitarian components: Deliberation,vdem_egal_delib,822,-0.05569520544320983,0.08175564954575854,0.49571974418215015,822,714,116,-0.027894398875792984,0.04004554880491056,0.48607395326307695,-0.10638223227455866,0.0505934345229727,19.35923467369186,0.22309032654333105,2.810156933516716,0.9367246958373812,-5.284716054054949,5.7308967071416115
right,Anti-pluralist party is the more RIGHT-wing of the top 2,9,backsliding_Nyr,Y_eqprotec,V-Dem mid-level: deliberative and egalitarian components: Equal protection,vdem_egal_delib,822,-0.05569520544320983,0.08175564954575854,0.49571974418215015,822,714,116,0.03252725690148665,0.015344646865641458,0.03402470515291327,0.0024523016893439747,0.06260221211362932,17.14232613524027,-0.4224716014145154,1.4121316249209297,0.7648080780039535,-3.1901987276895607,2.34525552486053
right,Anti-pluralist party is the more RIGHT-wing of the top 2,9,backsliding_Nyr,Y_eqaccess,V-Dem mid-level: deliberative and egalitarian components: Equal access,vdem_egal_delib,822,-0.05569520544320983,0.08175564954575854,0.49571974418215015,822,714,116,-0.01954855493473418,0.016735898872266047,0.24278205994583404,-0.052350313973280126,0.013253204103811762,22.65388387128345,0.20471540383873363,0.949452809274554,0.8292885715947743,-1.6561779073597687,2.0656087150372358
right,Anti-pluralist party is the more RIGHT-wing of the top 2,9,backsliding_Nyr,Y_eqdr,V-Dem mid-level: deliberative and egalitarian components: Equal distribution,vdem_egal_delib,822,-0.05569520544320983,0.08175564954575854,0.49571974418215015,822,714,116,-0.01289185728507723,0.014180589995297917,0.36328681228495036,-0.040685302955390155,0.014901588385235693,20.878001497629075,0.199211567602561,0.5860564490543712,0.7339177263284331,-0.9494379654514391,1.347861100656561
left,Anti-pluralist party is the more LEFT-wing of the top 2,9,backsliding_Nyr,Y_gdp_growth,GDP per capita growth: PWT,growth,517,0.12330230988183205,0.11514125072509564,0.284223986070013,517,414,73,-0.09282191975521739,0.1020847666204827,0.36321122011668283,-0.2929043857015401,0.10726054619110531,18.967592775548507,-0.6560416396653129,1.0431242859543306,0.5294014859053439,-2.7005276715348607,1.388444392204235
left,Anti-pluralist party is the more LEFT-wing of the top 2,9,backsliding_Nyr,Y_gdp_growth_wb,GDP per capita growth: World Bank,growth,517,0.12330230988183205,0.11514125072509564,0.284223986070013,517,428,80,-0.04390003303637849,0.0913209228238766,0.6307136542500694,-0.22288575280613837,0.1350856867333814,17.370558236983985,-0.24276531824601166,0.6627598954875384,0.7141453177850146,-1.5417508437991168,1.0562202073070934
left,Anti-pluralist party is the more LEFT-wing of the top 2,9,backsliding_Nyr,Y_gdp_growth_imf,GDP per capita growth: IMF WEO,growth,517,0.12330230988183205,0.11514125072509564,0.284223986070013,517,313,62,-0.12902087966706072,0.10795794236912289,0.23204672175754842,-0.34061455855559225,0.08257279922147082,19.20112007320764,-1.509825651007187,3.812143077057325,0.6920630369996223,-8.98148878595324,5.961837483938867
left,Anti-pluralist party is the more LEFT-wing of the top 2,9,backsliding_Nyr,Y_inflation,Inflation,inflation,517,0.12330230988183205,0.11514125072509564,0.284223986070013,517,362,69,-0.22715521322634258,0.7421569715788467,0.7595480364960161,-1.6817561483961982,1.227445721943513,17.86857213434854,-2.061820499807464,57.46330264984753,0.9713775270818039,-114.68782412623364,110.5641831266187
left,Anti-pluralist party is the more LEFT-wing of the top 2,9,backsliding_Nyr,Y_unemployment,Unemployment,unemployment,517,0.12330230988183205,0.11514125072509564,0.284223986070013,517,309,75,0.48111133302579956,1.5669647787486884,0.7588175565844766,-2.590083198364403,3.5523058644160024,16.66459059094002,-1.4453830219376087,109.53198182448237,0.9894714282594778,-216.12412255321877,213.23335650934357
left,Anti-pluralist party is the more LEFT-wing of the top 2,9,backsliding_Nyr,Y_trade_pct_gdp,Trade openness,trade,517,0.12330230988183205,0.11514125072509564,0.284223986070013,517,393,75,-10.752817839734126,9.079987744151865,0.2363209856749802,-28.549266798336866,7.043631118868612,15.640360843834122,-59.203405323123974,83.43659344384193,0.4779760201583262,-222.7361234657649,104.32931281951696
left,Anti-pluralist party is the more LEFT-wing of the top 2,9,backsliding_Nyr,Y_top10_share,Top-10% income share,top10,517,0.12330230988183205,0.11514125072509564,0.284223986070013,517,402,78,-2.6240988194726826,1.7272143580353572,0.12869544199848626,-6.009376754802451,0.7611791158570864,18.69202126896819,-11.540373435643192,16.294003126475065,0.4787844683278574,-43.47603272751735,20.395285856230963
left,Anti-pluralist party is the more LEFT-wing of the top 2,9,backsliding_Nyr,Y_gini_disp,Income inequality (Gini): Disposable,gini,517,0.12330230988183205,0.11514125072509564,0.284223986070013,517,313,51,2.233995451655806,1.4947774805125298,0.1350361572285185,-0.6957145750502742,5.163705478361885,20.919337456547268,8.75745617217882,25.873663780874296,0.7350091126974385,-41.95399298643323,59.46890533079087
left,Anti-pluralist party is the more LEFT-wing of the top 2,9,backsliding_Nyr,Y_gini_mkt,Income inequality (Gini): Market,gini,517,0.12330230988183205,0.11514125072509564,0.284223986070013,517,313,51,2.1199896416374644,1.2832153385339493,0.09851582192816181,-0.39506620629844846,4.635045489573377,24.747498733521216,6.819136366123988,30.594359717269132,0.8236221490461666,-53.14470680978653,66.7829795420345
left,Anti-pluralist party is the more LEFT-wing of the top 2,9,backsliding_Nyr,Y_debt,Public debt and deficit: Debt / GDP,fiscal,517,0.12330230988183205,0.11514125072509564,0.284223986070013,517,409,78,-19.748306849031213,17.616935203188188,0.26229456776829196,-54.27686536525587,14.780251667193443,15.362817770747862,-65.06731693381604,122.10133372832351,0.5941055482516562,-304.38153350563584,174.24689963800373
left,Anti-pluralist party is the more LEFT-wing of the top 2,9,backsliding_Nyr,Y_deficit,Public debt and deficit: Deficit / GDP,fiscal,517,0.12330230988183205,0.11514125072509564,0.284223986070013,517,340,65,3.3753589208025927,3.0552384126188805,0.26925597461456274,-2.6127983321137362,9.36351617371892,22.501606888235806,-268.3129574093682,944.6912433275826,0.7763936337263946,-2119.873770841794,1583.2478560230577
left,Anti-pluralist party is the more LEFT-wing of the top 2,9,backsliding_Nyr,Y_checks_balances,Executive constraints: Checks & balances,institutions,517,0.12330230988183205,0.11514125072509564,0.284223986070013,517,434,83,-0.08076559198120042,0.0591219254063648,0.17191219814837855,-0.196642436474339,0.035111252511938154,13.10318943480342,-0.44387223900875045,0.4059892529480865,0.2742575744324168,-1.2395965528973216,0.3518520748798208
left,Anti-pluralist party is the more LEFT-wing of the top 2,9,backsliding_Nyr,Y_jucon,Executive constraints: Judicial constraints,institutions,517,0.12330230988183205,0.11514125072509564,0.284223986070013,517,447,83,-0.09218293608297057,0.047144096194417805,0.050542454934990357,-0.18458366670772125,2.1779454178011415e-4,13.743231553640971,-0.4887515187381576,0.46616184667425353,0.29442724680691645,-1.402411949186377,0.42490891171006184
left,Anti-pluralist party is the more LEFT-wing of the top 2,9,backsliding_Nyr,Y_legcon,Executive constraints: Legislative constraints,institutions,517,0.12330230988183205,0.11514125072509564,0.284223986070013,517,434,83,-0.0629609084706032,0.07504565855289327,0.4014872489274129,-0.21004769643036425,0.08412587948915784,14.42608835483393,-0.4295337657037117,0.455485939339253,0.3456690839254262,-1.322269802273043,0.4632022708656197
left,Anti-pluralist party is the more LEFT-wing of the top 2,9,backsliding_Nyr,Y_hos_power,Executive power (ET): HOS,exec_power,517,0.12330230988183205,0.11514125072509564,0.284223986070013,517,447,83,0.07991133400216645,0.04058515689997938,0.04895546767800818,3.6588817129962203e-4,0.15945677983303327,13.676303458327741,0.46077912451046626,0.5566367749886911,0.4077886568795584,-0.630208906937894,1.5517671559588264
left,Anti-pluralist party is the more LEFT-wing of the top 2,9,backsliding_Nyr,Y_hog_power,Executive power (ET): HOG,exec_power,517,0.12330230988183205,0.11514125072509564,0.284223986070013,517,216,48,-0.009181263220300067,0.02594561168549222,0.7234394993087545,-0.060033727680726366,0.041671201240126236,17.71703832273676,-0.025794473592086004,0.11518379050562558,0.8228025343949502,-0.2515505545859187,0.19996160740174668
left,Anti-pluralist party is the more LEFT-wing of the top 2,9,backsliding_Nyr,Y_hos_power_vdem,Executive power (V-Dem): HOS (v2ex_hosw),exec_power_alt,517,0.12330230988183205,0.11514125072509564,0.284223986070013,517,447,83,0.04528923696043043,0.05453583669279731,0.4062849100199246,-0.06159903882421023,0.1521775127450711,15.350838509938512,0.3255488798354768,0.5318513608704672,0.5404682864350943,-0.7168606325992539,1.3679583922702077
left,Anti-pluralist party is the more LEFT-wing of the top 2,9,backsliding_Nyr,Y_hog_power_vdem,Executive power (V-Dem): HOG (v2ex_hogw),exec_power_alt,517,0.12330230988183205,0.11514125072509564,0.284223986070013,517,447,83,-0.02569943844975149,0.04668722041186547,0.5820040358405878,-0.11720470899529105,0.06580583209578807,13.520384912405815,-0.20747575724720843,0.34255001816887753,0.5447271466851412,-0.8788614557617493,0.4639099412673324
left,Anti-pluralist party is the more LEFT-wing of the top 2,9,backsliding_Nyr,Y_polyarchy,V-Dem high-level democracy indices: Electoral (polyarchy),vdem_high,517,0.12330230988183205,0.11514125072509564,0.284223986070013,517,447,83,-0.05920844505035029,0.039945394482808746,0.13827788821909817,-0.1374999795849004,0.019083089484199803,13.944382353111672,-0.31761666862831167,0.34346411359172574,0.3550986463055565,-0.990793961250068,0.3555606239934446
left,Anti-pluralist party is the more LEFT-wing of the top 2,9,backsliding_Nyr,Y_libdem,V-Dem high-level democracy indices: Liberal,vdem_high,517,0.12330230988183205,0.11514125072509564,0.284223986070013,517,447,83,-0.07117437430542614,0.04407464490107803,0.1063410494275171,-0.15755909094293097,0.0152103423320787,14.06214646616235,-0.36732120355674597,0.34935707906051233,0.29306549304123375,-1.052048496259462,0.3174060891459702
left,Anti-pluralist party is the more LEFT-wing of the top 2,9,backsliding_Nyr,Y_partipdem,V-Dem high-level democracy indices: Participatory,vdem_high,517,0.12330230988183205,0.11514125072509564,0.284223986070013,517,446,83,-0.06291082184808978,0.03087338923477195,0.04157956625478976,-0.1234215528289294,-0.002400090867250168,14.12998411120152,-0.3260283956401894,0.38937206001657526,0.4024136115990062,-1.089183609858845,0.43712681857846625
left,Anti-pluralist party is the more LEFT-wing of the top 2,9,backsliding_Nyr,Y_delibdem,V-Dem high-level democracy indices: Deliberative,vdem_high,517,0.12330230988183205,0.11514125072509564,0.284223986070013,517,447,83,-0.056378081863730264,0.04480895788774673,0.20832386446755902,-0.1442020255084858,0.031445861781025264,13.823085888524203,-0.30069651058808256,0.31686782144678116,0.34263835174972745,-0.9217460284834419,0.3203530073072768
left,Anti-pluralist party is the more LEFT-wing of the top 2,9,backsliding_Nyr,Y_egaldem,V-Dem high-level democracy indices: Egalitarian,vdem_high,517,0.12330230988183205,0.11514125072509564,0.284223986070013,517,447,83,-0.042116533896532485,0.02714014704377987,0.12070608470869772,-0.09531024463746222,0.011077176844397255,13.82398154750466,-0.23027319425258766,0.23702777230631733,0.33129785495300107,-0.6948390913087299,0.23429270280355455
left,Anti-pluralist party is the more LEFT-wing of the top 2,9,backsliding_Nyr,Y_elecoff,V-Dem mid-level: electoral component: Elected officials,vdem_electoral,517,0.12330230988183205,0.11514125072509564,0.284223986070013,517,447,83,-0.09620308706282828,0.06111057220836811,0.11543053856152538,-0.2159776076658641,0.023571433540207534,13.941041521754245,-0.5315837769823136,0.681940483060718,0.4356755922379937,-1.8681625633811674,0.80499500941654
left,Anti-pluralist party is the more LEFT-wing of the top 2,9,backsliding_Nyr,Y_frefair,V-Dem mid-level: electoral component: Clean elections,vdem_electoral,517,0.12330230988183205,0.11514125072509564,0.284223986070013,517,447,83,-0.06837192659030804,0.061057505916685226,0.262800873900379,-0.1880424391728523,0.05129858599223622,14.515739255987942,-0.4148365209505637,0.4922245749600635,0.3993520708852451,-1.3795789601778239,0.5499059182766965
left,Anti-pluralist party is the more LEFT-wing of the top 2,9,backsliding_Nyr,Y_frassoc,V-Dem mid-level: electoral component: Association,vdem_electoral,517,0.12330230988183205,0.11514125072509564,0.284223986070013,517,447,83,-0.019428016303716808,0.028789464988991147,0.4997833002557375,-0.07585433081631626,0.036998298208882646,18.177983857998985,-0.15405215067443245,0.2615825886700629,0.5559125489888753,-0.6667446034505108,0.3586403021016459
left,Anti-pluralist party is the more LEFT-wing of the top 2,9,backsliding_Nyr,Y_suffr,V-Dem mid-level: electoral component: Suffrage,vdem_electoral,517,0.12330230988183205,0.11514125072509564,0.284223986070013,517,447,83,-0.0028854469498985624,0.0017979562170943454,0.10852719704621897,-0.006409376381183357,6.384824813862322e-4,9.37536604345045,-0.0183039046023596,0.03254597423810304,0.5738424999886953,-0.08209284195080997,0.04548503274609077
left,Anti-pluralist party is the more LEFT-wing of the top 2,9,backsliding_Nyr,Y_freexp,V-Dem mid-level: electoral component: Expression & alt. info,vdem_electoral,517,0.12330230988183205,0.11514125072509564,0.284223986070013,517,447,83,-0.02798195818625874,0.03575462033178964,0.43385559616026,-0.09805972631746995,0.04209580994495248,21.08973822862359,-0.3634356981530278,0.44735642978551704,0.4165578704892043,-1.2402381887850624,0.5133667924790069
left,Anti-pluralist party is the more LEFT-wing of the top 2,9,backsliding_Nyr,Y_cl_rol,V-Dem mid-level: liberal component (see also Executive constraints),vdem_liberal,517,0.12330230988183205,0.11514125072509564,0.284223986070013,517,447,83,-0.029521573819025454,0.02877596634113011,0.30493364507078463,-0.08592143146797729,0.02687828382992638,20.56689823707934,-0.2377804721629107,0.3108727892341098,0.4443428259225474,-0.8470799428352769,0.3715189985094554
left,Anti-pluralist party is the more LEFT-wing of the top 2,9,backsliding_Nyr,Y_cspart,V-Dem mid-level: participatory component: Civil society,vdem_particip,517,0.12330230988183205,0.11514125072509564,0.284223986070013,517,447,83,-0.04743783606082745,0.03459891111584353,0.17035037012812562,-0.11525045575218329,0.020374783630528387,14.29483618711073,-0.2760047133793523,0.4050889338872236,0.4956541623725404,-1.0699644343340373,0.5179550075753327
left,Anti-pluralist party is the more LEFT-wing of the top 2,9,backsliding_Nyr,Y_dd,V-Dem mid-level: participatory component: Direct democracy,vdem_particip,517,0.12330230988183205,0.11514125072509564,0.284223986070013,517,447,83,-0.0376561996509607,0.06190973416302716,0.5430259206681831,-0.1589970489029429,0.08368464960102148,18.21080618357219,-0.15336697702022312,0.5643039775419882,0.785790581965542,-1.259382449335219,0.9526484952947729
left,Anti-pluralist party is the more LEFT-wing of the top 2,9,backsliding_Nyr,Y_locelec,V-Dem mid-level: participatory component: Local elections,vdem_particip,517,0.12330230988183205,0.11514125072509564,0.284223986070013,517,440,82,-0.09904113938619959,0.09489030422667731,0.2966040726816639,-0.28502271815253594,0.08694043938013675,15.580690159475786,-0.549280336583176,0.8131401413540273,0.4993548934553721,-2.143005728020878,1.0444450548545257
left,Anti-pluralist party is the more LEFT-wing of the top 2,9,backsliding_Nyr,Y_regelec,V-Dem mid-level: participatory component: Regional elections,vdem_particip,517,0.12330230988183205,0.11514125072509564,0.284223986070013,517,446,83,-0.11829179326929279,0.07042336332638773,0.09301108402083533,-0.25631904905919156,0.019735462520605956,23.71663069543678,-0.4644021551257267,1.0884738798608313,0.6696310785248236,-2.597771757765533,1.6689674475140794
left,Anti-pluralist party is the more LEFT-wing of the top 2,9,backsliding_Nyr,Y_delib,V-Dem mid-level: deliberative and egalitarian components: Deliberation,vdem_egal_delib,517,0.12330230988183205,0.11514125072509564,0.284223986070013,517,447,83,-0.044929664405894715,0.047136189516400966,0.3404946727856809,-0.13731489822649506,0.04745556941470562,14.26911697903779,-0.24871565228051606,0.3205200210315873,0.4377635095573376,-0.8769233498264476,0.37949204526541547
left,Anti-pluralist party is the more LEFT-wing of the top 2,9,backsliding_Nyr,Y_eqprotec,V-Dem mid-level: deliberative and egalitarian components: Equal protection,vdem_egal_delib,517,0.12330230988183205,0.11514125072509564,0.284223986070013,517,447,83,-0.02028906926536011,0.033260117969032804,0.5418538946343244,-0.08547770260621787,0.04489956407549766,16.214773242249755,-0.1272611713321933,0.31771614067311155,0.6887515309867192,-0.7499733643585531,0.49545102169416655
left,Anti-pluralist party is the more LEFT-wing of the top 2,9,backsliding_Nyr,Y_eqaccess,V-Dem mid-level: deliberative and egalitarian components: Equal access,vdem_egal_delib,517,0.12330230988183205,0.11514125072509564,0.284223986070013,517,447,83,0.0020241180071103176,0.030011289890032912,0.9462272718789578,-0.05679692930694521,0.060845165321165844,15.44119342743987,0.005517850519828876,0.1824627269341154,0.975874871204099,-0.3521025227920036,0.3631382238316614
left,Anti-pluralist party is the more LEFT-wing of the top 2,9,backsliding_Nyr,Y_eqdr,V-Dem mid-level: deliberative and egalitarian components: Equal distribution,vdem_egal_delib,517,0.12330230988183205,0.11514125072509564,0.284223986070013,517,447,83,0.005344480297883942,0.026269614373460638,0.8387854868082,-0.04614301776185463,0.056831978357622506,16.113911499309566,0.015205468056878182,0.2158015406867087,0.9438271992985684,-0.4077577794973259,0.4381687156110822
right,Anti-pluralist party is the more RIGHT-wing of the top 2,10,backsliding_Nyr,Y_gdp_growth,GDP per capita growth: PWT,growth,822,-0.07730498946831507,0.08285759023339281,0.3508270859883411,822,641,108,-0.046351401062242364,0.037243505751336156,0.21329724900650615,-0.11934733099287158,0.02664452886838685,16.727366361608105,0.7173668055744895,3.6714402073598507,0.8450867696773817,-6.478523772243083,7.913257383392063
right,Anti-pluralist party is the more RIGHT-wing of the top 2,10,backsliding_Nyr,Y_gdp_growth_wb,GDP per capita growth: World Bank,growth,822,-0.07730498946831507,0.08285759023339281,0.3508270859883411,822,659,114,-0.048910504914823516,0.03548604021846651,0.16810985107466003,-0.11846186569695773,0.020640855867310695,15.241799279366841,0.4644074100802968,0.9689464010692208,0.6317315354031892,-1.4346926389650778,2.3635074591256715
right,Anti-pluralist party is the more RIGHT-wing of the top 2,10,backsliding_Nyr,Y_gdp_growth_imf,GDP per capita growth: IMF WEO,growth,822,-0.07730498946831507,0.08285759023339281,0.3508270859883411,822,504,91,-0.029363616301535583,0.03247416038136449,0.36588151608170666,-0.09301180107718747,0.0342845684741163,20.21029795531908,0.48524801827469755,3.129456624464313,0.8767754081353631,-5.648374256855643,6.618870293405038
right,Anti-pluralist party is the more RIGHT-wing of the top 2,10,backsliding_Nyr,Y_inflation,Inflation,inflation,822,-0.07730498946831507,0.08285759023339281,0.3508270859883411,822,621,107,0.09506076197561386,0.38422770030800524,0.8045929767335753,-0.6580116924907256,0.8481332164419533,16.301789779177494,-1.698945542948233,5.729109624045581,0.76681300955283,-12.927794069559376,9.529902983662911
right,Anti-pluralist party is the more RIGHT-wing of the top 2,10,backsliding_Nyr,Y_unemployment,Unemployment,unemployment,822,-0.07730498946831507,0.08285759023339281,0.3508270859883411,822,427,97,0.21020528274037042,0.9712595075360191,0.8286561246755794,-1.6934283716723355,2.1138389371530764,17.74399381293956,-0.08879896072788362,36.78853656049062,0.9980740943346893,-72.19300566322451,72.01540774176874
right,Anti-pluralist party is the more RIGHT-wing of the top 2,10,backsliding_Nyr,Y_trade_pct_gdp,Trade openness,trade,822,-0.07730498946831507,0.08285759023339281,0.3508270859883411,822,580,101,5.728917864315613,5.090604459494729,0.2604235977603977,-4.248483535833041,15.706319264464266,14.71119328656838,-44.42721310990586,68.37296689182492,0.5158359772359444,-178.43576573403217,89.58133951422045
right,Anti-pluralist party is the more RIGHT-wing of the top 2,10,backsliding_Nyr,Y_top10_share,Top-10% income share,top10,822,-0.07730498946831507,0.08285759023339281,0.3508270859883411,822,597,104,1.111938529012011,0.8093951133188448,0.1695070337472352,-0.4744467423556402,2.6983238003796624,16.15436981560693,-11.146524637922807,18.852100761923165,0.5543451055240245,-48.095963164212314,25.802913888366696
right,Anti-pluralist party is the more RIGHT-wing of the top 2,10,backsliding_Nyr,Y_gini_disp,Income inequality (Gini): Disposable,gini,822,-0.07730498946831507,0.08285759023339281,0.3508270859883411,822,512,91,0.9659786835832362,0.657047729565634,0.14151290586471332,-0.321811202489219,2.2537685696556915,18.74998219041786,143.40087257613288,1792.5934879650963,0.9362401871180125,-3370.01780275649,3656.8195479087553
right,Anti-pluralist party is the more RIGHT-wing of the top 2,10,backsliding_Nyr,Y_gini_mkt,Income inequality (Gini): Market,gini,822,-0.07730498946831507,0.08285759023339281,0.3508270859883411,822,512,91,1.0597521830875771,0.7093529155061427,0.13518338401139032,-0.3305539836329461,2.4500583498081,18.127806575590373,113.82528279117307,1368.1407864516775,0.9336948552452067,-2567.681384434419,2795.331950016765
right,Anti-pluralist party is the more RIGHT-wing of the top 2,10,backsliding_Nyr,Y_debt,Public debt and deficit: Debt / GDP,fiscal,822,-0.07730498946831507,0.08285759023339281,0.3508270859883411,822,638,110,19.256129760149634,18.6466202294224,0.3017502120129319,-17.29057432291426,55.80283384321353,19.008673945397202,-229.62599469531625,653.808121204111,0.7254284627457628,-1511.0663650551717,1051.8143756645393
right,Anti-pluralist party is the more RIGHT-wing of the top 2,10,backsliding_Nyr,Y_deficit,Public debt and deficit: Deficit / GDP,fiscal,822,-0.07730498946831507,0.08285759023339281,0.3508270859883411,822,558,100,-0.2672872469991678,1.3062192423298258,0.8378638446659485,-2.8274299178788227,2.292855423880487,17.297630390664334,5.688018776916697,36.500547442775634,0.8761640325666333,-65.8517396269191,77.22777718075248
right,Anti-pluralist party is the more RIGHT-wing of the top 2,10,backsliding_Nyr,Y_checks_balances,Executive constraints: Checks & balances,institutions,822,-0.07730498946831507,0.08285759023339281,0.3508270859883411,822,675,119,0.008876659610934041,0.030648294979010497,0.7720994649438702,-0.051192894735486286,0.06894621395735437,27.15340611756954,-0.18823084607548485,0.9473653811279108,0.8425062225400877,-2.0450328732862513,1.6685711811352815
right,Anti-pluralist party is the more RIGHT-wing of the top 2,10,backsliding_Nyr,Y_jucon,Executive constraints: Judicial constraints,institutions,822,-0.07730498946831507,0.08285759023339281,0.3508270859883411,822,691,121,-0.006120052653973911,0.040981789311414975,0.8812885836915952,-0.08644288372635578,0.07420277841840794,22.928895230144438,-0.03394820057659467,1.0718065237705707,0.974732177733132,-2.1346503855619856,2.0667539844087965
right,Anti-pluralist party is the more RIGHT-wing of the top 2,10,backsliding_Nyr,Y_legcon,Executive constraints: Legislative constraints,institutions,822,-0.07730498946831507,0.08285759023339281,0.3508270859883411,822,675,119,-0.01411502406348474,0.03744041374970492,0.7061738415153409,-0.0874968865791846,0.05926683845221512,23.76895268968345,0.20510009210386726,1.0647022303706402,0.8472439657109407,-1.8816779336820544,2.291878117889789
right,Anti-pluralist party is the more RIGHT-wing of the top 2,10,backsliding_Nyr,Y_hos_power,Executive power (ET): HOS,exec_power,822,-0.07730498946831507,0.08285759023339281,0.3508270859883411,822,691,121,-0.010065174526150798,0.026119121998173303,0.6999732756612541,-0.06125771295037831,0.04112736389807671,19.824928801178057,0.20565632020412217,0.6108211106764521,0.7363518856240716,-0.9915310577184777,1.402843698126722
right,Anti-pluralist party is the more RIGHT-wing of the top 2,10,backsliding_Nyr,Y_hog_power,Executive power (ET): HOG,exec_power,822,-0.07730498946831507,0.08285759023339281,0.3508270859883411,822,352,69,0.01910996525307885,0.019087708864716505,0.31674655807153523,-0.01830125666915141,0.05652118717530911,23.04516713299561,0.7034596775389566,1.7344619618232011,0.6850526692007325,-2.6960233001892027,4.102942655267116
right,Anti-pluralist party is the more RIGHT-wing of the top 2,10,backsliding_Nyr,Y_hos_power_vdem,Executive power (V-Dem): HOS (v2ex_hosw),exec_power_alt,822,-0.07730498946831507,0.08285759023339281,0.3508270859883411,822,691,121,-0.003004934774927831,0.04322699760725775,0.9445795084604576,-0.08772829324495209,0.08171842369509642,17.816075262518535,0.022829327182151277,0.8792239931721664,0.9792850044239426,-1.7004180337787846,1.7460766881430874
right,Anti-pluralist party is the more RIGHT-wing of the top 2,10,backsliding_Nyr,Y_hog_power_vdem,Executive power (V-Dem): HOG (v2ex_hogw),exec_power_alt,822,-0.07730498946831507,0.08285759023339281,0.3508270859883411,822,691,121,0.010175449211516897,0.04066010032576565,0.8023890928746964,-0.06951688303476908,0.08986778145780286,17.826327189360363,-0.07507474710171085,0.8083470904874646,0.9260033475176275,-1.659405931464881,1.5092564372614594
right,Anti-pluralist party is the more RIGHT-wing of the top 2,10,backsliding_Nyr,Y_polyarchy,V-Dem high-level democracy indices: Electoral (polyarchy),vdem_high,822,-0.07730498946831507,0.08285759023339281,0.3508270859883411,822,691,121,-0.02433180404964841,0.031134310325871526,0.4345020463860761,-0.0853539309718501,0.03669032287255328,25.787511137974185,0.046313876586744074,1.2962348193765172,0.9714980143738,-2.4942596848980108,2.586887438071499
right,Anti-pluralist party is the more RIGHT-wing of the top 2,10,backsliding_Nyr,Y_libdem,V-Dem high-level democracy indices: Liberal,vdem_high,822,-0.07730498946831507,0.08285759023339281,0.3508270859883411,822,691,121,-0.01253390637609384,0.029130884493787465,0.6670052220023153,-0.06962939082171357,0.044561578069525896,24.344489328564944,-0.026639110649036846,0.90012471762567,0.9763901241997671,-1.7908511387896355,1.7375729174915617
right,Anti-pluralist party is the more RIGHT-wing of the top 2,10,backsliding_Nyr,Y_partipdem,V-Dem high-level democracy indices: Participatory,vdem_high,822,-0.07730498946831507,0.08285759023339281,0.3508270859883411,822,691,121,-0.004194704467166943,0.023593886272434642,0.8588896510890089,-0.050437871816472815,0.042048462882138926,24.885145730496554,-0.11400137941480312,0.6255642883893056,0.8553962102191905,-1.3400848546722695,1.1120820958426632
right,Anti-pluralist party is the more RIGHT-wing of the top 2,10,backsliding_Nyr,Y_delibdem,V-Dem high-level democracy indices: Deliberative,vdem_high,822,-0.07730498946831507,0.08285759023339281,0.3508270859883411,822,691,121,-0.00333269211520258,0.03187496057942023,0.9167287840044542,-0.06580646685950017,0.05914108262909502,23.850148350514957,-0.1157029039978652,0.8455943339788414,0.8911649538910775,-1.773037344127528,1.5416315361317976
right,Anti-pluralist party is the more RIGHT-wing of the top 2,10,backsliding_Nyr,Y_egaldem,V-Dem high-level democracy indices: Egalitarian,vdem_high,822,-0.07730498946831507,0.08285759023339281,0.3508270859883411,822,691,121,-0.0020256551187041484,0.021089219497058963,0.9234795216841549,-0.043359765794999616,0.03930845555759131,23.56347732528588,-0.08424990139754568,0.5366574486818954,0.8752526579540378,-1.1360791728492126,0.9675793700541211
right,Anti-pluralist party is the more RIGHT-wing of the top 2,10,backsliding_Nyr,Y_elecoff,V-Dem mid-level: electoral component: Elected officials,vdem_electoral,822,-0.07730498946831507,0.08285759023339281,0.3508270859883411,822,691,121,-0.0637965490072657,0.06870126153702526,0.35309221454039813,-0.19844854731230202,0.07085544929777063,17.700387894392332,0.6669437840157595,3.370828568042712,0.843156540444958,-5.939758807406676,7.2736463754381955
right,Anti-pluralist party is the more RIGHT-wing of the top 2,10,backsliding_Nyr,Y_frefair,V-Dem mid-level: electoral component: Clean elections,vdem_electoral,822,-0.07730498946831507,0.08285759023339281,0.3508270859883411,822,691,121,-0.043782087605329714,0.052010801605838514,0.39990642615020594,-0.14572138555983116,0.05815721034917175,23.33205251331986,0.35326331207595085,2.6864843729859897,0.8953825493226226,-4.912149304006256,5.618675928158158
right,Anti-pluralist party is the more RIGHT-wing of the top 2,10,backsliding_Nyr,Y_frassoc,V-Dem mid-level: electoral component: Association,vdem_electoral,822,-0.07730498946831507,0.08285759023339281,0.3508270859883411,822,691,121,-0.0377849209252545,0.032446492572292006,0.2442092064916202,-0.10137887779159319,0.02580903594108419,21.980110745387062,0.30701401637014714,1.7400566371479087,0.8599489939121572,-3.1034343234996338,3.717462356239928
right,Anti-pluralist party is the more RIGHT-wing of the top 2,10,backsliding_Nyr,Y_suffr,V-Dem mid-level: electoral component: Suffrage,vdem_electoral,822,-0.07730498946831507,0.08285759023339281,0.3508270859883411,822,691,121,0.010390409024750481,0.01607013570084545,0.5179126406252024,-0.021106478175577932,0.0418872962250789,15.042728699753818,-0.16180155079309028,0.7337627753458519,0.8254744933025963,-1.5999501636671143,1.2763470620809336
right,Anti-pluralist party is the more RIGHT-wing of the top 2,10,backsliding_Nyr,Y_freexp,V-Dem mid-level: electoral component: Expression & alt. info,vdem_electoral,822,-0.07730498946831507,0.08285759023339281,0.3508270859883411,822,691,121,-0.017156340923425998,0.03838557064793122,0.6549128521545345,-0.092390676919389,0.05807799507253701,18.795853486631263,0.189631404017977,1.6950447443154981,0.9109233269903857,-3.1325952470243026,3.511858055060257
right,Anti-pluralist party is the more RIGHT-wing of the top 2,10,backsliding_Nyr,Y_cl_rol,V-Dem mid-level: liberal component (see also Executive constraints),vdem_liberal,822,-0.07730498946831507,0.08285759023339281,0.3508270859883411,822,691,121,-0.027047043616549554,0.032964973068212146,0.41194351986141126,-0.09165720358157818,0.03756311634847907,18.97730717598032,0.3594632338270116,1.6182278694902255,0.8242096649498672,-2.8122051091528117,3.5311315768068354
right,Anti-pluralist party is the more RIGHT-wing of the top 2,10,backsliding_Nyr,Y_cspart,V-Dem mid-level: participatory component: Civil society,vdem_particip,822,-0.07730498946831507,0.08285759023339281,0.3508270859883411,822,691,121,-0.012916868471908852,0.03059797283376268,0.6729171029333141,-0.07288779322601867,0.04705405628220096,20.923070853609744,0.008974387611179246,1.0113737587509424,0.9929200937944173,-1.9732817544495684,1.9912305296719268
right,Anti-pluralist party is the more RIGHT-wing of the top 2,10,backsliding_Nyr,Y_dd,V-Dem mid-level: participatory component: Direct democracy,vdem_particip,822,-0.07730498946831507,0.08285759023339281,0.3508270859883411,822,691,121,0.015815126955910554,0.0231745325927621,0.49496352686118283,-0.02960612228445279,0.061236376196273895,26.693794012543375,-0.04484071072867632,0.7782227604524883,0.9540518145934915,-1.5701292931648947,1.480447871707542
right,Anti-pluralist party is the more RIGHT-wing of the top 2,10,backsliding_Nyr,Y_locelec,V-Dem mid-level: participatory component: Local elections,vdem_particip,822,-0.07730498946831507,0.08285759023339281,0.3508270859883411,822,681,118,0.025363079423034587,0.03835858586341254,0.5084776680819546,-0.04981836736714122,0.1005445262132104,16.223796097657218,-0.40142682318216527,0.8129901504478833,0.6214715097454283,-1.9948582378458162,1.1920045914814854
right,Anti-pluralist party is the more RIGHT-wing of the top 2,10,backsliding_Nyr,Y_regelec,V-Dem mid-level: participatory component: Regional elections,vdem_particip,822,-0.07730498946831507,0.08285759023339281,0.3508270859883411,822,691,121,-0.033443542291134463,0.052508076652600925,0.5241757374825395,-0.1363574814277007,0.0694703968454318,19.46223034968763,0.45126454978216823,1.885844507784726,0.8108803829286195,-3.2449227659185587,4.147451865482895
right,Anti-pluralist party is the more RIGHT-wing of the top 2,10,backsliding_Nyr,Y_delib,V-Dem mid-level: deliberative and egalitarian components: Deliberation,vdem_egal_delib,822,-0.07730498946831507,0.08285759023339281,0.3508270859883411,822,691,121,-0.0018488960091916523,0.04376685165232522,0.9663040206617246,-0.0876303489644564,0.0839325569460731,19.924548800190752,-0.01933171058295266,1.2915654713176552,0.9880579824687512,-2.550753518041056,2.5120900968751507
right,Anti-pluralist party is the more RIGHT-wing of the top 2,10,backsliding_Nyr,Y_eqprotec,V-Dem mid-level: deliberative and egalitarian components: Equal protection,vdem_egal_delib,822,-0.07730498946831507,0.08285759023339281,0.3508270859883411,822,691,121,0.0171131857859228,0.014057717949457668,0.2234704601991193,-0.01043943509983648,0.04466580667168207,16.506647990417747,-0.2350065081565254,0.6352420793603328,0.7114212693652714,-1.480058105167112,1.0100450888540613
right,Anti-pluralist party is the more RIGHT-wing of the top 2,10,backsliding_Nyr,Y_eqaccess,V-Dem mid-level: deliberative and egalitarian components: Equal access,vdem_egal_delib,822,-0.07730498946831507,0.08285759023339281,0.3508270859883411,822,691,121,-0.023737644828354373,0.01902126227359458,0.21204820206918312,-0.06101863382509021,0.01354334416838146,20.28265663873237,0.3068539098699004,1.0318622998867462,0.7661773734781998,-1.71555903491279,2.329266854652591
right,Anti-pluralist party is the more RIGHT-wing of the top 2,10,backsliding_Nyr,Y_eqdr,V-Dem mid-level: deliberative and egalitarian components: Equal distribution,vdem_egal_delib,822,-0.07730498946831507,0.08285759023339281,0.3508270859883411,822,691,121,-0.01627506094208677,0.017099461487239655,0.34120454787944693,-0.04978938961210619,0.017239267727932647,18.587510771497346,0.23670937551538673,0.6882760912346443,0.7309092234907468,-1.1122869747245199,1.5857057257552936
left,Anti-pluralist party is the more LEFT-wing of the top 2,10,backsliding_Nyr,Y_gdp_growth,GDP per capita growth: PWT,growth,517,0.13537658374147504,0.11352440097917607,0.23306961541808138,517,398,85,-0.10471996373128076,0.1253102497542255,0.40333183214316926,-0.3503235401432818,0.1408836126807203,16.33361054184307,-0.4910921822030801,0.7345413853726713,0.5037699468113837,-1.9307668426876718,0.9485824782815118
left,Anti-pluralist party is the more LEFT-wing of the top 2,10,backsliding_Nyr,Y_gdp_growth_wb,GDP per capita growth: World Bank,growth,517,0.13537658374147504,0.11352440097917607,0.23306961541808138,517,413,90,-0.0411793659571687,0.10401977931621414,0.6921934444771822,-0.2450543870967528,0.1626956551824154,17.533788523195117,-0.18053022784894648,0.5359710912597966,0.7362463432434156,-1.2310142634727779,0.869953807774885
left,Anti-pluralist party is the more LEFT-wing of the top 2,10,backsliding_Nyr,Y_gdp_growth_imf,GDP per capita growth: IMF WEO,growth,517,0.13537658374147504,0.11352440097917607,0.23306961541808138,517,302,68,-0.15115982090826158,0.09411620221456113,0.10825243350172435,-0.3356241876104902,0.03330454579396705,21.67420111949582,-0.6562203469245107,1.2153747127006054,0.5892435610918987,-3.0383110115384118,1.7258703176893904
left,Anti-pluralist party is the more LEFT-wing of the top 2,10,backsliding_Nyr,Y_inflation,Inflation,inflation,517,0.13537658374147504,0.11352440097917607,0.23306961541808138,517,345,77,-0.21739003839562498,0.7653073608890011,0.7763675749710949,-1.7173649028414641,1.2825848260502144,19.16211176123019,-0.539936749108114,8.834308903170715,0.9512651026247673,-17.85486402762426,16.77499052940803
left,Anti-pluralist party is the more LEFT-wing of the top 2,10,backsliding_Nyr,Y_unemployment,Unemployment,unemployment,517,0.13537658374147504,0.11352440097917607,0.23306961541808138,517,296,85,0.6438116794695719,1.4966080191760258,0.6670643002464693,-2.289486137089268,3.577109496028412,18.191309855054694,17.70239080941182,111.2110273210777,0.8735283394681301,-200.26721742360036,235.67199904242398
left,Anti-pluralist party is the more LEFT-wing of the top 2,10,backsliding_Nyr,Y_trade_pct_gdp,Trade openness,trade,517,0.13537658374147504,0.11352440097917607,0.23306961541808138,517,379,85,-8.2797634666289035,8.804604961934727,0.34701749112273894,-25.536472090123617,8.97694515686581,15.864772500596006,-33.72509129833988,46.99559333646,0.4729901314606806,-125.834761669892,58.38457907321223
left,Anti-pluralist party is the more LEFT-wing of the top 2,10,backsliding_Nyr,Y_top10_share,Top-10% income share,top10,517,0.13537658374147504,0.11352440097917607,0.23306961541808138,517,388,87,-1.4775409981662502,1.718083111692094,0.38979240427923745,-4.84492201952926,1.8898400231967603,20.01582332162837,-8.095082794448505,11.334418596729547,0.4751012786468311,-30.310135029739428,14.119969440842418
left,Anti-pluralist party is the more LEFT-wing of the top 2,10,backsliding_Nyr,Y_gini_disp,Income inequality (Gini): Disposable,gini,517,0.13537658374147504,0.11352440097917607,0.23306961541808138,517,297,64,2.4606193336880877,1.5408245758744776,0.11027692147026437,-0.5593413415200912,5.480580008896267,22.637332780136166,11.535051421278848,21.0289760085883,0.583327147595502,-29.680984187311065,52.751087029868756
left,Anti-pluralist party is the more LEFT-wing of the top 2,10,backsliding_Nyr,Y_gini_mkt,Income inequality (Gini): Market,gini,517,0.13537658374147504,0.11352440097917607,0.23306961541808138,517,297,64,2.24043134311399,1.3985897949770063,0.10917292506990407,-0.5007542841861996,4.98161697041418,24.47565265155176,10.726367828055611,22.607571692293767,0.635172566403519,-33.583658466747394,55.036394122858624
left,Anti-pluralist party is the more LEFT-wing of the top 2,10,backsliding_Nyr,Y_debt,Public debt and deficit: Debt / GDP,fiscal,517,0.13537658374147504,0.11352440097917607,0.23306961541808138,517,395,88,-27.90773602642552,18.615722593828174,0.1338350641989874,-64.39388185651728,8.578409803666244,16.50137891386967,-127.57729953878548,115.69189391392304,0.2701430177789742,-354.3292449133032,99.17464583573228
left,Anti-pluralist party is the more LEFT-wing of the top 2,10,backsliding_Nyr,Y_deficit,Public debt and deficit: Deficit / GDP,fiscal,517,0.13537658374147504,0.11352440097917607,0.23306961541808138,517,326,73,3.9416337984444985,2.873858545112357,0.1702043148519256,-1.6910254466383972,9.574293043527394,21.604439576847376,14.675488303997522,56.22852307059713,0.7940946497551684,-95.53039181825234,124.88136842624739
left,Anti-pluralist party is the more LEFT-wing of the top 2,10,backsliding_Nyr,Y_checks_balances,Executive constraints: Checks & balances,institutions,517,0.13537658374147504,0.11352440097917607,0.23306961541808138,517,420,97,-0.07228777634356268,0.05953694232891907,0.2246840510269801,-0.18897803905788224,0.0444024863707569,13.526911339452688,-0.23815765585794918,0.2581347704799266,0.35621061322282405,-0.7440925091561184,0.26777719744021994
left,Anti-pluralist party is the more LEFT-wing of the top 2,10,backsliding_Nyr,Y_jucon,Executive constraints: Judicial constraints,institutions,517,0.13537658374147504,0.11352440097917607,0.23306961541808138,517,434,97,-0.07327946704523022,0.04814051722278527,0.12795912224500097,-0.1676331469990195,0.021074212908559056,14.729200211793612,-0.22603557265965585,0.33944573221053537,0.5054775447137332,-0.8913369824981328,0.439265837178821
left,Anti-pluralist party is the more LEFT-wing of the top 2,10,backsliding_Nyr,Y_legcon,Executive constraints: Legislative constraints,institutions,517,0.13537658374147504,0.11352440097917607,0.23306961541808138,517,420,97,-0.030128167901319364,0.07442418135841941,0.6856120903250909,-0.17599688294269863,0.11574054714005991,16.570828109846033,-0.14799421769326915,0.41785471720073175,0.7232067996103986,-0.9669744141768726,0.6709859787903343
left,Anti-pluralist party is the more LEFT-wing of the top 2,10,backsliding_Nyr,Y_hos_power,Executive power (ET): HOS,exec_power,517,0.13537658374147504,0.11352440097917607,0.23306961541808138,517,434,97,0.06570069682260454,0.03813946782142805,0.08495305858180907,-0.00905128649691872,0.1404526801421278,14.016062359810736,0.32720966889117,0.35839398950387524,0.361248475363553,-0.3752296428120514,1.0296489805943914
left,Anti-pluralist party is the more LEFT-wing of the top 2,10,backsliding_Nyr,Y_hog_power,Executive power (ET): HOG,exec_power,517,0.13537658374147504,0.11352440097917607,0.23306961541808138,517,208,52,-0.0025344965958661505,0.02711303319248657,0.925523109380895,-0.05567506516477885,0.05060607197304655,19.05644795654367,0.001887141356458448,0.10498216896411885,0.985658137182133,-0.20387412883211306,0.20764841154502997
left,Anti-pluralist party is the more LEFT-wing of the top 2,10,backsliding_Nyr,Y_hos_power_vdem,Executive power (V-Dem): HOS (v2ex_hosw),exec_power_alt,517,0.13537658374147504,0.11352440097917607,0.23306961541808138,517,434,97,0.0509126236580117,0.056761581794875046,0.3697425626158925,-0.060338032365467746,0.16216327968149113,15.467528852040122,0.33506978408739124,0.36762851339109825,0.36206580382087616,-0.385468861849162,1.0556084300239446
left,Anti-pluralist party is the more LEFT-wing of the top 2,10,backsliding_Nyr,Y_hog_power_vdem,Executive power (V-Dem): HOG (v2ex_hogw),exec_power_alt,517,0.13537658374147504,0.11352440097917607,0.23306961541808138,517,434,97,-0.03350988259773324,0.04874393300786663,0.49178800842135806,-0.12904623575798496,0.06202647056251846,13.733036828873692,-0.2041975532029566,0.3064363143530617,0.5051796661475382,-0.8048016928901518,0.39640658648423854
left,Anti-pluralist party is the more LEFT-wing of the top 2,10,backsliding_Nyr,Y_polyarchy,V-Dem high-level democracy indices: Electoral (polyarchy),vdem_high,517,0.13537658374147504,0.11352440097917607,0.23306961541808138,517,434,97,-0.0821230626554278,0.04602145446916007,0.07435029659572054,-0.1723234559311314,0.00807733062027581,13.998720830035495,-0.3783838873856685,0.36710670485004265,0.30267257169412376,-1.0978998073749273,0.3411320326035904
left,Anti-pluralist party is the more LEFT-wing of the top 2,10,backsliding_Nyr,Y_libdem,V-Dem high-level democracy indices: Liberal,vdem_high,517,0.13537658374147504,0.11352440097917607,0.23306961541808138,517,434,97,-0.08036746139809989,0.04879732885593564,0.09956537201451343,-0.17600846849749083,0.015273545701291052,14.426979214777077,-0.3326665240063055,0.35451012817170763,0.3480472620958508,-1.0274936073775307,0.36216055936491964
left,Anti-pluralist party is the more LEFT-wing of the top 2,10,backsliding_Nyr,Y_partipdem,V-Dem high-level democracy indices: Participatory,vdem_high,517,0.13537658374147504,0.11352440097917607,0.23306961541808138,517,433,97,-0.07747246308785048,0.03432911409380937,0.024023272903738523,-0.1447562903328832,-0.010188635842817761,14.080599303132287,-0.3782411259694227,0.40396455974942325,0.3491071421410061,-1.1699971141088708,0.4135148621700253
left,Anti-pluralist party is the more LEFT-wing of the top 2,10,backsliding_Nyr,Y_delibdem,V-Dem high-level democracy indices: Deliberative,vdem_high,517,0.13537658374147504,0.11352440097917607,0.23306961541808138,517,434,97,-0.0769974905328336,0.05028986822284833,0.12575119898898246,-0.17556382103688162,0.021568839971214435,14.151512308419473,-0.2789816023823716,0.3263665396918789,0.39265596700398153,-0.918648265937416,0.36068506117267285
left,Anti-pluralist party is the more LEFT-wing of the top 2,10,backsliding_Nyr,Y_egaldem,V-Dem high-level democracy indices: Egalitarian,vdem_high,517,0.13537658374147504,0.11352440097917607,0.23306961541808138,517,434,97,-0.05274127680033292,0.03061178196576285,0.08490520620836954,-0.11273926695582082,0.00725671335515498,13.664203796954036,-0.24364026541679504,0.24400229265859463,0.31802906652281143,-0.7218759711728424,0.2345954403392523
left,Anti-pluralist party is the more LEFT-wing of the top 2,10,backsliding_Nyr,Y_elecoff,V-Dem mid-level: electoral component: Elected officials,vdem_electoral,517,0.13537658374147504,0.11352440097917607,0.23306961541808138,517,434,97,-0.1626216027531857,0.08379163193142444,0.052284273747872485,-0.3268501835446139,0.0016069780382425014,14.534562557791228,-0.8130197843252049,0.7231194769544202,0.26087606870236035,-2.2303079156753096,0.6042683470249
left,Anti-pluralist party is the more LEFT-wing of the top 2,10,backsliding_Nyr,Y_frefair,V-Dem mid-level: electoral component: Clean elections,vdem_electoral,517,0.13537658374147504,0.11352440097917607,0.23306961541808138,517,434,97,-0.10380197717345957,0.06652623770548352,0.11868513875315058,-0.2341910071031578,0.026587052756238655,14.26983108956812,-0.6040577582065356,0.5253348644505694,0.2502045092341546,-1.6336951723528825,0.4255796559398113
left,Anti-pluralist party is the more LEFT-wing of the top 2,10,backsliding_Nyr,Y_frassoc,V-Dem mid-level: electoral component: Association,vdem_electoral,517,0.13537658374147504,0.11352440097917607,0.23306961541808138,517,434,97,-0.03556758481967777,0.029839562822928076,0.233276673401125,-0.09405205326703713,0.022916883627681586,16.63286421092464,-0.13695206827330464,0.24191937636828642,0.5713215624009101,-0.6111053331175361,0.33720119657092684
left,Anti-pluralist party is the more LEFT-wing of the top 2,10,backsliding_Nyr,Y_suffr,V-Dem mid-level: electoral component: Suffrage,vdem_electoral,517,0.13537658374147504,0.11352440097917607,0.23306961541808138,517,434,97,-0.0028517864791648157,0.0017753019401852538,0.10819329373758708,-0.006331314343611993,6.277413852823618e-4,9.343140024455886,-0.00851856663285072,0.030191648179899593,0.777828670765385,-0.06769310969935817,0.050655976433656734
left,Anti-pluralist party is the more LEFT-wing of the top 2,10,backsliding_Nyr,Y_freexp,V-Dem mid-level: electoral component: Expression & alt. info,vdem_electoral,517,0.13537658374147504,0.11352440097917607,0.23306961541808138,517,434,97,-0.03309775675629643,0.03982376112667695,0.4059138931914978,-0.11115089429350947,0.04495538078091662,21.59450802644798,-0.22616072325278774,0.3669618416382997,0.5376926902456791,-0.9453927165643456,0.4930712700587702
left,Anti-pluralist party is the more LEFT-wing of the top 2,10,backsliding_Nyr,Y_cl_rol,V-Dem mid-level: liberal component (see also Executive constraints),vdem_liberal,517,0.13537658374147504,0.11352440097917607,0.23306961541808138,517,434,97,-0.029834711648298606,0.027661071405901266,0.2807744649010195,-0.08404941537765578,0.024379992081058576,16.87459273997709,-0.18172737781940745,0.18330575252524367,0.32149548001993045,-0.5410000509278969,0.17754529528908208
left,Anti-pluralist party is the more LEFT-wing of the top 2,10,backsliding_Nyr,Y_cspart,V-Dem mid-level: participatory component: Civil society,vdem_particip,517,0.13537658374147504,0.11352440097917607,0.23306961541808138,517,434,97,-0.06771101484818132,0.03562624564673843,0.05735526305558291,-0.1375371732201655,0.002115143523802862,14.037942948980362,-0.19836235628818072,0.28675627763859174,0.48909718606891334,-0.7603943328005889,0.3636696202242274
left,Anti-pluralist party is the more LEFT-wing of the top 2,10,backsliding_Nyr,Y_dd,V-Dem mid-level: participatory component: Direct democracy,vdem_particip,517,0.13537658374147504,0.11352440097917607,0.23306961541808138,517,434,97,-0.0258898997045921,0.06422300241928337,0.6868562488616561,-0.15176467142541622,0.09998487201623202,18.38709574629149,-0.14769908001140045,0.49184273007179846,0.7639503364905663,-1.1116931170099804,0.8162949569871796
left,Anti-pluralist party is the more LEFT-wing of the top 2,10,backsliding_Nyr,Y_locelec,V-Dem mid-level: participatory component: Local elections,vdem_particip,517,0.13537658374147504,0.11352440097917607,0.23306961541808138,517,427,94,-0.12948085744764679,0.10205678125477369,0.20454312137556183,-0.3295084730850857,0.07054675818979209,14.459927957212349,-0.5995354432647126,0.6540658569654582,0.3593373143117421,-1.8814809664343366,0.6824100799049113
left,Anti-pluralist party is the more LEFT-wing of the top 2,10,backsliding_Nyr,Y_regelec,V-Dem mid-level: participatory component: Regional elections,vdem_particip,517,0.13537658374147504,0.11352440097917607,0.23306961541808138,517,433,97,-0.12265687494620851,0.07566499331210873,0.10500652611257032,-0.2709575367284056,0.0256437868359886,23.581802805584662,-0.6192442666442587,1.0616342511413561,0.5596957954432402,-2.700009163635467,1.4615206303469495
left,Anti-pluralist party is the more LEFT-wing of the top 2,10,backsliding_Nyr,Y_delib,V-Dem mid-level: deliberative and egalitarian components: Deliberation,vdem_egal_delib,517,0.13537658374147504,0.11352440097917607,0.23306961541808138,517,434,97,-0.06154022608264226,0.05214323295660079,0.2379147115750374,-0.16373908471506177,0.04065863254977725,14.89768758783411,-0.1653112440772873,0.3435669693507691,0.6304016266978505,-0.838690130282371,0.5080676421277965
left,Anti-pluralist party is the more LEFT-wing of the top 2,10,backsliding_Nyr,Y_eqprotec,V-Dem mid-level: deliberative and egalitarian components: Equal protection,vdem_egal_delib,517,0.13537658374147504,0.11352440097917607,0.23306961541808138,517,434,97,-0.014286597133228888,0.03430147223332184,0.677043443319074,-0.08151624732724036,0.05294305306078259,16.166632370350744,-0.08295901327512709,0.20977398465737163,0.6924971283860966,-0.49410846809703324,0.328190441546779
left,Anti-pluralist party is the more LEFT-wing of the top 2,10,backsliding_Nyr,Y_eqaccess,V-Dem mid-level: deliberative and egalitarian components: Equal access,vdem_egal_delib,517,0.13537658374147504,0.11352440097917607,0.23306961541808138,517,434,97,-0.00254901051599778,0.029016380667863904,0.9299980480605291,-0.05942007158671529,0.05432205055471974,15.40426218098681,-0.01843099363407472,0.16101788035368,0.9088687864773887,-0.334020239994267,0.2971582527261175
left,Anti-pluralist party is the more LEFT-wing of the top 2,10,backsliding_Nyr,Y_eqdr,V-Dem mid-level: deliberative and egalitarian components: Equal distribution,vdem_egal_delib,517,0.13537658374147504,0.11352440097917607,0.23306961541808138,517,434,97,0.01014401275292082,0.02836142043980431,0.7205907217015288,-0.04544334985949375,0.06573137536533538,15.859849555180466,0.047584116313945844,0.20657448455696148,0.8178210000048227,-0.35729443354262413,0.4524626661705158
