window,treatment_def,outcome,outcome_label,panel,spec,treatment,n_first_stage,n_first_stage_treated,first_stage_coef,first_stage_pval,n_outcome,n_outcome_treated,rd_estimate,rd_se,rd_pval,late_estimate,late_se,late_pval,bandwidth
1,backsliding_Nyr,Y_gdp_growth,PWT,growth,instr-antiplural_w1_trt-ert_gapany_illib0p9026269_opp0p9026269_ctrypct_exclyr,backsliding_Nyr,271,6,0.1266043873117254,0.357359174473338,263,5,-0.06427984300246795,0.05051331083869183,0.2031838909773032,-0.7662893266070534,1.200312900982784,0.5232081419323187,20.59673436211277
1,backsliding_Nyr,Y_gdp_growth_wb,World Bank,growth,instr-antiplural_w1_trt-ert_gapany_illib0p9026269_opp0p9026269_ctrypct_exclyr,backsliding_Nyr,271,6,0.1266043873117254,0.357359174473338,264,5,0.02762798704101894,0.03300851292686412,0.4025949227828923,0.4133082467266147,1.1093756943381754,0.7094764594386991,29.43380219411707
1,backsliding_Nyr,Y_gdp_growth_imf,IMF WEO,growth,instr-antiplural_w1_trt-ert_gapany_illib0p9026269_opp0p9026269_ctrypct_exclyr,backsliding_Nyr,271,6,0.1266043873117254,0.357359174473338,179,3,-0.00361628488319134,0.03767316571947712,0.9235277198265326,-0.02814752529951067,0.4887296941067462,0.9540726365023768,24.082707116448056
1,backsliding_Nyr,Y_inflation,"CPI, cumulative log",inflation,instr-antiplural_w1_trt-ert_gapany_illib0p9026269_opp0p9026269_ctrypct_exclyr,backsliding_Nyr,271,6,0.1266043873117254,0.357359174473338,235,5,-0.15531593182466483,0.17324102987057513,0.369969298865362,0.6435082868067176,2.2649424338766324,0.7763208421657737,20.89313786846124
1,backsliding_Nyr,Y_unemployment,Unemployment rate,unemployment,instr-antiplural_w1_trt-ert_gapany_illib0p9026269_opp0p9026269_ctrypct_exclyr,backsliding_Nyr,271,6,0.1266043873117254,0.357359174473338,178,5,-0.7355320295175751,0.6586567228846992,0.2641160806321352,-4.021041090707628,13.10990288979483,0.7590581498957117,19.81010537721934
1,backsliding_Nyr,Y_trade_pct_gdp,Trade / GDP,trade,instr-antiplural_w1_trt-ert_gapany_illib0p9026269_opp0p9026269_ctrypct_exclyr,backsliding_Nyr,271,6,0.1266043873117254,0.357359174473338,241,4,8.741157317571624,4.825536495997433,0.07007316994919759,-6.759583260070656,1922.9780212086923,0.9971953106306324,20.08485580117254
1,backsliding_Nyr,Y_top10_share,Top-10% income share,top10,instr-antiplural_w1_trt-ert_gapany_illib0p9026269_opp0p9026269_ctrypct_exclyr,backsliding_Nyr,271,6,0.1266043873117254,0.357359174473338,233,5,-0.2123539403798121,0.729875085460311,0.7710929298229485,2.136343000062065,9.285792225700249,0.8180406578980126,17.706247997380416
1,backsliding_Nyr,Y_gini_disp,Disposable,gini,instr-antiplural_w1_trt-ert_gapany_illib0p9026269_opp0p9026269_ctrypct_exclyr,backsliding_Nyr,271,6,0.1266043873117254,0.357359174473338,203,5,0.01648087383627838,0.3068862057595651,0.9571713670096472,-0.665377510300809,5.536316118273707,0.9043372641445172,19.5929382040014
1,backsliding_Nyr,Y_gini_mkt,Market,gini,instr-antiplural_w1_trt-ert_gapany_illib0p9026269_opp0p9026269_ctrypct_exclyr,backsliding_Nyr,271,6,0.1266043873117254,0.357359174473338,203,5,-0.2919612342646679,0.32377968621141845,0.3672013335854852,-3.0636652983103674,6.402881830164809,0.6323070055168748,18.46232730836465
1,backsliding_Nyr,Y_debt,Debt / GDP,fiscal,instr-antiplural_w1_trt-ert_gapany_illib0p9026269_opp0p9026269_ctrypct_exclyr,backsliding_Nyr,271,6,0.1266043873117254,0.357359174473338,254,5,-9.313756150097468,4.791209152323084,0.05190437269249767,-66.65981763900797,279.08774545229215,0.8112227044366235,29.798446797671897
1,backsliding_Nyr,Y_deficit,Deficit / GDP,fiscal,instr-antiplural_w1_trt-ert_gapany_illib0p9026269_opp0p9026269_ctrypct_exclyr,backsliding_Nyr,271,6,0.1266043873117254,0.357359174473338,210,5,2.118297531487069,3.759937240005438,0.5731717913345676,5.817326246725475,55.34472167688236,0.91628791434268,19.597818961991265
1,backsliding_Nyr,Y_checks_balances,Checks & balances,institutions,instr-antiplural_w1_trt-ert_gapany_illib0p9026269_opp0p9026269_ctrypct_exclyr,backsliding_Nyr,271,6,0.1266043873117254,0.357359174473338,263,5,-0.04328985967220335,0.05182691277363042,0.4035614226177578,-0.4198913516185632,1.4923372563017805,0.7784305220648884,29.828751882307504
1,backsliding_Nyr,Y_jucon,Judicial constraints,institutions,instr-antiplural_w1_trt-ert_gapany_illib0p9026269_opp0p9026269_ctrypct_exclyr,backsliding_Nyr,271,6,0.1266043873117254,0.357359174473338,269,5,0.03328605292281376,0.03998975294316843,0.4052032024836607,0.36729908911240494,0.7581695350869581,0.6280629305635819,23.965005824284884
1,backsliding_Nyr,Y_legcon,Legislative constraints,institutions,instr-antiplural_w1_trt-ert_gapany_illib0p9026269_opp0p9026269_ctrypct_exclyr,backsliding_Nyr,271,6,0.1266043873117254,0.357359174473338,263,5,-0.11523340589261932,0.08220871688179827,0.16099959078376083,-1.485926433360511,3.573469760240992,0.6775404453565816,31.92657576736011
1,backsliding_Nyr,Y_hos_power,HOS,exec_power,instr-antiplural_w1_trt-ert_gapany_illib0p9026269_opp0p9026269_ctrypct_exclyr,backsliding_Nyr,271,6,0.1266043873117254,0.357359174473338,269,5,0.01417197854572888,0.02763972161063116,0.6081335169575841,0.07576976501042475,0.5158397307705964,0.8832218030328536,24.241860255098672
1,backsliding_Nyr,Y_hog_power,HOG,exec_power,instr-antiplural_w1_trt-ert_gapany_illib0p9026269_opp0p9026269_ctrypct_exclyr,backsliding_Nyr,271,6,0.1266043873117254,0.357359174473338,113,3,0.02661465625748898,0.06242209699440276,0.669841213688966,0.06905420965350356,1.31807118206566,0.9582176636872796,26.643939052481887
1,backsliding_Nyr,Y_hos_power_vdem,HOS (v2ex_hosw),exec_power_alt,instr-antiplural_w1_trt-ert_gapany_illib0p9026269_opp0p9026269_ctrypct_exclyr,backsliding_Nyr,271,6,0.1266043873117254,0.357359174473338,269,5,0.0178826315896015,0.01550520360668109,0.24877456110938723,0.03086416102886341,0.15154658997811712,0.8386182611811355,19.538395209345666
1,backsliding_Nyr,Y_hog_power_vdem,HOG (v2ex_hogw),exec_power_alt,instr-antiplural_w1_trt-ert_gapany_illib0p9026269_opp0p9026269_ctrypct_exclyr,backsliding_Nyr,271,6,0.1266043873117254,0.357359174473338,269,5,-0.01610734439302529,0.01473046628070416,0.27418685546645694,-0.0653479066039939,0.2211534829288625,0.7676221324975391,20.391107049431543
1,backsliding_Nyr,Y_polyarchy,Electoral (polyarchy),vdem_high,instr-antiplural_w1_trt-ert_gapany_illib0p9026269_opp0p9026269_ctrypct_exclyr,backsliding_Nyr,271,6,0.1266043873117254,0.357359174473338,269,5,-0.01324107398685882,0.03338938975412151,0.6916880315714593,-0.0544025773268581,0.7828767397875535,0.9445991116781538,23.34629455759687
1,backsliding_Nyr,Y_libdem,Liberal,vdem_high,instr-antiplural_w1_trt-ert_gapany_illib0p9026269_opp0p9026269_ctrypct_exclyr,backsliding_Nyr,271,6,0.1266043873117254,0.357359174473338,269,5,-0.00687945313400945,0.03231441550732387,0.8314118641065784,0.01354289054535315,0.5220515517853607,0.9793038611258534,22.794123800016347
1,backsliding_Nyr,Y_partipdem,Participatory,vdem_high,instr-antiplural_w1_trt-ert_gapany_illib0p9026269_opp0p9026269_ctrypct_exclyr,backsliding_Nyr,271,6,0.1266043873117254,0.357359174473338,268,5,0.00903976370735359,0.01983034156130777,0.6484941290269005,0.2850903139651619,0.3842033868059476,0.4580693567435243,15.993634486523316
1,backsliding_Nyr,Y_delibdem,Deliberative,vdem_high,instr-antiplural_w1_trt-ert_gapany_illib0p9026269_opp0p9026269_ctrypct_exclyr,backsliding_Nyr,271,6,0.1266043873117254,0.357359174473338,269,5,-0.00318841530052186,0.03733726460760403,0.9319473768098714,0.04244677889358589,0.6649063261871935,0.9490986349137044,23.932630266979512
1,backsliding_Nyr,Y_egaldem,Egalitarian,vdem_high,instr-antiplural_w1_trt-ert_gapany_illib0p9026269_opp0p9026269_ctrypct_exclyr,backsliding_Nyr,271,6,0.1266043873117254,0.357359174473338,269,5,0.01533707954125475,0.02378858459855332,0.5191058391253819,0.29630997992795816,0.38985178700608386,0.447219900495506,15.30082496626234
1,backsliding_Nyr,Y_elecoff,Elected officials,vdem_electoral,instr-antiplural_w1_trt-ert_gapany_illib0p9026269_opp0p9026269_ctrypct_exclyr,backsliding_Nyr,271,6,0.1266043873117254,0.357359174473338,269,5,-0.12155941489440834,0.09963479688532906,0.22244599361721665,-1.6225556058223347,5.609458200348984,0.7723873679424493,31.57793598657727
1,backsliding_Nyr,Y_frefair,Clean elections,vdem_electoral,instr-antiplural_w1_trt-ert_gapany_illib0p9026269_opp0p9026269_ctrypct_exclyr,backsliding_Nyr,271,6,0.1266043873117254,0.357359174473338,269,5,-0.01400480780145149,0.04838271256097582,0.7722302108121759,-0.0686917126540478,0.8964015020754263,0.9389174793972204,23.17378403251886
1,backsliding_Nyr,Y_frassoc,Association,vdem_electoral,instr-antiplural_w1_trt-ert_gapany_illib0p9026269_opp0p9026269_ctrypct_exclyr,backsliding_Nyr,271,6,0.1266043873117254,0.357359174473338,269,5,-0.02293624282070711,0.04033452735512022,0.5695934529309427,-0.07300732631438656,1.2688477797802349,0.9541164088741636,25.865586576890713
1,backsliding_Nyr,Y_suffr,Suffrage,vdem_electoral,instr-antiplural_w1_trt-ert_gapany_illib0p9026269_opp0p9026269_ctrypct_exclyr,backsliding_Nyr,271,6,0.1266043873117254,0.357359174473338,269,5,-6.509053024858895e-5,1.3299312976746246e-4,0.6245388833052616,-0.00711837010464924,0.01068153177036635,0.5051436573810737,13.741016151469603
1,backsliding_Nyr,Y_freexp,Expression & alt. info,vdem_electoral,instr-antiplural_w1_trt-ert_gapany_illib0p9026269_opp0p9026269_ctrypct_exclyr,backsliding_Nyr,271,6,0.1266043873117254,0.357359174473338,269,5,-8.382468861005063e-4,0.03649654525821869,0.9816759245222582,0.04830170525550631,0.7549573394670906,0.9489866426394992,24.241157617773236
1,backsliding_Nyr,Y_cl_rol,Rule of law,vdem_liberal,instr-antiplural_w1_trt-ert_gapany_illib0p9026269_opp0p9026269_ctrypct_exclyr,backsliding_Nyr,271,6,0.1266043873117254,0.357359174473338,269,5,-0.00959678433914895,0.03091759001513644,0.75625766969016,0.2215676520558118,0.3695766740558093,0.5488279008385856,16.345842173190174
1,backsliding_Nyr,Y_cspart,Civil society,vdem_particip,instr-antiplural_w1_trt-ert_gapany_illib0p9026269_opp0p9026269_ctrypct_exclyr,backsliding_Nyr,271,6,0.1266043873117254,0.357359174473338,269,5,0.03113839574925196,0.03497718907442517,0.3733323809741563,0.3257024958941906,0.8219610865959287,0.6919202361824452,24.93727583528405
1,backsliding_Nyr,Y_dd,Direct democracy,vdem_particip,instr-antiplural_w1_trt-ert_gapany_illib0p9026269_opp0p9026269_ctrypct_exclyr,backsliding_Nyr,271,6,0.1266043873117254,0.357359174473338,269,5,0.0198657599873036,0.01796398495203437,0.268784527658716,0.186844529038496,0.3939904225500334,0.6353314668555712,19.586961799105804
1,backsliding_Nyr,Y_locelec,Local elections,vdem_particip,instr-antiplural_w1_trt-ert_gapany_illib0p9026269_opp0p9026269_ctrypct_exclyr,backsliding_Nyr,271,6,0.1266043873117254,0.357359174473338,264,5,-0.00194972853183508,0.03433081129976931,0.954710582843215,-0.03273731855975376,0.7478352063458868,0.9650828678257136,27.519226202873316
1,backsliding_Nyr,Y_regelec,Regional elections,vdem_particip,instr-antiplural_w1_trt-ert_gapany_illib0p9026269_opp0p9026269_ctrypct_exclyr,backsliding_Nyr,271,6,0.1266043873117254,0.357359174473338,268,5,-0.00910427028180963,0.02532473080094298,0.719220204798612,-0.14980986082293127,0.3003674273522916,0.617951747456102,15.891074012321385
1,backsliding_Nyr,Y_delib,Deliberation,vdem_egal_delib,instr-antiplural_w1_trt-ert_gapany_illib0p9026269_opp0p9026269_ctrypct_exclyr,backsliding_Nyr,271,6,0.1266043873117254,0.357359174473338,269,5,-0.02583412720721196,0.04716240001198268,0.5838501409132313,-0.08903785917421192,1.4846021630278343,0.952176165872894,28.25007241142884
1,backsliding_Nyr,Y_eqprotec,Equal protection,vdem_egal_delib,instr-antiplural_w1_trt-ert_gapany_illib0p9026269_opp0p9026269_ctrypct_exclyr,backsliding_Nyr,271,6,0.1266043873117254,0.357359174473338,269,5,0.04851681183374623,0.02452637833711135,0.04791198728616603,0.4040268508973238,0.6479304092042433,0.5329131752101024,24.15963410482285
1,backsliding_Nyr,Y_eqaccess,Equal access,vdem_egal_delib,instr-antiplural_w1_trt-ert_gapany_illib0p9026269_opp0p9026269_ctrypct_exclyr,backsliding_Nyr,271,6,0.1266043873117254,0.357359174473338,269,5,0.00177468897043644,0.02500350916631521,0.9434155863686868,0.2291030487500305,0.3570287244187921,0.5210721431939997,16.341756614457697
1,backsliding_Nyr,Y_eqdr,Equal distribution,vdem_egal_delib,instr-antiplural_w1_trt-ert_gapany_illib0p9026269_opp0p9026269_ctrypct_exclyr,backsliding_Nyr,271,6,0.1266043873117254,0.357359174473338,269,5,0.00278260564599012,0.02120373569843687,0.895591894327553,0.05801144732859002,0.3088842464680199,0.8510258578096721,23.23412748721548
1,backsliding_union_Nyr,Y_gdp_growth,PWT,growth,instr-antiplural_w1_trt-ertOrDdcg_gapany_illib0p9026269_opp0p9026269_ctrypct_exclyr,backsliding_union_Nyr,271,6,0.1266043873117254,0.357359174473338,263,5,-0.06427984300246795,0.05051331083869183,0.2031838909773032,-0.7662893266070534,1.200312900982784,0.5232081419323187,20.59673436211277
1,backsliding_union_Nyr,Y_gdp_growth_wb,World Bank,growth,instr-antiplural_w1_trt-ertOrDdcg_gapany_illib0p9026269_opp0p9026269_ctrypct_exclyr,backsliding_union_Nyr,271,6,0.1266043873117254,0.357359174473338,264,5,0.02762798704101894,0.03300851292686412,0.4025949227828923,0.4133082467266147,1.1093756943381754,0.7094764594386991,29.43380219411707
1,backsliding_union_Nyr,Y_gdp_growth_imf,IMF WEO,growth,instr-antiplural_w1_trt-ertOrDdcg_gapany_illib0p9026269_opp0p9026269_ctrypct_exclyr,backsliding_union_Nyr,271,6,0.1266043873117254,0.357359174473338,179,3,-0.00361628488319134,0.03767316571947712,0.9235277198265326,-0.02814752529951067,0.4887296941067462,0.9540726365023768,24.082707116448056
1,backsliding_union_Nyr,Y_inflation,"CPI, cumulative log",inflation,instr-antiplural_w1_trt-ertOrDdcg_gapany_illib0p9026269_opp0p9026269_ctrypct_exclyr,backsliding_union_Nyr,271,6,0.1266043873117254,0.357359174473338,235,5,-0.15531593182466483,0.17324102987057513,0.369969298865362,0.6435082868067176,2.2649424338766324,0.7763208421657737,20.89313786846124
1,backsliding_union_Nyr,Y_unemployment,Unemployment rate,unemployment,instr-antiplural_w1_trt-ertOrDdcg_gapany_illib0p9026269_opp0p9026269_ctrypct_exclyr,backsliding_union_Nyr,271,6,0.1266043873117254,0.357359174473338,178,5,-0.7355320295175751,0.6586567228846992,0.2641160806321352,-4.021041090707628,13.10990288979483,0.7590581498957117,19.81010537721934
1,backsliding_union_Nyr,Y_trade_pct_gdp,Trade / GDP,trade,instr-antiplural_w1_trt-ertOrDdcg_gapany_illib0p9026269_opp0p9026269_ctrypct_exclyr,backsliding_union_Nyr,271,6,0.1266043873117254,0.357359174473338,241,4,8.741157317571624,4.825536495997433,0.07007316994919759,-6.759583260070656,1922.9780212086923,0.9971953106306324,20.08485580117254
1,backsliding_union_Nyr,Y_top10_share,Top-10% income share,top10,instr-antiplural_w1_trt-ertOrDdcg_gapany_illib0p9026269_opp0p9026269_ctrypct_exclyr,backsliding_union_Nyr,271,6,0.1266043873117254,0.357359174473338,233,5,-0.2123539403798121,0.729875085460311,0.7710929298229485,2.136343000062065,9.285792225700249,0.8180406578980126,17.706247997380416
1,backsliding_union_Nyr,Y_gini_disp,Disposable,gini,instr-antiplural_w1_trt-ertOrDdcg_gapany_illib0p9026269_opp0p9026269_ctrypct_exclyr,backsliding_union_Nyr,271,6,0.1266043873117254,0.357359174473338,203,5,0.01648087383627838,0.3068862057595651,0.9571713670096472,-0.665377510300809,5.536316118273707,0.9043372641445172,19.5929382040014
1,backsliding_union_Nyr,Y_gini_mkt,Market,gini,instr-antiplural_w1_trt-ertOrDdcg_gapany_illib0p9026269_opp0p9026269_ctrypct_exclyr,backsliding_union_Nyr,271,6,0.1266043873117254,0.357359174473338,203,5,-0.2919612342646679,0.32377968621141845,0.3672013335854852,-3.0636652983103674,6.402881830164809,0.6323070055168748,18.46232730836465
1,backsliding_union_Nyr,Y_debt,Debt / GDP,fiscal,instr-antiplural_w1_trt-ertOrDdcg_gapany_illib0p9026269_opp0p9026269_ctrypct_exclyr,backsliding_union_Nyr,271,6,0.1266043873117254,0.357359174473338,254,5,-9.313756150097468,4.791209152323084,0.05190437269249767,-66.65981763900797,279.08774545229215,0.8112227044366235,29.798446797671897
1,backsliding_union_Nyr,Y_deficit,Deficit / GDP,fiscal,instr-antiplural_w1_trt-ertOrDdcg_gapany_illib0p9026269_opp0p9026269_ctrypct_exclyr,backsliding_union_Nyr,271,6,0.1266043873117254,0.357359174473338,210,5,2.118297531487069,3.759937240005438,0.5731717913345676,5.817326246725475,55.34472167688236,0.91628791434268,19.597818961991265
1,backsliding_union_Nyr,Y_checks_balances,Checks & balances,institutions,instr-antiplural_w1_trt-ertOrDdcg_gapany_illib0p9026269_opp0p9026269_ctrypct_exclyr,backsliding_union_Nyr,271,6,0.1266043873117254,0.357359174473338,263,5,-0.04328985967220335,0.05182691277363042,0.4035614226177578,-0.4198913516185632,1.4923372563017805,0.7784305220648884,29.828751882307504
1,backsliding_union_Nyr,Y_jucon,Judicial constraints,institutions,instr-antiplural_w1_trt-ertOrDdcg_gapany_illib0p9026269_opp0p9026269_ctrypct_exclyr,backsliding_union_Nyr,271,6,0.1266043873117254,0.357359174473338,269,5,0.03328605292281376,0.03998975294316843,0.4052032024836607,0.36729908911240494,0.7581695350869581,0.6280629305635819,23.965005824284884
1,backsliding_union_Nyr,Y_legcon,Legislative constraints,institutions,instr-antiplural_w1_trt-ertOrDdcg_gapany_illib0p9026269_opp0p9026269_ctrypct_exclyr,backsliding_union_Nyr,271,6,0.1266043873117254,0.357359174473338,263,5,-0.11523340589261932,0.08220871688179827,0.16099959078376083,-1.485926433360511,3.573469760240992,0.6775404453565816,31.92657576736011
1,backsliding_union_Nyr,Y_hos_power,HOS,exec_power,instr-antiplural_w1_trt-ertOrDdcg_gapany_illib0p9026269_opp0p9026269_ctrypct_exclyr,backsliding_union_Nyr,271,6,0.1266043873117254,0.357359174473338,269,5,0.01417197854572888,0.02763972161063116,0.6081335169575841,0.07576976501042475,0.5158397307705964,0.8832218030328536,24.241860255098672
1,backsliding_union_Nyr,Y_hog_power,HOG,exec_power,instr-antiplural_w1_trt-ertOrDdcg_gapany_illib0p9026269_opp0p9026269_ctrypct_exclyr,backsliding_union_Nyr,271,6,0.1266043873117254,0.357359174473338,113,3,0.02661465625748898,0.06242209699440276,0.669841213688966,0.06905420965350356,1.31807118206566,0.9582176636872796,26.643939052481887
1,backsliding_union_Nyr,Y_hos_power_vdem,HOS (v2ex_hosw),exec_power_alt,instr-antiplural_w1_trt-ertOrDdcg_gapany_illib0p9026269_opp0p9026269_ctrypct_exclyr,backsliding_union_Nyr,271,6,0.1266043873117254,0.357359174473338,269,5,0.0178826315896015,0.01550520360668109,0.24877456110938723,0.03086416102886341,0.15154658997811712,0.8386182611811355,19.538395209345666
1,backsliding_union_Nyr,Y_hog_power_vdem,HOG (v2ex_hogw),exec_power_alt,instr-antiplural_w1_trt-ertOrDdcg_gapany_illib0p9026269_opp0p9026269_ctrypct_exclyr,backsliding_union_Nyr,271,6,0.1266043873117254,0.357359174473338,269,5,-0.01610734439302529,0.01473046628070416,0.27418685546645694,-0.0653479066039939,0.2211534829288625,0.7676221324975391,20.391107049431543
1,backsliding_union_Nyr,Y_polyarchy,Electoral (polyarchy),vdem_high,instr-antiplural_w1_trt-ertOrDdcg_gapany_illib0p9026269_opp0p9026269_ctrypct_exclyr,backsliding_union_Nyr,271,6,0.1266043873117254,0.357359174473338,269,5,-0.01324107398685882,0.03338938975412151,0.6916880315714593,-0.0544025773268581,0.7828767397875535,0.9445991116781538,23.34629455759687
1,backsliding_union_Nyr,Y_libdem,Liberal,vdem_high,instr-antiplural_w1_trt-ertOrDdcg_gapany_illib0p9026269_opp0p9026269_ctrypct_exclyr,backsliding_union_Nyr,271,6,0.1266043873117254,0.357359174473338,269,5,-0.00687945313400945,0.03231441550732387,0.8314118641065784,0.01354289054535315,0.5220515517853607,0.9793038611258534,22.794123800016347
1,backsliding_union_Nyr,Y_partipdem,Participatory,vdem_high,instr-antiplural_w1_trt-ertOrDdcg_gapany_illib0p9026269_opp0p9026269_ctrypct_exclyr,backsliding_union_Nyr,271,6,0.1266043873117254,0.357359174473338,268,5,0.00903976370735359,0.01983034156130777,0.6484941290269005,0.2850903139651619,0.3842033868059476,0.4580693567435243,15.993634486523316
1,backsliding_union_Nyr,Y_delibdem,Deliberative,vdem_high,instr-antiplural_w1_trt-ertOrDdcg_gapany_illib0p9026269_opp0p9026269_ctrypct_exclyr,backsliding_union_Nyr,271,6,0.1266043873117254,0.357359174473338,269,5,-0.00318841530052186,0.03733726460760403,0.9319473768098714,0.04244677889358589,0.6649063261871935,0.9490986349137044,23.932630266979512
1,backsliding_union_Nyr,Y_egaldem,Egalitarian,vdem_high,instr-antiplural_w1_trt-ertOrDdcg_gapany_illib0p9026269_opp0p9026269_ctrypct_exclyr,backsliding_union_Nyr,271,6,0.1266043873117254,0.357359174473338,269,5,0.01533707954125475,0.02378858459855332,0.5191058391253819,0.29630997992795816,0.38985178700608386,0.447219900495506,15.30082496626234
1,backsliding_union_Nyr,Y_elecoff,Elected officials,vdem_electoral,instr-antiplural_w1_trt-ertOrDdcg_gapany_illib0p9026269_opp0p9026269_ctrypct_exclyr,backsliding_union_Nyr,271,6,0.1266043873117254,0.357359174473338,269,5,-0.12155941489440834,0.09963479688532906,0.22244599361721665,-1.6225556058223347,5.609458200348984,0.7723873679424493,31.57793598657727
1,backsliding_union_Nyr,Y_frefair,Clean elections,vdem_electoral,instr-antiplural_w1_trt-ertOrDdcg_gapany_illib0p9026269_opp0p9026269_ctrypct_exclyr,backsliding_union_Nyr,271,6,0.1266043873117254,0.357359174473338,269,5,-0.01400480780145149,0.04838271256097582,0.7722302108121759,-0.0686917126540478,0.8964015020754263,0.9389174793972204,23.17378403251886
1,backsliding_union_Nyr,Y_frassoc,Association,vdem_electoral,instr-antiplural_w1_trt-ertOrDdcg_gapany_illib0p9026269_opp0p9026269_ctrypct_exclyr,backsliding_union_Nyr,271,6,0.1266043873117254,0.357359174473338,269,5,-0.02293624282070711,0.04033452735512022,0.5695934529309427,-0.07300732631438656,1.2688477797802349,0.9541164088741636,25.865586576890713
1,backsliding_union_Nyr,Y_suffr,Suffrage,vdem_electoral,instr-antiplural_w1_trt-ertOrDdcg_gapany_illib0p9026269_opp0p9026269_ctrypct_exclyr,backsliding_union_Nyr,271,6,0.1266043873117254,0.357359174473338,269,5,-6.509053024858895e-5,1.3299312976746246e-4,0.6245388833052616,-0.00711837010464924,0.01068153177036635,0.5051436573810737,13.741016151469603
1,backsliding_union_Nyr,Y_freexp,Expression & alt. info,vdem_electoral,instr-antiplural_w1_trt-ertOrDdcg_gapany_illib0p9026269_opp0p9026269_ctrypct_exclyr,backsliding_union_Nyr,271,6,0.1266043873117254,0.357359174473338,269,5,-8.382468861005063e-4,0.03649654525821869,0.9816759245222582,0.04830170525550631,0.7549573394670906,0.9489866426394992,24.241157617773236
1,backsliding_union_Nyr,Y_cl_rol,Rule of law,vdem_liberal,instr-antiplural_w1_trt-ertOrDdcg_gapany_illib0p9026269_opp0p9026269_ctrypct_exclyr,backsliding_union_Nyr,271,6,0.1266043873117254,0.357359174473338,269,5,-0.00959678433914895,0.03091759001513644,0.75625766969016,0.2215676520558118,0.3695766740558093,0.5488279008385856,16.345842173190174
1,backsliding_union_Nyr,Y_cspart,Civil society,vdem_particip,instr-antiplural_w1_trt-ertOrDdcg_gapany_illib0p9026269_opp0p9026269_ctrypct_exclyr,backsliding_union_Nyr,271,6,0.1266043873117254,0.357359174473338,269,5,0.03113839574925196,0.03497718907442517,0.3733323809741563,0.3257024958941906,0.8219610865959287,0.6919202361824452,24.93727583528405
1,backsliding_union_Nyr,Y_dd,Direct democracy,vdem_particip,instr-antiplural_w1_trt-ertOrDdcg_gapany_illib0p9026269_opp0p9026269_ctrypct_exclyr,backsliding_union_Nyr,271,6,0.1266043873117254,0.357359174473338,269,5,0.0198657599873036,0.01796398495203437,0.268784527658716,0.186844529038496,0.3939904225500334,0.6353314668555712,19.586961799105804
1,backsliding_union_Nyr,Y_locelec,Local elections,vdem_particip,instr-antiplural_w1_trt-ertOrDdcg_gapany_illib0p9026269_opp0p9026269_ctrypct_exclyr,backsliding_union_Nyr,271,6,0.1266043873117254,0.357359174473338,264,5,-0.00194972853183508,0.03433081129976931,0.954710582843215,-0.03273731855975376,0.7478352063458868,0.9650828678257136,27.519226202873316
1,backsliding_union_Nyr,Y_regelec,Regional elections,vdem_particip,instr-antiplural_w1_trt-ertOrDdcg_gapany_illib0p9026269_opp0p9026269_ctrypct_exclyr,backsliding_union_Nyr,271,6,0.1266043873117254,0.357359174473338,268,5,-0.00910427028180963,0.02532473080094298,0.719220204798612,-0.14980986082293127,0.3003674273522916,0.617951747456102,15.891074012321385
1,backsliding_union_Nyr,Y_delib,Deliberation,vdem_egal_delib,instr-antiplural_w1_trt-ertOrDdcg_gapany_illib0p9026269_opp0p9026269_ctrypct_exclyr,backsliding_union_Nyr,271,6,0.1266043873117254,0.357359174473338,269,5,-0.02583412720721196,0.04716240001198268,0.5838501409132313,-0.08903785917421192,1.4846021630278343,0.952176165872894,28.25007241142884
1,backsliding_union_Nyr,Y_eqprotec,Equal protection,vdem_egal_delib,instr-antiplural_w1_trt-ertOrDdcg_gapany_illib0p9026269_opp0p9026269_ctrypct_exclyr,backsliding_union_Nyr,271,6,0.1266043873117254,0.357359174473338,269,5,0.04851681183374623,0.02452637833711135,0.04791198728616603,0.4040268508973238,0.6479304092042433,0.5329131752101024,24.15963410482285
1,backsliding_union_Nyr,Y_eqaccess,Equal access,vdem_egal_delib,instr-antiplural_w1_trt-ertOrDdcg_gapany_illib0p9026269_opp0p9026269_ctrypct_exclyr,backsliding_union_Nyr,271,6,0.1266043873117254,0.357359174473338,269,5,0.00177468897043644,0.02500350916631521,0.9434155863686868,0.2291030487500305,0.3570287244187921,0.5210721431939997,16.341756614457697
1,backsliding_union_Nyr,Y_eqdr,Equal distribution,vdem_egal_delib,instr-antiplural_w1_trt-ertOrDdcg_gapany_illib0p9026269_opp0p9026269_ctrypct_exclyr,backsliding_union_Nyr,271,6,0.1266043873117254,0.357359174473338,269,5,0.00278260564599012,0.02120373569843687,0.895591894327553,0.05801144732859002,0.3088842464680199,0.8510258578096721,23.23412748721548
1,polyarchy_decline,Y_gdp_growth,PWT,growth,instr-antiplural_w1_trt-polyarchy_gapany_illib0p9026269_opp0p9026269_ctrypct_exclyr,polyarchy_decline,269,123,0.01324107398685882,0.6916880315714593,263,120,-0.06427984300246795,0.05051331083869183,0.2031838909773032,-1.0129964163603231,1.136712986492901,0.3728417963643963,29.03985729142236
1,polyarchy_decline,Y_gdp_growth_wb,World Bank,growth,instr-antiplural_w1_trt-polyarchy_gapany_illib0p9026269_opp0p9026269_ctrypct_exclyr,polyarchy_decline,269,123,0.01324107398685882,0.6916880315714593,264,122,0.02762798704101894,0.03300851292686412,0.4025949227828923,1.072385516301328,1.373952258198566,0.4350898704723022,28.023812338029348
1,polyarchy_decline,Y_gdp_growth_imf,IMF WEO,growth,instr-antiplural_w1_trt-polyarchy_gapany_illib0p9026269_opp0p9026269_ctrypct_exclyr,polyarchy_decline,269,123,0.01324107398685882,0.6916880315714593,179,82,-0.00361628488319134,0.03767316571947712,0.9235277198265326,-0.811241466208233,2.3214875895799967,0.7267522686889173,24.27858417100803
1,polyarchy_decline,Y_inflation,"CPI, cumulative log",inflation,instr-antiplural_w1_trt-polyarchy_gapany_illib0p9026269_opp0p9026269_ctrypct_exclyr,polyarchy_decline,269,123,0.01324107398685882,0.6916880315714593,235,111,-0.15531593182466483,0.17324102987057513,0.369969298865362,-3440.8830273145736,143586.40498459537,0.9808814441847578,20.251608887628375
1,polyarchy_decline,Y_unemployment,Unemployment rate,unemployment,instr-antiplural_w1_trt-polyarchy_gapany_illib0p9026269_opp0p9026269_ctrypct_exclyr,polyarchy_decline,269,123,0.01324107398685882,0.6916880315714593,178,100,-0.7355320295175751,0.6586567228846992,0.2641160806321352,-39.786218780626555,146.15707192477828,0.7854563330138233,24.759644511429855
1,polyarchy_decline,Y_trade_pct_gdp,Trade / GDP,trade,instr-antiplural_w1_trt-polyarchy_gapany_illib0p9026269_opp0p9026269_ctrypct_exclyr,polyarchy_decline,269,123,0.01324107398685882,0.6916880315714593,241,114,8.741157317571624,4.825536495997433,0.07007316994919759,952.1343875828578,4583.538418920618,0.8354404816384771,15.980457260729697
1,polyarchy_decline,Y_top10_share,Top-10% income share,top10,instr-antiplural_w1_trt-polyarchy_gapany_illib0p9026269_opp0p9026269_ctrypct_exclyr,polyarchy_decline,269,123,0.01324107398685882,0.6916880315714593,233,109,-0.2123539403798121,0.729875085460311,0.7710929298229485,-23.026369714141055,85.94073591735399,0.7887507975276484,21.43308617731621
1,polyarchy_decline,Y_gini_disp,Disposable,gini,instr-antiplural_w1_trt-polyarchy_gapany_illib0p9026269_opp0p9026269_ctrypct_exclyr,polyarchy_decline,269,123,0.01324107398685882,0.6916880315714593,203,100,0.01648087383627838,0.3068862057595651,0.9571713670096472,52.31481824707318,187.2031341730037,0.7798958054089583,20.98700085737099
1,polyarchy_decline,Y_gini_mkt,Market,gini,instr-antiplural_w1_trt-polyarchy_gapany_illib0p9026269_opp0p9026269_ctrypct_exclyr,polyarchy_decline,269,123,0.01324107398685882,0.6916880315714593,203,100,-0.2919612342646679,0.32377968621141845,0.3672013335854852,-5.718222576883829,10.224112568210275,0.5759652433023077,29.877146500571456
1,polyarchy_decline,Y_debt,Debt / GDP,fiscal,instr-antiplural_w1_trt-polyarchy_gapany_illib0p9026269_opp0p9026269_ctrypct_exclyr,polyarchy_decline,269,123,0.01324107398685882,0.6916880315714593,254,122,-9.313756150097468,4.791209152323084,0.05190437269249767,-747.3861867938399,1118.2940991543812,0.5039248556307032,22.3154947660948
1,polyarchy_decline,Y_deficit,Deficit / GDP,fiscal,instr-antiplural_w1_trt-polyarchy_gapany_illib0p9026269_opp0p9026269_ctrypct_exclyr,polyarchy_decline,269,123,0.01324107398685882,0.6916880315714593,210,106,2.118297531487069,3.759937240005438,0.5731717913345676,118.2202530641104,189.24591089178352,0.5321737571725903,27.903231946041203
1,polyarchy_decline,Y_checks_balances,Checks & balances,institutions,instr-antiplural_w1_trt-polyarchy_gapany_illib0p9026269_opp0p9026269_ctrypct_exclyr,polyarchy_decline,269,123,0.01324107398685882,0.6916880315714593,263,123,-0.04328985967220335,0.05182691277363042,0.4035614226177578,-1.8166008357734515,2.6950554757836898,0.5002798345346932,26.640908764646827
1,polyarchy_decline,Y_jucon,Judicial constraints,institutions,instr-antiplural_w1_trt-polyarchy_gapany_illib0p9026269_opp0p9026269_ctrypct_exclyr,polyarchy_decline,269,123,0.01324107398685882,0.6916880315714593,269,123,0.03328605292281376,0.03998975294316843,0.4052032024836607,0.908138829684802,1.4026972986356208,0.5173580590083557,29.06165471244647
1,polyarchy_decline,Y_legcon,Legislative constraints,institutions,instr-antiplural_w1_trt-polyarchy_gapany_illib0p9026269_opp0p9026269_ctrypct_exclyr,polyarchy_decline,269,123,0.01324107398685882,0.6916880315714593,263,123,-0.11523340589261932,0.08220871688179827,0.16099959078376083,-7.065935917145535,18.477399532696577,0.7021575325069898,22.10513936323292
1,polyarchy_decline,Y_hos_power,HOS,exec_power,instr-antiplural_w1_trt-polyarchy_gapany_illib0p9026269_opp0p9026269_ctrypct_exclyr,polyarchy_decline,269,123,0.01324107398685882,0.6916880315714593,269,123,0.01417197854572888,0.02763972161063116,0.6081335169575841,0.6043169706777696,0.6714402153447531,0.36810378358037704,30.91763030968089
1,polyarchy_decline,Y_hog_power,HOG,exec_power,instr-antiplural_w1_trt-polyarchy_gapany_illib0p9026269_opp0p9026269_ctrypct_exclyr,polyarchy_decline,269,123,0.01324107398685882,0.6916880315714593,113,49,0.02661465625748898,0.06242209699440276,0.669841213688966,0.27541896859438675,1.2956306626629273,0.831658304005124,22.16635826812267
1,polyarchy_decline,Y_hos_power_vdem,HOS (v2ex_hosw),exec_power_alt,instr-antiplural_w1_trt-polyarchy_gapany_illib0p9026269_opp0p9026269_ctrypct_exclyr,polyarchy_decline,269,123,0.01324107398685882,0.6916880315714593,269,123,0.0178826315896015,0.01550520360668109,0.24877456110938723,1.4428956627621037,1.8792469718229257,0.4426029039481754,22.262413973929885
1,polyarchy_decline,Y_hog_power_vdem,HOG (v2ex_hogw),exec_power_alt,instr-antiplural_w1_trt-polyarchy_gapany_illib0p9026269_opp0p9026269_ctrypct_exclyr,polyarchy_decline,269,123,0.01324107398685882,0.6916880315714593,269,123,-0.01610734439302529,0.01473046628070416,0.27418685546645694,-1.4760289269537783,2.194412891090585,0.5011824256838853,21.96682386639316
1,polyarchy_decline,Y_polyarchy,Electoral (polyarchy),vdem_high,instr-antiplural_w1_trt-polyarchy_gapany_illib0p9026269_opp0p9026269_ctrypct_exclyr,polyarchy_decline,269,123,0.01324107398685882,0.6916880315714593,269,123,-0.01324107398685882,0.03338938975412151,0.6916880315714593,-1,5.108215577703016e-16,0,21.206635919190553
1,polyarchy_decline,Y_libdem,Liberal,vdem_high,instr-antiplural_w1_trt-polyarchy_gapany_illib0p9026269_opp0p9026269_ctrypct_exclyr,polyarchy_decline,269,123,0.01324107398685882,0.6916880315714593,269,123,-0.00687945313400945,0.03231441550732387,0.8314118641065784,-0.5375245214300604,0.5423853104539794,0.3216669640066293,25.78718013066911
1,polyarchy_decline,Y_partipdem,Participatory,vdem_high,instr-antiplural_w1_trt-polyarchy_gapany_illib0p9026269_opp0p9026269_ctrypct_exclyr,polyarchy_decline,269,123,0.01324107398685882,0.6916880315714593,268,123,0.00903976370735359,0.01983034156130777,0.6484941290269005,0.9742843579429444,2.6416568133508,0.7122651435014531,21.84668178920297
1,polyarchy_decline,Y_delibdem,Deliberative,vdem_high,instr-antiplural_w1_trt-polyarchy_gapany_illib0p9026269_opp0p9026269_ctrypct_exclyr,polyarchy_decline,269,123,0.01324107398685882,0.6916880315714593,269,123,-0.00318841530052186,0.03733726460760403,0.9319473768098714,-0.41465941655359495,0.8471859903776358,0.6245196077761025,24.871323190963537
1,polyarchy_decline,Y_egaldem,Egalitarian,vdem_high,instr-antiplural_w1_trt-polyarchy_gapany_illib0p9026269_opp0p9026269_ctrypct_exclyr,polyarchy_decline,269,123,0.01324107398685882,0.6916880315714593,269,123,0.01533707954125475,0.02378858459855332,0.5191058391253819,0.09326184902193324,6.608606635987719,0.988740482871922,18.435211523406924
1,polyarchy_decline,Y_elecoff,Elected officials,vdem_electoral,instr-antiplural_w1_trt-polyarchy_gapany_illib0p9026269_opp0p9026269_ctrypct_exclyr,polyarchy_decline,269,123,0.01324107398685882,0.6916880315714593,269,123,-0.12155941489440834,0.09963479688532906,0.22244599361721665,-12.471069758237396,90.61954264164112,0.8905406758260686,19.08830076438599
1,polyarchy_decline,Y_frefair,Clean elections,vdem_electoral,instr-antiplural_w1_trt-polyarchy_gapany_illib0p9026269_opp0p9026269_ctrypct_exclyr,polyarchy_decline,269,123,0.01324107398685882,0.6916880315714593,269,123,-0.01400480780145149,0.04838271256097582,0.7722302108121759,-0.787058898097371,0.9935827792026866,0.4282777372575749,25.05326110428431
1,polyarchy_decline,Y_frassoc,Association,vdem_electoral,instr-antiplural_w1_trt-polyarchy_gapany_illib0p9026269_opp0p9026269_ctrypct_exclyr,polyarchy_decline,269,123,0.01324107398685882,0.6916880315714593,269,123,-0.02293624282070711,0.04033452735512022,0.5695934529309427,-1.1744930091593668,0.8682413259262821,0.17614303627049122,26.116255151532147
1,polyarchy_decline,Y_suffr,Suffrage,vdem_electoral,instr-antiplural_w1_trt-polyarchy_gapany_illib0p9026269_opp0p9026269_ctrypct_exclyr,polyarchy_decline,269,123,0.01324107398685882,0.6916880315714593,269,123,-6.509053024858895e-5,1.3299312976746246e-4,0.6245388833052616,0.00664835061100644,0.00857010528765659,0.4378903107244297,28.478802887350216
1,polyarchy_decline,Y_freexp,Expression & alt. info,vdem_electoral,instr-antiplural_w1_trt-polyarchy_gapany_illib0p9026269_opp0p9026269_ctrypct_exclyr,polyarchy_decline,269,123,0.01324107398685882,0.6916880315714593,269,123,-8.382468861005063e-4,0.03649654525821869,0.9816759245222582,-0.6252681351782561,0.6625531517179838,0.34531007018134613,28.43060929671099
1,polyarchy_decline,Y_cl_rol,Rule of law,vdem_liberal,instr-antiplural_w1_trt-polyarchy_gapany_illib0p9026269_opp0p9026269_ctrypct_exclyr,polyarchy_decline,269,123,0.01324107398685882,0.6916880315714593,269,123,-0.00959678433914895,0.03091759001513644,0.75625766969016,-2.505059486642923,12.799747733546193,0.8448358813856003,20.36490722481325
1,polyarchy_decline,Y_cspart,Civil society,vdem_particip,instr-antiplural_w1_trt-polyarchy_gapany_illib0p9026269_opp0p9026269_ctrypct_exclyr,polyarchy_decline,269,123,0.01324107398685882,0.6916880315714593,269,123,0.03113839574925196,0.03497718907442517,0.3733323809741563,18.690214706663095,54.98470523825036,0.73391932631322,20.719069944736695
1,polyarchy_decline,Y_dd,Direct democracy,vdem_particip,instr-antiplural_w1_trt-polyarchy_gapany_illib0p9026269_opp0p9026269_ctrypct_exclyr,polyarchy_decline,269,123,0.01324107398685882,0.6916880315714593,269,123,0.0198657599873036,0.01796398495203437,0.268784527658716,0.9319330470099728,1.2866450452988458,0.4688739248184039,22.75154241633782
1,polyarchy_decline,Y_locelec,Local elections,vdem_particip,instr-antiplural_w1_trt-polyarchy_gapany_illib0p9026269_opp0p9026269_ctrypct_exclyr,polyarchy_decline,269,123,0.01324107398685882,0.6916880315714593,264,121,-0.00194972853183508,0.03433081129976931,0.954710582843215,-0.17900745684543487,1.975322915451742,0.927793053527356,22.285385987470026
1,polyarchy_decline,Y_regelec,Regional elections,vdem_particip,instr-antiplural_w1_trt-polyarchy_gapany_illib0p9026269_opp0p9026269_ctrypct_exclyr,polyarchy_decline,269,123,0.01324107398685882,0.6916880315714593,268,123,-0.00910427028180963,0.02532473080094298,0.719220204798612,0.11698482843621053,1.1566388689113882,0.919437696642716,24.227121425029296
1,polyarchy_decline,Y_delib,Deliberation,vdem_egal_delib,instr-antiplural_w1_trt-polyarchy_gapany_illib0p9026269_opp0p9026269_ctrypct_exclyr,polyarchy_decline,269,123,0.01324107398685882,0.6916880315714593,269,123,-0.02583412720721196,0.04716240001198268,0.5838501409132313,-2.215526917385283,4.479724828401502,0.6209053522922928,21.260783695954785
1,polyarchy_decline,Y_eqprotec,Equal protection,vdem_egal_delib,instr-antiplural_w1_trt-polyarchy_gapany_illib0p9026269_opp0p9026269_ctrypct_exclyr,polyarchy_decline,269,123,0.01324107398685882,0.6916880315714593,269,123,0.04851681183374623,0.02452637833711135,0.04791198728616603,13.32554580633591,29.671946739042497,0.6533625708178861,20.86494221582455
1,polyarchy_decline,Y_eqaccess,Equal access,vdem_egal_delib,instr-antiplural_w1_trt-polyarchy_gapany_illib0p9026269_opp0p9026269_ctrypct_exclyr,polyarchy_decline,269,123,0.01324107398685882,0.6916880315714593,269,123,0.00177468897043644,0.02500350916631521,0.9434155863686868,-0.3694056234932643,0.6113349464209111,0.5456703947158241,26.995911786499775
1,polyarchy_decline,Y_eqdr,Equal distribution,vdem_egal_delib,instr-antiplural_w1_trt-polyarchy_gapany_illib0p9026269_opp0p9026269_ctrypct_exclyr,polyarchy_decline,269,123,0.01324107398685882,0.6916880315714593,269,123,0.00278260564599012,0.02120373569843687,0.895591894327553,0.119794483593548,0.9121141585223032,0.8955085965858038,23.28928156016578
2,backsliding_Nyr,Y_gdp_growth,PWT,growth,instr-antiplural_w2_trt-ert_gapany_illib0p9026269_opp0p9026269_ctrypct_exclyr,backsliding_Nyr,271,10,0.2566608664345047,0.12952417173046957,259,8,-0.14153828443926322,0.07207200227336162,0.04954800028722662,-0.7271599360908472,0.9455469182063349,0.44187174098860377,20.33177482734202
2,backsliding_Nyr,Y_gdp_growth_wb,World Bank,growth,instr-antiplural_w2_trt-ert_gapany_illib0p9026269_opp0p9026269_ctrypct_exclyr,backsliding_Nyr,271,10,0.2566608664345047,0.12952417173046957,261,9,-0.00806972369337896,0.04192843455672034,0.8473785877453732,-0.20905449955117555,0.2711992875421598,0.4407946908633631,21.605787189532307
2,backsliding_Nyr,Y_gdp_growth_imf,IMF WEO,growth,instr-antiplural_w2_trt-ert_gapany_illib0p9026269_opp0p9026269_ctrypct_exclyr,backsliding_Nyr,271,10,0.2566608664345047,0.12952417173046957,176,6,-0.05712729155387083,0.05189829577463988,0.2710034443974571,NA,NA,NA,NA
2,backsliding_Nyr,Y_inflation,"CPI, cumulative log",inflation,instr-antiplural_w2_trt-ert_gapany_illib0p9026269_opp0p9026269_ctrypct_exclyr,backsliding_Nyr,271,10,0.2566608664345047,0.12952417173046957,230,9,0.01315456248931341,0.15684744255096508,0.9331609706956756,0.22544368804734585,1.028193127381022,0.8264459562976915,20.14739122837227
2,backsliding_Nyr,Y_unemployment,Unemployment rate,unemployment,instr-antiplural_w2_trt-ert_gapany_illib0p9026269_opp0p9026269_ctrypct_exclyr,backsliding_Nyr,271,10,0.2566608664345047,0.12952417173046957,178,8,-0.8442368475279953,0.6429264022632328,0.1891439146067477,-2.6905912842780646,4.985360219062283,0.5894049950741722,17.65764276632637
2,backsliding_Nyr,Y_trade_pct_gdp,Trade / GDP,trade,instr-antiplural_w2_trt-ert_gapany_illib0p9026269_opp0p9026269_ctrypct_exclyr,backsliding_Nyr,271,10,0.2566608664345047,0.12952417173046957,238,8,5.047789352044885,5.1288145059720645,0.32501621628011546,41.370742637499234,86.97495908417358,0.634314708551319,23.637241707210613
2,backsliding_Nyr,Y_top10_share,Top-10% income share,top10,instr-antiplural_w2_trt-ert_gapany_illib0p9026269_opp0p9026269_ctrypct_exclyr,backsliding_Nyr,271,10,0.2566608664345047,0.12952417173046957,229,8,-0.7403460355791291,0.8684325947410567,0.39393200836788167,-1.1182763459876512,5.062614807804374,0.8251787974448697,16.200448220074005
2,backsliding_Nyr,Y_gini_disp,Disposable,gini,instr-antiplural_w2_trt-ert_gapany_illib0p9026269_opp0p9026269_ctrypct_exclyr,backsliding_Nyr,271,10,0.2566608664345047,0.12952417173046957,196,7,0.10903781791348764,0.4370365327279191,0.8029789908204759,-0.05132888189054907,2.8670430595811864,0.9857161773133242,19.19231078904448
2,backsliding_Nyr,Y_gini_mkt,Market,gini,instr-antiplural_w2_trt-ert_gapany_illib0p9026269_opp0p9026269_ctrypct_exclyr,backsliding_Nyr,271,10,0.2566608664345047,0.12952417173046957,196,7,-0.3505705431444594,0.43121337901490303,0.416225948035754,-2.0752410511998938,3.292169374095051,0.528461228087622,17.32904012648535
2,backsliding_Nyr,Y_debt,Debt / GDP,fiscal,instr-antiplural_w2_trt-ert_gapany_illib0p9026269_opp0p9026269_ctrypct_exclyr,backsliding_Nyr,271,10,0.2566608664345047,0.12952417173046957,251,9,-6.501696434026526,6.1681804266540805,0.2918506850268568,-26.75642019016079,50.26565718594525,0.5945180824811955,20.205880152554982
2,backsliding_Nyr,Y_deficit,Deficit / GDP,fiscal,instr-antiplural_w2_trt-ert_gapany_illib0p9026269_opp0p9026269_ctrypct_exclyr,backsliding_Nyr,271,10,0.2566608664345047,0.12952417173046957,208,9,-0.3471486534025439,3.383642253547472,0.918283502040158,-4.726081179510266,14.52816855225023,0.7449504914114549,17.07954736234734
2,backsliding_Nyr,Y_checks_balances,Checks & balances,institutions,instr-antiplural_w2_trt-ert_gapany_illib0p9026269_opp0p9026269_ctrypct_exclyr,backsliding_Nyr,271,10,0.2566608664345047,0.12952417173046957,262,8,-0.04429215308099396,0.05839079283213219,0.44812366589704394,-0.17503592330369364,0.496809012765932,0.7245980312012457,23.21013179019308
2,backsliding_Nyr,Y_jucon,Judicial constraints,institutions,instr-antiplural_w2_trt-ert_gapany_illib0p9026269_opp0p9026269_ctrypct_exclyr,backsliding_Nyr,271,10,0.2566608664345047,0.12952417173046957,269,9,0.02585235095989678,0.0434645625432709,0.5519828714473171,0.16204317768366677,0.3077222676485319,0.5984789952011296,18.47554898482533
2,backsliding_Nyr,Y_legcon,Legislative constraints,institutions,instr-antiplural_w2_trt-ert_gapany_illib0p9026269_opp0p9026269_ctrypct_exclyr,backsliding_Nyr,271,10,0.2566608664345047,0.12952417173046957,262,8,-0.11082327899194208,0.08857892957249729,0.2108890169273744,-0.3525627634833063,1.0544022415602263,0.738098738663673,24.307626179713196
2,backsliding_Nyr,Y_hos_power,HOS,exec_power,instr-antiplural_w2_trt-ert_gapany_illib0p9026269_opp0p9026269_ctrypct_exclyr,backsliding_Nyr,271,10,0.2566608664345047,0.12952417173046957,269,9,-0.00632418529852624,0.0330892536841873,0.8484276215220843,-0.04873958708139474,0.21519169255016005,0.8208173703318039,23.008213831865312
2,backsliding_Nyr,Y_hog_power,HOG,exec_power,instr-antiplural_w2_trt-ert_gapany_illib0p9026269_opp0p9026269_ctrypct_exclyr,backsliding_Nyr,271,10,0.2566608664345047,0.12952417173046957,112,4,0.00503934658331089,0.05183925269682684,0.9225588175271424,-0.02147565623151981,0.3197223096503825,0.94644659505123,17.86497636300296
2,backsliding_Nyr,Y_hos_power_vdem,HOS (v2ex_hosw),exec_power_alt,instr-antiplural_w2_trt-ert_gapany_illib0p9026269_opp0p9026269_ctrypct_exclyr,backsliding_Nyr,271,10,0.2566608664345047,0.12952417173046957,269,9,0.00759987279162825,0.00545221359432603,0.16334601717320732,-0.02547236414958472,0.02999997760588103,0.39583709066406664,14.19818052313048
2,backsliding_Nyr,Y_hog_power_vdem,HOG (v2ex_hogw),exec_power_alt,instr-antiplural_w2_trt-ert_gapany_illib0p9026269_opp0p9026269_ctrypct_exclyr,backsliding_Nyr,271,10,0.2566608664345047,0.12952417173046957,269,9,-0.01359890441933919,0.0119776539326004,0.2562260768872464,0.01743284536608832,0.02297795891325147,0.4480458916578499,16.854398444806847
2,backsliding_Nyr,Y_polyarchy,Electoral (polyarchy),vdem_high,instr-antiplural_w2_trt-ert_gapany_illib0p9026269_opp0p9026269_ctrypct_exclyr,backsliding_Nyr,271,10,0.2566608664345047,0.12952417173046957,269,9,-0.01376219558900598,0.03654563593535305,0.7064890070161735,0.130477484373246,0.21704828271301124,0.5477434303792543,17.762923932274674
2,backsliding_Nyr,Y_libdem,Liberal,vdem_high,instr-antiplural_w2_trt-ert_gapany_illib0p9026269_opp0p9026269_ctrypct_exclyr,backsliding_Nyr,271,10,0.2566608664345047,0.12952417173046957,269,9,-0.01224264923888739,0.03412990086260083,0.7198139647884021,0.08692269125964136,0.19873921203843956,0.6618425917141278,17.884074827148655
2,backsliding_Nyr,Y_partipdem,Participatory,vdem_high,instr-antiplural_w2_trt-ert_gapany_illib0p9026269_opp0p9026269_ctrypct_exclyr,backsliding_Nyr,271,10,0.2566608664345047,0.12952417173046957,268,9,0.00968612527908281,0.02418284058554415,0.6887609500711136,0.1456833687730111,0.16986176251947385,0.3910811129786584,17.374507694688006
2,backsliding_Nyr,Y_delibdem,Deliberative,vdem_high,instr-antiplural_w2_trt-ert_gapany_illib0p9026269_opp0p9026269_ctrypct_exclyr,backsliding_Nyr,271,10,0.2566608664345047,0.12952417173046957,269,9,-0.00372182668094932,0.03851255419033165,0.9230128373496712,0.16825393789861778,0.23958571066370885,0.48251058805379815,18.61558968025396
2,backsliding_Nyr,Y_egaldem,Egalitarian,vdem_high,instr-antiplural_w2_trt-ert_gapany_illib0p9026269_opp0p9026269_ctrypct_exclyr,backsliding_Nyr,271,10,0.2566608664345047,0.12952417173046957,269,9,0.01404936664953114,0.02484669898483357,0.5717731781549983,0.14610602879199358,0.1519012375035412,0.33612554147051443,15.270283627214116
2,backsliding_Nyr,Y_elecoff,Elected officials,vdem_electoral,instr-antiplural_w2_trt-ert_gapany_illib0p9026269_opp0p9026269_ctrypct_exclyr,backsliding_Nyr,271,10,0.2566608664345047,0.12952417173046957,269,9,-0.05202223868035841,0.11942281274487848,0.6631168751174699,0.26825442203890093,0.7851391457572277,0.7326031528275698,20.34746268731562
2,backsliding_Nyr,Y_frefair,Clean elections,vdem_electoral,instr-antiplural_w2_trt-ert_gapany_illib0p9026269_opp0p9026269_ctrypct_exclyr,backsliding_Nyr,271,10,0.2566608664345047,0.12952417173046957,269,9,-0.01914875601958862,0.05346325175382496,0.7202185719877335,0.11750773836042014,0.3007837797074829,0.6960398514961851,17.155770951562193
2,backsliding_Nyr,Y_frassoc,Association,vdem_electoral,instr-antiplural_w2_trt-ert_gapany_illib0p9026269_opp0p9026269_ctrypct_exclyr,backsliding_Nyr,271,10,0.2566608664345047,0.12952417173046957,269,9,-0.0218055715087414,0.04549618475530622,0.6317369455489181,0.16018405156494114,0.28105465728081125,0.5687189724315315,18.91647230203639
2,backsliding_Nyr,Y_suffr,Suffrage,vdem_electoral,instr-antiplural_w2_trt-ert_gapany_illib0p9026269_opp0p9026269_ctrypct_exclyr,backsliding_Nyr,271,10,0.2566608664345047,0.12952417173046957,269,9,-0.00195624939850684,0.00136540999819566,0.15193804200922167,-0.00827613667023715,0.00745165669223629,0.2667216805698082,17.72198292201488
2,backsliding_Nyr,Y_freexp,Expression & alt. info,vdem_electoral,instr-antiplural_w2_trt-ert_gapany_illib0p9026269_opp0p9026269_ctrypct_exclyr,backsliding_Nyr,271,10,0.2566608664345047,0.12952417173046957,269,9,0.00277592698598683,0.04461869091021921,0.9503920612128616,0.1923691708572496,0.2934171402399779,0.5120707915997416,18.59677073179992
2,backsliding_Nyr,Y_cl_rol,Rule of law,vdem_liberal,instr-antiplural_w2_trt-ert_gapany_illib0p9026269_opp0p9026269_ctrypct_exclyr,backsliding_Nyr,271,10,0.2566608664345047,0.12952417173046957,269,9,-0.0259255828949801,0.03344317854570813,0.4382138761480656,0.06561459784085577,0.18906546097592591,0.7285560222631048,17.07121120681605
2,backsliding_Nyr,Y_cspart,Civil society,vdem_particip,instr-antiplural_w2_trt-ert_gapany_illib0p9026269_opp0p9026269_ctrypct_exclyr,backsliding_Nyr,271,10,0.2566608664345047,0.12952417173046957,269,9,0.03151432411411594,0.04408295170780834,0.47467894039039865,0.17022286706818807,0.3492071694841912,0.6259357502034888,24.825992797287693
2,backsliding_Nyr,Y_dd,Direct democracy,vdem_particip,instr-antiplural_w2_trt-ert_gapany_illib0p9026269_opp0p9026269_ctrypct_exclyr,backsliding_Nyr,271,10,0.2566608664345047,0.12952417173046957,269,9,0.03663672435185616,0.0224846434728067,0.10322605161505474,0.18385135421793355,0.2124625405189884,0.386854734807868,14.895630804145778
2,backsliding_Nyr,Y_locelec,Local elections,vdem_particip,instr-antiplural_w2_trt-ert_gapany_illib0p9026269_opp0p9026269_ctrypct_exclyr,backsliding_Nyr,271,10,0.2566608664345047,0.12952417173046957,264,9,0.00695910829145124,0.06289222102610363,0.9118928370188204,0.1144866998195828,0.4002526335713963,0.7748504770987539,20.224469058901253
2,backsliding_Nyr,Y_regelec,Regional elections,vdem_particip,instr-antiplural_w2_trt-ert_gapany_illib0p9026269_opp0p9026269_ctrypct_exclyr,backsliding_Nyr,271,10,0.2566608664345047,0.12952417173046957,268,9,0.04468753785372156,0.04911114832630148,0.3628612458782078,0.16983408158999574,0.2508453911251865,0.4983762304182121,15.840118936844895
2,backsliding_Nyr,Y_delib,Deliberation,vdem_egal_delib,instr-antiplural_w2_trt-ert_gapany_illib0p9026269_opp0p9026269_ctrypct_exclyr,backsliding_Nyr,271,10,0.2566608664345047,0.12952417173046957,269,9,-0.0055930942176228,0.05287855208864883,0.9157628926959176,0.15737864205208765,0.3265452443473134,0.629841114337474,21.00990513674187
2,backsliding_Nyr,Y_eqprotec,Equal protection,vdem_egal_delib,instr-antiplural_w2_trt-ert_gapany_illib0p9026269_opp0p9026269_ctrypct_exclyr,backsliding_Nyr,271,10,0.2566608664345047,0.12952417173046957,269,9,0.0488147145177315,0.02883776440648303,0.09050577879333824,0.2490695220011615,0.24801384256100387,0.3152549784945006,23.93964523641406
2,backsliding_Nyr,Y_eqaccess,Equal access,vdem_egal_delib,instr-antiplural_w2_trt-ert_gapany_illib0p9026269_opp0p9026269_ctrypct_exclyr,backsliding_Nyr,271,10,0.2566608664345047,0.12952417173046957,269,9,0.02197785037835639,0.02860693152282775,0.4423267295301834,0.15644858204953566,0.17684302491506304,0.3763320071079488,15.514827031337044
2,backsliding_Nyr,Y_eqdr,Equal distribution,vdem_egal_delib,instr-antiplural_w2_trt-ert_gapany_illib0p9026269_opp0p9026269_ctrypct_exclyr,backsliding_Nyr,271,10,0.2566608664345047,0.12952417173046957,269,9,0.02073971625630191,0.02587290804530876,0.4227845304426494,0.11250860249731295,0.15426369656761432,0.46580196352196473,21.127035065887053
2,backsliding_union_Nyr,Y_gdp_growth,PWT,growth,instr-antiplural_w2_trt-ertOrDdcg_gapany_illib0p9026269_opp0p9026269_ctrypct_exclyr,backsliding_union_Nyr,271,11,0.25558180179828127,0.13021571227178505,259,9,-0.14153828443926322,0.07207200227336162,0.04954800028722662,-0.7271958147404627,0.9454806541685808,0.4418172207364265,20.33281554304912
2,backsliding_union_Nyr,Y_gdp_growth_wb,World Bank,growth,instr-antiplural_w2_trt-ertOrDdcg_gapany_illib0p9026269_opp0p9026269_ctrypct_exclyr,backsliding_union_Nyr,271,11,0.25558180179828127,0.13021571227178505,261,10,-0.00806972369337896,0.04192843455672034,0.8473785877453732,-0.2090497839997204,0.2712031421895229,0.44081149322974506,21.606711732886893
2,backsliding_union_Nyr,Y_gdp_growth_imf,IMF WEO,growth,instr-antiplural_w2_trt-ertOrDdcg_gapany_illib0p9026269_opp0p9026269_ctrypct_exclyr,backsliding_union_Nyr,271,11,0.25558180179828127,0.13021571227178505,176,7,-0.05712729155387083,0.05189829577463988,0.2710034443974571,NA,NA,NA,NA
2,backsliding_union_Nyr,Y_inflation,"CPI, cumulative log",inflation,instr-antiplural_w2_trt-ertOrDdcg_gapany_illib0p9026269_opp0p9026269_ctrypct_exclyr,backsliding_union_Nyr,271,11,0.25558180179828127,0.13021571227178505,230,10,0.01315456248931341,0.15684744255096508,0.9331609706956756,0.22544498848099448,1.0281857978301363,0.8264437536129047,20.14732326434461
2,backsliding_union_Nyr,Y_unemployment,Unemployment rate,unemployment,instr-antiplural_w2_trt-ertOrDdcg_gapany_illib0p9026269_opp0p9026269_ctrypct_exclyr,backsliding_union_Nyr,271,11,0.25558180179828127,0.13021571227178505,178,9,-0.8442368475279953,0.6429264022632328,0.1891439146067477,-2.6905950555532048,4.985362506034444,0.5894046440684112,17.657650300831413
2,backsliding_union_Nyr,Y_trade_pct_gdp,Trade / GDP,trade,instr-antiplural_w2_trt-ertOrDdcg_gapany_illib0p9026269_opp0p9026269_ctrypct_exclyr,backsliding_union_Nyr,271,11,0.25558180179828127,0.13021571227178505,238,9,5.047789352044885,5.1288145059720645,0.32501621628011546,41.55384401567544,89.76949769843543,0.6434396924791397,24.063293131209925
2,backsliding_union_Nyr,Y_top10_share,Top-10% income share,top10,instr-antiplural_w2_trt-ertOrDdcg_gapany_illib0p9026269_opp0p9026269_ctrypct_exclyr,backsliding_union_Nyr,271,11,0.25558180179828127,0.13021571227178505,229,9,-0.7403460355791291,0.8684325947410567,0.39393200836788167,-1.1183082016818862,5.0626277125091885,0.8251743363197787,16.200612149575893
2,backsliding_union_Nyr,Y_gini_disp,Disposable,gini,instr-antiplural_w2_trt-ertOrDdcg_gapany_illib0p9026269_opp0p9026269_ctrypct_exclyr,backsliding_union_Nyr,271,11,0.25558180179828127,0.13021571227178505,196,8,0.10903781791348764,0.4370365327279191,0.8029789908204759,-0.05132861489200602,2.8670432882714163,0.9857162527450763,19.19230982204979
2,backsliding_union_Nyr,Y_gini_mkt,Market,gini,instr-antiplural_w2_trt-ertOrDdcg_gapany_illib0p9026269_opp0p9026269_ctrypct_exclyr,backsliding_union_Nyr,271,11,0.25558180179828127,0.13021571227178505,196,8,-0.3505705431444594,0.43121337901490303,0.416225948035754,-2.0752585254616243,3.2921619362295584,0.5284568245812622,17.329665651407183
2,backsliding_union_Nyr,Y_debt,Debt / GDP,fiscal,instr-antiplural_w2_trt-ertOrDdcg_gapany_illib0p9026269_opp0p9026269_ctrypct_exclyr,backsliding_union_Nyr,271,11,0.25558180179828127,0.13021571227178505,251,10,-6.501696434026526,6.1681804266540805,0.2918506850268568,-26.756403270433655,50.26564727022724,0.5945182428625146,20.20571058049333
2,backsliding_union_Nyr,Y_deficit,Deficit / GDP,fiscal,instr-antiplural_w2_trt-ertOrDdcg_gapany_illib0p9026269_opp0p9026269_ctrypct_exclyr,backsliding_union_Nyr,271,11,0.25558180179828127,0.13021571227178505,208,10,-0.3471486534025439,3.383642253547472,0.918283502040158,-4.7234992681989505,14.530158721122046,0.7451186881706109,17.081879152014256
2,backsliding_union_Nyr,Y_checks_balances,Checks & balances,institutions,instr-antiplural_w2_trt-ertOrDdcg_gapany_illib0p9026269_opp0p9026269_ctrypct_exclyr,backsliding_union_Nyr,271,11,0.25558180179828127,0.13021571227178505,262,9,-0.04429215308099396,0.05839079283213219,0.44812366589704394,-0.17503113361141914,0.4968070962727607,0.7246042415027839,23.21002467803139
2,backsliding_union_Nyr,Y_jucon,Judicial constraints,institutions,instr-antiplural_w2_trt-ertOrDdcg_gapany_illib0p9026269_opp0p9026269_ctrypct_exclyr,backsliding_union_Nyr,271,11,0.25558180179828127,0.13021571227178505,269,10,0.02585235095989678,0.0434645625432709,0.5519828714473171,0.16204358851285566,0.3077221800064498,0.5984779637118016,18.47556031115737
2,backsliding_union_Nyr,Y_legcon,Legislative constraints,institutions,instr-antiplural_w2_trt-ertOrDdcg_gapany_illib0p9026269_opp0p9026269_ctrypct_exclyr,backsliding_union_Nyr,271,11,0.25558180179828127,0.13021571227178505,262,9,-0.11082327899194208,0.08857892957249729,0.2108890169273744,-0.35255348568793926,1.054400868286348,0.7381050490652524,24.30756025008985
2,backsliding_union_Nyr,Y_hos_power,HOS,exec_power,instr-antiplural_w2_trt-ertOrDdcg_gapany_illib0p9026269_opp0p9026269_ctrypct_exclyr,backsliding_union_Nyr,271,11,0.25558180179828127,0.13021571227178505,269,10,-0.00632418529852624,0.0330892536841873,0.8484276215220843,-0.04900460391036021,0.21509871287696977,0.8197832315374108,22.985496047209622
2,backsliding_union_Nyr,Y_hog_power,HOG,exec_power,instr-antiplural_w2_trt-ertOrDdcg_gapany_illib0p9026269_opp0p9026269_ctrypct_exclyr,backsliding_union_Nyr,271,11,0.25558180179828127,0.13021571227178505,112,5,0.00503934658331089,0.05183925269682684,0.9225588175271424,-0.02147685025059764,0.3197455760928101,0.9464475132244184,17.86597379553056
2,backsliding_union_Nyr,Y_hos_power_vdem,HOS (v2ex_hosw),exec_power_alt,instr-antiplural_w2_trt-ertOrDdcg_gapany_illib0p9026269_opp0p9026269_ctrypct_exclyr,backsliding_union_Nyr,271,11,0.25558180179828127,0.13021571227178505,269,10,0.00759987279162825,0.00545221359432603,0.16334601717320732,-0.02447337301356158,0.02994342777615724,0.41374537749380663,14.442303100144036
2,backsliding_union_Nyr,Y_hog_power_vdem,HOG (v2ex_hogw),exec_power_alt,instr-antiplural_w2_trt-ertOrDdcg_gapany_illib0p9026269_opp0p9026269_ctrypct_exclyr,backsliding_union_Nyr,271,11,0.25558180179828127,0.13021571227178505,269,10,-0.01359890441933919,0.0119776539326004,0.2562260768872464,-0.00451037299691488,0.03754765526502417,0.9043849533743477,18.93028985453821
2,backsliding_union_Nyr,Y_polyarchy,Electoral (polyarchy),vdem_high,instr-antiplural_w2_trt-ertOrDdcg_gapany_illib0p9026269_opp0p9026269_ctrypct_exclyr,backsliding_union_Nyr,271,11,0.25558180179828127,0.13021571227178505,269,10,-0.01376219558900598,0.03654563593535305,0.7064890070161735,0.13047188090193884,0.2170483901519988,0.5477608223789838,17.76312990799915
2,backsliding_union_Nyr,Y_libdem,Liberal,vdem_high,instr-antiplural_w2_trt-ertOrDdcg_gapany_illib0p9026269_opp0p9026269_ctrypct_exclyr,backsliding_union_Nyr,271,11,0.25558180179828127,0.13021571227178505,269,10,-0.01224264923888739,0.03412990086260083,0.7198139647884021,0.08692237439892911,0.19873921339557207,0.6618437499555094,17.884091581508493
2,backsliding_union_Nyr,Y_partipdem,Participatory,vdem_high,instr-antiplural_w2_trt-ertOrDdcg_gapany_illib0p9026269_opp0p9026269_ctrypct_exclyr,backsliding_union_Nyr,271,11,0.25558180179828127,0.13021571227178505,268,10,0.00968612527908281,0.02418284058554415,0.6887609500711136,0.14568037308516085,0.1698610055170486,0.39108874306357894,17.374773277155068
2,backsliding_union_Nyr,Y_delibdem,Deliberative,vdem_high,instr-antiplural_w2_trt-ertOrDdcg_gapany_illib0p9026269_opp0p9026269_ctrypct_exclyr,backsliding_union_Nyr,271,11,0.25558180179828127,0.13021571227178505,269,10,-0.00372182668094932,0.03851255419033165,0.9230128373496712,0.1682483992186464,0.2395847935997185,0.4825233263805069,18.615756677887234
2,backsliding_union_Nyr,Y_egaldem,Egalitarian,vdem_high,instr-antiplural_w2_trt-ertOrDdcg_gapany_illib0p9026269_opp0p9026269_ctrypct_exclyr,backsliding_union_Nyr,271,11,0.25558180179828127,0.13021571227178505,269,10,0.01404936664953114,0.02484669898483357,0.5717731781549983,0.14610668546136749,0.15190170111590576,0.33612484446111873,15.270395108629314
2,backsliding_union_Nyr,Y_elecoff,Elected officials,vdem_electoral,instr-antiplural_w2_trt-ertOrDdcg_gapany_illib0p9026269_opp0p9026269_ctrypct_exclyr,backsliding_union_Nyr,271,11,0.25558180179828127,0.13021571227178505,269,10,-0.05202223868035841,0.11942281274487848,0.6631168751174699,0.26829149484979276,0.7851458042111131,0.7325697955776251,20.347065479146252
2,backsliding_union_Nyr,Y_frefair,Clean elections,vdem_electoral,instr-antiplural_w2_trt-ertOrDdcg_gapany_illib0p9026269_opp0p9026269_ctrypct_exclyr,backsliding_union_Nyr,271,11,0.25558180179828127,0.13021571227178505,269,10,-0.01914875601958862,0.05346325175382496,0.7202185719877335,0.1175043349170258,0.30078322906916666,0.6960476877390351,17.155890319488954
2,backsliding_union_Nyr,Y_frassoc,Association,vdem_electoral,instr-antiplural_w2_trt-ertOrDdcg_gapany_illib0p9026269_opp0p9026269_ctrypct_exclyr,backsliding_union_Nyr,271,11,0.25558180179828127,0.13021571227178505,269,10,-0.0218055715087414,0.04549618475530622,0.6317369455489181,0.1601763476155469,0.28105277624031855,0.5687349774095658,18.916707379632637
2,backsliding_union_Nyr,Y_suffr,Suffrage,vdem_electoral,instr-antiplural_w2_trt-ertOrDdcg_gapany_illib0p9026269_opp0p9026269_ctrypct_exclyr,backsliding_union_Nyr,271,11,0.25558180179828127,0.13021571227178505,269,10,-0.00195624939850684,0.00136540999819566,0.15193804200922167,-0.00827585437305958,0.00745124085237523,0.2667113043237565,17.722417394444665
2,backsliding_union_Nyr,Y_freexp,Expression & alt. info,vdem_electoral,instr-antiplural_w2_trt-ertOrDdcg_gapany_illib0p9026269_opp0p9026269_ctrypct_exclyr,backsliding_union_Nyr,271,11,0.25558180179828127,0.13021571227178505,269,10,0.00277592698598683,0.04461869091021921,0.9503920612128616,0.19236918828041105,0.2934171090274065,0.5120707084992401,18.59677226918688
2,backsliding_union_Nyr,Y_cl_rol,Rule of law,vdem_liberal,instr-antiplural_w2_trt-ertOrDdcg_gapany_illib0p9026269_opp0p9026269_ctrypct_exclyr,backsliding_union_Nyr,271,11,0.25558180179828127,0.13021571227178505,269,10,-0.0259255828949801,0.03344317854570813,0.4382138761480656,0.06561414965959174,0.18906566208479933,0.7285580804426444,17.071253065641617
2,backsliding_union_Nyr,Y_cspart,Civil society,vdem_particip,instr-antiplural_w2_trt-ertOrDdcg_gapany_illib0p9026269_opp0p9026269_ctrypct_exclyr,backsliding_union_Nyr,271,11,0.25558180179828127,0.13021571227178505,269,10,0.03151432411411594,0.04408295170780834,0.47467894039039865,0.17030248070252446,0.3492053318851027,0.6257724132861938,24.830219545503
2,backsliding_union_Nyr,Y_dd,Direct democracy,vdem_particip,instr-antiplural_w2_trt-ertOrDdcg_gapany_illib0p9026269_opp0p9026269_ctrypct_exclyr,backsliding_union_Nyr,271,11,0.25558180179828127,0.13021571227178505,269,10,0.03663672435185616,0.0224846434728067,0.10322605161505474,0.1838384687290855,0.2124611480345174,0.38688490180882634,14.893815054420958
2,backsliding_union_Nyr,Y_locelec,Local elections,vdem_particip,instr-antiplural_w2_trt-ertOrDdcg_gapany_illib0p9026269_opp0p9026269_ctrypct_exclyr,backsliding_union_Nyr,271,11,0.25558180179828127,0.13021571227178505,264,10,0.00695910829145124,0.06289222102610363,0.9118928370188204,0.11447919069110266,0.4002528814553481,0.7748649818927169,20.224697211361597
2,backsliding_union_Nyr,Y_regelec,Regional elections,vdem_particip,instr-antiplural_w2_trt-ertOrDdcg_gapany_illib0p9026269_opp0p9026269_ctrypct_exclyr,backsliding_union_Nyr,271,11,0.25558180179828127,0.13021571227178505,268,10,0.04468753785372156,0.04911114832630148,0.3628612458782078,0.1695695266665675,0.2507588047024784,0.49889741246987374,15.829705374779106
2,backsliding_union_Nyr,Y_delib,Deliberation,vdem_egal_delib,instr-antiplural_w2_trt-ertOrDdcg_gapany_illib0p9026269_opp0p9026269_ctrypct_exclyr,backsliding_union_Nyr,271,11,0.25558180179828127,0.13021571227178505,269,10,-0.0055930942176228,0.05287855208864883,0.9157628926959176,0.15737801178185182,0.32654557109604165,0.6298428280780977,21.009968614840897
2,backsliding_union_Nyr,Y_eqprotec,Equal protection,vdem_egal_delib,instr-antiplural_w2_trt-ertOrDdcg_gapany_illib0p9026269_opp0p9026269_ctrypct_exclyr,backsliding_union_Nyr,271,11,0.25558180179828127,0.13021571227178505,269,10,0.0488147145177315,0.02883776440648303,0.09050577879333824,0.24909928146083943,0.24808284846418052,0.3153317883307498,23.95016788037547
2,backsliding_union_Nyr,Y_eqaccess,Equal access,vdem_egal_delib,instr-antiplural_w2_trt-ertOrDdcg_gapany_illib0p9026269_opp0p9026269_ctrypct_exclyr,backsliding_union_Nyr,271,11,0.25558180179828127,0.13021571227178505,269,10,0.02197785037835639,0.02860693152282775,0.4423267295301834,0.1564487104626284,0.1768423056263085,0.3763296740677848,15.51501261475057
2,backsliding_union_Nyr,Y_eqdr,Equal distribution,vdem_egal_delib,instr-antiplural_w2_trt-ertOrDdcg_gapany_illib0p9026269_opp0p9026269_ctrypct_exclyr,backsliding_union_Nyr,271,11,0.25558180179828127,0.13021571227178505,269,10,0.02073971625630191,0.02587290804530876,0.4227845304426494,0.11246969498652488,0.15424485732010987,0.4659017546142604,21.117526066633573
2,polyarchy_decline,Y_gdp_growth,PWT,growth,instr-antiplural_w2_trt-polyarchy_gapany_illib0p9026269_opp0p9026269_ctrypct_exclyr,polyarchy_decline,269,126,0.01376219558900598,0.7064890070161735,259,121,-0.14153828443926322,0.07207200227336162,0.04954800028722662,-3.905135668200924,5.880168134991557,0.5066136839223587,24.61814719853117
2,polyarchy_decline,Y_gdp_growth_wb,World Bank,growth,instr-antiplural_w2_trt-polyarchy_gapany_illib0p9026269_opp0p9026269_ctrypct_exclyr,polyarchy_decline,269,126,0.01376219558900598,0.7064890070161735,261,122,-0.00806972369337896,0.04192843455672034,0.8473785877453732,-0.08402764251332878,1.8869809568022613,0.9644817784132428,25.151386690621788
2,polyarchy_decline,Y_gdp_growth_imf,IMF WEO,growth,instr-antiplural_w2_trt-polyarchy_gapany_illib0p9026269_opp0p9026269_ctrypct_exclyr,polyarchy_decline,269,126,0.01376219558900598,0.7064890070161735,176,82,-0.05712729155387083,0.05189829577463988,0.2710034443974571,-3.116452259608997,60.78955953265709,0.9591133678346846,21.27520467507548
2,polyarchy_decline,Y_inflation,"CPI, cumulative log",inflation,instr-antiplural_w2_trt-polyarchy_gapany_illib0p9026269_opp0p9026269_ctrypct_exclyr,polyarchy_decline,269,126,0.01376219558900598,0.7064890070161735,230,111,0.01315456248931341,0.15684744255096508,0.9331609706956756,115.27306976623746,1771.258301250001,0.9481104933664042,20.165634200052967
2,polyarchy_decline,Y_unemployment,Unemployment rate,unemployment,instr-antiplural_w2_trt-polyarchy_gapany_illib0p9026269_opp0p9026269_ctrypct_exclyr,polyarchy_decline,269,126,0.01376219558900598,0.7064890070161735,178,102,-0.8442368475279953,0.6429264022632328,0.1891439146067477,-17.063705900401473,249.7825554430084,0.9455354872639482,20.257551064743183
2,polyarchy_decline,Y_trade_pct_gdp,Trade / GDP,trade,instr-antiplural_w2_trt-polyarchy_gapany_illib0p9026269_opp0p9026269_ctrypct_exclyr,polyarchy_decline,269,126,0.01376219558900598,0.7064890070161735,238,115,5.047789352044885,5.1288145059720645,0.32501621628011546,250.55392137614132,480.41651746204934,0.6019942855675324,22.405495482083683
2,polyarchy_decline,Y_top10_share,Top-10% income share,top10,instr-antiplural_w2_trt-polyarchy_gapany_illib0p9026269_opp0p9026269_ctrypct_exclyr,polyarchy_decline,269,126,0.01376219558900598,0.7064890070161735,229,108,-0.7403460355791291,0.8684325947410567,0.39393200836788167,-75.85896900799716,186.95327826615969,0.6849157805029227,23.310114258216515
2,polyarchy_decline,Y_gini_disp,Disposable,gini,instr-antiplural_w2_trt-polyarchy_gapany_illib0p9026269_opp0p9026269_ctrypct_exclyr,polyarchy_decline,269,126,0.01376219558900598,0.7064890070161735,196,96,0.10903781791348764,0.4370365327279191,0.8029789908204759,25.745926831480084,167.02871238533027,0.8774987780229536,23.40603380147975
2,polyarchy_decline,Y_gini_mkt,Market,gini,instr-antiplural_w2_trt-polyarchy_gapany_illib0p9026269_opp0p9026269_ctrypct_exclyr,polyarchy_decline,269,126,0.01376219558900598,0.7064890070161735,196,96,-0.3505705431444594,0.43121337901490303,0.416225948035754,-36.80231158049007,109.93893518596316,0.7378119443754052,23.18168864093432
2,polyarchy_decline,Y_debt,Debt / GDP,fiscal,instr-antiplural_w2_trt-polyarchy_gapany_illib0p9026269_opp0p9026269_ctrypct_exclyr,polyarchy_decline,269,126,0.01376219558900598,0.7064890070161735,251,121,-6.501696434026526,6.1681804266540805,0.2918506850268568,-273.10450945580845,642.4931032257226,0.6707856851367562,24.7104174490376
2,polyarchy_decline,Y_deficit,Deficit / GDP,fiscal,instr-antiplural_w2_trt-polyarchy_gapany_illib0p9026269_opp0p9026269_ctrypct_exclyr,polyarchy_decline,269,126,0.01376219558900598,0.7064890070161735,208,107,-0.3471486534025439,3.383642253547472,0.918283502040158,52.36601993375272,181.54722872630387,0.7730076874903367,22.954797141162373
2,polyarchy_decline,Y_checks_balances,Checks & balances,institutions,instr-antiplural_w2_trt-polyarchy_gapany_illib0p9026269_opp0p9026269_ctrypct_exclyr,polyarchy_decline,269,126,0.01376219558900598,0.7064890070161735,262,125,-0.04429215308099396,0.05839079283213219,0.44812366589704394,1.9843489512110644,30.11423222220135,0.9474621716881038,27.30271162977403
2,polyarchy_decline,Y_jucon,Judicial constraints,institutions,instr-antiplural_w2_trt-polyarchy_gapany_illib0p9026269_opp0p9026269_ctrypct_exclyr,polyarchy_decline,269,126,0.01376219558900598,0.7064890070161735,269,126,0.02585235095989678,0.0434645625432709,0.5519828714473171,6.149253082492004,32.09722883313462,0.8480695996035554,21.449163893515085
2,polyarchy_decline,Y_legcon,Legislative constraints,institutions,instr-antiplural_w2_trt-polyarchy_gapany_illib0p9026269_opp0p9026269_ctrypct_exclyr,polyarchy_decline,269,126,0.01376219558900598,0.7064890070161735,262,125,-0.11082327899194208,0.08857892957249729,0.2108890169273744,3.560806269392023,65.47092759426143,0.9566263622858052,26.05517416912287
2,polyarchy_decline,Y_hos_power,HOS,exec_power,instr-antiplural_w2_trt-polyarchy_gapany_illib0p9026269_opp0p9026269_ctrypct_exclyr,polyarchy_decline,269,126,0.01376219558900598,0.7064890070161735,269,126,-0.00632418529852624,0.0330892536841873,0.8484276215220843,-0.22721982719846312,1.7996955273154638,0.8995303977110075,25.07581637481098
2,polyarchy_decline,Y_hog_power,HOG,exec_power,instr-antiplural_w2_trt-polyarchy_gapany_illib0p9026269_opp0p9026269_ctrypct_exclyr,polyarchy_decline,269,126,0.01376219558900598,0.7064890070161735,112,52,0.00503934658331089,0.05183925269682684,0.9225588175271424,-0.0135989077151564,1.2393309714257166,0.9912451628904748,20.506709263612784
2,polyarchy_decline,Y_hos_power_vdem,HOS (v2ex_hosw),exec_power_alt,instr-antiplural_w2_trt-polyarchy_gapany_illib0p9026269_opp0p9026269_ctrypct_exclyr,polyarchy_decline,269,126,0.01376219558900598,0.7064890070161735,269,126,0.00759987279162825,0.00545221359432603,0.16334601717320732,14.787318691145874,125.43385586790409,0.9061553132043028,20.81251091231051
2,polyarchy_decline,Y_hog_power_vdem,HOG (v2ex_hogw),exec_power_alt,instr-antiplural_w2_trt-polyarchy_gapany_illib0p9026269_opp0p9026269_ctrypct_exclyr,polyarchy_decline,269,126,0.01376219558900598,0.7064890070161735,269,126,-0.01359890441933919,0.0119776539326004,0.2562260768872464,-12.263215967890012,121.1973729682098,0.9194045222442336,20.817385160372854
2,polyarchy_decline,Y_polyarchy,Electoral (polyarchy),vdem_high,instr-antiplural_w2_trt-polyarchy_gapany_illib0p9026269_opp0p9026269_ctrypct_exclyr,polyarchy_decline,269,126,0.01376219558900598,0.7064890070161735,269,126,-0.01376219558900598,0.03654563593535305,0.7064890070161735,-1,2.4551570008771224e-16,0,23.702915029774115
2,polyarchy_decline,Y_libdem,Liberal,vdem_high,instr-antiplural_w2_trt-polyarchy_gapany_illib0p9026269_opp0p9026269_ctrypct_exclyr,polyarchy_decline,269,126,0.01376219558900598,0.7064890070161735,269,126,-0.01224264923888739,0.03412990086260083,0.7198139647884021,-0.8025082699451118,0.7092599845687015,0.25785621114473706,30.160212424572855
2,polyarchy_decline,Y_partipdem,Participatory,vdem_high,instr-antiplural_w2_trt-polyarchy_gapany_illib0p9026269_opp0p9026269_ctrypct_exclyr,polyarchy_decline,269,126,0.01376219558900598,0.7064890070161735,268,126,0.00968612527908281,0.02418284058554415,0.6887609500711136,1.7197176912523733,7.773146826318455,0.8249068987938385,22.0648162455122
2,polyarchy_decline,Y_delibdem,Deliberative,vdem_high,instr-antiplural_w2_trt-polyarchy_gapany_illib0p9026269_opp0p9026269_ctrypct_exclyr,polyarchy_decline,269,126,0.01376219558900598,0.7064890070161735,269,126,-0.00372182668094932,0.03851255419033165,0.9230128373496712,-1.0848335714712951,6.121836319504918,0.8593456277572826,19.22239476400617
2,polyarchy_decline,Y_egaldem,Egalitarian,vdem_high,instr-antiplural_w2_trt-polyarchy_gapany_illib0p9026269_opp0p9026269_ctrypct_exclyr,polyarchy_decline,269,126,0.01376219558900598,0.7064890070161735,269,126,0.01404936664953114,0.02484669898483357,0.5717731781549983,0.8007994115296106,2.0999742139677244,0.7029526562987531,23.48897345813693
2,polyarchy_decline,Y_elecoff,Elected officials,vdem_electoral,instr-antiplural_w2_trt-polyarchy_gapany_illib0p9026269_opp0p9026269_ctrypct_exclyr,polyarchy_decline,269,126,0.01376219558900598,0.7064890070161735,269,126,-0.05202223868035841,0.11942281274487848,0.6631168751174699,-3.051054079087529,4.435893069772676,0.4915720877459641,25.046455155026376
2,polyarchy_decline,Y_frefair,Clean elections,vdem_electoral,instr-antiplural_w2_trt-polyarchy_gapany_illib0p9026269_opp0p9026269_ctrypct_exclyr,polyarchy_decline,269,126,0.01376219558900598,0.7064890070161735,269,126,-0.01914875601958862,0.05346325175382496,0.7202185719877335,-1.6824730972888355,4.417488966638019,0.7033023894240301,21.477182410271975
2,polyarchy_decline,Y_frassoc,Association,vdem_electoral,instr-antiplural_w2_trt-polyarchy_gapany_illib0p9026269_opp0p9026269_ctrypct_exclyr,polyarchy_decline,269,126,0.01376219558900598,0.7064890070161735,269,126,-0.0218055715087414,0.04549618475530622,0.6317369455489181,-0.9610007029356342,3.0079165540450807,0.749354609474362,22.06113397118468
2,polyarchy_decline,Y_suffr,Suffrage,vdem_electoral,instr-antiplural_w2_trt-polyarchy_gapany_illib0p9026269_opp0p9026269_ctrypct_exclyr,polyarchy_decline,269,126,0.01376219558900598,0.7064890070161735,269,126,-0.00195624939850684,0.00136540999819566,0.15193804200922167,0.15830033848336145,0.2171943343969246,0.4660983578769216,18.00301591608988
2,polyarchy_decline,Y_freexp,Expression & alt. info,vdem_electoral,instr-antiplural_w2_trt-polyarchy_gapany_illib0p9026269_opp0p9026269_ctrypct_exclyr,polyarchy_decline,269,126,0.01376219558900598,0.7064890070161735,269,126,0.00277592698598683,0.04461869091021921,0.9503920612128616,239.07399148700733,13607.591474483605,0.985982557308281,20.517194811283257
2,polyarchy_decline,Y_cl_rol,Rule of law,vdem_liberal,instr-antiplural_w2_trt-polyarchy_gapany_illib0p9026269_opp0p9026269_ctrypct_exclyr,polyarchy_decline,269,126,0.01376219558900598,0.7064890070161735,269,126,-0.0259255828949801,0.03344317854570813,0.4382138761480656,-4.447095342192224,11.508183525805228,0.6991790088323405,21.82330017313999
2,polyarchy_decline,Y_cspart,Civil society,vdem_particip,instr-antiplural_w2_trt-polyarchy_gapany_illib0p9026269_opp0p9026269_ctrypct_exclyr,polyarchy_decline,269,126,0.01376219558900598,0.7064890070161735,269,126,0.03151432411411594,0.04408295170780834,0.47467894039039865,-2.5302930537392534,13.495610273408763,0.8512764005666158,18.618192260120765
2,polyarchy_decline,Y_dd,Direct democracy,vdem_particip,instr-antiplural_w2_trt-polyarchy_gapany_illib0p9026269_opp0p9026269_ctrypct_exclyr,polyarchy_decline,269,126,0.01376219558900598,0.7064890070161735,269,126,0.03663672435185616,0.0224846434728067,0.10322605161505474,1.8403536548444723,2.434896200018801,0.4497545604285145,25.932441901155027
2,polyarchy_decline,Y_locelec,Local elections,vdem_particip,instr-antiplural_w2_trt-polyarchy_gapany_illib0p9026269_opp0p9026269_ctrypct_exclyr,polyarchy_decline,269,126,0.01376219558900598,0.7064890070161735,264,124,0.00695910829145124,0.06289222102610363,0.9118928370188204,64.24145079334929,331.17081015602787,0.8461893266250868,20.73643258291535
2,polyarchy_decline,Y_regelec,Regional elections,vdem_particip,instr-antiplural_w2_trt-polyarchy_gapany_illib0p9026269_opp0p9026269_ctrypct_exclyr,polyarchy_decline,269,126,0.01376219558900598,0.7064890070161735,268,126,0.04468753785372156,0.04911114832630148,0.3628612458782078,3.199694008705536,8.549839291564616,0.7082255796286072,23.48567709587821
2,polyarchy_decline,Y_delib,Deliberation,vdem_egal_delib,instr-antiplural_w2_trt-polyarchy_gapany_illib0p9026269_opp0p9026269_ctrypct_exclyr,polyarchy_decline,269,126,0.01376219558900598,0.7064890070161735,269,126,-0.0055930942176228,0.05287855208864883,0.9157628926959176,-1.4873346938059289,3.808110064576801,0.696114881778817,18.55336472605903
2,polyarchy_decline,Y_eqprotec,Equal protection,vdem_egal_delib,instr-antiplural_w2_trt-polyarchy_gapany_illib0p9026269_opp0p9026269_ctrypct_exclyr,polyarchy_decline,269,126,0.01376219558900598,0.7064890070161735,269,126,0.0488147145177315,0.02883776440648303,0.09050577879333824,2.1947722250977555,3.2778154271726874,0.5031231214702956,26.03564523728006
2,polyarchy_decline,Y_eqaccess,Equal access,vdem_egal_delib,instr-antiplural_w2_trt-polyarchy_gapany_illib0p9026269_opp0p9026269_ctrypct_exclyr,polyarchy_decline,269,126,0.01376219558900598,0.7064890070161735,269,126,0.02197785037835639,0.02860693152282775,0.4423267295301834,0.06974453277287529,0.944019881708857,0.9411055801567988,26.713898814200036
2,polyarchy_decline,Y_eqdr,Equal distribution,vdem_egal_delib,instr-antiplural_w2_trt-polyarchy_gapany_illib0p9026269_opp0p9026269_ctrypct_exclyr,polyarchy_decline,269,126,0.01376219558900598,0.7064890070161735,269,126,0.02073971625630191,0.02587290804530876,0.4227845304426494,6.9282484181923465,43.93784598442332,0.8747066498407792,21.12689572249864
3,backsliding_Nyr,Y_gdp_growth,PWT,growth,instr-antiplural_w3_trt-ert_gapany_illib0p9026269_opp0p9026269_ctrypct_exclyr,backsliding_Nyr,271,10,0.2566608664345047,0.12952417173046957,250,8,-0.19682068071122089,0.08861017349028336,0.02633759901278666,-1.0627805532452763,1.4483058542211151,0.46306486725517826,21.556154115162464
3,backsliding_Nyr,Y_gdp_growth_wb,World Bank,growth,instr-antiplural_w3_trt-ert_gapany_illib0p9026269_opp0p9026269_ctrypct_exclyr,backsliding_Nyr,271,10,0.2566608664345047,0.12952417173046957,257,8,-0.06457328828454323,0.0530020529199084,0.2231036313719108,-0.6390745933050641,0.7677356882358342,0.40517481873627326,21.166766255822232
3,backsliding_Nyr,Y_gdp_growth_imf,IMF WEO,growth,instr-antiplural_w3_trt-ert_gapany_illib0p9026269_opp0p9026269_ctrypct_exclyr,backsliding_Nyr,271,10,0.2566608664345047,0.12952417173046957,172,5,-0.15524842156919824,0.0635038396764922,0.01449689750778098,NA,NA,NA,NA
3,backsliding_Nyr,Y_inflation,"CPI, cumulative log",inflation,instr-antiplural_w3_trt-ert_gapany_illib0p9026269_opp0p9026269_ctrypct_exclyr,backsliding_Nyr,271,10,0.2566608664345047,0.12952417173046957,226,8,-0.01975965112658642,0.22631068184511055,0.9304234706146084,0.23922447268758615,2.1946035655998526,0.9131979061583264,20.02248894525374
3,backsliding_Nyr,Y_unemployment,Unemployment rate,unemployment,instr-antiplural_w3_trt-ert_gapany_illib0p9026269_opp0p9026269_ctrypct_exclyr,backsliding_Nyr,271,10,0.2566608664345047,0.12952417173046957,175,8,0.5985686100211921,0.7895793242135789,0.44839981986231425,2.1545053908032212,7.1711520979422305,0.7638410827553923,23.178175893866165
3,backsliding_Nyr,Y_trade_pct_gdp,Trade / GDP,trade,instr-antiplural_w3_trt-ert_gapany_illib0p9026269_opp0p9026269_ctrypct_exclyr,backsliding_Nyr,271,10,0.2566608664345047,0.12952417173046957,234,7,-5.560257430729736,6.917168813789591,0.4214926877555112,-49.307594453992536,96.60152965602434,0.6097554957261786,15.172261716118031
3,backsliding_Nyr,Y_top10_share,Top-10% income share,top10,instr-antiplural_w3_trt-ert_gapany_illib0p9026269_opp0p9026269_ctrypct_exclyr,backsliding_Nyr,271,10,0.2566608664345047,0.12952417173046957,225,7,-0.46973915769239016,1.259524601574033,0.7091859781957491,1.0826021937245889,12.738334357572482,0.9322711409198096,15.700144323581464
3,backsliding_Nyr,Y_gini_disp,Disposable,gini,instr-antiplural_w3_trt-ert_gapany_illib0p9026269_opp0p9026269_ctrypct_exclyr,backsliding_Nyr,271,10,0.2566608664345047,0.12952417173046957,193,6,-0.00155957303244358,0.5383557006660636,0.9976885960304298,-0.96593099919877,5.4528103414284805,0.8593955170494983,17.22033550417214
3,backsliding_Nyr,Y_gini_mkt,Market,gini,instr-antiplural_w3_trt-ert_gapany_illib0p9026269_opp0p9026269_ctrypct_exclyr,backsliding_Nyr,271,10,0.2566608664345047,0.12952417173046957,193,6,-0.00247782520743997,0.47723027250739786,0.9958573256798312,-1.791163146056667,5.03369706400314,0.7219645004620288,15.99482529358308
3,backsliding_Nyr,Y_debt,Debt / GDP,fiscal,instr-antiplural_w3_trt-ert_gapany_illib0p9026269_opp0p9026269_ctrypct_exclyr,backsliding_Nyr,271,10,0.2566608664345047,0.12952417173046957,247,8,0.5467422989084385,7.096526316848138,0.9385888194358016,3.1999370253542665,54.00907292014965,0.9527544680860844,19.47001055514666
3,backsliding_Nyr,Y_deficit,Deficit / GDP,fiscal,instr-antiplural_w3_trt-ert_gapany_illib0p9026269_opp0p9026269_ctrypct_exclyr,backsliding_Nyr,271,10,0.2566608664345047,0.12952417173046957,204,8,4.0173510611958605,3.723775026631363,0.2806598248143772,13.653135211810646,49.62366600958279,0.783213639495995,18.93819658289195
3,backsliding_Nyr,Y_checks_balances,Checks & balances,institutions,instr-antiplural_w3_trt-ert_gapany_illib0p9026269_opp0p9026269_ctrypct_exclyr,backsliding_Nyr,271,10,0.2566608664345047,0.12952417173046957,259,8,-0.06333723163561908,0.07325953043178299,0.3872805448969493,-0.2759070489256353,0.6480440940546179,0.6702874647969008,23.155883812502875
3,backsliding_Nyr,Y_jucon,Judicial constraints,institutions,instr-antiplural_w3_trt-ert_gapany_illib0p9026269_opp0p9026269_ctrypct_exclyr,backsliding_Nyr,271,10,0.2566608664345047,0.12952417173046957,266,9,-0.01519417812036997,0.05197639082481096,0.7700355031879829,0.01829810598601942,0.3153221383066369,0.9537248274742994,19.30571006861124
3,backsliding_Nyr,Y_legcon,Legislative constraints,institutions,instr-antiplural_w3_trt-ert_gapany_illib0p9026269_opp0p9026269_ctrypct_exclyr,backsliding_Nyr,271,10,0.2566608664345047,0.12952417173046957,259,8,-0.11242053092631411,0.10701560345511502,0.29348554497639734,-0.4849691853625605,1.0012258947891124,0.6281194792699183,23.44035634042044
3,backsliding_Nyr,Y_hos_power,HOS,exec_power,instr-antiplural_w3_trt-ert_gapany_illib0p9026269_opp0p9026269_ctrypct_exclyr,backsliding_Nyr,271,10,0.2566608664345047,0.12952417173046957,266,9,-0.01830249343165559,0.03851003141543776,0.6345976703739007,-0.07729773096845147,0.26280774592049483,0.7686641247524336,18.892688520332793
3,backsliding_Nyr,Y_hog_power,HOG,exec_power,instr-antiplural_w3_trt-ert_gapany_illib0p9026269_opp0p9026269_ctrypct_exclyr,backsliding_Nyr,271,10,0.2566608664345047,0.12952417173046957,109,4,0.00935186107073222,0.04861432631784804,0.8474536287545014,-0.00733592786240945,0.43622919031200275,0.9865828609374754,18.37909960971148
3,backsliding_Nyr,Y_hos_power_vdem,HOS (v2ex_hosw),exec_power_alt,instr-antiplural_w3_trt-ert_gapany_illib0p9026269_opp0p9026269_ctrypct_exclyr,backsliding_Nyr,271,10,0.2566608664345047,0.12952417173046957,266,9,0.01421140062421566,0.0121535029414867,0.24227252228817897,-0.01858803958904613,0.03747832790341358,0.6199172093306331,14.19424629021494
3,backsliding_Nyr,Y_hog_power_vdem,HOG (v2ex_hogw),exec_power_alt,instr-antiplural_w3_trt-ert_gapany_illib0p9026269_opp0p9026269_ctrypct_exclyr,backsliding_Nyr,271,10,0.2566608664345047,0.12952417173046957,266,9,-0.0083507846721822,0.00535912627519618,0.1191772617528148,0.00888425511183192,0.03688993934839158,0.8096858052512106,14.954708869167158
3,backsliding_Nyr,Y_polyarchy,Electoral (polyarchy),vdem_high,instr-antiplural_w3_trt-ert_gapany_illib0p9026269_opp0p9026269_ctrypct_exclyr,backsliding_Nyr,271,10,0.2566608664345047,0.12952417173046957,266,9,-0.03314412752482873,0.04344699666014844,0.44554481173508576,0.04097594086615149,0.2622393830606483,0.8758328487185953,18.163181059431377
3,backsliding_Nyr,Y_libdem,Liberal,vdem_high,instr-antiplural_w3_trt-ert_gapany_illib0p9026269_opp0p9026269_ctrypct_exclyr,backsliding_Nyr,271,10,0.2566608664345047,0.12952417173046957,266,9,-0.03584388123184476,0.04238030235546554,0.3976824742204161,-0.01268179410491311,0.26103717308380003,0.961252151891827,18.359763652203963
3,backsliding_Nyr,Y_partipdem,Participatory,vdem_high,instr-antiplural_w3_trt-ert_gapany_illib0p9026269_opp0p9026269_ctrypct_exclyr,backsliding_Nyr,271,10,0.2566608664345047,0.12952417173046957,265,9,-0.00394250440270525,0.0289477066471543,0.891667906165278,0.09193785834197582,0.19307630162420675,0.6339506294164221,17.796995342281637
3,backsliding_Nyr,Y_delibdem,Deliberative,vdem_high,instr-antiplural_w3_trt-ert_gapany_illib0p9026269_opp0p9026269_ctrypct_exclyr,backsliding_Nyr,271,10,0.2566608664345047,0.12952417173046957,266,9,-0.0529235590485646,0.04775137553223083,0.2677258603910655,-0.0568946752699408,0.3363395185855263,0.8656720023449411,19.54979212170179
3,backsliding_Nyr,Y_egaldem,Egalitarian,vdem_high,instr-antiplural_w3_trt-ert_gapany_illib0p9026269_opp0p9026269_ctrypct_exclyr,backsliding_Nyr,271,10,0.2566608664345047,0.12952417173046957,266,9,-0.01102343562912204,0.02977607763704685,0.7112251772814862,0.04219660726025721,0.16854736137738033,0.8023131356671787,16.172349596525088
3,backsliding_Nyr,Y_elecoff,Elected officials,vdem_electoral,instr-antiplural_w3_trt-ert_gapany_illib0p9026269_opp0p9026269_ctrypct_exclyr,backsliding_Nyr,271,10,0.2566608664345047,0.12952417173046957,266,9,-0.04840886900049301,0.13352898358253942,0.7169526152453214,0.0708905770150366,0.858558894349703,0.934194040636562,22.09922052540488
3,backsliding_Nyr,Y_frefair,Clean elections,vdem_electoral,instr-antiplural_w3_trt-ert_gapany_illib0p9026269_opp0p9026269_ctrypct_exclyr,backsliding_Nyr,271,10,0.2566608664345047,0.12952417173046957,266,9,-0.03506731851193591,0.05792209298876291,0.5448985321861057,0.02652468032849316,0.3500673076477237,0.939601901235215,18.222234076725535
3,backsliding_Nyr,Y_frassoc,Association,vdem_electoral,instr-antiplural_w3_trt-ert_gapany_illib0p9026269_opp0p9026269_ctrypct_exclyr,backsliding_Nyr,271,10,0.2566608664345047,0.12952417173046957,266,9,-0.03820061738228303,0.05191654998113371,0.4618474983280994,0.06438002956726954,0.3353968699596519,0.8477799690607983,18.897063393048185
3,backsliding_Nyr,Y_suffr,Suffrage,vdem_electoral,instr-antiplural_w3_trt-ert_gapany_illib0p9026269_opp0p9026269_ctrypct_exclyr,backsliding_Nyr,271,10,0.2566608664345047,0.12952417173046957,266,9,-0.00252873699308976,0.00146002729904764,0.0832772561802339,-0.00747865832202738,0.00642224376405323,0.2442242523534223,17.641555014605068
3,backsliding_Nyr,Y_freexp,Expression & alt. info,vdem_electoral,instr-antiplural_w3_trt-ert_gapany_illib0p9026269_opp0p9026269_ctrypct_exclyr,backsliding_Nyr,271,10,0.2566608664345047,0.12952417173046957,266,9,-0.0320484558030624,0.05054469020965495,0.5260405100976818,0.0689805410838138,0.32620079049259293,0.8325232663679256,18.50860997073388
3,backsliding_Nyr,Y_cl_rol,Rule of law,vdem_liberal,instr-antiplural_w3_trt-ert_gapany_illib0p9026269_opp0p9026269_ctrypct_exclyr,backsliding_Nyr,271,10,0.2566608664345047,0.12952417173046957,266,9,-0.04600515602794675,0.03991765752106361,0.24911509632774137,-0.03593853099021973,0.261164110256594,0.8905494454347125,17.04267632866616
3,backsliding_Nyr,Y_cspart,Civil society,vdem_particip,instr-antiplural_w3_trt-ert_gapany_illib0p9026269_opp0p9026269_ctrypct_exclyr,backsliding_Nyr,271,10,0.2566608664345047,0.12952417173046957,266,9,0.02277867620944504,0.05155900172639863,0.6586352124077682,0.1968939216326896,0.4087860733050829,0.6300509343713624,18.95036876851821
3,backsliding_Nyr,Y_dd,Direct democracy,vdem_particip,instr-antiplural_w3_trt-ert_gapany_illib0p9026269_opp0p9026269_ctrypct_exclyr,backsliding_Nyr,271,10,0.2566608664345047,0.12952417173046957,266,9,0.03714687201186063,0.02553847300096955,0.14579511717153484,0.1877072477373085,0.24548154976796785,0.4444805191973331,15.123941162075797
3,backsliding_Nyr,Y_locelec,Local elections,vdem_particip,instr-antiplural_w3_trt-ert_gapany_illib0p9026269_opp0p9026269_ctrypct_exclyr,backsliding_Nyr,271,10,0.2566608664345047,0.12952417173046957,261,9,0.01090363372993701,0.06755150305862466,0.8717687933395227,0.06454782767449486,0.45257900132315215,0.8865885377707385,23.528927015544788
3,backsliding_Nyr,Y_regelec,Regional elections,vdem_particip,instr-antiplural_w3_trt-ert_gapany_illib0p9026269_opp0p9026269_ctrypct_exclyr,backsliding_Nyr,271,10,0.2566608664345047,0.12952417173046957,265,9,-0.00876479394438641,0.0686979497607315,0.89847779378569,-0.0951174235595317,0.42246383929123466,0.8218631555591915,16.194643343222626
3,backsliding_Nyr,Y_delib,Deliberation,vdem_egal_delib,instr-antiplural_w3_trt-ert_gapany_illib0p9026269_opp0p9026269_ctrypct_exclyr,backsliding_Nyr,271,10,0.2566608664345047,0.12952417173046957,266,9,-0.08015795720089729,0.0639671851225396,0.2101654619181568,-0.14328819871251552,0.5525360527884423,0.7953819968703031,21.580375755627497
3,backsliding_Nyr,Y_eqprotec,Equal protection,vdem_egal_delib,instr-antiplural_w3_trt-ert_gapany_illib0p9026269_opp0p9026269_ctrypct_exclyr,backsliding_Nyr,271,10,0.2566608664345047,0.12952417173046957,266,9,0.02545738021839407,0.03267991923091599,0.43598470532785016,0.16195732274601232,0.23765124672344184,0.49556049508330385,25.476886790635216
3,backsliding_Nyr,Y_eqaccess,Equal access,vdem_egal_delib,instr-antiplural_w3_trt-ert_gapany_illib0p9026269_opp0p9026269_ctrypct_exclyr,backsliding_Nyr,271,10,0.2566608664345047,0.12952417173046957,266,9,-0.01444744393344642,0.03330962677268407,0.664483221206678,0.05186161869029069,0.19036389347434743,0.7852882449965891,17.24167110116764
3,backsliding_Nyr,Y_eqdr,Equal distribution,vdem_egal_delib,instr-antiplural_w3_trt-ert_gapany_illib0p9026269_opp0p9026269_ctrypct_exclyr,backsliding_Nyr,271,10,0.2566608664345047,0.12952417173046957,266,9,-0.00221405930881185,0.02995723424373843,0.9410841203402628,0.01551570364742798,0.1955947753608454,0.9367735196191732,17.376270526495837
3,backsliding_union_Nyr,Y_gdp_growth,PWT,growth,instr-antiplural_w3_trt-ertOrDdcg_gapany_illib0p9026269_opp0p9026269_ctrypct_exclyr,backsliding_union_Nyr,271,11,0.25558180179828127,0.13021571227178505,250,9,-0.19682068071122089,0.08861017349028336,0.02633759901278666,-1.062864483202873,1.4482660304005628,0.46301724423909896,21.557109842349565
3,backsliding_union_Nyr,Y_gdp_growth_wb,World Bank,growth,instr-antiplural_w3_trt-ertOrDdcg_gapany_illib0p9026269_opp0p9026269_ctrypct_exclyr,backsliding_union_Nyr,271,11,0.25558180179828127,0.13021571227178505,257,9,-0.06457328828454323,0.0530020529199084,0.2231036313719108,-0.6389374705496854,0.7677494334971797,0.40528401459082375,21.169844429762765
3,backsliding_union_Nyr,Y_gdp_growth_imf,IMF WEO,growth,instr-antiplural_w3_trt-ertOrDdcg_gapany_illib0p9026269_opp0p9026269_ctrypct_exclyr,backsliding_union_Nyr,271,11,0.25558180179828127,0.13021571227178505,172,6,-0.15524842156919824,0.0635038396764922,0.01449689750778098,NA,NA,NA,NA
3,backsliding_union_Nyr,Y_inflation,"CPI, cumulative log",inflation,instr-antiplural_w3_trt-ertOrDdcg_gapany_illib0p9026269_opp0p9026269_ctrypct_exclyr,backsliding_union_Nyr,271,11,0.25558180179828127,0.13021571227178505,226,9,-0.01975965112658642,0.22631068184511055,0.9304234706146084,0.2392046585535993,2.1945487640501065,0.9132029084030364,20.022261143533676
3,backsliding_union_Nyr,Y_unemployment,Unemployment rate,unemployment,instr-antiplural_w3_trt-ertOrDdcg_gapany_illib0p9026269_opp0p9026269_ctrypct_exclyr,backsliding_union_Nyr,271,11,0.25558180179828127,0.13021571227178505,175,9,0.5985686100211921,0.7895793242135789,0.44839981986231425,2.1541866332406254,7.170838403492521,0.7638649613688328,23.17738573484877
3,backsliding_union_Nyr,Y_trade_pct_gdp,Trade / GDP,trade,instr-antiplural_w3_trt-ertOrDdcg_gapany_illib0p9026269_opp0p9026269_ctrypct_exclyr,backsliding_union_Nyr,271,11,0.25558180179828127,0.13021571227178505,234,8,-5.560257430729736,6.917168813789591,0.4214926877555112,-49.24033080301248,96.53077088998076,0.6099815171705258,15.182549439045738
3,backsliding_union_Nyr,Y_top10_share,Top-10% income share,top10,instr-antiplural_w3_trt-ertOrDdcg_gapany_illib0p9026269_opp0p9026269_ctrypct_exclyr,backsliding_union_Nyr,271,11,0.25558180179828127,0.13021571227178505,225,8,-0.46973915769239016,1.259524601574033,0.7091859781957491,1.0826144980454806,12.738324022632336,0.932270318180024,15.70008990908661
3,backsliding_union_Nyr,Y_gini_disp,Disposable,gini,instr-antiplural_w3_trt-ertOrDdcg_gapany_illib0p9026269_opp0p9026269_ctrypct_exclyr,backsliding_union_Nyr,271,11,0.25558180179828127,0.13021571227178505,193,7,-0.00155957303244358,0.5383557006660636,0.9976885960304298,-0.9659292426364912,5.4528104297379825,0.8593957723312431,17.220328658887052
3,backsliding_union_Nyr,Y_gini_mkt,Market,gini,instr-antiplural_w3_trt-ertOrDdcg_gapany_illib0p9026269_opp0p9026269_ctrypct_exclyr,backsliding_union_Nyr,271,11,0.25558180179828127,0.13021571227178505,193,7,-0.00247782520743997,0.47723027250739786,0.9958573256798312,-1.7912043612365962,5.033653197214376,0.7219560457911063,15.993753783463232
3,backsliding_union_Nyr,Y_debt,Debt / GDP,fiscal,instr-antiplural_w3_trt-ertOrDdcg_gapany_illib0p9026269_opp0p9026269_ctrypct_exclyr,backsliding_union_Nyr,271,11,0.25558180179828127,0.13021571227178505,247,9,0.5467422989084385,7.096526316848138,0.9385888194358016,3.200000539646665,54.00905896691644,0.95275351923305,19.469791157376335
3,backsliding_union_Nyr,Y_deficit,Deficit / GDP,fiscal,instr-antiplural_w3_trt-ertOrDdcg_gapany_illib0p9026269_opp0p9026269_ctrypct_exclyr,backsliding_union_Nyr,271,11,0.25558180179828127,0.13021571227178505,204,9,4.0173510611958605,3.723775026631363,0.2806598248143772,13.652277961253006,49.622911202952935,0.7832236961186209,18.93776091387612
3,backsliding_union_Nyr,Y_checks_balances,Checks & balances,institutions,instr-antiplural_w3_trt-ertOrDdcg_gapany_illib0p9026269_opp0p9026269_ctrypct_exclyr,backsliding_union_Nyr,271,11,0.25558180179828127,0.13021571227178505,259,9,-0.06333723163561908,0.07325953043178299,0.3872805448969493,-0.2758956214596496,0.6480394910242597,0.6702981117035737,23.15563949148662
3,backsliding_union_Nyr,Y_jucon,Judicial constraints,institutions,instr-antiplural_w3_trt-ertOrDdcg_gapany_illib0p9026269_opp0p9026269_ctrypct_exclyr,backsliding_union_Nyr,271,11,0.25558180179828127,0.13021571227178505,266,10,-0.01519417812036997,0.05197639082481096,0.7700355031879829,0.0182950775646629,0.3153235851410705,0.9537326896953014,19.30561695744031
3,backsliding_union_Nyr,Y_legcon,Legislative constraints,institutions,instr-antiplural_w3_trt-ertOrDdcg_gapany_illib0p9026269_opp0p9026269_ctrypct_exclyr,backsliding_union_Nyr,271,11,0.25558180179828127,0.13021571227178505,259,9,-0.11242053092631411,0.10701560345511502,0.29348554497639734,-0.4849465975020175,1.001218163940878,0.6281328335856606,23.44009700867124
3,backsliding_union_Nyr,Y_hos_power,HOS,exec_power,instr-antiplural_w3_trt-ertOrDdcg_gapany_illib0p9026269_opp0p9026269_ctrypct_exclyr,backsliding_union_Nyr,271,11,0.25558180179828127,0.13021571227178505,266,10,-0.01830249343165559,0.03851003141543776,0.6345976703739007,-0.07729324988171475,0.2628094502446598,0.7686786108369521,18.89254002042479
3,backsliding_union_Nyr,Y_hog_power,HOG,exec_power,instr-antiplural_w3_trt-ertOrDdcg_gapany_illib0p9026269_opp0p9026269_ctrypct_exclyr,backsliding_union_Nyr,271,11,0.25558180179828127,0.13021571227178505,109,5,0.00935186107073222,0.04861432631784804,0.8474536287545014,-0.00734059284354584,0.43618685368378,0.98657302668283,18.37784864229076
3,backsliding_union_Nyr,Y_hos_power_vdem,HOS (v2ex_hosw),exec_power_alt,instr-antiplural_w3_trt-ertOrDdcg_gapany_illib0p9026269_opp0p9026269_ctrypct_exclyr,backsliding_union_Nyr,271,11,0.25558180179828127,0.13021571227178505,266,10,0.01421140062421566,0.0121535029414867,0.24227252228817897,-0.0181631430766061,0.03748549025444187,0.6280041292016376,14.267456140514144
3,backsliding_union_Nyr,Y_hog_power_vdem,HOG (v2ex_hogw),exec_power_alt,instr-antiplural_w3_trt-ertOrDdcg_gapany_illib0p9026269_opp0p9026269_ctrypct_exclyr,backsliding_union_Nyr,271,11,0.25558180179828127,0.13021571227178505,266,10,-0.0083507846721822,0.00535912627519618,0.1191772617528148,0.00638133975952019,0.03698517731877925,0.8630147758928232,15.569072875096523
3,backsliding_union_Nyr,Y_polyarchy,Electoral (polyarchy),vdem_high,instr-antiplural_w3_trt-ertOrDdcg_gapany_illib0p9026269_opp0p9026269_ctrypct_exclyr,backsliding_union_Nyr,271,11,0.25558180179828127,0.13021571227178505,266,10,-0.03314412752482873,0.04344699666014844,0.44554481173508576,0.04097830503948625,0.2622393823528776,0.8758257424804547,18.163104338280657
3,backsliding_union_Nyr,Y_libdem,Liberal,vdem_high,instr-antiplural_w3_trt-ertOrDdcg_gapany_illib0p9026269_opp0p9026269_ctrypct_exclyr,backsliding_union_Nyr,271,11,0.25558180179828127,0.13021571227178505,266,10,-0.03584388123184476,0.04238030235546554,0.3976824742204161,-0.01267638137301632,0.26103703191177957,0.9612686559790522,18.359557068151577
3,backsliding_union_Nyr,Y_partipdem,Participatory,vdem_high,instr-antiplural_w3_trt-ertOrDdcg_gapany_illib0p9026269_opp0p9026269_ctrypct_exclyr,backsliding_union_Nyr,271,11,0.25558180179828127,0.13021571227178505,265,10,-0.00394250440270525,0.0289477066471543,0.891667906165278,0.09193838762263108,0.19307626560898275,0.6339486133294201,17.796957295224153
3,backsliding_union_Nyr,Y_delibdem,Deliberative,vdem_high,instr-antiplural_w3_trt-ertOrDdcg_gapany_illib0p9026269_opp0p9026269_ctrypct_exclyr,backsliding_union_Nyr,271,11,0.25558180179828127,0.13021571227178505,266,10,-0.0529235590485646,0.04775137553223083,0.2677258603910655,-0.0568895526232252,0.3363391800843334,0.86568384808377,19.54970981649417
3,backsliding_union_Nyr,Y_egaldem,Egalitarian,vdem_high,instr-antiplural_w3_trt-ertOrDdcg_gapany_illib0p9026269_opp0p9026269_ctrypct_exclyr,backsliding_union_Nyr,271,11,0.25558180179828127,0.13021571227178505,266,10,-0.01102343562912204,0.02977607763704685,0.7112251772814862,0.04219658516625511,0.1685473331129353,0.8023132045667057,16.172280488915927
3,backsliding_union_Nyr,Y_elecoff,Elected officials,vdem_electoral,instr-antiplural_w3_trt-ertOrDdcg_gapany_illib0p9026269_opp0p9026269_ctrypct_exclyr,backsliding_union_Nyr,271,11,0.25558180179828127,0.13021571227178505,266,10,-0.04840886900049301,0.13352898358253942,0.7169526152453214,0.07031244581722074,0.8586201371547816,0.9347341469489548,22.103853295824095
3,backsliding_union_Nyr,Y_frefair,Clean elections,vdem_electoral,instr-antiplural_w3_trt-ertOrDdcg_gapany_illib0p9026269_opp0p9026269_ctrypct_exclyr,backsliding_union_Nyr,271,11,0.25558180179828127,0.13021571227178505,266,10,-0.03506731851193591,0.05792209298876291,0.5448985321861057,0.0265264964753623,0.350067525045114,0.9395978111206348,18.222152863317472
3,backsliding_union_Nyr,Y_frassoc,Association,vdem_electoral,instr-antiplural_w3_trt-ertOrDdcg_gapany_illib0p9026269_opp0p9026269_ctrypct_exclyr,backsliding_union_Nyr,271,11,0.25558180179828127,0.13021571227178505,266,10,-0.03820061738228303,0.05191654998113371,0.4618474983280994,0.064380047031828,0.335396845779446,0.8477799174322158,18.897065492953526
3,backsliding_union_Nyr,Y_suffr,Suffrage,vdem_electoral,instr-antiplural_w3_trt-ertOrDdcg_gapany_illib0p9026269_opp0p9026269_ctrypct_exclyr,backsliding_union_Nyr,271,11,0.25558180179828127,0.13021571227178505,266,10,-0.00252873699308976,0.00146002729904764,0.0832772561802339,-0.00747812285503841,0.00642205677862648,0.24424429093074884,17.641913615954884
3,backsliding_union_Nyr,Y_freexp,Expression & alt. info,vdem_electoral,instr-antiplural_w3_trt-ertOrDdcg_gapany_illib0p9026269_opp0p9026269_ctrypct_exclyr,backsliding_union_Nyr,271,11,0.25558180179828127,0.13021571227178505,266,10,-0.0320484558030624,0.05054469020965495,0.5260405100976818,0.06897716372034415,0.32620307346642485,0.8325324994086304,18.508526571524712
3,backsliding_union_Nyr,Y_cl_rol,Rule of law,vdem_liberal,instr-antiplural_w3_trt-ertOrDdcg_gapany_illib0p9026269_opp0p9026269_ctrypct_exclyr,backsliding_union_Nyr,271,11,0.25558180179828127,0.13021571227178505,266,10,-0.04600515602794675,0.03991765752106361,0.24911509632774137,-0.03593938672927908,0.2611642862789464,0.8905469290023863,17.042598269546506
3,backsliding_union_Nyr,Y_cspart,Civil society,vdem_particip,instr-antiplural_w3_trt-ertOrDdcg_gapany_illib0p9026269_opp0p9026269_ctrypct_exclyr,backsliding_union_Nyr,271,11,0.25558180179828127,0.13021571227178505,266,10,0.02277867620944504,0.05155900172639863,0.6586352124077682,0.19689374036123844,0.40878615611338015,0.6300513187571135,18.950364779363383
3,backsliding_union_Nyr,Y_dd,Direct democracy,vdem_particip,instr-antiplural_w3_trt-ertOrDdcg_gapany_illib0p9026269_opp0p9026269_ctrypct_exclyr,backsliding_union_Nyr,271,11,0.25558180179828127,0.13021571227178505,266,10,0.03714687201186063,0.02553847300096955,0.14579511717153484,0.18770774415541727,0.2454804993433679,0.44447736581536856,15.123955482966965
3,backsliding_union_Nyr,Y_locelec,Local elections,vdem_particip,instr-antiplural_w3_trt-ertOrDdcg_gapany_illib0p9026269_opp0p9026269_ctrypct_exclyr,backsliding_union_Nyr,271,11,0.25558180179828127,0.13021571227178505,261,10,0.01090363372993701,0.06755150305862466,0.8717687933395227,0.06397267974292782,0.4534479322781624,0.8878063156728461,23.581788575816912
3,backsliding_union_Nyr,Y_regelec,Regional elections,vdem_particip,instr-antiplural_w3_trt-ertOrDdcg_gapany_illib0p9026269_opp0p9026269_ctrypct_exclyr,backsliding_union_Nyr,271,11,0.25558180179828127,0.13021571227178505,265,10,-0.00876479394438641,0.0686979497607315,0.89847779378569,-0.0951177920992278,0.4224641729532511,0.8218626152701319,16.194603998667464
3,backsliding_union_Nyr,Y_delib,Deliberation,vdem_egal_delib,instr-antiplural_w3_trt-ertOrDdcg_gapany_illib0p9026269_opp0p9026269_ctrypct_exclyr,backsliding_union_Nyr,271,11,0.25558180179828127,0.13021571227178505,266,10,-0.08015795720089729,0.0639671851225396,0.2101654619181568,-0.14328633185340994,0.5525361432684626,0.7953846363128463,21.580339029091224
3,backsliding_union_Nyr,Y_eqprotec,Equal protection,vdem_egal_delib,instr-antiplural_w3_trt-ertOrDdcg_gapany_illib0p9026269_opp0p9026269_ctrypct_exclyr,backsliding_union_Nyr,271,11,0.25558180179828127,0.13021571227178505,266,10,0.02545738021839407,0.03267991923091599,0.43598470532785016,0.1619425009941603,0.23767653936591088,0.4956458181978128,25.48058280307237
3,backsliding_union_Nyr,Y_eqaccess,Equal access,vdem_egal_delib,instr-antiplural_w3_trt-ertOrDdcg_gapany_illib0p9026269_opp0p9026269_ctrypct_exclyr,backsliding_union_Nyr,271,11,0.25558180179828127,0.13021571227178505,266,10,-0.01444744393344642,0.03330962677268407,0.664483221206678,0.05186050289998572,0.1903636479765442,0.7852924812034479,17.241732114283835
3,backsliding_union_Nyr,Y_eqdr,Equal distribution,vdem_egal_delib,instr-antiplural_w3_trt-ertOrDdcg_gapany_illib0p9026269_opp0p9026269_ctrypct_exclyr,backsliding_union_Nyr,271,11,0.25558180179828127,0.13021571227178505,266,10,-0.00221405930881185,0.02995723424373843,0.9410841203402628,0.01551547628795879,0.1955947872598905,0.9367744480054492,17.376255230418664
3,polyarchy_decline,Y_gdp_growth,PWT,growth,instr-antiplural_w3_trt-polyarchy_gapany_illib0p9026269_opp0p9026269_ctrypct_exclyr,polyarchy_decline,266,125,0.03314412752482873,0.44554481173508576,250,117,-0.19682068071122089,0.08861017349028336,0.02633759901278666,-3.6076155645366015,4.2364118253462415,0.3944509159745502,28.725704915973267
3,polyarchy_decline,Y_gdp_growth_wb,World Bank,growth,instr-antiplural_w3_trt-polyarchy_gapany_illib0p9026269_opp0p9026269_ctrypct_exclyr,polyarchy_decline,266,125,0.03314412752482873,0.44554481173508576,257,121,-0.06457328828454323,0.0530020529199084,0.2231036313719108,-1.2731605382215294,1.957062257676082,0.5153390986144217,28.13987994854696
3,polyarchy_decline,Y_gdp_growth_imf,IMF WEO,growth,instr-antiplural_w3_trt-polyarchy_gapany_illib0p9026269_opp0p9026269_ctrypct_exclyr,polyarchy_decline,266,125,0.03314412752482873,0.44554481173508576,172,83,-0.15524842156919824,0.0635038396764922,0.01449689750778098,4.2168578005211135,11.834213402200856,0.7215951826476611,17.903068808718455
3,polyarchy_decline,Y_inflation,"CPI, cumulative log",inflation,instr-antiplural_w3_trt-polyarchy_gapany_illib0p9026269_opp0p9026269_ctrypct_exclyr,polyarchy_decline,266,125,0.03314412752482873,0.44554481173508576,226,110,-0.01975965112658642,0.22631068184511055,0.9304234706146084,-0.6269561477010797,192.95875896161257,0.9974075405902024,19.831828272819813
3,polyarchy_decline,Y_unemployment,Unemployment rate,unemployment,instr-antiplural_w3_trt-polyarchy_gapany_illib0p9026269_opp0p9026269_ctrypct_exclyr,polyarchy_decline,266,125,0.03314412752482873,0.44554481173508576,175,104,0.5985686100211921,0.7895793242135789,0.44839981986231425,11.438751027283727,29.216460812960143,0.6954148739237188,20.180539341860303
3,polyarchy_decline,Y_trade_pct_gdp,Trade / GDP,trade,instr-antiplural_w3_trt-polyarchy_gapany_illib0p9026269_opp0p9026269_ctrypct_exclyr,polyarchy_decline,266,125,0.03314412752482873,0.44554481173508576,234,117,-5.560257430729736,6.917168813789591,0.4214926877555112,16.13640740277362,233.14075297745856,0.9448199509167042,22.799739879496585
3,polyarchy_decline,Y_top10_share,Top-10% income share,top10,instr-antiplural_w3_trt-polyarchy_gapany_illib0p9026269_opp0p9026269_ctrypct_exclyr,polyarchy_decline,266,125,0.03314412752482873,0.44554481173508576,225,107,-0.46973915769239016,1.259524601574033,0.7091859781957491,-28.059143535321756,67.25415977446502,0.6765244249443538,26.2916810376567
3,polyarchy_decline,Y_gini_disp,Disposable,gini,instr-antiplural_w3_trt-polyarchy_gapany_illib0p9026269_opp0p9026269_ctrypct_exclyr,polyarchy_decline,266,125,0.03314412752482873,0.44554481173508576,193,96,-0.00155957303244358,0.5383557006660636,0.9976885960304298,6.0248625951470185,68.91215658779518,0.9303311919006556,18.155249290674274
3,polyarchy_decline,Y_gini_mkt,Market,gini,instr-antiplural_w3_trt-polyarchy_gapany_illib0p9026269_opp0p9026269_ctrypct_exclyr,polyarchy_decline,266,125,0.03314412752482873,0.44554481173508576,193,96,-0.00247782520743997,0.47723027250739786,0.9958573256798312,-13.61973259084672,45.98272511986306,0.7670831711254198,22.563439897703887
3,polyarchy_decline,Y_debt,Debt / GDP,fiscal,instr-antiplural_w3_trt-polyarchy_gapany_illib0p9026269_opp0p9026269_ctrypct_exclyr,polyarchy_decline,266,125,0.03314412752482873,0.44554481173508576,247,120,0.5467422989084385,7.096526316848138,0.9385888194358016,26.647935650484204,329.6729345260364,0.9355760100983478,23.402540934735985
3,polyarchy_decline,Y_deficit,Deficit / GDP,fiscal,instr-antiplural_w3_trt-polyarchy_gapany_illib0p9026269_opp0p9026269_ctrypct_exclyr,polyarchy_decline,266,125,0.03314412752482873,0.44554481173508576,204,107,4.0173510611958605,3.723775026631363,0.2806598248143772,1596.105363562618,5364.85809432566,0.7660762593779233,18.26432843422445
3,polyarchy_decline,Y_checks_balances,Checks & balances,institutions,instr-antiplural_w3_trt-polyarchy_gapany_illib0p9026269_opp0p9026269_ctrypct_exclyr,polyarchy_decline,266,125,0.03314412752482873,0.44554481173508576,259,124,-0.06333723163561908,0.07325953043178299,0.3872805448969493,-1.7585713247702088,2.9588980287070923,0.5522892793650649,24.344351378744417
3,polyarchy_decline,Y_jucon,Judicial constraints,institutions,instr-antiplural_w3_trt-polyarchy_gapany_illib0p9026269_opp0p9026269_ctrypct_exclyr,polyarchy_decline,266,125,0.03314412752482873,0.44554481173508576,266,125,-0.01519417812036997,0.05197639082481096,0.7700355031879829,-0.4510899582817085,1.4122652940165124,0.7494165410660081,24.07498157135591
3,polyarchy_decline,Y_legcon,Legislative constraints,institutions,instr-antiplural_w3_trt-polyarchy_gapany_illib0p9026269_opp0p9026269_ctrypct_exclyr,polyarchy_decline,266,125,0.03314412752482873,0.44554481173508576,259,124,-0.11242053092631411,0.10701560345511502,0.29348554497639734,-3.147977181397851,5.218021876281574,0.5463161967840549,25.90780779373405
3,polyarchy_decline,Y_hos_power,HOS,exec_power,instr-antiplural_w3_trt-polyarchy_gapany_illib0p9026269_opp0p9026269_ctrypct_exclyr,polyarchy_decline,266,125,0.03314412752482873,0.44554481173508576,266,125,-0.01830249343165559,0.03851003141543776,0.6345976703739007,-0.8428049087526377,3.084268883574948,0.7846539606419225,20.63825689137113
3,polyarchy_decline,Y_hog_power,HOG,exec_power,instr-antiplural_w3_trt-polyarchy_gapany_illib0p9026269_opp0p9026269_ctrypct_exclyr,polyarchy_decline,266,125,0.03314412752482873,0.44554481173508576,109,50,0.00935186107073222,0.04861432631784804,0.8474536287545014,0.11087849552406968,0.9161240648911008,0.9036672733318653,21.573888350328833
3,polyarchy_decline,Y_hos_power_vdem,HOS (v2ex_hosw),exec_power_alt,instr-antiplural_w3_trt-polyarchy_gapany_illib0p9026269_opp0p9026269_ctrypct_exclyr,polyarchy_decline,266,125,0.03314412752482873,0.44554481173508576,266,125,0.01421140062421566,0.0121535029414867,0.24227252228817897,1.0860936677095003,1.5472794760082669,0.4827180685986082,19.903433755109948
3,polyarchy_decline,Y_hog_power_vdem,HOG (v2ex_hogw),exec_power_alt,instr-antiplural_w3_trt-polyarchy_gapany_illib0p9026269_opp0p9026269_ctrypct_exclyr,polyarchy_decline,266,125,0.03314412752482873,0.44554481173508576,266,125,-0.0083507846721822,0.00535912627519618,0.1191772617528148,-1.0250207215017892,1.5599095039707478,0.5111148933738975,19.870556593868336
3,polyarchy_decline,Y_polyarchy,Electoral (polyarchy),vdem_high,instr-antiplural_w3_trt-polyarchy_gapany_illib0p9026269_opp0p9026269_ctrypct_exclyr,polyarchy_decline,266,125,0.03314412752482873,0.44554481173508576,266,125,-0.03314412752482873,0.04344699666014844,0.44554481173508576,-1,5.684989304617793e-17,0,26.15036613066797
3,polyarchy_decline,Y_libdem,Liberal,vdem_high,instr-antiplural_w3_trt-polyarchy_gapany_illib0p9026269_opp0p9026269_ctrypct_exclyr,polyarchy_decline,266,125,0.03314412752482873,0.44554481173508576,266,125,-0.03584388123184476,0.04238030235546554,0.3976824742204161,-1.0447131298899868,0.5551090399822638,0.05983652521190171,26.264443188479337
3,polyarchy_decline,Y_partipdem,Participatory,vdem_high,instr-antiplural_w3_trt-polyarchy_gapany_illib0p9026269_opp0p9026269_ctrypct_exclyr,polyarchy_decline,266,125,0.03314412752482873,0.44554481173508576,265,125,-0.00394250440270525,0.0289477066471543,0.891667906165278,-0.0919678830455521,0.6031747318555777,0.8788138553430095,26.135814611716736
3,polyarchy_decline,Y_delibdem,Deliberative,vdem_high,instr-antiplural_w3_trt-polyarchy_gapany_illib0p9026269_opp0p9026269_ctrypct_exclyr,polyarchy_decline,266,125,0.03314412752482873,0.44554481173508576,266,125,-0.0529235590485646,0.04775137553223083,0.2677258603910655,-1.7204741394415848,1.378197874776255,0.2119026925987668,22.301284673632885
3,polyarchy_decline,Y_egaldem,Egalitarian,vdem_high,instr-antiplural_w3_trt-polyarchy_gapany_illib0p9026269_opp0p9026269_ctrypct_exclyr,polyarchy_decline,266,125,0.03314412752482873,0.44554481173508576,266,125,-0.01102343562912204,0.02977607763704685,0.7112251772814862,-0.2853222292277348,0.538472928047296,0.5962000344518354,22.072563566528327
3,polyarchy_decline,Y_elecoff,Elected officials,vdem_electoral,instr-antiplural_w3_trt-polyarchy_gapany_illib0p9026269_opp0p9026269_ctrypct_exclyr,polyarchy_decline,266,125,0.03314412752482873,0.44554481173508576,266,125,-0.04840886900049301,0.13352898358253942,0.7169526152453214,-1.6814607131646218,2.9530861577883316,0.569090815668606,23.50222375911394
3,polyarchy_decline,Y_frefair,Clean elections,vdem_electoral,instr-antiplural_w3_trt-polyarchy_gapany_illib0p9026269_opp0p9026269_ctrypct_exclyr,polyarchy_decline,266,125,0.03314412752482873,0.44554481173508576,266,125,-0.03506731851193591,0.05792209298876291,0.5448985321861057,-1.0609293522912224,0.9272373205046318,0.25254767431404346,23.172340702019984
3,polyarchy_decline,Y_frassoc,Association,vdem_electoral,instr-antiplural_w3_trt-polyarchy_gapany_illib0p9026269_opp0p9026269_ctrypct_exclyr,polyarchy_decline,266,125,0.03314412752482873,0.44554481173508576,266,125,-0.03820061738228303,0.05191654998113371,0.4618474983280994,-0.9898820251671764,0.9876482715356696,0.3162172203520526,22.418603546407056
3,polyarchy_decline,Y_suffr,Suffrage,vdem_electoral,instr-antiplural_w3_trt-polyarchy_gapany_illib0p9026269_opp0p9026269_ctrypct_exclyr,polyarchy_decline,266,125,0.03314412752482873,0.44554481173508576,266,125,-0.00252873699308976,0.00146002729904764,0.0832772561802339,0.01657827129421236,0.08306448508419646,0.8418066097462296,29.303455278112892
3,polyarchy_decline,Y_freexp,Expression & alt. info,vdem_electoral,instr-antiplural_w3_trt-polyarchy_gapany_illib0p9026269_opp0p9026269_ctrypct_exclyr,polyarchy_decline,266,125,0.03314412752482873,0.44554481173508576,266,125,-0.0320484558030624,0.05054469020965495,0.5260405100976818,-0.5011974562803947,1.8951492302594848,0.7914229257350615,19.9408756787256
3,polyarchy_decline,Y_cl_rol,Rule of law,vdem_liberal,instr-antiplural_w3_trt-polyarchy_gapany_illib0p9026269_opp0p9026269_ctrypct_exclyr,polyarchy_decline,266,125,0.03314412752482873,0.44554481173508576,266,125,-0.04600515602794675,0.03991765752106361,0.24911509632774137,-2.3546755525957956,4.266982607100803,0.5810605693248139,20.08843881798324
3,polyarchy_decline,Y_cspart,Civil society,vdem_particip,instr-antiplural_w3_trt-polyarchy_gapany_illib0p9026269_opp0p9026269_ctrypct_exclyr,polyarchy_decline,266,125,0.03314412752482873,0.44554481173508576,266,125,0.02277867620944504,0.05155900172639863,0.6586352124077682,1.2761534584176202,4.175447063294887,0.7598842656110867,21.400247900071676
3,polyarchy_decline,Y_dd,Direct democracy,vdem_particip,instr-antiplural_w3_trt-polyarchy_gapany_illib0p9026269_opp0p9026269_ctrypct_exclyr,polyarchy_decline,266,125,0.03314412752482873,0.44554481173508576,266,125,0.03714687201186063,0.02553847300096955,0.14579511717153484,1.086083210798508,1.4829458392299866,0.4639352894331598,23.141633201527164
3,polyarchy_decline,Y_locelec,Local elections,vdem_particip,instr-antiplural_w3_trt-polyarchy_gapany_illib0p9026269_opp0p9026269_ctrypct_exclyr,polyarchy_decline,266,125,0.03314412752482873,0.44554481173508576,261,123,0.01090363372993701,0.06755150305862466,0.8717687933395227,0.36009855222115106,1.8539250763552304,0.8459912810564789,28.09891144145986
3,polyarchy_decline,Y_regelec,Regional elections,vdem_particip,instr-antiplural_w3_trt-polyarchy_gapany_illib0p9026269_opp0p9026269_ctrypct_exclyr,polyarchy_decline,266,125,0.03314412752482873,0.44554481173508576,265,125,-0.00876479394438641,0.0686979497607315,0.89847779378569,0.03012027293381661,1.747308673249983,0.9862466712695228,28.21077030241059
3,polyarchy_decline,Y_delib,Deliberation,vdem_egal_delib,instr-antiplural_w3_trt-polyarchy_gapany_illib0p9026269_opp0p9026269_ctrypct_exclyr,polyarchy_decline,266,125,0.03314412752482873,0.44554481173508576,266,125,-0.08015795720089729,0.0639671851225396,0.2101654619181568,-3.2396695448400425,4.542842214591892,0.4757608937719059,21.115884146357264
3,polyarchy_decline,Y_eqprotec,Equal protection,vdem_egal_delib,instr-antiplural_w3_trt-polyarchy_gapany_illib0p9026269_opp0p9026269_ctrypct_exclyr,polyarchy_decline,266,125,0.03314412752482873,0.44554481173508576,266,125,0.02545738021839407,0.03267991923091599,0.43598470532785016,0.6922452400231652,1.1859503711446853,0.5594187580984484,26.13270056313845
3,polyarchy_decline,Y_eqaccess,Equal access,vdem_egal_delib,instr-antiplural_w3_trt-polyarchy_gapany_illib0p9026269_opp0p9026269_ctrypct_exclyr,polyarchy_decline,266,125,0.03314412752482873,0.44554481173508576,266,125,-0.01444744393344642,0.03330962677268407,0.664483221206678,-0.5204554656257672,0.6486600783346728,0.4223478064641492,29.426831487762666
3,polyarchy_decline,Y_eqdr,Equal distribution,vdem_egal_delib,instr-antiplural_w3_trt-polyarchy_gapany_illib0p9026269_opp0p9026269_ctrypct_exclyr,polyarchy_decline,266,125,0.03314412752482873,0.44554481173508576,266,125,-0.00221405930881185,0.02995723424373843,0.9410841203402628,-0.09568388273627836,0.6817202024993981,0.8883783010389797,29.21521532986867
4,backsliding_Nyr,Y_gdp_growth,PWT,growth,instr-antiplural_w4_trt-ert_gapany_illib0p9026269_opp0p9026269_ctrypct_exclyr,backsliding_Nyr,271,17,0.11493811311730692,0.49526066104249455,242,13,-0.21364746539306623,0.12150411398607903,0.07868698621103876,-1.3130942277546864,1.7512326333518964,0.45336828971361937,20.573096402045945
4,backsliding_Nyr,Y_gdp_growth_wb,World Bank,growth,instr-antiplural_w4_trt-ert_gapany_illib0p9026269_opp0p9026269_ctrypct_exclyr,backsliding_Nyr,271,17,0.11493811311730692,0.49526066104249455,248,15,-0.09033348556190075,0.0693540746282709,0.19274648658132157,-4.670437732138941,24.897779679847854,0.8512023720903042,22.26438135301314
4,backsliding_Nyr,Y_gdp_growth_imf,IMF WEO,growth,instr-antiplural_w4_trt-ert_gapany_illib0p9026269_opp0p9026269_ctrypct_exclyr,backsliding_Nyr,271,17,0.11493811311730692,0.49526066104249455,163,11,-0.14957080275652346,0.07480610119863519,0.04556005698663209,-1.7672094826561553,27.10188091626376,0.9480098595559496,25.32757291932363
4,backsliding_Nyr,Y_inflation,"CPI, cumulative log",inflation,instr-antiplural_w4_trt-ert_gapany_illib0p9026269_opp0p9026269_ctrypct_exclyr,backsliding_Nyr,271,17,0.11493811311730692,0.49526066104249455,216,15,-0.04975220837579644,0.2846476548987072,0.8612483874073538,-144.2263107811272,695.5657012771854,0.835735671971628,27.69730240622243
4,backsliding_Nyr,Y_unemployment,Unemployment rate,unemployment,instr-antiplural_w4_trt-ert_gapany_illib0p9026269_opp0p9026269_ctrypct_exclyr,backsliding_Nyr,271,17,0.11493811311730692,0.49526066104249455,171,14,0.4597977117681232,0.724279985962704,0.5255365497911488,2.9969543886504937,124.94870529995548,0.9808641924665488,26.48698126386771
4,backsliding_Nyr,Y_trade_pct_gdp,Trade / GDP,trade,instr-antiplural_w4_trt-ert_gapany_illib0p9026269_opp0p9026269_ctrypct_exclyr,backsliding_Nyr,271,17,0.11493811311730692,0.49526066104249455,223,14,1.144956362826032,6.3779932501692365,0.8575319979951612,-105.79543813564628,928.874435858532,0.9093199331730633,16.789782056937447
4,backsliding_Nyr,Y_top10_share,Top-10% income share,top10,instr-antiplural_w4_trt-ert_gapany_illib0p9026269_opp0p9026269_ctrypct_exclyr,backsliding_Nyr,271,17,0.11493811311730692,0.49526066104249455,217,14,0.4296302747730707,1.0290543834953447,0.6763126747998112,15.98217824590864,348.63838650378466,0.9634364175386418,23.650004155099847
4,backsliding_Nyr,Y_gini_disp,Disposable,gini,instr-antiplural_w4_trt-ert_gapany_illib0p9026269_opp0p9026269_ctrypct_exclyr,backsliding_Nyr,271,17,0.11493811311730692,0.49526066104249455,187,13,0.22381216573940096,0.6565303706720121,0.7331777612577439,-5.731138261478001,48.24659949402396,0.9054429678330956,18.870661318738943
4,backsliding_Nyr,Y_gini_mkt,Market,gini,instr-antiplural_w4_trt-ert_gapany_illib0p9026269_opp0p9026269_ctrypct_exclyr,backsliding_Nyr,271,17,0.11493811311730692,0.49526066104249455,187,13,-0.1253394098378144,0.5524928714396987,0.8205313721221053,3.2954056659606707,13.369362517151869,0.8053034366862523,18.46229202811027
4,backsliding_Nyr,Y_debt,Debt / GDP,fiscal,instr-antiplural_w4_trt-ert_gapany_illib0p9026269_opp0p9026269_ctrypct_exclyr,backsliding_Nyr,271,17,0.11493811311730692,0.49526066104249455,237,15,1.828306302323107,9.943341156369293,0.8541135335711247,7.856993178844334,232.3022594019122,0.9730188654037532,16.98154790069571
4,backsliding_Nyr,Y_deficit,Deficit / GDP,fiscal,instr-antiplural_w4_trt-ert_gapany_illib0p9026269_opp0p9026269_ctrypct_exclyr,backsliding_Nyr,271,17,0.11493811311730692,0.49526066104249455,195,15,2.4593416659200544,4.337926350534237,0.5707553068123034,-79.17277239899916,729.9063782145356,0.9136230640119356,17.620923807481386
4,backsliding_Nyr,Y_checks_balances,Checks & balances,institutions,instr-antiplural_w4_trt-ert_gapany_illib0p9026269_opp0p9026269_ctrypct_exclyr,backsliding_Nyr,271,17,0.11493811311730692,0.49526066104249455,255,14,-0.0558408841756604,0.06197256831007358,0.36755743332010177,3.1837028916509835,39.750005996261535,0.9361631767793022,21.45267080937862
4,backsliding_Nyr,Y_jucon,Judicial constraints,institutions,instr-antiplural_w4_trt-ert_gapany_illib0p9026269_opp0p9026269_ctrypct_exclyr,backsliding_Nyr,271,17,0.11493811311730692,0.49526066104249455,262,15,-0.00571814460086508,0.05075701311320389,0.9103023092533452,-1.465901095782724,7.515277764516491,0.8453489957084661,25.27706104250219
4,backsliding_Nyr,Y_legcon,Legislative constraints,institutions,instr-antiplural_w4_trt-ert_gapany_illib0p9026269_opp0p9026269_ctrypct_exclyr,backsliding_Nyr,271,17,0.11493811311730692,0.49526066104249455,255,14,-0.10004504406275086,0.08926881901281003,0.26240852950612703,1.947272686488001,31.683829217446316,0.950993258050636,23.46175894366777
4,backsliding_Nyr,Y_hos_power,HOS,exec_power,instr-antiplural_w4_trt-ert_gapany_illib0p9026269_opp0p9026269_ctrypct_exclyr,backsliding_Nyr,271,17,0.11493811311730692,0.49526066104249455,262,15,-0.01897111395805839,0.031077707498304,0.5415695638980719,-1.5979020608843828,6.420143650899917,0.8034467735347373,22.43862145110212
4,backsliding_Nyr,Y_hog_power,HOG,exec_power,instr-antiplural_w4_trt-ert_gapany_illib0p9026269_opp0p9026269_ctrypct_exclyr,backsliding_Nyr,271,17,0.11493811311730692,0.49526066104249455,102,8,0.04742883814128441,0.05245627153164441,0.36591081277434706,0.0386720539799163,1.155054175305409,0.9732912345189813,21.90169658976299
4,backsliding_Nyr,Y_hos_power_vdem,HOS (v2ex_hosw),exec_power_alt,instr-antiplural_w4_trt-ert_gapany_illib0p9026269_opp0p9026269_ctrypct_exclyr,backsliding_Nyr,271,17,0.11493811311730692,0.49526066104249455,262,15,0.00926683408292873,0.01019164103053755,0.3632138025631656,0.3661658814133568,0.4498939634407359,0.4157058260438413,19.393678511507133
4,backsliding_Nyr,Y_hog_power_vdem,HOG (v2ex_hogw),exec_power_alt,instr-antiplural_w4_trt-ert_gapany_illib0p9026269_opp0p9026269_ctrypct_exclyr,backsliding_Nyr,271,17,0.11493811311730692,0.49526066104249455,262,15,-0.01071301440108044,0.01178525853334738,0.3633405232740599,-0.5122932008200293,0.7931321981290348,0.5183366772168327,19.559194631260603
4,backsliding_Nyr,Y_polyarchy,Electoral (polyarchy),vdem_high,instr-antiplural_w4_trt-ert_gapany_illib0p9026269_opp0p9026269_ctrypct_exclyr,backsliding_Nyr,271,17,0.11493811311730692,0.49526066104249455,262,15,-0.03205821046548145,0.04233549725787272,0.4489049789599017,-0.3600483390123812,3.656583840105894,0.9215624523734294,19.580850238555666
4,backsliding_Nyr,Y_libdem,Liberal,vdem_high,instr-antiplural_w4_trt-ert_gapany_illib0p9026269_opp0p9026269_ctrypct_exclyr,backsliding_Nyr,271,17,0.11493811311730692,0.49526066104249455,262,15,-0.02130439938288846,0.03797896909679885,0.5748298879257343,-0.32159879077520737,2.6976553788896425,0.9051056677990482,19.832757862574756
4,backsliding_Nyr,Y_partipdem,Participatory,vdem_high,instr-antiplural_w4_trt-ert_gapany_illib0p9026269_opp0p9026269_ctrypct_exclyr,backsliding_Nyr,271,17,0.11493811311730692,0.49526066104249455,261,15,-8.266102708404622e-4,0.02658175584899816,0.97519225989561,0.3443197286981205,1.4038559219134985,0.806249592306812,15.41056255066512
4,backsliding_Nyr,Y_delibdem,Deliberative,vdem_high,instr-antiplural_w4_trt-ert_gapany_illib0p9026269_opp0p9026269_ctrypct_exclyr,backsliding_Nyr,271,17,0.11493811311730692,0.49526066104249455,262,15,-0.02744335473104649,0.0472731854820341,0.5615593674202835,-0.2998838003097216,3.855919628279802,0.938009168257152,19.651643271749407
4,backsliding_Nyr,Y_egaldem,Egalitarian,vdem_high,instr-antiplural_w4_trt-ert_gapany_illib0p9026269_opp0p9026269_ctrypct_exclyr,backsliding_Nyr,271,17,0.11493811311730692,0.49526066104249455,262,15,-0.01070288571276974,0.02936520182660993,0.7155032429298323,0.1744013270071015,0.9044717873396088,0.8470990071180005,17.501042405422666
4,backsliding_Nyr,Y_elecoff,Elected officials,vdem_electoral,instr-antiplural_w4_trt-ert_gapany_illib0p9026269_opp0p9026269_ctrypct_exclyr,backsliding_Nyr,271,17,0.11493811311730692,0.49526066104249455,262,15,-0.06164306033978159,0.13748547358813668,0.6538930196972176,0.4007491410843067,13.17377295015091,0.9757319148690295,20.73912370628286
4,backsliding_Nyr,Y_frefair,Clean elections,vdem_electoral,instr-antiplural_w4_trt-ert_gapany_illib0p9026269_opp0p9026269_ctrypct_exclyr,backsliding_Nyr,271,17,0.11493811311730692,0.49526066104249455,262,15,-0.0387246384574045,0.05765174669937996,0.5017751409642528,-0.607350484191121,5.224922479843226,0.9074615026890942,19.7383069496439
4,backsliding_Nyr,Y_frassoc,Association,vdem_electoral,instr-antiplural_w4_trt-ert_gapany_illib0p9026269_opp0p9026269_ctrypct_exclyr,backsliding_Nyr,271,17,0.11493811311730692,0.49526066104249455,262,15,-0.0540089169733781,0.05884960090827139,0.35875247173903546,-1.4385275370081565,12.011633489672198,0.9046723254141256,20.87470671423139
4,backsliding_Nyr,Y_suffr,Suffrage,vdem_electoral,instr-antiplural_w4_trt-ert_gapany_illib0p9026269_opp0p9026269_ctrypct_exclyr,backsliding_Nyr,271,17,0.11493811311730692,0.49526066104249455,262,15,-0.00295647485796648,0.00152530819163618,0.05258903142249042,-0.07316782926312329,0.1973799080641332,0.7108643969213347,12.825382500796708
4,backsliding_Nyr,Y_freexp,Expression & alt. info,vdem_electoral,instr-antiplural_w4_trt-ert_gapany_illib0p9026269_opp0p9026269_ctrypct_exclyr,backsliding_Nyr,271,17,0.11493811311730692,0.49526066104249455,262,15,-0.02783908316705295,0.05146108242911748,0.5885258310218916,-0.9493375779186384,6.584663806406929,0.8853630404433417,20.726263459830463
4,backsliding_Nyr,Y_cl_rol,Rule of law,vdem_liberal,instr-antiplural_w4_trt-ert_gapany_illib0p9026269_opp0p9026269_ctrypct_exclyr,backsliding_Nyr,271,17,0.11493811311730692,0.49526066104249455,262,15,-0.02380600301550563,0.04113064897694235,0.5627309665082674,-0.8270856389029,5.5290249373315685,0.8810882697022453,20.372324242868697
4,backsliding_Nyr,Y_cspart,Civil society,vdem_particip,instr-antiplural_w4_trt-ert_gapany_illib0p9026269_opp0p9026269_ctrypct_exclyr,backsliding_Nyr,271,17,0.11493811311730692,0.49526066104249455,262,15,0.0099376600183677,0.05837092181012904,0.8648133887804739,1.245921958498604,5.643337056018662,0.825265668303422,25.276955659151323
4,backsliding_Nyr,Y_dd,Direct democracy,vdem_particip,instr-antiplural_w4_trt-ert_gapany_illib0p9026269_opp0p9026269_ctrypct_exclyr,backsliding_Nyr,271,17,0.11493811311730692,0.49526066104249455,262,15,0.04276139656065261,0.02865911879861948,0.1356809311162965,1.4439721098257323,10.820945376119091,0.8938435741779986,19.56383653946568
4,backsliding_Nyr,Y_locelec,Local elections,vdem_particip,instr-antiplural_w4_trt-ert_gapany_illib0p9026269_opp0p9026269_ctrypct_exclyr,backsliding_Nyr,271,17,0.11493811311730692,0.49526066104249455,257,15,0.02512616317852207,0.07607837290509385,0.7411983526211888,4.788694734124421,11.359157015338948,0.673337949106201,27.10706666733237
4,backsliding_Nyr,Y_regelec,Regional elections,vdem_particip,instr-antiplural_w4_trt-ert_gapany_illib0p9026269_opp0p9026269_ctrypct_exclyr,backsliding_Nyr,271,17,0.11493811311730692,0.49526066104249455,261,15,-0.01832230719361516,0.06408040069784458,0.7749341476266425,-0.908242088954629,4.190003606356358,0.8283922413560182,19.191589710920137
4,backsliding_Nyr,Y_delib,Deliberation,vdem_egal_delib,instr-antiplural_w4_trt-ert_gapany_illib0p9026269_opp0p9026269_ctrypct_exclyr,backsliding_Nyr,271,17,0.11493811311730692,0.49526066104249455,262,15,-0.03745295214399576,0.06550375883833173,0.5674791699192205,-5.02742661125259,22.36751990711997,0.8221624084241207,22.599105679560147
4,backsliding_Nyr,Y_eqprotec,Equal protection,vdem_egal_delib,instr-antiplural_w4_trt-ert_gapany_illib0p9026269_opp0p9026269_ctrypct_exclyr,backsliding_Nyr,271,17,0.11493811311730692,0.49526066104249455,262,15,0.02333649096960231,0.04239425937326875,0.5820015282000162,4.20996386503289,11.277552032893366,0.7089216334780339,27.037128282120655
4,backsliding_Nyr,Y_eqaccess,Equal access,vdem_egal_delib,instr-antiplural_w4_trt-ert_gapany_illib0p9026269_opp0p9026269_ctrypct_exclyr,backsliding_Nyr,271,17,0.11493811311730692,0.49526066104249455,262,15,-0.01915208156749658,0.03673463020770789,0.6021138349465887,-0.04332619554799366,1.9086046301357196,0.9818892120446756,19.31759717915176
4,backsliding_Nyr,Y_eqdr,Equal distribution,vdem_egal_delib,instr-antiplural_w4_trt-ert_gapany_illib0p9026269_opp0p9026269_ctrypct_exclyr,backsliding_Nyr,271,17,0.11493811311730692,0.49526066104249455,262,15,-0.01532978385212389,0.03411440121273499,0.6531690950855112,-2.4471161020749976,12.22092938188963,0.8412930641449452,23.96301250982364
4,backsliding_union_Nyr,Y_gdp_growth,PWT,growth,instr-antiplural_w4_trt-ertOrDdcg_gapany_illib0p9026269_opp0p9026269_ctrypct_exclyr,backsliding_union_Nyr,271,18,0.11254882471753858,0.502901614470571,242,14,-0.21364746539306623,0.12150411398607903,0.07868698621103876,-1.313076827153157,1.7511960530838024,0.45336484048612447,20.573330217741265
4,backsliding_union_Nyr,Y_gdp_growth_wb,World Bank,growth,instr-antiplural_w4_trt-ertOrDdcg_gapany_illib0p9026269_opp0p9026269_ctrypct_exclyr,backsliding_union_Nyr,271,18,0.11254882471753858,0.502901614470571,248,16,-0.09033348556190075,0.0693540746282709,0.19274648658132157,-3.26574371681032,17.95490449858626,0.855672280904973,20.85251797146639
4,backsliding_union_Nyr,Y_gdp_growth_imf,IMF WEO,growth,instr-antiplural_w4_trt-ertOrDdcg_gapany_illib0p9026269_opp0p9026269_ctrypct_exclyr,backsliding_union_Nyr,271,18,0.11254882471753858,0.502901614470571,163,12,-0.14957080275652346,0.07480610119863519,0.04556005698663209,4.320564385509284,49.66736492505505,0.9306794558466912,20.49710491676989
4,backsliding_union_Nyr,Y_inflation,"CPI, cumulative log",inflation,instr-antiplural_w4_trt-ertOrDdcg_gapany_illib0p9026269_opp0p9026269_ctrypct_exclyr,backsliding_union_Nyr,271,18,0.11254882471753858,0.502901614470571,216,16,-0.04975220837579644,0.2846476548987072,0.8612483874073538,-148.74545314732478,673.9256815524733,0.8253144131668582,27.998478644615133
4,backsliding_union_Nyr,Y_unemployment,Unemployment rate,unemployment,instr-antiplural_w4_trt-ertOrDdcg_gapany_illib0p9026269_opp0p9026269_ctrypct_exclyr,backsliding_union_Nyr,271,18,0.11254882471753858,0.502901614470571,171,15,0.4597977117681232,0.724279985962704,0.5255365497911488,2.675955147670191,124.38733149449904,0.982836366120884,26.434321665099667
4,backsliding_union_Nyr,Y_trade_pct_gdp,Trade / GDP,trade,instr-antiplural_w4_trt-ertOrDdcg_gapany_illib0p9026269_opp0p9026269_ctrypct_exclyr,backsliding_union_Nyr,271,18,0.11254882471753858,0.502901614470571,223,15,1.144956362826032,6.3779932501692365,0.8575319979951612,-100.0729961083232,891.0769000234324,0.9105810392705428,17.037927560650566
4,backsliding_union_Nyr,Y_top10_share,Top-10% income share,top10,instr-antiplural_w4_trt-ertOrDdcg_gapany_illib0p9026269_opp0p9026269_ctrypct_exclyr,backsliding_union_Nyr,271,18,0.11254882471753858,0.502901614470571,217,15,0.4296302747730707,1.0290543834953447,0.6763126747998112,15.98655344151434,338.712222223302,0.9623553886280736,23.777318473111
4,backsliding_union_Nyr,Y_gini_disp,Disposable,gini,instr-antiplural_w4_trt-ertOrDdcg_gapany_illib0p9026269_opp0p9026269_ctrypct_exclyr,backsliding_union_Nyr,271,18,0.11254882471753858,0.502901614470571,187,14,0.22381216573940096,0.6565303706720121,0.7331777612577439,-5.755462157647696,48.30067691920228,0.905149358945636,18.86720249731768
4,backsliding_union_Nyr,Y_gini_mkt,Market,gini,instr-antiplural_w4_trt-ertOrDdcg_gapany_illib0p9026269_opp0p9026269_ctrypct_exclyr,backsliding_union_Nyr,271,18,0.11254882471753858,0.502901614470571,187,14,-0.1253394098378144,0.5524928714396987,0.8205313721221053,3.2965729418895555,13.448287618305164,0.8063561088067897,18.43635411823211
4,backsliding_union_Nyr,Y_debt,Debt / GDP,fiscal,instr-antiplural_w4_trt-ertOrDdcg_gapany_illib0p9026269_opp0p9026269_ctrypct_exclyr,backsliding_union_Nyr,271,18,0.11254882471753858,0.502901614470571,237,16,1.828306302323107,9.943341156369293,0.8541135335711247,7.857594191703768,232.30693699885927,0.973017345406486,16.98196785102171
4,backsliding_union_Nyr,Y_deficit,Deficit / GDP,fiscal,instr-antiplural_w4_trt-ertOrDdcg_gapany_illib0p9026269_opp0p9026269_ctrypct_exclyr,backsliding_union_Nyr,271,18,0.11254882471753858,0.502901614470571,195,16,2.4593416659200544,4.337926350534237,0.5707553068123034,-80.12901767099524,741.5386198868807,0.9139498580016028,17.669691427117616
4,backsliding_union_Nyr,Y_checks_balances,Checks & balances,institutions,instr-antiplural_w4_trt-ertOrDdcg_gapany_illib0p9026269_opp0p9026269_ctrypct_exclyr,backsliding_union_Nyr,271,18,0.11254882471753858,0.502901614470571,255,15,-0.0558408841756604,0.06197256831007358,0.36755743332010177,3.168408167422047,39.58503691432179,0.9362050043490748,21.45828948777061
4,backsliding_union_Nyr,Y_jucon,Judicial constraints,institutions,instr-antiplural_w4_trt-ertOrDdcg_gapany_illib0p9026269_opp0p9026269_ctrypct_exclyr,backsliding_union_Nyr,271,18,0.11254882471753858,0.502901614470571,262,16,-0.00571814460086508,0.05075701311320389,0.9103023092533452,-1.3204110276152643,7.580117738717777,0.861713000941251,24.70493361593035
4,backsliding_union_Nyr,Y_legcon,Legislative constraints,institutions,instr-antiplural_w4_trt-ertOrDdcg_gapany_illib0p9026269_opp0p9026269_ctrypct_exclyr,backsliding_union_Nyr,271,18,0.11254882471753858,0.502901614470571,255,15,-0.10004504406275086,0.08926881901281003,0.26240852950612703,1.9565613439588128,32.103638789935914,0.9514028852427444,23.40949821130064
4,backsliding_union_Nyr,Y_hos_power,HOS,exec_power,instr-antiplural_w4_trt-ertOrDdcg_gapany_illib0p9026269_opp0p9026269_ctrypct_exclyr,backsliding_union_Nyr,271,18,0.11254882471753858,0.502901614470571,262,16,-0.01897111395805839,0.031077707498304,0.5415695638980719,-1.687128233824289,6.604025512945455,0.7983603646082796,22.684550483353245
4,backsliding_union_Nyr,Y_hog_power,HOG,exec_power,instr-antiplural_w4_trt-ertOrDdcg_gapany_illib0p9026269_opp0p9026269_ctrypct_exclyr,backsliding_union_Nyr,271,18,0.11254882471753858,0.502901614470571,102,9,0.04742883814128441,0.05245627153164441,0.36591081277434706,0.03944740172960423,1.1552004747978613,0.972759397447126,21.90912909842621
4,backsliding_union_Nyr,Y_hos_power_vdem,HOS (v2ex_hosw),exec_power_alt,instr-antiplural_w4_trt-ertOrDdcg_gapany_illib0p9026269_opp0p9026269_ctrypct_exclyr,backsliding_union_Nyr,271,18,0.11254882471753858,0.502901614470571,262,16,0.00926683408292873,0.01019164103053755,0.3632138025631656,0.3290136264243563,0.4802914861821906,0.4933255819895646,19.178126095720163
4,backsliding_union_Nyr,Y_hog_power_vdem,HOG (v2ex_hogw),exec_power_alt,instr-antiplural_w4_trt-ertOrDdcg_gapany_illib0p9026269_opp0p9026269_ctrypct_exclyr,backsliding_union_Nyr,271,18,0.11254882471753858,0.502901614470571,262,16,-0.01071301440108044,0.01178525853334738,0.3633405232740599,-0.4670396327899603,0.6238751777923746,0.4540918817800473,19.369685406914034
4,backsliding_union_Nyr,Y_polyarchy,Electoral (polyarchy),vdem_high,instr-antiplural_w4_trt-ertOrDdcg_gapany_illib0p9026269_opp0p9026269_ctrypct_exclyr,backsliding_union_Nyr,271,18,0.11254882471753858,0.502901614470571,262,16,-0.03205821046548145,0.04233549725787272,0.4489049789599017,-0.2589398912389306,3.085164271436028,0.9331115578330578,19.295412345015848
4,backsliding_union_Nyr,Y_libdem,Liberal,vdem_high,instr-antiplural_w4_trt-ertOrDdcg_gapany_illib0p9026269_opp0p9026269_ctrypct_exclyr,backsliding_union_Nyr,271,18,0.11254882471753858,0.502901614470571,262,16,-0.02130439938288846,0.03797896909679885,0.5748298879257343,-0.33102310814016905,2.7414949281202587,0.9038926383937228,19.86038542136253
4,backsliding_union_Nyr,Y_partipdem,Participatory,vdem_high,instr-antiplural_w4_trt-ertOrDdcg_gapany_illib0p9026269_opp0p9026269_ctrypct_exclyr,backsliding_union_Nyr,271,18,0.11254882471753858,0.502901614470571,261,16,-8.266102708404622e-4,0.02658175584899816,0.97519225989561,0.3443198096243889,1.4038571308571135,0.8062497112059726,15.410627634615574
4,backsliding_union_Nyr,Y_delibdem,Deliberative,vdem_high,instr-antiplural_w4_trt-ertOrDdcg_gapany_illib0p9026269_opp0p9026269_ctrypct_exclyr,backsliding_union_Nyr,271,18,0.11254882471753858,0.502901614470571,262,16,-0.02744335473104649,0.0472731854820341,0.5615593674202835,-0.30118418621663967,3.861735288178581,0.9378344727907366,19.654293154587045
4,backsliding_union_Nyr,Y_egaldem,Egalitarian,vdem_high,instr-antiplural_w4_trt-ertOrDdcg_gapany_illib0p9026269_opp0p9026269_ctrypct_exclyr,backsliding_union_Nyr,271,18,0.11254882471753858,0.502901614470571,262,16,-0.01070288571276974,0.02936520182660993,0.7155032429298323,0.19680835308032052,0.8417132847663794,0.8151256880267626,16.854902322199116
4,backsliding_union_Nyr,Y_elecoff,Elected officials,vdem_electoral,instr-antiplural_w4_trt-ertOrDdcg_gapany_illib0p9026269_opp0p9026269_ctrypct_exclyr,backsliding_union_Nyr,271,18,0.11254882471753858,0.502901614470571,262,16,-0.06164306033978159,0.13748547358813668,0.6538930196972176,0.400943758676108,13.172927040701222,0.9757185744196571,20.73886425235724
4,backsliding_union_Nyr,Y_frefair,Clean elections,vdem_electoral,instr-antiplural_w4_trt-ertOrDdcg_gapany_illib0p9026269_opp0p9026269_ctrypct_exclyr,backsliding_union_Nyr,271,18,0.11254882471753858,0.502901614470571,262,16,-0.0387246384574045,0.05765174669937996,0.5017751409642528,-0.6361145131882893,5.394295885740731,0.9061282343242616,19.801081481195848
4,backsliding_union_Nyr,Y_frassoc,Association,vdem_electoral,instr-antiplural_w4_trt-ertOrDdcg_gapany_illib0p9026269_opp0p9026269_ctrypct_exclyr,backsliding_union_Nyr,271,18,0.11254882471753858,0.502901614470571,262,16,-0.0540089169733781,0.05884960090827139,0.35875247173903546,-1.4385203261659223,12.01162248981876,0.9046727140977278,20.874697030427164
4,backsliding_union_Nyr,Y_suffr,Suffrage,vdem_electoral,instr-antiplural_w4_trt-ertOrDdcg_gapany_illib0p9026269_opp0p9026269_ctrypct_exclyr,backsliding_union_Nyr,271,18,0.11254882471753858,0.502901614470571,262,16,-0.00295647485796648,0.00152530819163618,0.05258903142249042,-0.07332248078848137,0.19922432634892295,0.7128435592998192,12.77403130752294
4,backsliding_union_Nyr,Y_freexp,Expression & alt. info,vdem_electoral,instr-antiplural_w4_trt-ertOrDdcg_gapany_illib0p9026269_opp0p9026269_ctrypct_exclyr,backsliding_union_Nyr,271,18,0.11254882471753858,0.502901614470571,262,16,-0.02783908316705295,0.05146108242911748,0.5885258310218916,-0.9161083081970076,6.498008354197038,0.887883421299048,20.68516654061515
4,backsliding_union_Nyr,Y_cl_rol,Rule of law,vdem_liberal,instr-antiplural_w4_trt-ertOrDdcg_gapany_illib0p9026269_opp0p9026269_ctrypct_exclyr,backsliding_union_Nyr,271,18,0.11254882471753858,0.502901614470571,262,16,-0.02380600301550563,0.04113064897694235,0.5627309665082674,-0.8274041477846558,5.530102033096723,0.8810658146557581,20.372862512749208
4,backsliding_union_Nyr,Y_cspart,Civil society,vdem_particip,instr-antiplural_w4_trt-ertOrDdcg_gapany_illib0p9026269_opp0p9026269_ctrypct_exclyr,backsliding_union_Nyr,271,18,0.11254882471753858,0.502901614470571,262,16,0.0099376600183677,0.05837092181012904,0.8648133887804739,1.2341027563963285,5.635882974855393,0.8266715565841302,25.199775470477256
4,backsliding_union_Nyr,Y_dd,Direct democracy,vdem_particip,instr-antiplural_w4_trt-ertOrDdcg_gapany_illib0p9026269_opp0p9026269_ctrypct_exclyr,backsliding_union_Nyr,271,18,0.11254882471753858,0.502901614470571,262,16,0.04276139656065261,0.02865911879861948,0.1356809311162965,1.5604802545541698,11.29015411816211,0.8900696883834806,19.711974322597847
4,backsliding_union_Nyr,Y_locelec,Local elections,vdem_particip,instr-antiplural_w4_trt-ertOrDdcg_gapany_illib0p9026269_opp0p9026269_ctrypct_exclyr,backsliding_union_Nyr,271,18,0.11254882471753858,0.502901614470571,257,16,0.02512616317852207,0.07607837290509385,0.7411983526211888,4.766515660911509,11.382292141881717,0.6753872382379669,27.032845826288895
4,backsliding_union_Nyr,Y_regelec,Regional elections,vdem_particip,instr-antiplural_w4_trt-ertOrDdcg_gapany_illib0p9026269_opp0p9026269_ctrypct_exclyr,backsliding_union_Nyr,271,18,0.11254882471753858,0.502901614470571,261,16,-0.01832230719361516,0.06408040069784458,0.7749341476266425,-0.8984134411251745,4.139763702296233,0.8281923967055362,19.14430602028804
4,backsliding_union_Nyr,Y_delib,Deliberation,vdem_egal_delib,instr-antiplural_w4_trt-ertOrDdcg_gapany_illib0p9026269_opp0p9026269_ctrypct_exclyr,backsliding_union_Nyr,271,18,0.11254882471753858,0.502901614470571,262,16,-0.03745295214399576,0.06550375883833173,0.5674791699192205,-5.164797894656426,22.688986470966288,0.8199303350481963,22.644278941664
4,backsliding_union_Nyr,Y_eqprotec,Equal protection,vdem_egal_delib,instr-antiplural_w4_trt-ertOrDdcg_gapany_illib0p9026269_opp0p9026269_ctrypct_exclyr,backsliding_union_Nyr,271,18,0.11254882471753858,0.502901614470571,262,16,0.02333649096960231,0.04239425937326875,0.5820015282000162,4.209194096092766,11.291120861566862,0.7093062523797222,27.02915701965467
4,backsliding_union_Nyr,Y_eqaccess,Equal access,vdem_egal_delib,instr-antiplural_w4_trt-ertOrDdcg_gapany_illib0p9026269_opp0p9026269_ctrypct_exclyr,backsliding_union_Nyr,271,18,0.11254882471753858,0.502901614470571,262,16,-0.01915208156749658,0.03673463020770789,0.6021138349465887,-0.04442900846996922,1.914995162382148,0.9814902717922076,19.323280994023907
4,backsliding_union_Nyr,Y_eqdr,Equal distribution,vdem_egal_delib,instr-antiplural_w4_trt-ertOrDdcg_gapany_illib0p9026269_opp0p9026269_ctrypct_exclyr,backsliding_union_Nyr,271,18,0.11254882471753858,0.502901614470571,262,16,-0.01532978385212389,0.03411440121273499,0.6531690950855112,-2.243446430096605,11.500541273886975,0.8453357080258778,23.63244814882878
4,polyarchy_decline,Y_gdp_growth,PWT,growth,instr-antiplural_w4_trt-polyarchy_gapany_illib0p9026269_opp0p9026269_ctrypct_exclyr,polyarchy_decline,262,124,0.03205821046548145,0.4489049789599017,242,117,-0.21364746539306623,0.12150411398607903,0.07868698621103876,-2.9758545275672295,3.39363797515909,0.3805452160303414,29.833973684453476
4,polyarchy_decline,Y_gdp_growth_wb,World Bank,growth,instr-antiplural_w4_trt-polyarchy_gapany_illib0p9026269_opp0p9026269_ctrypct_exclyr,polyarchy_decline,262,124,0.03205821046548145,0.4489049789599017,248,118,-0.09033348556190075,0.0693540746282709,0.19274648658132157,-1.245552749749405,2.243009044458496,0.5786864825545253,26.068398817773208
4,polyarchy_decline,Y_gdp_growth_imf,IMF WEO,growth,instr-antiplural_w4_trt-polyarchy_gapany_illib0p9026269_opp0p9026269_ctrypct_exclyr,polyarchy_decline,262,124,0.03205821046548145,0.4489049789599017,163,83,-0.14957080275652346,0.07480610119863519,0.04556005698663209,4.1538401839170715,16.489690361693057,0.8011142728716951,15.747163906390286
4,polyarchy_decline,Y_inflation,"CPI, cumulative log",inflation,instr-antiplural_w4_trt-polyarchy_gapany_illib0p9026269_opp0p9026269_ctrypct_exclyr,polyarchy_decline,262,124,0.03205821046548145,0.4489049789599017,216,106,-0.04975220837579644,0.2846476548987072,0.8612483874073538,-4.665614897354578,33.34329859184526,0.8887179726085769,19.817543958815772
4,polyarchy_decline,Y_unemployment,Unemployment rate,unemployment,instr-antiplural_w4_trt-polyarchy_gapany_illib0p9026269_opp0p9026269_ctrypct_exclyr,polyarchy_decline,262,124,0.03205821046548145,0.4489049789599017,171,106,0.4597977117681232,0.724279985962704,0.5255365497911488,5.12446089776649,20.821867551522285,0.8055974140521767,22.59884862421131
4,polyarchy_decline,Y_trade_pct_gdp,Trade / GDP,trade,instr-antiplural_w4_trt-polyarchy_gapany_illib0p9026269_opp0p9026269_ctrypct_exclyr,polyarchy_decline,262,124,0.03205821046548145,0.4489049789599017,223,113,1.144956362826032,6.3779932501692365,0.8575319979951612,181.71500737026764,574.0773936750626,0.7515972309139896,21.652818994991183
4,polyarchy_decline,Y_top10_share,Top-10% income share,top10,instr-antiplural_w4_trt-polyarchy_gapany_illib0p9026269_opp0p9026269_ctrypct_exclyr,polyarchy_decline,262,124,0.03205821046548145,0.4489049789599017,217,106,0.4296302747730707,1.0290543834953447,0.6763126747998112,15.41141840270302,49.47945118517246,0.755442520354793,27.03589190172819
4,polyarchy_decline,Y_gini_disp,Disposable,gini,instr-antiplural_w4_trt-polyarchy_gapany_illib0p9026269_opp0p9026269_ctrypct_exclyr,polyarchy_decline,262,124,0.03205821046548145,0.4489049789599017,187,97,0.22381216573940096,0.6565303706720121,0.7331777612577439,-11.72668992115051,844.9792474713313,0.9889272493646958,18.17531614396361
4,polyarchy_decline,Y_gini_mkt,Market,gini,instr-antiplural_w4_trt-polyarchy_gapany_illib0p9026269_opp0p9026269_ctrypct_exclyr,polyarchy_decline,262,124,0.03205821046548145,0.4489049789599017,187,97,-0.1253394098378144,0.5524928714396987,0.8205313721221053,-157.977076858896,1705.3288269525203,0.926191701310364,19.63580933087541
4,polyarchy_decline,Y_debt,Debt / GDP,fiscal,instr-antiplural_w4_trt-polyarchy_gapany_illib0p9026269_opp0p9026269_ctrypct_exclyr,polyarchy_decline,262,124,0.03205821046548145,0.4489049789599017,237,117,1.828306302323107,9.943341156369293,0.8541135335711247,329.1307067217033,1088.8141317630636,0.7624358433570393,20.74040595438319
4,polyarchy_decline,Y_deficit,Deficit / GDP,fiscal,instr-antiplural_w4_trt-polyarchy_gapany_illib0p9026269_opp0p9026269_ctrypct_exclyr,polyarchy_decline,262,124,0.03205821046548145,0.4489049789599017,195,104,2.4593416659200544,4.337926350534237,0.5707553068123034,405.1841517079125,1399.775082158366,0.7722265123866994,18.790492172682335
4,polyarchy_decline,Y_checks_balances,Checks & balances,institutions,instr-antiplural_w4_trt-polyarchy_gapany_illib0p9026269_opp0p9026269_ctrypct_exclyr,polyarchy_decline,262,124,0.03205821046548145,0.4489049789599017,255,123,-0.0558408841756604,0.06197256831007358,0.36755743332010177,-1.412046536185532,2.539790983144148,0.578231647846636,22.72739654582935
4,polyarchy_decline,Y_jucon,Judicial constraints,institutions,instr-antiplural_w4_trt-polyarchy_gapany_illib0p9026269_opp0p9026269_ctrypct_exclyr,polyarchy_decline,262,124,0.03205821046548145,0.4489049789599017,262,124,-0.00571814460086508,0.05075701311320389,0.9103023092533452,-0.15234551480665212,2.3102773208715655,0.9474235859728468,21.008358244178403
4,polyarchy_decline,Y_legcon,Legislative constraints,institutions,instr-antiplural_w4_trt-polyarchy_gapany_illib0p9026269_opp0p9026269_ctrypct_exclyr,polyarchy_decline,262,124,0.03205821046548145,0.4489049789599017,255,123,-0.10004504406275086,0.08926881901281003,0.26240852950612703,-2.570129634702248,4.180738590611635,0.5387165817106689,23.10553664844815
4,polyarchy_decline,Y_hos_power,HOS,exec_power,instr-antiplural_w4_trt-polyarchy_gapany_illib0p9026269_opp0p9026269_ctrypct_exclyr,polyarchy_decline,262,124,0.03205821046548145,0.4489049789599017,262,124,-0.01897111395805839,0.031077707498304,0.5415695638980719,-0.9300993307084336,3.0444169396818954,0.7599778771120764,20.31343198409617
4,polyarchy_decline,Y_hog_power,HOG,exec_power,instr-antiplural_w4_trt-polyarchy_gapany_illib0p9026269_opp0p9026269_ctrypct_exclyr,polyarchy_decline,262,124,0.03205821046548145,0.4489049789599017,102,42,0.04742883814128441,0.05245627153164441,0.36591081277434706,0.5618864249180278,0.9306993217093988,0.5460265065848762,21.237226605417497
4,polyarchy_decline,Y_hos_power_vdem,HOS (v2ex_hosw),exec_power_alt,instr-antiplural_w4_trt-polyarchy_gapany_illib0p9026269_opp0p9026269_ctrypct_exclyr,polyarchy_decline,262,124,0.03205821046548145,0.4489049789599017,262,124,0.00926683408292873,0.01019164103053755,0.3632138025631656,0.7617982421460681,1.4091545282381917,0.5887787659258357,18.892811648782583
4,polyarchy_decline,Y_hog_power_vdem,HOG (v2ex_hogw),exec_power_alt,instr-antiplural_w4_trt-polyarchy_gapany_illib0p9026269_opp0p9026269_ctrypct_exclyr,polyarchy_decline,262,124,0.03205821046548145,0.4489049789599017,262,124,-0.01071301440108044,0.01178525853334738,0.3633405232740599,-0.8549162967052583,1.0770232650950051,0.4273252643792624,19.24336350038827
4,polyarchy_decline,Y_polyarchy,Electoral (polyarchy),vdem_high,instr-antiplural_w4_trt-polyarchy_gapany_illib0p9026269_opp0p9026269_ctrypct_exclyr,polyarchy_decline,262,124,0.03205821046548145,0.4489049789599017,262,124,-0.03205821046548145,0.04233549725787272,0.4489049789599017,-1,6.976272600135944e-17,0,22.297661397246415
4,polyarchy_decline,Y_libdem,Liberal,vdem_high,instr-antiplural_w4_trt-polyarchy_gapany_illib0p9026269_opp0p9026269_ctrypct_exclyr,polyarchy_decline,262,124,0.03205821046548145,0.4489049789599017,262,124,-0.02130439938288846,0.03797896909679885,0.5748298879257343,-0.6527569086855745,0.5535597019672102,0.23831904366942425,24.97606244423318
4,polyarchy_decline,Y_partipdem,Participatory,vdem_high,instr-antiplural_w4_trt-polyarchy_gapany_illib0p9026269_opp0p9026269_ctrypct_exclyr,polyarchy_decline,262,124,0.03205821046548145,0.4489049789599017,261,124,-8.266102708404622e-4,0.02658175584899816,0.97519225989561,-0.002041276463867,0.6798977181826317,0.9976044918456884,24.574611586792464
4,polyarchy_decline,Y_delibdem,Deliberative,vdem_high,instr-antiplural_w4_trt-polyarchy_gapany_illib0p9026269_opp0p9026269_ctrypct_exclyr,polyarchy_decline,262,124,0.03205821046548145,0.4489049789599017,262,124,-0.02744335473104649,0.0472731854820341,0.5615593674202835,-0.6454322628923195,1.4245100178046566,0.6504834207912771,20.49257200621467
4,polyarchy_decline,Y_egaldem,Egalitarian,vdem_high,instr-antiplural_w4_trt-polyarchy_gapany_illib0p9026269_opp0p9026269_ctrypct_exclyr,polyarchy_decline,262,124,0.03205821046548145,0.4489049789599017,262,124,-0.01070288571276974,0.02936520182660993,0.7155032429298323,0.31073583407637656,2.806248926154028,0.9118304866482044,19.140008677973373
4,polyarchy_decline,Y_elecoff,Elected officials,vdem_electoral,instr-antiplural_w4_trt-polyarchy_gapany_illib0p9026269_opp0p9026269_ctrypct_exclyr,polyarchy_decline,262,124,0.03205821046548145,0.4489049789599017,262,124,-0.06164306033978159,0.13748547358813668,0.6538930196972176,-1.709594133839325,4.1059360353270655,0.6771382889858435,21.778470081557867
4,polyarchy_decline,Y_frefair,Clean elections,vdem_electoral,instr-antiplural_w4_trt-polyarchy_gapany_illib0p9026269_opp0p9026269_ctrypct_exclyr,polyarchy_decline,262,124,0.03205821046548145,0.4489049789599017,262,124,-0.0387246384574045,0.05765174669937996,0.5017751409642528,-1.0039311899657424,0.678149840512447,0.13876725129329853,27.449309616715983
4,polyarchy_decline,Y_frassoc,Association,vdem_electoral,instr-antiplural_w4_trt-polyarchy_gapany_illib0p9026269_opp0p9026269_ctrypct_exclyr,polyarchy_decline,262,124,0.03205821046548145,0.4489049789599017,262,124,-0.0540089169733781,0.05884960090827139,0.35875247173903546,-1.702201438829423,0.9685168773395848,0.07882681471196465,28.141099414950443
4,polyarchy_decline,Y_suffr,Suffrage,vdem_electoral,instr-antiplural_w4_trt-polyarchy_gapany_illib0p9026269_opp0p9026269_ctrypct_exclyr,polyarchy_decline,262,124,0.03205821046548145,0.4489049789599017,262,124,-0.00295647485796648,0.00152530819163618,0.05258903142249042,0.01707316254026961,0.08861232133024584,0.847215416995772,27.51711862094069
4,polyarchy_decline,Y_freexp,Expression & alt. info,vdem_electoral,instr-antiplural_w4_trt-polyarchy_gapany_illib0p9026269_opp0p9026269_ctrypct_exclyr,polyarchy_decline,262,124,0.03205821046548145,0.4489049789599017,262,124,-0.02783908316705295,0.05146108242911748,0.5885258310218916,-0.7363750526182737,1.7406975886915228,0.6722701241117395,19.97522751378492
4,polyarchy_decline,Y_cl_rol,Rule of law,vdem_liberal,instr-antiplural_w4_trt-polyarchy_gapany_illib0p9026269_opp0p9026269_ctrypct_exclyr,polyarchy_decline,262,124,0.03205821046548145,0.4489049789599017,262,124,-0.02380600301550563,0.04113064897694235,0.5627309665082674,-1.128991134762448,2.755377526978341,0.6819959527999944,19.32737646020968
4,polyarchy_decline,Y_cspart,Civil society,vdem_particip,instr-antiplural_w4_trt-polyarchy_gapany_illib0p9026269_opp0p9026269_ctrypct_exclyr,polyarchy_decline,262,124,0.03205821046548145,0.4489049789599017,262,124,0.0099376600183677,0.05837092181012904,0.8648133887804739,0.35443302773398905,2.217397634179352,0.8730056251987227,22.795751017217125
4,polyarchy_decline,Y_dd,Direct democracy,vdem_particip,instr-antiplural_w4_trt-polyarchy_gapany_illib0p9026269_opp0p9026269_ctrypct_exclyr,polyarchy_decline,262,124,0.03205821046548145,0.4489049789599017,262,124,0.04276139656065261,0.02865911879861948,0.1356809311162965,2.139137690524851,5.3118921087680295,0.687163568343347,20.59899710582872
4,polyarchy_decline,Y_locelec,Local elections,vdem_particip,instr-antiplural_w4_trt-polyarchy_gapany_illib0p9026269_opp0p9026269_ctrypct_exclyr,polyarchy_decline,262,124,0.03205821046548145,0.4489049789599017,257,122,0.02512616317852207,0.07607837290509385,0.7411983526211888,0.8056556780431359,2.4216356144871978,0.7393677609169116,25.331325146171668
4,polyarchy_decline,Y_regelec,Regional elections,vdem_particip,instr-antiplural_w4_trt-polyarchy_gapany_illib0p9026269_opp0p9026269_ctrypct_exclyr,polyarchy_decline,262,124,0.03205821046548145,0.4489049789599017,261,124,-0.01832230719361516,0.06408040069784458,0.7749341476266425,-0.33641110203313457,1.831699907628564,0.8542797205624238,24.686390552627373
4,polyarchy_decline,Y_delib,Deliberation,vdem_egal_delib,instr-antiplural_w4_trt-polyarchy_gapany_illib0p9026269_opp0p9026269_ctrypct_exclyr,polyarchy_decline,262,124,0.03205821046548145,0.4489049789599017,262,124,-0.03745295214399576,0.06550375883833173,0.5674791699192205,-1.336833961433192,5.445625124037492,0.8060788344337704,19.26660646709163
4,polyarchy_decline,Y_eqprotec,Equal protection,vdem_egal_delib,instr-antiplural_w4_trt-polyarchy_gapany_illib0p9026269_opp0p9026269_ctrypct_exclyr,polyarchy_decline,262,124,0.03205821046548145,0.4489049789599017,262,124,0.02333649096960231,0.04239425937326875,0.5820015282000162,0.7244890942356337,1.691295251084419,0.6683865196392733,25.582200445150228
4,polyarchy_decline,Y_eqaccess,Equal access,vdem_egal_delib,instr-antiplural_w4_trt-polyarchy_gapany_illib0p9026269_opp0p9026269_ctrypct_exclyr,polyarchy_decline,262,124,0.03205821046548145,0.4489049789599017,262,124,-0.01915208156749658,0.03673463020770789,0.6021138349465887,-0.6690561001458306,0.86451206878292,0.43898294496967344,28.93354125931317
4,polyarchy_decline,Y_eqdr,Equal distribution,vdem_egal_delib,instr-antiplural_w4_trt-polyarchy_gapany_illib0p9026269_opp0p9026269_ctrypct_exclyr,polyarchy_decline,262,124,0.03205821046548145,0.4489049789599017,262,124,-0.01532978385212389,0.03411440121273499,0.6531690950855112,-0.3325777219154667,0.68109764384899,0.6253397089437487,28.19209307284454
5,backsliding_Nyr,Y_gdp_growth,PWT,growth,instr-antiplural_w5_trt-ert_gapany_illib0p9026269_opp0p9026269_ctrypct_exclyr,backsliding_Nyr,271,19,0.11019001782516212,0.5146146691430209,235,15,-0.3200815545751488,0.15798474867544127,0.04276189582635943,-2.299688113643355,2.706318909401681,0.39546540432645566,20.348106848191023
5,backsliding_Nyr,Y_gdp_growth_wb,World Bank,growth,instr-antiplural_w5_trt-ert_gapany_illib0p9026269_opp0p9026269_ctrypct_exclyr,backsliding_Nyr,271,19,0.11019001782516212,0.5146146691430209,240,15,-0.06904280690201721,0.08083644708144633,0.3930468599193386,-0.904663341563692,0.7869345131999358,0.2503068646579316,21.7953872741676
5,backsliding_Nyr,Y_gdp_growth_imf,IMF WEO,growth,instr-antiplural_w5_trt-ert_gapany_illib0p9026269_opp0p9026269_ctrypct_exclyr,backsliding_Nyr,271,19,0.11019001782516212,0.5146146691430209,157,9,-0.12270116364099716,0.08466384250750175,0.14726088789341849,NA,NA,NA,NA
5,backsliding_Nyr,Y_inflation,"CPI, cumulative log",inflation,instr-antiplural_w5_trt-ert_gapany_illib0p9026269_opp0p9026269_ctrypct_exclyr,backsliding_Nyr,271,19,0.11019001782516212,0.5146146691430209,210,15,-0.08206089866896521,0.49651030670902224,0.8687272852814751,-0.4400686757439831,4.000902750100642,0.9124154458551246,20.121506640665636
5,backsliding_Nyr,Y_unemployment,Unemployment rate,unemployment,instr-antiplural_w5_trt-ert_gapany_illib0p9026269_opp0p9026269_ctrypct_exclyr,backsliding_Nyr,271,19,0.11019001782516212,0.5146146691430209,162,16,0.6198229825116638,0.839225299678518,0.4601707863512396,200.6215749717931,601.3751575666864,0.7386778762618449,26.80798470708418
5,backsliding_Nyr,Y_trade_pct_gdp,Trade / GDP,trade,instr-antiplural_w5_trt-ert_gapany_illib0p9026269_opp0p9026269_ctrypct_exclyr,backsliding_Nyr,271,19,0.11019001782516212,0.5146146691430209,217,13,5.713424414155192,8.389907319026037,0.4958792186155056,93.40686265759464,337.39777811912666,0.7818991834595098,18.170472057903027
5,backsliding_Nyr,Y_top10_share,Top-10% income share,top10,instr-antiplural_w5_trt-ert_gapany_illib0p9026269_opp0p9026269_ctrypct_exclyr,backsliding_Nyr,271,19,0.11019001782516212,0.5146146691430209,209,14,-0.09083632167276824,1.2653244151655891,0.9427698601501188,-0.5306428245306339,12.901619452886669,0.967192306709056,19.542222096624087
5,backsliding_Nyr,Y_gini_disp,Disposable,gini,instr-antiplural_w5_trt-ert_gapany_illib0p9026269_opp0p9026269_ctrypct_exclyr,backsliding_Nyr,271,19,0.11019001782516212,0.5146146691430209,177,13,0.4823379943348774,0.7822541168599757,0.5374985052392223,7.475806578544606,32.96070090319772,0.820571723225271,17.682675149239696
5,backsliding_Nyr,Y_gini_mkt,Market,gini,instr-antiplural_w5_trt-ert_gapany_illib0p9026269_opp0p9026269_ctrypct_exclyr,backsliding_Nyr,271,19,0.11019001782516212,0.5146146691430209,177,13,0.09236579074945536,0.7056128355823894,0.8958532144417922,0.5992311757776325,14.398386326809351,0.9668032717165458,13.826971798496222
5,backsliding_Nyr,Y_debt,Debt / GDP,fiscal,instr-antiplural_w5_trt-ert_gapany_illib0p9026269_opp0p9026269_ctrypct_exclyr,backsliding_Nyr,271,19,0.11019001782516212,0.5146146691430209,231,15,-10.388255860155825,10.483560984792856,0.321729974040107,-42.37519307249097,72.03456901487642,0.5563565087820461,22.3337255628568
5,backsliding_Nyr,Y_deficit,Deficit / GDP,fiscal,instr-antiplural_w5_trt-ert_gapany_illib0p9026269_opp0p9026269_ctrypct_exclyr,backsliding_Nyr,271,19,0.11019001782516212,0.5146146691430209,185,15,-0.2716734630424149,4.923962456794698,0.956000043245342,-6.864411759740705,31.31243399122816,0.8264761894825051,15.156104593044212
5,backsliding_Nyr,Y_checks_balances,Checks & balances,institutions,instr-antiplural_w5_trt-ert_gapany_illib0p9026269_opp0p9026269_ctrypct_exclyr,backsliding_Nyr,271,19,0.11019001782516212,0.5146146691430209,244,16,-0.0290469471757566,0.07944935450976758,0.7146611030607525,-3.906937014238868,6.999214168220116,0.5767101947215749,30.781814883096413
5,backsliding_Nyr,Y_jucon,Judicial constraints,institutions,instr-antiplural_w5_trt-ert_gapany_illib0p9026269_opp0p9026269_ctrypct_exclyr,backsliding_Nyr,271,19,0.11019001782516212,0.5146146691430209,253,17,0.02004638705086995,0.05883238549245122,0.7333013703850281,0.5448182587462765,1.5634356086607972,0.7274834689329386,28.147996360163994
5,backsliding_Nyr,Y_legcon,Legislative constraints,institutions,instr-antiplural_w5_trt-ert_gapany_illib0p9026269_opp0p9026269_ctrypct_exclyr,backsliding_Nyr,271,19,0.11019001782516212,0.5146146691430209,244,16,-0.07273153785851749,0.1121206988902487,0.516538990185068,-14.523185862766908,28.086424902403984,0.6050939202703918,30.703021570464433
5,backsliding_Nyr,Y_hos_power,HOS,exec_power,instr-antiplural_w5_trt-ert_gapany_illib0p9026269_opp0p9026269_ctrypct_exclyr,backsliding_Nyr,271,19,0.11019001782516212,0.5146146691430209,253,17,-0.02907564881867478,0.03300264403193703,0.37831258134206097,-1.2129347844548513,2.941627810119797,0.6800942268988419,22.615732299932382
5,backsliding_Nyr,Y_hog_power,HOG,exec_power,instr-antiplural_w5_trt-ert_gapany_illib0p9026269_opp0p9026269_ctrypct_exclyr,backsliding_Nyr,271,19,0.11019001782516212,0.5146146691430209,100,10,0.03547641329017638,0.05116204195178629,0.4880505498259778,0.08682779962663212,0.4846464374572139,0.8578144299281101,22.243753984008357
5,backsliding_Nyr,Y_hos_power_vdem,HOS (v2ex_hosw),exec_power_alt,instr-antiplural_w5_trt-ert_gapany_illib0p9026269_opp0p9026269_ctrypct_exclyr,backsliding_Nyr,271,19,0.11019001782516212,0.5146146691430209,253,17,0.00901639141635273,0.01038315643487701,0.3851934009901241,0.2938408279305468,0.4685014098732123,0.5305326987598593,20.459258218777254
5,backsliding_Nyr,Y_hog_power_vdem,HOG (v2ex_hogw),exec_power_alt,instr-antiplural_w5_trt-ert_gapany_illib0p9026269_opp0p9026269_ctrypct_exclyr,backsliding_Nyr,271,19,0.11019001782516212,0.5146146691430209,253,17,-0.01031984159033036,0.01157384417982643,0.3725794759705548,-0.3722237979418991,0.793024076364735,0.6388033071188526,20.52124338396823
5,backsliding_Nyr,Y_polyarchy,Electoral (polyarchy),vdem_high,instr-antiplural_w5_trt-ert_gapany_illib0p9026269_opp0p9026269_ctrypct_exclyr,backsliding_Nyr,271,19,0.11019001782516212,0.5146146691430209,253,17,-0.02566191312664815,0.05091122031316585,0.6142246883566115,-0.7569720792326857,2.6294145279739194,0.7734338732941584,22.395771260150873
5,backsliding_Nyr,Y_libdem,Liberal,vdem_high,instr-antiplural_w5_trt-ert_gapany_illib0p9026269_opp0p9026269_ctrypct_exclyr,backsliding_Nyr,271,19,0.11019001782516212,0.5146146691430209,253,17,-0.00354188837837592,0.04696924673402834,0.939889562016013,-0.1170295738588709,1.2894753929716136,0.9276852740057594,25.347736902733924
5,backsliding_Nyr,Y_partipdem,Participatory,vdem_high,instr-antiplural_w5_trt-ert_gapany_illib0p9026269_opp0p9026269_ctrypct_exclyr,backsliding_Nyr,271,19,0.11019001782516212,0.5146146691430209,252,17,-0.00477337983067338,0.03322104859830084,0.8857488965234052,-0.25399912230840005,1.02071579088517,0.8034813618229041,25.68719466550571
5,backsliding_Nyr,Y_delibdem,Deliberative,vdem_high,instr-antiplural_w5_trt-ert_gapany_illib0p9026269_opp0p9026269_ctrypct_exclyr,backsliding_Nyr,271,19,0.11019001782516212,0.5146146691430209,253,17,-0.0336343427354108,0.05312272845805039,0.526639538175939,-1.6276228387320302,4.246037178817827,0.701476947741241,24.59571575651574
5,backsliding_Nyr,Y_egaldem,Egalitarian,vdem_high,instr-antiplural_w5_trt-ert_gapany_illib0p9026269_opp0p9026269_ctrypct_exclyr,backsliding_Nyr,271,19,0.11019001782516212,0.5146146691430209,253,17,0.00528539683924119,0.03715538470271403,0.886881617154463,0.2760467974384352,1.2455541891233608,0.8246052877765515,23.253145951549765
5,backsliding_Nyr,Y_elecoff,Elected officials,vdem_electoral,instr-antiplural_w5_trt-ert_gapany_illib0p9026269_opp0p9026269_ctrypct_exclyr,backsliding_Nyr,271,19,0.11019001782516212,0.5146146691430209,253,17,-0.03942781047787311,0.14645823520096407,0.7877691940674233,-0.8571239575058673,7.765542250194131,0.9121117511801712,20.991989416553203
5,backsliding_Nyr,Y_frefair,Clean elections,vdem_electoral,instr-antiplural_w5_trt-ert_gapany_illib0p9026269_opp0p9026269_ctrypct_exclyr,backsliding_Nyr,271,19,0.11019001782516212,0.5146146691430209,253,17,-0.05710772493400858,0.06915249929015975,0.40890450078141105,-0.8404026739589202,4.495118795006961,0.8516928213396682,19.72645850732012
5,backsliding_Nyr,Y_frassoc,Association,vdem_electoral,instr-antiplural_w5_trt-ert_gapany_illib0p9026269_opp0p9026269_ctrypct_exclyr,backsliding_Nyr,271,19,0.11019001782516212,0.5146146691430209,253,17,-0.04167658627463411,0.06425808251302843,0.5166090901834697,-1.7614770784647475,5.374825183894497,0.7431178412508262,22.768568164882744
5,backsliding_Nyr,Y_suffr,Suffrage,vdem_electoral,instr-antiplural_w5_trt-ert_gapany_illib0p9026269_opp0p9026269_ctrypct_exclyr,backsliding_Nyr,271,19,0.11019001782516212,0.5146146691430209,253,17,-0.00305616517720974,0.00159239066829614,0.05495513433312015,0.00548085998365738,0.06701840644672423,0.9348205367454456,19.582965197390447
5,backsliding_Nyr,Y_freexp,Expression & alt. info,vdem_electoral,instr-antiplural_w5_trt-ert_gapany_illib0p9026269_opp0p9026269_ctrypct_exclyr,backsliding_Nyr,271,19,0.11019001782516212,0.5146146691430209,253,17,-0.01315794784865482,0.05751670844163295,0.8190497058963077,-0.6874767759155839,1.814314396043615,0.7047485960279842,25.895662123224188
5,backsliding_Nyr,Y_cl_rol,Rule of law,vdem_liberal,instr-antiplural_w5_trt-ert_gapany_illib0p9026269_opp0p9026269_ctrypct_exclyr,backsliding_Nyr,271,19,0.11019001782516212,0.5146146691430209,253,17,-0.03447351008119273,0.04473213064306032,0.44090522287009665,-1.827898326404782,4.1570029610848085,0.6601432288301232,24.351921369281857
5,backsliding_Nyr,Y_cspart,Civil society,vdem_particip,instr-antiplural_w5_trt-ert_gapany_illib0p9026269_opp0p9026269_ctrypct_exclyr,backsliding_Nyr,271,19,0.11019001782516212,0.5146146691430209,253,17,-0.01194735490644476,0.06152110942044019,0.8460198497698054,-0.776994941816442,1.7726603810588677,0.6611533306500009,27.278898629925315
5,backsliding_Nyr,Y_dd,Direct democracy,vdem_particip,instr-antiplural_w5_trt-ert_gapany_illib0p9026269_opp0p9026269_ctrypct_exclyr,backsliding_Nyr,271,19,0.11019001782516212,0.5146146691430209,253,17,0.03290584655466012,0.0329016400434052,0.31724863936590814,1.712447561981171,3.829620070459041,0.6547605484249932,25.29290468443448
5,backsliding_Nyr,Y_locelec,Local elections,vdem_particip,instr-antiplural_w5_trt-ert_gapany_illib0p9026269_opp0p9026269_ctrypct_exclyr,backsliding_Nyr,271,19,0.11019001782516212,0.5146146691430209,248,17,-0.0427717554558889,0.1093779912418586,0.6957637109705028,-1.784253450920881,4.556203597847663,0.6953466315508396,28.60060382066622
5,backsliding_Nyr,Y_regelec,Regional elections,vdem_particip,instr-antiplural_w5_trt-ert_gapany_illib0p9026269_opp0p9026269_ctrypct_exclyr,backsliding_Nyr,271,19,0.11019001782516212,0.5146146691430209,252,17,-0.02876560824767528,0.06987564270672436,0.6805823404231917,-1.2223137875013013,3.759191643553601,0.7450650069206542,22.863375856034523
5,backsliding_Nyr,Y_delib,Deliberation,vdem_egal_delib,instr-antiplural_w5_trt-ert_gapany_illib0p9026269_opp0p9026269_ctrypct_exclyr,backsliding_Nyr,271,19,0.11019001782516212,0.5146146691430209,253,17,-0.08463483341089417,0.07153082564182074,0.23673232742744063,-4.053565337233156,8.170362765429633,0.6198024130382496,26.36683516178909
5,backsliding_Nyr,Y_eqprotec,Equal protection,vdem_egal_delib,instr-antiplural_w5_trt-ert_gapany_illib0p9026269_opp0p9026269_ctrypct_exclyr,backsliding_Nyr,271,19,0.11019001782516212,0.5146146691430209,253,17,0.05628736915221967,0.04801180690614194,0.24105048545927504,2.268376859635983,4.252987095259568,0.5937838051234126,27.258382974225817
5,backsliding_Nyr,Y_eqaccess,Equal access,vdem_egal_delib,instr-antiplural_w5_trt-ert_gapany_illib0p9026269_opp0p9026269_ctrypct_exclyr,backsliding_Nyr,271,19,0.11019001782516212,0.5146146691430209,253,17,-0.00706609083061266,0.04432903546633567,0.8733529822301354,-0.4136619106123568,1.1927493466140036,0.7287312232893886,26.40571839865627
5,backsliding_Nyr,Y_eqdr,Equal distribution,vdem_egal_delib,instr-antiplural_w5_trt-ert_gapany_illib0p9026269_opp0p9026269_ctrypct_exclyr,backsliding_Nyr,271,19,0.11019001782516212,0.5146146691430209,253,17,-0.02005407673294085,0.03921066881503402,0.6090399161027309,-0.8800142874180931,2.0827618993147476,0.67264349809031,26.13153180535839
5,backsliding_union_Nyr,Y_gdp_growth,PWT,growth,instr-antiplural_w5_trt-ertOrDdcg_gapany_illib0p9026269_opp0p9026269_ctrypct_exclyr,backsliding_union_Nyr,271,22,0.09970247737454824,0.5565426738901069,235,18,-0.3200815545751488,0.15798474867544127,0.04276189582635943,-2.165241462337353,2.8998466665984988,0.4552600861971758,19.75432400826624
5,backsliding_union_Nyr,Y_gdp_growth_wb,World Bank,growth,instr-antiplural_w5_trt-ertOrDdcg_gapany_illib0p9026269_opp0p9026269_ctrypct_exclyr,backsliding_union_Nyr,271,22,0.09970247737454824,0.5565426738901069,240,17,-0.06904280690201721,0.08083644708144633,0.3930468599193386,-0.9053942658333708,0.7876423657944311,0.250350198288881,21.783126465415787
5,backsliding_union_Nyr,Y_gdp_growth_imf,IMF WEO,growth,instr-antiplural_w5_trt-ertOrDdcg_gapany_illib0p9026269_opp0p9026269_ctrypct_exclyr,backsliding_union_Nyr,271,22,0.09970247737454824,0.5565426738901069,157,11,-0.12270116364099716,0.08466384250750175,0.14726088789341849,NA,NA,NA,NA
5,backsliding_union_Nyr,Y_inflation,"CPI, cumulative log",inflation,instr-antiplural_w5_trt-ertOrDdcg_gapany_illib0p9026269_opp0p9026269_ctrypct_exclyr,backsliding_union_Nyr,271,22,0.09970247737454824,0.5565426738901069,210,16,-0.08206089866896521,0.49651030670902224,0.8687272852814751,-0.44006013345183537,4.000920674081705,0.9124175299259972,20.121568827211146
5,backsliding_union_Nyr,Y_unemployment,Unemployment rate,unemployment,instr-antiplural_w5_trt-ertOrDdcg_gapany_illib0p9026269_opp0p9026269_ctrypct_exclyr,backsliding_union_Nyr,271,22,0.09970247737454824,0.5565426738901069,162,17,0.6198229825116638,0.839225299678518,0.4601707863512396,222.26176035669224,692.3053777413932,0.7481756540647435,26.53983083708684
5,backsliding_union_Nyr,Y_trade_pct_gdp,Trade / GDP,trade,instr-antiplural_w5_trt-ertOrDdcg_gapany_illib0p9026269_opp0p9026269_ctrypct_exclyr,backsliding_union_Nyr,271,22,0.09970247737454824,0.5565426738901069,217,16,5.713424414155192,8.389907319026037,0.4958792186155056,73.6498276855343,334.53619341109015,0.8257504136032104,17.56526767146656
5,backsliding_union_Nyr,Y_top10_share,Top-10% income share,top10,instr-antiplural_w5_trt-ertOrDdcg_gapany_illib0p9026269_opp0p9026269_ctrypct_exclyr,backsliding_union_Nyr,271,22,0.09970247737454824,0.5565426738901069,209,16,-0.09083632167276824,1.2653244151655891,0.9427698601501188,-0.4649580456087919,12.923732743442502,0.9713006421085406,19.456215292500342
5,backsliding_union_Nyr,Y_gini_disp,Disposable,gini,instr-antiplural_w5_trt-ertOrDdcg_gapany_illib0p9026269_opp0p9026269_ctrypct_exclyr,backsliding_union_Nyr,271,22,0.09970247737454824,0.5565426738901069,177,14,0.4823379943348774,0.7822541168599757,0.5374985052392223,7.475512728121702,32.961044930387466,0.8205804966836451,17.681485182159875
5,backsliding_union_Nyr,Y_gini_mkt,Market,gini,instr-antiplural_w5_trt-ertOrDdcg_gapany_illib0p9026269_opp0p9026269_ctrypct_exclyr,backsliding_union_Nyr,271,22,0.09970247737454824,0.5565426738901069,177,14,0.09236579074945536,0.7056128355823894,0.8958532144417922,0.598970138793439,14.399933389135194,0.9668212874227352,13.824234232401968
5,backsliding_union_Nyr,Y_debt,Debt / GDP,fiscal,instr-antiplural_w5_trt-ertOrDdcg_gapany_illib0p9026269_opp0p9026269_ctrypct_exclyr,backsliding_union_Nyr,271,22,0.09970247737454824,0.5565426738901069,231,17,-10.388255860155825,10.483560984792856,0.321729974040107,-45.82073833901805,78.18753188512726,0.557851065908008,22.11718405403739
5,backsliding_union_Nyr,Y_deficit,Deficit / GDP,fiscal,instr-antiplural_w5_trt-ertOrDdcg_gapany_illib0p9026269_opp0p9026269_ctrypct_exclyr,backsliding_union_Nyr,271,22,0.09970247737454824,0.5565426738901069,185,16,-0.2716734630424149,4.923962456794698,0.956000043245342,-6.795591636852279,31.352914791410736,0.8284069741514528,15.171472488853562
5,backsliding_union_Nyr,Y_checks_balances,Checks & balances,institutions,instr-antiplural_w5_trt-ertOrDdcg_gapany_illib0p9026269_opp0p9026269_ctrypct_exclyr,backsliding_union_Nyr,271,22,0.09970247737454824,0.5565426738901069,244,19,-0.0290469471757566,0.07944935450976758,0.7146611030607525,-924.1382029471364,2758.5405792949164,0.7376176730767665,30.458929668422225
5,backsliding_union_Nyr,Y_jucon,Judicial constraints,institutions,instr-antiplural_w5_trt-ertOrDdcg_gapany_illib0p9026269_opp0p9026269_ctrypct_exclyr,backsliding_union_Nyr,271,22,0.09970247737454824,0.5565426738901069,253,20,0.02004638705086995,0.05883238549245122,0.7333013703850281,1.1119858368633462,2.9768343628804415,0.7087417987974196,26.95704801475063
5,backsliding_union_Nyr,Y_legcon,Legislative constraints,institutions,instr-antiplural_w5_trt-ertOrDdcg_gapany_illib0p9026269_opp0p9026269_ctrypct_exclyr,backsliding_union_Nyr,271,22,0.09970247737454824,0.5565426738901069,244,19,-0.07273153785851749,0.1121206988902487,0.516538990185068,-305.22899344514775,1176.5347347566326,0.7953031001500823,29.611841323389385
5,backsliding_union_Nyr,Y_hos_power,HOS,exec_power,instr-antiplural_w5_trt-ertOrDdcg_gapany_illib0p9026269_opp0p9026269_ctrypct_exclyr,backsliding_union_Nyr,271,22,0.09970247737454824,0.5565426738901069,253,20,-0.02907564881867478,0.03300264403193703,0.37831258134206097,-1.896133305735328,5.388634463055536,0.7249309574247218,22.798517564279926
5,backsliding_union_Nyr,Y_hog_power,HOG,exec_power,instr-antiplural_w5_trt-ertOrDdcg_gapany_illib0p9026269_opp0p9026269_ctrypct_exclyr,backsliding_union_Nyr,271,22,0.09970247737454824,0.5565426738901069,100,11,0.03547641329017638,0.05116204195178629,0.4880505498259778,0.08837072902112303,0.48328715060733257,0.8549129984553298,22.261929128952556
5,backsliding_union_Nyr,Y_hos_power_vdem,HOS (v2ex_hosw),exec_power_alt,instr-antiplural_w5_trt-ertOrDdcg_gapany_illib0p9026269_opp0p9026269_ctrypct_exclyr,backsliding_union_Nyr,271,22,0.09970247737454824,0.5565426738901069,253,20,0.00901639141635273,0.01038315643487701,0.3851934009901241,0.2592740829739636,0.37702885906197176,0.4916561931127749,19.699420426125045
5,backsliding_union_Nyr,Y_hog_power_vdem,HOG (v2ex_hogw),exec_power_alt,instr-antiplural_w5_trt-ertOrDdcg_gapany_illib0p9026269_opp0p9026269_ctrypct_exclyr,backsliding_union_Nyr,271,22,0.09970247737454824,0.5565426738901069,253,20,-0.01031984159033036,0.01157384417982643,0.3725794759705548,-0.35579095889070045,0.7316068606406988,0.6267442638647369,20.071238285552923
5,backsliding_union_Nyr,Y_polyarchy,Electoral (polyarchy),vdem_high,instr-antiplural_w5_trt-ertOrDdcg_gapany_illib0p9026269_opp0p9026269_ctrypct_exclyr,backsliding_union_Nyr,271,22,0.09970247737454824,0.5565426738901069,253,20,-0.02566191312664815,0.05091122031316585,0.6142246883566115,-0.21695547405839904,2.180516977031697,0.9207434598650478,20.770548600507503
5,backsliding_union_Nyr,Y_libdem,Liberal,vdem_high,instr-antiplural_w5_trt-ertOrDdcg_gapany_illib0p9026269_opp0p9026269_ctrypct_exclyr,backsliding_union_Nyr,271,22,0.09970247737454824,0.5565426738901069,253,20,-0.00354188837837592,0.04696924673402834,0.939889562016013,-0.04288075954949135,2.085870013468409,0.9835984572303988,23.81856621619961
5,backsliding_union_Nyr,Y_partipdem,Participatory,vdem_high,instr-antiplural_w5_trt-ertOrDdcg_gapany_illib0p9026269_opp0p9026269_ctrypct_exclyr,backsliding_union_Nyr,271,22,0.09970247737454824,0.5565426738901069,252,20,-0.00477337983067338,0.03322104859830084,0.8857488965234052,-0.3682707839552771,1.7647594793821333,0.8346977108972279,24.32183033463163
5,backsliding_union_Nyr,Y_delibdem,Deliberative,vdem_high,instr-antiplural_w5_trt-ertOrDdcg_gapany_illib0p9026269_opp0p9026269_ctrypct_exclyr,backsliding_union_Nyr,271,22,0.09970247737454824,0.5565426738901069,253,20,-0.0336343427354108,0.05312272845805039,0.526639538175939,-2.92851902611163,9.085264640271038,0.7471972325179728,23.93409742713723
5,backsliding_union_Nyr,Y_egaldem,Egalitarian,vdem_high,instr-antiplural_w5_trt-ertOrDdcg_gapany_illib0p9026269_opp0p9026269_ctrypct_exclyr,backsliding_union_Nyr,271,22,0.09970247737454824,0.5565426738901069,253,20,0.00528539683924119,0.03715538470271403,0.886881617154463,0.7372874088179602,2.52229283510275,0.7700508290403595,21.374525306400244
5,backsliding_union_Nyr,Y_elecoff,Elected officials,vdem_electoral,instr-antiplural_w5_trt-ertOrDdcg_gapany_illib0p9026269_opp0p9026269_ctrypct_exclyr,backsliding_union_Nyr,271,22,0.09970247737454824,0.5565426738901069,253,20,-0.03942781047787311,0.14645823520096407,0.7877691940674233,-0.7920498359942175,9.64095769012724,0.9345237082145464,20.689852327563575
5,backsliding_union_Nyr,Y_frefair,Clean elections,vdem_electoral,instr-antiplural_w5_trt-ertOrDdcg_gapany_illib0p9026269_opp0p9026269_ctrypct_exclyr,backsliding_union_Nyr,271,22,0.09970247737454824,0.5565426738901069,253,20,-0.05710772493400858,0.06915249929015975,0.40890450078141105,-0.6839497397216662,4.184433731880308,0.8701633765588616,19.440659638468507
5,backsliding_union_Nyr,Y_frassoc,Association,vdem_electoral,instr-antiplural_w5_trt-ertOrDdcg_gapany_illib0p9026269_opp0p9026269_ctrypct_exclyr,backsliding_union_Nyr,271,22,0.09970247737454824,0.5565426738901069,253,20,-0.04167658627463411,0.06425808251302843,0.5166090901834697,-1.2710580714984354,6.036226664983788,0.833221554027533,21.24237982637685
5,backsliding_union_Nyr,Y_suffr,Suffrage,vdem_electoral,instr-antiplural_w5_trt-ertOrDdcg_gapany_illib0p9026269_opp0p9026269_ctrypct_exclyr,backsliding_union_Nyr,271,22,0.09970247737454824,0.5565426738901069,253,20,-0.00305616517720974,0.00159239066829614,0.05495513433312015,-0.03727942253931972,0.05565433774701519,0.502960697173146,16.284547747091096
5,backsliding_union_Nyr,Y_freexp,Expression & alt. info,vdem_electoral,instr-antiplural_w5_trt-ertOrDdcg_gapany_illib0p9026269_opp0p9026269_ctrypct_exclyr,backsliding_union_Nyr,271,22,0.09970247737454824,0.5565426738901069,253,20,-0.01315794784865482,0.05751670844163295,0.8190497058963077,-0.9944652398864808,3.600346072524556,0.7823838649511778,24.6397752911766
5,backsliding_union_Nyr,Y_cl_rol,Rule of law,vdem_liberal,instr-antiplural_w5_trt-ertOrDdcg_gapany_illib0p9026269_opp0p9026269_ctrypct_exclyr,backsliding_union_Nyr,271,22,0.09970247737454824,0.5565426738901069,253,20,-0.03447351008119273,0.04473213064306032,0.44090522287009665,-3.033691874722122,9.163100389348662,0.740586317033555,23.4459623493704
5,backsliding_union_Nyr,Y_cspart,Civil society,vdem_particip,instr-antiplural_w5_trt-ertOrDdcg_gapany_illib0p9026269_opp0p9026269_ctrypct_exclyr,backsliding_union_Nyr,271,22,0.09970247737454824,0.5565426738901069,253,20,-0.01194735490644476,0.06152110942044019,0.8460198497698054,-1.280047925919325,3.311402067897778,0.6990836877066284,26.617883544303304
5,backsliding_union_Nyr,Y_dd,Direct democracy,vdem_particip,instr-antiplural_w5_trt-ertOrDdcg_gapany_illib0p9026269_opp0p9026269_ctrypct_exclyr,backsliding_union_Nyr,271,22,0.09970247737454824,0.5565426738901069,253,20,0.03290584655466012,0.0329016400434052,0.31724863936590814,3.1829479280850954,7.542749611868783,0.6730339597892825,25.813659809320605
5,backsliding_union_Nyr,Y_locelec,Local elections,vdem_particip,instr-antiplural_w5_trt-ertOrDdcg_gapany_illib0p9026269_opp0p9026269_ctrypct_exclyr,backsliding_union_Nyr,271,22,0.09970247737454824,0.5565426738901069,248,20,-0.0427717554558889,0.1093779912418586,0.6957637109705028,-3.2819724546866036,9.526162703827344,0.7304537675611382,27.407809139406854
5,backsliding_union_Nyr,Y_regelec,Regional elections,vdem_particip,instr-antiplural_w5_trt-ertOrDdcg_gapany_illib0p9026269_opp0p9026269_ctrypct_exclyr,backsliding_union_Nyr,271,22,0.09970247737454824,0.5565426738901069,252,20,-0.02876560824767528,0.06987564270672436,0.6805823404231917,-1.4833816344585646,5.221389668343882,0.7763359734630663,21.16772988916581
5,backsliding_union_Nyr,Y_delib,Deliberation,vdem_egal_delib,instr-antiplural_w5_trt-ertOrDdcg_gapany_illib0p9026269_opp0p9026269_ctrypct_exclyr,backsliding_union_Nyr,271,22,0.09970247737454824,0.5565426738901069,253,20,-0.08463483341089417,0.07153082564182074,0.23673232742744063,-7.322032078183846,18.311760374011904,0.6892639966515867,26.053777579712857
5,backsliding_union_Nyr,Y_eqprotec,Equal protection,vdem_egal_delib,instr-antiplural_w5_trt-ertOrDdcg_gapany_illib0p9026269_opp0p9026269_ctrypct_exclyr,backsliding_union_Nyr,271,22,0.09970247737454824,0.5565426738901069,253,20,0.05628736915221967,0.04801180690614194,0.24105048545927504,5.2173277379976835,14.371407477012786,0.7165785403272225,24.450009197437883
5,backsliding_union_Nyr,Y_eqaccess,Equal access,vdem_egal_delib,instr-antiplural_w5_trt-ertOrDdcg_gapany_illib0p9026269_opp0p9026269_ctrypct_exclyr,backsliding_union_Nyr,271,22,0.09970247737454824,0.5565426738901069,253,20,-0.00706609083061266,0.04432903546633567,0.8733529822301354,-0.7961243183057544,2.201655453956622,0.7176490276158745,26.636476687473735
5,backsliding_union_Nyr,Y_eqdr,Equal distribution,vdem_egal_delib,instr-antiplural_w5_trt-ertOrDdcg_gapany_illib0p9026269_opp0p9026269_ctrypct_exclyr,backsliding_union_Nyr,271,22,0.09970247737454824,0.5565426738901069,253,20,-0.02005407673294085,0.03921066881503402,0.6090399161027309,-1.794346516885854,5.479659982565002,0.7433231580894833,23.342084872502895
5,polyarchy_decline,Y_gdp_growth,PWT,growth,instr-antiplural_w5_trt-polyarchy_gapany_illib0p9026269_opp0p9026269_ctrypct_exclyr,polyarchy_decline,253,106,0.02566191312664815,0.6142246883566115,235,94,-0.3200815545751488,0.15798474867544127,0.04276189582635943,-2.3409867842508447,2.7851575095249816,0.40061564618317247,28.50076517186171
5,polyarchy_decline,Y_gdp_growth_wb,World Bank,growth,instr-antiplural_w5_trt-polyarchy_gapany_illib0p9026269_opp0p9026269_ctrypct_exclyr,polyarchy_decline,253,106,0.02566191312664815,0.6142246883566115,240,99,-0.06904280690201721,0.08083644708144633,0.3930468599193386,-0.4646705140814731,1.514920288020886,0.7590493884593327,29.18057235297709
5,polyarchy_decline,Y_gdp_growth_imf,IMF WEO,growth,instr-antiplural_w5_trt-polyarchy_gapany_illib0p9026269_opp0p9026269_ctrypct_exclyr,polyarchy_decline,253,106,0.02566191312664815,0.6142246883566115,157,67,-0.12270116364099716,0.08466384250750175,0.14726088789341849,-47.022214070168005,258.5656319473859,0.8556942103221024,20.974161847846496
5,polyarchy_decline,Y_inflation,"CPI, cumulative log",inflation,instr-antiplural_w5_trt-polyarchy_gapany_illib0p9026269_opp0p9026269_ctrypct_exclyr,polyarchy_decline,253,106,0.02566191312664815,0.6142246883566115,210,87,-0.08206089866896521,0.49651030670902224,0.8687272852814751,-8.580601816188581,39.8342992664898,0.8294497210145744,24.735914674750507
5,polyarchy_decline,Y_unemployment,Unemployment rate,unemployment,instr-antiplural_w5_trt-polyarchy_gapany_illib0p9026269_opp0p9026269_ctrypct_exclyr,polyarchy_decline,253,106,0.02566191312664815,0.6142246883566115,162,89,0.6198229825116638,0.839225299678518,0.4601707863512396,19.100307864595976,53.023565086095545,0.7186803736106201,22.302533364184768
5,polyarchy_decline,Y_trade_pct_gdp,Trade / GDP,trade,instr-antiplural_w5_trt-polyarchy_gapany_illib0p9026269_opp0p9026269_ctrypct_exclyr,polyarchy_decline,253,106,0.02566191312664815,0.6142246883566115,217,94,5.713424414155192,8.389907319026037,0.4958792186155056,189.57622568076957,395.0951028700365,0.6313523423071413,28.205439455486264
5,polyarchy_decline,Y_top10_share,Top-10% income share,top10,instr-antiplural_w5_trt-polyarchy_gapany_illib0p9026269_opp0p9026269_ctrypct_exclyr,polyarchy_decline,253,106,0.02566191312664815,0.6142246883566115,209,87,-0.09083632167276824,1.2653244151655891,0.9427698601501188,-1.4590884428787858,35.85096300841123,0.9675360789823328,24.175647706585902
5,polyarchy_decline,Y_gini_disp,Disposable,gini,instr-antiplural_w5_trt-polyarchy_gapany_illib0p9026269_opp0p9026269_ctrypct_exclyr,polyarchy_decline,253,106,0.02566191312664815,0.6142246883566115,177,74,0.4823379943348774,0.7822541168599757,0.5374985052392223,16.929704386094365,79.97569560884475,0.8323523106099453,20.3737991830049
5,polyarchy_decline,Y_gini_mkt,Market,gini,instr-antiplural_w5_trt-polyarchy_gapany_illib0p9026269_opp0p9026269_ctrypct_exclyr,polyarchy_decline,253,106,0.02566191312664815,0.6142246883566115,177,74,0.09236579074945536,0.7056128355823894,0.8958532144417922,2.130312216420621,27.778993792197703,0.938871844386522,21.320032242401233
5,polyarchy_decline,Y_debt,Debt / GDP,fiscal,instr-antiplural_w5_trt-polyarchy_gapany_illib0p9026269_opp0p9026269_ctrypct_exclyr,polyarchy_decline,253,106,0.02566191312664815,0.6142246883566115,231,100,-10.388255860155825,10.483560984792856,0.321729974040107,27.091213724720983,215.1602740685088,0.8998017554772153,27.063523106237316
5,polyarchy_decline,Y_deficit,Deficit / GDP,fiscal,instr-antiplural_w5_trt-polyarchy_gapany_illib0p9026269_opp0p9026269_ctrypct_exclyr,polyarchy_decline,253,106,0.02566191312664815,0.6142246883566115,185,85,-0.2716734630424149,4.923962456794698,0.956000043245342,89.08249641201422,232.29776211481123,0.7013608630435868,21.76353208116037
5,polyarchy_decline,Y_checks_balances,Checks & balances,institutions,instr-antiplural_w5_trt-polyarchy_gapany_illib0p9026269_opp0p9026269_ctrypct_exclyr,polyarchy_decline,253,106,0.02566191312664815,0.6142246883566115,244,103,-0.0290469471757566,0.07944935450976758,0.7146611030607525,-0.8660975822411778,3.3100146548279796,0.7935837802278959,23.824548399876036
5,polyarchy_decline,Y_jucon,Judicial constraints,institutions,instr-antiplural_w5_trt-polyarchy_gapany_illib0p9026269_opp0p9026269_ctrypct_exclyr,polyarchy_decline,253,106,0.02566191312664815,0.6142246883566115,253,106,0.02004638705086995,0.05883238549245122,0.7333013703850281,14.998008765392374,60.38536921476285,0.8038469308287707,19.953804112220155
5,polyarchy_decline,Y_legcon,Legislative constraints,institutions,instr-antiplural_w5_trt-polyarchy_gapany_illib0p9026269_opp0p9026269_ctrypct_exclyr,polyarchy_decline,253,106,0.02566191312664815,0.6142246883566115,244,103,-0.07273153785851749,0.1121206988902487,0.516538990185068,-1.76377848673187,5.723957775463381,0.7579760529853206,24.648309924756703
5,polyarchy_decline,Y_hos_power,HOS,exec_power,instr-antiplural_w5_trt-polyarchy_gapany_illib0p9026269_opp0p9026269_ctrypct_exclyr,polyarchy_decline,253,106,0.02566191312664815,0.6142246883566115,253,106,-0.02907564881867478,0.03300264403193703,0.37831258134206097,-1.692384943029713,5.574775330573655,0.7614486220522023,22.11608398190615
5,polyarchy_decline,Y_hog_power,HOG,exec_power,instr-antiplural_w5_trt-polyarchy_gapany_illib0p9026269_opp0p9026269_ctrypct_exclyr,polyarchy_decline,253,106,0.02566191312664815,0.6142246883566115,100,37,0.03547641329017638,0.05116204195178629,0.4880505498259778,0.4110694358865823,0.7215237740260482,0.568864885694351,22.17668851217155
5,polyarchy_decline,Y_hos_power_vdem,HOS (v2ex_hosw),exec_power_alt,instr-antiplural_w5_trt-polyarchy_gapany_illib0p9026269_opp0p9026269_ctrypct_exclyr,polyarchy_decline,253,106,0.02566191312664815,0.6142246883566115,253,106,0.00901639141635273,0.01038315643487701,0.3851934009901241,1.99452724474292,2.988255673880151,0.5044813192373327,19.885955137141973
5,polyarchy_decline,Y_hog_power_vdem,HOG (v2ex_hogw),exec_power_alt,instr-antiplural_w5_trt-polyarchy_gapany_illib0p9026269_opp0p9026269_ctrypct_exclyr,polyarchy_decline,253,106,0.02566191312664815,0.6142246883566115,253,106,-0.01031984159033036,0.01157384417982643,0.3725794759705548,-3.510105122027794,21.640264028325895,0.8711463840249711,19.51557685065643
5,polyarchy_decline,Y_polyarchy,Electoral (polyarchy),vdem_high,instr-antiplural_w5_trt-polyarchy_gapany_illib0p9026269_opp0p9026269_ctrypct_exclyr,polyarchy_decline,253,106,0.02566191312664815,0.6142246883566115,253,106,-0.02566191312664815,0.05091122031316585,0.6142246883566115,-1,8.563952817865161e-17,0,29.865733691156056
5,polyarchy_decline,Y_libdem,Liberal,vdem_high,instr-antiplural_w5_trt-polyarchy_gapany_illib0p9026269_opp0p9026269_ctrypct_exclyr,polyarchy_decline,253,106,0.02566191312664815,0.6142246883566115,253,106,-0.00354188837837592,0.04696924673402834,0.939889562016013,-0.10502524292890814,1.672226749665044,0.9499212881483172,25.978933648046848
5,polyarchy_decline,Y_partipdem,Participatory,vdem_high,instr-antiplural_w5_trt-polyarchy_gapany_illib0p9026269_opp0p9026269_ctrypct_exclyr,polyarchy_decline,253,106,0.02566191312664815,0.6142246883566115,252,106,-0.00477337983067338,0.03322104859830084,0.8857488965234052,-0.18472684174622836,1.0662765619623351,0.8624590313176005,24.91338044118576
5,polyarchy_decline,Y_delibdem,Deliberative,vdem_high,instr-antiplural_w5_trt-polyarchy_gapany_illib0p9026269_opp0p9026269_ctrypct_exclyr,polyarchy_decline,253,106,0.02566191312664815,0.6142246883566115,253,106,-0.0336343427354108,0.05312272845805039,0.526639538175939,-1.3858923397286722,1.5533286281300065,0.37228141666327613,23.261832358575575
5,polyarchy_decline,Y_egaldem,Egalitarian,vdem_high,instr-antiplural_w5_trt-polyarchy_gapany_illib0p9026269_opp0p9026269_ctrypct_exclyr,polyarchy_decline,253,106,0.02566191312664815,0.6142246883566115,253,106,0.00528539683924119,0.03715538470271403,0.886881617154463,0.2338270120526073,1.765500249765045,0.8946344147329396,24.233763343865835
5,polyarchy_decline,Y_elecoff,Elected officials,vdem_electoral,instr-antiplural_w5_trt-polyarchy_gapany_illib0p9026269_opp0p9026269_ctrypct_exclyr,polyarchy_decline,253,106,0.02566191312664815,0.6142246883566115,253,106,-0.03942781047787311,0.14645823520096407,0.7877691940674233,-2.487790403869534,5.7063656179678,0.6628602523971723,23.07599912070429
5,polyarchy_decline,Y_frefair,Clean elections,vdem_electoral,instr-antiplural_w5_trt-polyarchy_gapany_illib0p9026269_opp0p9026269_ctrypct_exclyr,polyarchy_decline,253,106,0.02566191312664815,0.6142246883566115,253,106,-0.05710772493400858,0.06915249929015975,0.40890450078141105,-3.0132447149445105,5.331472950059984,0.5719509773519098,22.13629647044855
5,polyarchy_decline,Y_frassoc,Association,vdem_electoral,instr-antiplural_w5_trt-polyarchy_gapany_illib0p9026269_opp0p9026269_ctrypct_exclyr,polyarchy_decline,253,106,0.02566191312664815,0.6142246883566115,253,106,-0.04167658627463411,0.06425808251302843,0.5166090901834697,-1.7209920342552096,1.8863364568091872,0.36158646315293047,24.437305312303124
5,polyarchy_decline,Y_suffr,Suffrage,vdem_electoral,instr-antiplural_w5_trt-polyarchy_gapany_illib0p9026269_opp0p9026269_ctrypct_exclyr,polyarchy_decline,253,106,0.02566191312664815,0.6142246883566115,253,106,-0.00305616517720974,0.00159239066829614,0.05495513433312015,0.00395221912809229,0.17618134409188155,0.9821028146883154,24.55302726253972
5,polyarchy_decline,Y_freexp,Expression & alt. info,vdem_electoral,instr-antiplural_w5_trt-polyarchy_gapany_illib0p9026269_opp0p9026269_ctrypct_exclyr,polyarchy_decline,253,106,0.02566191312664815,0.6142246883566115,253,106,-0.01315794784865482,0.05751670844163295,0.8190497058963077,0.2165495537683104,5.149475570124749,0.9664566553765872,21.138354412113152
5,polyarchy_decline,Y_cl_rol,Rule of law,vdem_liberal,instr-antiplural_w5_trt-polyarchy_gapany_illib0p9026269_opp0p9026269_ctrypct_exclyr,polyarchy_decline,253,106,0.02566191312664815,0.6142246883566115,253,106,-0.03447351008119273,0.04473213064306032,0.44090522287009665,-1.7709145077549615,3.147120021965933,0.5736326766179676,22.94381173950589
5,polyarchy_decline,Y_cspart,Civil society,vdem_particip,instr-antiplural_w5_trt-polyarchy_gapany_illib0p9026269_opp0p9026269_ctrypct_exclyr,polyarchy_decline,253,106,0.02566191312664815,0.6142246883566115,253,106,-0.01194735490644476,0.06152110942044019,0.8460198497698054,-0.5197852919208354,2.3439317477985657,0.8245023843373824,23.07045186385077
5,polyarchy_decline,Y_dd,Direct democracy,vdem_particip,instr-antiplural_w5_trt-polyarchy_gapany_illib0p9026269_opp0p9026269_ctrypct_exclyr,polyarchy_decline,253,106,0.02566191312664815,0.6142246883566115,253,106,0.03290584655466012,0.0329016400434052,0.31724863936590814,1.5235942858964182,2.809671342681909,0.58763403737091,25.079705194684266
5,polyarchy_decline,Y_locelec,Local elections,vdem_particip,instr-antiplural_w5_trt-polyarchy_gapany_illib0p9026269_opp0p9026269_ctrypct_exclyr,polyarchy_decline,253,106,0.02566191312664815,0.6142246883566115,248,104,-0.0427717554558889,0.1093779912418586,0.6957637109705028,-1.4934020252134408,4.219943144944227,0.7234201945893411,26.108773352413586
5,polyarchy_decline,Y_regelec,Regional elections,vdem_particip,instr-antiplural_w5_trt-polyarchy_gapany_illib0p9026269_opp0p9026269_ctrypct_exclyr,polyarchy_decline,253,106,0.02566191312664815,0.6142246883566115,252,106,-0.02876560824767528,0.06987564270672436,0.6805823404231917,-0.9566312425741772,2.810714806312311,0.7335917732477162,26.198422083970915
5,polyarchy_decline,Y_delib,Deliberation,vdem_egal_delib,instr-antiplural_w5_trt-polyarchy_gapany_illib0p9026269_opp0p9026269_ctrypct_exclyr,polyarchy_decline,253,106,0.02566191312664815,0.6142246883566115,253,106,-0.08463483341089417,0.07153082564182074,0.23673232742744063,-3.7591961881466593,6.528052532549189,0.5647147995323663,23.485780429578405
5,polyarchy_decline,Y_eqprotec,Equal protection,vdem_egal_delib,instr-antiplural_w5_trt-polyarchy_gapany_illib0p9026269_opp0p9026269_ctrypct_exclyr,polyarchy_decline,253,106,0.02566191312664815,0.6142246883566115,253,106,0.05628736915221967,0.04801180690614194,0.24105048545927504,2.156054695331517,5.294754647116676,0.6838568568487164,25.31721343249208
5,polyarchy_decline,Y_eqaccess,Equal access,vdem_egal_delib,instr-antiplural_w5_trt-polyarchy_gapany_illib0p9026269_opp0p9026269_ctrypct_exclyr,polyarchy_decline,253,106,0.02566191312664815,0.6142246883566115,253,106,-0.00706609083061266,0.04432903546633567,0.8733529822301354,-0.2635055777663604,1.253872385573545,0.8335479283574165,27.27618711798006
5,polyarchy_decline,Y_eqdr,Equal distribution,vdem_egal_delib,instr-antiplural_w5_trt-polyarchy_gapany_illib0p9026269_opp0p9026269_ctrypct_exclyr,polyarchy_decline,253,106,0.02566191312664815,0.6142246883566115,253,106,-0.02005407673294085,0.03921066881503402,0.6090399161027309,-0.6969470889426691,1.3489561222953703,0.6053958946313864,25.98894045812188
6,backsliding_Nyr,Y_gdp_growth,PWT,growth,instr-antiplural_w6_trt-ert_gapany_illib0p9026269_opp0p9026269_ctrypct_exclyr,backsliding_Nyr,271,25,0.08380508899099431,0.5979631339562061,228,19,-0.4251161130940164,0.1882979923823966,0.02396578213411442,-2.7471336280584064,3.5231071913001375,0.43553958011848015,22.365294050889393
6,backsliding_Nyr,Y_gdp_growth_wb,World Bank,growth,instr-antiplural_w6_trt-ert_gapany_illib0p9026269_opp0p9026269_ctrypct_exclyr,backsliding_Nyr,271,25,0.08380508899099431,0.5979631339562061,233,21,-0.2208242927535919,0.0988029553444568,0.02541755635108719,-1.099959424089911,1.538218311270181,0.47455548453415985,26.731691884178815
6,backsliding_Nyr,Y_gdp_growth_imf,IMF WEO,growth,instr-antiplural_w6_trt-ert_gapany_illib0p9026269_opp0p9026269_ctrypct_exclyr,backsliding_Nyr,271,25,0.08380508899099431,0.5979631339562061,150,13,-0.202549869623713,0.0794142056566494,0.01075532221051913,-1.3574607242974357,1.386422355466981,0.3275253703454726,18.13668793513559
6,backsliding_Nyr,Y_inflation,"CPI, cumulative log",inflation,instr-antiplural_w6_trt-ert_gapany_illib0p9026269_opp0p9026269_ctrypct_exclyr,backsliding_Nyr,271,25,0.08380508899099431,0.5979631339562061,203,19,-0.2112809903947782,0.6931728333028859,0.7605163819048358,-2.6201736510997025,16.93277129453203,0.8770264516609313,22.315129695492576
6,backsliding_Nyr,Y_unemployment,Unemployment rate,unemployment,instr-antiplural_w6_trt-ert_gapany_illib0p9026269_opp0p9026269_ctrypct_exclyr,backsliding_Nyr,271,25,0.08380508899099431,0.5979631339562061,154,20,0.779780358321326,1.3459408013717342,0.5623482451477342,12.64199374526716,21.230336962288632,0.5515304484724002,26.25971689431716
6,backsliding_Nyr,Y_trade_pct_gdp,Trade / GDP,trade,instr-antiplural_w6_trt-ert_gapany_illib0p9026269_opp0p9026269_ctrypct_exclyr,backsliding_Nyr,271,25,0.08380508899099431,0.5979631339562061,210,17,-3.388685874112517,12.614212528670729,0.7882064947535156,-69.32585322301624,525.8656682557635,0.8951172797237784,18.53252051698992
6,backsliding_Nyr,Y_top10_share,Top-10% income share,top10,instr-antiplural_w6_trt-ert_gapany_illib0p9026269_opp0p9026269_ctrypct_exclyr,backsliding_Nyr,271,25,0.08380508899099431,0.5979631339562061,201,20,-0.8335167178614871,1.55687545475524,0.5923885661065627,-7.080569124316813,21.661334335068972,0.7437617158889516,16.05303488971031
6,backsliding_Nyr,Y_gini_disp,Disposable,gini,instr-antiplural_w6_trt-ert_gapany_illib0p9026269_opp0p9026269_ctrypct_exclyr,backsliding_Nyr,271,25,0.08380508899099431,0.5979631339562061,170,16,-0.09002088833909938,0.9639848472527685,0.9255983961604892,-0.7870535728808412,15.331573010672866,0.959058200923473,19.952014591456823
6,backsliding_Nyr,Y_gini_mkt,Market,gini,instr-antiplural_w6_trt-ert_gapany_illib0p9026269_opp0p9026269_ctrypct_exclyr,backsliding_Nyr,271,25,0.08380508899099431,0.5979631339562061,170,16,-0.11191151477236494,0.8002027276938936,0.8887753837089671,-1.392974796383632,14.301742609856356,0.9224095739349324,20.748585849367597
6,backsliding_Nyr,Y_debt,Debt / GDP,fiscal,instr-antiplural_w6_trt-ert_gapany_illib0p9026269_opp0p9026269_ctrypct_exclyr,backsliding_Nyr,271,25,0.08380508899099431,0.5979631339562061,223,19,-5.9652973563886125,11.771000957397504,0.6123098173925485,11.9098656586383,113.14009690589263,0.9161643187966502,22.808786669756415
6,backsliding_Nyr,Y_deficit,Deficit / GDP,fiscal,instr-antiplural_w6_trt-ert_gapany_illib0p9026269_opp0p9026269_ctrypct_exclyr,backsliding_Nyr,271,25,0.08380508899099431,0.5979631339562061,178,19,3.0636589045939746,4.587313587560844,0.5042263509226016,18.930426432172677,186.22122663156176,0.9190300630201615,19.743699944084693
6,backsliding_Nyr,Y_checks_balances,Checks & balances,institutions,instr-antiplural_w6_trt-ert_gapany_illib0p9026269_opp0p9026269_ctrypct_exclyr,backsliding_Nyr,271,25,0.08380508899099431,0.5979631339562061,235,20,-0.06471044860092656,0.0908753271358482,0.476415608582576,-0.931709826048892,1.5024388624957432,0.535171144720481,23.92569663052282
6,backsliding_Nyr,Y_jucon,Judicial constraints,institutions,instr-antiplural_w6_trt-ert_gapany_illib0p9026269_opp0p9026269_ctrypct_exclyr,backsliding_Nyr,271,25,0.08380508899099431,0.5979631339562061,245,21,0.01696231039697485,0.06677479001483484,0.7994780448736929,0.10775571630989826,0.601205181962936,0.8577548732436289,24.004574685988747
6,backsliding_Nyr,Y_legcon,Legislative constraints,institutions,instr-antiplural_w6_trt-ert_gapany_illib0p9026269_opp0p9026269_ctrypct_exclyr,backsliding_Nyr,271,25,0.08380508899099431,0.5979631339562061,235,20,-0.14794369544109195,0.13751592022835715,0.2820034781462261,-2.119373908139799,3.14416286802195,0.5002692288223032,25.02751077270945
6,backsliding_Nyr,Y_hos_power,HOS,exec_power,instr-antiplural_w6_trt-ert_gapany_illib0p9026269_opp0p9026269_ctrypct_exclyr,backsliding_Nyr,271,25,0.08380508899099431,0.5979631339562061,245,21,-0.02133949334652633,0.04070988250786286,0.6001501532602566,-0.17342507333370588,0.3832450062411075,0.6508962147785056,21.702569779838708
6,backsliding_Nyr,Y_hog_power,HOG,exec_power,instr-antiplural_w6_trt-ert_gapany_illib0p9026269_opp0p9026269_ctrypct_exclyr,backsliding_Nyr,271,25,0.08380508899099431,0.5979631339562061,96,12,0.07495825650108648,0.05827552926743333,0.1983477023344181,0.47152430627933495,0.7988773659191145,0.5550340129191844,27.619188048213942
6,backsliding_Nyr,Y_hos_power_vdem,HOS (v2ex_hosw),exec_power_alt,instr-antiplural_w6_trt-ert_gapany_illib0p9026269_opp0p9026269_ctrypct_exclyr,backsliding_Nyr,271,25,0.08380508899099431,0.5979631339562061,245,21,0.02295190276320891,0.01605707787204242,0.15289080736612493,0.34462238148212715,0.4636990423027516,0.4573589673145737,22.930326966726454
6,backsliding_Nyr,Y_hog_power_vdem,HOG (v2ex_hogw),exec_power_alt,instr-antiplural_w6_trt-ert_gapany_illib0p9026269_opp0p9026269_ctrypct_exclyr,backsliding_Nyr,271,25,0.08380508899099431,0.5979631339562061,245,21,-0.04572845041820379,0.03157871482830243,0.14759516485326607,-0.5187666135376197,0.7782330268476992,0.5050305607824721,25.811369035900046
6,backsliding_Nyr,Y_polyarchy,Electoral (polyarchy),vdem_high,instr-antiplural_w6_trt-ert_gapany_illib0p9026269_opp0p9026269_ctrypct_exclyr,backsliding_Nyr,271,25,0.08380508899099431,0.5979631339562061,245,21,-0.06859237250880486,0.05854029061928308,0.2413126246068426,-0.7202817421046595,0.9265979454729324,0.43695814088325335,25.51515375863247
6,backsliding_Nyr,Y_libdem,Liberal,vdem_high,instr-antiplural_w6_trt-ert_gapany_illib0p9026269_opp0p9026269_ctrypct_exclyr,backsliding_Nyr,271,25,0.08380508899099431,0.5979631339562061,245,21,-0.04450901972153518,0.05395918474239745,0.409448483069236,-0.4646994948392704,0.637342834917625,0.46592817805102466,25.98265912873297
6,backsliding_Nyr,Y_partipdem,Participatory,vdem_high,instr-antiplural_w6_trt-ert_gapany_illib0p9026269_opp0p9026269_ctrypct_exclyr,backsliding_Nyr,271,25,0.08380508899099431,0.5979631339562061,244,21,-0.02751463698780253,0.03889280386743778,0.4792881059247645,-0.2922499524986444,0.4408588349374191,0.5073878739163962,27.360109975911676
6,backsliding_Nyr,Y_delibdem,Deliberative,vdem_high,instr-antiplural_w6_trt-ert_gapany_illib0p9026269_opp0p9026269_ctrypct_exclyr,backsliding_Nyr,271,25,0.08380508899099431,0.5979631339562061,245,21,-0.05242543571588946,0.06518474138516896,0.42124722678661947,-0.5508760277499843,0.8632315068115981,0.5233723906591474,25.860317327315627
6,backsliding_Nyr,Y_egaldem,Egalitarian,vdem_high,instr-antiplural_w6_trt-ert_gapany_illib0p9026269_opp0p9026269_ctrypct_exclyr,backsliding_Nyr,271,25,0.08380508899099431,0.5979631339562061,245,21,-0.03007269120138483,0.04527969688521754,0.506591759952073,-0.29484012675997856,0.5246032723616285,0.5740990216327879,24.724553633417436
6,backsliding_Nyr,Y_elecoff,Elected officials,vdem_electoral,instr-antiplural_w6_trt-ert_gapany_illib0p9026269_opp0p9026269_ctrypct_exclyr,backsliding_Nyr,271,25,0.08380508899099431,0.5979631339562061,245,21,-0.10424917578640204,0.15779006940115395,0.5088157933843178,-1.0431771927302895,2.208796961995004,0.6367248232357583,25.68015203558545
6,backsliding_Nyr,Y_frefair,Clean elections,vdem_electoral,instr-antiplural_w6_trt-ert_gapany_illib0p9026269_opp0p9026269_ctrypct_exclyr,backsliding_Nyr,271,25,0.08380508899099431,0.5979631339562061,245,21,-0.11376672485249224,0.0834810325726102,0.17295018214747435,-1.1876782499720568,1.4770735779738158,0.4213535394779056,25.352263296289227
6,backsliding_Nyr,Y_frassoc,Association,vdem_electoral,instr-antiplural_w6_trt-ert_gapany_illib0p9026269_opp0p9026269_ctrypct_exclyr,backsliding_Nyr,271,25,0.08380508899099431,0.5979631339562061,245,21,-0.07949325863086298,0.07417851356629437,0.28387814742912243,-0.8538572512096841,1.2020040369447809,0.4774800633054958,26.202783854269157
6,backsliding_Nyr,Y_suffr,Suffrage,vdem_electoral,instr-antiplural_w6_trt-ert_gapany_illib0p9026269_opp0p9026269_ctrypct_exclyr,backsliding_Nyr,271,25,0.08380508899099431,0.5979631339562061,245,21,0.00230807655357924,0.00628570861517786,0.7134740695655859,0.06764112390093448,0.13295193576276768,0.6109178392817393,26.126084773281335
6,backsliding_Nyr,Y_freexp,Expression & alt. info,vdem_electoral,instr-antiplural_w6_trt-ert_gapany_illib0p9026269_opp0p9026269_ctrypct_exclyr,backsliding_Nyr,271,25,0.08380508899099431,0.5979631339562061,245,21,-0.05870780894824277,0.06679814662616576,0.3794642831604969,-0.554562428157944,0.7629317389173691,0.46729737754066697,25.11947661331607
6,backsliding_Nyr,Y_cl_rol,Rule of law,vdem_liberal,instr-antiplural_w6_trt-ert_gapany_illib0p9026269_opp0p9026269_ctrypct_exclyr,backsliding_Nyr,271,25,0.08380508899099431,0.5979631339562061,245,21,-0.06014844347075604,0.04949605238493124,0.2242833445852564,-0.6095549993561223,0.7897959787403547,0.4402400447974617,24.44811599061157
6,backsliding_Nyr,Y_cspart,Civil society,vdem_particip,instr-antiplural_w6_trt-ert_gapany_illib0p9026269_opp0p9026269_ctrypct_exclyr,backsliding_Nyr,271,25,0.08380508899099431,0.5979631339562061,245,21,-0.01095926562901784,0.07802746690780386,0.8883013374271651,-0.13275147939408372,0.6842891928518733,0.8461765959485269,26.24100186564216
6,backsliding_Nyr,Y_dd,Direct democracy,vdem_particip,instr-antiplural_w6_trt-ert_gapany_illib0p9026269_opp0p9026269_ctrypct_exclyr,backsliding_Nyr,271,25,0.08380508899099431,0.5979631339562061,245,21,0.05722733387283303,0.04060686811975039,0.1587459356056872,0.5814312894353892,0.8592912262291504,0.4986340433884228,22.681429708264343
6,backsliding_Nyr,Y_locelec,Local elections,vdem_particip,instr-antiplural_w6_trt-ert_gapany_illib0p9026269_opp0p9026269_ctrypct_exclyr,backsliding_Nyr,271,25,0.08380508899099431,0.5979631339562061,240,21,-0.06295931239628441,0.12970622101784846,0.6273931096359247,-0.8488591798875429,1.786827909159839,0.634740732354118,27.809579019562097
6,backsliding_Nyr,Y_regelec,Regional elections,vdem_particip,instr-antiplural_w6_trt-ert_gapany_illib0p9026269_opp0p9026269_ctrypct_exclyr,backsliding_Nyr,271,25,0.08380508899099431,0.5979631339562061,244,21,-0.02756352229963223,0.07138962858698204,0.6994227477927111,-0.2314955784392544,0.6951214033599624,0.7391124006386661,21.445802272059108
6,backsliding_Nyr,Y_delib,Deliberation,vdem_egal_delib,instr-antiplural_w6_trt-ert_gapany_illib0p9026269_opp0p9026269_ctrypct_exclyr,backsliding_Nyr,271,25,0.08380508899099431,0.5979631339562061,245,21,-0.07251406865342414,0.0936786283162765,0.438887801182337,-0.7959444545247985,1.3257706640641806,0.5482639380531469,25.441755454222832
6,backsliding_Nyr,Y_eqprotec,Equal protection,vdem_egal_delib,instr-antiplural_w6_trt-ert_gapany_illib0p9026269_opp0p9026269_ctrypct_exclyr,backsliding_Nyr,271,25,0.08380508899099431,0.5979631339562061,245,21,0.0260217987279364,0.05453610377166625,0.6332566597106428,0.30129508923465187,0.6338191012328419,0.634527205295828,26.400958396075044
6,backsliding_Nyr,Y_eqaccess,Equal access,vdem_egal_delib,instr-antiplural_w6_trt-ert_gapany_illib0p9026269_opp0p9026269_ctrypct_exclyr,backsliding_Nyr,271,25,0.08380508899099431,0.5979631339562061,245,21,-0.05702500113833722,0.06200411150742839,0.35773107192292847,-0.5600480543467004,0.749864404021974,0.4551445909226036,25.336367973698117
6,backsliding_Nyr,Y_eqdr,Equal distribution,vdem_egal_delib,instr-antiplural_w6_trt-ert_gapany_illib0p9026269_opp0p9026269_ctrypct_exclyr,backsliding_Nyr,271,25,0.08380508899099431,0.5979631339562061,245,21,-0.03466037838176773,0.04832549502986778,0.4732336774235494,-0.34220345201544555,0.6437283349158036,0.5950057883258898,24.642390664983672
6,backsliding_union_Nyr,Y_gdp_growth,PWT,growth,instr-antiplural_w6_trt-ertOrDdcg_gapany_illib0p9026269_opp0p9026269_ctrypct_exclyr,backsliding_union_Nyr,271,28,0.07175647644620153,0.6537449970308464,228,22,-0.4251161130940164,0.1882979923823966,0.02396578213411442,-2.7333332708851925,4.629164211039813,0.5548827338047456,16.10420377292027
6,backsliding_union_Nyr,Y_gdp_growth_wb,World Bank,growth,instr-antiplural_w6_trt-ertOrDdcg_gapany_illib0p9026269_opp0p9026269_ctrypct_exclyr,backsliding_union_Nyr,271,28,0.07175647644620153,0.6537449970308464,233,23,-0.2208242927535919,0.0988029553444568,0.02541755635108719,-1.0589045261146717,1.540396427737096,0.49181596562365154,26.737692585314747
6,backsliding_union_Nyr,Y_gdp_growth_imf,IMF WEO,growth,instr-antiplural_w6_trt-ertOrDdcg_gapany_illib0p9026269_opp0p9026269_ctrypct_exclyr,backsliding_union_Nyr,271,28,0.07175647644620153,0.6537449970308464,150,15,-0.202549869623713,0.0794142056566494,0.01075532221051913,-1.3460102157451908,1.389132735992964,0.33256652643948864,18.19844390202645
6,backsliding_union_Nyr,Y_inflation,"CPI, cumulative log",inflation,instr-antiplural_w6_trt-ertOrDdcg_gapany_illib0p9026269_opp0p9026269_ctrypct_exclyr,backsliding_union_Nyr,271,28,0.07175647644620153,0.6537449970308464,203,20,-0.2112809903947782,0.6931728333028859,0.7605163819048358,-2.9348656264540085,16.82747901875316,0.8615439558969945,22.27776146090244
6,backsliding_union_Nyr,Y_unemployment,Unemployment rate,unemployment,instr-antiplural_w6_trt-ertOrDdcg_gapany_illib0p9026269_opp0p9026269_ctrypct_exclyr,backsliding_union_Nyr,271,28,0.07175647644620153,0.6537449970308464,154,21,0.779780358321326,1.3459408013717342,0.5623482451477342,12.649315745678829,21.229873802561254,0.5512913166091833,26.22235964853473
6,backsliding_union_Nyr,Y_trade_pct_gdp,Trade / GDP,trade,instr-antiplural_w6_trt-ertOrDdcg_gapany_illib0p9026269_opp0p9026269_ctrypct_exclyr,backsliding_union_Nyr,271,28,0.07175647644620153,0.6537449970308464,210,20,-3.388685874112517,12.614212528670729,0.7882064947535156,-63.65057701112024,511.1765792678815,0.9009053170670612,18.47519947798944
6,backsliding_union_Nyr,Y_top10_share,Top-10% income share,top10,instr-antiplural_w6_trt-ertOrDdcg_gapany_illib0p9026269_opp0p9026269_ctrypct_exclyr,backsliding_union_Nyr,271,28,0.07175647644620153,0.6537449970308464,201,22,-0.8335167178614871,1.55687545475524,0.5923885661065627,-7.969402620318664,22.002212964578124,0.7171957504422548,16.543236833486365
6,backsliding_union_Nyr,Y_gini_disp,Disposable,gini,instr-antiplural_w6_trt-ertOrDdcg_gapany_illib0p9026269_opp0p9026269_ctrypct_exclyr,backsliding_union_Nyr,271,28,0.07175647644620153,0.6537449970308464,170,17,-0.09002088833909938,0.9639848472527685,0.9255983961604892,-0.8399647746277452,14.765922266760532,0.9546365180333636,19.606502432858925
6,backsliding_union_Nyr,Y_gini_mkt,Market,gini,instr-antiplural_w6_trt-ertOrDdcg_gapany_illib0p9026269_opp0p9026269_ctrypct_exclyr,backsliding_union_Nyr,271,28,0.07175647644620153,0.6537449970308464,170,17,-0.11191151477236494,0.8002027276938936,0.8887753837089671,-1.3451928170558378,13.24660176936186,0.9191138439929488,20.06920697912011
6,backsliding_union_Nyr,Y_debt,Debt / GDP,fiscal,instr-antiplural_w6_trt-ertOrDdcg_gapany_illib0p9026269_opp0p9026269_ctrypct_exclyr,backsliding_union_Nyr,271,28,0.07175647644620153,0.6537449970308464,223,21,-5.9652973563886125,11.771000957397504,0.6123098173925485,29.847452003527437,118.29250468384772,0.800794467238768,22.20079684529905
6,backsliding_union_Nyr,Y_deficit,Deficit / GDP,fiscal,instr-antiplural_w6_trt-ertOrDdcg_gapany_illib0p9026269_opp0p9026269_ctrypct_exclyr,backsliding_union_Nyr,271,28,0.07175647644620153,0.6537449970308464,178,20,3.0636589045939746,4.587313587560844,0.5042263509226016,179.01630501916327,507.2239533287078,0.7241383252155408,26.37008260308302
6,backsliding_union_Nyr,Y_checks_balances,Checks & balances,institutions,instr-antiplural_w6_trt-ertOrDdcg_gapany_illib0p9026269_opp0p9026269_ctrypct_exclyr,backsliding_union_Nyr,271,28,0.07175647644620153,0.6537449970308464,235,23,-0.06471044860092656,0.0908753271358482,0.476415608582576,-1.0714197469034958,1.869745925019396,0.5666246569469273,23.00169565430325
6,backsliding_union_Nyr,Y_jucon,Judicial constraints,institutions,instr-antiplural_w6_trt-ertOrDdcg_gapany_illib0p9026269_opp0p9026269_ctrypct_exclyr,backsliding_union_Nyr,271,28,0.07175647644620153,0.6537449970308464,245,24,0.01696231039697485,0.06677479001483484,0.7994780448736929,0.09433041469053668,0.6771511760651993,0.8892092905518497,24.869323670632337
6,backsliding_union_Nyr,Y_legcon,Legislative constraints,institutions,instr-antiplural_w6_trt-ertOrDdcg_gapany_illib0p9026269_opp0p9026269_ctrypct_exclyr,backsliding_union_Nyr,271,28,0.07175647644620153,0.6537449970308464,235,23,-0.14794369544109195,0.13751592022835715,0.2820034781462261,-2.1399845120932586,3.541060889412021,0.5456214143263325,22.541748637104863
6,backsliding_union_Nyr,Y_hos_power,HOS,exec_power,instr-antiplural_w6_trt-ertOrDdcg_gapany_illib0p9026269_opp0p9026269_ctrypct_exclyr,backsliding_union_Nyr,271,28,0.07175647644620153,0.6537449970308464,245,24,-0.02133949334652633,0.04070988250786286,0.6001501532602566,-0.18462899953786016,0.4227206853046127,0.6622828146978046,21.854448611995288
6,backsliding_union_Nyr,Y_hog_power,HOG,exec_power,instr-antiplural_w6_trt-ertOrDdcg_gapany_illib0p9026269_opp0p9026269_ctrypct_exclyr,backsliding_union_Nyr,271,28,0.07175647644620153,0.6537449970308464,96,13,0.07495825650108648,0.05827552926743333,0.1983477023344181,0.4732033317803791,0.7980953603352444,0.5532375179648965,27.664254090380073
6,backsliding_union_Nyr,Y_hos_power_vdem,HOS (v2ex_hosw),exec_power_alt,instr-antiplural_w6_trt-ertOrDdcg_gapany_illib0p9026269_opp0p9026269_ctrypct_exclyr,backsliding_union_Nyr,271,28,0.07175647644620153,0.6537449970308464,245,24,0.02295190276320891,0.01605707787204242,0.15289080736612493,0.3144564847050487,0.4496250256023416,0.48431773165416114,22.362538103728877
6,backsliding_union_Nyr,Y_hog_power_vdem,HOG (v2ex_hogw),exec_power_alt,instr-antiplural_w6_trt-ertOrDdcg_gapany_illib0p9026269_opp0p9026269_ctrypct_exclyr,backsliding_union_Nyr,271,28,0.07175647644620153,0.6537449970308464,245,24,-0.04572845041820379,0.03157871482830243,0.14759516485326607,-0.5802247479593159,0.9648316316342864,0.5475908495935379,25.39042548566134
6,backsliding_union_Nyr,Y_polyarchy,Electoral (polyarchy),vdem_high,instr-antiplural_w6_trt-ertOrDdcg_gapany_illib0p9026269_opp0p9026269_ctrypct_exclyr,backsliding_union_Nyr,271,28,0.07175647644620153,0.6537449970308464,245,24,-0.06859237250880486,0.05854029061928308,0.2413126246068426,-0.8023075974917276,1.1565108109605464,0.4878508149457979,25.12633484365169
6,backsliding_union_Nyr,Y_libdem,Liberal,vdem_high,instr-antiplural_w6_trt-ertOrDdcg_gapany_illib0p9026269_opp0p9026269_ctrypct_exclyr,backsliding_union_Nyr,271,28,0.07175647644620153,0.6537449970308464,245,24,-0.04450901972153518,0.05395918474239745,0.409448483069236,-0.5164032671114287,0.7879932877583387,0.5122490801388379,25.184367510735004
6,backsliding_union_Nyr,Y_partipdem,Participatory,vdem_high,instr-antiplural_w6_trt-ertOrDdcg_gapany_illib0p9026269_opp0p9026269_ctrypct_exclyr,backsliding_union_Nyr,271,28,0.07175647644620153,0.6537449970308464,244,24,-0.02751463698780253,0.03889280386743778,0.4792881059247645,-0.3735490873271032,0.5535443263765677,0.49978289461599623,27.204254668428742
6,backsliding_union_Nyr,Y_delibdem,Deliberative,vdem_high,instr-antiplural_w6_trt-ertOrDdcg_gapany_illib0p9026269_opp0p9026269_ctrypct_exclyr,backsliding_union_Nyr,271,28,0.07175647644620153,0.6537449970308464,245,24,-0.05242543571588946,0.06518474138516896,0.42124722678661947,-0.6530891489904803,1.068495201731414,0.5410517690284513,25.88371057598269
6,backsliding_union_Nyr,Y_egaldem,Egalitarian,vdem_high,instr-antiplural_w6_trt-ertOrDdcg_gapany_illib0p9026269_opp0p9026269_ctrypct_exclyr,backsliding_union_Nyr,271,28,0.07175647644620153,0.6537449970308464,245,24,-0.03007269120138483,0.04527969688521754,0.506591759952073,-0.3084587564614272,0.5994350919140053,0.6068448568349167,23.96106279989159
6,backsliding_union_Nyr,Y_elecoff,Elected officials,vdem_electoral,instr-antiplural_w6_trt-ertOrDdcg_gapany_illib0p9026269_opp0p9026269_ctrypct_exclyr,backsliding_union_Nyr,271,28,0.07175647644620153,0.6537449970308464,245,24,-0.10424917578640204,0.15779006940115395,0.5088157933843178,-1.1314584891011668,2.677715912885662,0.6726264393204976,25.133387368159383
6,backsliding_union_Nyr,Y_frefair,Clean elections,vdem_electoral,instr-antiplural_w6_trt-ertOrDdcg_gapany_illib0p9026269_opp0p9026269_ctrypct_exclyr,backsliding_union_Nyr,271,28,0.07175647644620153,0.6537449970308464,245,24,-0.11376672485249224,0.0834810325726102,0.17295018214747435,-1.2581318116131472,1.8075828294616747,0.48641006490711064,24.395813154384047
6,backsliding_union_Nyr,Y_frassoc,Association,vdem_electoral,instr-antiplural_w6_trt-ertOrDdcg_gapany_illib0p9026269_opp0p9026269_ctrypct_exclyr,backsliding_union_Nyr,271,28,0.07175647644620153,0.6537449970308464,245,24,-0.07949325863086298,0.07417851356629437,0.28387814742912243,-0.9430389350750912,1.5178620198172563,0.5344060406669814,25.638935475636657
6,backsliding_union_Nyr,Y_suffr,Suffrage,vdem_electoral,instr-antiplural_w6_trt-ertOrDdcg_gapany_illib0p9026269_opp0p9026269_ctrypct_exclyr,backsliding_union_Nyr,271,28,0.07175647644620153,0.6537449970308464,245,24,0.00230807655357924,0.00628570861517786,0.7134740695655859,0.07348320047045963,0.16393952381079463,0.6539846267778766,25.80722281109903
6,backsliding_union_Nyr,Y_freexp,Expression & alt. info,vdem_electoral,instr-antiplural_w6_trt-ertOrDdcg_gapany_illib0p9026269_opp0p9026269_ctrypct_exclyr,backsliding_union_Nyr,271,28,0.07175647644620153,0.6537449970308464,245,24,-0.05870780894824277,0.06679814662616576,0.3794642831604969,-0.6508049619503544,0.9474860415164084,0.49216117820503774,25.17456135261658
6,backsliding_union_Nyr,Y_cl_rol,Rule of law,vdem_liberal,instr-antiplural_w6_trt-ertOrDdcg_gapany_illib0p9026269_opp0p9026269_ctrypct_exclyr,backsliding_union_Nyr,271,28,0.07175647644620153,0.6537449970308464,245,24,-0.06014844347075604,0.04949605238493124,0.2242833445852564,-0.683721944819764,0.9754913524309364,0.48336538868761586,23.868642507595933
6,backsliding_union_Nyr,Y_cspart,Civil society,vdem_particip,instr-antiplural_w6_trt-ertOrDdcg_gapany_illib0p9026269_opp0p9026269_ctrypct_exclyr,backsliding_union_Nyr,271,28,0.07175647644620153,0.6537449970308464,245,24,-0.01095926562901784,0.07802746690780386,0.8883013374271651,-0.1606207727835039,0.7781092217169169,0.8364593690748622,26.388113283507437
6,backsliding_union_Nyr,Y_dd,Direct democracy,vdem_particip,instr-antiplural_w6_trt-ertOrDdcg_gapany_illib0p9026269_opp0p9026269_ctrypct_exclyr,backsliding_union_Nyr,271,28,0.07175647644620153,0.6537449970308464,245,24,0.05722733387283303,0.04060686811975039,0.1587459356056872,0.6396376421950547,1.0235053693967846,0.5320051818769749,22.80430851905955
6,backsliding_union_Nyr,Y_locelec,Local elections,vdem_particip,instr-antiplural_w6_trt-ertOrDdcg_gapany_illib0p9026269_opp0p9026269_ctrypct_exclyr,backsliding_union_Nyr,271,28,0.07175647644620153,0.6537449970308464,240,24,-0.06295931239628441,0.12970622101784846,0.6273931096359247,-0.9247547329898214,2.2740049651426184,0.6842551793728966,26.19996854402253
6,backsliding_union_Nyr,Y_regelec,Regional elections,vdem_particip,instr-antiplural_w6_trt-ertOrDdcg_gapany_illib0p9026269_opp0p9026269_ctrypct_exclyr,backsliding_union_Nyr,271,28,0.07175647644620153,0.6537449970308464,244,24,-0.02756352229963223,0.07138962858698204,0.6994227477927111,-0.22021510499746663,0.6952354387170246,0.7514340923125395,20.410289549401863
6,backsliding_union_Nyr,Y_delib,Deliberation,vdem_egal_delib,instr-antiplural_w6_trt-ertOrDdcg_gapany_illib0p9026269_opp0p9026269_ctrypct_exclyr,backsliding_union_Nyr,271,28,0.07175647644620153,0.6537449970308464,245,24,-0.07251406865342414,0.0936786283162765,0.438887801182337,-0.8808142758174974,1.6483616622211426,0.5930942763755056,25.32233938819818
6,backsliding_union_Nyr,Y_eqprotec,Equal protection,vdem_egal_delib,instr-antiplural_w6_trt-ertOrDdcg_gapany_illib0p9026269_opp0p9026269_ctrypct_exclyr,backsliding_union_Nyr,271,28,0.07175647644620153,0.6537449970308464,245,24,0.0260217987279364,0.05453610377166625,0.6332566597106428,0.34083180189646756,0.7842721165770684,0.6638646992367854,25.950300394155537
6,backsliding_union_Nyr,Y_eqaccess,Equal access,vdem_egal_delib,instr-antiplural_w6_trt-ertOrDdcg_gapany_illib0p9026269_opp0p9026269_ctrypct_exclyr,backsliding_union_Nyr,271,28,0.07175647644620153,0.6537449970308464,245,24,-0.05702500113833722,0.06200411150742839,0.35773107192292847,-0.6519570076488224,0.9555534345128603,0.4950605869819194,25.41199170328627
6,backsliding_union_Nyr,Y_eqdr,Equal distribution,vdem_egal_delib,instr-antiplural_w6_trt-ertOrDdcg_gapany_illib0p9026269_opp0p9026269_ctrypct_exclyr,backsliding_union_Nyr,271,28,0.07175647644620153,0.6537449970308464,245,24,-0.03466037838176773,0.04832549502986778,0.4732336774235494,-0.3812738497701886,0.7524779963630169,0.6123716265462893,23.82326265742671
6,polyarchy_decline,Y_gdp_growth,PWT,growth,instr-antiplural_w6_trt-polyarchy_gapany_illib0p9026269_opp0p9026269_ctrypct_exclyr,polyarchy_decline,245,95,0.06859237250880486,0.2413126246068426,228,88,-0.4251161130940164,0.1882979923823966,0.02396578213411442,-2.370621445372704,2.9093233187315315,0.4151661775105562,22.82844264584232
6,polyarchy_decline,Y_gdp_growth_wb,World Bank,growth,instr-antiplural_w6_trt-polyarchy_gapany_illib0p9026269_opp0p9026269_ctrypct_exclyr,polyarchy_decline,245,95,0.06859237250880486,0.2413126246068426,233,90,-0.2208242927535919,0.0988029553444568,0.02541755635108719,-0.8930424231646974,1.36061257896179,0.5115968935890027,25.928598924381035
6,polyarchy_decline,Y_gdp_growth_imf,IMF WEO,growth,instr-antiplural_w6_trt-polyarchy_gapany_illib0p9026269_opp0p9026269_ctrypct_exclyr,polyarchy_decline,245,95,0.06859237250880486,0.2413126246068426,150,60,-0.202549869623713,0.0794142056566494,0.01075532221051913,-4.063834517821237,9.96559218319331,0.6834303843288104,21.90190345977645
6,polyarchy_decline,Y_inflation,"CPI, cumulative log",inflation,instr-antiplural_w6_trt-polyarchy_gapany_illib0p9026269_opp0p9026269_ctrypct_exclyr,polyarchy_decline,245,95,0.06859237250880486,0.2413126246068426,203,81,-0.2112809903947782,0.6931728333028859,0.7605163819048358,-4.724485629359752,16.98642162301729,0.7809102090969945,15.55491058462309
6,polyarchy_decline,Y_unemployment,Unemployment rate,unemployment,instr-antiplural_w6_trt-polyarchy_gapany_illib0p9026269_opp0p9026269_ctrypct_exclyr,polyarchy_decline,245,95,0.06859237250880486,0.2413126246068426,154,81,0.779780358321326,1.3459408013717342,0.5623482451477342,15.08471164481781,24.367636969796042,0.5358854216974904,25.956094673610355
6,polyarchy_decline,Y_trade_pct_gdp,Trade / GDP,trade,instr-antiplural_w6_trt-polyarchy_gapany_illib0p9026269_opp0p9026269_ctrypct_exclyr,polyarchy_decline,245,95,0.06859237250880486,0.2413126246068426,210,84,-3.388685874112517,12.614212528670729,0.7882064947535156,-14.023873210570802,209.06157045360996,0.9465179278871084,23.532422057689352
6,polyarchy_decline,Y_top10_share,Top-10% income share,top10,instr-antiplural_w6_trt-polyarchy_gapany_illib0p9026269_opp0p9026269_ctrypct_exclyr,polyarchy_decline,245,95,0.06859237250880486,0.2413126246068426,201,81,-0.8335167178614871,1.55687545475524,0.5923885661065627,-11.828274148607491,32.725772075594,0.7177734946890029,22.056987984845108
6,polyarchy_decline,Y_gini_disp,Disposable,gini,instr-antiplural_w6_trt-polyarchy_gapany_illib0p9026269_opp0p9026269_ctrypct_exclyr,polyarchy_decline,245,95,0.06859237250880486,0.2413126246068426,170,69,-0.09002088833909938,0.9639848472527685,0.9255983961604892,0.46357746488417995,19.453446600699085,0.9809881351661895,24.99213192860907
6,polyarchy_decline,Y_gini_mkt,Market,gini,instr-antiplural_w6_trt-polyarchy_gapany_illib0p9026269_opp0p9026269_ctrypct_exclyr,polyarchy_decline,245,95,0.06859237250880486,0.2413126246068426,170,69,-0.11191151477236494,0.8002027276938936,0.8887753837089671,1.912981057490951,18.46529114282542,0.9174877806834724,25.91054652015462
6,polyarchy_decline,Y_debt,Debt / GDP,fiscal,instr-antiplural_w6_trt-polyarchy_gapany_illib0p9026269_opp0p9026269_ctrypct_exclyr,polyarchy_decline,245,95,0.06859237250880486,0.2413126246068426,223,90,-5.9652973563886125,11.771000957397504,0.6123098173925485,61.07562438789994,157.22559671517178,0.6976767364485793,24.406679294223036
6,polyarchy_decline,Y_deficit,Deficit / GDP,fiscal,instr-antiplural_w6_trt-polyarchy_gapany_illib0p9026269_opp0p9026269_ctrypct_exclyr,polyarchy_decline,245,95,0.06859237250880486,0.2413126246068426,178,78,3.0636589045939746,4.587313587560844,0.5042263509226016,70.05757993772954,100.71401702332577,0.4866737080096939,27.122489870336132
6,polyarchy_decline,Y_checks_balances,Checks & balances,institutions,instr-antiplural_w6_trt-polyarchy_gapany_illib0p9026269_opp0p9026269_ctrypct_exclyr,polyarchy_decline,245,95,0.06859237250880486,0.2413126246068426,235,93,-0.06471044860092656,0.0908753271358482,0.476415608582576,-0.8877504548529087,1.055910930049203,0.4004915372932515,22.65180835308757
6,polyarchy_decline,Y_jucon,Judicial constraints,institutions,instr-antiplural_w6_trt-polyarchy_gapany_illib0p9026269_opp0p9026269_ctrypct_exclyr,polyarchy_decline,245,95,0.06859237250880486,0.2413126246068426,245,95,0.01696231039697485,0.06677479001483484,0.7994780448736929,0.7928385742687538,2.1371829853543765,0.7106571573161242,20.024564448699277
6,polyarchy_decline,Y_legcon,Legislative constraints,institutions,instr-antiplural_w6_trt-polyarchy_gapany_illib0p9026269_opp0p9026269_ctrypct_exclyr,polyarchy_decline,245,95,0.06859237250880486,0.2413126246068426,235,93,-0.14794369544109195,0.13751592022835715,0.2820034781462261,-1.796950411357256,1.5421689367629277,0.24393406581306967,23.35054774149646
6,polyarchy_decline,Y_hos_power,HOS,exec_power,instr-antiplural_w6_trt-polyarchy_gapany_illib0p9026269_opp0p9026269_ctrypct_exclyr,polyarchy_decline,245,95,0.06859237250880486,0.2413126246068426,245,95,-0.02133949334652633,0.04070988250786286,0.6001501532602566,-0.3853935041507083,1.0176981408405048,0.7049170619539844,20.97276430813487
6,polyarchy_decline,Y_hog_power,HOG,exec_power,instr-antiplural_w6_trt-polyarchy_gapany_illib0p9026269_opp0p9026269_ctrypct_exclyr,polyarchy_decline,245,95,0.06859237250880486,0.2413126246068426,96,37,0.07495825650108648,0.05827552926743333,0.1983477023344181,0.47141349020818785,0.31021923706600213,0.12860802166429655,24.77019178299133
6,polyarchy_decline,Y_hos_power_vdem,HOS (v2ex_hosw),exec_power_alt,instr-antiplural_w6_trt-polyarchy_gapany_illib0p9026269_opp0p9026269_ctrypct_exclyr,polyarchy_decline,245,95,0.06859237250880486,0.2413126246068426,245,95,0.02295190276320891,0.01605707787204242,0.15289080736612493,0.4901486155311116,0.6558994293200112,0.45488711876864146,21.95103324814044
6,polyarchy_decline,Y_hog_power_vdem,HOG (v2ex_hogw),exec_power_alt,instr-antiplural_w6_trt-polyarchy_gapany_illib0p9026269_opp0p9026269_ctrypct_exclyr,polyarchy_decline,245,95,0.06859237250880486,0.2413126246068426,245,95,-0.04572845041820379,0.03157871482830243,0.14759516485326607,-0.6452923521941119,0.9250444242661712,0.4854399856483485,22.55973900638712
6,polyarchy_decline,Y_polyarchy,Electoral (polyarchy),vdem_high,instr-antiplural_w6_trt-polyarchy_gapany_illib0p9026269_opp0p9026269_ctrypct_exclyr,polyarchy_decline,245,95,0.06859237250880486,0.2413126246068426,245,95,-0.06859237250880486,0.05854029061928308,0.2413126246068426,-1,4.3030120500655427e-17,0,28.23685639131837
6,polyarchy_decline,Y_libdem,Liberal,vdem_high,instr-antiplural_w6_trt-polyarchy_gapany_illib0p9026269_opp0p9026269_ctrypct_exclyr,polyarchy_decline,245,95,0.06859237250880486,0.2413126246068426,245,95,-0.04450901972153518,0.05395918474239745,0.409448483069236,-0.6399380719297156,0.47632260827471024,0.17911104470208802,22.062043451447018
6,polyarchy_decline,Y_partipdem,Participatory,vdem_high,instr-antiplural_w6_trt-polyarchy_gapany_illib0p9026269_opp0p9026269_ctrypct_exclyr,polyarchy_decline,245,95,0.06859237250880486,0.2413126246068426,244,95,-0.02751463698780253,0.03889280386743778,0.4792881059247645,-0.2650339929738947,0.6273899891006571,0.672704624142342,20.44904022594328
6,polyarchy_decline,Y_delibdem,Deliberative,vdem_high,instr-antiplural_w6_trt-polyarchy_gapany_illib0p9026269_opp0p9026269_ctrypct_exclyr,polyarchy_decline,245,95,0.06859237250880486,0.2413126246068426,245,95,-0.05242543571588946,0.06518474138516896,0.42124722678661947,-0.2872235254008545,1.5379911334872702,0.8518547745812444,17.339248075394295
6,polyarchy_decline,Y_egaldem,Egalitarian,vdem_high,instr-antiplural_w6_trt-polyarchy_gapany_illib0p9026269_opp0p9026269_ctrypct_exclyr,polyarchy_decline,245,95,0.06859237250880486,0.2413126246068426,245,95,-0.03007269120138483,0.04527969688521754,0.506591759952073,-0.4033292654464617,0.3249360039929799,0.21451062414109412,28.93193542881171
6,polyarchy_decline,Y_elecoff,Elected officials,vdem_electoral,instr-antiplural_w6_trt-polyarchy_gapany_illib0p9026269_opp0p9026269_ctrypct_exclyr,polyarchy_decline,245,95,0.06859237250880486,0.2413126246068426,245,95,-0.10424917578640204,0.15779006940115395,0.5088157933843178,-1.5451151310315323,1.683095321870465,0.35860840658348886,27.199187634438815
6,polyarchy_decline,Y_frefair,Clean elections,vdem_electoral,instr-antiplural_w6_trt-polyarchy_gapany_illib0p9026269_opp0p9026269_ctrypct_exclyr,polyarchy_decline,245,95,0.06859237250880486,0.2413126246068426,245,95,-0.11376672485249224,0.0834810325726102,0.17295018214747435,-1.7778559659797482,0.8009930812135295,0.0264483308959629,21.18298985308289
6,polyarchy_decline,Y_frassoc,Association,vdem_electoral,instr-antiplural_w6_trt-polyarchy_gapany_illib0p9026269_opp0p9026269_ctrypct_exclyr,polyarchy_decline,245,95,0.06859237250880486,0.2413126246068426,245,95,-0.07949325863086298,0.07417851356629437,0.28387814742912243,-1.1459956106975575,0.5483737127640395,0.03663507685798398,28.036794955152047
6,polyarchy_decline,Y_suffr,Suffrage,vdem_electoral,instr-antiplural_w6_trt-polyarchy_gapany_illib0p9026269_opp0p9026269_ctrypct_exclyr,polyarchy_decline,245,95,0.06859237250880486,0.2413126246068426,245,95,0.00230807655357924,0.00628570861517786,0.7134740695655859,0.06870795304267927,0.18523195446198387,0.7106902160037891,24.216018461966655
6,polyarchy_decline,Y_freexp,Expression & alt. info,vdem_electoral,instr-antiplural_w6_trt-polyarchy_gapany_illib0p9026269_opp0p9026269_ctrypct_exclyr,polyarchy_decline,245,95,0.06859237250880486,0.2413126246068426,245,95,-0.05870780894824277,0.06679814662616576,0.3794642831604969,-0.0385265597711345,1.907254603282358,0.9838838208660138,17.40828289255852
6,polyarchy_decline,Y_cl_rol,Rule of law,vdem_liberal,instr-antiplural_w6_trt-polyarchy_gapany_illib0p9026269_opp0p9026269_ctrypct_exclyr,polyarchy_decline,245,95,0.06859237250880486,0.2413126246068426,245,95,-0.06014844347075604,0.04949605238493124,0.2242833445852564,-1.0073522758347924,0.7644469444237719,0.18758633669548871,21.960310822086644
6,polyarchy_decline,Y_cspart,Civil society,vdem_particip,instr-antiplural_w6_trt-polyarchy_gapany_illib0p9026269_opp0p9026269_ctrypct_exclyr,polyarchy_decline,245,95,0.06859237250880486,0.2413126246068426,245,95,-0.01095926562901784,0.07802746690780386,0.8883013374271651,0.3617801787477205,2.2305087906694596,0.8711513066557428,20.03582597429268
6,polyarchy_decline,Y_dd,Direct democracy,vdem_particip,instr-antiplural_w6_trt-polyarchy_gapany_illib0p9026269_opp0p9026269_ctrypct_exclyr,polyarchy_decline,245,95,0.06859237250880486,0.2413126246068426,245,95,0.05722733387283303,0.04060686811975039,0.1587459356056872,0.8890154932789052,0.9324334791954546,0.3403692918991087,26.416765424889
6,polyarchy_decline,Y_locelec,Local elections,vdem_particip,instr-antiplural_w6_trt-polyarchy_gapany_illib0p9026269_opp0p9026269_ctrypct_exclyr,polyarchy_decline,245,95,0.06859237250880486,0.2413126246068426,240,93,-0.06295931239628441,0.12970622101784846,0.6273931096359247,-1.9351916725659093,3.378811900851898,0.5668185561402979,20.357540996495963
6,polyarchy_decline,Y_regelec,Regional elections,vdem_particip,instr-antiplural_w6_trt-polyarchy_gapany_illib0p9026269_opp0p9026269_ctrypct_exclyr,polyarchy_decline,245,95,0.06859237250880486,0.2413126246068426,244,95,-0.02756352229963223,0.07138962858698204,0.6994227477927111,-0.41427392424662113,1.2815165545754474,0.7464919136643362,23.561530275718138
6,polyarchy_decline,Y_delib,Deliberation,vdem_egal_delib,instr-antiplural_w6_trt-polyarchy_gapany_illib0p9026269_opp0p9026269_ctrypct_exclyr,polyarchy_decline,245,95,0.06859237250880486,0.2413126246068426,245,95,-0.07251406865342414,0.0936786283162765,0.438887801182337,-0.7324770436218592,2.109963317662185,0.7284774647904735,18.015782560502377
6,polyarchy_decline,Y_eqprotec,Equal protection,vdem_egal_delib,instr-antiplural_w6_trt-polyarchy_gapany_illib0p9026269_opp0p9026269_ctrypct_exclyr,polyarchy_decline,245,95,0.06859237250880486,0.2413126246068426,245,95,0.0260217987279364,0.05453610377166625,0.6332566597106428,0.6195640317657198,1.6470833472210271,0.7067992324890648,21.997492427924364
6,polyarchy_decline,Y_eqaccess,Equal access,vdem_egal_delib,instr-antiplural_w6_trt-polyarchy_gapany_illib0p9026269_opp0p9026269_ctrypct_exclyr,polyarchy_decline,245,95,0.06859237250880486,0.2413126246068426,245,95,-0.05702500113833722,0.06200411150742839,0.35773107192292847,-0.7607245324110012,0.7624023367008878,0.3183766804476369,25.72308733916916
6,polyarchy_decline,Y_eqdr,Equal distribution,vdem_egal_delib,instr-antiplural_w6_trt-polyarchy_gapany_illib0p9026269_opp0p9026269_ctrypct_exclyr,polyarchy_decline,245,95,0.06859237250880486,0.2413126246068426,245,95,-0.03466037838176773,0.04832549502986778,0.4732336774235494,-0.6049484753207097,0.844048328459888,0.47354530529163386,21.788612000496453
7,backsliding_Nyr,Y_gdp_growth,PWT,growth,instr-antiplural_w7_trt-ert_gapany_illib0p9026269_opp0p9026269_ctrypct_exclyr,backsliding_Nyr,271,26,0.06888883433109255,0.6468071798663969,219,19,-0.44269242989385543,0.2003268869468277,0.02711555393144651,-1.3908342637076347,1.318049729624979,0.2913240850182006,24.799346929741017
7,backsliding_Nyr,Y_gdp_growth_wb,World Bank,growth,instr-antiplural_w7_trt-ert_gapany_illib0p9026269_opp0p9026269_ctrypct_exclyr,backsliding_Nyr,271,26,0.06888883433109255,0.6468071798663969,227,20,-0.30170253814017584,0.1038327005394756,0.00366479276379246,-1.4232800179023282,1.6876116805334849,0.3990218909466192,25.28948201872276
7,backsliding_Nyr,Y_gdp_growth_imf,IMF WEO,growth,instr-antiplural_w7_trt-ert_gapany_illib0p9026269_opp0p9026269_ctrypct_exclyr,backsliding_Nyr,271,26,0.06888883433109255,0.6468071798663969,145,13,-0.279647658276835,0.08568200979589266,0.00109934555017242,-2.8326126275976327,4.50599499873247,0.5295900085480203,12.37243704306605
7,backsliding_Nyr,Y_inflation,"CPI, cumulative log",inflation,instr-antiplural_w7_trt-ert_gapany_illib0p9026269_opp0p9026269_ctrypct_exclyr,backsliding_Nyr,271,26,0.06888883433109255,0.6468071798663969,197,18,-0.6387702931461191,1.066416630882131,0.5491811817819925,-14.0451835026305,21.898076361272317,0.5212700312556859,23.67617366173861
7,backsliding_Nyr,Y_unemployment,Unemployment rate,unemployment,instr-antiplural_w7_trt-ert_gapany_illib0p9026269_opp0p9026269_ctrypct_exclyr,backsliding_Nyr,271,26,0.06888883433109255,0.6468071798663969,147,21,1.5409306687363369,1.7860270581151034,0.38826390467843,51.55148632225536,179.74831916022595,0.7742668756256776,23.341300794346427
7,backsliding_Nyr,Y_trade_pct_gdp,Trade / GDP,trade,instr-antiplural_w7_trt-ert_gapany_illib0p9026269_opp0p9026269_ctrypct_exclyr,backsliding_Nyr,271,26,0.06888883433109255,0.6468071798663969,204,16,-8.01111549088224,14.926824223429376,0.5914799967320976,-650.9081195785932,8458.383437914412,0.9386599810260156,16.540482920822743
7,backsliding_Nyr,Y_top10_share,Top-10% income share,top10,instr-antiplural_w7_trt-ert_gapany_illib0p9026269_opp0p9026269_ctrypct_exclyr,backsliding_Nyr,271,26,0.06888883433109255,0.6468071798663969,194,19,-1.1203628042568898,1.5657169305443417,0.47426371218858904,-21.25684319830098,41.21172298957595,0.6059968740806471,18.21675556498105
7,backsliding_Nyr,Y_gini_disp,Disposable,gini,instr-antiplural_w7_trt-ert_gapany_illib0p9026269_opp0p9026269_ctrypct_exclyr,backsliding_Nyr,271,26,0.06888883433109255,0.6468071798663969,162,14,-0.91206956395226,0.9885278251796364,0.3561873277476404,-19.667088731136673,49.29038754345315,0.6898898542113038,16.42774468783956
7,backsliding_Nyr,Y_gini_mkt,Market,gini,instr-antiplural_w7_trt-ert_gapany_illib0p9026269_opp0p9026269_ctrypct_exclyr,backsliding_Nyr,271,26,0.06888883433109255,0.6468071798663969,162,14,-0.3838168494675947,0.9658215944656758,0.6910730133637086,-8.830220403906216,18.927094842479203,0.64083002200415,17.846981707608286
7,backsliding_Nyr,Y_debt,Debt / GDP,fiscal,instr-antiplural_w7_trt-ert_gapany_illib0p9026269_opp0p9026269_ctrypct_exclyr,backsliding_Nyr,271,26,0.06888883433109255,0.6468071798663969,216,18,-6.067553807942041,14.259093401472,0.6704563987754922,85.54490585377896,128.7768116711946,0.5065059244678001,22.01794417378012
7,backsliding_Nyr,Y_deficit,Deficit / GDP,fiscal,instr-antiplural_w7_trt-ert_gapany_illib0p9026269_opp0p9026269_ctrypct_exclyr,backsliding_Nyr,271,26,0.06888883433109255,0.6468071798663969,172,18,0.31545196189314884,6.787654989259232,0.9629321650148251,81.91661435735524,560.4972511399824,0.8838030587953805,19.083183701515217
7,backsliding_Nyr,Y_checks_balances,Checks & balances,institutions,instr-antiplural_w7_trt-ert_gapany_illib0p9026269_opp0p9026269_ctrypct_exclyr,backsliding_Nyr,271,26,0.06888883433109255,0.6468071798663969,227,21,-0.1296712344458571,0.09438172299295308,0.1694721203010538,-1.775180660404954,3.33109988225089,0.5940950051319144,19.573569425927435
7,backsliding_Nyr,Y_jucon,Judicial constraints,institutions,instr-antiplural_w7_trt-ert_gapany_illib0p9026269_opp0p9026269_ctrypct_exclyr,backsliding_Nyr,271,26,0.06888883433109255,0.6468071798663969,238,22,-0.0084378773361155,0.07082313910740562,0.9051643454311132,-0.20416457321004827,0.7113860073393646,0.7741157762449146,21.06073697654977
7,backsliding_Nyr,Y_legcon,Legislative constraints,institutions,instr-antiplural_w7_trt-ert_gapany_illib0p9026269_opp0p9026269_ctrypct_exclyr,backsliding_Nyr,271,26,0.06888883433109255,0.6468071798663969,227,21,-0.24121709907377856,0.15511955202286537,0.11993655711714073,-3.8881662263594423,7.305695049889508,0.5945803431362919,21.188852628511302
7,backsliding_Nyr,Y_hos_power,HOS,exec_power,instr-antiplural_w7_trt-ert_gapany_illib0p9026269_opp0p9026269_ctrypct_exclyr,backsliding_Nyr,271,26,0.06888883433109255,0.6468071798663969,238,22,-0.02142799022807582,0.04514951595018722,0.6350716332314288,-0.23650089819066455,0.5735964431628322,0.6801104967565015,22.288745318753797
7,backsliding_Nyr,Y_hog_power,HOG,exec_power,instr-antiplural_w7_trt-ert_gapany_illib0p9026269_opp0p9026269_ctrypct_exclyr,backsliding_Nyr,271,26,0.06888883433109255,0.6468071798663969,92,12,0.11444932091117932,0.06258674856475467,0.06745190600338183,2.7161135705642465,6.740871677734118,0.6869981771900495,25.030047550796315
7,backsliding_Nyr,Y_hos_power_vdem,HOS (v2ex_hosw),exec_power_alt,instr-antiplural_w7_trt-ert_gapany_illib0p9026269_opp0p9026269_ctrypct_exclyr,backsliding_Nyr,271,26,0.06888883433109255,0.6468071798663969,238,22,0.02610316882808398,0.01699964608082457,0.1246579922578024,0.6183554605994889,0.9425055453512564,0.5117750942476322,22.866366497247405
7,backsliding_Nyr,Y_hog_power_vdem,HOG (v2ex_hogw),exec_power_alt,instr-antiplural_w7_trt-ert_gapany_illib0p9026269_opp0p9026269_ctrypct_exclyr,backsliding_Nyr,271,26,0.06888883433109255,0.6468071798663969,238,22,-0.05212857468411791,0.03432671413258426,0.1288630159628047,-0.9143188846703264,1.4449657374362337,0.5268893126931504,26.14258250357272
7,backsliding_Nyr,Y_polyarchy,Electoral (polyarchy),vdem_high,instr-antiplural_w7_trt-ert_gapany_illib0p9026269_opp0p9026269_ctrypct_exclyr,backsliding_Nyr,271,26,0.06888883433109255,0.6468071798663969,238,22,-0.07211717419518919,0.06758427979057191,0.28594011560109284,-1.121510999875674,1.5432202117370952,0.4673887612061046,25.17393803497166
7,backsliding_Nyr,Y_libdem,Liberal,vdem_high,instr-antiplural_w7_trt-ert_gapany_illib0p9026269_opp0p9026269_ctrypct_exclyr,backsliding_Nyr,271,26,0.06888883433109255,0.6468071798663969,238,22,-0.05821839367854367,0.05902094891502452,0.32393578741675716,-0.803472579268824,1.128267755276411,0.4763846832476681,22.03073017265656
7,backsliding_Nyr,Y_partipdem,Participatory,vdem_high,instr-antiplural_w7_trt-ert_gapany_illib0p9026269_opp0p9026269_ctrypct_exclyr,backsliding_Nyr,271,26,0.06888883433109255,0.6468071798663969,237,22,-0.03626995048662142,0.05265484574582139,0.4909336836863709,-0.5431004459926888,0.7180953600046515,0.4494652368504696,26.607748979047223
7,backsliding_Nyr,Y_delibdem,Deliberative,vdem_high,instr-antiplural_w7_trt-ert_gapany_illib0p9026269_opp0p9026269_ctrypct_exclyr,backsliding_Nyr,271,26,0.06888883433109255,0.6468071798663969,238,22,-0.08538944756782109,0.07268076010539994,0.2400522187211779,-1.238159082247133,1.8817914843715455,0.510558522023614,23.02080137449319
7,backsliding_Nyr,Y_egaldem,Egalitarian,vdem_high,instr-antiplural_w7_trt-ert_gapany_illib0p9026269_opp0p9026269_ctrypct_exclyr,backsliding_Nyr,271,26,0.06888883433109255,0.6468071798663969,238,22,-0.03943940874162678,0.0454406937629581,0.3854318424847721,-0.6284116611866818,0.9541737443116124,0.5101574873879355,24.512378710966978
7,backsliding_Nyr,Y_elecoff,Elected officials,vdem_electoral,instr-antiplural_w7_trt-ert_gapany_illib0p9026269_opp0p9026269_ctrypct_exclyr,backsliding_Nyr,271,26,0.06888883433109255,0.6468071798663969,238,22,-0.07788077639261722,0.17185668194436257,0.6504243058772249,-1.2514434688298848,2.724402028374777,0.6459856419193007,25.74926489536586
7,backsliding_Nyr,Y_frefair,Clean elections,vdem_electoral,instr-antiplural_w7_trt-ert_gapany_illib0p9026269_opp0p9026269_ctrypct_exclyr,backsliding_Nyr,271,26,0.06888883433109255,0.6468071798663969,238,22,-0.11495650114009195,0.09412179918056128,0.22195014524596615,-1.794750073761163,2.528831681103581,0.47788081552640765,25.48464947230481
7,backsliding_Nyr,Y_frassoc,Association,vdem_electoral,instr-antiplural_w7_trt-ert_gapany_illib0p9026269_opp0p9026269_ctrypct_exclyr,backsliding_Nyr,271,26,0.06888883433109255,0.6468071798663969,238,22,-0.06021793060998322,0.08094124581412579,0.4568940868412718,-0.926864262976302,1.5109264694257447,0.5395847750598655,25.536845398056855
7,backsliding_Nyr,Y_suffr,Suffrage,vdem_electoral,instr-antiplural_w7_trt-ert_gapany_illib0p9026269_opp0p9026269_ctrypct_exclyr,backsliding_Nyr,271,26,0.06888883433109255,0.6468071798663969,238,22,0.002765116850186,0.00637400967283002,0.6644255403797749,0.0768014384256182,0.20189335544358103,0.703644081106964,23.64764819959677
7,backsliding_Nyr,Y_freexp,Expression & alt. info,vdem_electoral,instr-antiplural_w7_trt-ert_gapany_illib0p9026269_opp0p9026269_ctrypct_exclyr,backsliding_Nyr,271,26,0.06888883433109255,0.6468071798663969,238,22,-0.0696759368994031,0.07175799870986081,0.33155577234453715,-1.0387131943719747,1.4705323913076642,0.4799693905444142,24.68471006779294
7,backsliding_Nyr,Y_cl_rol,Rule of law,vdem_liberal,instr-antiplural_w7_trt-ert_gapany_illib0p9026269_opp0p9026269_ctrypct_exclyr,backsliding_Nyr,271,26,0.06888883433109255,0.6468071798663969,238,22,-0.094659687523410585,0.05848532738585729,0.1055505233477153,-1.3763341075823878,1.9552197354886809,0.4814775528295818,24.489048451815673
7,backsliding_Nyr,Y_cspart,Civil society,vdem_particip,instr-antiplural_w7_trt-ert_gapany_illib0p9026269_opp0p9026269_ctrypct_exclyr,backsliding_Nyr,271,26,0.06888883433109255,0.6468071798663969,238,22,-0.02255311695344684,0.08076474282418354,0.7800571313474146,-0.32691233163856737,0.9056177222000524,0.7181123788367669,25.152675567970892
7,backsliding_Nyr,Y_dd,Direct democracy,vdem_particip,instr-antiplural_w7_trt-ert_gapany_illib0p9026269_opp0p9026269_ctrypct_exclyr,backsliding_Nyr,271,26,0.06888883433109255,0.6468071798663969,238,22,0.06792545591374652,0.05274244990607583,0.1977909761350134,0.9904296492109752,1.965610872370794,0.6143465484647652,22.726800945188188
7,backsliding_Nyr,Y_locelec,Local elections,vdem_particip,instr-antiplural_w7_trt-ert_gapany_illib0p9026269_opp0p9026269_ctrypct_exclyr,backsliding_Nyr,271,26,0.06888883433109255,0.6468071798663969,233,22,-0.13083443724373794,0.17153495497683222,0.4456258922000107,-1.858649870455604,3.0330312382914983,0.5400067751929591,26.803862469613325
7,backsliding_Nyr,Y_regelec,Regional elections,vdem_particip,instr-antiplural_w7_trt-ert_gapany_illib0p9026269_opp0p9026269_ctrypct_exclyr,backsliding_Nyr,271,26,0.06888883433109255,0.6468071798663969,237,22,-0.00453768399697058,0.05547588308660822,0.9348092427955662,-0.03249448373082062,0.637306062515877,0.9593356801161922,20.57912562621907
7,backsliding_Nyr,Y_delib,Deliberation,vdem_egal_delib,instr-antiplural_w7_trt-ert_gapany_illib0p9026269_opp0p9026269_ctrypct_exclyr,backsliding_Nyr,271,26,0.06888883433109255,0.6468071798663969,238,22,-0.13241864739354375,0.10359340555163282,0.201160009534486,-1.7917646521193689,2.8760575489333187,0.5332889089959738,21.914542537895
7,backsliding_Nyr,Y_eqprotec,Equal protection,vdem_egal_delib,instr-antiplural_w7_trt-ert_gapany_illib0p9026269_opp0p9026269_ctrypct_exclyr,backsliding_Nyr,271,26,0.06888883433109255,0.6468071798663969,238,22,0.02136243703909807,0.06292138484091635,0.7342255929419013,0.33342544627491355,0.8740635615187758,0.7028575669630671,25.36185099245918
7,backsliding_Nyr,Y_eqaccess,Equal access,vdem_egal_delib,instr-antiplural_w7_trt-ert_gapany_illib0p9026269_opp0p9026269_ctrypct_exclyr,backsliding_Nyr,271,26,0.06888883433109255,0.6468071798663969,238,22,-0.08158314959601148,0.07028631840280383,0.24575338899655105,-1.1487643415506226,1.5878259417464593,0.46938347870088903,25.45574673417593
7,backsliding_Nyr,Y_eqdr,Equal distribution,vdem_egal_delib,instr-antiplural_w7_trt-ert_gapany_illib0p9026269_opp0p9026269_ctrypct_exclyr,backsliding_Nyr,271,26,0.06888883433109255,0.6468071798663969,238,22,-0.04693500057977964,0.04511005441903896,0.298128365745813,-0.6200520383507294,0.9607147657542544,0.5186634659358623,25.373541706781264
7,backsliding_union_Nyr,Y_gdp_growth,PWT,growth,instr-antiplural_w7_trt-ertOrDdcg_gapany_illib0p9026269_opp0p9026269_ctrypct_exclyr,backsliding_union_Nyr,271,29,0.05759192720659806,0.7026704757611693,219,22,-0.44269242989385543,0.2003268869468277,0.02711555393144651,-2.372709742102914,3.0012898099957805,0.4291988378531258,16.60498498219576
7,backsliding_union_Nyr,Y_gdp_growth_wb,World Bank,growth,instr-antiplural_w7_trt-ertOrDdcg_gapany_illib0p9026269_opp0p9026269_ctrypct_exclyr,backsliding_union_Nyr,271,29,0.05759192720659806,0.7026704757611693,227,22,-0.30170253814017584,0.1038327005394756,0.00366479276379246,-1.385805899634566,1.6938289424192996,0.4132716255750872,25.315164958450374
7,backsliding_union_Nyr,Y_gdp_growth_imf,IMF WEO,growth,instr-antiplural_w7_trt-ertOrDdcg_gapany_illib0p9026269_opp0p9026269_ctrypct_exclyr,backsliding_union_Nyr,271,29,0.05759192720659806,0.7026704757611693,145,15,-0.279647658276835,0.08568200979589266,0.00109934555017242,-2.8307506068986963,4.503327640942222,0.5296169438324689,12.3687827185783
7,backsliding_union_Nyr,Y_inflation,"CPI, cumulative log",inflation,instr-antiplural_w7_trt-ertOrDdcg_gapany_illib0p9026269_opp0p9026269_ctrypct_exclyr,backsliding_union_Nyr,271,29,0.05759192720659806,0.7026704757611693,197,19,-0.6387702931461191,1.066416630882131,0.5491811817819925,-14.044945295161828,21.897488891757487,0.5212659202928658,23.67681443981941
7,backsliding_union_Nyr,Y_unemployment,Unemployment rate,unemployment,instr-antiplural_w7_trt-ertOrDdcg_gapany_illib0p9026269_opp0p9026269_ctrypct_exclyr,backsliding_union_Nyr,271,29,0.05759192720659806,0.7026704757611693,147,22,1.5409306687363369,1.7860270581151034,0.38826390467843,57.69583566373071,184.78383396643903,0.754862529838865,23.73675721026678
7,backsliding_union_Nyr,Y_trade_pct_gdp,Trade / GDP,trade,instr-antiplural_w7_trt-ertOrDdcg_gapany_illib0p9026269_opp0p9026269_ctrypct_exclyr,backsliding_union_Nyr,271,29,0.05759192720659806,0.7026704757611693,204,19,-8.01111549088224,14.926824223429376,0.5914799967320976,-245.9194353726401,8389.979101979929,0.9766164818948148,16.17815279806859
7,backsliding_union_Nyr,Y_top10_share,Top-10% income share,top10,instr-antiplural_w7_trt-ertOrDdcg_gapany_illib0p9026269_opp0p9026269_ctrypct_exclyr,backsliding_union_Nyr,271,29,0.05759192720659806,0.7026704757611693,194,21,-1.1203628042568898,1.5657169305443417,0.47426371218858904,-21.251790167333944,40.95252990309223,0.603804552967875,18.26193715985107
7,backsliding_union_Nyr,Y_gini_disp,Disposable,gini,instr-antiplural_w7_trt-ertOrDdcg_gapany_illib0p9026269_opp0p9026269_ctrypct_exclyr,backsliding_union_Nyr,271,29,0.05759192720659806,0.7026704757611693,162,15,-0.91206956395226,0.9885278251796364,0.3561873277476404,-19.626807088000895,49.41486690636368,0.6912315921588275,16.412748882362983
7,backsliding_union_Nyr,Y_gini_mkt,Market,gini,instr-antiplural_w7_trt-ertOrDdcg_gapany_illib0p9026269_opp0p9026269_ctrypct_exclyr,backsliding_union_Nyr,271,29,0.05759192720659806,0.7026704757611693,162,15,-0.3838168494675947,0.9658215944656758,0.6910730133637086,-8.845617808735371,18.995763964097662,0.6414569902238778,17.777468940490095
7,backsliding_union_Nyr,Y_debt,Debt / GDP,fiscal,instr-antiplural_w7_trt-ertOrDdcg_gapany_illib0p9026269_opp0p9026269_ctrypct_exclyr,backsliding_union_Nyr,271,29,0.05759192720659806,0.7026704757611693,216,19,-6.067553807942041,14.259093401472,0.6704563987754922,85.81115464241869,129.2675997691312,0.5068018761636326,22.04196749268329
7,backsliding_union_Nyr,Y_deficit,Deficit / GDP,fiscal,instr-antiplural_w7_trt-ertOrDdcg_gapany_illib0p9026269_opp0p9026269_ctrypct_exclyr,backsliding_union_Nyr,271,29,0.05759192720659806,0.7026704757611693,172,19,0.31545196189314884,6.787654989259232,0.9629321650148251,81.64671862274206,559.7483821683015,0.8840293429026976,19.07202663256097
7,backsliding_union_Nyr,Y_checks_balances,Checks & balances,institutions,instr-antiplural_w7_trt-ertOrDdcg_gapany_illib0p9026269_opp0p9026269_ctrypct_exclyr,backsliding_union_Nyr,271,29,0.05759192720659806,0.7026704757611693,227,24,-0.1296712344458571,0.09438172299295308,0.1694721203010538,-1.4587007688588127,2.803325305761803,0.6028220274973188,17.855696941773388
7,backsliding_union_Nyr,Y_jucon,Judicial constraints,institutions,instr-antiplural_w7_trt-ertOrDdcg_gapany_illib0p9026269_opp0p9026269_ctrypct_exclyr,backsliding_union_Nyr,271,29,0.05759192720659806,0.7026704757611693,238,25,-0.0084378773361155,0.07082313910740562,0.9051643454311132,-0.22352684130844208,0.7658260856494452,0.7703808483025051,21.08913085194832
7,backsliding_union_Nyr,Y_legcon,Legislative constraints,institutions,instr-antiplural_w7_trt-ertOrDdcg_gapany_illib0p9026269_opp0p9026269_ctrypct_exclyr,backsliding_union_Nyr,271,29,0.05759192720659806,0.7026704757611693,227,24,-0.24121709907377856,0.15511955202286537,0.11993655711714073,-3.299398909483419,6.339899269780827,0.6027721338850975,19.638765273571146
7,backsliding_union_Nyr,Y_hos_power,HOS,exec_power,instr-antiplural_w7_trt-ertOrDdcg_gapany_illib0p9026269_opp0p9026269_ctrypct_exclyr,backsliding_union_Nyr,271,29,0.05759192720659806,0.7026704757611693,238,25,-0.02142799022807582,0.04514951595018722,0.6350716332314288,-0.2883676437096946,0.6733302382768752,0.6684540144732366,22.090326083135334
7,backsliding_union_Nyr,Y_hog_power,HOG,exec_power,instr-antiplural_w7_trt-ertOrDdcg_gapany_illib0p9026269_opp0p9026269_ctrypct_exclyr,backsliding_union_Nyr,271,29,0.05759192720659806,0.7026704757611693,92,13,0.11444932091117932,0.06258674856475467,0.06745190600338183,2.718938353441528,6.7804132631149425,0.6884209236395968,24.99351106047468
7,backsliding_union_Nyr,Y_hos_power_vdem,HOS (v2ex_hosw),exec_power_alt,instr-antiplural_w7_trt-ertOrDdcg_gapany_illib0p9026269_opp0p9026269_ctrypct_exclyr,backsliding_union_Nyr,271,29,0.05759192720659806,0.7026704757611693,238,25,0.02610316882808398,0.01699964608082457,0.1246579922578024,0.5533746239315229,0.9707554832881148,0.5686469575938764,22.31567789988046
7,backsliding_union_Nyr,Y_hog_power_vdem,HOG (v2ex_hogw),exec_power_alt,instr-antiplural_w7_trt-ertOrDdcg_gapany_illib0p9026269_opp0p9026269_ctrypct_exclyr,backsliding_union_Nyr,271,29,0.05759192720659806,0.7026704757611693,238,25,-0.05212857468411791,0.03432671413258426,0.1288630159628047,-1.1165852344147429,1.774080433073031,0.5290949619325399,27.544217010655174
7,backsliding_union_Nyr,Y_polyarchy,Electoral (polyarchy),vdem_high,instr-antiplural_w7_trt-ertOrDdcg_gapany_illib0p9026269_opp0p9026269_ctrypct_exclyr,backsliding_union_Nyr,271,29,0.05759192720659806,0.7026704757611693,238,25,-0.07211717419518919,0.06758427979057191,0.28594011560109284,-1.3525087096161157,2.0190632607409564,0.5029410433693159,26.14609078170856
7,backsliding_union_Nyr,Y_libdem,Liberal,vdem_high,instr-antiplural_w7_trt-ertOrDdcg_gapany_illib0p9026269_opp0p9026269_ctrypct_exclyr,backsliding_union_Nyr,271,29,0.05759192720659806,0.7026704757611693,238,25,-0.05821839367854367,0.05902094891502452,0.32393578741675716,-0.9300591864146518,1.3808885417326802,0.5006150851139084,22.062141957603178
7,backsliding_union_Nyr,Y_partipdem,Participatory,vdem_high,instr-antiplural_w7_trt-ertOrDdcg_gapany_illib0p9026269_opp0p9026269_ctrypct_exclyr,backsliding_union_Nyr,271,29,0.05759192720659806,0.7026704757611693,237,25,-0.03626995048662142,0.05265484574582139,0.4909336836863709,-0.6390987640958499,0.9212103843726104,0.4878328350671649,26.94061813269119
7,backsliding_union_Nyr,Y_delibdem,Deliberative,vdem_high,instr-antiplural_w7_trt-ertOrDdcg_gapany_illib0p9026269_opp0p9026269_ctrypct_exclyr,backsliding_union_Nyr,271,29,0.05759192720659806,0.7026704757611693,238,25,-0.08538944756782109,0.07268076010539994,0.2400522187211779,-1.4834200004323048,2.425004801665806,0.5407241014200719,22.97844589659179
7,backsliding_union_Nyr,Y_egaldem,Egalitarian,vdem_high,instr-antiplural_w7_trt-ertOrDdcg_gapany_illib0p9026269_opp0p9026269_ctrypct_exclyr,backsliding_union_Nyr,271,29,0.05759192720659806,0.7026704757611693,238,25,-0.03943940874162678,0.0454406937629581,0.3854318424847721,-0.7584201224135635,1.25089783587898,0.5443151528467589,25.641937424994783
7,backsliding_union_Nyr,Y_elecoff,Elected officials,vdem_electoral,instr-antiplural_w7_trt-ertOrDdcg_gapany_illib0p9026269_opp0p9026269_ctrypct_exclyr,backsliding_union_Nyr,271,29,0.05759192720659806,0.7026704757611693,238,25,-0.07788077639261722,0.17185668194436257,0.6504243058772249,-1.5730177941706196,3.5217875457755654,0.6551254534664549,25.771821701990746
7,backsliding_union_Nyr,Y_frefair,Clean elections,vdem_electoral,instr-antiplural_w7_trt-ertOrDdcg_gapany_illib0p9026269_opp0p9026269_ctrypct_exclyr,backsliding_union_Nyr,271,29,0.05759192720659806,0.7026704757611693,238,25,-0.11495650114009195,0.09412179918056128,0.22195014524596615,-2.1683809025069123,3.3433144194815845,0.5166149071919311,26.11300771353624
7,backsliding_union_Nyr,Y_frassoc,Association,vdem_electoral,instr-antiplural_w7_trt-ertOrDdcg_gapany_illib0p9026269_opp0p9026269_ctrypct_exclyr,backsliding_union_Nyr,271,29,0.05759192720659806,0.7026704757611693,238,25,-0.06021793060998322,0.08094124581412579,0.4568940868412718,-1.155857130619993,1.947644675521391,0.5528706236836507,26.11465856008655
7,backsliding_union_Nyr,Y_suffr,Suffrage,vdem_electoral,instr-antiplural_w7_trt-ertOrDdcg_gapany_illib0p9026269_opp0p9026269_ctrypct_exclyr,backsliding_union_Nyr,271,29,0.05759192720659806,0.7026704757611693,238,25,0.002765116850186,0.00637400967283002,0.6644255403797749,0.08369285665733295,0.2543373524954926,0.7421085322649208,23.309481981764552
7,backsliding_union_Nyr,Y_freexp,Expression & alt. info,vdem_electoral,instr-antiplural_w7_trt-ertOrDdcg_gapany_illib0p9026269_opp0p9026269_ctrypct_exclyr,backsliding_union_Nyr,271,29,0.05759192720659806,0.7026704757611693,238,25,-0.0696759368994031,0.07175799870986081,0.33155577234453715,-1.284386856096515,1.9474055200971343,0.5095507106104662,25.251716743365943
7,backsliding_union_Nyr,Y_cl_rol,Rule of law,vdem_liberal,instr-antiplural_w7_trt-ertOrDdcg_gapany_illib0p9026269_opp0p9026269_ctrypct_exclyr,backsliding_union_Nyr,271,29,0.05759192720659806,0.7026704757611693,238,25,-0.094659687523410585,0.05848532738585729,0.1055505233477153,-1.66632828023726,2.651724157719454,0.529745686380446,24.6573312345737
7,backsliding_union_Nyr,Y_cspart,Civil society,vdem_particip,instr-antiplural_w7_trt-ertOrDdcg_gapany_illib0p9026269_opp0p9026269_ctrypct_exclyr,backsliding_union_Nyr,271,29,0.05759192720659806,0.7026704757611693,238,25,-0.02255311695344684,0.08076474282418354,0.7800571313474146,-0.4160044795410635,1.1052587998480374,0.7066295887183351,25.11215075150444
7,backsliding_union_Nyr,Y_dd,Direct democracy,vdem_particip,instr-antiplural_w7_trt-ertOrDdcg_gapany_illib0p9026269_opp0p9026269_ctrypct_exclyr,backsliding_union_Nyr,271,29,0.05759192720659806,0.7026704757611693,238,25,0.06792545591374652,0.05274244990607583,0.1977909761350134,1.078867970595469,2.3308013542574537,0.6434544928868016,21.815226868890836
7,backsliding_union_Nyr,Y_locelec,Local elections,vdem_particip,instr-antiplural_w7_trt-ertOrDdcg_gapany_illib0p9026269_opp0p9026269_ctrypct_exclyr,backsliding_union_Nyr,271,29,0.05759192720659806,0.7026704757611693,233,25,-0.13083443724373794,0.17153495497683222,0.4456258922000107,-2.421572730748065,4.507460610436637,0.5911042053489752,25.321898203198533
7,backsliding_union_Nyr,Y_regelec,Regional elections,vdem_particip,instr-antiplural_w7_trt-ertOrDdcg_gapany_illib0p9026269_opp0p9026269_ctrypct_exclyr,backsliding_union_Nyr,271,29,0.05759192720659806,0.7026704757611693,237,25,-0.00453768399697058,0.05547588308660822,0.9348092427955662,-0.04567032160056766,0.7099387210538453,0.9487075071146382,21.643589654491823
7,backsliding_union_Nyr,Y_delib,Deliberation,vdem_egal_delib,instr-antiplural_w7_trt-ertOrDdcg_gapany_illib0p9026269_opp0p9026269_ctrypct_exclyr,backsliding_union_Nyr,271,29,0.05759192720659806,0.7026704757611693,238,25,-0.13241864739354375,0.10359340555163282,0.201160009534486,-1.990863283343823,3.4092806239185447,0.5592512162999117,21.791350552665435
7,backsliding_union_Nyr,Y_eqprotec,Equal protection,vdem_egal_delib,instr-antiplural_w7_trt-ertOrDdcg_gapany_illib0p9026269_opp0p9026269_ctrypct_exclyr,backsliding_union_Nyr,271,29,0.05759192720659806,0.7026704757611693,238,25,0.02136243703909807,0.06292138484091635,0.7342255929419013,0.4552160157017687,1.1597414198293887,0.6946776588652982,24.241018523838505
7,backsliding_union_Nyr,Y_eqaccess,Equal access,vdem_egal_delib,instr-antiplural_w7_trt-ertOrDdcg_gapany_illib0p9026269_opp0p9026269_ctrypct_exclyr,backsliding_union_Nyr,271,29,0.05759192720659806,0.7026704757611693,238,25,-0.08158314959601148,0.07028631840280383,0.24575338899655105,-1.420464341527395,2.169176208807748,0.5125704792260093,25.63363415897251
7,backsliding_union_Nyr,Y_eqdr,Equal distribution,vdem_egal_delib,instr-antiplural_w7_trt-ertOrDdcg_gapany_illib0p9026269_opp0p9026269_ctrypct_exclyr,backsliding_union_Nyr,271,29,0.05759192720659806,0.7026704757611693,238,25,-0.04693500057977964,0.04511005441903896,0.298128365745813,-0.6982377699475761,1.1800909318931725,0.5540640021455467,26.26551361042186
7,polyarchy_decline,Y_gdp_growth,PWT,growth,instr-antiplural_w7_trt-polyarchy_gapany_illib0p9026269_opp0p9026269_ctrypct_exclyr,polyarchy_decline,238,93,0.07211717419518919,0.28594011560109284,219,84,-0.44269242989385543,0.2003268869468277,0.02711555393144651,-2.6298516882876193,3.353874656458242,0.4329676905184783,20.973071834952552
7,polyarchy_decline,Y_gdp_growth_wb,World Bank,growth,instr-antiplural_w7_trt-polyarchy_gapany_illib0p9026269_opp0p9026269_ctrypct_exclyr,polyarchy_decline,238,93,0.07211717419518919,0.28594011560109284,227,89,-0.30170253814017584,0.1038327005394756,0.00366479276379246,-1.7262528859044954,2.220626554898613,0.4369393325236056,22.13615073568466
7,polyarchy_decline,Y_gdp_growth_imf,IMF WEO,growth,instr-antiplural_w7_trt-polyarchy_gapany_illib0p9026269_opp0p9026269_ctrypct_exclyr,polyarchy_decline,238,93,0.07211717419518919,0.28594011560109284,145,58,-0.279647658276835,0.08568200979589266,0.00109934555017242,-40.57134554680714,166.14955342861282,0.8070869991446814,16.726902681365736
7,polyarchy_decline,Y_inflation,"CPI, cumulative log",inflation,instr-antiplural_w7_trt-polyarchy_gapany_illib0p9026269_opp0p9026269_ctrypct_exclyr,polyarchy_decline,238,93,0.07211717419518919,0.28594011560109284,197,79,-0.6387702931461191,1.066416630882131,0.5491811817819925,-4.30514072881334,18.47189415769635,0.8157114068079353,15.70464138304881
7,polyarchy_decline,Y_unemployment,Unemployment rate,unemployment,instr-antiplural_w7_trt-polyarchy_gapany_illib0p9026269_opp0p9026269_ctrypct_exclyr,polyarchy_decline,238,93,0.07211717419518919,0.28594011560109284,147,78,1.5409306687363369,1.7860270581151034,0.38826390467843,21.937261157453392,45.58998446206781,0.6303843273094274,23.70656482093702
7,polyarchy_decline,Y_trade_pct_gdp,Trade / GDP,trade,instr-antiplural_w7_trt-polyarchy_gapany_illib0p9026269_opp0p9026269_ctrypct_exclyr,polyarchy_decline,238,93,0.07211717419518919,0.28594011560109284,204,82,-8.01111549088224,14.926824223429376,0.5914799967320976,-50.93473172918466,211.05044760918057,0.8092922844810293,24.735253041543437
7,polyarchy_decline,Y_top10_share,Top-10% income share,top10,instr-antiplural_w7_trt-polyarchy_gapany_illib0p9026269_opp0p9026269_ctrypct_exclyr,polyarchy_decline,238,93,0.07211717419518919,0.28594011560109284,194,80,-1.1203628042568898,1.5657169305443417,0.47426371218858904,-21.393209191439812,36.455777970670326,0.5573203735105858,20.92561467569023
7,polyarchy_decline,Y_gini_disp,Disposable,gini,instr-antiplural_w7_trt-polyarchy_gapany_illib0p9026269_opp0p9026269_ctrypct_exclyr,polyarchy_decline,238,93,0.07211717419518919,0.28594011560109284,162,66,-0.91206956395226,0.9885278251796364,0.3561873277476404,-10.837853839866536,17.36960977474791,0.5326571772568846,23.23701193628817
7,polyarchy_decline,Y_gini_mkt,Market,gini,instr-antiplural_w7_trt-polyarchy_gapany_illib0p9026269_opp0p9026269_ctrypct_exclyr,polyarchy_decline,238,93,0.07211717419518919,0.28594011560109284,162,66,-0.3838168494675947,0.9658215944656758,0.6910730133637086,1.4224812719797386,19.3844400074322,0.9415016361634464,26.853462526705773
7,polyarchy_decline,Y_debt,Debt / GDP,fiscal,instr-antiplural_w7_trt-polyarchy_gapany_illib0p9026269_opp0p9026269_ctrypct_exclyr,polyarchy_decline,238,93,0.07211717419518919,0.28594011560109284,216,89,-6.067553807942041,14.259093401472,0.6704563987754922,129.5532052330417,194.7864792034894,0.5059841774596208,26.082238941120146
7,polyarchy_decline,Y_deficit,Deficit / GDP,fiscal,instr-antiplural_w7_trt-polyarchy_gapany_illib0p9026269_opp0p9026269_ctrypct_exclyr,polyarchy_decline,238,93,0.07211717419518919,0.28594011560109284,172,78,0.31545196189314884,6.787654989259232,0.9629321650148251,83.49611586708257,305.82676372146165,0.7848396190924448,18.008222943364153
7,polyarchy_decline,Y_checks_balances,Checks & balances,institutions,instr-antiplural_w7_trt-polyarchy_gapany_illib0p9026269_opp0p9026269_ctrypct_exclyr,polyarchy_decline,238,93,0.07211717419518919,0.28594011560109284,227,90,-0.1296712344458571,0.09438172299295308,0.1694721203010538,-1.530471523447304,1.346815178260286,0.25580449185257953,21.0561963137272
7,polyarchy_decline,Y_jucon,Judicial constraints,institutions,instr-antiplural_w7_trt-polyarchy_gapany_illib0p9026269_opp0p9026269_ctrypct_exclyr,polyarchy_decline,238,93,0.07211717419518919,0.28594011560109284,238,93,-0.0084378773361155,0.07082313910740562,0.9051643454311132,-0.2983434496101336,1.2703657991198505,0.8143263549386501,20.83355460349602
7,polyarchy_decline,Y_legcon,Legislative constraints,institutions,instr-antiplural_w7_trt-polyarchy_gapany_illib0p9026269_opp0p9026269_ctrypct_exclyr,polyarchy_decline,238,93,0.07211717419518919,0.28594011560109284,227,90,-0.24121709907377856,0.15511955202286537,0.11993655711714073,-2.68011646933335,2.259746331188294,0.23561228233880036,20.88258478397327
7,polyarchy_decline,Y_hos_power,HOS,exec_power,instr-antiplural_w7_trt-polyarchy_gapany_illib0p9026269_opp0p9026269_ctrypct_exclyr,polyarchy_decline,238,93,0.07211717419518919,0.28594011560109284,238,93,-0.02142799022807582,0.04514951595018722,0.6350716332314288,-0.3111190650595506,0.8958630214804061,0.7283778260078826,22.376243070738106
7,polyarchy_decline,Y_hog_power,HOG,exec_power,instr-antiplural_w7_trt-polyarchy_gapany_illib0p9026269_opp0p9026269_ctrypct_exclyr,polyarchy_decline,238,93,0.07211717419518919,0.28594011560109284,92,35,0.11444932091117932,0.06258674856475467,0.06745190600338183,0.6561916774733311,0.2616321456601522,0.01213926926089452,19.478871753230894
7,polyarchy_decline,Y_hos_power_vdem,HOS (v2ex_hosw),exec_power_alt,instr-antiplural_w7_trt-polyarchy_gapany_illib0p9026269_opp0p9026269_ctrypct_exclyr,polyarchy_decline,238,93,0.07211717419518919,0.28594011560109284,238,93,0.02610316882808398,0.01699964608082457,0.1246579922578024,0.5405891774934658,0.7534137258052697,0.47305349601021734,22.34256666528032
7,polyarchy_decline,Y_hog_power_vdem,HOG (v2ex_hogw),exec_power_alt,instr-antiplural_w7_trt-polyarchy_gapany_illib0p9026269_opp0p9026269_ctrypct_exclyr,polyarchy_decline,238,93,0.07211717419518919,0.28594011560109284,238,93,-0.05212857468411791,0.03432671413258426,0.1288630159628047,-0.6929902245869288,1.0616308734114717,0.5139109808645883,22.715289625456073
7,polyarchy_decline,Y_polyarchy,Electoral (polyarchy),vdem_high,instr-antiplural_w7_trt-polyarchy_gapany_illib0p9026269_opp0p9026269_ctrypct_exclyr,polyarchy_decline,238,93,0.07211717419518919,0.28594011560109284,238,93,-0.07211717419518919,0.06758427979057191,0.28594011560109284,-1,4.786288411520585e-17,0,25.744097588466232
7,polyarchy_decline,Y_libdem,Liberal,vdem_high,instr-antiplural_w7_trt-polyarchy_gapany_illib0p9026269_opp0p9026269_ctrypct_exclyr,polyarchy_decline,238,93,0.07211717419518919,0.28594011560109284,238,93,-0.05821839367854367,0.05902094891502452,0.32393578741675716,-0.946447502868054,0.3481484380271225,0.00655752542874936,23.07876882292673
7,polyarchy_decline,Y_partipdem,Participatory,vdem_high,instr-antiplural_w7_trt-polyarchy_gapany_illib0p9026269_opp0p9026269_ctrypct_exclyr,polyarchy_decline,238,93,0.07211717419518919,0.28594011560109284,237,93,-0.03626995048662142,0.05265484574582139,0.4909336836863709,-0.4841509404296878,0.5534577996780398,0.3816964470143723,23.961819927942397
7,polyarchy_decline,Y_delibdem,Deliberative,vdem_high,instr-antiplural_w7_trt-polyarchy_gapany_illib0p9026269_opp0p9026269_ctrypct_exclyr,polyarchy_decline,238,93,0.07211717419518919,0.28594011560109284,238,93,-0.08538944756782109,0.07268076010539994,0.2400522187211779,-1.2455242171163443,0.6135145666869722,0.04234168871215781,23.32618525809718
7,polyarchy_decline,Y_egaldem,Egalitarian,vdem_high,instr-antiplural_w7_trt-polyarchy_gapany_illib0p9026269_opp0p9026269_ctrypct_exclyr,polyarchy_decline,238,93,0.07211717419518919,0.28594011560109284,238,93,-0.03943940874162678,0.0454406937629581,0.3854318424847721,-0.4836642171265981,0.34171336118630785,0.1569485692368125,31.73037360167787
7,polyarchy_decline,Y_elecoff,Elected officials,vdem_electoral,instr-antiplural_w7_trt-polyarchy_gapany_illib0p9026269_opp0p9026269_ctrypct_exclyr,polyarchy_decline,238,93,0.07211717419518919,0.28594011560109284,238,93,-0.07788077639261722,0.17185668194436257,0.6504243058772249,-1.064966991641776,1.83244222182401,0.5611234773436811,29.067302158835897
7,polyarchy_decline,Y_frefair,Clean elections,vdem_electoral,instr-antiplural_w7_trt-polyarchy_gapany_illib0p9026269_opp0p9026269_ctrypct_exclyr,polyarchy_decline,238,93,0.07211717419518919,0.28594011560109284,238,93,-0.11495650114009195,0.09412179918056128,0.22195014524596615,-1.6096465060762624,0.5706548185550899,0.00479188723705896,24.531420134515898
7,polyarchy_decline,Y_frassoc,Association,vdem_electoral,instr-antiplural_w7_trt-polyarchy_gapany_illib0p9026269_opp0p9026269_ctrypct_exclyr,polyarchy_decline,238,93,0.07211717419518919,0.28594011560109284,238,93,-0.06021793060998322,0.08094124581412579,0.4568940868412718,-0.8715687886101624,0.6239327646840929,0.16244503787402165,27.059743616270858
7,polyarchy_decline,Y_suffr,Suffrage,vdem_electoral,instr-antiplural_w7_trt-polyarchy_gapany_illib0p9026269_opp0p9026269_ctrypct_exclyr,polyarchy_decline,238,93,0.07211717419518919,0.28594011560109284,238,93,0.002765116850186,0.00637400967283002,0.6644255403797749,0.11610440019731594,0.2432877817095996,0.6331978469597974,30.10563619710742
7,polyarchy_decline,Y_freexp,Expression & alt. info,vdem_electoral,instr-antiplural_w7_trt-polyarchy_gapany_illib0p9026269_opp0p9026269_ctrypct_exclyr,polyarchy_decline,238,93,0.07211717419518919,0.28594011560109284,238,93,-0.0696759368994031,0.07175799870986081,0.33155577234453715,-1.015224974170527,0.7125824136422746,0.15424036400424598,29.8245022318081
7,polyarchy_decline,Y_cl_rol,Rule of law,vdem_liberal,instr-antiplural_w7_trt-polyarchy_gapany_illib0p9026269_opp0p9026269_ctrypct_exclyr,polyarchy_decline,238,93,0.07211717419518919,0.28594011560109284,238,93,-0.094659687523410585,0.05848532738585729,0.1055505233477153,-1.207252428599794,0.7492481481509937,0.1071175819129847,29.675266079745967
7,polyarchy_decline,Y_cspart,Civil society,vdem_particip,instr-antiplural_w7_trt-polyarchy_gapany_illib0p9026269_opp0p9026269_ctrypct_exclyr,polyarchy_decline,238,93,0.07211717419518919,0.28594011560109284,238,93,-0.02255311695344684,0.08076474282418354,0.7800571313474146,-0.3118390351030261,1.1209151096269494,0.7808585256031256,24.892254730676747
7,polyarchy_decline,Y_dd,Direct democracy,vdem_particip,instr-antiplural_w7_trt-polyarchy_gapany_illib0p9026269_opp0p9026269_ctrypct_exclyr,polyarchy_decline,238,93,0.07211717419518919,0.28594011560109284,238,93,0.06792545591374652,0.05274244990607583,0.1977909761350134,0.9593968175432886,1.4903680109643167,0.5197495674955896,23.16328903401973
7,polyarchy_decline,Y_locelec,Local elections,vdem_particip,instr-antiplural_w7_trt-polyarchy_gapany_illib0p9026269_opp0p9026269_ctrypct_exclyr,polyarchy_decline,238,93,0.07211717419518919,0.28594011560109284,233,91,-0.13083443724373794,0.17153495497683222,0.4456258922000107,-1.7016448553262415,2.72404195065157,0.5321834325427097,23.82305587261383
7,polyarchy_decline,Y_regelec,Regional elections,vdem_particip,instr-antiplural_w7_trt-polyarchy_gapany_illib0p9026269_opp0p9026269_ctrypct_exclyr,polyarchy_decline,238,93,0.07211717419518919,0.28594011560109284,237,93,-0.00453768399697058,0.05547588308660822,0.9348092427955662,-0.00945730361499908,0.9412091484994248,0.9919829619377406,33.191258455910976
7,polyarchy_decline,Y_delib,Deliberation,vdem_egal_delib,instr-antiplural_w7_trt-polyarchy_gapany_illib0p9026269_opp0p9026269_ctrypct_exclyr,polyarchy_decline,238,93,0.07211717419518919,0.28594011560109284,238,93,-0.13241864739354375,0.10359340555163282,0.201160009534486,-2.0084625747016123,1.349814103918937,0.13676277521190813,23.35512605778281
7,polyarchy_decline,Y_eqprotec,Equal protection,vdem_egal_delib,instr-antiplural_w7_trt-polyarchy_gapany_illib0p9026269_opp0p9026269_ctrypct_exclyr,polyarchy_decline,238,93,0.07211717419518919,0.28594011560109284,238,93,0.02136243703909807,0.06292138484091635,0.7342255929419013,0.2886216187119035,1.2289006734975143,0.8143161292822181,24.90288046595037
7,polyarchy_decline,Y_eqaccess,Equal access,vdem_egal_delib,instr-antiplural_w7_trt-polyarchy_gapany_illib0p9026269_opp0p9026269_ctrypct_exclyr,polyarchy_decline,238,93,0.07211717419518919,0.28594011560109284,238,93,-0.08158314959601148,0.07028631840280383,0.24575338899655105,-1.0793576610040452,1.0582426512150884,0.3077507991148284,25.84500164623389
7,polyarchy_decline,Y_eqdr,Equal distribution,vdem_egal_delib,instr-antiplural_w7_trt-polyarchy_gapany_illib0p9026269_opp0p9026269_ctrypct_exclyr,polyarchy_decline,238,93,0.07211717419518919,0.28594011560109284,238,93,-0.04693500057977964,0.04511005441903896,0.298128365745813,-0.568525751510603,0.6189517055151846,0.3583414253184965,26.175200081951733
8,backsliding_Nyr,Y_gdp_growth,PWT,growth,instr-antiplural_w8_trt-ert_gapany_illib0p9026269_opp0p9026269_ctrypct_exclyr,backsliding_Nyr,271,34,0.01033823303080885,0.9451899136955344,207,24,-0.5196688548814952,0.23138147612147947,0.02470786727319258,-1.464479653805355,1.4276165169148562,0.30497575065445803,23.43853933204337
8,backsliding_Nyr,Y_gdp_growth_wb,World Bank,growth,instr-antiplural_w8_trt-ert_gapany_illib0p9026269_opp0p9026269_ctrypct_exclyr,backsliding_Nyr,271,34,0.01033823303080885,0.9451899136955344,218,27,-0.3328858557946446,0.14686167208915435,0.02341084631716537,-11.300526720656476,25.011103129945017,0.6513983693373546,24.055841006378326
8,backsliding_Nyr,Y_gdp_growth_imf,IMF WEO,growth,instr-antiplural_w8_trt-ert_gapany_illib0p9026269_opp0p9026269_ctrypct_exclyr,backsliding_Nyr,271,34,0.01033823303080885,0.9451899136955344,137,17,-0.30600266207651466,0.12678860861888863,0.01580069036604018,1.7012667738198273,7.539470093608984,0.8214751609405846,17.296741275324027
8,backsliding_Nyr,Y_inflation,"CPI, cumulative log",inflation,instr-antiplural_w8_trt-ert_gapany_illib0p9026269_opp0p9026269_ctrypct_exclyr,backsliding_Nyr,271,34,0.01033823303080885,0.9451899136955344,188,25,-0.02814521085519206,0.9586175260857795,0.9765773077821728,-0.06884478128939886,104.5253694833223,0.999474479885767,22.442985776365372
8,backsliding_Nyr,Y_unemployment,Unemployment rate,unemployment,instr-antiplural_w8_trt-ert_gapany_illib0p9026269_opp0p9026269_ctrypct_exclyr,backsliding_Nyr,271,34,0.01033823303080885,0.9451899136955344,140,24,-0.6492840947122629,1.4985989464530254,0.6648253535105472,6.853383591662473,21.366045069327217,0.7483918849573981,15.472796604338129
8,backsliding_Nyr,Y_trade_pct_gdp,Trade / GDP,trade,instr-antiplural_w8_trt-ert_gapany_illib0p9026269_opp0p9026269_ctrypct_exclyr,backsliding_Nyr,271,34,0.01033823303080885,0.9451899136955344,195,23,-0.680785202046291,18.678079418485673,0.9709248609316464,-11.197896966731388,247.01242771769952,0.9638416177969916,24.15677534289613
8,backsliding_Nyr,Y_top10_share,Top-10% income share,top10,instr-antiplural_w8_trt-ert_gapany_illib0p9026269_opp0p9026269_ctrypct_exclyr,backsliding_Nyr,271,34,0.01033823303080885,0.9451899136955344,186,26,-1.5878968970680405,1.5540391659587671,0.3068817601409356,15.109137672670736,173.48397675193695,0.9305980582173552,15.96920467624452
8,backsliding_Nyr,Y_gini_disp,Disposable,gini,instr-antiplural_w8_trt-ert_gapany_illib0p9026269_opp0p9026269_ctrypct_exclyr,backsliding_Nyr,271,34,0.01033823303080885,0.9451899136955344,157,21,-0.8331495725102045,1.114557316505003,0.45475206963966575,4.403564985013157,19.629967470280757,0.8225015497545562,22.87930358653575
8,backsliding_Nyr,Y_gini_mkt,Market,gini,instr-antiplural_w8_trt-ert_gapany_illib0p9026269_opp0p9026269_ctrypct_exclyr,backsliding_Nyr,271,34,0.01033823303080885,0.9451899136955344,157,21,-0.1975327855919863,1.1677595198578046,0.8656744388439264,5.280143299984436,32.68388404826741,0.8716587442919689,24.21044368207337
8,backsliding_Nyr,Y_debt,Debt / GDP,fiscal,instr-antiplural_w8_trt-ert_gapany_illib0p9026269_opp0p9026269_ctrypct_exclyr,backsliding_Nyr,271,34,0.01033823303080885,0.9451899136955344,207,25,-9.37291622067716,15.217294126190811,0.5379351580053767,578.8931507522334,6118.006418561062,0.9246157047907628,19.134276119567307
8,backsliding_Nyr,Y_deficit,Deficit / GDP,fiscal,instr-antiplural_w8_trt-ert_gapany_illib0p9026269_opp0p9026269_ctrypct_exclyr,backsliding_Nyr,271,34,0.01033823303080885,0.9451899136955344,163,25,6.540191225013456,6.639933892026975,0.32463469846056786,1135.3173872104069,1849.676703943722,0.539352561537406,33.53719644458682
8,backsliding_Nyr,Y_checks_balances,Checks & balances,institutions,instr-antiplural_w8_trt-ert_gapany_illib0p9026269_opp0p9026269_ctrypct_exclyr,backsliding_Nyr,271,34,0.01033823303080885,0.9451899136955344,221,27,-0.13490151286335234,0.11293758622854295,0.2322908658162167,0.6584781594114469,3.7701260771975,0.8613493138552286,24.17168028893398
8,backsliding_Nyr,Y_jucon,Judicial constraints,institutions,instr-antiplural_w8_trt-ert_gapany_illib0p9026269_opp0p9026269_ctrypct_exclyr,backsliding_Nyr,271,34,0.01033823303080885,0.9451899136955344,231,28,-0.01407334410909771,0.07568771019319828,0.8524921112929194,0.04442363598133608,2.5387517330203133,0.9860391529798314,20.470482128893657
8,backsliding_Nyr,Y_legcon,Legislative constraints,institutions,instr-antiplural_w8_trt-ert_gapany_illib0p9026269_opp0p9026269_ctrypct_exclyr,backsliding_Nyr,271,34,0.01033823303080885,0.9451899136955344,221,27,-0.25273905039721056,0.191591961546578,0.18711807291159135,0.984239792198358,7.0630634858259,0.8891733689311707,24.817608898162842
8,backsliding_Nyr,Y_hos_power,HOS,exec_power,instr-antiplural_w8_trt-ert_gapany_illib0p9026269_opp0p9026269_ctrypct_exclyr,backsliding_Nyr,271,34,0.01033823303080885,0.9451899136955344,231,28,-0.02479124420292626,0.04589659820886719,0.5890906361707293,0.3139205936861081,1.7482740119986393,0.8574977795984113,18.805835933138788
8,backsliding_Nyr,Y_hog_power,HOG,exec_power,instr-antiplural_w8_trt-ert_gapany_illib0p9026269_opp0p9026269_ctrypct_exclyr,backsliding_Nyr,271,34,0.01033823303080885,0.9451899136955344,87,17,0.1028126935202672,0.06984322351241333,0.14100746748575613,1.2578297726485257,4.258185561126196,0.7676951930681454,23.105355761093108
8,backsliding_Nyr,Y_hos_power_vdem,HOS (v2ex_hosw),exec_power_alt,instr-antiplural_w8_trt-ert_gapany_illib0p9026269_opp0p9026269_ctrypct_exclyr,backsliding_Nyr,271,34,0.01033823303080885,0.9451899136955344,231,28,0.01924165451276002,0.02198263317613568,0.3814043669424801,-0.08347477333787034,2.570618905283119,0.9740951374128552,21.40137313884492
8,backsliding_Nyr,Y_hog_power_vdem,HOG (v2ex_hogw),exec_power_alt,instr-antiplural_w8_trt-ert_gapany_illib0p9026269_opp0p9026269_ctrypct_exclyr,backsliding_Nyr,271,34,0.01033823303080885,0.9451899136955344,231,28,-0.01379414845013815,0.03176517607611649,0.6641041482126169,-0.2914978480840692,4.54103736461259,0.9488174214034673,21.92634778777227
8,backsliding_Nyr,Y_polyarchy,Electoral (polyarchy),vdem_high,instr-antiplural_w8_trt-ert_gapany_illib0p9026269_opp0p9026269_ctrypct_exclyr,backsliding_Nyr,271,34,0.01033823303080885,0.9451899136955344,231,28,-0.07702655189961051,0.07078087765067367,0.27648936001351154,-18.82266728733535,85.2846418783093,0.8253228647953037,25.05903107595109
8,backsliding_Nyr,Y_libdem,Liberal,vdem_high,instr-antiplural_w8_trt-ert_gapany_illib0p9026269_opp0p9026269_ctrypct_exclyr,backsliding_Nyr,271,34,0.01033823303080885,0.9451899136955344,231,28,-0.05886531929197393,0.06531525103145144,0.3674558244098094,-0.3882747956635828,8.306126525825501,0.9627159934558271,22.239460496640397
8,backsliding_Nyr,Y_partipdem,Participatory,vdem_high,instr-antiplural_w8_trt-ert_gapany_illib0p9026269_opp0p9026269_ctrypct_exclyr,backsliding_Nyr,271,34,0.01033823303080885,0.9451899136955344,230,28,-0.04194929196812728,0.05540104808916326,0.4489341767142819,-22.098572123511037,86.45833915686558,0.7982613204818163,25.5417767008685
8,backsliding_Nyr,Y_delibdem,Deliberative,vdem_high,instr-antiplural_w8_trt-ert_gapany_illib0p9026269_opp0p9026269_ctrypct_exclyr,backsliding_Nyr,271,34,0.01033823303080885,0.9451899136955344,231,28,-0.07352055996878132,0.08096647448574537,0.3638586384811891,-14.246318944162,68.55090233919,0.8353687136657908,24.85881330884348
8,backsliding_Nyr,Y_egaldem,Egalitarian,vdem_high,instr-antiplural_w8_trt-ert_gapany_illib0p9026269_opp0p9026269_ctrypct_exclyr,backsliding_Nyr,271,34,0.01033823303080885,0.9451899136955344,231,28,-0.0364447763451464,0.04984127499812934,0.4646467556801559,-2.0388824541198183,13.350268344363364,0.8786173470441018,23.535059775728666
8,backsliding_Nyr,Y_elecoff,Elected officials,vdem_electoral,instr-antiplural_w8_trt-ert_gapany_illib0p9026269_opp0p9026269_ctrypct_exclyr,backsliding_Nyr,271,34,0.01033823303080885,0.9451899136955344,231,28,-0.05578779368784578,0.18290160333879252,0.7603544733883342,0.0976633297585251,5.807389831900273,0.9865825452780094,19.51716997883351
8,backsliding_Nyr,Y_frefair,Clean elections,vdem_electoral,instr-antiplural_w8_trt-ert_gapany_illib0p9026269_opp0p9026269_ctrypct_exclyr,backsliding_Nyr,271,34,0.01033823303080885,0.9451899136955344,231,28,-0.1203830547817165,0.09037261548868716,0.1828357153457106,-860.4011685669624,3215.078594024436,0.7889961839373762,26.575893361909092
8,backsliding_Nyr,Y_frassoc,Association,vdem_electoral,instr-antiplural_w8_trt-ert_gapany_illib0p9026269_opp0p9026269_ctrypct_exclyr,backsliding_Nyr,271,34,0.01033823303080885,0.9451899136955344,231,28,-0.08941270149770797,0.09527073369091205,0.34798148952395075,-20.659454611991997,97.80745260245266,0.8327111018319635,25.11310367990402
8,backsliding_Nyr,Y_suffr,Suffrage,vdem_electoral,instr-antiplural_w8_trt-ert_gapany_illib0p9026269_opp0p9026269_ctrypct_exclyr,backsliding_Nyr,271,34,0.01033823303080885,0.9451899136955344,231,28,0.00155151679732458,0.00582805258622927,0.7900733964532196,0.4590893121112046,2.151460831946004,0.8310267364549198,23.39149287816564
8,backsliding_Nyr,Y_freexp,Expression & alt. info,vdem_electoral,instr-antiplural_w8_trt-ert_gapany_illib0p9026269_opp0p9026269_ctrypct_exclyr,backsliding_Nyr,271,34,0.01033823303080885,0.9451899136955344,231,28,-0.06028720881312044,0.0811138436330907,0.45733522840213586,-0.6221561651288199,7.9091981546700145,0.9373011877972252,21.60924400450084
8,backsliding_Nyr,Y_cl_rol,Rule of law,vdem_liberal,instr-antiplural_w8_trt-ert_gapany_illib0p9026269_opp0p9026269_ctrypct_exclyr,backsliding_Nyr,271,34,0.01033823303080885,0.9451899136955344,231,28,-0.10669845400256944,0.06145347108526676,0.08252002862441202,-3.2639719193299284,28.60653871332062,0.9091594684867298,23.342450867077865
8,backsliding_Nyr,Y_cspart,Civil society,vdem_particip,instr-antiplural_w8_trt-ert_gapany_illib0p9026269_opp0p9026269_ctrypct_exclyr,backsliding_Nyr,271,34,0.01033823303080885,0.9451899136955344,231,28,-0.02455695836897011,0.08399050552367339,0.769997787865488,-22.092281869785328,97.51311194045778,0.8207682018105765,25.79389502917679
8,backsliding_Nyr,Y_dd,Direct democracy,vdem_particip,instr-antiplural_w8_trt-ert_gapany_illib0p9026269_opp0p9026269_ctrypct_exclyr,backsliding_Nyr,271,34,0.01033823303080885,0.9451899136955344,231,28,0.06775700844276557,0.05994204039095449,0.25831807138940077,9.847254211781138,49.79593239037995,0.8432389616250898,24.8459258284793
8,backsliding_Nyr,Y_locelec,Local elections,vdem_particip,instr-antiplural_w8_trt-ert_gapany_illib0p9026269_opp0p9026269_ctrypct_exclyr,backsliding_Nyr,271,34,0.01033823303080885,0.9451899136955344,226,28,-0.12481746830032144,0.18575335069641205,0.5016137994148359,-1226.05797654165,3826.2251984248687,0.7486382988065683,26.573951100974146
8,backsliding_Nyr,Y_regelec,Regional elections,vdem_particip,instr-antiplural_w8_trt-ert_gapany_illib0p9026269_opp0p9026269_ctrypct_exclyr,backsliding_Nyr,271,34,0.01033823303080885,0.9451899136955344,230,28,-0.01382233496541472,0.05346277259878864,0.7959891758489535,0.21937616217417977,1.6015952355130545,0.8910517133719026,21.684346495562504
8,backsliding_Nyr,Y_delib,Deliberation,vdem_egal_delib,instr-antiplural_w8_trt-ert_gapany_illib0p9026269_opp0p9026269_ctrypct_exclyr,backsliding_Nyr,271,34,0.01033823303080885,0.9451899136955344,231,28,-0.11832095553081506,0.10990885141594332,0.2816871204644057,-90.4754461856536,400.0655871769668,0.821083564434685,25.836679474264077
8,backsliding_Nyr,Y_eqprotec,Equal protection,vdem_egal_delib,instr-antiplural_w8_trt-ert_gapany_illib0p9026269_opp0p9026269_ctrypct_exclyr,backsliding_Nyr,271,34,0.01033823303080885,0.9451899136955344,231,28,0.01212323536936318,0.06051472254150627,0.8412183531400307,4.5500666866853265,20.428744287403575,0.8237467000100518,25.68765743740564
8,backsliding_Nyr,Y_eqaccess,Equal access,vdem_egal_delib,instr-antiplural_w8_trt-ert_gapany_illib0p9026269_opp0p9026269_ctrypct_exclyr,backsliding_Nyr,271,34,0.01033823303080885,0.9451899136955344,231,28,-0.0558344091398221,0.07673731409469949,0.4668557723408619,-22.144295183210353,98.87963502543856,0.8227946281471057,25.29527088660723
8,backsliding_Nyr,Y_eqdr,Equal distribution,vdem_egal_delib,instr-antiplural_w8_trt-ert_gapany_illib0p9026269_opp0p9026269_ctrypct_exclyr,backsliding_Nyr,271,34,0.01033823303080885,0.9451899136955344,231,28,-0.04567840611695745,0.0611159153510703,0.45481848237188616,-5.900750099283032,31.184537597849005,0.8499200941320725,24.704344001481495
8,backsliding_union_Nyr,Y_gdp_growth,PWT,growth,instr-antiplural_w8_trt-ertOrDdcg_gapany_illib0p9026269_opp0p9026269_ctrypct_exclyr,backsliding_union_Nyr,271,37,-8.17139734026362e-4,0.9956861146700524,207,27,-0.5196688548814952,0.23138147612147947,0.02470786727319258,-1.9863501997777424,2.498229164231162,0.4265534275216209,15.526967168786966
8,backsliding_union_Nyr,Y_gdp_growth_wb,World Bank,growth,instr-antiplural_w8_trt-ertOrDdcg_gapany_illib0p9026269_opp0p9026269_ctrypct_exclyr,backsliding_union_Nyr,271,37,-8.17139734026362e-4,0.9956861146700524,218,29,-0.3328858557946446,0.14686167208915435,0.02341084631716537,-13.907336392302222,31.66579423739899,0.6605230415647367,23.73012564260451
8,backsliding_union_Nyr,Y_gdp_growth_imf,IMF WEO,growth,instr-antiplural_w8_trt-ertOrDdcg_gapany_illib0p9026269_opp0p9026269_ctrypct_exclyr,backsliding_union_Nyr,271,37,-8.17139734026362e-4,0.9956861146700524,137,19,-0.30600266207651466,0.12678860861888863,0.01580069036604018,1.7023712974736478,7.539652844651904,0.8213654688038219,17.291906128110988
8,backsliding_union_Nyr,Y_inflation,"CPI, cumulative log",inflation,instr-antiplural_w8_trt-ertOrDdcg_gapany_illib0p9026269_opp0p9026269_ctrypct_exclyr,backsliding_union_Nyr,271,37,-8.17139734026362e-4,0.9956861146700524,188,26,-0.02814521085519206,0.9586175260857795,0.9765773077821728,1.8616964690701472,92.6098531444831,0.9839615464348472,22.3587742779733
8,backsliding_union_Nyr,Y_unemployment,Unemployment rate,unemployment,instr-antiplural_w8_trt-ertOrDdcg_gapany_illib0p9026269_opp0p9026269_ctrypct_exclyr,backsliding_union_Nyr,271,37,-8.17139734026362e-4,0.9956861146700524,140,25,-0.6492840947122629,1.4985989464530254,0.6648253535105472,6.858844999497527,21.36906051099021,0.7482324997201356,15.475582375074367
8,backsliding_union_Nyr,Y_trade_pct_gdp,Trade / GDP,trade,instr-antiplural_w8_trt-ertOrDdcg_gapany_illib0p9026269_opp0p9026269_ctrypct_exclyr,backsliding_union_Nyr,271,37,-8.17139734026362e-4,0.9956861146700524,195,26,-0.680785202046291,18.678079418485673,0.9709248609316464,-18.67101134157372,248.42386891133495,0.9400890963758972,25.994717152276593
8,backsliding_union_Nyr,Y_top10_share,Top-10% income share,top10,instr-antiplural_w8_trt-ertOrDdcg_gapany_illib0p9026269_opp0p9026269_ctrypct_exclyr,backsliding_union_Nyr,271,37,-8.17139734026362e-4,0.9956861146700524,186,28,-1.5878968970680405,1.5540391659587671,0.3068817601409356,15.051229772953029,174.78708912856047,0.9313775483774044,16.03322398294227
8,backsliding_union_Nyr,Y_gini_disp,Disposable,gini,instr-antiplural_w8_trt-ertOrDdcg_gapany_illib0p9026269_opp0p9026269_ctrypct_exclyr,backsliding_union_Nyr,271,37,-8.17139734026362e-4,0.9956861146700524,157,22,-0.8331495725102045,1.114557316505003,0.45475206963966575,5.051909753291155,19.738141173907497,0.7979920856054757,21.40415557645373
8,backsliding_union_Nyr,Y_gini_mkt,Market,gini,instr-antiplural_w8_trt-ertOrDdcg_gapany_illib0p9026269_opp0p9026269_ctrypct_exclyr,backsliding_union_Nyr,271,37,-8.17139734026362e-4,0.9956861146700524,157,22,-0.1975327855919863,1.1677595198578046,0.8656744388439264,4.199659815781916,22.67026274587614,0.8530331733394615,23.355078756290556
8,backsliding_union_Nyr,Y_debt,Debt / GDP,fiscal,instr-antiplural_w8_trt-ertOrDdcg_gapany_illib0p9026269_opp0p9026269_ctrypct_exclyr,backsliding_union_Nyr,271,37,-8.17139734026362e-4,0.9956861146700524,207,26,-9.37291622067716,15.217294126190811,0.5379351580053767,590.9790130078204,6180.70580010141,0.9238249600753186,19.140393464727367
8,backsliding_union_Nyr,Y_deficit,Deficit / GDP,fiscal,instr-antiplural_w8_trt-ertOrDdcg_gapany_illib0p9026269_opp0p9026269_ctrypct_exclyr,backsliding_union_Nyr,271,37,-8.17139734026362e-4,0.9956861146700524,163,26,6.540191225013456,6.639933892026975,0.32463469846056786,2287.704213299159,4109.885279380357,0.5777771312862245,32.70942323602845
8,backsliding_union_Nyr,Y_checks_balances,Checks & balances,institutions,instr-antiplural_w8_trt-ertOrDdcg_gapany_illib0p9026269_opp0p9026269_ctrypct_exclyr,backsliding_union_Nyr,271,37,-8.17139734026362e-4,0.9956861146700524,221,30,-0.13490151286335234,0.11293758622854295,0.2322908658162167,0.7188949101904234,3.0508360921987303,0.8137130763976967,20.398134460463336
8,backsliding_union_Nyr,Y_jucon,Judicial constraints,institutions,instr-antiplural_w8_trt-ertOrDdcg_gapany_illib0p9026269_opp0p9026269_ctrypct_exclyr,backsliding_union_Nyr,271,37,-8.17139734026362e-4,0.9956861146700524,231,31,-0.01407334410909771,0.07568771019319828,0.8524921112929194,-0.31923767052187846,6.8881087861006485,0.9630343162143662,24.845626015663747
8,backsliding_union_Nyr,Y_legcon,Legislative constraints,institutions,instr-antiplural_w8_trt-ertOrDdcg_gapany_illib0p9026269_opp0p9026269_ctrypct_exclyr,backsliding_union_Nyr,271,37,-8.17139734026362e-4,0.9956861146700524,221,30,-0.25273905039721056,0.191591961546578,0.18711807291159135,1.2386976845087792,5.1389729771471995,0.8095241693816897,20.56400750800306
8,backsliding_union_Nyr,Y_hos_power,HOS,exec_power,instr-antiplural_w8_trt-ertOrDdcg_gapany_illib0p9026269_opp0p9026269_ctrypct_exclyr,backsliding_union_Nyr,271,37,-8.17139734026362e-4,0.9956861146700524,231,31,-0.02479124420292626,0.04589659820886719,0.5890906361707293,0.3018210247817628,1.4686247793704983,0.8371715867568162,20.94316593676154
8,backsliding_union_Nyr,Y_hog_power,HOG,exec_power,instr-antiplural_w8_trt-ertOrDdcg_gapany_illib0p9026269_opp0p9026269_ctrypct_exclyr,backsliding_union_Nyr,271,37,-8.17139734026362e-4,0.9956861146700524,87,18,0.1028126935202672,0.06984322351241333,0.14100746748575613,1.2391188232753356,4.259009232777327,0.7710967275793785,23.02172651332911
8,backsliding_union_Nyr,Y_hos_power_vdem,HOS (v2ex_hosw),exec_power_alt,instr-antiplural_w8_trt-ertOrDdcg_gapany_illib0p9026269_opp0p9026269_ctrypct_exclyr,backsliding_union_Nyr,271,37,-8.17139734026362e-4,0.9956861146700524,231,31,0.01924165451276002,0.02198263317613568,0.3814043669424801,-0.10861826371787008,1.7664691846404976,0.950969846681064,21.042917327358
8,backsliding_union_Nyr,Y_hog_power_vdem,HOG (v2ex_hogw),exec_power_alt,instr-antiplural_w8_trt-ertOrDdcg_gapany_illib0p9026269_opp0p9026269_ctrypct_exclyr,backsliding_union_Nyr,271,37,-8.17139734026362e-4,0.9956861146700524,231,31,-0.01379414845013815,0.03176517607611649,0.6641041482126169,-0.0828558779831039,2.978201503635605,0.977805095237382,21.833848983167687
8,backsliding_union_Nyr,Y_polyarchy,Electoral (polyarchy),vdem_high,instr-antiplural_w8_trt-ertOrDdcg_gapany_illib0p9026269_opp0p9026269_ctrypct_exclyr,backsliding_union_Nyr,271,37,-8.17139734026362e-4,0.9956861146700524,231,31,-0.07702655189961051,0.07078087765067367,0.27648936001351154,-5.809813686226206,34.359406269184326,0.8657262698964364,25.723922643362197
8,backsliding_union_Nyr,Y_libdem,Liberal,vdem_high,instr-antiplural_w8_trt-ertOrDdcg_gapany_illib0p9026269_opp0p9026269_ctrypct_exclyr,backsliding_union_Nyr,271,37,-8.17139734026362e-4,0.9956861146700524,231,31,-0.05886531929197393,0.06531525103145144,0.3674558244098094,-2.8554158138075865,21.114750291512888,0.8924274772422528,25.354733295295645
8,backsliding_union_Nyr,Y_partipdem,Participatory,vdem_high,instr-antiplural_w8_trt-ertOrDdcg_gapany_illib0p9026269_opp0p9026269_ctrypct_exclyr,backsliding_union_Nyr,271,37,-8.17139734026362e-4,0.9956861146700524,230,31,-0.04194929196812728,0.05540104808916326,0.4489341767142819,-6.216517235740201,30.452389489588427,0.8382449579905011,26.38250763383402
8,backsliding_union_Nyr,Y_delibdem,Deliberative,vdem_high,instr-antiplural_w8_trt-ertOrDdcg_gapany_illib0p9026269_opp0p9026269_ctrypct_exclyr,backsliding_union_Nyr,271,37,-8.17139734026362e-4,0.9956861146700524,231,31,-0.07352055996878132,0.08096647448574537,0.3638586384811891,-4.400625298509667,28.710981607024877,0.8781827992826475,25.408338389787055
8,backsliding_union_Nyr,Y_egaldem,Egalitarian,vdem_high,instr-antiplural_w8_trt-ertOrDdcg_gapany_illib0p9026269_opp0p9026269_ctrypct_exclyr,backsliding_union_Nyr,271,37,-8.17139734026362e-4,0.9956861146700524,231,31,-0.0364447763451464,0.04984127499812934,0.4646467556801559,-2.310925496343766,14.826134765648012,0.8761367756554728,25.19456429100072
8,backsliding_union_Nyr,Y_elecoff,Elected officials,vdem_electoral,instr-antiplural_w8_trt-ertOrDdcg_gapany_illib0p9026269_opp0p9026269_ctrypct_exclyr,backsliding_union_Nyr,271,37,-8.17139734026362e-4,0.9956861146700524,231,31,-0.05578779368784578,0.18290160333879252,0.7603544733883342,-9.88028850814673,46.80200627085101,0.832802821612333,26.307120212433635
8,backsliding_union_Nyr,Y_frefair,Clean elections,vdem_electoral,instr-antiplural_w8_trt-ertOrDdcg_gapany_illib0p9026269_opp0p9026269_ctrypct_exclyr,backsliding_union_Nyr,271,37,-8.17139734026362e-4,0.9956861146700524,231,31,-0.1203830547817165,0.09037261548868716,0.1828357153457106,-8.788497984416804,49.85648950260168,0.8600771878458509,25.632899139509192
8,backsliding_union_Nyr,Y_frassoc,Association,vdem_electoral,instr-antiplural_w8_trt-ertOrDdcg_gapany_illib0p9026269_opp0p9026269_ctrypct_exclyr,backsliding_union_Nyr,271,37,-8.17139734026362e-4,0.9956861146700524,231,31,-0.08941270149770797,0.09527073369091205,0.34798148952395075,-4.459993821798985,30.604971289703204,0.8841363082915175,25.421905079621656
8,backsliding_union_Nyr,Y_suffr,Suffrage,vdem_electoral,instr-antiplural_w8_trt-ertOrDdcg_gapany_illib0p9026269_opp0p9026269_ctrypct_exclyr,backsliding_union_Nyr,271,37,-8.17139734026362e-4,0.9956861146700524,231,31,0.00155151679732458,0.00582805258622927,0.7900733964532196,33.71970013814125,112.21382661662656,0.7637995668546582,28.49897620656693
8,backsliding_union_Nyr,Y_freexp,Expression & alt. info,vdem_electoral,instr-antiplural_w8_trt-ertOrDdcg_gapany_illib0p9026269_opp0p9026269_ctrypct_exclyr,backsliding_union_Nyr,271,37,-8.17139734026362e-4,0.9956861146700524,231,31,-0.06028720881312044,0.0811138436330907,0.45733522840213586,-1.8033456612765943,16.32995520326457,0.9120669679000752,24.441744182062067
8,backsliding_union_Nyr,Y_cl_rol,Rule of law,vdem_liberal,instr-antiplural_w8_trt-ertOrDdcg_gapany_illib0p9026269_opp0p9026269_ctrypct_exclyr,backsliding_union_Nyr,271,37,-8.17139734026362e-4,0.9956861146700524,231,31,-0.10669845400256944,0.06145347108526676,0.08252002862441202,-2.62262832078858,25.65078553422599,0.9185633316375772,24.69750348142364
8,backsliding_union_Nyr,Y_cspart,Civil society,vdem_particip,instr-antiplural_w8_trt-ertOrDdcg_gapany_illib0p9026269_opp0p9026269_ctrypct_exclyr,backsliding_union_Nyr,271,37,-8.17139734026362e-4,0.9956861146700524,231,31,-0.02455695836897011,0.08399050552367339,0.769997787865488,-2.511166919441938,15.04613564448875,0.867450465164618,25.74053161185945
8,backsliding_union_Nyr,Y_dd,Direct democracy,vdem_particip,instr-antiplural_w8_trt-ertOrDdcg_gapany_illib0p9026269_opp0p9026269_ctrypct_exclyr,backsliding_union_Nyr,271,37,-8.17139734026362e-4,0.9956861146700524,231,31,0.06775700844276557,0.05994204039095449,0.25831807138940077,2.725410693163038,20.452601179985137,0.8939917411114895,25.45357294715459
8,backsliding_union_Nyr,Y_locelec,Local elections,vdem_particip,instr-antiplural_w8_trt-ertOrDdcg_gapany_illib0p9026269_opp0p9026269_ctrypct_exclyr,backsliding_union_Nyr,271,37,-8.17139734026362e-4,0.9956861146700524,226,31,-0.12481746830032144,0.18575335069641205,0.5016137994148359,-72.22623801832603,288.6940694799187,0.80244612697067,27.49414598533428
8,backsliding_union_Nyr,Y_regelec,Regional elections,vdem_particip,instr-antiplural_w8_trt-ertOrDdcg_gapany_illib0p9026269_opp0p9026269_ctrypct_exclyr,backsliding_union_Nyr,271,37,-8.17139734026362e-4,0.9956861146700524,230,31,-0.01382233496541472,0.05346277259878864,0.7959891758489535,0.19816141272861393,1.2296173562637838,0.87196976759818,22.071379719979667
8,backsliding_union_Nyr,Y_delib,Deliberation,vdem_egal_delib,instr-antiplural_w8_trt-ertOrDdcg_gapany_illib0p9026269_opp0p9026269_ctrypct_exclyr,backsliding_union_Nyr,271,37,-8.17139734026362e-4,0.9956861146700524,231,31,-0.11832095553081506,0.10990885141594332,0.2816871204644057,-5.958245240919235,42.61705139185489,0.8888109410508599,25.33370432212416
8,backsliding_union_Nyr,Y_eqprotec,Equal protection,vdem_egal_delib,instr-antiplural_w8_trt-ertOrDdcg_gapany_illib0p9026269_opp0p9026269_ctrypct_exclyr,backsliding_union_Nyr,271,37,-8.17139734026362e-4,0.9956861146700524,231,31,0.01212323536936318,0.06051472254150627,0.8412183531400307,0.28980035805718013,4.757650900041533,0.9514289031423108,26.31401052340762
8,backsliding_union_Nyr,Y_eqaccess,Equal access,vdem_egal_delib,instr-antiplural_w8_trt-ertOrDdcg_gapany_illib0p9026269_opp0p9026269_ctrypct_exclyr,backsliding_union_Nyr,271,37,-8.17139734026362e-4,0.9956861146700524,231,31,-0.0558344091398221,0.07673731409469949,0.4668557723408619,-4.561436680242788,26.45375930762567,0.8630990441492482,25.510957036473616
8,backsliding_union_Nyr,Y_eqdr,Equal distribution,vdem_egal_delib,instr-antiplural_w8_trt-ertOrDdcg_gapany_illib0p9026269_opp0p9026269_ctrypct_exclyr,backsliding_union_Nyr,271,37,-8.17139734026362e-4,0.9956861146700524,231,31,-0.04567840611695745,0.0611159153510703,0.45481848237188616,-1.2696681631431554,10.746161752377558,0.9059481317868784,24.76754701448367
8,polyarchy_decline,Y_gdp_growth,PWT,growth,instr-antiplural_w8_trt-polyarchy_gapany_illib0p9026269_opp0p9026269_ctrypct_exclyr,polyarchy_decline,231,92,0.07702655189961051,0.27648936001351154,207,77,-0.5196688548814952,0.23138147612147947,0.02470786727319258,-3.5653903121696513,4.773800716645478,0.4551443416112319,21.365715493319467
8,polyarchy_decline,Y_gdp_growth_wb,World Bank,growth,instr-antiplural_w8_trt-polyarchy_gapany_illib0p9026269_opp0p9026269_ctrypct_exclyr,polyarchy_decline,231,92,0.07702655189961051,0.27648936001351154,218,87,-0.3328858557946446,0.14686167208915435,0.02341084631716537,-1.5895917029284241,2.5180207094549805,0.5278534142245987,21.853486962474783
8,polyarchy_decline,Y_gdp_growth_imf,IMF WEO,growth,instr-antiplural_w8_trt-polyarchy_gapany_illib0p9026269_opp0p9026269_ctrypct_exclyr,polyarchy_decline,231,92,0.07702655189961051,0.27648936001351154,137,57,-0.30600266207651466,0.12678860861888863,0.01580069036604018,-18.50609762431302,54.88970792537311,0.7360033793836955,18.6444764467233
8,polyarchy_decline,Y_inflation,"CPI, cumulative log",inflation,instr-antiplural_w8_trt-polyarchy_gapany_illib0p9026269_opp0p9026269_ctrypct_exclyr,polyarchy_decline,231,92,0.07702655189961051,0.27648936001351154,188,76,-0.02814521085519206,0.9586175260857795,0.9765773077821728,0.11393145826986592,17.326629507367798,0.9947535383940076,18.266716205199668
8,polyarchy_decline,Y_unemployment,Unemployment rate,unemployment,instr-antiplural_w8_trt-polyarchy_gapany_illib0p9026269_opp0p9026269_ctrypct_exclyr,polyarchy_decline,231,92,0.07702655189961051,0.27648936001351154,140,77,-0.6492840947122629,1.4985989464530254,0.6648253535105472,-13.0802088224798,20.07437127312861,0.5146673319843591,16.153465160934502
8,polyarchy_decline,Y_trade_pct_gdp,Trade / GDP,trade,instr-antiplural_w8_trt-polyarchy_gapany_illib0p9026269_opp0p9026269_ctrypct_exclyr,polyarchy_decline,231,92,0.07702655189961051,0.27648936001351154,195,83,-0.680785202046291,18.678079418485673,0.9709248609316464,26.902557510694383,286.0124469945894,0.925060865075991,23.26469969186144
8,polyarchy_decline,Y_top10_share,Top-10% income share,top10,instr-antiplural_w8_trt-polyarchy_gapany_illib0p9026269_opp0p9026269_ctrypct_exclyr,polyarchy_decline,231,92,0.07702655189961051,0.27648936001351154,186,80,-1.5878968970680405,1.5540391659587671,0.3068817601409356,-59.55630563086417,88.35089899417778,0.5002551895307923,16.685286434143485
8,polyarchy_decline,Y_gini_disp,Disposable,gini,instr-antiplural_w8_trt-polyarchy_gapany_illib0p9026269_opp0p9026269_ctrypct_exclyr,polyarchy_decline,231,92,0.07702655189961051,0.27648936001351154,157,67,-0.8331495725102045,1.114557316505003,0.45475206963966575,-1.0747857927865585,24.72415746043567,0.9653260186419186,28.885673099452102
8,polyarchy_decline,Y_gini_mkt,Market,gini,instr-antiplural_w8_trt-polyarchy_gapany_illib0p9026269_opp0p9026269_ctrypct_exclyr,polyarchy_decline,231,92,0.07702655189961051,0.27648936001351154,157,67,-0.1975327855919863,1.1677595198578046,0.8656744388439264,9.65245606605751,33.909596166395815,0.7759102779833793,30.125540694248883
8,polyarchy_decline,Y_debt,Debt / GDP,fiscal,instr-antiplural_w8_trt-polyarchy_gapany_illib0p9026269_opp0p9026269_ctrypct_exclyr,polyarchy_decline,231,92,0.07702655189961051,0.27648936001351154,207,87,-9.37291622067716,15.217294126190811,0.5379351580053767,137.79979270259793,176.80574359367952,0.4357527965264475,28.837055284564435
8,polyarchy_decline,Y_deficit,Deficit / GDP,fiscal,instr-antiplural_w8_trt-polyarchy_gapany_illib0p9026269_opp0p9026269_ctrypct_exclyr,polyarchy_decline,231,92,0.07702655189961051,0.27648936001351154,163,77,6.540191225013456,6.639933892026975,0.32463469846056786,113.21872722758216,254.3729006190518,0.6562550194921795,18.897946353474858
8,polyarchy_decline,Y_checks_balances,Checks & balances,institutions,instr-antiplural_w8_trt-polyarchy_gapany_illib0p9026269_opp0p9026269_ctrypct_exclyr,polyarchy_decline,231,92,0.07702655189961051,0.27648936001351154,221,89,-0.13490151286335234,0.11293758622854295,0.2322908658162167,-1.6999792969980436,1.429580913223947,0.2343825299745444,18.593728678520844
8,polyarchy_decline,Y_jucon,Judicial constraints,institutions,instr-antiplural_w8_trt-polyarchy_gapany_illib0p9026269_opp0p9026269_ctrypct_exclyr,polyarchy_decline,231,92,0.07702655189961051,0.27648936001351154,231,92,-0.01407334410909771,0.07568771019319828,0.8524921112929194,-0.384978923236941,0.973512841611117,0.6925083364606757,24.24226225264877
8,polyarchy_decline,Y_legcon,Legislative constraints,institutions,instr-antiplural_w8_trt-polyarchy_gapany_illib0p9026269_opp0p9026269_ctrypct_exclyr,polyarchy_decline,231,92,0.07702655189961051,0.27648936001351154,221,89,-0.25273905039721056,0.191591961546578,0.18711807291159135,-3.0827385005266583,2.2338151416557395,0.16757649975379915,18.62459445177989
8,polyarchy_decline,Y_hos_power,HOS,exec_power,instr-antiplural_w8_trt-polyarchy_gapany_illib0p9026269_opp0p9026269_ctrypct_exclyr,polyarchy_decline,231,92,0.07702655189961051,0.27648936001351154,231,92,-0.02479124420292626,0.04589659820886719,0.5890906361707293,-0.15925659450396432,0.5970357414215154,0.7896651225033569,28.977704444991968
8,polyarchy_decline,Y_hog_power,HOG,exec_power,instr-antiplural_w8_trt-polyarchy_gapany_illib0p9026269_opp0p9026269_ctrypct_exclyr,polyarchy_decline,231,92,0.07702655189961051,0.27648936001351154,87,33,0.1028126935202672,0.06984322351241333,0.14100746748575613,0.7569807180345205,0.3786993941230219,0.04561960365540239,23.24988888256661
8,polyarchy_decline,Y_hos_power_vdem,HOS (v2ex_hosw),exec_power_alt,instr-antiplural_w8_trt-polyarchy_gapany_illib0p9026269_opp0p9026269_ctrypct_exclyr,polyarchy_decline,231,92,0.07702655189961051,0.27648936001351154,231,92,0.01924165451276002,0.02198263317613568,0.3814043669424801,0.33383839780294716,0.5921787210443205,0.5729269923509651,21.612654719530365
8,polyarchy_decline,Y_hog_power_vdem,HOG (v2ex_hogw),exec_power_alt,instr-antiplural_w8_trt-polyarchy_gapany_illib0p9026269_opp0p9026269_ctrypct_exclyr,polyarchy_decline,231,92,0.07702655189961051,0.27648936001351154,231,92,-0.01379414845013815,0.03176517607611649,0.6641041482126169,-0.3886731060891821,0.9096985803416894,0.6691937340416203,22.235159525206416
8,polyarchy_decline,Y_polyarchy,Electoral (polyarchy),vdem_high,instr-antiplural_w8_trt-polyarchy_gapany_illib0p9026269_opp0p9026269_ctrypct_exclyr,polyarchy_decline,231,92,0.07702655189961051,0.27648936001351154,231,92,-0.07702655189961051,0.07078087765067367,0.27648936001351154,-1,5.573091943516289e-17,0,27.76147133207618
8,polyarchy_decline,Y_libdem,Liberal,vdem_high,instr-antiplural_w8_trt-polyarchy_gapany_illib0p9026269_opp0p9026269_ctrypct_exclyr,polyarchy_decline,231,92,0.07702655189961051,0.27648936001351154,231,92,-0.05886531929197393,0.06531525103145144,0.3674558244098094,-0.8253530343252853,0.3208997497608924,0.01011139129681044,23.207012762836374
8,polyarchy_decline,Y_partipdem,Participatory,vdem_high,instr-antiplural_w8_trt-polyarchy_gapany_illib0p9026269_opp0p9026269_ctrypct_exclyr,polyarchy_decline,231,92,0.07702655189961051,0.27648936001351154,230,92,-0.04194929196812728,0.05540104808916326,0.4489341767142819,-0.5178160866364319,0.5651441025536921,0.35953318568318005,23.631943410398005
8,polyarchy_decline,Y_delibdem,Deliberative,vdem_high,instr-antiplural_w8_trt-polyarchy_gapany_illib0p9026269_opp0p9026269_ctrypct_exclyr,polyarchy_decline,231,92,0.07702655189961051,0.27648936001351154,231,92,-0.07352055996878132,0.08096647448574537,0.3638586384811891,-0.982734213821675,0.4639538048952616,0.034160457063142,30.39658190935905
8,polyarchy_decline,Y_egaldem,Egalitarian,vdem_high,instr-antiplural_w8_trt-polyarchy_gapany_illib0p9026269_opp0p9026269_ctrypct_exclyr,polyarchy_decline,231,92,0.07702655189961051,0.27648936001351154,231,92,-0.0364447763451464,0.04984127499812934,0.4646467556801559,-0.4553952174520908,0.35750673575166425,0.2027311942199581,23.19571545306563
8,polyarchy_decline,Y_elecoff,Elected officials,vdem_electoral,instr-antiplural_w8_trt-polyarchy_gapany_illib0p9026269_opp0p9026269_ctrypct_exclyr,polyarchy_decline,231,92,0.07702655189961051,0.27648936001351154,231,92,-0.05578779368784578,0.18290160333879252,0.7603544733883342,-0.7232072061516561,2.3781424292690634,0.7610471920569497,30.858344979564095
8,polyarchy_decline,Y_frefair,Clean elections,vdem_electoral,instr-antiplural_w8_trt-polyarchy_gapany_illib0p9026269_opp0p9026269_ctrypct_exclyr,polyarchy_decline,231,92,0.07702655189961051,0.27648936001351154,231,92,-0.1203830547817165,0.09037261548868716,0.1828357153457106,-1.582795572767436,0.5206022420765305,0.00236329674779283,25.41787703998182
8,polyarchy_decline,Y_frassoc,Association,vdem_electoral,instr-antiplural_w8_trt-polyarchy_gapany_illib0p9026269_opp0p9026269_ctrypct_exclyr,polyarchy_decline,231,92,0.07702655189961051,0.27648936001351154,231,92,-0.08941270149770797,0.09527073369091205,0.34798148952395075,-1.1742935487620754,0.6955763284926954,0.09136688684661971,23.285710228101426
8,polyarchy_decline,Y_suffr,Suffrage,vdem_electoral,instr-antiplural_w8_trt-polyarchy_gapany_illib0p9026269_opp0p9026269_ctrypct_exclyr,polyarchy_decline,231,92,0.07702655189961051,0.27648936001351154,231,92,0.00155151679732458,0.00582805258622927,0.7900733964532196,0.10239552821114756,0.2219646268370108,0.6445728949640358,29.695239847948528
8,polyarchy_decline,Y_freexp,Expression & alt. info,vdem_electoral,instr-antiplural_w8_trt-polyarchy_gapany_illib0p9026269_opp0p9026269_ctrypct_exclyr,polyarchy_decline,231,92,0.07702655189961051,0.27648936001351154,231,92,-0.06028720881312044,0.0811138436330907,0.45733522840213586,-0.6556774406498485,0.7829604830373735,0.4023488680784864,22.852529084827054
8,polyarchy_decline,Y_cl_rol,Rule of law,vdem_liberal,instr-antiplural_w8_trt-polyarchy_gapany_illib0p9026269_opp0p9026269_ctrypct_exclyr,polyarchy_decline,231,92,0.07702655189961051,0.27648936001351154,231,92,-0.10669845400256944,0.06145347108526676,0.08252002862441202,-1.5359041125660038,1.258752544578704,0.22239681765500408,21.670825285740985
8,polyarchy_decline,Y_cspart,Civil society,vdem_particip,instr-antiplural_w8_trt-polyarchy_gapany_illib0p9026269_opp0p9026269_ctrypct_exclyr,polyarchy_decline,231,92,0.07702655189961051,0.27648936001351154,231,92,-0.02455695836897011,0.08399050552367339,0.769997787865488,-0.4448359601445183,0.8701844418655696,0.6092128906343578,31.014859232469007
8,polyarchy_decline,Y_dd,Direct democracy,vdem_particip,instr-antiplural_w8_trt-polyarchy_gapany_illib0p9026269_opp0p9026269_ctrypct_exclyr,polyarchy_decline,231,92,0.07702655189961051,0.27648936001351154,231,92,0.06775700844276557,0.05994204039095449,0.25831807138940077,0.9027702294637842,1.4325017133238331,0.5285602458740672,22.65479642161303
8,polyarchy_decline,Y_locelec,Local elections,vdem_particip,instr-antiplural_w8_trt-polyarchy_gapany_illib0p9026269_opp0p9026269_ctrypct_exclyr,polyarchy_decline,231,92,0.07702655189961051,0.27648936001351154,226,90,-0.12481746830032144,0.18575335069641205,0.5016137994148359,-1.869814694809728,3.0781620853720053,0.5435555187935938,22.65631668521342
8,polyarchy_decline,Y_regelec,Regional elections,vdem_particip,instr-antiplural_w8_trt-polyarchy_gapany_illib0p9026269_opp0p9026269_ctrypct_exclyr,polyarchy_decline,231,92,0.07702655189961051,0.27648936001351154,230,92,-0.01382233496541472,0.05346277259878864,0.7959891758489535,-0.03924459211324382,0.8596753088476818,0.9635888323589372,32.878012131487885
8,polyarchy_decline,Y_delib,Deliberation,vdem_egal_delib,instr-antiplural_w8_trt-polyarchy_gapany_illib0p9026269_opp0p9026269_ctrypct_exclyr,polyarchy_decline,231,92,0.07702655189961051,0.27648936001351154,231,92,-0.11832095553081506,0.10990885141594332,0.2816871204644057,-1.6627541627229072,0.9158290179716704,0.06943594456622972,29.67754047364304
8,polyarchy_decline,Y_eqprotec,Equal protection,vdem_egal_delib,instr-antiplural_w8_trt-polyarchy_gapany_illib0p9026269_opp0p9026269_ctrypct_exclyr,polyarchy_decline,231,92,0.07702655189961051,0.27648936001351154,231,92,0.01212323536936318,0.06051472254150627,0.8412183531400307,0.2216169654051911,1.0166004318681778,0.8274305896635479,32.35002003616203
8,polyarchy_decline,Y_eqaccess,Equal access,vdem_egal_delib,instr-antiplural_w8_trt-polyarchy_gapany_illib0p9026269_opp0p9026269_ctrypct_exclyr,polyarchy_decline,231,92,0.07702655189961051,0.27648936001351154,231,92,-0.0558344091398221,0.07673731409469949,0.4668557723408619,-0.6592497231835979,0.8899598710766492,0.45883689460675814,23.66504331454168
8,polyarchy_decline,Y_eqdr,Equal distribution,vdem_egal_delib,instr-antiplural_w8_trt-polyarchy_gapany_illib0p9026269_opp0p9026269_ctrypct_exclyr,polyarchy_decline,231,92,0.07702655189961051,0.27648936001351154,231,92,-0.04567840611695745,0.0611159153510703,0.45481848237188616,-0.6214009673746799,0.7487363286473467,0.4065766809251346,22.21883872004451
9,backsliding_Nyr,Y_gdp_growth,PWT,growth,instr-antiplural_w9_trt-ert_gapany_illib0p9026269_opp0p9026269_ctrypct_exclyr,backsliding_Nyr,271,35,0.02780259302019613,0.8540457112069976,200,24,-0.4648242969508141,0.22152688762861425,0.03588087286036665,-1.972357818253716,2.433281837389899,0.4176096857152125,16.533197957650856
9,backsliding_Nyr,Y_gdp_growth_wb,World Bank,growth,instr-antiplural_w9_trt-ert_gapany_illib0p9026269_opp0p9026269_ctrypct_exclyr,backsliding_Nyr,271,35,0.02780259302019613,0.8540457112069976,206,25,-0.3527818200986303,0.18714999796306128,0.05942689893047065,-1.4667323450304657,1.7062717980701214,0.3900027536528419,17.328451023496218
9,backsliding_Nyr,Y_gdp_growth_imf,IMF WEO,growth,instr-antiplural_w9_trt-ert_gapany_illib0p9026269_opp0p9026269_ctrypct_exclyr,backsliding_Nyr,271,35,0.02780259302019613,0.8540457112069976,125,15,-0.3514555205537943,0.2147084029532684,0.10165201247469197,-1.9937960197245843,4.484248552497123,0.6565928718954391,16.09146267569769
9,backsliding_Nyr,Y_inflation,"CPI, cumulative log",inflation,instr-antiplural_w9_trt-ert_gapany_illib0p9026269_opp0p9026269_ctrypct_exclyr,backsliding_Nyr,271,35,0.02780259302019613,0.8540457112069976,176,23,-0.11666563470926827,1.3298881586197886,0.9300945342976028,-3.398820665852979,9.543747178517084,0.7217427418881694,20.27161153998327
9,backsliding_Nyr,Y_unemployment,Unemployment rate,unemployment,instr-antiplural_w9_trt-ert_gapany_illib0p9026269_opp0p9026269_ctrypct_exclyr,backsliding_Nyr,271,35,0.02780259302019613,0.8540457112069976,131,23,-0.936050698119178,1.9858871254207375,0.6373898081484386,14.283423405274288,188.6129319721207,0.9396348947385172,15.91557714752448
9,backsliding_Nyr,Y_trade_pct_gdp,Trade / GDP,trade,instr-antiplural_w9_trt-ert_gapany_illib0p9026269_opp0p9026269_ctrypct_exclyr,backsliding_Nyr,271,35,0.02780259302019613,0.8540457112069976,182,21,0.14654883465299662,19.475758563393647,0.993996231326958,32.133232389468006,193.70592264177176,0.8682461301330218,23.5976876917437
9,backsliding_Nyr,Y_top10_share,Top-10% income share,top10,instr-antiplural_w9_trt-ert_gapany_illib0p9026269_opp0p9026269_ctrypct_exclyr,backsliding_Nyr,271,35,0.02780259302019613,0.8540457112069976,174,24,-1.635382793608984,1.6864620326023172,0.33218997179831383,-6.097842011526533,8.729572439374964,0.48484768118455773,23.600358513286793
9,backsliding_Nyr,Y_gini_disp,Disposable,gini,instr-antiplural_w9_trt-ert_gapany_illib0p9026269_opp0p9026269_ctrypct_exclyr,backsliding_Nyr,271,35,0.02780259302019613,0.8540457112069976,148,20,0.5118479722587418,1.0903801704632028,0.638768332924724,6.740183360509123,20.79999332841996,0.7459021631344667,23.52494601386748
9,backsliding_Nyr,Y_gini_mkt,Market,gini,instr-antiplural_w9_trt-ert_gapany_illib0p9026269_opp0p9026269_ctrypct_exclyr,backsliding_Nyr,271,35,0.02780259302019613,0.8540457112069976,148,20,0.8824348575506471,1.3363689492175468,0.5090467155805609,11.025572570265128,27.55664742671113,0.6890786430802538,22.99444264196097
9,backsliding_Nyr,Y_debt,Debt / GDP,fiscal,instr-antiplural_w9_trt-ert_gapany_illib0p9026269_opp0p9026269_ctrypct_exclyr,backsliding_Nyr,271,35,0.02780259302019613,0.8540457112069976,195,23,-24.315423653243982,13.595250960270482,0.07369161353400398,-113.77981453389508,166.15204144602103,0.49347432673711195,14.960055871373738
9,backsliding_Nyr,Y_deficit,Deficit / GDP,fiscal,instr-antiplural_w9_trt-ert_gapany_illib0p9026269_opp0p9026269_ctrypct_exclyr,backsliding_Nyr,271,35,0.02780259302019613,0.8540457112069976,150,22,8.816724154959973,10.100818131868689,0.3827326967855661,88.10293172040818,143.7436084166953,0.5399310817670997,24.651431318340897
9,backsliding_Nyr,Y_checks_balances,Checks & balances,institutions,instr-antiplural_w9_trt-ert_gapany_illib0p9026269_opp0p9026269_ctrypct_exclyr,backsliding_Nyr,271,35,0.02780259302019613,0.8540457112069976,213,28,-0.16832462211397664,0.11763730376455069,0.15246520230325003,-7.116579680096106,22.75180941237974,0.7544388369627479,22.49926472919439
9,backsliding_Nyr,Y_jucon,Judicial constraints,institutions,instr-antiplural_w9_trt-ert_gapany_illib0p9026269_opp0p9026269_ctrypct_exclyr,backsliding_Nyr,271,35,0.02780259302019613,0.8540457112069976,222,28,-0.03302645931941211,0.07929944114424807,0.6770603855270394,-8.460977168816289,87.89829577237134,0.9233150979206765,17.87889326264973
9,backsliding_Nyr,Y_legcon,Legislative constraints,institutions,instr-antiplural_w9_trt-ert_gapany_illib0p9026269_opp0p9026269_ctrypct_exclyr,backsliding_Nyr,271,35,0.02780259302019613,0.8540457112069976,213,28,-0.2677221021630163,0.189049118405112,0.15673129244530665,-112.07151004247972,1206.3356943599022,0.9259810800846566,19.275618765184703
9,backsliding_Nyr,Y_hos_power,HOS,exec_power,instr-antiplural_w9_trt-ert_gapany_illib0p9026269_opp0p9026269_ctrypct_exclyr,backsliding_Nyr,271,35,0.02780259302019613,0.8540457112069976,222,28,-0.05349041015740146,0.07364289671271113,0.46762513246015863,-3.1715634304650693,64.50473585440285,0.9607854796967692,16.440796904302488
9,backsliding_Nyr,Y_hog_power,HOG,exec_power,instr-antiplural_w9_trt-ert_gapany_illib0p9026269_opp0p9026269_ctrypct_exclyr,backsliding_Nyr,271,35,0.02780259302019613,0.8540457112069976,84,18,0.12671596186656836,0.07100057914294439,0.07430718345939658,0.7521561041266864,1.8311625596943064,0.6812534236932147,21.470456374796015
9,backsliding_Nyr,Y_hos_power_vdem,HOS (v2ex_hosw),exec_power_alt,instr-antiplural_w9_trt-ert_gapany_illib0p9026269_opp0p9026269_ctrypct_exclyr,backsliding_Nyr,271,35,0.02780259302019613,0.8540457112069976,222,28,-0.01007769961558596,0.03995157556345,0.8008494834599191,0.2720701978394473,14.006073083343033,0.9845019401435582,14.963573873910487
9,backsliding_Nyr,Y_hog_power_vdem,HOG (v2ex_hogw),exec_power_alt,instr-antiplural_w9_trt-ert_gapany_illib0p9026269_opp0p9026269_ctrypct_exclyr,backsliding_Nyr,271,35,0.02780259302019613,0.8540457112069976,222,28,0.00154837383499929,0.04351660452206361,0.9716162839169384,0.6242723729529609,35.797001806198985,0.9860862078759008,15.754643298875182
9,backsliding_Nyr,Y_polyarchy,Electoral (polyarchy),vdem_high,instr-antiplural_w9_trt-ert_gapany_illib0p9026269_opp0p9026269_ctrypct_exclyr,backsliding_Nyr,271,35,0.02780259302019613,0.8540457112069976,222,28,-0.07558063021595975,0.08139864321844052,0.3531355923585581,-30.178371999868418,228.490477597577,0.8949232660461344,19.1951376417206
9,backsliding_Nyr,Y_libdem,Liberal,vdem_high,instr-antiplural_w9_trt-ert_gapany_illib0p9026269_opp0p9026269_ctrypct_exclyr,backsliding_Nyr,271,35,0.02780259302019613,0.8540457112069976,222,28,-0.05414105854250405,0.07732946755891905,0.4838430663011673,-17.944610131592896,144.5489091070747,0.9012027375776688,19.314410731742424
9,backsliding_Nyr,Y_partipdem,Participatory,vdem_high,instr-antiplural_w9_trt-ert_gapany_illib0p9026269_opp0p9026269_ctrypct_exclyr,backsliding_Nyr,271,35,0.02780259302019613,0.8540457112069976,221,28,-0.03821882913065208,0.06635366516309109,0.5646241662762905,-4.242422198892057,30.078585415025163,0.8878347048372385,18.849895286036816
9,backsliding_Nyr,Y_delibdem,Deliberative,vdem_high,instr-antiplural_w9_trt-ert_gapany_illib0p9026269_opp0p9026269_ctrypct_exclyr,backsliding_Nyr,271,35,0.02780259302019613,0.8540457112069976,222,28,-0.05228820306095538,0.09839188871829,0.5951222337896042,6.760860704107028,54.16415076818609,0.9006647174803386,18.35555404401382
9,backsliding_Nyr,Y_egaldem,Egalitarian,vdem_high,instr-antiplural_w9_trt-ert_gapany_illib0p9026269_opp0p9026269_ctrypct_exclyr,backsliding_Nyr,271,35,0.02780259302019613,0.8540457112069976,222,28,-0.01505156683049867,0.06652405525323371,0.821001146703673,17.17648980318027,128.99039408884005,0.894066053991933,18.91209043753295
9,backsliding_Nyr,Y_elecoff,Elected officials,vdem_electoral,instr-antiplural_w9_trt-ert_gapany_illib0p9026269_opp0p9026269_ctrypct_exclyr,backsliding_Nyr,271,35,0.02780259302019613,0.8540457112069976,222,28,-0.08600646470646833,0.20694982982757093,0.6777093913999968,-72.63957895799868,545.5743698348165,0.8940800414231607,19.458383208493984
9,backsliding_Nyr,Y_frefair,Clean elections,vdem_electoral,instr-antiplural_w9_trt-ert_gapany_illib0p9026269_opp0p9026269_ctrypct_exclyr,backsliding_Nyr,271,35,0.02780259302019613,0.8540457112069976,222,28,-0.14943691977854384,0.11715903813774348,0.2021306133885428,-87.51768568728785,623.1289125513769,0.8883054314038961,18.968947430082903
9,backsliding_Nyr,Y_frassoc,Association,vdem_electoral,instr-antiplural_w9_trt-ert_gapany_illib0p9026269_opp0p9026269_ctrypct_exclyr,backsliding_Nyr,271,35,0.02780259302019613,0.8540457112069976,222,28,-0.10213354075518928,0.09969436694832635,0.3056149785522935,-36.62104226780806,298.4738307071781,0.90234916565586,18.610540224056745
9,backsliding_Nyr,Y_suffr,Suffrage,vdem_electoral,instr-antiplural_w9_trt-ert_gapany_illib0p9026269_opp0p9026269_ctrypct_exclyr,backsliding_Nyr,271,35,0.02780259302019613,0.8540457112069976,222,28,0.00188337998714009,0.00692491223884406,0.7856437980599986,0.5547205677662713,2.5885538543791533,0.8303150830852155,16.73772068440835
9,backsliding_Nyr,Y_freexp,Expression & alt. info,vdem_electoral,instr-antiplural_w9_trt-ert_gapany_illib0p9026269_opp0p9026269_ctrypct_exclyr,backsliding_Nyr,271,35,0.02780259302019613,0.8540457112069976,222,28,-0.04118251279555,0.0981973811559259,0.674934754278806,3.111973102992202,42.15198741714522,0.9411476967704104,17.939142600849067
9,backsliding_Nyr,Y_cl_rol,Rule of law,vdem_liberal,instr-antiplural_w9_trt-ert_gapany_illib0p9026269_opp0p9026269_ctrypct_exclyr,backsliding_Nyr,271,35,0.02780259302019613,0.8540457112069976,222,28,-0.07290053483687076,0.07597305955681526,0.337277863154756,-30.63605087044093,238.98360019413263,0.8979961527631488,19.27251183833243
9,backsliding_Nyr,Y_cspart,Civil society,vdem_particip,instr-antiplural_w9_trt-ert_gapany_illib0p9026269_opp0p9026269_ctrypct_exclyr,backsliding_Nyr,271,35,0.02780259302019613,0.8540457112069976,222,28,-0.02730135828917755,0.09156335802345938,0.7655741524178213,16.195239810571316,177.16512314751827,0.9271642333286648,18.041733166486637
9,backsliding_Nyr,Y_dd,Direct democracy,vdem_particip,instr-antiplural_w9_trt-ert_gapany_illib0p9026269_opp0p9026269_ctrypct_exclyr,backsliding_Nyr,271,35,0.02780259302019613,0.8540457112069976,222,28,0.04176178846559199,0.0622033016294752,0.5019811874376501,152.22612993372942,804.7178490314784,0.8499618640632121,20.40488096809097
9,backsliding_Nyr,Y_locelec,Local elections,vdem_particip,instr-antiplural_w9_trt-ert_gapany_illib0p9026269_opp0p9026269_ctrypct_exclyr,backsliding_Nyr,271,35,0.02780259302019613,0.8540457112069976,217,28,-0.07776859978661649,0.18864360631386243,0.6801551315857729,-73.26796653085982,290.7514332400354,0.8010447713991117,20.759557301021648
9,backsliding_Nyr,Y_regelec,Regional elections,vdem_particip,instr-antiplural_w9_trt-ert_gapany_illib0p9026269_opp0p9026269_ctrypct_exclyr,backsliding_Nyr,271,35,0.02780259302019613,0.8540457112069976,221,28,-0.00222049402352936,0.06725114601903802,0.9736602847176268,2.781054534151737,29.95788307353549,0.9260369135493732,16.50357876063313
9,backsliding_Nyr,Y_delib,Deliberation,vdem_egal_delib,instr-antiplural_w9_trt-ert_gapany_illib0p9026269_opp0p9026269_ctrypct_exclyr,backsliding_Nyr,271,35,0.02780259302019613,0.8540457112069976,222,28,-0.0904716161136838,0.1250014389121354,0.46921026735974614,-5.112887713601502,43.36155571252112,0.906136654821166,18.750999288056853
9,backsliding_Nyr,Y_eqprotec,Equal protection,vdem_egal_delib,instr-antiplural_w9_trt-ert_gapany_illib0p9026269_opp0p9026269_ctrypct_exclyr,backsliding_Nyr,271,35,0.02780259302019613,0.8540457112069976,222,28,0.00837663728340162,0.08007738598586625,0.916687836698976,431.7536710934611,2628.9766307954355,0.8695510316429659,20.107393800805184
9,backsliding_Nyr,Y_eqaccess,Equal access,vdem_egal_delib,instr-antiplural_w9_trt-ert_gapany_illib0p9026269_opp0p9026269_ctrypct_exclyr,backsliding_Nyr,271,35,0.02780259302019613,0.8540457112069976,222,28,-0.00244667387782598,0.08686455366644313,0.977529324279156,10.401585239858331,116.2405363551099,0.928697835582647,17.524616107074085
9,backsliding_Nyr,Y_eqdr,Equal distribution,vdem_egal_delib,instr-antiplural_w9_trt-ert_gapany_illib0p9026269_opp0p9026269_ctrypct_exclyr,backsliding_Nyr,271,35,0.02780259302019613,0.8540457112069976,222,28,-0.00522556364806124,0.06906212121967771,0.9396858727004076,7.561809180581816,48.00624524187667,0.8748372559644642,18.508486321934228
9,backsliding_union_Nyr,Y_gdp_growth,PWT,growth,instr-antiplural_w9_trt-ertOrDdcg_gapany_illib0p9026269_opp0p9026269_ctrypct_exclyr,backsliding_union_Nyr,271,39,0.02060932493084549,0.8928821015434141,200,28,-0.4648242969508141,0.22152688762861425,0.03588087286036665,-1.8366463766217296,2.4386638216389627,0.4513679812272821,16.35878501912499
9,backsliding_union_Nyr,Y_gdp_growth_wb,World Bank,growth,instr-antiplural_w9_trt-ertOrDdcg_gapany_illib0p9026269_opp0p9026269_ctrypct_exclyr,backsliding_union_Nyr,271,39,0.02060932493084549,0.8928821015434141,206,28,-0.3527818200986303,0.18714999796306128,0.05942689893047065,-1.4987473508942577,1.7523736299724837,0.39240334782107034,16.84123450219463
9,backsliding_union_Nyr,Y_gdp_growth_imf,IMF WEO,growth,instr-antiplural_w9_trt-ertOrDdcg_gapany_illib0p9026269_opp0p9026269_ctrypct_exclyr,backsliding_union_Nyr,271,39,0.02060932493084549,0.8928821015434141,125,17,-0.3514555205537943,0.2147084029532684,0.10165201247469197,-1.9936477377899329,4.484398247264969,0.6566274998740029,16.090081398718738
9,backsliding_union_Nyr,Y_inflation,"CPI, cumulative log",inflation,instr-antiplural_w9_trt-ertOrDdcg_gapany_illib0p9026269_opp0p9026269_ctrypct_exclyr,backsliding_union_Nyr,271,39,0.02060932493084549,0.8928821015434141,176,24,-0.11666563470926827,1.3298881586197886,0.9300945342976028,-1.985705383768139,9.483101900126142,0.8341406149768457,19.721277561778933
9,backsliding_union_Nyr,Y_unemployment,Unemployment rate,unemployment,instr-antiplural_w9_trt-ertOrDdcg_gapany_illib0p9026269_opp0p9026269_ctrypct_exclyr,backsliding_union_Nyr,271,39,0.02060932493084549,0.8928821015434141,131,25,-0.936050698119178,1.9858871254207375,0.6373898081484386,14.501519336089592,289.4960158019457,0.9600488410764232,16.830583365924674
9,backsliding_union_Nyr,Y_trade_pct_gdp,Trade / GDP,trade,instr-antiplural_w9_trt-ertOrDdcg_gapany_illib0p9026269_opp0p9026269_ctrypct_exclyr,backsliding_union_Nyr,271,39,0.02060932493084549,0.8928821015434141,182,25,0.14654883465299662,19.475758563393647,0.993996231326958,39.43322685209476,263.4895057536697,0.8810347023602927,23.30770873730103
9,backsliding_union_Nyr,Y_top10_share,Top-10% income share,top10,instr-antiplural_w9_trt-ertOrDdcg_gapany_illib0p9026269_opp0p9026269_ctrypct_exclyr,backsliding_union_Nyr,271,39,0.02060932493084549,0.8928821015434141,174,27,-1.635382793608984,1.6864620326023172,0.33218997179831383,-5.5896847645891254,8.516391279751115,0.5116026283175135,23.813707140354985
9,backsliding_union_Nyr,Y_gini_disp,Disposable,gini,instr-antiplural_w9_trt-ertOrDdcg_gapany_illib0p9026269_opp0p9026269_ctrypct_exclyr,backsliding_union_Nyr,271,39,0.02060932493084549,0.8928821015434141,148,22,0.5118479722587418,1.0903801704632028,0.638768332924724,8.459064829071739,20.174220594268075,0.6749963846244087,24.718471460855397
9,backsliding_union_Nyr,Y_gini_mkt,Market,gini,instr-antiplural_w9_trt-ertOrDdcg_gapany_illib0p9026269_opp0p9026269_ctrypct_exclyr,backsliding_union_Nyr,271,39,0.02060932493084549,0.8928821015434141,148,22,0.8824348575506471,1.3363689492175468,0.5090467155805609,12.07930399671677,24.561607463831944,0.6228634582515231,24.81348924925176
9,backsliding_union_Nyr,Y_debt,Debt / GDP,fiscal,instr-antiplural_w9_trt-ertOrDdcg_gapany_illib0p9026269_opp0p9026269_ctrypct_exclyr,backsliding_union_Nyr,271,39,0.02060932493084549,0.8928821015434141,195,25,-24.315423653243982,13.595250960270482,0.07369161353400398,-115.8136271461606,179.59968934490638,0.5190288440152981,14.286379704124824
9,backsliding_union_Nyr,Y_deficit,Deficit / GDP,fiscal,instr-antiplural_w9_trt-ertOrDdcg_gapany_illib0p9026269_opp0p9026269_ctrypct_exclyr,backsliding_union_Nyr,271,39,0.02060932493084549,0.8928821015434141,150,24,8.816724154959973,10.100818131868689,0.3827326967855661,78.46536963694962,124.30207856438368,0.5278787435623444,26.518481351503535
9,backsliding_union_Nyr,Y_checks_balances,Checks & balances,institutions,instr-antiplural_w9_trt-ertOrDdcg_gapany_illib0p9026269_opp0p9026269_ctrypct_exclyr,backsliding_union_Nyr,271,39,0.02060932493084549,0.8928821015434141,213,32,-0.16832462211397664,0.11763730376455069,0.15246520230325003,-17.812522553864873,79.26304193903772,0.8221918852909225,22.34157962042826
9,backsliding_union_Nyr,Y_jucon,Judicial constraints,institutions,instr-antiplural_w9_trt-ertOrDdcg_gapany_illib0p9026269_opp0p9026269_ctrypct_exclyr,backsliding_union_Nyr,271,39,0.02060932493084549,0.8928821015434141,222,32,-0.03302645931941211,0.07929944114424807,0.6770603855270394,-6.353693665827089,85.05987247625214,0.9404560156842936,17.836469675313957
9,backsliding_union_Nyr,Y_legcon,Legislative constraints,institutions,instr-antiplural_w9_trt-ertOrDdcg_gapany_illib0p9026269_opp0p9026269_ctrypct_exclyr,backsliding_union_Nyr,271,39,0.02060932493084549,0.8928821015434141,213,32,-0.2677221021630163,0.189049118405112,0.15673129244530665,-78.64512974911521,1204.0236593765849,0.9479203399540732,18.8998276691343
9,backsliding_union_Nyr,Y_hos_power,HOS,exec_power,instr-antiplural_w9_trt-ertOrDdcg_gapany_illib0p9026269_opp0p9026269_ctrypct_exclyr,backsliding_union_Nyr,271,39,0.02060932493084549,0.8928821015434141,222,32,-0.05349041015740146,0.07364289671271113,0.46762513246015863,-2.057698719283786,68.95967815980048,0.9761953292420514,16.559268330008774
9,backsliding_union_Nyr,Y_hog_power,HOG,exec_power,instr-antiplural_w9_trt-ertOrDdcg_gapany_illib0p9026269_opp0p9026269_ctrypct_exclyr,backsliding_union_Nyr,271,39,0.02060932493084549,0.8928821015434141,84,19,0.12671596186656836,0.07100057914294439,0.07430718345939658,0.7521550983738736,1.831173646580379,0.6812556502185627,21.470407934342823
9,backsliding_union_Nyr,Y_hos_power_vdem,HOS (v2ex_hosw),exec_power_alt,instr-antiplural_w9_trt-ertOrDdcg_gapany_illib0p9026269_opp0p9026269_ctrypct_exclyr,backsliding_union_Nyr,271,39,0.02060932493084549,0.8928821015434141,222,32,-0.01007769961558596,0.03995157556345,0.8008494834599191,0.5325993986577089,13.674098224750072,0.9689306447885988,14.925529329450372
9,backsliding_union_Nyr,Y_hog_power_vdem,HOG (v2ex_hogw),exec_power_alt,instr-antiplural_w9_trt-ertOrDdcg_gapany_illib0p9026269_opp0p9026269_ctrypct_exclyr,backsliding_union_Nyr,271,39,0.02060932493084549,0.8928821015434141,222,32,0.00154837383499929,0.04351660452206361,0.9716162839169384,-0.2208451577678774,33.267631637314494,0.9947033305701196,15.683576749765736
9,backsliding_union_Nyr,Y_polyarchy,Electoral (polyarchy),vdem_high,instr-antiplural_w9_trt-ertOrDdcg_gapany_illib0p9026269_opp0p9026269_ctrypct_exclyr,backsliding_union_Nyr,271,39,0.02060932493084549,0.8928821015434141,222,32,-0.07558063021595975,0.08139864321844052,0.3531355923585581,-19.75062919120925,190.77858737852017,0.9175451611069212,18.762807868491542
9,backsliding_union_Nyr,Y_libdem,Liberal,vdem_high,instr-antiplural_w9_trt-ertOrDdcg_gapany_illib0p9026269_opp0p9026269_ctrypct_exclyr,backsliding_union_Nyr,271,39,0.02060932493084549,0.8928821015434141,222,32,-0.05414105854250405,0.07732946755891905,0.4838430663011673,-11.719069958981322,126.3532707015616,0.926103405654056,19.09593806217797
9,backsliding_union_Nyr,Y_partipdem,Participatory,vdem_high,instr-antiplural_w9_trt-ertOrDdcg_gapany_illib0p9026269_opp0p9026269_ctrypct_exclyr,backsliding_union_Nyr,271,39,0.02060932493084549,0.8928821015434141,221,32,-0.03821882913065208,0.06635366516309109,0.5646241662762905,-3.4531688199904296,28.61492521053772,0.903946725196856,18.80939668722484
9,backsliding_union_Nyr,Y_delibdem,Deliberative,vdem_high,instr-antiplural_w9_trt-ertOrDdcg_gapany_illib0p9026269_opp0p9026269_ctrypct_exclyr,backsliding_union_Nyr,271,39,0.02060932493084549,0.8928821015434141,222,32,-0.05228820306095538,0.09839188871829,0.5951222337896042,4.988759071386944,54.74738109986499,0.927394661909471,18.346122458895582
9,backsliding_union_Nyr,Y_egaldem,Egalitarian,vdem_high,instr-antiplural_w9_trt-ertOrDdcg_gapany_illib0p9026269_opp0p9026269_ctrypct_exclyr,backsliding_union_Nyr,271,39,0.02060932493084549,0.8928821015434141,222,32,-0.01505156683049867,0.06652405525323371,0.821001146703673,13.364346473269665,132.46074702100915,0.9196354938897632,18.721281646535925
9,backsliding_union_Nyr,Y_elecoff,Elected officials,vdem_electoral,instr-antiplural_w9_trt-ertOrDdcg_gapany_illib0p9026269_opp0p9026269_ctrypct_exclyr,backsliding_union_Nyr,271,39,0.02060932493084549,0.8928821015434141,222,32,-0.08600646470646833,0.20694982982757093,0.6777093913999968,-46.16357556695176,453.15243050478,0.9188582204825552,19.07009101984062
9,backsliding_union_Nyr,Y_frefair,Clean elections,vdem_electoral,instr-antiplural_w9_trt-ertOrDdcg_gapany_illib0p9026269_opp0p9026269_ctrypct_exclyr,backsliding_union_Nyr,271,39,0.02060932493084549,0.8928821015434141,222,32,-0.14943691977854384,0.11715903813774348,0.2021306133885428,-61.56126738023838,558.6113345241819,0.912247499381591,18.359478916527056
9,backsliding_union_Nyr,Y_frassoc,Association,vdem_electoral,instr-antiplural_w9_trt-ertOrDdcg_gapany_illib0p9026269_opp0p9026269_ctrypct_exclyr,backsliding_union_Nyr,271,39,0.02060932493084549,0.8928821015434141,222,32,-0.10213354075518928,0.09969436694832635,0.3056149785522935,-17.895426404642873,194.34519589796375,0.9266339849139742,18.004322606293968
9,backsliding_union_Nyr,Y_suffr,Suffrage,vdem_electoral,instr-antiplural_w9_trt-ertOrDdcg_gapany_illib0p9026269_opp0p9026269_ctrypct_exclyr,backsliding_union_Nyr,271,39,0.02060932493084549,0.8928821015434141,222,32,0.00188337998714009,0.00692491223884406,0.7856437980599986,0.5297478861509332,2.8723903404383244,0.8536780660888899,16.8125604362292
9,backsliding_union_Nyr,Y_freexp,Expression & alt. info,vdem_electoral,instr-antiplural_w9_trt-ertOrDdcg_gapany_illib0p9026269_opp0p9026269_ctrypct_exclyr,backsliding_union_Nyr,271,39,0.02060932493084549,0.8928821015434141,222,32,-0.04118251279555,0.0981973811559259,0.674934754278806,0.8598306786676402,30.12306047568832,0.977228327269024,17.520684425454178
9,backsliding_union_Nyr,Y_cl_rol,Rule of law,vdem_liberal,instr-antiplural_w9_trt-ertOrDdcg_gapany_illib0p9026269_opp0p9026269_ctrypct_exclyr,backsliding_union_Nyr,271,39,0.02060932493084549,0.8928821015434141,222,32,-0.07290053483687076,0.07597305955681526,0.337277863154756,-22.304781254159337,226.14067194530125,0.9214301999907446,19.179883761759065
9,backsliding_union_Nyr,Y_cspart,Civil society,vdem_particip,instr-antiplural_w9_trt-ertOrDdcg_gapany_illib0p9026269_opp0p9026269_ctrypct_exclyr,backsliding_union_Nyr,271,39,0.02060932493084549,0.8928821015434141,222,32,-0.02730135828917755,0.09156335802345938,0.7655741524178213,13.15570693282942,198.2189052776956,0.947083582640298,18.154442871973107
9,backsliding_union_Nyr,Y_dd,Direct democracy,vdem_particip,instr-antiplural_w9_trt-ertOrDdcg_gapany_illib0p9026269_opp0p9026269_ctrypct_exclyr,backsliding_union_Nyr,271,39,0.02060932493084549,0.8928821015434141,222,32,0.04176178846559199,0.0622033016294752,0.5019811874376501,85.20265023187758,667.7175403011084,0.8984632885250081,20.08436276727746
9,backsliding_union_Nyr,Y_locelec,Local elections,vdem_particip,instr-antiplural_w9_trt-ertOrDdcg_gapany_illib0p9026269_opp0p9026269_ctrypct_exclyr,backsliding_union_Nyr,271,39,0.02060932493084549,0.8928821015434141,217,32,-0.07776859978661649,0.18864360631386243,0.6801551315857729,-388.5731837207118,2095.6567628275666,0.8529009299967103,20.675951545162008
9,backsliding_union_Nyr,Y_regelec,Regional elections,vdem_particip,instr-antiplural_w9_trt-ertOrDdcg_gapany_illib0p9026269_opp0p9026269_ctrypct_exclyr,backsliding_union_Nyr,271,39,0.02060932493084549,0.8928821015434141,221,32,-0.00222049402352936,0.06725114601903802,0.9736602847176268,2.3518834626201803,32.31710711812658,0.941985017753146,16.646350430364308
9,backsliding_union_Nyr,Y_delib,Deliberation,vdem_egal_delib,instr-antiplural_w9_trt-ertOrDdcg_gapany_illib0p9026269_opp0p9026269_ctrypct_exclyr,backsliding_union_Nyr,271,39,0.02060932493084549,0.8928821015434141,222,32,-0.0904716161136838,0.1250014389121354,0.46921026735974614,-4.041222073410793,40.91333756321601,0.9213167796459114,18.69797856728284
9,backsliding_union_Nyr,Y_eqprotec,Equal protection,vdem_egal_delib,instr-antiplural_w9_trt-ertOrDdcg_gapany_illib0p9026269_opp0p9026269_ctrypct_exclyr,backsliding_union_Nyr,271,39,0.02060932493084549,0.8928821015434141,222,32,0.00837663728340162,0.08007738598586625,0.916687836698976,49.54402329219538,427.726328568087,0.9077863796461348,19.91875745239493
9,backsliding_union_Nyr,Y_eqaccess,Equal access,vdem_egal_delib,instr-antiplural_w9_trt-ertOrDdcg_gapany_illib0p9026269_opp0p9026269_ctrypct_exclyr,backsliding_union_Nyr,271,39,0.02060932493084549,0.8928821015434141,222,32,-0.00244667387782598,0.08686455366644313,0.977529324279156,14.659183450966312,202.36067466261665,0.9422510601661576,18.117927327965475
9,backsliding_union_Nyr,Y_eqdr,Equal distribution,vdem_egal_delib,instr-antiplural_w9_trt-ertOrDdcg_gapany_illib0p9026269_opp0p9026269_ctrypct_exclyr,backsliding_union_Nyr,271,39,0.02060932493084549,0.8928821015434141,222,32,-0.00522556364806124,0.06906212121967771,0.9396858727004076,6.0873756816178535,48.13925276281004,0.8993729767815944,18.555836356255483
9,polyarchy_decline,Y_gdp_growth,PWT,growth,instr-antiplural_w9_trt-polyarchy_gapany_illib0p9026269_opp0p9026269_ctrypct_exclyr,polyarchy_decline,222,79,0.07558063021595975,0.3531355923585581,200,62,-0.4648242969508141,0.22152688762861425,0.03588087286036665,-2.736066349644351,3.8659190366777385,0.4791066022373968,22.49490415668768
9,polyarchy_decline,Y_gdp_growth_wb,World Bank,growth,instr-antiplural_w9_trt-polyarchy_gapany_illib0p9026269_opp0p9026269_ctrypct_exclyr,polyarchy_decline,222,79,0.07558063021595975,0.3531355923585581,206,69,-0.3527818200986303,0.18714999796306128,0.05942689893047065,-3.5996471783946733,5.944874328174818,0.5448439450051803,19.43660989465084
9,polyarchy_decline,Y_gdp_growth_imf,IMF WEO,growth,instr-antiplural_w9_trt-polyarchy_gapany_illib0p9026269_opp0p9026269_ctrypct_exclyr,polyarchy_decline,222,79,0.07558063021595975,0.3531355923585581,125,41,-0.3514555205537943,0.2147084029532684,0.10165201247469197,-41.44456840881366,184.8188316776043,0.8225672193855871,17.111808312902642
9,polyarchy_decline,Y_inflation,"CPI, cumulative log",inflation,instr-antiplural_w9_trt-polyarchy_gapany_illib0p9026269_opp0p9026269_ctrypct_exclyr,polyarchy_decline,222,79,0.07558063021595975,0.3531355923585581,176,60,-0.11666563470926827,1.3298881586197886,0.9300945342976028,-2.391493712079461,25.37015391485084,0.924899398679724,17.17005912819623
9,polyarchy_decline,Y_unemployment,Unemployment rate,unemployment,instr-antiplural_w9_trt-polyarchy_gapany_illib0p9026269_opp0p9026269_ctrypct_exclyr,polyarchy_decline,222,79,0.07558063021595975,0.3531355923585581,131,68,-0.936050698119178,1.9858871254207375,0.6373898081484386,-22.555892562476323,28.29574148414429,0.4253651060470421,16.28717547422002
9,polyarchy_decline,Y_trade_pct_gdp,Trade / GDP,trade,instr-antiplural_w9_trt-polyarchy_gapany_illib0p9026269_opp0p9026269_ctrypct_exclyr,polyarchy_decline,222,79,0.07558063021595975,0.3531355923585581,182,63,0.14654883465299662,19.475758563393647,0.993996231326958,25.5052934369432,306.2133934195377,0.933618926404447,24.094429925146827
9,polyarchy_decline,Y_top10_share,Top-10% income share,top10,instr-antiplural_w9_trt-polyarchy_gapany_illib0p9026269_opp0p9026269_ctrypct_exclyr,polyarchy_decline,222,79,0.07558063021595975,0.3531355923585581,174,64,-1.635382793608984,1.6864620326023172,0.33218997179831383,-139.45644149616908,280.91540427398013,0.6195870273044033,18.168797560067297
9,polyarchy_decline,Y_gini_disp,Disposable,gini,instr-antiplural_w9_trt-polyarchy_gapany_illib0p9026269_opp0p9026269_ctrypct_exclyr,polyarchy_decline,222,79,0.07558063021595975,0.3531355923585581,148,54,0.5118479722587418,1.0903801704632028,0.638768332924724,11.089292695468403,55.68099187949464,0.8421394654583392,26.184696970674672
9,polyarchy_decline,Y_gini_mkt,Market,gini,instr-antiplural_w9_trt-polyarchy_gapany_illib0p9026269_opp0p9026269_ctrypct_exclyr,polyarchy_decline,222,79,0.07558063021595975,0.3531355923585581,148,54,0.8824348575506471,1.3363689492175468,0.5090467155805609,13.645175953603632,63.614102673787315,0.8301577684291034,25.6881569239862
9,polyarchy_decline,Y_debt,Debt / GDP,fiscal,instr-antiplural_w9_trt-polyarchy_gapany_illib0p9026269_opp0p9026269_ctrypct_exclyr,polyarchy_decline,222,79,0.07558063021595975,0.3531355923585581,195,69,-24.315423653243982,13.595250960270482,0.07369161353400398,-49.34296717271794,202.16291848509775,0.8071725317733409,23.209863952272332
9,polyarchy_decline,Y_deficit,Deficit / GDP,fiscal,instr-antiplural_w9_trt-polyarchy_gapany_illib0p9026269_opp0p9026269_ctrypct_exclyr,polyarchy_decline,222,79,0.07558063021595975,0.3531355923585581,150,61,8.816724154959973,10.100818131868689,0.3827326967855661,76.05834102533804,160.60716754973188,0.6358083283322845,23.082723123848876
9,polyarchy_decline,Y_checks_balances,Checks & balances,institutions,instr-antiplural_w9_trt-polyarchy_gapany_illib0p9026269_opp0p9026269_ctrypct_exclyr,polyarchy_decline,222,79,0.07558063021595975,0.3531355923585581,213,79,-0.16832462211397664,0.11763730376455069,0.15246520230325003,-2.4909063017999915,3.320236793490275,0.4531225317724928,17.660305502738172
9,polyarchy_decline,Y_jucon,Judicial constraints,institutions,instr-antiplural_w9_trt-polyarchy_gapany_illib0p9026269_opp0p9026269_ctrypct_exclyr,polyarchy_decline,222,79,0.07558063021595975,0.3531355923585581,222,79,-0.03302645931941211,0.07929944114424807,0.6770603855270394,-0.6136243490369624,1.0284614354289734,0.5507457346343916,23.64272611184845
9,polyarchy_decline,Y_legcon,Legislative constraints,institutions,instr-antiplural_w9_trt-polyarchy_gapany_illib0p9026269_opp0p9026269_ctrypct_exclyr,polyarchy_decline,222,79,0.07558063021595975,0.3531355923585581,213,79,-0.2677221021630163,0.189049118405112,0.15673129244530665,-3.8363794541873744,5.435882562980504,0.4803430104938698,18.28265923992352
9,polyarchy_decline,Y_hos_power,HOS,exec_power,instr-antiplural_w9_trt-polyarchy_gapany_illib0p9026269_opp0p9026269_ctrypct_exclyr,polyarchy_decline,222,79,0.07558063021595975,0.3531355923585581,222,79,-0.05349041015740146,0.07364289671271113,0.46762513246015863,-0.702222431103546,2.1867202286866076,0.7481115425153304,21.17998884352925
9,polyarchy_decline,Y_hog_power,HOG,exec_power,instr-antiplural_w9_trt-polyarchy_gapany_illib0p9026269_opp0p9026269_ctrypct_exclyr,polyarchy_decline,222,79,0.07558063021595975,0.3531355923585581,84,26,0.12671596186656836,0.07100057914294439,0.07430718345939658,0.6582201588384937,0.42761799200133616,0.12373804525400602,26.590702872464007
9,polyarchy_decline,Y_hos_power_vdem,HOS (v2ex_hosw),exec_power_alt,instr-antiplural_w9_trt-polyarchy_gapany_illib0p9026269_opp0p9026269_ctrypct_exclyr,polyarchy_decline,222,79,0.07558063021595975,0.3531355923585581,222,79,-0.01007769961558596,0.03995157556345,0.8008494834599191,0.3654128067968361,0.987133367531361,0.711251564964958,28.650786337568
9,polyarchy_decline,Y_hog_power_vdem,HOG (v2ex_hogw),exec_power_alt,instr-antiplural_w9_trt-polyarchy_gapany_illib0p9026269_opp0p9026269_ctrypct_exclyr,polyarchy_decline,222,79,0.07558063021595975,0.3531355923585581,222,79,0.00154837383499929,0.04351660452206361,0.9716162839169384,-0.6516029445925948,1.5269800470676764,0.6695785019573639,28.42132280057766
9,polyarchy_decline,Y_polyarchy,Electoral (polyarchy),vdem_high,instr-antiplural_w9_trt-polyarchy_gapany_illib0p9026269_opp0p9026269_ctrypct_exclyr,polyarchy_decline,222,79,0.07558063021595975,0.3531355923585581,222,79,-0.07558063021595975,0.08139864321844052,0.3531355923585581,-1,5.716520411352192e-17,0,26.20342156033625
9,polyarchy_decline,Y_libdem,Liberal,vdem_high,instr-antiplural_w9_trt-polyarchy_gapany_illib0p9026269_opp0p9026269_ctrypct_exclyr,polyarchy_decline,222,79,0.07558063021595975,0.3531355923585581,222,79,-0.05414105854250405,0.07732946755891905,0.4838430663011673,-0.7053726470424432,0.4345258847349329,0.10452195654015596,28.370321857022873
9,polyarchy_decline,Y_partipdem,Participatory,vdem_high,instr-antiplural_w9_trt-polyarchy_gapany_illib0p9026269_opp0p9026269_ctrypct_exclyr,polyarchy_decline,222,79,0.07558063021595975,0.3531355923585581,221,79,-0.03821882913065208,0.06635366516309109,0.5646241662762905,-0.4711557182665685,0.6743990340060417,0.4847829926690175,24.03274319747508
9,polyarchy_decline,Y_delibdem,Deliberative,vdem_high,instr-antiplural_w9_trt-polyarchy_gapany_illib0p9026269_opp0p9026269_ctrypct_exclyr,polyarchy_decline,222,79,0.07558063021595975,0.3531355923585581,222,79,-0.05228820306095538,0.09839188871829,0.5951222337896042,-0.7196571690348155,0.7873333023805079,0.3606938008621188,30.55232135708628
9,polyarchy_decline,Y_egaldem,Egalitarian,vdem_high,instr-antiplural_w9_trt-polyarchy_gapany_illib0p9026269_opp0p9026269_ctrypct_exclyr,polyarchy_decline,222,79,0.07558063021595975,0.3531355923585581,222,79,-0.01505156683049867,0.06652405525323371,0.821001146703673,-0.19213189400238073,0.6814653548191767,0.7779900218305815,26.815020748197124
9,polyarchy_decline,Y_elecoff,Elected officials,vdem_electoral,instr-antiplural_w9_trt-polyarchy_gapany_illib0p9026269_opp0p9026269_ctrypct_exclyr,polyarchy_decline,222,79,0.07558063021595975,0.3531355923585581,222,79,-0.08600646470646833,0.20694982982757093,0.6777093913999968,-1.0227855227049514,2.3098714461618464,0.6579184059122745,24.10986545786254
9,polyarchy_decline,Y_frefair,Clean elections,vdem_electoral,instr-antiplural_w9_trt-polyarchy_gapany_illib0p9026269_opp0p9026269_ctrypct_exclyr,polyarchy_decline,222,79,0.07558063021595975,0.3531355923585581,222,79,-0.14943691977854384,0.11715903813774348,0.2021306133885428,-2.080377113372023,1.1702533876446926,0.07545065905193851,24.124935744048933
9,polyarchy_decline,Y_frassoc,Association,vdem_electoral,instr-antiplural_w9_trt-polyarchy_gapany_illib0p9026269_opp0p9026269_ctrypct_exclyr,polyarchy_decline,222,79,0.07558063021595975,0.3531355923585581,222,79,-0.10213354075518928,0.09969436694832635,0.3056149785522935,-1.3230637480222447,0.8719535775588341,0.12917689734225296,25.89677990229763
9,polyarchy_decline,Y_suffr,Suffrage,vdem_electoral,instr-antiplural_w9_trt-polyarchy_gapany_illib0p9026269_opp0p9026269_ctrypct_exclyr,polyarchy_decline,222,79,0.07558063021595975,0.3531355923585581,222,79,0.00188337998714009,0.00692491223884406,0.7856437980599986,0.09634138583731476,0.25587894301080544,0.7065366061138059,29.22064028354685
9,polyarchy_decline,Y_freexp,Expression & alt. info,vdem_electoral,instr-antiplural_w9_trt-polyarchy_gapany_illib0p9026269_opp0p9026269_ctrypct_exclyr,polyarchy_decline,222,79,0.07558063021595975,0.3531355923585581,222,79,-0.04118251279555,0.0981973811559259,0.674934754278806,-0.5028949251293241,0.9758491049850848,0.6063148452535085,23.304653282142688
9,polyarchy_decline,Y_cl_rol,Rule of law,vdem_liberal,instr-antiplural_w9_trt-polyarchy_gapany_illib0p9026269_opp0p9026269_ctrypct_exclyr,polyarchy_decline,222,79,0.07558063021595975,0.3531355923585581,222,79,-0.07290053483687076,0.07597305955681526,0.337277863154756,-1.0677872602570155,1.18778948015312,0.3686685725075574,21.50273233199418
9,polyarchy_decline,Y_cspart,Civil society,vdem_particip,instr-antiplural_w9_trt-polyarchy_gapany_illib0p9026269_opp0p9026269_ctrypct_exclyr,polyarchy_decline,222,79,0.07558063021595975,0.3531355923585581,222,79,-0.02730135828917755,0.09156335802345938,0.7655741524178213,-0.35456778633442154,0.997561861419373,0.7222641931255673,29.868944425506097
9,polyarchy_decline,Y_dd,Direct democracy,vdem_particip,instr-antiplural_w9_trt-polyarchy_gapany_illib0p9026269_opp0p9026269_ctrypct_exclyr,polyarchy_decline,222,79,0.07558063021595975,0.3531355923585581,222,79,0.04176178846559199,0.0622033016294752,0.5019811874376501,0.5352732361303211,1.2962079080193163,0.6796408840230925,23.46076436665272
9,polyarchy_decline,Y_locelec,Local elections,vdem_particip,instr-antiplural_w9_trt-polyarchy_gapany_illib0p9026269_opp0p9026269_ctrypct_exclyr,polyarchy_decline,222,79,0.07558063021595975,0.3531355923585581,217,76,-0.07776859978661649,0.18864360631386243,0.6801551315857729,-2.6432633396149057,6.785899649751265,0.6968893707412973,20.237704241152297
9,polyarchy_decline,Y_regelec,Regional elections,vdem_particip,instr-antiplural_w9_trt-polyarchy_gapany_illib0p9026269_opp0p9026269_ctrypct_exclyr,polyarchy_decline,222,79,0.07558063021595975,0.3531355923585581,221,79,-0.00222049402352936,0.06725114601903802,0.9736602847176268,-0.1493454638347493,0.9719815089696584,0.8778853010420734,25.48492721047468
9,polyarchy_decline,Y_delib,Deliberation,vdem_egal_delib,instr-antiplural_w9_trt-polyarchy_gapany_illib0p9026269_opp0p9026269_ctrypct_exclyr,polyarchy_decline,222,79,0.07558063021595975,0.3531355923585581,222,79,-0.0904716161136838,0.1250014389121354,0.46921026735974614,-1.2569740291325306,1.0646516275443891,0.23774437325771092,26.926581192825463
9,polyarchy_decline,Y_eqprotec,Equal protection,vdem_egal_delib,instr-antiplural_w9_trt-polyarchy_gapany_illib0p9026269_opp0p9026269_ctrypct_exclyr,polyarchy_decline,222,79,0.07558063021595975,0.3531355923585581,222,79,0.00837663728340162,0.08007738598586625,0.916687836698976,0.0734596391595542,1.1710859342476971,0.9499832632538204,28.690973323144203
9,polyarchy_decline,Y_eqaccess,Equal access,vdem_egal_delib,instr-antiplural_w9_trt-polyarchy_gapany_illib0p9026269_opp0p9026269_ctrypct_exclyr,polyarchy_decline,222,79,0.07558063021595975,0.3531355923585581,222,79,-0.00244667387782598,0.08686455366644313,0.977529324279156,-0.07083240745323269,1.0479578210442002,0.9461113032531644,24.002427021427657
9,polyarchy_decline,Y_eqdr,Equal distribution,vdem_egal_delib,instr-antiplural_w9_trt-polyarchy_gapany_illib0p9026269_opp0p9026269_ctrypct_exclyr,polyarchy_decline,222,79,0.07558063021595975,0.3531355923585581,222,79,-0.00522556364806124,0.06906212121967771,0.9396858727004076,-0.12670260543932543,1.2645177852673029,0.9201868497742578,22.04207043471655
10,backsliding_Nyr,Y_gdp_growth,PWT,growth,instr-antiplural_w10_trt-ert_gapany_illib0p9026269_opp0p9026269_ctrypct_exclyr,backsliding_Nyr,271,37,0.03298770855493202,0.8111782503954251,194,24,-0.4623403934714896,0.22079329225355604,0.03626028708464941,-2.000676598875562,2.522839513382721,0.4277628431189335,17.505431136597803
10,backsliding_Nyr,Y_gdp_growth_wb,World Bank,growth,instr-antiplural_w10_trt-ert_gapany_illib0p9026269_opp0p9026269_ctrypct_exclyr,backsliding_Nyr,271,37,0.03298770855493202,0.8111782503954251,199,26,-0.3752036027419064,0.18528789820602037,0.04286979777593638,-1.6798567700206066,2.2318850256274154,0.4516525863553017,21.213297068340182
10,backsliding_Nyr,Y_gdp_growth_imf,IMF WEO,growth,instr-antiplural_w10_trt-ert_gapany_illib0p9026269_opp0p9026269_ctrypct_exclyr,backsliding_Nyr,271,37,0.03298770855493202,0.8111782503954251,121,16,-0.34936374822836547,0.20801764098140876,0.09305639858119208,-1.913810154310728,7.88704449549454,0.8082746966561313,14.50000573534802
10,backsliding_Nyr,Y_inflation,"CPI, cumulative log",inflation,instr-antiplural_w10_trt-ert_gapany_illib0p9026269_opp0p9026269_ctrypct_exclyr,backsliding_Nyr,271,37,0.03298770855493202,0.8111782503954251,170,24,-0.3727805619396886,1.4008748055345366,0.7901579200484521,-5.907404390753125,11.104870474536222,0.594750113920409,23.601825534359516
10,backsliding_Nyr,Y_unemployment,Unemployment rate,unemployment,instr-antiplural_w10_trt-ert_gapany_illib0p9026269_opp0p9026269_ctrypct_exclyr,backsliding_Nyr,271,37,0.03298770855493202,0.8111782503954251,119,22,-1.0370878716183345,2.6916290128283302,0.7000142772424497,2.9121677208094123,9.532901871769612,0.759996058274435,25.83548038359384
10,backsliding_Nyr,Y_trade_pct_gdp,Trade / GDP,trade,instr-antiplural_w10_trt-ert_gapany_illib0p9026269_opp0p9026269_ctrypct_exclyr,backsliding_Nyr,271,37,0.03298770855493202,0.8111782503954251,176,22,2.6382811746764787,18.99833595855489,0.8895536156413932,402.0861242391528,2564.609327537676,0.8754161846304765,19.89638163936724
10,backsliding_Nyr,Y_top10_share,Top-10% income share,top10,instr-antiplural_w10_trt-ert_gapany_illib0p9026269_opp0p9026269_ctrypct_exclyr,backsliding_Nyr,271,37,0.03298770855493202,0.8111782503954251,167,25,-2.3928512853222017,2.734516885825499,0.3815442565847464,-19.46875603616664,32.48497840216667,0.5489624117839624,20.26751018484107
10,backsliding_Nyr,Y_gini_disp,Disposable,gini,instr-antiplural_w10_trt-ert_gapany_illib0p9026269_opp0p9026269_ctrypct_exclyr,backsliding_Nyr,271,37,0.03298770855493202,0.8111782503954251,144,21,0.8769903417490662,1.1699941220709706,0.4535148330104003,10.725239679784528,45.66202353227181,0.8142994322315045,22.31438020317553
10,backsliding_Nyr,Y_gini_mkt,Market,gini,instr-antiplural_w10_trt-ert_gapany_illib0p9026269_opp0p9026269_ctrypct_exclyr,backsliding_Nyr,271,37,0.03298770855493202,0.8111782503954251,144,21,0.9670992326830218,1.4515839740093797,0.5052595031909772,19.22392468130017,87.98361347640537,0.8270439401595897,20.07944606946095
10,backsliding_Nyr,Y_debt,Debt / GDP,fiscal,instr-antiplural_w10_trt-ert_gapany_illib0p9026269_opp0p9026269_ctrypct_exclyr,backsliding_Nyr,271,37,0.03298770855493202,0.8111782503954251,188,24,-33.6057018140998,20.760048277288146,0.1054971898464681,-117.04610422712832,172.2204380311019,0.49673903417472987,20.700105452119715
10,backsliding_Nyr,Y_deficit,Deficit / GDP,fiscal,instr-antiplural_w10_trt-ert_gapany_illib0p9026269_opp0p9026269_ctrypct_exclyr,backsliding_Nyr,271,37,0.03298770855493202,0.8111782503954251,144,23,6.637114818367699,9.119726235292376,0.4667509239104569,160.17495659015492,386.625626640194,0.678662066584472,23.135380932336595
10,backsliding_Nyr,Y_checks_balances,Checks & balances,institutions,instr-antiplural_w10_trt-ert_gapany_illib0p9026269_opp0p9026269_ctrypct_exclyr,backsliding_Nyr,271,37,0.03298770855493202,0.8111782503954251,200,27,-0.03453720169762669,0.13356228307142928,0.7959554653097225,-0.20591299624105297,0.6924327603792089,0.7661793414523066,16.62996076692258
10,backsliding_Nyr,Y_jucon,Judicial constraints,institutions,instr-antiplural_w10_trt-ert_gapany_illib0p9026269_opp0p9026269_ctrypct_exclyr,backsliding_Nyr,271,37,0.03298770855493202,0.8111782503954251,210,27,0.11124204652811816,0.10829597876664464,0.30432448474496193,0.769705735313656,1.2675045249082928,0.5436778886398124,18.242635466642326
10,backsliding_Nyr,Y_legcon,Legislative constraints,institutions,instr-antiplural_w10_trt-ert_gapany_illib0p9026269_opp0p9026269_ctrypct_exclyr,backsliding_Nyr,271,37,0.03298770855493202,0.8111782503954251,200,27,-0.18745588033231048,0.21522830371782672,0.3837743781305254,-0.9756113104899624,1.459658957303817,0.5038891102854948,16.43910736091969
10,backsliding_Nyr,Y_hos_power,HOS,exec_power,instr-antiplural_w10_trt-ert_gapany_illib0p9026269_opp0p9026269_ctrypct_exclyr,backsliding_Nyr,271,37,0.03298770855493202,0.8111782503954251,210,27,-0.08662357458635608,0.0864429163595522,0.3163001689095652,-0.66193074293172,1.1508671983487662,0.5651842880730498,17.39044804889519
10,backsliding_Nyr,Y_hog_power,HOG,exec_power,instr-antiplural_w10_trt-ert_gapany_illib0p9026269_opp0p9026269_ctrypct_exclyr,backsliding_Nyr,271,37,0.03298770855493202,0.8111782503954251,79,18,0.14230043586408736,0.06976308839898603,0.04137355190172252,0.8907844409367169,2.24064067493552,0.6909560858040211,22.131852556790022
10,backsliding_Nyr,Y_hos_power_vdem,HOS (v2ex_hosw),exec_power_alt,instr-antiplural_w10_trt-ert_gapany_illib0p9026269_opp0p9026269_ctrypct_exclyr,backsliding_Nyr,271,37,0.03298770855493202,0.8111782503954251,210,27,-0.03461817537589127,0.04949499979583696,0.48428476285379024,-0.37081457497303766,0.49927257377642625,0.45765746612500346,13.047219072414098
10,backsliding_Nyr,Y_hog_power_vdem,HOG (v2ex_hogw),exec_power_alt,instr-antiplural_w10_trt-ert_gapany_illib0p9026269_opp0p9026269_ctrypct_exclyr,backsliding_Nyr,271,37,0.03298770855493202,0.8111782503954251,210,27,0.04947909294881967,0.05357037387494013,0.3556800725991607,0.47026653955169007,0.6487998561897601,0.46855922283329743,14.927728304529753
10,backsliding_Nyr,Y_polyarchy,Electoral (polyarchy),vdem_high,instr-antiplural_w10_trt-ert_gapany_illib0p9026269_opp0p9026269_ctrypct_exclyr,backsliding_Nyr,271,37,0.03298770855493202,0.8111782503954251,210,27,-0.05192928437384894,0.10025296028470072,0.6044704418964109,-0.06738191403504196,0.6675489398829004,0.9195986558343768,20.308057711492445
10,backsliding_Nyr,Y_libdem,Liberal,vdem_high,instr-antiplural_w10_trt-ert_gapany_illib0p9026269_opp0p9026269_ctrypct_exclyr,backsliding_Nyr,271,37,0.03298770855493202,0.8111782503954251,210,27,-0.01956414780334765,0.08936604513464234,0.8267112054828053,0.07083979336858709,0.6851370130200636,0.9176494201745636,19.605949667588245
10,backsliding_Nyr,Y_partipdem,Participatory,vdem_high,instr-antiplural_w10_trt-ert_gapany_illib0p9026269_opp0p9026269_ctrypct_exclyr,backsliding_Nyr,271,37,0.03298770855493202,0.8111782503954251,209,27,-0.0233284569367128,0.0768000743999951,0.7613140531386655,0.00513703315061964,0.493415362897328,0.9916932351467076,20.889126536626
10,backsliding_Nyr,Y_delibdem,Deliberative,vdem_high,instr-antiplural_w10_trt-ert_gapany_illib0p9026269_opp0p9026269_ctrypct_exclyr,backsliding_Nyr,271,37,0.03298770855493202,0.8111782503954251,210,27,-0.02315771993580886,0.10600879335355926,0.8270777839478698,0.12865582294009925,0.7720287518002948,0.8676482712652576,20.536681673404654
10,backsliding_Nyr,Y_egaldem,Egalitarian,vdem_high,instr-antiplural_w10_trt-ert_gapany_illib0p9026269_opp0p9026269_ctrypct_exclyr,backsliding_Nyr,271,37,0.03298770855493202,0.8111782503954251,210,27,-0.00771751211800657,0.07205353640264028,0.91470327922746,0.1909030724331248,0.6567343081819947,0.7712919418462434,20.174985679629113
10,backsliding_Nyr,Y_elecoff,Elected officials,vdem_electoral,instr-antiplural_w10_trt-ert_gapany_illib0p9026269_opp0p9026269_ctrypct_exclyr,backsliding_Nyr,271,37,0.03298770855493202,0.8111782503954251,210,27,-0.1032247907171891,0.2295320537248049,0.6529134935296329,-0.1886247231453097,1.7772003073361502,0.9154745417371926,17.231777334357975
10,backsliding_Nyr,Y_frefair,Clean elections,vdem_electoral,instr-antiplural_w10_trt-ert_gapany_illib0p9026269_opp0p9026269_ctrypct_exclyr,backsliding_Nyr,271,37,0.03298770855493202,0.8111782503954251,210,27,-0.10955305262757324,0.13596798837591526,0.4204003911997006,-0.5894859382331271,1.0025089872292885,0.5565251597746974,21.601250851879055
10,backsliding_Nyr,Y_frassoc,Association,vdem_electoral,instr-antiplural_w10_trt-ert_gapany_illib0p9026269_opp0p9026269_ctrypct_exclyr,backsliding_Nyr,271,37,0.03298770855493202,0.8111782503954251,210,27,-0.03961426754889946,0.11127943228628578,0.7218487106258826,0.35758581246517757,1.0213859817002977,0.7262646940258947,19.494474928392435
10,backsliding_Nyr,Y_suffr,Suffrage,vdem_electoral,instr-antiplural_w10_trt-ert_gapany_illib0p9026269_opp0p9026269_ctrypct_exclyr,backsliding_Nyr,271,37,0.03298770855493202,0.8111782503954251,210,27,0.00522205676357232,0.00950751185409763,0.582829862657462,-0.03574822466332581,0.04773795903621889,0.4539519879825573,16.50687393314791
10,backsliding_Nyr,Y_freexp,Expression & alt. info,vdem_electoral,instr-antiplural_w10_trt-ert_gapany_illib0p9026269_opp0p9026269_ctrypct_exclyr,backsliding_Nyr,271,37,0.03298770855493202,0.8111782503954251,210,27,-0.03316559716101455,0.108577677812542,0.7600196198711855,0.307947759746571,0.9337369843444004,0.741550033447176,20.191297234384784
10,backsliding_Nyr,Y_cl_rol,Rule of law,vdem_liberal,instr-antiplural_w10_trt-ert_gapany_illib0p9026269_opp0p9026269_ctrypct_exclyr,backsliding_Nyr,271,37,0.03298770855493202,0.8111782503954251,210,27,-0.02191377232025949,0.07722951130949986,0.7766029817484635,0.4859255151691782,0.7770483017996723,0.5317427557508632,16.28261211254819
10,backsliding_Nyr,Y_cspart,Civil society,vdem_particip,instr-antiplural_w10_trt-ert_gapany_illib0p9026269_opp0p9026269_ctrypct_exclyr,backsliding_Nyr,271,37,0.03298770855493202,0.8111782503954251,210,27,0.02578816931252837,0.1161407326805246,0.8242808612884482,0.859095919232147,1.6863314397545324,0.6104391776640254,19.990220667518628
10,backsliding_Nyr,Y_dd,Direct democracy,vdem_particip,instr-antiplural_w10_trt-ert_gapany_illib0p9026269_opp0p9026269_ctrypct_exclyr,backsliding_Nyr,271,37,0.03298770855493202,0.8111782503954251,210,27,0.0492388443637291,0.08278361893097372,0.5519840493874868,0.33835262289680523,1.039345158930065,0.7447693564039716,20.35388981932097
10,backsliding_Nyr,Y_locelec,Local elections,vdem_particip,instr-antiplural_w10_trt-ert_gapany_illib0p9026269_opp0p9026269_ctrypct_exclyr,backsliding_Nyr,271,37,0.03298770855493202,0.8111782503954251,205,27,-0.05659489900777037,0.2107406330832224,0.7882741600413976,-0.7154665844449002,1.5933244474479624,0.6534027227447151,21.458435155555687
10,backsliding_Nyr,Y_regelec,Regional elections,vdem_particip,instr-antiplural_w10_trt-ert_gapany_illib0p9026269_opp0p9026269_ctrypct_exclyr,backsliding_Nyr,271,37,0.03298770855493202,0.8111782503954251,209,27,-0.01429087068739783,0.07612397137111272,0.8510871012823115,0.12333718651653217,0.5034715226586624,0.8064769418142148,17.599779299890542
10,backsliding_Nyr,Y_delib,Deliberation,vdem_egal_delib,instr-antiplural_w10_trt-ert_gapany_illib0p9026269_opp0p9026269_ctrypct_exclyr,backsliding_Nyr,271,37,0.03298770855493202,0.8111782503954251,210,27,-3.4682733871421734e-4,0.12971998929742518,0.9978667293250132,0.47055586833570295,1.0987532312412098,0.6684593135369956,20.616806784175996
10,backsliding_Nyr,Y_eqprotec,Equal protection,vdem_egal_delib,instr-antiplural_w10_trt-ert_gapany_illib0p9026269_opp0p9026269_ctrypct_exclyr,backsliding_Nyr,271,37,0.03298770855493202,0.8111782503954251,210,27,0.08310334473860544,0.05273499389440814,0.1150564220903,0.8582336524950146,1.3350327131231057,0.5203176089014472,19.69521747436842
10,backsliding_Nyr,Y_eqaccess,Equal access,vdem_egal_delib,instr-antiplural_w10_trt-ert_gapany_illib0p9026269_opp0p9026269_ctrypct_exclyr,backsliding_Nyr,271,37,0.03298770855493202,0.8111782503954251,210,27,-0.03629091641768145,0.08982903511771388,0.6862128318989991,0.31881732115577255,0.7451838226866511,0.6687696894514267,15.412508758107949
10,backsliding_Nyr,Y_eqdr,Equal distribution,vdem_egal_delib,instr-antiplural_w10_trt-ert_gapany_illib0p9026269_opp0p9026269_ctrypct_exclyr,backsliding_Nyr,271,37,0.03298770855493202,0.8111782503954251,210,27,-0.0198453979345619,0.08139525663269576,0.8073739746614182,-0.0747433230792451,0.5321091012429184,0.8882916864050223,18.747959067527404
10,backsliding_union_Nyr,Y_gdp_growth,PWT,growth,instr-antiplural_w10_trt-ertOrDdcg_gapany_illib0p9026269_opp0p9026269_ctrypct_exclyr,backsliding_union_Nyr,271,41,0.01430936821478928,0.9213819842714556,194,28,-0.4623403934714896,0.22079329225355604,0.03626028708464941,-1.8969113714142305,2.5296396630739437,0.4533305095607402,17.30500819707133
10,backsliding_union_Nyr,Y_gdp_growth_wb,World Bank,growth,instr-antiplural_w10_trt-ertOrDdcg_gapany_illib0p9026269_opp0p9026269_ctrypct_exclyr,backsliding_union_Nyr,271,41,0.01430936821478928,0.9213819842714556,199,29,-0.3752036027419064,0.18528789820602037,0.04286979777593638,-1.9708770224927423,2.817884335217621,0.4842912862490012,18.266703947849255
10,backsliding_union_Nyr,Y_gdp_growth_imf,IMF WEO,growth,instr-antiplural_w10_trt-ertOrDdcg_gapany_illib0p9026269_opp0p9026269_ctrypct_exclyr,backsliding_union_Nyr,271,41,0.01430936821478928,0.9213819842714556,121,18,-0.34936374822836547,0.20801764098140876,0.09305639858119208,-1.9137590841492895,7.886789267464968,0.8082736297037627,14.49988053761611
10,backsliding_union_Nyr,Y_inflation,"CPI, cumulative log",inflation,instr-antiplural_w10_trt-ertOrDdcg_gapany_illib0p9026269_opp0p9026269_ctrypct_exclyr,backsliding_union_Nyr,271,41,0.01430936821478928,0.9213819842714556,170,25,-0.3727805619396886,1.4008748055345366,0.7901579200484521,-5.914276357975377,11.112397250872512,0.5945713707643774,23.587994894358193
10,backsliding_union_Nyr,Y_unemployment,Unemployment rate,unemployment,instr-antiplural_w10_trt-ertOrDdcg_gapany_illib0p9026269_opp0p9026269_ctrypct_exclyr,backsliding_union_Nyr,271,41,0.01430936821478928,0.9213819842714556,119,24,-1.0370878716183345,2.6916290128283302,0.7000142772424497,1.638917268976213,9.550983184671276,0.8637545960032458,25.15879884406469
10,backsliding_union_Nyr,Y_trade_pct_gdp,Trade / GDP,trade,instr-antiplural_w10_trt-ertOrDdcg_gapany_illib0p9026269_opp0p9026269_ctrypct_exclyr,backsliding_union_Nyr,271,41,0.01430936821478928,0.9213819842714556,176,26,2.6382811746764787,18.99833595855489,0.8895536156413932,255.9498331882856,2230.5139112111983,0.9086438635127336,19.51869902619415
10,backsliding_union_Nyr,Y_top10_share,Top-10% income share,top10,instr-antiplural_w10_trt-ertOrDdcg_gapany_illib0p9026269_opp0p9026269_ctrypct_exclyr,backsliding_union_Nyr,271,41,0.01430936821478928,0.9213819842714556,167,28,-2.3928512853222017,2.734516885825499,0.3815442565847464,-18.08039767953371,31.300433281342023,0.5635068631467366,20.410811486826702
10,backsliding_union_Nyr,Y_gini_disp,Disposable,gini,instr-antiplural_w10_trt-ertOrDdcg_gapany_illib0p9026269_opp0p9026269_ctrypct_exclyr,backsliding_union_Nyr,271,41,0.01430936821478928,0.9213819842714556,144,23,0.8769903417490662,1.1699941220709706,0.4535148330104003,9.475516564322373,45.67013928187179,0.8356371296213592,22.10519986242623
10,backsliding_union_Nyr,Y_gini_mkt,Market,gini,instr-antiplural_w10_trt-ertOrDdcg_gapany_illib0p9026269_opp0p9026269_ctrypct_exclyr,backsliding_union_Nyr,271,41,0.01430936821478928,0.9213819842714556,144,23,0.9670992326830218,1.4515839740093797,0.5052595031909772,17.306536855917994,89.39152792443795,0.8464861456317019,20.01835697764175
10,backsliding_union_Nyr,Y_debt,Debt / GDP,fiscal,instr-antiplural_w10_trt-ertOrDdcg_gapany_illib0p9026269_opp0p9026269_ctrypct_exclyr,backsliding_union_Nyr,271,41,0.01430936821478928,0.9213819842714556,188,26,-33.6057018140998,20.760048277288146,0.1054971898464681,-129.7150262006337,204.0725988197765,0.5250164603841876,19.130469810346888
10,backsliding_union_Nyr,Y_deficit,Deficit / GDP,fiscal,instr-antiplural_w10_trt-ertOrDdcg_gapany_illib0p9026269_opp0p9026269_ctrypct_exclyr,backsliding_union_Nyr,271,41,0.01430936821478928,0.9213819842714556,144,25,6.637114818367699,9.119726235292376,0.4667509239104569,148.4864598450559,510.0694470823842,0.7709669775238627,22.105552901599793
10,backsliding_union_Nyr,Y_checks_balances,Checks & balances,institutions,instr-antiplural_w10_trt-ertOrDdcg_gapany_illib0p9026269_opp0p9026269_ctrypct_exclyr,backsliding_union_Nyr,271,41,0.01430936821478928,0.9213819842714556,200,31,-0.03453720169762669,0.13356228307142928,0.7959554653097225,-0.17184446833042177,0.6991101336244542,0.8058335164096843,15.921343988025209
10,backsliding_union_Nyr,Y_jucon,Judicial constraints,institutions,instr-antiplural_w10_trt-ertOrDdcg_gapany_illib0p9026269_opp0p9026269_ctrypct_exclyr,backsliding_union_Nyr,271,41,0.01430936821478928,0.9213819842714556,210,31,0.11124204652811816,0.10829597876664464,0.30432448474496193,0.7269803460389304,1.2495878548907946,0.56071750603442,16.7892169577129
10,backsliding_union_Nyr,Y_legcon,Legislative constraints,institutions,instr-antiplural_w10_trt-ertOrDdcg_gapany_illib0p9026269_opp0p9026269_ctrypct_exclyr,backsliding_union_Nyr,271,41,0.01430936821478928,0.9213819842714556,200,31,-0.18745588033231048,0.21522830371782672,0.3837743781305254,-0.8729964262465983,1.449225854362865,0.5469158213762206,15.785158963917716
10,backsliding_union_Nyr,Y_hos_power,HOS,exec_power,instr-antiplural_w10_trt-ertOrDdcg_gapany_illib0p9026269_opp0p9026269_ctrypct_exclyr,backsliding_union_Nyr,271,41,0.01430936821478928,0.9213819842714556,210,31,-0.08662357458635608,0.0864429163595522,0.3163001689095652,-0.6351929983463256,1.1352402741719838,0.5758048662195832,15.760887880255932
10,backsliding_union_Nyr,Y_hog_power,HOG,exec_power,instr-antiplural_w10_trt-ertOrDdcg_gapany_illib0p9026269_opp0p9026269_ctrypct_exclyr,backsliding_union_Nyr,271,41,0.01430936821478928,0.9213819842714556,79,19,0.14230043586408736,0.06976308839898603,0.04137355190172252,0.8905749655793677,2.2402113086952387,0.6909688475688405,22.130627071554972
10,backsliding_union_Nyr,Y_hos_power_vdem,HOS (v2ex_hosw),exec_power_alt,instr-antiplural_w10_trt-ertOrDdcg_gapany_illib0p9026269_opp0p9026269_ctrypct_exclyr,backsliding_union_Nyr,271,41,0.01430936821478928,0.9213819842714556,210,31,-0.03461817537589127,0.04949499979583696,0.48428476285379024,-0.41585556414669833,0.4851663275087043,0.3913674053079755,12.234130850161296
10,backsliding_union_Nyr,Y_hog_power_vdem,HOG (v2ex_hogw),exec_power_alt,instr-antiplural_w10_trt-ertOrDdcg_gapany_illib0p9026269_opp0p9026269_ctrypct_exclyr,backsliding_union_Nyr,271,41,0.01430936821478928,0.9213819842714556,210,31,0.04947909294881967,0.05357037387494013,0.3556800725991607,0.6070217484484609,0.7138833242988425,0.39515305499535286,13.294774494537084
10,backsliding_union_Nyr,Y_polyarchy,Electoral (polyarchy),vdem_high,instr-antiplural_w10_trt-ertOrDdcg_gapany_illib0p9026269_opp0p9026269_ctrypct_exclyr,backsliding_union_Nyr,271,41,0.01430936821478928,0.9213819842714556,210,31,-0.05192928437384894,0.10025296028470072,0.6044704418964109,0.16688141948968802,0.7707526379974111,0.82858440061290894,17.701556108546466
10,backsliding_union_Nyr,Y_libdem,Liberal,vdem_high,instr-antiplural_w10_trt-ertOrDdcg_gapany_illib0p9026269_opp0p9026269_ctrypct_exclyr,backsliding_union_Nyr,271,41,0.01430936821478928,0.9213819842714556,210,31,-0.01956414780334765,0.08936604513464234,0.8267112054828053,0.2004850197383926,0.7267958392161009,0.7826649826925877,17.312848681135282
10,backsliding_union_Nyr,Y_partipdem,Participatory,vdem_high,instr-antiplural_w10_trt-ertOrDdcg_gapany_illib0p9026269_opp0p9026269_ctrypct_exclyr,backsliding_union_Nyr,271,41,0.01430936821478928,0.9213819842714556,209,31,-0.0233284569367128,0.0768000743999951,0.7613140531386655,0.178386849907271,0.6705478647362989,0.7902149544035467,18.358345088391573
10,backsliding_union_Nyr,Y_delibdem,Deliberative,vdem_high,instr-antiplural_w10_trt-ertOrDdcg_gapany_illib0p9026269_opp0p9026269_ctrypct_exclyr,backsliding_union_Nyr,271,41,0.01430936821478928,0.9213819842714556,210,31,-0.02315771993580886,0.10600879335355926,0.8270777839478698,0.35866136191986786,0.9961430259774964,0.7188096937315107,18.2041071679884
10,backsliding_union_Nyr,Y_egaldem,Egalitarian,vdem_high,instr-antiplural_w10_trt-ertOrDdcg_gapany_illib0p9026269_opp0p9026269_ctrypct_exclyr,backsliding_union_Nyr,271,41,0.01430936821478928,0.9213819842714556,210,31,-0.00771751211800657,0.07205353640264028,0.91470327922746,0.3117406466047834,0.7870364640305271,0.6920354731308442,17.73704335562934
10,backsliding_union_Nyr,Y_elecoff,Elected officials,vdem_electoral,instr-antiplural_w10_trt-ertOrDdcg_gapany_illib0p9026269_opp0p9026269_ctrypct_exclyr,backsliding_union_Nyr,271,41,0.01430936821478928,0.9213819842714556,210,31,-0.1032247907171891,0.2295320537248049,0.6529134935296329,-0.13690698474539242,1.7967363063768025,0.9392618963282298,16.858559574138976
10,backsliding_union_Nyr,Y_frefair,Clean elections,vdem_electoral,instr-antiplural_w10_trt-ertOrDdcg_gapany_illib0p9026269_opp0p9026269_ctrypct_exclyr,backsliding_union_Nyr,271,41,0.01430936821478928,0.9213819842714556,210,31,-0.10955305262757324,0.13596798837591526,0.4204003911997006,-0.36407163266163106,1.0561053418881032,0.730297050419204,19.93222111697986
10,backsliding_union_Nyr,Y_frassoc,Association,vdem_electoral,instr-antiplural_w10_trt-ertOrDdcg_gapany_illib0p9026269_opp0p9026269_ctrypct_exclyr,backsliding_union_Nyr,271,41,0.01430936821478928,0.9213819842714556,210,31,-0.03961426754889946,0.11127943228628578,0.7218487106258826,0.6075997302981615,1.18939362272938,0.6094572733726105,16.576486432346094
10,backsliding_union_Nyr,Y_suffr,Suffrage,vdem_electoral,instr-antiplural_w10_trt-ertOrDdcg_gapany_illib0p9026269_opp0p9026269_ctrypct_exclyr,backsliding_union_Nyr,271,41,0.01430936821478928,0.9213819842714556,210,31,0.00522205676357232,0.00950751185409763,0.582829862657462,-0.05808310922875037,0.06498436842146771,0.37142824436569166,15.377089294856438
10,backsliding_union_Nyr,Y_freexp,Expression & alt. info,vdem_electoral,instr-antiplural_w10_trt-ertOrDdcg_gapany_illib0p9026269_opp0p9026269_ctrypct_exclyr,backsliding_union_Nyr,271,41,0.01430936821478928,0.9213819842714556,210,31,-0.03316559716101455,0.108577677812542,0.7600196198711855,0.5489477756492325,1.1959434331496817,0.6462283177549821,17.592128743442498
10,backsliding_union_Nyr,Y_cl_rol,Rule of law,vdem_liberal,instr-antiplural_w10_trt-ertOrDdcg_gapany_illib0p9026269_opp0p9026269_ctrypct_exclyr,backsliding_union_Nyr,271,41,0.01430936821478928,0.9213819842714556,210,31,-0.02191377232025949,0.07722951130949986,0.7766029817484635,0.5000147711560523,0.8054455642949241,0.5347359905340983,15.79950493197455
10,backsliding_union_Nyr,Y_cspart,Civil society,vdem_particip,instr-antiplural_w10_trt-ertOrDdcg_gapany_illib0p9026269_opp0p9026269_ctrypct_exclyr,backsliding_union_Nyr,271,41,0.01430936821478928,0.9213819842714556,210,31,0.02578816931252837,0.1161407326805246,0.8242808612884482,0.9190643335490228,1.7796849277586866,0.6055613186119443,18.91447983221878
10,backsliding_union_Nyr,Y_dd,Direct democracy,vdem_particip,instr-antiplural_w10_trt-ertOrDdcg_gapany_illib0p9026269_opp0p9026269_ctrypct_exclyr,backsliding_union_Nyr,271,41,0.01430936821478928,0.9213819842714556,210,31,0.0492388443637291,0.08278361893097372,0.5519840493874868,0.32906127438738003,1.096031175556384,0.7640018384168402,18.674450482625797
10,backsliding_union_Nyr,Y_locelec,Local elections,vdem_particip,instr-antiplural_w10_trt-ertOrDdcg_gapany_illib0p9026269_opp0p9026269_ctrypct_exclyr,backsliding_union_Nyr,271,41,0.01430936821478928,0.9213819842714556,205,31,-0.05659489900777037,0.2107406330832224,0.7882741600413976,-0.5111167902838456,1.7195783453624511,0.7662880255927929,18.681426715435
10,backsliding_union_Nyr,Y_regelec,Regional elections,vdem_particip,instr-antiplural_w10_trt-ertOrDdcg_gapany_illib0p9026269_opp0p9026269_ctrypct_exclyr,backsliding_union_Nyr,271,41,0.01430936821478928,0.9213819842714556,209,31,-0.01429087068739783,0.07612397137111272,0.8510871012823115,0.11255914436321456,0.4911198773162512,0.8187222262496006,16.263102678016185
10,backsliding_union_Nyr,Y_delib,Deliberation,vdem_egal_delib,instr-antiplural_w10_trt-ertOrDdcg_gapany_illib0p9026269_opp0p9026269_ctrypct_exclyr,backsliding_union_Nyr,271,41,0.01430936821478928,0.9213819842714556,210,31,-3.4682733871421734e-4,0.12971998929742518,0.9978667293250132,0.7490686573602874,1.4681732381417547,0.6099081691228023,18.896024256367713
10,backsliding_union_Nyr,Y_eqprotec,Equal protection,vdem_egal_delib,instr-antiplural_w10_trt-ertOrDdcg_gapany_illib0p9026269_opp0p9026269_ctrypct_exclyr,backsliding_union_Nyr,271,41,0.01430936821478928,0.9213819842714556,210,31,0.08310334473860544,0.05273499389440814,0.1150564220903,0.8392113820028542,1.334261265916704,0.5293681699573012,17.96278608709706
10,backsliding_union_Nyr,Y_eqaccess,Equal access,vdem_egal_delib,instr-antiplural_w10_trt-ertOrDdcg_gapany_illib0p9026269_opp0p9026269_ctrypct_exclyr,backsliding_union_Nyr,271,41,0.01430936821478928,0.9213819842714556,210,31,-0.03629091641768145,0.08982903511771388,0.6862128318989991,0.35097087544425043,0.7776951637217262,0.6517760802109096,14.803809360258082
10,backsliding_union_Nyr,Y_eqdr,Equal distribution,vdem_egal_delib,instr-antiplural_w10_trt-ertOrDdcg_gapany_illib0p9026269_opp0p9026269_ctrypct_exclyr,backsliding_union_Nyr,271,41,0.01430936821478928,0.9213819842714556,210,31,-0.0198453979345619,0.08139525663269576,0.8073739746614182,-0.07566443331528654,0.5353478664021974,0.887603762639476,19.024215293223737
10,polyarchy_decline,Y_gdp_growth,PWT,growth,instr-antiplural_w10_trt-polyarchy_gapany_illib0p9026269_opp0p9026269_ctrypct_exclyr,polyarchy_decline,210,68,0.05192928437384894,0.6044704418964109,194,55,-0.4623403934714896,0.22079329225355604,0.03626028708464941,-9.1411189465017,26.654163704306,0.7316340009785566,20.755741439375345
10,polyarchy_decline,Y_gdp_growth_wb,World Bank,growth,instr-antiplural_w10_trt-polyarchy_gapany_illib0p9026269_opp0p9026269_ctrypct_exclyr,polyarchy_decline,210,68,0.05192928437384894,0.6044704418964109,199,61,-0.3752036027419064,0.18528789820602037,0.04286979777593638,-5.702395417417489,18.45257417511441,0.7572988538606621,20.652919772250407
10,polyarchy_decline,Y_gdp_growth_imf,IMF WEO,growth,instr-antiplural_w10_trt-polyarchy_gapany_illib0p9026269_opp0p9026269_ctrypct_exclyr,polyarchy_decline,210,68,0.05192928437384894,0.6044704418964109,121,38,-0.34936374822836547,0.20801764098140876,0.09305639858119208,-691.3711037645006,6351.823446654492,0.913324571768225,15.557578436389276
10,polyarchy_decline,Y_inflation,"CPI, cumulative log",inflation,instr-antiplural_w10_trt-polyarchy_gapany_illib0p9026269_opp0p9026269_ctrypct_exclyr,polyarchy_decline,210,68,0.05192928437384894,0.6044704418964109,170,52,-0.3727805619396886,1.4008748055345366,0.7901579200484521,-42.42362371300547,280.4784575066541,0.8797749744447517,17.877005501356425
10,polyarchy_decline,Y_unemployment,Unemployment rate,unemployment,instr-antiplural_w10_trt-polyarchy_gapany_illib0p9026269_opp0p9026269_ctrypct_exclyr,polyarchy_decline,210,68,0.05192928437384894,0.6044704418964109,119,58,-1.0370878716183345,2.6916290128283302,0.7000142772424497,-20.709772586132985,45.18335220665166,0.6467012761342965,17.98913979669484
10,polyarchy_decline,Y_trade_pct_gdp,Trade / GDP,trade,instr-antiplural_w10_trt-polyarchy_gapany_illib0p9026269_opp0p9026269_ctrypct_exclyr,polyarchy_decline,210,68,0.05192928437384894,0.6044704418964109,176,58,2.6382811746764787,18.99833595855489,0.8895536156413932,5254.202481576742,89273.9753678114,0.9530677553754684,18.049326747081206
10,polyarchy_decline,Y_top10_share,Top-10% income share,top10,instr-antiplural_w10_trt-polyarchy_gapany_illib0p9026269_opp0p9026269_ctrypct_exclyr,polyarchy_decline,210,68,0.05192928437384894,0.6044704418964109,167,55,-2.3928512853222017,2.734516885825499,0.3815442565847464,3.6918639614148674,225.06236384877357,0.9869122979733606,15.754609352987597
10,polyarchy_decline,Y_gini_disp,Disposable,gini,instr-antiplural_w10_trt-polyarchy_gapany_illib0p9026269_opp0p9026269_ctrypct_exclyr,polyarchy_decline,210,68,0.05192928437384894,0.6044704418964109,144,51,0.8769903417490662,1.1699941220709706,0.4535148330104003,-95.96655114062972,6104.040814143603,0.9874563297363588,24.68428826394129
10,polyarchy_decline,Y_gini_mkt,Market,gini,instr-antiplural_w10_trt-polyarchy_gapany_illib0p9026269_opp0p9026269_ctrypct_exclyr,polyarchy_decline,210,68,0.05192928437384894,0.6044704418964109,144,51,0.9670992326830218,1.4515839740093797,0.5052595031909772,-271.57319243256444,12023.822079936806,0.9819803025887692,26.436799290936932
10,polyarchy_decline,Y_debt,Debt / GDP,fiscal,instr-antiplural_w10_trt-polyarchy_gapany_illib0p9026269_opp0p9026269_ctrypct_exclyr,polyarchy_decline,210,68,0.05192928437384894,0.6044704418964109,188,61,-33.6057018140998,20.760048277288146,0.1054971898464681,-47.88789922602905,636.2800217510027,0.9400060149346922,22.060742914428992
10,polyarchy_decline,Y_deficit,Deficit / GDP,fiscal,instr-antiplural_w10_trt-polyarchy_gapany_illib0p9026269_opp0p9026269_ctrypct_exclyr,polyarchy_decline,210,68,0.05192928437384894,0.6044704418964109,144,52,6.637114818367699,9.119726235292376,0.4667509239104569,92.38848800871654,434.482957847426,0.8316077121871964,24.615479059818856
10,polyarchy_decline,Y_checks_balances,Checks & balances,institutions,instr-antiplural_w10_trt-polyarchy_gapany_illib0p9026269_opp0p9026269_ctrypct_exclyr,polyarchy_decline,210,68,0.05192928437384894,0.6044704418964109,200,66,-0.03453720169762669,0.13356228307142928,0.7959554653097225,-1.169288693879287,3.494556394395615,0.7379246591518716,17.847315761439916
10,polyarchy_decline,Y_jucon,Judicial constraints,institutions,instr-antiplural_w10_trt-polyarchy_gapany_illib0p9026269_opp0p9026269_ctrypct_exclyr,polyarchy_decline,210,68,0.05192928437384894,0.6044704418964109,210,68,0.11124204652811816,0.10829597876664464,0.30432448474496193,2.102091951718556,9.605475337688466,0.8267722754954857,21.764143298188113
10,polyarchy_decline,Y_legcon,Legislative constraints,institutions,instr-antiplural_w10_trt-polyarchy_gapany_illib0p9026269_opp0p9026269_ctrypct_exclyr,polyarchy_decline,210,68,0.05192928437384894,0.6044704418964109,200,66,-0.18745588033231048,0.21522830371782672,0.3837743781305254,-6.889481053567109,26.12178100298705,0.7919766561283902,17.925545257979508
10,polyarchy_decline,Y_hos_power,HOS,exec_power,instr-antiplural_w10_trt-polyarchy_gapany_illib0p9026269_opp0p9026269_ctrypct_exclyr,polyarchy_decline,210,68,0.05192928437384894,0.6044704418964109,210,68,-0.08662357458635608,0.0864429163595522,0.3163001689095652,-6.747609126690735,368.8719347108129,0.9854054689445982,19.394833973898155
10,polyarchy_decline,Y_hog_power,HOG,exec_power,instr-antiplural_w10_trt-polyarchy_gapany_illib0p9026269_opp0p9026269_ctrypct_exclyr,polyarchy_decline,210,68,0.05192928437384894,0.6044704418964109,79,20,0.14230043586408736,0.06976308839898603,0.04137355190172252,0.8611300627017309,0.5673712707691001,0.12907640446836122,22.469638737813987
10,polyarchy_decline,Y_hos_power_vdem,HOS (v2ex_hosw),exec_power_alt,instr-antiplural_w10_trt-polyarchy_gapany_illib0p9026269_opp0p9026269_ctrypct_exclyr,polyarchy_decline,210,68,0.05192928437384894,0.6044704418964109,210,68,-0.03461817537589127,0.04949499979583696,0.48428476285379024,0.2920476158842956,2.513067124572673,0.9074848232554557,21.019236973708363
10,polyarchy_decline,Y_hog_power_vdem,HOG (v2ex_hogw),exec_power_alt,instr-antiplural_w10_trt-polyarchy_gapany_illib0p9026269_opp0p9026269_ctrypct_exclyr,polyarchy_decline,210,68,0.05192928437384894,0.6044704418964109,210,68,0.04947909294881967,0.05357037387494013,0.3556800725991607,-0.621872199585963,4.455005691263146,0.8889843047839638,21.71579570102127
10,polyarchy_decline,Y_polyarchy,Electoral (polyarchy),vdem_high,instr-antiplural_w10_trt-polyarchy_gapany_illib0p9026269_opp0p9026269_ctrypct_exclyr,polyarchy_decline,210,68,0.05192928437384894,0.6044704418964109,210,68,-0.05192928437384894,0.10025296028470072,0.6044704418964109,-1,7.698281981524395e-17,0,23.119966350620643
10,polyarchy_decline,Y_libdem,Liberal,vdem_high,instr-antiplural_w10_trt-polyarchy_gapany_illib0p9026269_opp0p9026269_ctrypct_exclyr,polyarchy_decline,210,68,0.05192928437384894,0.6044704418964109,210,68,-0.01956414780334765,0.08936604513464234,0.8267112054828053,-0.4873795280928861,2.160696174528461,0.8215390108654934,21.332717626602257
10,polyarchy_decline,Y_partipdem,Participatory,vdem_high,instr-antiplural_w10_trt-polyarchy_gapany_illib0p9026269_opp0p9026269_ctrypct_exclyr,polyarchy_decline,210,68,0.05192928437384894,0.6044704418964109,209,68,-0.0233284569367128,0.0768000743999951,0.7613140531386655,-0.4362521849314579,1.060929345067523,0.6809272440397867,23.42408475622634
10,polyarchy_decline,Y_delibdem,Deliberative,vdem_high,instr-antiplural_w10_trt-polyarchy_gapany_illib0p9026269_opp0p9026269_ctrypct_exclyr,polyarchy_decline,210,68,0.05192928437384894,0.6044704418964109,210,68,-0.02315771993580886,0.10600879335355926,0.8270777839478698,-0.3996155501724904,2.08215193206884,0.8478015033328113,22.023708560138605
10,polyarchy_decline,Y_egaldem,Egalitarian,vdem_high,instr-antiplural_w10_trt-polyarchy_gapany_illib0p9026269_opp0p9026269_ctrypct_exclyr,polyarchy_decline,210,68,0.05192928437384894,0.6044704418964109,210,68,-0.00771751211800657,0.07205353640264028,0.91470327922746,-0.11656379883406064,1.271534222348378,0.9269588234159384,23.511387504321707
10,polyarchy_decline,Y_elecoff,Elected officials,vdem_electoral,instr-antiplural_w10_trt-polyarchy_gapany_illib0p9026269_opp0p9026269_ctrypct_exclyr,polyarchy_decline,210,68,0.05192928437384894,0.6044704418964109,210,68,-0.1032247907171891,0.2295320537248049,0.6529134935296329,-1.611733965394217,3.0966879369076294,0.6027358533098478,27.537626387896825
10,polyarchy_decline,Y_frefair,Clean elections,vdem_electoral,instr-antiplural_w10_trt-polyarchy_gapany_illib0p9026269_opp0p9026269_ctrypct_exclyr,polyarchy_decline,210,68,0.05192928437384894,0.6044704418964109,210,68,-0.10955305262757324,0.13596798837591526,0.4204003911997006,-2.6652550887026316,4.664027814914655,0.5676951682060787,21.72747670986713
10,polyarchy_decline,Y_frassoc,Association,vdem_electoral,instr-antiplural_w10_trt-polyarchy_gapany_illib0p9026269_opp0p9026269_ctrypct_exclyr,polyarchy_decline,210,68,0.05192928437384894,0.6044704418964109,210,68,-0.03961426754889946,0.11127943228628578,0.7218487106258826,1.79889191692641,22.24369099566485,0.9355437428115096,19.993894951444847
10,polyarchy_decline,Y_suffr,Suffrage,vdem_electoral,instr-antiplural_w10_trt-polyarchy_gapany_illib0p9026269_opp0p9026269_ctrypct_exclyr,polyarchy_decline,210,68,0.05192928437384894,0.6044704418964109,210,68,0.00522205676357232,0.00950751185409763,0.582829862657462,0.13781557300529848,0.6309121929544307,0.8270873970349025,26.06944882501354
10,polyarchy_decline,Y_freexp,Expression & alt. info,vdem_electoral,instr-antiplural_w10_trt-polyarchy_gapany_illib0p9026269_opp0p9026269_ctrypct_exclyr,polyarchy_decline,210,68,0.05192928437384894,0.6044704418964109,210,68,-0.03316559716101455,0.108577677812542,0.7600196198711855,3.0592635322445725,32.257095431366665,0.924441899829605,19.84680519133729
10,polyarchy_decline,Y_cl_rol,Rule of law,vdem_liberal,instr-antiplural_w10_trt-polyarchy_gapany_illib0p9026269_opp0p9026269_ctrypct_exclyr,polyarchy_decline,210,68,0.05192928437384894,0.6044704418964109,210,68,-0.02191377232025949,0.07722951130949986,0.7766029817484635,-0.3222269870758235,3.2329887106370556,0.9206075457435546,20.999488150677777
10,polyarchy_decline,Y_cspart,Civil society,vdem_particip,instr-antiplural_w10_trt-polyarchy_gapany_illib0p9026269_opp0p9026269_ctrypct_exclyr,polyarchy_decline,210,68,0.05192928437384894,0.6044704418964109,210,68,0.02578816931252837,0.1161407326805246,0.8242808612884482,1.8916582953889136,9.142544607954283,0.8360823342870846,21.62530309870203
10,polyarchy_decline,Y_dd,Direct democracy,vdem_particip,instr-antiplural_w10_trt-polyarchy_gapany_illib0p9026269_opp0p9026269_ctrypct_exclyr,polyarchy_decline,210,68,0.05192928437384894,0.6044704418964109,210,68,0.0492388443637291,0.08278361893097372,0.5519840493874868,0.8991738449249771,3.0161220362193406,0.765609668616268,23.389161825236172
10,polyarchy_decline,Y_locelec,Local elections,vdem_particip,instr-antiplural_w10_trt-polyarchy_gapany_illib0p9026269_opp0p9026269_ctrypct_exclyr,polyarchy_decline,210,68,0.05192928437384894,0.6044704418964109,205,66,-0.05659489900777037,0.2107406330832224,0.7882741600413976,-3.6951985489243473,18.500466110249818,0.8416875031281656,20.969824925256436
10,polyarchy_decline,Y_regelec,Regional elections,vdem_particip,instr-antiplural_w10_trt-polyarchy_gapany_illib0p9026269_opp0p9026269_ctrypct_exclyr,polyarchy_decline,210,68,0.05192928437384894,0.6044704418964109,209,68,-0.01429087068739783,0.07612397137111272,0.8510871012823115,-0.240002314830511,1.288219870060597,0.8522052750531286,27.0426678758762
10,polyarchy_decline,Y_delib,Deliberation,vdem_egal_delib,instr-antiplural_w10_trt-polyarchy_gapany_illib0p9026269_opp0p9026269_ctrypct_exclyr,polyarchy_decline,210,68,0.05192928437384894,0.6044704418964109,210,68,-3.4682733871421734e-4,0.12971998929742518,0.9978667293250132,-0.20857549529482233,2.931109574124552,0.943271030239638,22.649515173823342
10,polyarchy_decline,Y_eqprotec,Equal protection,vdem_egal_delib,instr-antiplural_w10_trt-polyarchy_gapany_illib0p9026269_opp0p9026269_ctrypct_exclyr,polyarchy_decline,210,68,0.05192928437384894,0.6044704418964109,210,68,0.08310334473860544,0.05273499389440814,0.1150564220903,1.263280197095064,3.762444720087315,0.7370515037752641,23.67996004840205
10,polyarchy_decline,Y_eqaccess,Equal access,vdem_egal_delib,instr-antiplural_w10_trt-polyarchy_gapany_illib0p9026269_opp0p9026269_ctrypct_exclyr,polyarchy_decline,210,68,0.05192928437384894,0.6044704418964109,210,68,-0.03629091641768145,0.08982903511771388,0.6862128318989991,-1.370532393808224,6.304673878857465,0.8279094493447802,14.28085465142996
10,polyarchy_decline,Y_eqdr,Equal distribution,vdem_egal_delib,instr-antiplural_w10_trt-polyarchy_gapany_illib0p9026269_opp0p9026269_ctrypct_exclyr,polyarchy_decline,210,68,0.05192928437384894,0.6044704418964109,210,68,-0.0198453979345619,0.08139525663269576,0.8073739746614182,-0.758600233116397,2.004065870645288,0.705036475007059,21.110662285755325
