window,treatment_def,outcome,outcome_label,panel,spec,treatment,n_first_stage,n_first_stage_treated,first_stage_coef,first_stage_pval,n_outcome,n_outcome_treated,rd_estimate,rd_se,rd_pval,late_estimate,late_se,late_pval,bandwidth
1,backsliding_Nyr,Y_gdp_growth,PWT,growth,instr-popul_w1_trt-ert_gapany_illibany_exclyr,backsliding_Nyr,1347,32,0.0345847559346191,0.1804526574660307,1309,31,0.0039413376915682,0.01250375927949617,0.7526005297194844,0.14423225327465664,0.4136968452547885,0.7273578060477727,16.82778800956088
1,backsliding_Nyr,Y_gdp_growth_wb,World Bank,growth,instr-popul_w1_trt-ert_gapany_illibany_exclyr,backsliding_Nyr,1347,32,0.0345847559346191,0.1804526574660307,1325,31,-0.00173607928813177,0.01102760455919596,0.8749057213691793,-0.08056730671431794,0.33035986131322737,0.8073257667081319,17.03650483646453
1,backsliding_Nyr,Y_gdp_growth_imf,IMF WEO,growth,instr-popul_w1_trt-ert_gapany_illibany_exclyr,backsliding_Nyr,1347,32,0.0345847559346191,0.1804526574660307,1025,25,-0.00509190501530897,0.01204442289027697,0.6724700840247404,0.03030627276967143,0.3634256135434919,0.933540978342975,12.805163338100204
1,backsliding_Nyr,Y_inflation,"CPI, cumulative log",inflation,instr-popul_w1_trt-ert_gapany_illibany_exclyr,backsliding_Nyr,1347,32,0.0345847559346191,0.1804526574660307,1221,29,0.20028944765629783,0.12973218470683545,0.1226201659306897,5.787037930559796,4.972381604850258,0.24449038101015727,15.530414003883829
1,backsliding_Nyr,Y_unemployment,Unemployment rate,unemployment,instr-popul_w1_trt-ert_gapany_illibany_exclyr,backsliding_Nyr,1347,32,0.0345847559346191,0.1804526574660307,939,28,-0.3887911465808692,0.30862843451538785,0.2077636821722464,-7.378224694985265,7.635112693500745,0.3338668768397075,15.528209526895967
1,backsliding_Nyr,Y_trade_pct_gdp,Trade / GDP,trade,instr-popul_w1_trt-ert_gapany_illibany_exclyr,backsliding_Nyr,1347,32,0.0345847559346191,0.1804526574660307,1193,27,1.3384229749074212,1.8979590287240025,0.4806915946714655,88.76081172088205,106.07116660325,0.4027025619527937,15.238802026213088
1,backsliding_Nyr,Y_top10_share,Top-10% income share,top10,instr-popul_w1_trt-ert_gapany_illibany_exclyr,backsliding_Nyr,1347,32,0.0345847559346191,0.1804526574660307,1239,29,0.09403748008005192,0.35450723551804425,0.7908072408492061,1.0129523642379454,10.21697560339648,0.9210238956345896,17.93297730163003
1,backsliding_Nyr,Y_gini_disp,Disposable,gini,instr-popul_w1_trt-ert_gapany_illibany_exclyr,backsliding_Nyr,1347,32,0.0345847559346191,0.1804526574660307,1083,27,0.11459359644405738,0.14593420599628126,0.4323119812281485,3.247479474584304,4.079405905942727,0.4259932285524744,17.45231205475023
1,backsliding_Nyr,Y_gini_mkt,Market,gini,instr-popul_w1_trt-ert_gapany_illibany_exclyr,backsliding_Nyr,1347,32,0.0345847559346191,0.1804526574660307,1083,27,0.07181425644699276,0.14197519183446947,0.6129812124933101,1.01237738731333,3.3053194592292625,0.7593859046595299,19.31346106473041
1,backsliding_Nyr,Y_debt,Debt / GDP,fiscal,instr-popul_w1_trt-ert_gapany_illibany_exclyr,backsliding_Nyr,1347,32,0.0345847559346191,0.1804526574660307,1289,31,1.8407550219526507,3.625999321003245,0.6116956337467256,59.26069062534374,117.43510997972162,0.6138222577747876,14.700206037569288
1,backsliding_Nyr,Y_deficit,Deficit / GDP,fiscal,instr-popul_w1_trt-ert_gapany_illibany_exclyr,backsliding_Nyr,1347,32,0.0345847559346191,0.1804526574660307,1141,27,-0.38256815439103986,0.8531065829965231,0.6538348009485584,-7.01757483878378,20.878539417714,0.7367847049892542,18.08082720945883
1,backsliding_Nyr,Y_checks_balances,Checks & balances,institutions,instr-popul_w1_trt-ert_gapany_illibany_exclyr,backsliding_Nyr,1347,32,0.0345847559346191,0.1804526574660307,1321,31,0.01594440939302806,0.01118989268390728,0.15418788442579415,0.4621240246169227,0.5051445257592729,0.36027811999639775,15.191399371819248
1,backsliding_Nyr,Y_jucon,Judicial constraints,institutions,instr-popul_w1_trt-ert_gapany_illibany_exclyr,backsliding_Nyr,1347,32,0.0345847559346191,0.1804526574660307,1345,31,0.01101874659184189,0.01032203026145357,0.2857470192762412,0.4461916193011026,0.5257940087262385,0.3961009178946306,13.14781360286148
1,backsliding_Nyr,Y_legcon,Legislative constraints,institutions,instr-popul_w1_trt-ert_gapany_illibany_exclyr,backsliding_Nyr,1347,32,0.0345847559346191,0.1804526574660307,1321,31,0.02021526319607802,0.01578293992919827,0.20025337872565505,0.6252991057351165,0.751276929448115,0.405231129830691,14.628541062104723
1,backsliding_Nyr,Y_hos_power,HOS,exec_power,instr-popul_w1_trt-ert_gapany_illibany_exclyr,backsliding_Nyr,1347,32,0.0345847559346191,0.1804526574660307,1345,31,0.00351399959611175,0.01023609493542051,0.7313765871198739,0.20179713805989116,0.34858671244983613,0.5626560883977366,17.23273075509391
1,backsliding_Nyr,Y_hog_power,HOG,exec_power,instr-popul_w1_trt-ert_gapany_illibany_exclyr,backsliding_Nyr,1347,32,0.0345847559346191,0.1804526574660307,705,18,-0.02211002484998162,0.01136171562158768,0.05165340484370181,-1.6736450707151738,2.467512053816064,0.4975990597191441,19.78734444063151
1,backsliding_Nyr,Y_hos_power_vdem,HOS (v2ex_hosw),exec_power_alt,instr-popul_w1_trt-ert_gapany_illibany_exclyr,backsliding_Nyr,1347,32,0.0345847559346191,0.1804526574660307,1345,31,0.01878973424895287,0.01935456055701161,0.33163947128436266,0.6123124001251143,0.6754305175979868,0.3646441356866276,17.945344809935342
1,backsliding_Nyr,Y_hog_power_vdem,HOG (v2ex_hogw),exec_power_alt,instr-popul_w1_trt-ert_gapany_illibany_exclyr,backsliding_Nyr,1347,32,0.0345847559346191,0.1804526574660307,1345,31,-0.0134696714644584,0.01651109164252597,0.4146172043407167,-0.4076242049577346,0.5592921150003385,0.46611076328782974,17.106911002341192
1,backsliding_union_Nyr,Y_gdp_growth,PWT,growth,instr-popul_w1_trt-ertOrDdcg_gapany_illibany_exclyr,backsliding_union_Nyr,1347,42,0.05861221210149533,0.1074971730431568,1309,41,0.0039413376915682,0.01250375927949617,0.7526005297194844,0.05779705406382051,0.2548681365696778,0.8206007413306007,19.18094319979015
1,backsliding_union_Nyr,Y_gdp_growth_wb,World Bank,growth,instr-popul_w1_trt-ertOrDdcg_gapany_illibany_exclyr,backsliding_union_Nyr,1347,42,0.05861221210149533,0.1074971730431568,1325,41,-0.00173607928813177,0.01102760455919596,0.8749057213691793,-0.04048466339276457,0.20685958277421,0.8448364968023816,19.3757136539789
1,backsliding_union_Nyr,Y_gdp_growth_imf,IMF WEO,growth,instr-popul_w1_trt-ertOrDdcg_gapany_illibany_exclyr,backsliding_union_Nyr,1347,42,0.05861221210149533,0.1074971730431568,1025,31,-0.00509190501530897,0.01204442289027697,0.6724700840247404,-0.10319041770596936,0.3799064285546645,0.7859137468488349,17.008685954095476
1,backsliding_union_Nyr,Y_inflation,"CPI, cumulative log",inflation,instr-popul_w1_trt-ertOrDdcg_gapany_illibany_exclyr,backsliding_union_Nyr,1347,42,0.05861221210149533,0.1074971730431568,1221,37,0.20028944765629783,0.12973218470683545,0.1226201659306897,3.219291252889514,2.9875384003622782,0.28122427672619527,17.017670927016763
1,backsliding_union_Nyr,Y_unemployment,Unemployment rate,unemployment,instr-popul_w1_trt-ertOrDdcg_gapany_illibany_exclyr,backsliding_union_Nyr,1347,42,0.05861221210149533,0.1074971730431568,939,33,-0.3887911465808692,0.30862843451538785,0.2077636821722464,-9.349903477628692,12.150403004066863,0.44158832168661566,17.199122904299497
1,backsliding_union_Nyr,Y_trade_pct_gdp,Trade / GDP,trade,instr-popul_w1_trt-ertOrDdcg_gapany_illibany_exclyr,backsliding_union_Nyr,1347,42,0.05861221210149533,0.1074971730431568,1193,35,1.3384229749074212,1.8979590287240025,0.4806915946714655,26.653289020915963,38.61482820814822,0.4900466920781512,24.344521619276897
1,backsliding_union_Nyr,Y_top10_share,Top-10% income share,top10,instr-popul_w1_trt-ertOrDdcg_gapany_illibany_exclyr,backsliding_union_Nyr,1347,42,0.05861221210149533,0.1074971730431568,1239,37,0.09403748008005192,0.35450723551804425,0.7908072408492061,1.2677623093470212,10.64178597048968,0.905171890929074,20.332879805485053
1,backsliding_union_Nyr,Y_gini_disp,Disposable,gini,instr-popul_w1_trt-ertOrDdcg_gapany_illibany_exclyr,backsliding_union_Nyr,1347,42,0.05861221210149533,0.1074971730431568,1083,32,0.11459359644405738,0.14593420599628126,0.4323119812281485,4.141874326870495,5.6073523356743715,0.4601191727183345,18.2113117731409
1,backsliding_union_Nyr,Y_gini_mkt,Market,gini,instr-popul_w1_trt-ertOrDdcg_gapany_illibany_exclyr,backsliding_union_Nyr,1347,42,0.05861221210149533,0.1074971730431568,1083,32,0.07181425644699276,0.14197519183446947,0.6129812124933101,1.4056779929914391,4.446491321059244,0.7519023531658326,18.934703957680583
1,backsliding_union_Nyr,Y_debt,Debt / GDP,fiscal,instr-popul_w1_trt-ertOrDdcg_gapany_illibany_exclyr,backsliding_union_Nyr,1347,42,0.05861221210149533,0.1074971730431568,1289,41,1.8407550219526507,3.625999321003245,0.6116956337467256,27.045215374132884,69.27237671415575,0.696227131827579,16.912587079727132
1,backsliding_union_Nyr,Y_deficit,Deficit / GDP,fiscal,instr-popul_w1_trt-ertOrDdcg_gapany_illibany_exclyr,backsliding_union_Nyr,1347,42,0.05861221210149533,0.1074971730431568,1141,30,-0.38256815439103986,0.8531065829965231,0.6538348009485584,-8.660875004304732,32.35679676392459,0.7889549804315045,17.45010315107535
1,backsliding_union_Nyr,Y_checks_balances,Checks & balances,institutions,instr-popul_w1_trt-ertOrDdcg_gapany_illibany_exclyr,backsliding_union_Nyr,1347,42,0.05861221210149533,0.1074971730431568,1321,38,0.01594440939302806,0.01118989268390728,0.15418788442579415,0.28601633373993657,0.35276513843076196,0.4174897183077899,15.588476045807834
1,backsliding_union_Nyr,Y_jucon,Judicial constraints,institutions,instr-popul_w1_trt-ertOrDdcg_gapany_illibany_exclyr,backsliding_union_Nyr,1347,42,0.05861221210149533,0.1074971730431568,1345,41,0.01101874659184189,0.01032203026145357,0.2857470192762412,0.19891577138433517,0.2325203664850534,0.3922872609502505,19.094136680722528
1,backsliding_union_Nyr,Y_legcon,Legislative constraints,institutions,instr-popul_w1_trt-ertOrDdcg_gapany_illibany_exclyr,backsliding_union_Nyr,1347,42,0.05861221210149533,0.1074971730431568,1321,38,0.02021526319607802,0.01578293992919827,0.20025337872565505,0.4078414100120541,0.4801243937040484,0.39563123792643806,15.124112179540468
1,backsliding_union_Nyr,Y_hos_power,HOS,exec_power,instr-popul_w1_trt-ertOrDdcg_gapany_illibany_exclyr,backsliding_union_Nyr,1347,42,0.05861221210149533,0.1074971730431568,1345,41,0.00351399959611175,0.01023609493542051,0.7313765871198739,0.096681981821838,0.22706940788044985,0.6702669763996478,18.43273821710507
1,backsliding_union_Nyr,Y_hog_power,HOG,exec_power,instr-popul_w1_trt-ertOrDdcg_gapany_illibany_exclyr,backsliding_union_Nyr,1347,42,0.05861221210149533,0.1074971730431568,705,23,-0.02211002484998162,0.01136171562158768,0.05165340484370181,-17.60625720529722,76.30916530717623,0.8175302316095195,20.756039096724365
1,backsliding_union_Nyr,Y_hos_power_vdem,HOS (v2ex_hosw),exec_power_alt,instr-popul_w1_trt-ertOrDdcg_gapany_illibany_exclyr,backsliding_union_Nyr,1347,42,0.05861221210149533,0.1074971730431568,1345,41,0.01878973424895287,0.01935456055701161,0.33163947128436266,0.5400430227525193,0.39608490816066366,0.1727398935339738,22.69526305881441
1,backsliding_union_Nyr,Y_hog_power_vdem,HOG (v2ex_hogw),exec_power_alt,instr-popul_w1_trt-ertOrDdcg_gapany_illibany_exclyr,backsliding_union_Nyr,1347,42,0.05861221210149533,0.1074971730431568,1345,41,-0.0134696714644584,0.01651109164252597,0.4146172043407167,-0.3639103415076491,0.32786608343008417,0.26702664247975993,20.155063731156904
1,polyarchy_decline,Y_gdp_growth,PWT,growth,instr-popul_w1_trt-polyarchy_gapany_illibany_exclyr,polyarchy_decline,1345,512,-0.00912691494813099,0.4764851233328848,1309,495,0.0039413376915682,0.01250375927949617,0.7526005297194844,-0.628800799071675,2.617813031997677,0.8101745892194328,15.360591822259767
1,polyarchy_decline,Y_gdp_growth_wb,World Bank,growth,instr-popul_w1_trt-polyarchy_gapany_illibany_exclyr,polyarchy_decline,1345,512,-0.00912691494813099,0.4764851233328848,1325,508,-0.00173607928813177,0.01102760455919596,0.8749057213691793,0.2876817548493411,1.59685435534333,0.8570306597483821,15.53483698219685
1,polyarchy_decline,Y_gdp_growth_imf,IMF WEO,growth,instr-popul_w1_trt-polyarchy_gapany_illibany_exclyr,polyarchy_decline,1345,512,-0.00912691494813099,0.4764851233328848,1025,402,-0.00509190501530897,0.01204442289027697,0.6724700840247404,0.01861368932147608,0.723217783561821,0.9794668546715496,14.754630895783771
1,polyarchy_decline,Y_inflation,"CPI, cumulative log",inflation,instr-popul_w1_trt-polyarchy_gapany_illibany_exclyr,polyarchy_decline,1345,512,-0.00912691494813099,0.4764851233328848,1221,476,0.20028944765629783,0.12973218470683545,0.1226201659306897,-21.43502761985465,63.27373767754784,0.7347855805706899,22.52524536936923
1,polyarchy_decline,Y_unemployment,Unemployment rate,unemployment,instr-popul_w1_trt-polyarchy_gapany_illibany_exclyr,polyarchy_decline,1345,512,-0.00912691494813099,0.4764851233328848,939,404,-0.3887911465808692,0.30862843451538785,0.2077636821722464,24.2643666367553,26.435789479294076,0.3586919097169192,17.843494158627955
1,polyarchy_decline,Y_trade_pct_gdp,Trade / GDP,trade,instr-popul_w1_trt-polyarchy_gapany_illibany_exclyr,polyarchy_decline,1345,512,-0.00912691494813099,0.4764851233328848,1193,458,1.3384229749074212,1.8979590287240025,0.4806915946714655,-78.22459480543753,633.1722375173892,0.9016763793301809,18.86613456901011
1,polyarchy_decline,Y_top10_share,Top-10% income share,top10,instr-popul_w1_trt-polyarchy_gapany_illibany_exclyr,polyarchy_decline,1345,512,-0.00912691494813099,0.4764851233328848,1239,478,0.09403748008005192,0.35450723551804425,0.7908072408492061,-5.3754560993329745,32.912224943932856,0.8702609492277066,16.190094545702607
1,polyarchy_decline,Y_gini_disp,Disposable,gini,instr-popul_w1_trt-polyarchy_gapany_illibany_exclyr,polyarchy_decline,1345,512,-0.00912691494813099,0.4764851233328848,1083,422,0.11459359644405738,0.14593420599628126,0.4323119812281485,-11.444901502401052,16.586124408807166,0.49017615285419175,14.430767632489983
1,polyarchy_decline,Y_gini_mkt,Market,gini,instr-popul_w1_trt-polyarchy_gapany_illibany_exclyr,polyarchy_decline,1345,512,-0.00912691494813099,0.4764851233328848,1083,422,0.07181425644699276,0.14197519183446947,0.6129812124933101,-4.023344764750801,18.244863788841048,0.8254667356767763,20.680011587501564
1,polyarchy_decline,Y_debt,Debt / GDP,fiscal,instr-popul_w1_trt-polyarchy_gapany_illibany_exclyr,polyarchy_decline,1345,512,-0.00912691494813099,0.4764851233328848,1289,504,1.8407550219526507,3.625999321003245,0.6116956337467256,-191.28430304925052,757.416856963506,0.8006173229610917,16.086731708263784
1,polyarchy_decline,Y_deficit,Deficit / GDP,fiscal,instr-popul_w1_trt-polyarchy_gapany_illibany_exclyr,polyarchy_decline,1345,512,-0.00912691494813099,0.4764851233328848,1141,453,-0.38256815439103986,0.8531065829965231,0.6538348009485584,34.54305157124635,109.33344420959828,0.7520463616675193,20.53857131667337
1,polyarchy_decline,Y_checks_balances,Checks & balances,institutions,instr-popul_w1_trt-polyarchy_gapany_illibany_exclyr,polyarchy_decline,1345,512,-0.00912691494813099,0.4764851233328848,1321,511,0.01594440939302806,0.01118989268390728,0.15418788442579415,-4.371682696556992,8.986987099758007,0.6266510799627489,15.203542824415742
1,polyarchy_decline,Y_jucon,Judicial constraints,institutions,instr-popul_w1_trt-polyarchy_gapany_illibany_exclyr,polyarchy_decline,1345,512,-0.00912691494813099,0.4764851233328848,1345,512,0.01101874659184189,0.01032203026145357,0.2857470192762412,-1.2632541842462002,2.4587895102223034,0.6074122651343533,15.822211169386229
1,polyarchy_decline,Y_legcon,Legislative constraints,institutions,instr-popul_w1_trt-polyarchy_gapany_illibany_exclyr,polyarchy_decline,1345,512,-0.00912691494813099,0.4764851233328848,1321,511,0.02021526319607802,0.01578293992919827,0.20025337872565505,-6.15997477755167,12.4325786581423,0.6202681079516942,14.855232703255622
1,polyarchy_decline,Y_hos_power,HOS,exec_power,instr-popul_w1_trt-polyarchy_gapany_illibany_exclyr,polyarchy_decline,1345,512,-0.00912691494813099,0.4764851233328848,1345,512,0.00351399959611175,0.01023609493542051,0.7313765871198739,-0.7971799872841381,2.737623960918783,0.7709028629847607,16.085991743319315
1,polyarchy_decline,Y_hog_power,HOG,exec_power,instr-popul_w1_trt-polyarchy_gapany_illibany_exclyr,polyarchy_decline,1345,512,-0.00912691494813099,0.4764851233328848,705,266,-0.02211002484998162,0.01136171562158768,0.05165340484370181,-4.790148799025346,49.516844836301786,0.9229346499369068,16.400878638710534
1,polyarchy_decline,Y_hos_power_vdem,HOS (v2ex_hosw),exec_power_alt,instr-popul_w1_trt-polyarchy_gapany_illibany_exclyr,polyarchy_decline,1345,512,-0.00912691494813099,0.4764851233328848,1345,512,0.01878973424895287,0.01935456055701161,0.33163947128436266,-2.4690576161420874,6.107622649245363,0.6860227301968336,14.644253794294157
1,polyarchy_decline,Y_hog_power_vdem,HOG (v2ex_hogw),exec_power_alt,instr-popul_w1_trt-polyarchy_gapany_illibany_exclyr,polyarchy_decline,1345,512,-0.00912691494813099,0.4764851233328848,1345,512,-0.0134696714644584,0.01651109164252597,0.4146172043407167,1.6517486790514018,4.465531850884807,0.7114656035889612,14.660572266329291
2,backsliding_Nyr,Y_gdp_growth,PWT,growth,instr-popul_w2_trt-ert_gapany_illibany_exclyr,backsliding_Nyr,1347,55,0.02414361699349997,0.48482830477320615,1297,53,0.01259435746919494,0.01526517233933292,0.40934963736216073,0.7985635802584555,2.234491993716509,0.7208070686296204,16.957227810957914
2,backsliding_Nyr,Y_gdp_growth_wb,World Bank,growth,instr-popul_w2_trt-ert_gapany_illibany_exclyr,backsliding_Nyr,1347,55,0.02414361699349997,0.48482830477320615,1304,54,0.00930518896575562,0.01264436216260803,0.46178179343703585,0.21914953356926412,0.827064480525442,0.7910304692118816,17.15873999217692
2,backsliding_Nyr,Y_gdp_growth_imf,IMF WEO,growth,instr-popul_w2_trt-ert_gapany_illibany_exclyr,backsliding_Nyr,1347,55,0.02414361699349997,0.48482830477320615,1007,45,6.344957610648905e-6,0.01383166010031413,0.9996339887257047,0.00685271579278613,0.4192691873330944,0.986959612425496,15.899095778013592
2,backsliding_Nyr,Y_inflation,"CPI, cumulative log",inflation,instr-popul_w2_trt-ert_gapany_illibany_exclyr,backsliding_Nyr,1347,55,0.02414361699349997,0.48482830477320615,1198,50,0.2698418588532915,0.14155712033886295,0.05661906213287852,11.331456667192374,15.372552340293892,0.4610477603943182,15.06937961518674
2,backsliding_Nyr,Y_unemployment,Unemployment rate,unemployment,instr-popul_w2_trt-ert_gapany_illibany_exclyr,backsliding_Nyr,1347,55,0.02414361699349997,0.48482830477320615,939,47,-0.36931728399707386,0.49169384492032064,0.45258508707557904,-7.714374227434017,13.20078859834004,0.5589597172428112,14.451639965751744
2,backsliding_Nyr,Y_trade_pct_gdp,Trade / GDP,trade,instr-popul_w2_trt-ert_gapany_illibany_exclyr,backsliding_Nyr,1347,55,0.02414361699349997,0.48482830477320615,1175,49,-0.09640070074656017,2.108580565480551,0.9635347846184232,-4.121688502725512,138.98874391211675,0.976342331163703,16.629263462364406
2,backsliding_Nyr,Y_top10_share,Top-10% income share,top10,instr-popul_w2_trt-ert_gapany_illibany_exclyr,backsliding_Nyr,1347,55,0.02414361699349997,0.48482830477320615,1218,49,0.1326900546430811,0.43519275472434615,0.7604426942673681,6.313116324557734,18.04934098990943,0.7265113847425915,15.140375593895508
2,backsliding_Nyr,Y_gini_disp,Disposable,gini,instr-popul_w2_trt-ert_gapany_illibany_exclyr,backsliding_Nyr,1347,55,0.02414361699349997,0.48482830477320615,1059,43,0.09630050286012752,0.19516011179140605,0.6216992009025233,2.3358318710332764,4.525155605044588,0.6057229795069873,16.783901476618215
2,backsliding_Nyr,Y_gini_mkt,Market,gini,instr-popul_w2_trt-ert_gapany_illibany_exclyr,backsliding_Nyr,1347,55,0.02414361699349997,0.48482830477320615,1059,43,0.14965213801037194,0.20058159011228008,0.4556123888614963,2.3491617014356736,4.7254107128164,0.6190946534470688,19.23654665794164
2,backsliding_Nyr,Y_debt,Debt / GDP,fiscal,instr-popul_w2_trt-ert_gapany_illibany_exclyr,backsliding_Nyr,1347,55,0.02414361699349997,0.48482830477320615,1268,52,-1.8815616536887456,4.991148296296683,0.7061886810679354,-63.10528972800644,205.05318215474597,0.7582719286343322,17.198546272053978
2,backsliding_Nyr,Y_deficit,Deficit / GDP,fiscal,instr-popul_w2_trt-ert_gapany_illibany_exclyr,backsliding_Nyr,1347,55,0.02414361699349997,0.48482830477320615,1121,47,-0.2063882727555062,0.8561708674569062,0.8095088643975659,-5.542665818943185,32.02629290035156,0.862599465969667,14.158216816374214
2,backsliding_Nyr,Y_checks_balances,Checks & balances,institutions,instr-popul_w2_trt-ert_gapany_illibany_exclyr,backsliding_Nyr,1347,55,0.02414361699349997,0.48482830477320615,1318,51,0.01575378391443835,0.01298257393157606,0.22495547756505907,0.4013731824232073,0.7722430871608892,0.6032379790226239,14.77766705447656
2,backsliding_Nyr,Y_jucon,Judicial constraints,institutions,instr-popul_w2_trt-ert_gapany_illibany_exclyr,backsliding_Nyr,1347,55,0.02414361699349997,0.48482830477320615,1345,54,0.00495246075352587,0.01499577479530117,0.7412057225162554,0.05790937970158565,0.7571472193713634,0.9390343246675972,14.747947703557696
2,backsliding_Nyr,Y_legcon,Legislative constraints,institutions,instr-popul_w2_trt-ert_gapany_illibany_exclyr,backsliding_Nyr,1347,55,0.02414361699349997,0.48482830477320615,1318,51,0.01357562115993298,0.01784126280671001,0.44670995883283104,0.2713358529880419,0.8320168272468389,0.744334906679331,14.787815374437306
2,backsliding_Nyr,Y_hos_power,HOS,exec_power,instr-popul_w2_trt-ert_gapany_illibany_exclyr,backsliding_Nyr,1347,55,0.02414361699349997,0.48482830477320615,1345,54,0.00628842060691787,0.01054954959951713,0.5511189297381677,0.5267029146678948,0.7330359143758177,0.47243508146660473,16.666090352842147
2,backsliding_Nyr,Y_hog_power,HOG,exec_power,instr-popul_w2_trt-ert_gapany_illibany_exclyr,backsliding_Nyr,1347,55,0.02414361699349997,0.48482830477320615,700,33,-0.03374275928457509,0.01159793424097714,0.00362150243033994,1.6045967920264008,3.8365392769306625,0.6757711566001123,23.66775622548275
2,backsliding_Nyr,Y_hos_power_vdem,HOS (v2ex_hosw),exec_power_alt,instr-popul_w2_trt-ert_gapany_illibany_exclyr,backsliding_Nyr,1347,55,0.02414361699349997,0.48482830477320615,1345,54,0.02039438663945932,0.01847943014945182,0.26975524206746704,0.7201510825199097,1.2611370012043417,0.5679771460623821,15.58333511430012
2,backsliding_Nyr,Y_hog_power_vdem,HOG (v2ex_hogw),exec_power_alt,instr-popul_w2_trt-ert_gapany_illibany_exclyr,backsliding_Nyr,1347,55,0.02414361699349997,0.48482830477320615,1345,54,-0.0079252333600582,0.01799756983274043,0.6596834922344922,-0.2889520483032297,0.829926944185399,0.7277157882819324,15.696886104094029
2,backsliding_union_Nyr,Y_gdp_growth,PWT,growth,instr-popul_w2_trt-ertOrDdcg_gapany_illibany_exclyr,backsliding_union_Nyr,1347,68,0.04155195645695531,0.3464031319545229,1297,66,0.01259435746919494,0.01526517233933292,0.40934963736216073,0.3018824703224412,0.970855866162682,0.7558426742853315,18.61082181911612
2,backsliding_union_Nyr,Y_gdp_growth_wb,World Bank,growth,instr-popul_w2_trt-ertOrDdcg_gapany_illibany_exclyr,backsliding_union_Nyr,1347,68,0.04155195645695531,0.3464031319545229,1304,67,0.00930518896575562,0.01264436216260803,0.46178179343703585,0.12103751609933253,0.5358893554050349,0.8213080650302355,18.339780756522607
2,backsliding_union_Nyr,Y_gdp_growth_imf,IMF WEO,growth,instr-popul_w2_trt-ertOrDdcg_gapany_illibany_exclyr,backsliding_union_Nyr,1347,68,0.04155195645695531,0.3464031319545229,1007,53,6.344957610648905e-6,0.01383166010031413,0.9996339887257047,-0.1008272789040647,0.6554201119306953,0.8777389629003572,18.973671339979088
2,backsliding_union_Nyr,Y_inflation,"CPI, cumulative log",inflation,instr-popul_w2_trt-ertOrDdcg_gapany_illibany_exclyr,backsliding_union_Nyr,1347,68,0.04155195645695531,0.3464031319545229,1198,58,0.2698418588532915,0.14155712033886295,0.05661906213287852,5.384755364865963,6.06179837456297,0.374374088520506,17.500981951441325
2,backsliding_union_Nyr,Y_unemployment,Unemployment rate,unemployment,instr-popul_w2_trt-ertOrDdcg_gapany_illibany_exclyr,backsliding_union_Nyr,1347,68,0.04155195645695531,0.3464031319545229,939,55,-0.36931728399707386,0.49169384492032064,0.45258508707557904,-10.12077411945501,26.067862074741637,0.6978331164231354,17.69364354841018
2,backsliding_union_Nyr,Y_trade_pct_gdp,Trade / GDP,trade,instr-popul_w2_trt-ertOrDdcg_gapany_illibany_exclyr,backsliding_union_Nyr,1347,68,0.04155195645695531,0.3464031319545229,1175,59,-0.09640070074656017,2.108580565480551,0.9635347846184232,-7.0125907754131624,64.97880050555257,0.9140581922312416,17.08356487379979
2,backsliding_union_Nyr,Y_top10_share,Top-10% income share,top10,instr-popul_w2_trt-ertOrDdcg_gapany_illibany_exclyr,backsliding_union_Nyr,1347,68,0.04155195645695531,0.3464031319545229,1218,60,0.1326900546430811,0.43519275472434615,0.7604426942673681,4.317290327388383,27.04750751609472,0.8731813792467508,18.046942647471035
2,backsliding_union_Nyr,Y_gini_disp,Disposable,gini,instr-popul_w2_trt-ertOrDdcg_gapany_illibany_exclyr,backsliding_union_Nyr,1347,68,0.04155195645695531,0.3464031319545229,1059,49,0.09630050286012752,0.19516011179140605,0.6216992009025233,2.6417954028520274,5.637928368161212,0.6393730550558054,23.64169059195884
2,backsliding_union_Nyr,Y_gini_mkt,Market,gini,instr-popul_w2_trt-ertOrDdcg_gapany_illibany_exclyr,backsliding_union_Nyr,1347,68,0.04155195645695531,0.3464031319545229,1059,49,0.14965213801037194,0.20058159011228008,0.4556123888614963,2.9922018020972385,5.7699048652999245,0.6040482751084241,21.04238971060667
2,backsliding_union_Nyr,Y_debt,Debt / GDP,fiscal,instr-popul_w2_trt-ertOrDdcg_gapany_illibany_exclyr,backsliding_union_Nyr,1347,68,0.04155195645695531,0.3464031319545229,1268,64,-1.8815616536887456,4.991148296296683,0.7061886810679354,-31.217448449737596,115.11602872989614,0.7862506986321942,18.356113097987077
2,backsliding_union_Nyr,Y_deficit,Deficit / GDP,fiscal,instr-popul_w2_trt-ertOrDdcg_gapany_illibany_exclyr,backsliding_union_Nyr,1347,68,0.04155195645695531,0.3464031319545229,1121,52,-0.2063882727555062,0.8561708674569062,0.8095088643975659,-8.950711467079428,60.98212943283141,0.8833088489447454,16.0203415232037
2,backsliding_union_Nyr,Y_checks_balances,Checks & balances,institutions,instr-popul_w2_trt-ertOrDdcg_gapany_illibany_exclyr,backsliding_union_Nyr,1347,68,0.04155195645695531,0.3464031319545229,1318,60,0.01575378391443835,0.01298257393157606,0.22495547756505907,0.8369878161131625,2.2366760637705574,0.7082476635037899,18.19309028654077
2,backsliding_union_Nyr,Y_jucon,Judicial constraints,institutions,instr-popul_w2_trt-ertOrDdcg_gapany_illibany_exclyr,backsliding_union_Nyr,1347,68,0.04155195645695531,0.3464031319545229,1345,67,0.00495246075352587,0.01499577479530117,0.7412057225162554,0.02315462823393591,0.48037526180888185,0.9615559532917078,17.443731621442605
2,backsliding_union_Nyr,Y_legcon,Legislative constraints,institutions,instr-popul_w2_trt-ertOrDdcg_gapany_illibany_exclyr,backsliding_union_Nyr,1347,68,0.04155195645695531,0.3464031319545229,1318,60,0.01357562115993298,0.01784126280671001,0.44670995883283104,0.7027461871210956,2.179245172252428,0.7470949247871649,16.66728863557432
2,backsliding_union_Nyr,Y_hos_power,HOS,exec_power,instr-popul_w2_trt-ertOrDdcg_gapany_illibany_exclyr,backsliding_union_Nyr,1347,68,0.04155195645695531,0.3464031319545229,1345,67,0.00628842060691787,0.01054954959951713,0.5511189297381677,0.2503357719118518,0.4008076167024385,0.532247813039371,18.425579997862727
2,backsliding_union_Nyr,Y_hog_power,HOG,exec_power,instr-popul_w2_trt-ertOrDdcg_gapany_illibany_exclyr,backsliding_union_Nyr,1347,68,0.04155195645695531,0.3464031319545229,700,38,-0.03374275928457509,0.01159793424097714,0.00362150243033994,0.6316850884143342,0.7480007076570483,0.3983911903516664,22.561341694824065
2,backsliding_union_Nyr,Y_hos_power_vdem,HOS (v2ex_hosw),exec_power_alt,instr-popul_w2_trt-ertOrDdcg_gapany_illibany_exclyr,backsliding_union_Nyr,1347,68,0.04155195645695531,0.3464031319545229,1345,67,0.02039438663945932,0.01847943014945182,0.26975524206746704,0.48137686478399194,0.7004847300820093,0.4919533238586274,18.244367755474144
2,backsliding_union_Nyr,Y_hog_power_vdem,HOG (v2ex_hogw),exec_power_alt,instr-popul_w2_trt-ertOrDdcg_gapany_illibany_exclyr,backsliding_union_Nyr,1347,68,0.04155195645695531,0.3464031319545229,1345,67,-0.0079252333600582,0.01799756983274043,0.6596834922344922,-0.2372396135849664,0.4925471608698314,0.6300484361055811,17.78035487737796
2,polyarchy_decline,Y_gdp_growth,PWT,growth,instr-popul_w2_trt-polyarchy_gapany_illibany_exclyr,polyarchy_decline,1345,513,0.00636393787080489,0.6823728410072594,1297,491,0.01259435746919494,0.01526517233933292,0.40934963736216073,0.9296085666192612,2.684605635256738,0.7291369645371313,17.49633468091256
2,polyarchy_decline,Y_gdp_growth_wb,World Bank,growth,instr-popul_w2_trt-polyarchy_gapany_illibany_exclyr,polyarchy_decline,1345,513,0.00636393787080489,0.6823728410072594,1304,495,0.00930518896575562,0.01264436216260803,0.46178179343703585,0.6214093141440578,2.65437092664198,0.8149011806513878,17.357362843577278
2,polyarchy_decline,Y_gdp_growth_imf,IMF WEO,growth,instr-popul_w2_trt-polyarchy_gapany_illibany_exclyr,polyarchy_decline,1345,513,0.00636393787080489,0.6823728410072594,1007,389,6.344957610648905e-6,0.01383166010031413,0.9996339887257047,0.4454269288037905,3.955689909790546,0.9103444290592532,16.799008711014718
2,polyarchy_decline,Y_inflation,"CPI, cumulative log",inflation,instr-popul_w2_trt-polyarchy_gapany_illibany_exclyr,polyarchy_decline,1345,513,0.00636393787080489,0.6823728410072594,1198,457,0.2698418588532915,0.14155712033886295,0.05661906213287852,13.306498980270833,23.322834082776627,0.5683147207276629,14.968723117826531
2,polyarchy_decline,Y_unemployment,Unemployment rate,unemployment,instr-popul_w2_trt-polyarchy_gapany_illibany_exclyr,polyarchy_decline,1345,513,0.00636393787080489,0.6823728410072594,939,413,-0.36931728399707386,0.49169384492032064,0.45258508707557904,19.37382232607097,57.262377433250656,0.7351113319348188,23.609957494863423
2,polyarchy_decline,Y_trade_pct_gdp,Trade / GDP,trade,instr-popul_w2_trt-polyarchy_gapany_illibany_exclyr,polyarchy_decline,1345,513,0.00636393787080489,0.6823728410072594,1175,449,-0.09640070074656017,2.108580565480551,0.9635347846184232,-44.49957765809096,215.0871826787568,0.8360950749356926,18.023710940538784
2,polyarchy_decline,Y_top10_share,Top-10% income share,top10,instr-popul_w2_trt-polyarchy_gapany_illibany_exclyr,polyarchy_decline,1345,513,0.00636393787080489,0.6823728410072594,1218,464,0.1326900546430811,0.43519275472434615,0.7604426942673681,-19.497905051722896,288.47584764492007,0.9461125058339396,21.22454203272095
2,polyarchy_decline,Y_gini_disp,Disposable,gini,instr-popul_w2_trt-polyarchy_gapany_illibany_exclyr,polyarchy_decline,1345,513,0.00636393787080489,0.6823728410072594,1059,410,0.09630050286012752,0.19516011179140605,0.6216992009025233,-114.75851395170668,924.061466571833,0.9011654220672622,17.565459619756613
2,polyarchy_decline,Y_gini_mkt,Market,gini,instr-popul_w2_trt-polyarchy_gapany_illibany_exclyr,polyarchy_decline,1345,513,0.00636393787080489,0.6823728410072594,1059,410,0.14965213801037194,0.20058159011228008,0.4556123888614963,-106.60143714339472,935.8040855777944,0.9093057551834244,19.171542712980248
2,polyarchy_decline,Y_debt,Debt / GDP,fiscal,instr-popul_w2_trt-polyarchy_gapany_illibany_exclyr,polyarchy_decline,1345,513,0.00636393787080489,0.6823728410072594,1268,490,-1.8815616536887456,4.991148296296683,0.7061886810679354,-165.2437867679994,602.7465565238786,0.783968307446361,16.341512639403973
2,polyarchy_decline,Y_deficit,Deficit / GDP,fiscal,instr-popul_w2_trt-polyarchy_gapany_illibany_exclyr,polyarchy_decline,1345,513,0.00636393787080489,0.6823728410072594,1121,438,-0.2063882727555062,0.8561708674569062,0.8095088643975659,61.444431072691415,261.72167485783433,0.8143871542958081,18.5270430776386
2,polyarchy_decline,Y_checks_balances,Checks & balances,institutions,instr-popul_w2_trt-polyarchy_gapany_illibany_exclyr,polyarchy_decline,1345,513,0.00636393787080489,0.6823728410072594,1318,507,0.01575378391443835,0.01298257393157606,0.22495547756505907,-413.58186607225093,5006.624597986177,0.93416409420402,17.444141208020834
2,polyarchy_decline,Y_jucon,Judicial constraints,institutions,instr-popul_w2_trt-polyarchy_gapany_illibany_exclyr,polyarchy_decline,1345,513,0.00636393787080489,0.6823728410072594,1345,513,0.00495246075352587,0.01499577479530117,0.7412057225162554,0.3061580041513293,2.3787140180352955,0.8975892105199201,18.127530002650342
2,polyarchy_decline,Y_legcon,Legislative constraints,institutions,instr-popul_w2_trt-polyarchy_gapany_illibany_exclyr,polyarchy_decline,1345,513,0.00636393787080489,0.6823728410072594,1318,507,0.01357562115993298,0.01784126280671001,0.44670995883283104,-21.56073421511666,141.6127296751476,0.8789886670200973,18.088248949918334
2,polyarchy_decline,Y_hos_power,HOS,exec_power,instr-popul_w2_trt-polyarchy_gapany_illibany_exclyr,polyarchy_decline,1345,513,0.00636393787080489,0.6823728410072594,1345,513,0.00628842060691787,0.01054954959951713,0.5511189297381677,0.9567333165886118,2.0797035438367084,0.6454921693918565,18.737236460225812
2,polyarchy_decline,Y_hog_power,HOG,exec_power,instr-popul_w2_trt-polyarchy_gapany_illibany_exclyr,polyarchy_decline,1345,513,0.00636393787080489,0.6823728410072594,700,267,-0.03374275928457509,0.01159793424097714,0.00362150243033994,-3.3795745503085453,11.53751795383825,0.7695829838130712,15.952589702230258
2,polyarchy_decline,Y_hos_power_vdem,HOS (v2ex_hosw),exec_power_alt,instr-popul_w2_trt-polyarchy_gapany_illibany_exclyr,polyarchy_decline,1345,513,0.00636393787080489,0.6823728410072594,1345,513,0.02039438663945932,0.01847943014945182,0.26975524206746704,1.8641858947651375,3.2676273005222543,0.5683376842212329,17.375584579503045
2,polyarchy_decline,Y_hog_power_vdem,HOG (v2ex_hogw),exec_power_alt,instr-popul_w2_trt-polyarchy_gapany_illibany_exclyr,polyarchy_decline,1345,513,0.00636393787080489,0.6823728410072594,1345,513,-0.0079252333600582,0.01799756983274043,0.6596834922344922,-0.9168810524608284,2.004348280519217,0.6473505257096079,17.61141932105695
3,backsliding_Nyr,Y_gdp_growth,PWT,growth,instr-popul_w3_trt-ert_gapany_illibany_exclyr,backsliding_Nyr,1347,86,0.01081329513608123,0.8127943009735934,1274,84,0.02434737723553287,0.01708545538986745,0.15414699418053793,3.638935652438705,7.895761765140768,0.6448904290491746,25.363397514348797
3,backsliding_Nyr,Y_gdp_growth_wb,World Bank,growth,instr-popul_w3_trt-ert_gapany_illibany_exclyr,backsliding_Nyr,1347,86,0.01081329513608123,0.8127943009735934,1292,84,0.01746394369394044,0.01596889661837479,0.2741206030103523,3.5631907551119117,8.566035270213588,0.6774339151251623,24.485012167604417
3,backsliding_Nyr,Y_gdp_growth_imf,IMF WEO,growth,instr-popul_w3_trt-ert_gapany_illibany_exclyr,backsliding_Nyr,1347,86,0.01081329513608123,0.8127943009735934,996,70,0.00714762913447451,0.01797929102547404,0.6909634819183093,0.26871368507577503,0.8455177943271182,0.7506293564959243,21.940043228282683
3,backsliding_Nyr,Y_inflation,"CPI, cumulative log",inflation,instr-popul_w3_trt-ert_gapany_illibany_exclyr,backsliding_Nyr,1347,86,0.01081329513608123,0.8127943009735934,1186,77,0.34527893770524176,0.1578923621806866,0.02875716444450808,-0.456935715263647,399.7361997142267,0.999087943815568,20.519798183623035
3,backsliding_Nyr,Y_unemployment,Unemployment rate,unemployment,instr-popul_w3_trt-ert_gapany_illibany_exclyr,backsliding_Nyr,1347,86,0.01081329513608123,0.8127943009735934,917,72,-0.4213069501005865,0.5506028994637884,0.4441680185207477,-14.6865811752281,32.74812655053774,0.6538133966127242,18.225225444448142
3,backsliding_Nyr,Y_trade_pct_gdp,Trade / GDP,trade,instr-popul_w3_trt-ert_gapany_illibany_exclyr,backsliding_Nyr,1347,86,0.01081329513608123,0.8127943009735934,1164,78,0.5663747982456422,2.546092299182244,0.8239646420734912,-7.522409145677841,319.59205519154716,0.9812214982681264,17.24272265492362
3,backsliding_Nyr,Y_top10_share,Top-10% income share,top10,instr-popul_w3_trt-ert_gapany_illibany_exclyr,backsliding_Nyr,1347,86,0.01081329513608123,0.8127943009735934,1205,77,0.14240239535390306,0.5118416000584111,0.7808467441480027,11.626162698699982,26.263565500723537,0.658002512334702,26.2800878499111
3,backsliding_Nyr,Y_gini_disp,Disposable,gini,instr-popul_w3_trt-ert_gapany_illibany_exclyr,backsliding_Nyr,1347,86,0.01081329513608123,0.8127943009735934,1037,68,0.17434702898384888,0.2381066817363388,0.4640328778570231,4.4030635759902506,9.00777636521085,0.624978386214828,20.46081356628841
3,backsliding_Nyr,Y_gini_mkt,Market,gini,instr-popul_w3_trt-ert_gapany_illibany_exclyr,backsliding_Nyr,1347,86,0.01081329513608123,0.8127943009735934,1037,68,0.3260546297721894,0.2526337202413812,0.19683479385380903,9.26758052075197,11.23059434335557,0.4092532988510547,25.14464216462483
3,backsliding_Nyr,Y_debt,Debt / GDP,fiscal,instr-popul_w3_trt-ert_gapany_illibany_exclyr,backsliding_Nyr,1347,86,0.01081329513608123,0.8127943009735934,1257,81,-0.6493804364506333,6.368490797422946,0.9187823034395848,254.51328632538477,617.625845851392,0.6802783810007711,25.850339026143775
3,backsliding_Nyr,Y_deficit,Deficit / GDP,fiscal,instr-popul_w3_trt-ert_gapany_illibany_exclyr,backsliding_Nyr,1347,86,0.01081329513608123,0.8127943009735934,1109,73,-0.17758236694219476,1.119927722704292,0.8740108828525692,-4.914113565950192,84.60900462211741,0.9536846926316956,18.45042724233943
3,backsliding_Nyr,Y_checks_balances,Checks & balances,institutions,instr-popul_w3_trt-ert_gapany_illibany_exclyr,backsliding_Nyr,1347,86,0.01081329513608123,0.8127943009735934,1291,76,0.01020282950355391,0.01507575430444948,0.4985514211182745,0.8246786179067198,1.6315689914528415,0.6132419168079798,21.583149508034513
3,backsliding_Nyr,Y_jucon,Judicial constraints,institutions,instr-popul_w3_trt-ert_gapany_illibany_exclyr,backsliding_Nyr,1347,86,0.01081329513608123,0.8127943009735934,1324,85,0.00397287378500475,0.01537585405895021,0.7961106082862934,-0.09798552448288558,1.1713255566897982,0.9333319005893448,21.201425743823076
3,backsliding_Nyr,Y_legcon,Legislative constraints,institutions,instr-popul_w3_trt-ert_gapany_illibany_exclyr,backsliding_Nyr,1347,86,0.01081329513608123,0.8127943009735934,1291,76,0.00799490285877774,0.01960345798311416,0.6833975660871696,0.3990676797882585,1.4204469635726609,0.7787524729119979,20.37704131501827
3,backsliding_Nyr,Y_hos_power,HOS,exec_power,instr-popul_w3_trt-ert_gapany_illibany_exclyr,backsliding_Nyr,1347,86,0.01081329513608123,0.8127943009735934,1324,85,0.00737964566534297,0.0126272599479842,0.5589365805940159,0.7066395179469915,1.9794282477111984,0.7210979955999999,19.857060115847517
3,backsliding_Nyr,Y_hog_power,HOG,exec_power,instr-popul_w3_trt-ert_gapany_illibany_exclyr,backsliding_Nyr,1347,86,0.01081329513608123,0.8127943009735934,689,55,-0.01997866653107492,0.01116256178791256,0.07348731622142606,0.7336309020635559,2.2840206777864664,0.7480576841010009,20.43437878170195
3,backsliding_Nyr,Y_hos_power_vdem,HOS (v2ex_hosw),exec_power_alt,instr-popul_w3_trt-ert_gapany_illibany_exclyr,backsliding_Nyr,1347,86,0.01081329513608123,0.8127943009735934,1324,85,0.00217619178466054,0.01595201159276279,0.8914883537879178,0.15456800083682176,1.1105572065099758,0.88930745069567,17.23781401288051
3,backsliding_Nyr,Y_hog_power_vdem,HOG (v2ex_hogw),exec_power_alt,instr-popul_w3_trt-ert_gapany_illibany_exclyr,backsliding_Nyr,1347,86,0.01081329513608123,0.8127943009735934,1324,85,0.00322066547472626,0.01585278292463235,0.8390092812406901,0.1694760002782314,1.3774218575499293,0.9020765643779812,16.923743345460434
3,backsliding_union_Nyr,Y_gdp_growth,PWT,growth,instr-popul_w3_trt-ertOrDdcg_gapany_illibany_exclyr,backsliding_union_Nyr,1347,100,0.02801083567961534,0.5932038841556504,1274,98,0.02434737723553287,0.01708545538986745,0.15414699418053793,0.9099377568720692,2.481619916630382,0.7138645308165334,21.987831654706625
3,backsliding_union_Nyr,Y_gdp_growth_wb,World Bank,growth,instr-popul_w3_trt-ertOrDdcg_gapany_illibany_exclyr,backsliding_union_Nyr,1347,100,0.02801083567961534,0.5932038841556504,1292,98,0.01746394369394044,0.01596889661837479,0.2741206030103523,0.8165210300614884,2.6006865080024357,0.7535486464635828,20.13942556688625
3,backsliding_union_Nyr,Y_gdp_growth_imf,IMF WEO,growth,instr-popul_w3_trt-ertOrDdcg_gapany_illibany_exclyr,backsliding_union_Nyr,1347,100,0.02801083567961534,0.5932038841556504,996,79,0.00714762913447451,0.01797929102547404,0.6909634819183093,0.7366338464570711,2.2225706619459675,0.7403172431930669,23.914227741981986
3,backsliding_union_Nyr,Y_inflation,"CPI, cumulative log",inflation,instr-popul_w3_trt-ertOrDdcg_gapany_illibany_exclyr,backsliding_union_Nyr,1347,100,0.02801083567961534,0.5932038841556504,1186,86,0.34527893770524176,0.1578923621806866,0.02875716444450808,33.03231518190624,119.6213272047535,0.782440013278515,17.59384822222779
3,backsliding_union_Nyr,Y_unemployment,Unemployment rate,unemployment,instr-popul_w3_trt-ertOrDdcg_gapany_illibany_exclyr,backsliding_union_Nyr,1347,100,0.02801083567961534,0.5932038841556504,917,81,-0.4213069501005865,0.5506028994637884,0.4441680185207477,-40.32965061317184,137.74189895876947,0.7696815623096993,19.661854412823413
3,backsliding_union_Nyr,Y_trade_pct_gdp,Trade / GDP,trade,instr-popul_w3_trt-ertOrDdcg_gapany_illibany_exclyr,backsliding_union_Nyr,1347,100,0.02801083567961534,0.5932038841556504,1164,89,0.5663747982456422,2.546092299182244,0.8239646420734912,424.3700078920448,5346.585119109961,0.936736612107508,18.17136382721731
3,backsliding_union_Nyr,Y_top10_share,Top-10% income share,top10,instr-popul_w3_trt-ertOrDdcg_gapany_illibany_exclyr,backsliding_union_Nyr,1347,100,0.02801083567961534,0.5932038841556504,1205,89,0.14240239535390306,0.5118416000584111,0.7808467441480027,18.941970912362724,56.8614336730313,0.7390398515746364,26.16604767319454
3,backsliding_union_Nyr,Y_gini_disp,Disposable,gini,instr-popul_w3_trt-ertOrDdcg_gapany_illibany_exclyr,backsliding_union_Nyr,1347,100,0.02801083567961534,0.5932038841556504,1037,75,0.17434702898384888,0.2381066817363388,0.4640328778570231,5.794526942518195,13.696027366882689,0.6722362714660227,21.065784294486615
3,backsliding_union_Nyr,Y_gini_mkt,Market,gini,instr-popul_w3_trt-ertOrDdcg_gapany_illibany_exclyr,backsliding_union_Nyr,1347,100,0.02801083567961534,0.5932038841556504,1037,75,0.3260546297721894,0.2526337202413812,0.19683479385380903,11.465168981486386,18.7786380791491,0.5415020638809827,22.872521126075913
3,backsliding_union_Nyr,Y_debt,Debt / GDP,fiscal,instr-popul_w3_trt-ertOrDdcg_gapany_illibany_exclyr,backsliding_union_Nyr,1347,100,0.02801083567961534,0.5932038841556504,1257,94,-0.6493804364506333,6.368490797422946,0.9187823034395848,15.692374347322932,242.2919161525949,0.9483599968405768,19.85800162448694
3,backsliding_union_Nyr,Y_deficit,Deficit / GDP,fiscal,instr-popul_w3_trt-ertOrDdcg_gapany_illibany_exclyr,backsliding_union_Nyr,1347,100,0.02801083567961534,0.5932038841556504,1109,79,-0.17758236694219476,1.119927722704292,0.8740108828525692,-374.6255967783734,12825.148678746393,0.9766969189925272,19.990452119337625
3,backsliding_union_Nyr,Y_checks_balances,Checks & balances,institutions,instr-popul_w3_trt-ertOrDdcg_gapany_illibany_exclyr,backsliding_union_Nyr,1347,100,0.02801083567961534,0.5932038841556504,1291,86,0.01020282950355391,0.01507575430444948,0.4985514211182745,3.0814212098086164,17.43154176379478,0.8596869107136783,20.81511010579148
3,backsliding_union_Nyr,Y_jucon,Judicial constraints,institutions,instr-popul_w3_trt-ertOrDdcg_gapany_illibany_exclyr,backsliding_union_Nyr,1347,100,0.02801083567961534,0.5932038841556504,1324,99,0.00397287378500475,0.01537585405895021,0.7961106082862934,-0.116065675401284,0.6496932765610566,0.8582149833594248,19.591579392795452
3,backsliding_union_Nyr,Y_legcon,Legislative constraints,institutions,instr-popul_w3_trt-ertOrDdcg_gapany_illibany_exclyr,backsliding_union_Nyr,1347,100,0.02801083567961534,0.5932038841556504,1291,86,0.00799490285877774,0.01960345798311416,0.6833975660871696,1.8174329065836927,11.6444680750267,0.8759723774108806,20.41142583854738
3,backsliding_union_Nyr,Y_hos_power,HOS,exec_power,instr-popul_w3_trt-ertOrDdcg_gapany_illibany_exclyr,backsliding_union_Nyr,1347,100,0.02801083567961534,0.5932038841556504,1324,99,0.00737964566534297,0.0126272599479842,0.5589365805940159,0.2079292503587652,0.547107948314817,0.7039071134929208,22.039776725098935
3,backsliding_union_Nyr,Y_hog_power,HOG,exec_power,instr-popul_w3_trt-ertOrDdcg_gapany_illibany_exclyr,backsliding_union_Nyr,1347,100,0.02801083567961534,0.5932038841556504,689,61,-0.01997866653107492,0.01116256178791256,0.07348731622142606,0.29861875771465796,0.4846640701778188,0.5378050686810876,16.862959584141063
3,backsliding_union_Nyr,Y_hos_power_vdem,HOS (v2ex_hosw),exec_power_alt,instr-popul_w3_trt-ertOrDdcg_gapany_illibany_exclyr,backsliding_union_Nyr,1347,100,0.02801083567961534,0.5932038841556504,1324,99,0.00217619178466054,0.01595201159276279,0.8914883537879178,0.05723791774666272,0.5559637042743764,0.9180005780056006,16.598498205407907
3,backsliding_union_Nyr,Y_hog_power_vdem,HOG (v2ex_hogw),exec_power_alt,instr-popul_w3_trt-ertOrDdcg_gapany_illibany_exclyr,backsliding_union_Nyr,1347,100,0.02801083567961534,0.5932038841556504,1324,99,0.00322066547472626,0.01585278292463235,0.8390092812406901,0.04101334760679293,0.6789926753591765,0.9518344898616647,19.82596551922573
3,polyarchy_decline,Y_gdp_growth,PWT,growth,instr-popul_w3_trt-polyarchy_gapany_illibany_exclyr,polyarchy_decline,1324,520,0.00607939335217163,0.7226096836653593,1274,496,0.02434737723553287,0.01708545538986745,0.15414699418053793,1.9770405668894415,5.395722122387631,0.7140599852156024,18.78782938299992
3,polyarchy_decline,Y_gdp_growth_wb,World Bank,growth,instr-popul_w3_trt-polyarchy_gapany_illibany_exclyr,polyarchy_decline,1324,520,0.00607939335217163,0.7226096836653593,1292,508,0.01746394369394044,0.01596889661837479,0.2741206030103523,2.021471266898819,7.451430695280747,0.7861708214947375,19.328945105143813
3,polyarchy_decline,Y_gdp_growth_imf,IMF WEO,growth,instr-popul_w3_trt-polyarchy_gapany_illibany_exclyr,polyarchy_decline,1324,520,0.00607939335217163,0.7226096836653593,996,404,0.00714762913447451,0.01797929102547404,0.6909634819183093,-1.921808767997799,12.932100366579611,0.8818632531235504,19.453792998047643
3,polyarchy_decline,Y_inflation,"CPI, cumulative log",inflation,instr-popul_w3_trt-polyarchy_gapany_illibany_exclyr,polyarchy_decline,1324,520,0.00607939335217163,0.7226096836653593,1186,467,0.34527893770524176,0.1578923621806866,0.02875716444450808,15.287885190890275,27.31756130282098,0.5757278828487968,15.83324610605656
3,polyarchy_decline,Y_unemployment,Unemployment rate,unemployment,instr-popul_w3_trt-polyarchy_gapany_illibany_exclyr,polyarchy_decline,1324,520,0.00607939335217163,0.7226096836653593,917,421,-0.4213069501005865,0.5506028994637884,0.4441680185207477,32.02207589450314,55.127200654450874,0.5613239297789098,22.018905659361103
3,polyarchy_decline,Y_trade_pct_gdp,Trade / GDP,trade,instr-popul_w3_trt-polyarchy_gapany_illibany_exclyr,polyarchy_decline,1324,520,0.00607939335217163,0.7226096836653593,1164,463,0.5663747982456422,2.546092299182244,0.8239646420734912,6.821781084247647,369.10843158639113,0.9852545119856084,19.419115207484573
3,polyarchy_decline,Y_top10_share,Top-10% income share,top10,instr-popul_w3_trt-polyarchy_gapany_illibany_exclyr,polyarchy_decline,1324,520,0.00607939335217163,0.7226096836653593,1205,476,0.14240239535390306,0.5118416000584111,0.7808467441480027,-30.60755473479042,139.92627086219142,0.8268521300395665,26.175145886461888
3,polyarchy_decline,Y_gini_disp,Disposable,gini,instr-popul_w3_trt-polyarchy_gapany_illibany_exclyr,polyarchy_decline,1324,520,0.00607939335217163,0.7226096836653593,1037,411,0.17434702898384888,0.2381066817363388,0.4640328778570231,-516.82176830725,3642.565334276768,0.8871716264398835,16.707725105700717
3,polyarchy_decline,Y_gini_mkt,Market,gini,instr-popul_w3_trt-polyarchy_gapany_illibany_exclyr,polyarchy_decline,1324,520,0.00607939335217163,0.7226096836653593,1037,411,0.3260546297721894,0.2526337202413812,0.19683479385380903,-717.9929556923505,6208.383689075497,0.9079307793175736,16.318061982759545
3,polyarchy_decline,Y_debt,Debt / GDP,fiscal,instr-popul_w3_trt-polyarchy_gapany_illibany_exclyr,polyarchy_decline,1324,520,0.00607939335217163,0.7226096836653593,1257,501,-0.6493804364506333,6.368490797422946,0.9187823034395848,54.97100147949628,746.2946024369584,0.9412820567314222,19.027624656770435
3,polyarchy_decline,Y_deficit,Deficit / GDP,fiscal,instr-popul_w3_trt-polyarchy_gapany_illibany_exclyr,polyarchy_decline,1324,520,0.00607939335217163,0.7226096836653593,1109,447,-0.17758236694219476,1.119927722704292,0.8740108828525692,27.785725149983143,223.6511940862892,0.9011277274051116,19.400971599665223
3,polyarchy_decline,Y_checks_balances,Checks & balances,institutions,instr-popul_w3_trt-polyarchy_gapany_illibany_exclyr,polyarchy_decline,1324,520,0.00607939335217163,0.7226096836653593,1291,508,0.01020282950355391,0.01507575430444948,0.4985514211182745,-2.9856099799989195,4.3773744691265835,0.4952041973173282,18.526281816496876
3,polyarchy_decline,Y_jucon,Judicial constraints,institutions,instr-popul_w3_trt-polyarchy_gapany_illibany_exclyr,polyarchy_decline,1324,520,0.00607939335217163,0.7226096836653593,1324,520,0.00397287378500475,0.01537585405895021,0.7961106082862934,-0.27005005697753276,2.789222090698092,0.9228700315404864,20.674028150037987
3,polyarchy_decline,Y_legcon,Legislative constraints,institutions,instr-popul_w3_trt-polyarchy_gapany_illibany_exclyr,polyarchy_decline,1324,520,0.00607939335217163,0.7226096836653593,1291,508,0.00799490285877774,0.01960345798311416,0.6833975660871696,-1.367585962840045,2.602156656368593,0.5991948868637436,19.67972750618245
3,polyarchy_decline,Y_hos_power,HOS,exec_power,instr-popul_w3_trt-polyarchy_gapany_illibany_exclyr,polyarchy_decline,1324,520,0.00607939335217163,0.7226096836653593,1324,520,0.00737964566534297,0.0126272599479842,0.5589365805940159,0.9232881245225424,2.9958895970755477,0.7579415938083124,20.816675950247372
3,polyarchy_decline,Y_hog_power,HOG,exec_power,instr-popul_w3_trt-polyarchy_gapany_illibany_exclyr,polyarchy_decline,1324,520,0.00607939335217163,0.7226096836653593,689,276,-0.01997866653107492,0.01116256178791256,0.07348731622142606,4.926350136424088,12.241938693007972,0.6873780088390395,16.84352625974416
3,polyarchy_decline,Y_hos_power_vdem,HOS (v2ex_hosw),exec_power_alt,instr-popul_w3_trt-polyarchy_gapany_illibany_exclyr,polyarchy_decline,1324,520,0.00607939335217163,0.7226096836653593,1324,520,0.00217619178466054,0.01595201159276279,0.8914883537879178,1.4999921170989403,4.652608564476643,0.7471511306152098,24.71700371859284
3,polyarchy_decline,Y_hog_power_vdem,HOG (v2ex_hogw),exec_power_alt,instr-popul_w3_trt-polyarchy_gapany_illibany_exclyr,polyarchy_decline,1324,520,0.00607939335217163,0.7226096836653593,1324,520,0.00322066547472626,0.01585278292463235,0.8390092812406901,0.126531070279852,7.061116809238825,0.9857031419472116,24.928756070363807
4,backsliding_Nyr,Y_gdp_growth,PWT,growth,instr-popul_w4_trt-ert_gapany_illibany_exclyr,backsliding_Nyr,1347,109,-0.01715060282290355,0.7381499219150265,1243,101,0.03674465424903254,0.02067696129567373,0.07555476107466837,-2.4775042714088262,5.153393154470097,0.6306927402948218,19.0519359752382
4,backsliding_Nyr,Y_gdp_growth_wb,World Bank,growth,instr-popul_w4_trt-ert_gapany_illibany_exclyr,backsliding_Nyr,1347,109,-0.01715060282290355,0.7381499219150265,1269,107,0.03149875134053917,0.02080987946940445,0.13011612904207753,-1.1102033744625457,1.7118528150388688,0.516636371472024,18.8632836670126
4,backsliding_Nyr,Y_gdp_growth_imf,IMF WEO,growth,instr-popul_w4_trt-ert_gapany_illibany_exclyr,backsliding_Nyr,1347,109,-0.01715060282290355,0.7381499219150265,976,89,0.01586221394401145,0.02103548933093086,0.4508076896347058,-0.7275112606929159,45.567233541417984,0.9872617822499844,20.441345350328035
4,backsliding_Nyr,Y_inflation,"CPI, cumulative log",inflation,instr-popul_w4_trt-ert_gapany_illibany_exclyr,backsliding_Nyr,1347,109,-0.01715060282290355,0.7381499219150265,1162,98,0.39161803119150584,0.17254750017379758,0.02323037673329106,-7.486534786782053,9.388371647219332,0.42520347013078336,20.871810231089515
4,backsliding_Nyr,Y_unemployment,Unemployment rate,unemployment,instr-popul_w4_trt-ert_gapany_illibany_exclyr,backsliding_Nyr,1347,109,-0.01715060282290355,0.7381499219150265,905,92,-0.4861795388294103,0.5119168433437532,0.3422526836590462,33.095700349301765,105.015367683007,0.7526469915444514,16.86389897659036
4,backsliding_Nyr,Y_trade_pct_gdp,Trade / GDP,trade,instr-popul_w4_trt-ert_gapany_illibany_exclyr,backsliding_Nyr,1347,109,-0.01715060282290355,0.7381499219150265,1140,99,-2.5328131963206513,2.8257432507989826,0.37007375436642653,57.096583881511776,78.99296171944783,0.4697991024232979,15.763044993490574
4,backsliding_Nyr,Y_top10_share,Top-10% income share,top10,instr-popul_w4_trt-ert_gapany_illibany_exclyr,backsliding_Nyr,1347,109,-0.01715060282290355,0.7381499219150265,1184,98,0.23775427579364072,0.565209543390411,0.6740121224891578,-50.28015807251446,221.41189018605732,0.8203547012129654,17.173881758170626
4,backsliding_Nyr,Y_gini_disp,Disposable,gini,instr-popul_w4_trt-ert_gapany_illibany_exclyr,backsliding_Nyr,1347,109,-0.01715060282290355,0.7381499219150265,1010,85,0.2800448317026094,0.2662086459456806,0.29281103460308344,-5.248542830463123,217.9159726915603,0.9807846740461802,18.60069041482276
4,backsliding_Nyr,Y_gini_mkt,Market,gini,instr-popul_w4_trt-ert_gapany_illibany_exclyr,backsliding_Nyr,1347,109,-0.01715060282290355,0.7381499219150265,1010,85,0.40393228685272903,0.30553595122953375,0.18615315554425615,-16.326429784237547,322.7739166476554,0.9596589037920858,18.770342443198107
4,backsliding_Nyr,Y_debt,Debt / GDP,fiscal,instr-popul_w4_trt-ert_gapany_illibany_exclyr,backsliding_Nyr,1347,109,-0.01715060282290355,0.7381499219150265,1232,104,-2.275699698997654,8.753086951733408,0.7948728424289409,41.51891118076455,243.9067849869149,0.864833582555705,19.8948927429596
4,backsliding_Nyr,Y_deficit,Deficit / GDP,fiscal,instr-popul_w4_trt-ert_gapany_illibany_exclyr,backsliding_Nyr,1347,109,-0.01715060282290355,0.7381499219150265,1086,94,0.00599921665532864,1.0889247030387277,0.9956042340499932,-12.967301392182645,66.62770444098794,0.8456878883166833,17.764764729684988
4,backsliding_Nyr,Y_checks_balances,Checks & balances,institutions,instr-popul_w4_trt-ert_gapany_illibany_exclyr,backsliding_Nyr,1347,109,-0.01715060282290355,0.7381499219150265,1283,103,0.01147420654664477,0.01552389471593404,0.4598268786345529,-0.5330735132139055,1.435416942077519,0.7103605540337128,17.749595274438658
4,backsliding_Nyr,Y_jucon,Judicial constraints,institutions,instr-popul_w4_trt-ert_gapany_illibany_exclyr,backsliding_Nyr,1347,109,-0.01715060282290355,0.7381499219150265,1312,107,0.00359687388357244,0.01612509566997663,0.8234883246581752,0.05030446353780992,0.49090810912624416,0.9183818300033654,22.49524875243585
4,backsliding_Nyr,Y_legcon,Legislative constraints,institutions,instr-popul_w4_trt-ert_gapany_illibany_exclyr,backsliding_Nyr,1347,109,-0.01715060282290355,0.7381499219150265,1283,103,0.01641312922288863,0.02016726287448547,0.4157308210568063,-0.5763802193777886,1.3134669905591465,0.6607894104316603,19.130598676087363
4,backsliding_Nyr,Y_hos_power,HOS,exec_power,instr-popul_w4_trt-ert_gapany_illibany_exclyr,backsliding_Nyr,1347,109,-0.01715060282290355,0.7381499219150265,1312,107,0.00741908034586778,0.0139570250073364,0.5950265989879939,-0.22053664774490067,0.5533555089677956,0.6902290585514004,18.8690305085572
4,backsliding_Nyr,Y_hog_power,HOG,exec_power,instr-popul_w4_trt-ert_gapany_illibany_exclyr,backsliding_Nyr,1347,109,-0.01715060282290355,0.7381499219150265,672,67,-0.01893720013185324,0.01234758606735222,0.12510930672479276,0.24283895250718776,0.2996434802567591,0.417695215985474,23.67312832119919
4,backsliding_Nyr,Y_hos_power_vdem,HOS (v2ex_hosw),exec_power_alt,instr-popul_w4_trt-ert_gapany_illibany_exclyr,backsliding_Nyr,1347,109,-0.01715060282290355,0.7381499219150265,1312,107,-0.00955409224928161,0.02007436294666883,0.6341206749376962,0.4297229260676017,0.982957044204184,0.6619854124583773,16.858643301073247
4,backsliding_Nyr,Y_hog_power_vdem,HOG (v2ex_hogw),exec_power_alt,instr-popul_w4_trt-ert_gapany_illibany_exclyr,backsliding_Nyr,1347,109,-0.01715060282290355,0.7381499219150265,1312,107,0.01606800903724875,0.01971553322140731,0.41507668072213993,-0.7120092248144464,1.341384909460147,0.5955562873958296,16.043265984690944
4,backsliding_union_Nyr,Y_gdp_growth,PWT,growth,instr-popul_w4_trt-ertOrDdcg_gapany_illibany_exclyr,backsliding_union_Nyr,1347,129,-0.0055762994013456,0.9239502933789886,1243,121,0.03674465424903254,0.02067696129567373,0.07555476107466837,-11.595949286868429,43.49602865054907,0.7897787834862401,19.628902049335583
4,backsliding_union_Nyr,Y_gdp_growth_wb,World Bank,growth,instr-popul_w4_trt-ertOrDdcg_gapany_illibany_exclyr,backsliding_union_Nyr,1347,129,-0.0055762994013456,0.9239502933789886,1269,127,0.03149875134053917,0.02080987946940445,0.13011612904207753,-1.9409292727766432,4.469141842888419,0.66407369548472,20.18083200047076
4,backsliding_union_Nyr,Y_gdp_growth_imf,IMF WEO,growth,instr-popul_w4_trt-ertOrDdcg_gapany_illibany_exclyr,backsliding_union_Nyr,1347,129,-0.0055762994013456,0.9239502933789886,976,104,0.01586221394401145,0.02103548933093086,0.4508076896347058,-1.168549529414947,8.629669963352859,0.8922871757685986,22.39230255898176
4,backsliding_union_Nyr,Y_inflation,"CPI, cumulative log",inflation,instr-popul_w4_trt-ertOrDdcg_gapany_illibany_exclyr,backsliding_union_Nyr,1347,129,-0.0055762994013456,0.9239502933789886,1162,113,0.39161803119150584,0.17254750017379758,0.02323037673329106,-11.00424711762048,26.123049342300018,0.6735749802513198,21.7522540800142
4,backsliding_union_Nyr,Y_unemployment,Unemployment rate,unemployment,instr-popul_w4_trt-ertOrDdcg_gapany_illibany_exclyr,backsliding_union_Nyr,1347,129,-0.0055762994013456,0.9239502933789886,905,107,-0.4861795388294103,0.5119168433437532,0.3422526836590462,12.240924196073015,23.52617052728512,0.6028468633721966,16.442413581829467
4,backsliding_union_Nyr,Y_trade_pct_gdp,Trade / GDP,trade,instr-popul_w4_trt-ertOrDdcg_gapany_illibany_exclyr,backsliding_union_Nyr,1347,129,-0.0055762994013456,0.9239502933789886,1140,116,-2.5328131963206513,2.8257432507989826,0.37007375436642653,81.59103964754314,147.13412744215097,0.5792126836820245,15.595292130661262
4,backsliding_union_Nyr,Y_top10_share,Top-10% income share,top10,instr-popul_w4_trt-ertOrDdcg_gapany_illibany_exclyr,backsliding_union_Nyr,1347,129,-0.0055762994013456,0.9239502933789886,1184,116,0.23775427579364072,0.565209543390411,0.6740121224891578,-6.135463150542272,30.342169024134805,0.8397532474524381,21.796030906995785
4,backsliding_union_Nyr,Y_gini_disp,Disposable,gini,instr-popul_w4_trt-ertOrDdcg_gapany_illibany_exclyr,backsliding_union_Nyr,1347,129,-0.0055762994013456,0.9239502933789886,1010,97,0.2800448317026094,0.2662086459456806,0.29281103460308344,-171.37720623609314,1064.1740620100488,0.8720599607299075,18.196794715733148
4,backsliding_union_Nyr,Y_gini_mkt,Market,gini,instr-popul_w4_trt-ertOrDdcg_gapany_illibany_exclyr,backsliding_union_Nyr,1347,129,-0.0055762994013456,0.9239502933789886,1010,97,0.40393228685272903,0.30553595122953375,0.18615315554425615,-203.8822377388788,1120.9395721838084,0.8556728758358866,18.382249944395976
4,backsliding_union_Nyr,Y_debt,Debt / GDP,fiscal,instr-popul_w4_trt-ertOrDdcg_gapany_illibany_exclyr,backsliding_union_Nyr,1347,129,-0.0055762994013456,0.9239502933789886,1232,122,-2.275699698997654,8.753086951733408,0.7948728424289409,94.37136346504334,555.9857371512729,0.86521695693511,19.05640661820405
4,backsliding_union_Nyr,Y_deficit,Deficit / GDP,fiscal,instr-popul_w4_trt-ertOrDdcg_gapany_illibany_exclyr,backsliding_union_Nyr,1347,129,-0.0055762994013456,0.9239502933789886,1086,105,0.00599921665532864,1.0889247030387277,0.9956042340499932,-4.919761338581522,32.54541095482633,0.87984472778789935,17.905829544290558
4,backsliding_union_Nyr,Y_checks_balances,Checks & balances,institutions,instr-popul_w4_trt-ertOrDdcg_gapany_illibany_exclyr,backsliding_union_Nyr,1347,129,-0.0055762994013456,0.9239502933789886,1283,117,0.01147420654664477,0.01552389471593404,0.4598268786345529,-0.25573731992404086,0.4674465735862816,0.5843140010307146,18.37213087356386
4,backsliding_union_Nyr,Y_jucon,Judicial constraints,institutions,instr-popul_w4_trt-ertOrDdcg_gapany_illibany_exclyr,backsliding_union_Nyr,1347,129,-0.0055762994013456,0.9239502933789886,1312,127,0.00359687388357244,0.01612509566997663,0.8234883246581752,0.4327671352181628,1.271636131810991,0.7336132320018509,18.196725646879855
4,backsliding_union_Nyr,Y_legcon,Legislative constraints,institutions,instr-popul_w4_trt-ertOrDdcg_gapany_illibany_exclyr,backsliding_union_Nyr,1347,129,-0.0055762994013456,0.9239502933789886,1283,117,0.01641312922288863,0.02016726287448547,0.4157308210568063,-0.29724784723539766,0.5386410623323589,0.5810526831248652,19.95520171212813
4,backsliding_union_Nyr,Y_hos_power,HOS,exec_power,instr-popul_w4_trt-ertOrDdcg_gapany_illibany_exclyr,backsliding_union_Nyr,1347,129,-0.0055762994013456,0.9239502933789886,1312,127,0.00741908034586778,0.0139570250073364,0.5950265989879939,-0.474560797491116,1.3366904018585375,0.722569580260936,18.33856246304375
4,backsliding_union_Nyr,Y_hog_power,HOG,exec_power,instr-popul_w4_trt-ertOrDdcg_gapany_illibany_exclyr,backsliding_union_Nyr,1347,129,-0.0055762994013456,0.9239502933789886,672,79,-0.01893720013185324,0.01234758606735222,0.12510930672479276,0.16986957829103078,0.1840737196490758,0.3560934609308287,23.189808635131673
4,backsliding_union_Nyr,Y_hos_power_vdem,HOS (v2ex_hosw),exec_power_alt,instr-popul_w4_trt-ertOrDdcg_gapany_illibany_exclyr,backsliding_union_Nyr,1347,129,-0.0055762994013456,0.9239502933789886,1312,127,-0.00955409224928161,0.02007436294666883,0.6341206749376962,0.92657203100051,2.7089209336873945,0.7323172577901492,15.99932979108353
4,backsliding_union_Nyr,Y_hog_power_vdem,HOG (v2ex_hogw),exec_power_alt,instr-popul_w4_trt-ertOrDdcg_gapany_illibany_exclyr,backsliding_union_Nyr,1347,129,-0.0055762994013456,0.9239502933789886,1312,127,0.01606800903724875,0.01971553322140731,0.41507668072213993,-1.507946099179052,4.188778752075788,0.7188496778930852,15.5115846832743
4,polyarchy_decline,Y_gdp_growth,PWT,growth,instr-popul_w4_trt-polyarchy_gapany_illibany_exclyr,polyarchy_decline,1312,516,-4.209418737156504e-4,0.9808375811571474,1243,480,0.03674465424903254,0.02067696129567373,0.07555476107466837,44.11621390728893,353.96263866856594,0.9008123385230732,25.400561992105047
4,polyarchy_decline,Y_gdp_growth_wb,World Bank,growth,instr-popul_w4_trt-polyarchy_gapany_illibany_exclyr,polyarchy_decline,1312,516,-4.209418737156504e-4,0.9808375811571474,1269,500,0.03149875134053917,0.02080987946940445,0.13011612904207753,8.058249537256437,82.47685447755013,0.9221680040534002,20.405197439122105
4,polyarchy_decline,Y_gdp_growth_imf,IMF WEO,growth,instr-popul_w4_trt-polyarchy_gapany_illibany_exclyr,polyarchy_decline,1312,516,-4.209418737156504e-4,0.9808375811571474,976,393,0.01586221394401145,0.02103548933093086,0.4508076896347058,-2.1939390885659273,19.699233358443543,0.911321520824288,22.22210995476655
4,polyarchy_decline,Y_inflation,"CPI, cumulative log",inflation,instr-popul_w4_trt-polyarchy_gapany_illibany_exclyr,polyarchy_decline,1312,516,-4.209418737156504e-4,0.9808375811571474,1162,458,0.39161803119150584,0.17254750017379758,0.02323037673329106,24.40789257819904,94.80726431536752,0.7968333434346545,18.8224692683215
4,polyarchy_decline,Y_unemployment,Unemployment rate,unemployment,instr-popul_w4_trt-polyarchy_gapany_illibany_exclyr,polyarchy_decline,1312,516,-4.209418737156504e-4,0.9808375811571474,905,423,-0.4861795388294103,0.5119168433437532,0.3422526836590462,26.54863208323558,38.104494263000326,0.4859703383414603,20.94674743595138
4,polyarchy_decline,Y_trade_pct_gdp,Trade / GDP,trade,instr-popul_w4_trt-polyarchy_gapany_illibany_exclyr,polyarchy_decline,1312,516,-4.209418737156504e-4,0.9808375811571474,1140,453,-2.5328131963206513,2.8257432507989826,0.37007375436642653,-552.0563138361291,4158.477088201722,0.8943875837692581,19.418315898679943
4,polyarchy_decline,Y_top10_share,Top-10% income share,top10,instr-popul_w4_trt-polyarchy_gapany_illibany_exclyr,polyarchy_decline,1312,516,-4.209418737156504e-4,0.9808375811571474,1184,467,0.23775427579364072,0.565209543390411,0.6740121224891578,-30.267003901329964,123.91993354687172,0.807039953980617,24.55310123995017
4,polyarchy_decline,Y_gini_disp,Disposable,gini,instr-popul_w4_trt-polyarchy_gapany_illibany_exclyr,polyarchy_decline,1312,516,-4.209418737156504e-4,0.9808375811571474,1010,395,0.2800448317026094,0.2662086459456806,0.29281103460308344,-39.97409827664034,200.91851422048427,0.842296562382159,21.197139844505283
4,polyarchy_decline,Y_gini_mkt,Market,gini,instr-popul_w4_trt-polyarchy_gapany_illibany_exclyr,polyarchy_decline,1312,516,-4.209418737156504e-4,0.9808375811571474,1010,395,0.40393228685272903,0.30553595122953375,0.18615315554425615,-71.75775745593006,248.0245529652945,0.772338687396451,20.796713234117995
4,polyarchy_decline,Y_debt,Debt / GDP,fiscal,instr-popul_w4_trt-polyarchy_gapany_illibany_exclyr,polyarchy_decline,1312,516,-4.209418737156504e-4,0.9808375811571474,1232,489,-2.275699698997654,8.753086951733408,0.7948728424289409,-867.451566850315,11821.03416689256,0.9415021114344392,23.55512200261472
4,polyarchy_decline,Y_deficit,Deficit / GDP,fiscal,instr-popul_w4_trt-polyarchy_gapany_illibany_exclyr,polyarchy_decline,1312,516,-4.209418737156504e-4,0.9808375811571474,1086,442,0.00599921665532864,1.0889247030387277,0.9956042340499932,-0.14623961769331917,100.22109850085457,0.9988357512193105,24.59213840328909
4,polyarchy_decline,Y_checks_balances,Checks & balances,institutions,instr-popul_w4_trt-polyarchy_gapany_illibany_exclyr,polyarchy_decline,1312,516,-4.209418737156504e-4,0.9808375811571474,1283,509,0.01147420654664477,0.01552389471593404,0.4598268786345529,-1.5806765083523433,1.4682157837362515,0.28166040587668933,18.929725041005263
4,polyarchy_decline,Y_jucon,Judicial constraints,institutions,instr-popul_w4_trt-polyarchy_gapany_illibany_exclyr,polyarchy_decline,1312,516,-4.209418737156504e-4,0.9808375811571474,1312,516,0.00359687388357244,0.01612509566997663,0.8234883246581752,-2.037933203118682,6.009673553268335,0.7345277673516105,18.59073947886768
4,polyarchy_decline,Y_legcon,Legislative constraints,institutions,instr-popul_w4_trt-polyarchy_gapany_illibany_exclyr,polyarchy_decline,1312,516,-4.209418737156504e-4,0.9808375811571474,1283,509,0.01641312922288863,0.02016726287448547,0.4157308210568063,-1.263632414162046,0.9969714397644094,0.20498691716804543,24.12148441048866
4,polyarchy_decline,Y_hos_power,HOS,exec_power,instr-popul_w4_trt-polyarchy_gapany_illibany_exclyr,polyarchy_decline,1312,516,-4.209418737156504e-4,0.9808375811571474,1312,516,0.00741908034586778,0.0139570250073364,0.5950265989879939,0.2372663207107113,103.39187523599136,0.998168995702008,23.808532600014487
4,polyarchy_decline,Y_hog_power,HOG,exec_power,instr-popul_w4_trt-polyarchy_gapany_illibany_exclyr,polyarchy_decline,1312,516,-4.209418737156504e-4,0.9808375811571474,672,266,-0.01893720013185324,0.01234758606735222,0.12510930672479276,1.1057913579583245,1.159111888272508,0.3400842465383133,18.163934137197753
4,polyarchy_decline,Y_hos_power_vdem,HOS (v2ex_hosw),exec_power_alt,instr-popul_w4_trt-polyarchy_gapany_illibany_exclyr,polyarchy_decline,1312,516,-4.209418737156504e-4,0.9808375811571474,1312,516,-0.00955409224928161,0.02007436294666883,0.6341206749376962,14.04493495626118,198.13733872269935,0.94348940331469,20.623404402143528
4,polyarchy_decline,Y_hog_power_vdem,HOG (v2ex_hogw),exec_power_alt,instr-popul_w4_trt-polyarchy_gapany_illibany_exclyr,polyarchy_decline,1312,516,-4.209418737156504e-4,0.9808375811571474,1312,516,0.01606800903724875,0.01971553322140731,0.41507668072213993,-0.6306681257880742,45.51752000720856,0.988945261942448,18.84673225825368
5,backsliding_Nyr,Y_gdp_growth,PWT,growth,instr-popul_w5_trt-ert_gapany_illibany_exclyr,backsliding_Nyr,1347,142,0.01888574800017435,0.7383118401569692,1207,129,0.03270979050880919,0.02510254503979072,0.19255879094762096,-3.720851791746749,8.459530724879802,0.6600519844202162,23.75545671806209
5,backsliding_Nyr,Y_gdp_growth_wb,World Bank,growth,instr-popul_w5_trt-ert_gapany_illibany_exclyr,backsliding_Nyr,1347,142,0.01888574800017435,0.7383118401569692,1240,134,0.0302822209919881,0.02152849942064829,0.1595428122930568,-41.5599519114038,157.22196964809064,0.7915184479718415,22.39555960525142
5,backsliding_Nyr,Y_gdp_growth_imf,IMF WEO,growth,instr-popul_w5_trt-ert_gapany_illibany_exclyr,backsliding_Nyr,1347,142,0.01888574800017435,0.7383118401569692,950,110,0.02117325808869945,0.02043915290378205,0.30024104557139114,0.19905003906896213,1.1835557163666786,0.8664419146739375,21.310831828724915
5,backsliding_Nyr,Y_inflation,"CPI, cumulative log",inflation,instr-popul_w5_trt-ert_gapany_illibany_exclyr,backsliding_Nyr,1347,142,0.01888574800017435,0.7383118401569692,1135,123,0.4509434035872328,0.19184367566522056,0.01874431007054897,-9.202127266383652,11.723534823277287,0.4324959580438144,25.4018827130572
5,backsliding_Nyr,Y_unemployment,Unemployment rate,unemployment,instr-popul_w5_trt-ert_gapany_illibany_exclyr,backsliding_Nyr,1347,142,0.01888574800017435,0.7383118401569692,883,122,-0.3978731528760787,0.5181483411227792,0.44256145650915535,56.7913434608518,500.18957615733376,0.9096027395772488,22.180450300231527
5,backsliding_Nyr,Y_trade_pct_gdp,Trade / GDP,trade,instr-popul_w5_trt-ert_gapany_illibany_exclyr,backsliding_Nyr,1347,142,0.01888574800017435,0.7383118401569692,1115,123,-3.430938259623071,3.272877261847903,0.2945030798204308,30334.028605643187,162394.4083161112,0.8518234671389411,15.95987942204097
5,backsliding_Nyr,Y_top10_share,Top-10% income share,top10,instr-popul_w5_trt-ert_gapany_illibany_exclyr,backsliding_Nyr,1347,142,0.01888574800017435,0.7383118401569692,1152,125,0.16414775111112845,0.5959054482943852,0.7829633216838199,3.2783512917090114,84.75347061668887,0.9691447002874952,23.283899199180897
5,backsliding_Nyr,Y_gini_disp,Disposable,gini,instr-popul_w5_trt-ert_gapany_illibany_exclyr,backsliding_Nyr,1347,142,0.01888574800017435,0.7383118401569692,975,109,0.3520007118141857,0.32785286776485206,0.2829775544309937,2.673008768507067,15.778222902787082,0.8654731600424356,19.90556518809229
5,backsliding_Nyr,Y_gini_mkt,Market,gini,instr-popul_w5_trt-ert_gapany_illibany_exclyr,backsliding_Nyr,1347,142,0.01888574800017435,0.7383118401569692,975,109,0.5115384932917729,0.315968959784957,0.10545764983929937,4.434090305616025,22.19504864968923,0.8416539303757503,21.40786237822248
5,backsliding_Nyr,Y_debt,Debt / GDP,fiscal,instr-popul_w5_trt-ert_gapany_illibany_exclyr,backsliding_Nyr,1347,142,0.01888574800017435,0.7383118401569692,1201,131,-1.2972957057771402,12.64698179764315,0.9182983053881356,-59.0361110744611,522.6089253947143,0.910058919692267,27.721052307275325
5,backsliding_Nyr,Y_deficit,Deficit / GDP,fiscal,instr-popul_w5_trt-ert_gapany_illibany_exclyr,backsliding_Nyr,1347,142,0.01888574800017435,0.7383118401569692,1053,118,0.9792425021971694,2.007424013227614,0.6256840766942163,-213.418042562228,652.6467679379405,0.7436649306851846,20.794919680077967
5,backsliding_Nyr,Y_checks_balances,Checks & balances,institutions,instr-popul_w5_trt-ert_gapany_illibany_exclyr,backsliding_Nyr,1347,142,0.01888574800017435,0.7383118401569692,1259,136,0.01625599624346065,0.01669726560115217,0.33026891670951636,-0.3325737331529419,4.636654020327145,0.942819091326959,16.444464527792626
5,backsliding_Nyr,Y_jucon,Judicial constraints,institutions,instr-popul_w5_trt-ert_gapany_illibany_exclyr,backsliding_Nyr,1347,142,0.01888574800017435,0.7383118401569692,1289,140,-0.01341881864082102,0.01973586363917874,0.49655478875411263,1.1609966429368717,3.567000615591517,0.7448158477520186,20.291339455932633
5,backsliding_Nyr,Y_legcon,Legislative constraints,institutions,instr-popul_w5_trt-ert_gapany_illibany_exclyr,backsliding_Nyr,1347,142,0.01888574800017435,0.7383118401569692,1259,136,0.02410008052994739,0.02173892119684099,0.26759657425097283,-2.7075119914851027,18.71089478903921,0.884945818464353,18.09790968378547
5,backsliding_Nyr,Y_hos_power,HOS,exec_power,instr-popul_w5_trt-ert_gapany_illibany_exclyr,backsliding_Nyr,1347,142,0.01888574800017435,0.7383118401569692,1289,140,0.00997452203665099,0.01377306487899112,0.4689399078432365,-0.4134988138867618,1.4981276840615971,0.7825400821715927,24.35347446892935
5,backsliding_Nyr,Y_hog_power,HOG,exec_power,instr-popul_w5_trt-ert_gapany_illibany_exclyr,backsliding_Nyr,1347,142,0.01888574800017435,0.7383118401569692,659,81,-0.01899162424221814,0.01248570927899262,0.12824254466269408,0.3621752231692156,0.4067943537034411,0.3732966263045026,18.0918822570723
5,backsliding_Nyr,Y_hos_power_vdem,HOS (v2ex_hosw),exec_power_alt,instr-popul_w5_trt-ert_gapany_illibany_exclyr,backsliding_Nyr,1347,142,0.01888574800017435,0.7383118401569692,1289,140,-0.01136200161822296,0.02044016809334998,0.578302223847954,10.809593612190683,49.73985153088825,0.8279569495499393,16.345897205552863
5,backsliding_Nyr,Y_hog_power_vdem,HOG (v2ex_hogw),exec_power_alt,instr-popul_w5_trt-ert_gapany_illibany_exclyr,backsliding_Nyr,1347,142,0.01888574800017435,0.7383118401569692,1289,140,0.01668082991494691,0.02002930140504357,0.4049454896357676,-1.9575117593374547,13.671163539697185,0.8861437174035826,15.41194786120239
5,backsliding_union_Nyr,Y_gdp_growth,PWT,growth,instr-popul_w5_trt-ertOrDdcg_gapany_illibany_exclyr,backsliding_union_Nyr,1347,165,0.03657800233513877,0.568016420162154,1207,152,0.03270979050880919,0.02510254503979072,0.19255879094762096,-14.703471418839117,37.73697282308242,0.696809877104805,25.818004913144275
5,backsliding_union_Nyr,Y_gdp_growth_wb,World Bank,growth,instr-popul_w5_trt-ertOrDdcg_gapany_illibany_exclyr,backsliding_union_Nyr,1347,165,0.03657800233513877,0.568016420162154,1240,156,0.0302822209919881,0.02152849942064829,0.1595428122930568,-13.178270089547834,80.78229179838489,0.8704135959195334,24.012162271694347
5,backsliding_union_Nyr,Y_gdp_growth_imf,IMF WEO,growth,instr-popul_w5_trt-ertOrDdcg_gapany_illibany_exclyr,backsliding_union_Nyr,1347,165,0.03657800233513877,0.568016420162154,950,126,0.02117325808869945,0.02043915290378205,0.30024104557139114,-25.73910572258023,170.46061695123177,0.8799777865012475,25.55284289188117
5,backsliding_union_Nyr,Y_inflation,"CPI, cumulative log",inflation,instr-popul_w5_trt-ertOrDdcg_gapany_illibany_exclyr,backsliding_union_Nyr,1347,165,0.03657800233513877,0.568016420162154,1135,139,0.4509434035872328,0.19184367566522056,0.01874431007054897,-16.271762999212847,23.09486824683562,0.4810829496100532,26.91529907820756
5,backsliding_union_Nyr,Y_unemployment,Unemployment rate,unemployment,instr-popul_w5_trt-ertOrDdcg_gapany_illibany_exclyr,backsliding_union_Nyr,1347,165,0.03657800233513877,0.568016420162154,883,138,-0.3978731528760787,0.5181483411227792,0.44256145650915535,104.59848660536554,352.5190550241776,0.7666823818423028,22.228393481776006
5,backsliding_union_Nyr,Y_trade_pct_gdp,Trade / GDP,trade,instr-popul_w5_trt-ertOrDdcg_gapany_illibany_exclyr,backsliding_union_Nyr,1347,165,0.03657800233513877,0.568016420162154,1115,142,-3.430938259623071,3.272877261847903,0.2945030798204308,-94.60704177456384,1482.2115024320071,0.9491069433401126,16.829614052952415
5,backsliding_union_Nyr,Y_top10_share,Top-10% income share,top10,instr-popul_w5_trt-ertOrDdcg_gapany_illibany_exclyr,backsliding_union_Nyr,1347,165,0.03657800233513877,0.568016420162154,1152,145,0.16414775111112845,0.5959054482943852,0.7829633216838199,-12.31084094479829,153.19000642961586,0.9359483849043648,22.006162351471247
5,backsliding_union_Nyr,Y_gini_disp,Disposable,gini,instr-popul_w5_trt-ertOrDdcg_gapany_illibany_exclyr,backsliding_union_Nyr,1347,165,0.03657800233513877,0.568016420162154,975,122,0.3520007118141857,0.32785286776485206,0.2829775544309937,3.4150256103502237,41.04052950036564,0.9336837254583422,21.95864692321561
5,backsliding_union_Nyr,Y_gini_mkt,Market,gini,instr-popul_w5_trt-ertOrDdcg_gapany_illibany_exclyr,backsliding_union_Nyr,1347,165,0.03657800233513877,0.568016420162154,975,122,0.5115384932917729,0.315968959784957,0.10545764983929937,1.6080286849992935,93.05983608139636,0.9862136290990984,23.897769897285738
5,backsliding_union_Nyr,Y_debt,Debt / GDP,fiscal,instr-popul_w5_trt-ertOrDdcg_gapany_illibany_exclyr,backsliding_union_Nyr,1347,165,0.03657800233513877,0.568016420162154,1201,151,-1.2972957057771402,12.64698179764315,0.9182983053881356,-2947.6921658937845,10713.15178297507,0.7832032612776364,26.582564906608432
5,backsliding_union_Nyr,Y_deficit,Deficit / GDP,fiscal,instr-popul_w5_trt-ertOrDdcg_gapany_illibany_exclyr,backsliding_union_Nyr,1347,165,0.03657800233513877,0.568016420162154,1053,130,0.9792425021971694,2.007424013227614,0.6256840766942163,-2142.785873335872,4887.349837881091,0.6610708834166976,20.881729793697616
5,backsliding_union_Nyr,Y_checks_balances,Checks & balances,institutions,instr-popul_w5_trt-ertOrDdcg_gapany_illibany_exclyr,backsliding_union_Nyr,1347,165,0.03657800233513877,0.568016420162154,1259,153,0.01625599624346065,0.01669726560115217,0.33026891670951636,-2.1084266561721954,5.983521691087841,0.7245591536195408,16.95186207739435
5,backsliding_union_Nyr,Y_jucon,Judicial constraints,institutions,instr-popul_w5_trt-ertOrDdcg_gapany_illibany_exclyr,backsliding_union_Nyr,1347,165,0.03657800233513877,0.568016420162154,1289,163,-0.01341881864082102,0.01973586363917874,0.49655478875411263,-0.35391673424014275,4.443350488659011,0.9365149349197336,17.80886505586486
5,backsliding_union_Nyr,Y_legcon,Legislative constraints,institutions,instr-popul_w5_trt-ertOrDdcg_gapany_illibany_exclyr,backsliding_union_Nyr,1347,165,0.03657800233513877,0.568016420162154,1259,153,0.02410008052994739,0.02173892119684099,0.26759657425097283,-2.3706615944639133,4.953390759608255,0.6322277034726433,18.6353888726533
5,backsliding_union_Nyr,Y_hos_power,HOS,exec_power,instr-popul_w5_trt-ertOrDdcg_gapany_illibany_exclyr,backsliding_union_Nyr,1347,165,0.03657800233513877,0.568016420162154,1289,163,0.00997452203665099,0.01377306487899112,0.4689399078432365,-25.799228781855625,192.68600185864096,0.8934875060065417,21.94082565787151
5,backsliding_union_Nyr,Y_hog_power,HOG,exec_power,instr-popul_w5_trt-ertOrDdcg_gapany_illibany_exclyr,backsliding_union_Nyr,1347,165,0.03657800233513877,0.568016420162154,659,94,-0.01899162424221814,0.01248570927899262,0.12824254466269408,0.19777661997520488,0.1985829445019993,0.31927948898181285,21.05797054298601
5,backsliding_union_Nyr,Y_hos_power_vdem,HOS (v2ex_hosw),exec_power_alt,instr-popul_w5_trt-ertOrDdcg_gapany_illibany_exclyr,backsliding_union_Nyr,1347,165,0.03657800233513877,0.568016420162154,1289,163,-0.01136200161822296,0.02044016809334998,0.578302223847954,0.3026737479052448,4.3185462977406806,0.9441244518063654,16.254440818942395
5,backsliding_union_Nyr,Y_hog_power_vdem,HOG (v2ex_hogw),exec_power_alt,instr-popul_w5_trt-ertOrDdcg_gapany_illibany_exclyr,backsliding_union_Nyr,1347,165,0.03657800233513877,0.568016420162154,1289,163,0.01668082991494691,0.02002930140504357,0.4049454896357676,-0.00779446626696145,3.8796269854326417,0.998396990191663,15.619134638961537
5,polyarchy_decline,Y_gdp_growth,PWT,growth,instr-popul_w5_trt-polyarchy_gapany_illibany_exclyr,polyarchy_decline,1289,496,-0.00954630719379678,0.5908379469601666,1207,439,0.03270979050880919,0.02510254503979072,0.19255879094762096,1.2780462955850873,17.734536420404773,0.9425498688253264,17.593206617624855
5,polyarchy_decline,Y_gdp_growth_wb,World Bank,growth,instr-popul_w5_trt-polyarchy_gapany_illibany_exclyr,polyarchy_decline,1289,496,-0.00954630719379678,0.5908379469601666,1240,471,0.0302822209919881,0.02152849942064829,0.1595428122930568,-58.346627838581846,296.5661364071362,0.8440304622894443,20.023234368127937
5,polyarchy_decline,Y_gdp_growth_imf,IMF WEO,growth,instr-popul_w5_trt-polyarchy_gapany_illibany_exclyr,polyarchy_decline,1289,496,-0.00954630719379678,0.5908379469601666,950,368,0.02117325808869945,0.02043915290378205,0.30024104557139114,-1.0564924752781273,3.353644842464969,0.7527402931353291,21.195006009617376
5,polyarchy_decline,Y_inflation,"CPI, cumulative log",inflation,instr-popul_w5_trt-polyarchy_gapany_illibany_exclyr,polyarchy_decline,1289,496,-0.00954630719379678,0.5908379469601666,1135,432,0.4509434035872328,0.19184367566522056,0.01874431007054897,-196.54726252323783,696.5453856850776,0.7778098020324917,23.54884381942574
5,polyarchy_decline,Y_unemployment,Unemployment rate,unemployment,instr-popul_w5_trt-polyarchy_gapany_illibany_exclyr,polyarchy_decline,1289,496,-0.00954630719379678,0.5908379469601666,883,407,-0.3978731528760787,0.5181483411227792,0.44256145650915535,26.4535576955404,32.884322545678195,0.4211412704854653,18.011913285142995
5,polyarchy_decline,Y_trade_pct_gdp,Trade / GDP,trade,instr-popul_w5_trt-polyarchy_gapany_illibany_exclyr,polyarchy_decline,1289,496,-0.00954630719379678,0.5908379469601666,1115,432,-3.430938259623071,3.272877261847903,0.2945030798204308,7931.2089605653055,40771.89724277451,0.8457637537980414,19.38895869123306
5,polyarchy_decline,Y_top10_share,Top-10% income share,top10,instr-popul_w5_trt-polyarchy_gapany_illibany_exclyr,polyarchy_decline,1289,496,-0.00954630719379678,0.5908379469601666,1152,436,0.16414775111112845,0.5959054482943852,0.7829633216838199,-14.034822417857134,62.611703650735066,0.8226355044714264,19.416661669661565
5,polyarchy_decline,Y_gini_disp,Disposable,gini,instr-popul_w5_trt-polyarchy_gapany_illibany_exclyr,polyarchy_decline,1289,496,-0.00954630719379678,0.5908379469601666,975,362,0.3520007118141857,0.32785286776485206,0.2829775544309937,-49.91210070350708,84.40725065574746,0.5543028151762986,16.819656151835222
5,polyarchy_decline,Y_gini_mkt,Market,gini,instr-popul_w5_trt-polyarchy_gapany_illibany_exclyr,polyarchy_decline,1289,496,-0.00954630719379678,0.5908379469601666,975,362,0.5115384932917729,0.315968959784957,0.10545764983929937,-54.82391892773766,93.5444522043504,0.557826163624284,18.496118920965262
5,polyarchy_decline,Y_debt,Debt / GDP,fiscal,instr-popul_w5_trt-polyarchy_gapany_illibany_exclyr,polyarchy_decline,1289,496,-0.00954630719379678,0.5908379469601666,1201,461,-1.2972957057771402,12.64698179764315,0.9182983053881356,-1328.5805355205166,12095.317158103731,0.912534241512088,20.177314158224014
5,polyarchy_decline,Y_deficit,Deficit / GDP,fiscal,instr-popul_w5_trt-polyarchy_gapany_illibany_exclyr,polyarchy_decline,1289,496,-0.00954630719379678,0.5908379469601666,1053,412,0.9792425021971694,2.007424013227614,0.6256840766942163,-86.26661109185626,163.27400398133275,0.5972530718623161,21.357551338903107
5,polyarchy_decline,Y_checks_balances,Checks & balances,institutions,instr-popul_w5_trt-polyarchy_gapany_illibany_exclyr,polyarchy_decline,1289,496,-0.00954630719379678,0.5908379469601666,1259,488,0.01625599624346065,0.01669726560115217,0.33026891670951636,-0.9403978681972608,0.7902884587206177,0.23406897083909428,18.6504537813982
5,polyarchy_decline,Y_jucon,Judicial constraints,institutions,instr-popul_w5_trt-polyarchy_gapany_illibany_exclyr,polyarchy_decline,1289,496,-0.00954630719379678,0.5908379469601666,1289,496,-0.01341881864082102,0.01973586363917874,0.49655478875411263,0.03812287653620598,2.4351901789198043,0.9875096358151302,24.255838663511454
5,polyarchy_decline,Y_legcon,Legislative constraints,institutions,instr-popul_w5_trt-polyarchy_gapany_illibany_exclyr,polyarchy_decline,1289,496,-0.00954630719379678,0.5908379469601666,1259,488,0.02410008052994739,0.02173892119684099,0.26759657425097283,-1.4270918823733263,1.1919446046282738,0.2311972913112538,17.949948989952436
5,polyarchy_decline,Y_hos_power,HOS,exec_power,instr-popul_w5_trt-polyarchy_gapany_illibany_exclyr,polyarchy_decline,1289,496,-0.00954630719379678,0.5908379469601666,1289,496,0.00997452203665099,0.01377306487899112,0.4689399078432365,-7.077799224078186,26.353270510982643,0.7882576406439858,18.57112117183551
5,polyarchy_decline,Y_hog_power,HOG,exec_power,instr-popul_w5_trt-polyarchy_gapany_illibany_exclyr,polyarchy_decline,1289,496,-0.00954630719379678,0.5908379469601666,659,243,-0.01899162424221814,0.01248570927899262,0.12824254466269408,0.8205463191515022,0.7308292682224936,0.2615391763010612,18.27866548955592
5,polyarchy_decline,Y_hos_power_vdem,HOS (v2ex_hosw),exec_power_alt,instr-popul_w5_trt-polyarchy_gapany_illibany_exclyr,polyarchy_decline,1289,496,-0.00954630719379678,0.5908379469601666,1289,496,-0.01136200161822296,0.02044016809334998,0.578302223847954,0.5319729059880484,2.795418318373686,0.8490727081910443,24.921877482459987
5,polyarchy_decline,Y_hog_power_vdem,HOG (v2ex_hogw),exec_power_alt,instr-popul_w5_trt-polyarchy_gapany_illibany_exclyr,polyarchy_decline,1289,496,-0.00954630719379678,0.5908379469601666,1289,496,0.01668082991494691,0.02002930140504357,0.4049454896357676,-1.3181160584822875,6.881362689662605,0.8480957318899329,21.791958118459103
6,backsliding_Nyr,Y_gdp_growth,PWT,growth,instr-popul_w6_trt-ert_gapany_illibany_exclyr,backsliding_Nyr,1347,164,0.01727991367399752,0.7549872283026621,1179,146,0.01265902055488912,0.02853259382126837,0.6572820839771383,0.06183153818854875,1.5741759830547817,0.9686682127557598,17.550593164392946
6,backsliding_Nyr,Y_gdp_growth_wb,World Bank,growth,instr-popul_w6_trt-ert_gapany_illibany_exclyr,backsliding_Nyr,1347,164,0.01727991367399752,0.7549872283026621,1204,151,0.00490846833916341,0.02397901821444916,0.8378077159075104,-0.2211460481870945,2.016929546453337,0.9126909964152512,19.163737542989125
6,backsliding_Nyr,Y_gdp_growth_imf,IMF WEO,growth,instr-popul_w6_trt-ert_gapany_illibany_exclyr,backsliding_Nyr,1347,164,0.01727991367399752,0.7549872283026621,919,119,0.00245491157475249,0.02323175638386118,0.9158437779219836,-0.185683492843777,1.3875932883747926,0.8935473286271086,22.874449362348376
6,backsliding_Nyr,Y_inflation,"CPI, cumulative log",inflation,instr-popul_w6_trt-ert_gapany_illibany_exclyr,backsliding_Nyr,1347,164,0.01727991367399752,0.7549872283026621,1097,135,0.542808435119673,0.22347650419108167,0.01514352125053035,-6.833204883267864,6.826237201219704,0.3168167908797485,27.237717771515513
6,backsliding_Nyr,Y_unemployment,Unemployment rate,unemployment,instr-popul_w6_trt-ert_gapany_illibany_exclyr,backsliding_Nyr,1347,164,0.01727991367399752,0.7549872283026621,854,134,0.11039957281054008,0.583768904458107,0.850002528985148,1.1078901827932668,18.90925787449578,0.95327881215819,21.733619389115763
6,backsliding_Nyr,Y_trade_pct_gdp,Trade / GDP,trade,instr-popul_w6_trt-ert_gapany_illibany_exclyr,backsliding_Nyr,1347,164,0.01727991367399752,0.7549872283026621,1082,137,-3.597318381284652,3.217851464686012,0.26359879006790454,165.5815019045611,337.665319984261,0.6238709302873374,22.24780208720923
6,backsliding_Nyr,Y_top10_share,Top-10% income share,top10,instr-popul_w6_trt-ert_gapany_illibany_exclyr,backsliding_Nyr,1347,164,0.01727991367399752,0.7549872283026621,1116,142,0.1438918998397843,0.6477230377884864,0.8241968429678361,-3.9470851097522672,23.73962213204793,0.8679478505014198,20.318165749868204
6,backsliding_Nyr,Y_gini_disp,Disposable,gini,instr-popul_w6_trt-ert_gapany_illibany_exclyr,backsliding_Nyr,1347,164,0.01727991367399752,0.7549872283026621,946,121,0.4807684494742926,0.3883655482763587,0.21574288984442924,2.474973617906226,11.535657432063047,0.8301182940759804,18.93256759023233
6,backsliding_Nyr,Y_gini_mkt,Market,gini,instr-popul_w6_trt-ert_gapany_illibany_exclyr,backsliding_Nyr,1347,164,0.01727991367399752,0.7549872283026621,946,121,0.6109786322736959,0.3886537139214116,0.11594160435986103,2.8345932760527024,12.81243055536785,0.8249073191270662,19.33585467079635
6,backsliding_Nyr,Y_debt,Debt / GDP,fiscal,instr-popul_w6_trt-ert_gapany_illibany_exclyr,backsliding_Nyr,1347,164,0.01727991367399752,0.7549872283026621,1165,146,-1.0301550215904849,14.197646378251656,0.9421577266569164,-299.5825003201989,1081.7008073961206,0.7818146220137984,19.97498950920165
6,backsliding_Nyr,Y_deficit,Deficit / GDP,fiscal,instr-popul_w6_trt-ert_gapany_illibany_exclyr,backsliding_Nyr,1347,164,0.01727991367399752,0.7549872283026621,1017,128,0.6648255691927651,1.1760562419765013,0.5718691645609564,-153.64912220717088,543.4764150282487,0.7773950522876047,19.331276642594982
6,backsliding_Nyr,Y_checks_balances,Checks & balances,institutions,instr-popul_w6_trt-ert_gapany_illibany_exclyr,backsliding_Nyr,1347,164,0.01727991367399752,0.7549872283026621,1229,154,0.00397789279847025,0.01949373095003572,0.8383065293626762,-0.05228293641395974,0.5368751187832775,0.922421613413438,15.960450726324078
6,backsliding_Nyr,Y_jucon,Judicial constraints,institutions,instr-popul_w6_trt-ert_gapany_illibany_exclyr,backsliding_Nyr,1347,164,0.01727991367399752,0.7549872283026621,1258,156,-0.01058571902162215,0.0216960098577638,0.6256129755214841,-0.09093099888855384,3.23063840918468,0.9775453478699516,20.334745002370703
6,backsliding_Nyr,Y_legcon,Legislative constraints,institutions,instr-popul_w6_trt-ert_gapany_illibany_exclyr,backsliding_Nyr,1347,164,0.01727991367399752,0.7549872283026621,1229,154,0.00637017204088949,0.02487546280109712,0.797887092987512,-0.07646521849441636,0.7325087175637572,0.9168613385749644,16.54611001505144
6,backsliding_Nyr,Y_hos_power,HOS,exec_power,instr-popul_w6_trt-ert_gapany_illibany_exclyr,backsliding_Nyr,1347,164,0.01727991367399752,0.7549872283026621,1258,156,0.01474271456622482,0.01571394826199519,0.34814529051292586,0.1548635283756568,1.3354940969889657,0.9076844611052902,17.890993774000428
6,backsliding_Nyr,Y_hog_power,HOG,exec_power,instr-popul_w6_trt-ert_gapany_illibany_exclyr,backsliding_Nyr,1347,164,0.01727991367399752,0.7549872283026621,637,88,-0.0188664603817405,0.01195599141982281,0.1145674175345934,1.04578209665711,1.6994323603986516,0.5383094644426976,18.346389136091883
6,backsliding_Nyr,Y_hos_power_vdem,HOS (v2ex_hosw),exec_power_alt,instr-popul_w6_trt-ert_gapany_illibany_exclyr,backsliding_Nyr,1347,164,0.01727991367399752,0.7549872283026621,1258,156,-0.02631545770277886,0.02825036960490281,0.351590621123957,-0.1045000497701275,2.016316325289366,0.9586663741765916,16.392593245430533
6,backsliding_Nyr,Y_hog_power_vdem,HOG (v2ex_hogw),exec_power_alt,instr-popul_w6_trt-ert_gapany_illibany_exclyr,backsliding_Nyr,1347,164,0.01727991367399752,0.7549872283026621,1258,156,0.03152631787285533,0.02827073074915848,0.2647829280252183,0.2860400425353733,1.8475652013512895,0.876963224427045,15.56456919443709
6,backsliding_union_Nyr,Y_gdp_growth,PWT,growth,instr-popul_w6_trt-ertOrDdcg_gapany_illibany_exclyr,backsliding_union_Nyr,1347,186,0.05249329173073169,0.42769655749488417,1179,168,0.01265902055488912,0.02853259382126837,0.6572820839771383,0.08754258163995882,0.979519914653064,0.9287855224032756,17.098255117841234
6,backsliding_union_Nyr,Y_gdp_growth_wb,World Bank,growth,instr-popul_w6_trt-ertOrDdcg_gapany_illibany_exclyr,backsliding_union_Nyr,1347,186,0.05249329173073169,0.42769655749488417,1204,172,0.00490846833916341,0.02397901821444916,0.8378077159075104,-0.08928797069969169,1.1887888621763956,0.940128503742915,19.769710911686985
6,backsliding_union_Nyr,Y_gdp_growth_imf,IMF WEO,growth,instr-popul_w6_trt-ertOrDdcg_gapany_illibany_exclyr,backsliding_union_Nyr,1347,186,0.05249329173073169,0.42769655749488417,919,134,0.00245491157475249,0.02323175638386118,0.9158437779219836,-3.383383914565705,19.911621252256708,0.865073003484153,24.91778881180474
6,backsliding_union_Nyr,Y_inflation,"CPI, cumulative log",inflation,instr-popul_w6_trt-ertOrDdcg_gapany_illibany_exclyr,backsliding_union_Nyr,1347,186,0.05249329173073169,0.42769655749488417,1097,151,0.542808435119673,0.22347650419108167,0.01514352125053035,-30.64340172086964,53.123760775814354,0.5640540116048489,24.052443427492555
6,backsliding_union_Nyr,Y_unemployment,Unemployment rate,unemployment,instr-popul_w6_trt-ertOrDdcg_gapany_illibany_exclyr,backsliding_union_Nyr,1347,186,0.05249329173073169,0.42769655749488417,854,149,0.11039957281054008,0.583768904458107,0.850002528985148,-0.8065999919529574,35.41445028697868,0.9818289416474104,21.058521842449668
6,backsliding_union_Nyr,Y_trade_pct_gdp,Trade / GDP,trade,instr-popul_w6_trt-ertOrDdcg_gapany_illibany_exclyr,backsliding_union_Nyr,1347,186,0.05249329173073169,0.42769655749488417,1082,155,-3.597318381284652,3.217851464686012,0.26359879006790454,788.7108297627832,19112.40735755182,0.9670830777346864,20.779266483476817
6,backsliding_union_Nyr,Y_top10_share,Top-10% income share,top10,instr-popul_w6_trt-ertOrDdcg_gapany_illibany_exclyr,backsliding_union_Nyr,1347,186,0.05249329173073169,0.42769655749488417,1116,161,0.1438918998397843,0.6477230377884864,0.8241968429678361,-11.557841912318503,66.25627831417546,0.8615185335426002,21.271822713661308
6,backsliding_union_Nyr,Y_gini_disp,Disposable,gini,instr-popul_w6_trt-ertOrDdcg_gapany_illibany_exclyr,backsliding_union_Nyr,1347,186,0.05249329173073169,0.42769655749488417,946,134,0.4807684494742926,0.3883655482763587,0.21574288984442924,1.8564271516902584,19.76369859882579,0.9251638404983232,19.462696363640084
6,backsliding_union_Nyr,Y_gini_mkt,Market,gini,instr-popul_w6_trt-ertOrDdcg_gapany_illibany_exclyr,backsliding_union_Nyr,1347,186,0.05249329173073169,0.42769655749488417,946,134,0.6109786322736959,0.3886537139214116,0.11594160435986103,2.9607313787015954,20.434836145746633,0.8848005050489745,19.38256223045435
6,backsliding_union_Nyr,Y_debt,Debt / GDP,fiscal,instr-popul_w6_trt-ertOrDdcg_gapany_illibany_exclyr,backsliding_union_Nyr,1347,186,0.05249329173073169,0.42769655749488417,1165,165,-1.0301550215904849,14.197646378251656,0.9421577266569164,-63.412390476633135,415.4343508244767,0.8786812467502663,19.892416805700833
6,backsliding_union_Nyr,Y_deficit,Deficit / GDP,fiscal,instr-popul_w6_trt-ertOrDdcg_gapany_illibany_exclyr,backsliding_union_Nyr,1347,186,0.05249329173073169,0.42769655749488417,1017,139,0.6648255691927651,1.1760562419765013,0.5718691645609564,-592.5943759580388,1446.6870103561791,0.6820834844805262,19.071575658514003
6,backsliding_union_Nyr,Y_checks_balances,Checks & balances,institutions,instr-popul_w6_trt-ertOrDdcg_gapany_illibany_exclyr,backsliding_union_Nyr,1347,186,0.05249329173073169,0.42769655749488417,1229,170,0.00397789279847025,0.01949373095003572,0.8383065293626762,-0.33064764126680013,1.9025032792687917,0.8620257131798166,16.140002533497785
6,backsliding_union_Nyr,Y_jucon,Judicial constraints,institutions,instr-popul_w6_trt-ertOrDdcg_gapany_illibany_exclyr,backsliding_union_Nyr,1347,186,0.05249329173073169,0.42769655749488417,1258,178,-0.01058571902162215,0.0216960098577638,0.6256129755214841,-0.22342878872410551,0.7322132090152289,0.7602582271227678,18.34577298190694
6,backsliding_union_Nyr,Y_legcon,Legislative constraints,institutions,instr-popul_w6_trt-ertOrDdcg_gapany_illibany_exclyr,backsliding_union_Nyr,1347,186,0.05249329173073169,0.42769655749488417,1229,170,0.00637017204088949,0.02487546280109712,0.797887092987512,-0.5179182672788415,2.811903178590007,0.8538661279836042,16.933777525373248
6,backsliding_union_Nyr,Y_hos_power,HOS,exec_power,instr-popul_w6_trt-ertOrDdcg_gapany_illibany_exclyr,backsliding_union_Nyr,1347,186,0.05249329173073169,0.42769655749488417,1258,178,0.01474271456622482,0.01571394826199519,0.34814529051292586,0.184356903482791,0.6878246476672362,0.7886770512222694,17.535072413929168
6,backsliding_union_Nyr,Y_hog_power,HOG,exec_power,instr-popul_w6_trt-ertOrDdcg_gapany_illibany_exclyr,backsliding_union_Nyr,1347,186,0.05249329173073169,0.42769655749488417,637,101,-0.0188664603817405,0.01195599141982281,0.1145674175345934,0.30872485773580827,0.368571389613981,0.4022409702815621,20.237559768071787
6,backsliding_union_Nyr,Y_hos_power_vdem,HOS (v2ex_hosw),exec_power_alt,instr-popul_w6_trt-ertOrDdcg_gapany_illibany_exclyr,backsliding_union_Nyr,1347,186,0.05249329173073169,0.42769655749488417,1258,178,-0.02631545770277886,0.02825036960490281,0.351590621123957,-0.1949377099380748,1.349423405923051,0.8851372376966602,16.53017022398682
6,backsliding_union_Nyr,Y_hog_power_vdem,HOG (v2ex_hogw),exec_power_alt,instr-popul_w6_trt-ertOrDdcg_gapany_illibany_exclyr,backsliding_union_Nyr,1347,186,0.05249329173073169,0.42769655749488417,1258,178,0.03152631787285533,0.02827073074915848,0.2647829280252183,0.33155153397623655,1.367017059951607,0.8083644775664427,15.768027419874583
6,polyarchy_decline,Y_gdp_growth,PWT,growth,instr-popul_w6_trt-polyarchy_gapany_illibany_exclyr,polyarchy_decline,1258,458,-0.00371261299687394,0.8472692403766143,1179,407,0.01265902055488912,0.02853259382126837,0.6572820839771383,0.07028100955867478,7.712301849399283,0.9927291024886368,19.01067294625327
6,polyarchy_decline,Y_gdp_growth_wb,World Bank,growth,instr-popul_w6_trt-polyarchy_gapany_illibany_exclyr,polyarchy_decline,1258,458,-0.00371261299687394,0.8472692403766143,1204,430,0.00490846833916341,0.02397901821444916,0.8378077159075104,-0.5649353134184136,5.857453193334248,0.9231653586715962,17.332849863538627
6,polyarchy_decline,Y_gdp_growth_imf,IMF WEO,growth,instr-popul_w6_trt-polyarchy_gapany_illibany_exclyr,polyarchy_decline,1258,458,-0.00371261299687394,0.8472692403766143,919,335,0.00245491157475249,0.02323175638386118,0.9158437779219836,1.3466464376249154,3.4654806670222564,0.6975804676848052,20.378932467041775
6,polyarchy_decline,Y_inflation,"CPI, cumulative log",inflation,instr-popul_w6_trt-polyarchy_gapany_illibany_exclyr,polyarchy_decline,1258,458,-0.00371261299687394,0.8472692403766143,1097,393,0.542808435119673,0.22347650419108167,0.01514352125053035,18.19576053494287,69.7747294738568,0.7942632011340063,17.693519887781417
6,polyarchy_decline,Y_unemployment,Unemployment rate,unemployment,instr-popul_w6_trt-polyarchy_gapany_illibany_exclyr,polyarchy_decline,1258,458,-0.00371261299687394,0.8472692403766143,854,380,0.11039957281054008,0.583768904458107,0.850002528985148,-12.640497923115884,37.90496757471812,0.7387729927599096,17.308896190814682
6,polyarchy_decline,Y_trade_pct_gdp,Trade / GDP,trade,instr-popul_w6_trt-polyarchy_gapany_illibany_exclyr,polyarchy_decline,1258,458,-0.00371261299687394,0.8472692403766143,1082,395,-3.597318381284652,3.217851464686012,0.26359879006790454,-180.03406399627585,2124.141087402869,0.9324552390401536,17.23475836880144
6,polyarchy_decline,Y_top10_share,Top-10% income share,top10,instr-popul_w6_trt-polyarchy_gapany_illibany_exclyr,polyarchy_decline,1258,458,-0.00371261299687394,0.8472692403766143,1116,398,0.1438918998397843,0.6477230377884864,0.8241968429678361,-27.487548537336068,151.01252125285504,0.8555657341828583,20.880016333747022
6,polyarchy_decline,Y_gini_disp,Disposable,gini,instr-popul_w6_trt-polyarchy_gapany_illibany_exclyr,polyarchy_decline,1258,458,-0.00371261299687394,0.8472692403766143,946,329,0.4807684494742926,0.3883655482763587,0.21574288984442924,-155.1183752953613,309.67233184235516,0.616433538129258,16.6754070674705
6,polyarchy_decline,Y_gini_mkt,Market,gini,instr-popul_w6_trt-polyarchy_gapany_illibany_exclyr,polyarchy_decline,1258,458,-0.00371261299687394,0.8472692403766143,946,329,0.6109786322736959,0.3886537139214116,0.11594160435986103,-191.83439398930676,415.9834275571198,0.6446847200717147,17.758783142051694
6,polyarchy_decline,Y_debt,Debt / GDP,fiscal,instr-popul_w6_trt-polyarchy_gapany_illibany_exclyr,polyarchy_decline,1258,458,-0.00371261299687394,0.8472692403766143,1165,422,-1.0301550215904849,14.197646378251656,0.9421577266569164,-140.06008659449782,1727.374561273499,0.9353762329268748,17.510999300199963
6,polyarchy_decline,Y_deficit,Deficit / GDP,fiscal,instr-popul_w6_trt-polyarchy_gapany_illibany_exclyr,polyarchy_decline,1258,458,-0.00371261299687394,0.8472692403766143,1017,372,0.6648255691927651,1.1760562419765013,0.5718691645609564,-122.7549386942309,208.2684090905774,0.5555880226782985,21.246582555401343
6,polyarchy_decline,Y_checks_balances,Checks & balances,institutions,instr-popul_w6_trt-polyarchy_gapany_illibany_exclyr,polyarchy_decline,1258,458,-0.00371261299687394,0.8472692403766143,1229,453,0.00397789279847025,0.01949373095003572,0.8383065293626762,-0.5621554565157967,1.1808416471610688,0.6340292306262856,19.443220078967972
6,polyarchy_decline,Y_jucon,Judicial constraints,institutions,instr-popul_w6_trt-polyarchy_gapany_illibany_exclyr,polyarchy_decline,1258,458,-0.00371261299687394,0.8472692403766143,1258,458,-0.01058571902162215,0.0216960098577638,0.6256129755214841,15.430849476171202,113.56975982778437,0.891923173508569,18.83934911041565
6,polyarchy_decline,Y_legcon,Legislative constraints,institutions,instr-popul_w6_trt-polyarchy_gapany_illibany_exclyr,polyarchy_decline,1258,458,-0.00371261299687394,0.8472692403766143,1229,453,0.00637017204088949,0.02487546280109712,0.797887092987512,-0.36936180899158005,1.661832509637975,0.8241101230999923,19.769837806484205
6,polyarchy_decline,Y_hos_power,HOS,exec_power,instr-popul_w6_trt-polyarchy_gapany_illibany_exclyr,polyarchy_decline,1258,458,-0.00371261299687394,0.8472692403766143,1258,458,0.01474271456622482,0.01571394826199519,0.34814529051292586,-10.621594737860462,67.45799812816645,0.8748863211472775,17.514380770805715
6,polyarchy_decline,Y_hog_power,HOG,exec_power,instr-popul_w6_trt-polyarchy_gapany_illibany_exclyr,polyarchy_decline,1258,458,-0.00371261299687394,0.8472692403766143,637,231,-0.0188664603817405,0.01195599141982281,0.1145674175345934,0.6580543725694743,0.635047388789671,0.30009542925362126,16.511123903793248
6,polyarchy_decline,Y_hos_power_vdem,HOS (v2ex_hosw),exec_power_alt,instr-popul_w6_trt-polyarchy_gapany_illibany_exclyr,polyarchy_decline,1258,458,-0.00371261299687394,0.8472692403766143,1258,458,-0.02631545770277886,0.02825036960490281,0.351590621123957,4.094163041367629,49.09450718396789,0.9335386526044246,15.270316489759358
6,polyarchy_decline,Y_hog_power_vdem,HOG (v2ex_hogw),exec_power_alt,instr-popul_w6_trt-polyarchy_gapany_illibany_exclyr,polyarchy_decline,1258,458,-0.00371261299687394,0.8472692403766143,1258,458,0.03152631787285533,0.02827073074915848,0.2647829280252183,-2.3337965613644345,50.40646076046178,0.9630714962181488,14.777137137883898
7,backsliding_Nyr,Y_gdp_growth,PWT,growth,instr-popul_w7_trt-ert_gapany_illibany_exclyr,backsliding_Nyr,1347,177,-0.01546400937980846,0.7823910970627558,1156,156,0.02815988813363226,0.02867363952908756,0.326059059382894,-2.632487758139272,5.193549426159861,0.6122415291826917,22.697076192618503
7,backsliding_Nyr,Y_gdp_growth_wb,World Bank,growth,instr-popul_w7_trt-ert_gapany_illibany_exclyr,backsliding_Nyr,1347,177,-0.01546400937980846,0.7823910970627558,1176,158,0.01387357864357213,0.02445187028345513,0.5704539103823054,-1.2405556603739345,2.901075070594729,0.6689283198795197,22.00571974249843
7,backsliding_Nyr,Y_gdp_growth_imf,IMF WEO,growth,instr-popul_w7_trt-ert_gapany_illibany_exclyr,backsliding_Nyr,1347,177,-0.01546400937980846,0.7823910970627558,897,128,0.00210436964896437,0.02413761260257404,0.9305267049599386,-0.15810120273369893,2.021921822417584,0.9376741093385124,25.87238540875514
7,backsliding_Nyr,Y_inflation,"CPI, cumulative log",inflation,instr-popul_w7_trt-ert_gapany_illibany_exclyr,backsliding_Nyr,1347,177,-0.01546400937980846,0.7823910970627558,1069,142,0.4770729911801088,0.2253471722985767,0.0342549417258444,-5.089529882499173,4.977025978776404,0.3064948126605545,26.939430740811495
7,backsliding_Nyr,Y_unemployment,Unemployment rate,unemployment,instr-popul_w7_trt-ert_gapany_illibany_exclyr,backsliding_Nyr,1347,177,-0.01546400937980846,0.7823910970627558,819,141,0.3456129026549648,0.6409580240186576,0.5897398873248836,-64.85116735655004,161.67415863397787,0.6883298237764621,23.01561125964549
7,backsliding_Nyr,Y_trade_pct_gdp,Trade / GDP,trade,instr-popul_w7_trt-ert_gapany_illibany_exclyr,backsliding_Nyr,1347,177,-0.01546400937980846,0.7823910970627558,1056,144,-3.144381593418177,3.4677917497361532,0.36454489996721784,565.6598763240104,1700.8555304401625,0.7394560722957965,17.365766487895538
7,backsliding_Nyr,Y_top10_share,Top-10% income share,top10,instr-popul_w7_trt-ert_gapany_illibany_exclyr,backsliding_Nyr,1347,177,-0.01546400937980846,0.7823910970627558,1087,149,0.02110671908261668,0.6838829928683963,0.975378752946913,-13.453052164445932,68.61481285117691,0.8445582765995502,20.355480260070273
7,backsliding_Nyr,Y_gini_disp,Disposable,gini,instr-popul_w7_trt-ert_gapany_illibany_exclyr,backsliding_Nyr,1347,177,-0.01546400937980846,0.7823910970627558,909,122,0.509538346485384,0.4229507924234713,0.22831043747533075,0.15767333625177749,27.2179952810126,0.9953778955536968,19.085770596402707
7,backsliding_Nyr,Y_gini_mkt,Market,gini,instr-popul_w7_trt-ert_gapany_illibany_exclyr,backsliding_Nyr,1347,177,-0.01546400937980846,0.7823910970627558,909,122,0.6691076735155642,0.4455694971187373,0.13317694679994366,-0.24470638705427208,44.8131439979818,0.9956430979746476,20.204981318882947
7,backsliding_Nyr,Y_debt,Debt / GDP,fiscal,instr-popul_w7_trt-ert_gapany_illibany_exclyr,backsliding_Nyr,1347,177,-0.01546400937980846,0.7823910970627558,1137,154,-1.5914972086950576,13.262175181975294,0.9044809864889608,-40.83052564476419,250.1235934759702,0.8703283706483429,27.27299838741629
7,backsliding_Nyr,Y_deficit,Deficit / GDP,fiscal,instr-popul_w7_trt-ert_gapany_illibany_exclyr,backsliding_Nyr,1347,177,-0.01546400937980846,0.7823910970627558,988,136,0.20226446199158404,1.1540716475997963,0.86087407086315,-7.266418742794544,47.00516918116019,0.8771464051240904,21.35306438741558
7,backsliding_Nyr,Y_checks_balances,Checks & balances,institutions,instr-popul_w7_trt-ert_gapany_illibany_exclyr,backsliding_Nyr,1347,177,-0.01546400937980846,0.7823910970627558,1191,161,0.00436983010135954,0.01993107395934426,0.8264575698985956,0.41345955668365736,1.910673354027143,0.8286801096605478,20.76617344318783
7,backsliding_Nyr,Y_jucon,Judicial constraints,institutions,instr-popul_w7_trt-ert_gapany_illibany_exclyr,backsliding_Nyr,1347,177,-0.01546400937980846,0.7823910970627558,1222,164,-0.02788534776084711,0.02601138238982839,0.2837002466037127,0.1306624644446809,0.47537059473623405,0.7834204007105332,27.05112237419162
7,backsliding_Nyr,Y_legcon,Legislative constraints,institutions,instr-popul_w7_trt-ert_gapany_illibany_exclyr,backsliding_Nyr,1347,177,-0.01546400937980846,0.7823910970627558,1191,161,0.00402256071440852,0.02513955994990177,0.8728738321059929,-0.12302483808339272,0.9669776671228352,0.8987614151012815,23.134771848088125
7,backsliding_Nyr,Y_hos_power,HOS,exec_power,instr-popul_w7_trt-ert_gapany_illibany_exclyr,backsliding_Nyr,1347,177,-0.01546400937980846,0.7823910970627558,1222,164,0.01490671924940335,0.01689672705317575,0.3776550099444474,-0.5544600313530942,1.18079783674618,0.6386666250366535,21.891317340350035
7,backsliding_Nyr,Y_hog_power,HOG,exec_power,instr-popul_w7_trt-ert_gapany_illibany_exclyr,backsliding_Nyr,1347,177,-0.01546400937980846,0.7823910970627558,616,92,-0.01416800183357616,0.01251328231464388,0.2575347881312142,0.1532071071060069,0.16517630620460233,0.35364787971615846,22.72759134191963
7,backsliding_Nyr,Y_hos_power_vdem,HOS (v2ex_hosw),exec_power_alt,instr-popul_w7_trt-ert_gapany_illibany_exclyr,backsliding_Nyr,1347,177,-0.01546400937980846,0.7823910970627558,1222,164,-0.01168921139104902,0.02938394512419276,0.6907706422762049,0.23673679112801632,0.7429686259437783,0.7500023061855364,23.710999376450825
7,backsliding_Nyr,Y_hog_power_vdem,HOG (v2ex_hogw),exec_power_alt,instr-popul_w7_trt-ert_gapany_illibany_exclyr,backsliding_Nyr,1347,177,-0.01546400937980846,0.7823910970627558,1222,164,0.01732831728468989,0.02938571346064327,0.5554017885783495,-0.33058925537340933,0.9050075474380443,0.7148957271113575,23.114944745647144
7,backsliding_union_Nyr,Y_gdp_growth,PWT,growth,instr-popul_w7_trt-ertOrDdcg_gapany_illibany_exclyr,backsliding_union_Nyr,1347,201,0.02680869706863203,0.6914691227643994,1156,180,0.02815988813363226,0.02867363952908756,0.326059059382894,-25.395792899173095,116.71299359563572,0.8277471571186026,21.51582105101295
7,backsliding_union_Nyr,Y_gdp_growth_wb,World Bank,growth,instr-popul_w7_trt-ertOrDdcg_gapany_illibany_exclyr,backsliding_union_Nyr,1347,201,0.02680869706863203,0.6914691227643994,1176,181,0.01387357864357213,0.02445187028345513,0.5704539103823054,-68.62853343017397,235.2842815309518,0.7705286562222997,21.754887803796727
7,backsliding_union_Nyr,Y_gdp_growth_imf,IMF WEO,growth,instr-popul_w7_trt-ertOrDdcg_gapany_illibany_exclyr,backsliding_union_Nyr,1347,201,0.02680869706863203,0.6914691227643994,897,143,0.00210436964896437,0.02413761260257404,0.9305267049599386,-0.21902800439445047,0.879695658718525,0.8033750392038546,27.033732612076975
7,backsliding_union_Nyr,Y_inflation,"CPI, cumulative log",inflation,instr-popul_w7_trt-ertOrDdcg_gapany_illibany_exclyr,backsliding_union_Nyr,1347,201,0.02680869706863203,0.6914691227643994,1069,159,0.4770729911801088,0.2253471722985767,0.0342549417258444,-7.841574056147561,8.52118452754039,0.35744495179589575,27.1722627269735
7,backsliding_union_Nyr,Y_unemployment,Unemployment rate,unemployment,instr-popul_w7_trt-ertOrDdcg_gapany_illibany_exclyr,backsliding_union_Nyr,1347,201,0.02680869706863203,0.6914691227643994,819,157,0.3456129026549648,0.6409580240186576,0.5897398873248836,-27.703526824904593,58.23977612469552,0.6343020030777466,22.109634226297832
7,backsliding_union_Nyr,Y_trade_pct_gdp,Trade / GDP,trade,instr-popul_w7_trt-ertOrDdcg_gapany_illibany_exclyr,backsliding_union_Nyr,1347,201,0.02680869706863203,0.6914691227643994,1056,164,-3.144381593418177,3.4677917497361532,0.36454489996721784,4256.613255607963,45318.03877535932,0.9251666930207928,18.381804828701515
7,backsliding_union_Nyr,Y_top10_share,Top-10% income share,top10,instr-popul_w7_trt-ertOrDdcg_gapany_illibany_exclyr,backsliding_union_Nyr,1347,201,0.02680869706863203,0.6914691227643994,1087,169,0.02110671908261668,0.6838829928683963,0.975378752946913,-100.07805473062881,317.89367798996386,0.7529012705522808,23.44727984842308
7,backsliding_union_Nyr,Y_gini_disp,Disposable,gini,instr-popul_w7_trt-ertOrDdcg_gapany_illibany_exclyr,backsliding_union_Nyr,1347,201,0.02680869706863203,0.6914691227643994,909,134,0.509538346485384,0.4229507924234713,0.22831043747533075,-20.953669609344377,114.7266749553007,0.8550805672165424,19.360851409530213
7,backsliding_union_Nyr,Y_gini_mkt,Market,gini,instr-popul_w7_trt-ertOrDdcg_gapany_illibany_exclyr,backsliding_union_Nyr,1347,201,0.02680869706863203,0.6914691227643994,909,134,0.6691076735155642,0.4455694971187373,0.13317694679994366,-53.94336251856427,290.49713455432357,0.8526853071647407,20.72018181065492
7,backsliding_union_Nyr,Y_debt,Debt / GDP,fiscal,instr-popul_w7_trt-ertOrDdcg_gapany_illibany_exclyr,backsliding_union_Nyr,1347,201,0.02680869706863203,0.6914691227643994,1137,174,-1.5914972086950576,13.262175181975294,0.9044809864889608,-106.85980358977746,353.0831520083799,0.7621583594168176,28.840479318542265
7,backsliding_union_Nyr,Y_deficit,Deficit / GDP,fiscal,instr-popul_w7_trt-ertOrDdcg_gapany_illibany_exclyr,backsliding_union_Nyr,1347,201,0.02680869706863203,0.6914691227643994,988,147,0.20226446199158404,1.1540716475997963,0.86087407086315,-3.3143812178430783,28.758488638026368,0.9082479219417532,21.274890439836152
7,backsliding_union_Nyr,Y_checks_balances,Checks & balances,institutions,instr-popul_w7_trt-ertOrDdcg_gapany_illibany_exclyr,backsliding_union_Nyr,1347,201,0.02680869706863203,0.6914691227643994,1191,179,0.00436983010135954,0.01993107395934426,0.8264575698985956,0.19316605364832204,0.8078679408603227,0.8110234068633454,20.03580034548912
7,backsliding_union_Nyr,Y_jucon,Judicial constraints,institutions,instr-popul_w7_trt-ertOrDdcg_gapany_illibany_exclyr,backsliding_union_Nyr,1347,201,0.02680869706863203,0.6914691227643994,1222,188,-0.02788534776084711,0.02601138238982839,0.2837002466037127,2.433558617710614,5.46830263813744,0.6562980881182936,22.016923832555605
7,backsliding_union_Nyr,Y_legcon,Legislative constraints,institutions,instr-popul_w7_trt-ertOrDdcg_gapany_illibany_exclyr,backsliding_union_Nyr,1347,201,0.02680869706863203,0.6914691227643994,1191,179,0.00402256071440852,0.02513955994990177,0.8728738321059929,-0.07586255728451624,0.5605257649908182,0.8923416497381387,23.434185848068967
7,backsliding_union_Nyr,Y_hos_power,HOS,exec_power,instr-popul_w7_trt-ertOrDdcg_gapany_illibany_exclyr,backsliding_union_Nyr,1347,201,0.02680869706863203,0.6914691227643994,1222,188,0.01490671924940335,0.01689672705317575,0.3776550099444474,-2.0004554016381064,5.209225741457789,0.7009624100776641,21.76372736598606
7,backsliding_union_Nyr,Y_hog_power,HOG,exec_power,instr-popul_w7_trt-ertOrDdcg_gapany_illibany_exclyr,backsliding_union_Nyr,1347,201,0.02680869706863203,0.6914691227643994,616,106,-0.01416800183357616,0.01251328231464388,0.2575347881312142,0.11277587370601684,0.11855862018923792,0.3414903832423365,21.711456665490843
7,backsliding_union_Nyr,Y_hos_power_vdem,HOS (v2ex_hosw),exec_power_alt,instr-popul_w7_trt-ertOrDdcg_gapany_illibany_exclyr,backsliding_union_Nyr,1347,201,0.02680869706863203,0.6914691227643994,1222,188,-0.01168921139104902,0.02938394512419276,0.6907706422762049,4.051763163485738,24.644237220541907,0.869408260168106,18.07321791968854
7,backsliding_union_Nyr,Y_hog_power_vdem,HOG (v2ex_hogw),exec_power_alt,instr-popul_w7_trt-ertOrDdcg_gapany_illibany_exclyr,backsliding_union_Nyr,1347,201,0.02680869706863203,0.6914691227643994,1222,188,0.01732831728468989,0.02938571346064327,0.5554017885783495,-1.7439456747756381,11.442007063782334,0.8788587882831299,16.725901685700865
7,polyarchy_decline,Y_gdp_growth,PWT,growth,instr-popul_w7_trt-polyarchy_gapany_illibany_exclyr,polyarchy_decline,1222,427,0.00144387067154552,0.9438614429663073,1156,388,0.02815988813363226,0.02867363952908756,0.326059059382894,1.1656524598939009,10.616531629210812,0.91257118184542,19.538828823932196
7,polyarchy_decline,Y_gdp_growth_wb,World Bank,growth,instr-popul_w7_trt-polyarchy_gapany_illibany_exclyr,polyarchy_decline,1222,427,0.00144387067154552,0.9438614429663073,1176,405,0.01387357864357213,0.02445187028345513,0.5704539103823054,0.28910551814202723,11.740809911912256,0.9803548884473328,19.978296384690243
7,polyarchy_decline,Y_gdp_growth_imf,IMF WEO,growth,instr-popul_w7_trt-polyarchy_gapany_illibany_exclyr,polyarchy_decline,1222,427,0.00144387067154552,0.9438614429663073,897,314,0.00210436964896437,0.02413761260257404,0.9305267049599386,1.677609250581933,3.3829674098733116,0.6199658604859402,19.345697278726067
7,polyarchy_decline,Y_inflation,"CPI, cumulative log",inflation,instr-popul_w7_trt-polyarchy_gapany_illibany_exclyr,polyarchy_decline,1222,427,0.00144387067154552,0.9438614429663073,1069,367,0.4770729911801088,0.2253471722985767,0.0342549417258444,-1205.6975008840102,7234.369834911887,0.8676356854194553,24.633997628209055
7,polyarchy_decline,Y_unemployment,Unemployment rate,unemployment,instr-popul_w7_trt-polyarchy_gapany_illibany_exclyr,polyarchy_decline,1222,427,0.00144387067154552,0.9438614429663073,819,354,0.3456129026549648,0.6409580240186576,0.5897398873248836,-46.83261838380496,56.70311512450377,0.4088456572634313,16.67780786341101
7,polyarchy_decline,Y_trade_pct_gdp,Trade / GDP,trade,instr-popul_w7_trt-polyarchy_gapany_illibany_exclyr,polyarchy_decline,1222,427,0.00144387067154552,0.9438614429663073,1056,370,-3.144381593418177,3.4677917497361532,0.36454489996721784,-269.16985947141114,2083.1129866800247,0.8971873698339076,19.44434207877671
7,polyarchy_decline,Y_top10_share,Top-10% income share,top10,instr-popul_w7_trt-polyarchy_gapany_illibany_exclyr,polyarchy_decline,1222,427,0.00144387067154552,0.9438614429663073,1087,373,0.02110671908261668,0.6838829928683963,0.975378752946913,-21.32612283213782,90.06732813509947,0.8128276328185874,16.95497462592069
7,polyarchy_decline,Y_gini_disp,Disposable,gini,instr-popul_w7_trt-polyarchy_gapany_illibany_exclyr,polyarchy_decline,1222,427,0.00144387067154552,0.9438614429663073,909,306,0.509538346485384,0.4229507924234713,0.22831043747533075,-321.4841184961399,839.4242343373281,0.7017333344008646,18.490096496545807
7,polyarchy_decline,Y_gini_mkt,Market,gini,instr-popul_w7_trt-polyarchy_gapany_illibany_exclyr,polyarchy_decline,1222,427,0.00144387067154552,0.9438614429663073,909,306,0.6691076735155642,0.4455694971187373,0.13317694679994366,-313.2195027300253,943.1694413287992,0.7398194091767734,19.726565579157416
7,polyarchy_decline,Y_debt,Debt / GDP,fiscal,instr-popul_w7_trt-polyarchy_gapany_illibany_exclyr,polyarchy_decline,1222,427,0.00144387067154552,0.9438614429663073,1137,394,-1.5914972086950576,13.262175181975294,0.9044809864889608,-368.5887906661825,2088.175056397667,0.8598914078955824,19.477368533757755
7,polyarchy_decline,Y_deficit,Deficit / GDP,fiscal,instr-popul_w7_trt-polyarchy_gapany_illibany_exclyr,polyarchy_decline,1222,427,0.00144387067154552,0.9438614429663073,988,349,0.20226446199158404,1.1540716475997963,0.86087407086315,-35.376939801144175,122.94834046480626,0.7735471116370768,17.06760659084805
7,polyarchy_decline,Y_checks_balances,Checks & balances,institutions,instr-popul_w7_trt-polyarchy_gapany_illibany_exclyr,polyarchy_decline,1222,427,0.00144387067154552,0.9438614429663073,1191,420,0.00436983010135954,0.01993107395934426,0.8264575698985956,0.4167271324600238,2.542349294327652,0.8697986939623461,21.27977289461475
7,polyarchy_decline,Y_jucon,Judicial constraints,institutions,instr-popul_w7_trt-polyarchy_gapany_illibany_exclyr,polyarchy_decline,1222,427,0.00144387067154552,0.9438614429663073,1222,427,-0.02788534776084711,0.02601138238982839,0.2837002466037127,-1.351523628762333,12.179439700345249,0.9116420110914596,19.61122482534001
7,polyarchy_decline,Y_legcon,Legislative constraints,institutions,instr-popul_w7_trt-polyarchy_gapany_illibany_exclyr,polyarchy_decline,1222,427,0.00144387067154552,0.9438614429663073,1191,420,0.00402256071440852,0.02513955994990177,0.8728738321059929,0.2668106165595606,3.199158489950928,0.9335332900556822,20.84529139955045
7,polyarchy_decline,Y_hos_power,HOS,exec_power,instr-popul_w7_trt-polyarchy_gapany_illibany_exclyr,polyarchy_decline,1222,427,0.00144387067154552,0.9438614429663073,1222,427,0.01490671924940335,0.01689672705317575,0.3776550099444474,-0.00114405708696185,8.65816358697129,0.9998945705432176,17.198580137977974
7,polyarchy_decline,Y_hog_power,HOG,exec_power,instr-popul_w7_trt-polyarchy_gapany_illibany_exclyr,polyarchy_decline,1222,427,0.00144387067154552,0.9438614429663073,616,211,-0.01416800183357616,0.01251328231464388,0.2575347881312142,0.36558941153706415,0.4615238047666563,0.4282816451424537,15.258288333967135
7,polyarchy_decline,Y_hos_power_vdem,HOS (v2ex_hosw),exec_power_alt,instr-popul_w7_trt-polyarchy_gapany_illibany_exclyr,polyarchy_decline,1222,427,0.00144387067154552,0.9438614429663073,1222,427,-0.01168921139104902,0.02938394512419276,0.6907706422762049,0.9481877372876726,8.48732013957355,0.9110468847345828,17.809904800413648
7,polyarchy_decline,Y_hog_power_vdem,HOG (v2ex_hogw),exec_power_alt,instr-popul_w7_trt-polyarchy_gapany_illibany_exclyr,polyarchy_decline,1222,427,0.00144387067154552,0.9438614429663073,1222,427,0.01732831728468989,0.02938571346064327,0.5554017885783495,-0.6912240103425513,10.606161028963516,0.948037108250414,17.755277647933685
8,backsliding_Nyr,Y_gdp_growth,PWT,growth,instr-popul_w8_trt-ert_gapany_illibany_exclyr,backsliding_Nyr,1347,202,-0.01899506218427277,0.7285391788406295,1120,173,0.01942656298132691,0.03127098816648116,0.5344464729710783,-253830.79379212545,980100.6513805356,0.7956472654244074,20.416508048861523
8,backsliding_Nyr,Y_gdp_growth_wb,World Bank,growth,instr-popul_w8_trt-ert_gapany_illibany_exclyr,backsliding_Nyr,1347,202,-0.01899506218427277,0.7285391788406295,1151,180,0.01688137978120899,0.02718461688128242,0.5346060928104466,-0.8758047446689488,1.7433632294793406,0.6154107635939959,23.66540326174005
8,backsliding_Nyr,Y_gdp_growth_imf,IMF WEO,growth,instr-popul_w8_trt-ert_gapany_illibany_exclyr,backsliding_Nyr,1347,202,-0.01899506218427277,0.7285391788406295,875,144,-0.00275636531341091,0.02631186016243024,0.9165682157399746,-42.31307271581163,464.5994922898473,0.9274335547980688,25.164191570228677
8,backsliding_Nyr,Y_inflation,"CPI, cumulative log",inflation,instr-popul_w8_trt-ert_gapany_illibany_exclyr,backsliding_Nyr,1347,202,-0.01899506218427277,0.7285391788406295,1045,163,0.47363180512008257,0.22585694665342312,0.0359897391967675,-8.647236115478886,9.36566568906911,0.35585550581447695,26.72084366136002
8,backsliding_Nyr,Y_unemployment,Unemployment rate,unemployment,instr-popul_w8_trt-ert_gapany_illibany_exclyr,backsliding_Nyr,1347,202,-0.01899506218427277,0.7285391788406295,790,157,0.5983099276542866,0.6877118954288093,0.3842999443994342,-10.294844040408671,172.3139789885627,0.95235898343467,21.665075737729225
8,backsliding_Nyr,Y_trade_pct_gdp,Trade / GDP,trade,instr-popul_w8_trt-ert_gapany_illibany_exclyr,backsliding_Nyr,1347,202,-0.01899506218427277,0.7285391788406295,1033,164,-2.780396018519222,3.7416618170554377,0.4574264591495324,124.21438274834608,256.9467817483714,0.628794319093632,22.715027654984624
8,backsliding_Nyr,Y_top10_share,Top-10% income share,top10,instr-popul_w8_trt-ert_gapany_illibany_exclyr,backsliding_Nyr,1347,202,-0.01899506218427277,0.7285391788406295,1063,171,0.01040047542400668,0.7681492577623203,0.9891972489165194,-6.120550776271181,27.29621532031492,0.8225806096736051,20.407119201389182
8,backsliding_Nyr,Y_gini_disp,Disposable,gini,instr-popul_w8_trt-ert_gapany_illibany_exclyr,backsliding_Nyr,1347,202,-0.01899506218427277,0.7285391788406295,879,138,0.6599200628944318,0.462511977794107,0.1536325810087132,3.4716253018981273,29.835686585465695,0.9073687013173696,20.03927663323968
8,backsliding_Nyr,Y_gini_mkt,Market,gini,instr-popul_w8_trt-ert_gapany_illibany_exclyr,backsliding_Nyr,1347,202,-0.01899506218427277,0.7285391788406295,879,138,0.8238061487702437,0.4876326865560576,0.09114300204622738,5.586909764879055,36.916055367441686,0.8797067918831073,21.209601754558115
8,backsliding_Nyr,Y_debt,Debt / GDP,fiscal,instr-popul_w8_trt-ert_gapany_illibany_exclyr,backsliding_Nyr,1347,202,-0.01899506218427277,0.7285391788406295,1112,175,-0.850947591364297,13.259101508863678,0.9488281959868012,-133.2380662764713,416.1258703069629,0.7488266279454686,27.54885233793325
8,backsliding_Nyr,Y_deficit,Deficit / GDP,fiscal,instr-popul_w8_trt-ert_gapany_illibany_exclyr,backsliding_Nyr,1347,202,-0.01899506218427277,0.7285391788406295,964,157,1.0598241368397263,1.0760789387968164,0.3246759370519865,-3581.7016403342736,13005.545917895482,0.7830104624186156,18.594555815254132
8,backsliding_Nyr,Y_checks_balances,Checks & balances,institutions,instr-popul_w8_trt-ert_gapany_illibany_exclyr,backsliding_Nyr,1347,202,-0.01899506218427277,0.7285391788406295,1161,178,-5.392992999933577e-4,0.02358785840766254,0.98175921307329,-0.1469376866645755,0.7603805350053817,0.8467692091018458,26.169704870542652
8,backsliding_Nyr,Y_jucon,Judicial constraints,institutions,instr-popul_w8_trt-ert_gapany_illibany_exclyr,backsliding_Nyr,1347,202,-0.01899506218427277,0.7285391788406295,1194,184,-0.01122108531633177,0.02441124272493674,0.6457540067525094,0.19025336630928935,0.7074453729392121,0.7879834610840898,27.72706939180638
8,backsliding_Nyr,Y_legcon,Legislative constraints,institutions,instr-popul_w8_trt-ert_gapany_illibany_exclyr,backsliding_Nyr,1347,202,-0.01899506218427277,0.7285391788406295,1161,178,0.00236058698110285,0.0263546760721233,0.9286289659348312,-0.11481920673353632,1.302772592498831,0.929769778660792,24.857215490610557
8,backsliding_Nyr,Y_hos_power,HOS,exec_power,instr-popul_w8_trt-ert_gapany_illibany_exclyr,backsliding_Nyr,1347,202,-0.01899506218427277,0.7285391788406295,1194,184,0.00881882055729754,0.01773451189353137,0.6189994662966902,-0.614132214257873,2.258313254965562,0.7856659384571075,22.163123668296908
8,backsliding_Nyr,Y_hog_power,HOG,exec_power,instr-popul_w8_trt-ert_gapany_illibany_exclyr,backsliding_Nyr,1347,202,-0.01899506218427277,0.7285391788406295,599,107,-0.01842752641722258,0.01343144589010523,0.17007311092556404,0.32996064208021936,0.4607490385573522,0.473905140665098,23.53755480265589
8,backsliding_Nyr,Y_hos_power_vdem,HOS (v2ex_hosw),exec_power_alt,instr-popul_w8_trt-ert_gapany_illibany_exclyr,backsliding_Nyr,1347,202,-0.01899506218427277,0.7285391788406295,1194,184,0.00595328360152467,0.02756857489660234,0.8290309675089272,-0.46742647976042273,1.3935830935038158,0.7373132415114977,23.56353087864767
8,backsliding_Nyr,Y_hog_power_vdem,HOG (v2ex_hogw),exec_power_alt,instr-popul_w8_trt-ert_gapany_illibany_exclyr,backsliding_Nyr,1347,202,-0.01899506218427277,0.7285391788406295,1194,184,0.00765848042307757,0.02698395513064066,0.7765513294217733,0.2195045736409173,1.1882921485348956,0.8534465144280867,22.7706642682068
8,backsliding_union_Nyr,Y_gdp_growth,PWT,growth,instr-popul_w8_trt-ertOrDdcg_gapany_illibany_exclyr,backsliding_union_Nyr,1347,226,0.02649864141863675,0.7017621858263375,1120,197,0.01942656298132691,0.03127098816648116,0.5344464729710783,-0.35188797230773217,4.942352408795254,0.943239792231536,19.47632616880419
8,backsliding_union_Nyr,Y_gdp_growth_wb,World Bank,growth,instr-popul_w8_trt-ertOrDdcg_gapany_illibany_exclyr,backsliding_union_Nyr,1347,226,0.02649864141863675,0.7017621858263375,1151,203,0.01688137978120899,0.02718461688128242,0.5346060928104466,-6.2789467715074405,16.476345043470346,0.7031375284567734,22.848595446480044
8,backsliding_union_Nyr,Y_gdp_growth_imf,IMF WEO,growth,instr-popul_w8_trt-ertOrDdcg_gapany_illibany_exclyr,backsliding_union_Nyr,1347,226,0.02649864141863675,0.7017621858263375,875,158,-0.00275636531341091,0.02631186016243024,0.9165682157399746,-0.4253153159785897,1.8325446527217004,0.8164681000217469,27.024790579378312
8,backsliding_union_Nyr,Y_inflation,"CPI, cumulative log",inflation,instr-popul_w8_trt-ertOrDdcg_gapany_illibany_exclyr,backsliding_union_Nyr,1347,226,0.02649864141863675,0.7017621858263375,1045,179,0.47363180512008257,0.22585694665342312,0.0359897391967675,-17.194763992328745,22.718145251508837,0.44912560341798496,26.760273412758657
8,backsliding_union_Nyr,Y_unemployment,Unemployment rate,unemployment,instr-popul_w8_trt-ertOrDdcg_gapany_illibany_exclyr,backsliding_union_Nyr,1347,226,0.02649864141863675,0.7017621858263375,790,172,0.5983099276542866,0.6877118954288093,0.3842999443994342,-5910.060850547896,25581.650890843383,0.817293559443065,20.862722677638857
8,backsliding_union_Nyr,Y_trade_pct_gdp,Trade / GDP,trade,instr-popul_w8_trt-ertOrDdcg_gapany_illibany_exclyr,backsliding_union_Nyr,1347,226,0.02649864141863675,0.7017621858263375,1033,184,-2.780396018519222,3.7416618170554377,0.4574264591495324,833.4871615795842,3321.92685437764,0.8018877671019358,23.546719397104155
8,backsliding_union_Nyr,Y_top10_share,Top-10% income share,top10,instr-popul_w8_trt-ertOrDdcg_gapany_illibany_exclyr,backsliding_union_Nyr,1347,226,0.02649864141863675,0.7017621858263375,1063,191,0.01040047542400668,0.7681492577623203,0.9891972489165194,-247.61280653761497,1001.3889648788546,0.804699771296056,24.22252811931546
8,backsliding_union_Nyr,Y_gini_disp,Disposable,gini,instr-popul_w8_trt-ertOrDdcg_gapany_illibany_exclyr,backsliding_union_Nyr,1347,226,0.02649864141863675,0.7017621858263375,879,149,0.6599200628944318,0.462511977794107,0.1536325810087132,-3.0206346668744786,91.3991247482705,0.9736356435469296,20.32516843711392
8,backsliding_union_Nyr,Y_gini_mkt,Market,gini,instr-popul_w8_trt-ertOrDdcg_gapany_illibany_exclyr,backsliding_union_Nyr,1347,226,0.02649864141863675,0.7017621858263375,879,149,0.8238061487702437,0.4876326865560576,0.09114300204622738,-3.6829412362348393,124.81310709655872,0.9764597193369824,21.800417338351902
8,backsliding_union_Nyr,Y_debt,Debt / GDP,fiscal,instr-popul_w8_trt-ertOrDdcg_gapany_illibany_exclyr,backsliding_union_Nyr,1347,226,0.02649864141863675,0.7017621858263375,1112,195,-0.850947591364297,13.259101508863678,0.9488281959868012,-489.7947496558651,1098.0426310730918,0.6555526862900642,28.602493934412255
8,backsliding_union_Nyr,Y_deficit,Deficit / GDP,fiscal,instr-popul_w8_trt-ertOrDdcg_gapany_illibany_exclyr,backsliding_union_Nyr,1347,226,0.02649864141863675,0.7017621858263375,964,167,1.0598241368397263,1.0760789387968164,0.3246759370519865,-125.57229263813664,293.4305781174682,0.6686908066846341,18.82695271787786
8,backsliding_union_Nyr,Y_checks_balances,Checks & balances,institutions,instr-popul_w8_trt-ertOrDdcg_gapany_illibany_exclyr,backsliding_union_Nyr,1347,226,0.02649864141863675,0.7017621858263375,1161,196,-5.392992999933577e-4,0.02358785840766254,0.98175921307329,-0.0853090669406823,0.5000126814920701,0.8645274410069792,25.90533395828302
8,backsliding_union_Nyr,Y_jucon,Judicial constraints,institutions,instr-popul_w8_trt-ertOrDdcg_gapany_illibany_exclyr,backsliding_union_Nyr,1347,226,0.02649864141863675,0.7017621858263375,1194,208,-0.01122108531633177,0.02441124272493674,0.6457540067525094,37.20187324359435,156.36394610294084,0.8119443177782046,20.522422324484246
8,backsliding_union_Nyr,Y_legcon,Legislative constraints,institutions,instr-popul_w8_trt-ertOrDdcg_gapany_illibany_exclyr,backsliding_union_Nyr,1347,226,0.02649864141863675,0.7017621858263375,1161,196,0.00236058698110285,0.0263546760721233,0.9286289659348312,-0.0607833917876841,0.580120127758088,0.9165525623576274,26.596014240481743
8,backsliding_union_Nyr,Y_hos_power,HOS,exec_power,instr-popul_w8_trt-ertOrDdcg_gapany_illibany_exclyr,backsliding_union_Nyr,1347,226,0.02649864141863675,0.7017621858263375,1194,208,0.00881882055729754,0.01773451189353137,0.6189994662966902,-151.4474550221379,617.2805852793299,0.8061883708072058,21.836274283337
8,backsliding_union_Nyr,Y_hog_power,HOG,exec_power,instr-popul_w8_trt-ertOrDdcg_gapany_illibany_exclyr,backsliding_union_Nyr,1347,226,0.02649864141863675,0.7017621858263375,599,120,-0.01842752641722258,0.01343144589010523,0.17007311092556404,0.21279669676929017,0.24515619810337608,0.385391838773497,23.115261957608187
8,backsliding_union_Nyr,Y_hos_power_vdem,HOS (v2ex_hosw),exec_power_alt,instr-popul_w8_trt-ertOrDdcg_gapany_illibany_exclyr,backsliding_union_Nyr,1347,226,0.02649864141863675,0.7017621858263375,1194,208,0.00595328360152467,0.02756857489660234,0.8290309675089272,0.42906318778128105,2.438795841016364,0.8603470565007071,18.091237642447663
8,backsliding_union_Nyr,Y_hog_power_vdem,HOG (v2ex_hogw),exec_power_alt,instr-popul_w8_trt-ertOrDdcg_gapany_illibany_exclyr,backsliding_union_Nyr,1347,226,0.02649864141863675,0.7017621858263375,1194,208,0.00765848042307757,0.02698395513064066,0.7765513294217733,-0.421862099940719,3.408870920139636,0.901509894595834,17.302379505814407
8,polyarchy_decline,Y_gdp_growth,PWT,growth,instr-popul_w8_trt-polyarchy_gapany_illibany_exclyr,polyarchy_decline,1194,418,0.00312638965773927,0.8915304693525048,1120,372,0.01942656298132691,0.03127098816648116,0.5344464729710783,0.5676018151252535,3.8034242222436014,0.88136865934012,18.551696058269968
8,polyarchy_decline,Y_gdp_growth_wb,World Bank,growth,instr-popul_w8_trt-polyarchy_gapany_illibany_exclyr,polyarchy_decline,1194,418,0.00312638965773927,0.8915304693525048,1151,403,0.01688137978120899,0.02718461688128242,0.5346060928104466,0.191860317307218,27.439656513794585,0.99442117150423,21.436521679667216
8,polyarchy_decline,Y_gdp_growth_imf,IMF WEO,growth,instr-popul_w8_trt-polyarchy_gapany_illibany_exclyr,polyarchy_decline,1194,418,0.00312638965773927,0.8915304693525048,875,311,-0.00275636531341091,0.02631186016243024,0.9165682157399746,1.634622968049992,2.9369999764009744,0.5778266326914758,19.202545983296897
8,polyarchy_decline,Y_inflation,"CPI, cumulative log",inflation,instr-popul_w8_trt-polyarchy_gapany_illibany_exclyr,polyarchy_decline,1194,418,0.00312638965773927,0.8915304693525048,1045,363,0.47363180512008257,0.22585694665342312,0.0359897391967675,17.10995178081658,105.99922329358462,0.8717659057621541,17.895388015076183
8,polyarchy_decline,Y_unemployment,Unemployment rate,unemployment,instr-popul_w8_trt-polyarchy_gapany_illibany_exclyr,polyarchy_decline,1194,418,0.00312638965773927,0.8915304693525048,790,340,0.5983099276542866,0.6877118954288093,0.3842999443994342,-32.68242317304612,38.4319785150556,0.39510463574252486,19.616161298081956
8,polyarchy_decline,Y_trade_pct_gdp,Trade / GDP,trade,instr-popul_w8_trt-polyarchy_gapany_illibany_exclyr,polyarchy_decline,1194,418,0.00312638965773927,0.8915304693525048,1033,372,-2.780396018519222,3.7416618170554377,0.4574264591495324,516.9705342026043,1388.3880910637924,0.7096300086279035,26.222218769519166
8,polyarchy_decline,Y_top10_share,Top-10% income share,top10,instr-popul_w8_trt-polyarchy_gapany_illibany_exclyr,polyarchy_decline,1194,418,0.00312638965773927,0.8915304693525048,1063,377,0.01040047542400668,0.7681492577623203,0.9891972489165194,-20.25091587728279,93.40523409935994,0.8283586956908493,16.402797853266605
8,polyarchy_decline,Y_gini_disp,Disposable,gini,instr-popul_w8_trt-polyarchy_gapany_illibany_exclyr,polyarchy_decline,1194,418,0.00312638965773927,0.8915304693525048,879,299,0.6599200628944318,0.462511977794107,0.1536325810087132,-3026.153246810617,20229.19038805826,0.8810854204065588,19.580497983736265
8,polyarchy_decline,Y_gini_mkt,Market,gini,instr-popul_w8_trt-polyarchy_gapany_illibany_exclyr,polyarchy_decline,1194,418,0.00312638965773927,0.8915304693525048,879,299,0.8238061487702437,0.4876326865560576,0.09114300204622738,-3006.9321411873007,22902.966358594826,0.8955458438614317,19.706407315033054
8,polyarchy_decline,Y_debt,Debt / GDP,fiscal,instr-popul_w8_trt-polyarchy_gapany_illibany_exclyr,polyarchy_decline,1194,418,0.00312638965773927,0.8915304693525048,1112,394,-0.850947591364297,13.259101508863678,0.9488281959868012,-813.329473244946,2811.551280661718,0.772366049516811,19.92596164708012
8,polyarchy_decline,Y_deficit,Deficit / GDP,fiscal,instr-popul_w8_trt-polyarchy_gapany_illibany_exclyr,polyarchy_decline,1194,418,0.00312638965773927,0.8915304693525048,964,350,1.0598241368397263,1.0760789387968164,0.3246759370519865,-59.64620650839277,82.83561931294294,0.4714910980736086,25.89408586156437
8,polyarchy_decline,Y_checks_balances,Checks & balances,institutions,instr-popul_w8_trt-polyarchy_gapany_illibany_exclyr,polyarchy_decline,1194,418,0.00312638965773927,0.8915304693525048,1161,409,-5.392992999933577e-4,0.02358785840766254,0.98175921307329,0.09415341680327186,1.6994230565892892,0.9558172740347408,22.990853816012265
8,polyarchy_decline,Y_jucon,Judicial constraints,institutions,instr-popul_w8_trt-polyarchy_gapany_illibany_exclyr,polyarchy_decline,1194,418,0.00312638965773927,0.8915304693525048,1194,418,-0.01122108531633177,0.02441124272493674,0.6457540067525094,2.1778378209806095,8.727721967932231,0.802950008696133,26.09577321263402
8,polyarchy_decline,Y_legcon,Legislative constraints,institutions,instr-popul_w8_trt-polyarchy_gapany_illibany_exclyr,polyarchy_decline,1194,418,0.00312638965773927,0.8915304693525048,1161,409,0.00236058698110285,0.0263546760721233,0.9286289659348312,0.3977868564980574,3.7747815599058727,0.9160742064045216,19.56769847408571
8,polyarchy_decline,Y_hos_power,HOS,exec_power,instr-popul_w8_trt-polyarchy_gapany_illibany_exclyr,polyarchy_decline,1194,418,0.00312638965773927,0.8915304693525048,1194,418,0.00881882055729754,0.01773451189353137,0.6189994662966902,-2.073942416303379,11.96163031769418,0.8623504480793217,18.436897118667694
8,polyarchy_decline,Y_hog_power,HOG,exec_power,instr-popul_w8_trt-polyarchy_gapany_illibany_exclyr,polyarchy_decline,1194,418,0.00312638965773927,0.8915304693525048,599,205,-0.01842752641722258,0.01343144589010523,0.17007311092556404,0.6150720442460772,0.6752391057143227,0.3623506075078144,13.738032601297403
8,polyarchy_decline,Y_hos_power_vdem,HOS (v2ex_hosw),exec_power_alt,instr-popul_w8_trt-polyarchy_gapany_illibany_exclyr,polyarchy_decline,1194,418,0.00312638965773927,0.8915304693525048,1194,418,0.00595328360152467,0.02756857489660234,0.8290309675089272,-2.693557954211933,11.180615033234409,0.8096223768307825,25.207504729467654
8,polyarchy_decline,Y_hog_power_vdem,HOG (v2ex_hogw),exec_power_alt,instr-popul_w8_trt-polyarchy_gapany_illibany_exclyr,polyarchy_decline,1194,418,0.00312638965773927,0.8915304693525048,1194,418,0.00765848042307757,0.02698395513064066,0.7765513294217733,0.7422676428619001,5.910202706160137,0.9000557712436703,25.24184848592532
9,backsliding_Nyr,Y_gdp_growth,PWT,growth,instr-popul_w9_trt-ert_gapany_illibany_exclyr,backsliding_Nyr,1347,221,0.00417901393812575,0.942083663193763,1083,178,0.02886937856098437,0.03497692224937968,0.40915383368484265,0.10646526172970085,4.159838962982762,0.979581489470165,19.227678464101405
9,backsliding_Nyr,Y_gdp_growth_wb,World Bank,growth,instr-popul_w9_trt-ert_gapany_illibany_exclyr,backsliding_Nyr,1347,221,0.00417901393812575,0.942083663193763,1117,192,0.01306194102176047,0.03129515509088798,0.6764012013572953,-0.07434578201985254,3.005127703586844,0.9802626354106908,19.22488468301225
9,backsliding_Nyr,Y_gdp_growth_imf,IMF WEO,growth,instr-popul_w9_trt-ert_gapany_illibany_exclyr,backsliding_Nyr,1347,221,0.00417901393812575,0.942083663193763,842,153,-0.01610254476182099,0.03024331411429594,0.5944259902669875,-0.18080166003757908,0.84687902568527,0.8309434465457597,22.25712735369818
9,backsliding_Nyr,Y_inflation,"CPI, cumulative log",inflation,instr-popul_w9_trt-ert_gapany_illibany_exclyr,backsliding_Nyr,1347,221,0.00417901393812575,0.942083663193763,1010,174,0.4342160575371165,0.2332154506742589,0.06262189639739886,-1293.94226242288,3040.6392757495396,0.6704362075388507,22.152780605368054
9,backsliding_Nyr,Y_unemployment,Unemployment rate,unemployment,instr-popul_w9_trt-ert_gapany_illibany_exclyr,backsliding_Nyr,1347,221,0.00417901393812575,0.942083663193763,766,172,0.6568563340269682,0.8004945873417912,0.4118951634441012,4.869780302525291,18.7902165428251,0.7955073667134517,20.76155594325539
9,backsliding_Nyr,Y_trade_pct_gdp,Trade / GDP,trade,instr-popul_w9_trt-ert_gapany_illibany_exclyr,backsliding_Nyr,1347,221,0.00417901393812575,0.942083663193763,996,175,-5.591598269216021,4.198110312397524,0.18288247158236956,1545.8520514174384,25902.96608710037,0.9524116376156352,22.40141547666899
9,backsliding_Nyr,Y_top10_share,Top-10% income share,top10,instr-popul_w9_trt-ert_gapany_illibany_exclyr,backsliding_Nyr,1347,221,0.00417901393812575,0.942083663193763,1029,182,0.25641417497503394,0.7653583298236317,0.7376062271230057,-0.7240937485961112,34.15590215127314,0.9830863799914212,23.67811310168577
9,backsliding_Nyr,Y_gini_disp,Disposable,gini,instr-popul_w9_trt-ert_gapany_illibany_exclyr,backsliding_Nyr,1347,221,0.00417901393812575,0.942083663193763,843,140,0.7772672185436514,0.4720655452053258,0.09965593666741834,4.507973263005969,26.142511340561786,0.863092872369819,20.733547424502657
9,backsliding_Nyr,Y_gini_mkt,Market,gini,instr-popul_w9_trt-ert_gapany_illibany_exclyr,backsliding_Nyr,1347,221,0.00417901393812575,0.942083663193763,843,140,0.9775440920669014,0.5064426228299772,0.0535799726721066,6.130583272059866,30.16132154040983,0.8389319982057941,20.721137720783013
9,backsliding_Nyr,Y_debt,Debt / GDP,fiscal,instr-popul_w9_trt-ert_gapany_illibany_exclyr,backsliding_Nyr,1347,221,0.00417901393812575,0.942083663193763,1077,186,-4.563452416510008,14.12410563766067,0.7466219828563487,-215.9693171664378,1220.0221457980858,0.8594920380962372,22.50304516729789
9,backsliding_Nyr,Y_deficit,Deficit / GDP,fiscal,instr-popul_w9_trt-ert_gapany_illibany_exclyr,backsliding_Nyr,1347,221,0.00417901393812575,0.942083663193763,927,167,-0.17873675537089284,1.1580901969868895,0.8773436242710442,-13.249748223537596,69.34872473780709,0.8484788017251912,19.431905553155666
9,backsliding_Nyr,Y_checks_balances,Checks & balances,institutions,instr-popul_w9_trt-ert_gapany_illibany_exclyr,backsliding_Nyr,1347,221,0.00417901393812575,0.942083663193763,1141,199,0.01027992142066198,0.02526338098780064,0.6840741183065011,-0.11014354488018165,1.6212687115582194,0.945836073539419,20.245903452298425
9,backsliding_Nyr,Y_jucon,Judicial constraints,institutions,instr-popul_w9_trt-ert_gapany_illibany_exclyr,backsliding_Nyr,1347,221,0.00417901393812575,0.942083663193763,1169,200,-0.01071644809645463,0.02771575609424007,0.6990113027090928,10.279918345295169,38.64351282331813,0.7902243827336931,22.45445398511045
9,backsliding_Nyr,Y_legcon,Legislative constraints,institutions,instr-popul_w9_trt-ert_gapany_illibany_exclyr,backsliding_Nyr,1347,221,0.00417901393812575,0.942083663193763,1141,199,0.01744133297238501,0.03020033733236558,0.5635874681905992,-0.04008626584027275,2.6694531428873693,0.98801889043582,20.313996464548975
9,backsliding_Nyr,Y_hos_power,HOS,exec_power,instr-popul_w9_trt-ert_gapany_illibany_exclyr,backsliding_Nyr,1347,221,0.00417901393812575,0.942083663193763,1169,200,0.01129059103473012,0.01876529337218944,0.5473910923586938,-4.177765234962077,19.047551090768245,0.8263903011474454,21.766718091784487
9,backsliding_Nyr,Y_hog_power,HOG,exec_power,instr-popul_w9_trt-ert_gapany_illibany_exclyr,backsliding_Nyr,1347,221,0.00417901393812575,0.942083663193763,583,113,-0.01368820043694668,0.01446181888156418,0.34389048958961715,0.5399431876809895,0.9625416401701689,0.5748277598497848,20.421566030691057
9,backsliding_Nyr,Y_hos_power_vdem,HOS (v2ex_hosw),exec_power_alt,instr-popul_w9_trt-ert_gapany_illibany_exclyr,backsliding_Nyr,1347,221,0.00417901393812575,0.942083663193763,1169,200,0.02471201994275219,0.03411082723143681,0.46878175559313495,0.5248951836707438,3.8296682569150824,0.890983193469417,17.91272847163663
9,backsliding_Nyr,Y_hog_power_vdem,HOG (v2ex_hogw),exec_power_alt,instr-popul_w9_trt-ert_gapany_illibany_exclyr,backsliding_Nyr,1347,221,0.00417901393812575,0.942083663193763,1169,200,-0.00982350568162779,0.03287516207213353,0.7650831983666158,-0.35700443912363133,1.8869505887745917,0.8499388140222766,17.69538793566366
9,backsliding_union_Nyr,Y_gdp_growth,PWT,growth,instr-popul_w9_trt-ertOrDdcg_gapany_illibany_exclyr,backsliding_union_Nyr,1347,246,0.04395238340342411,0.5469502354327487,1083,203,0.02886937856098437,0.03497692224937968,0.40915383368484265,0.3329541750769225,1.9408126429296728,0.8637881726728113,17.23597010134768
9,backsliding_union_Nyr,Y_gdp_growth_wb,World Bank,growth,instr-popul_w9_trt-ertOrDdcg_gapany_illibany_exclyr,backsliding_union_Nyr,1347,246,0.04395238340342411,0.5469502354327487,1117,216,0.01306194102176047,0.03129515509088798,0.6764012013572953,0.07877026986241797,1.3865424810724445,0.9546960932160296,19.130728851879223
9,backsliding_union_Nyr,Y_gdp_growth_imf,IMF WEO,growth,instr-popul_w9_trt-ertOrDdcg_gapany_illibany_exclyr,backsliding_union_Nyr,1347,246,0.04395238340342411,0.5469502354327487,842,167,-0.01610254476182099,0.03024331411429594,0.5944259902669875,-0.40566497173738875,1.908568834254796,0.8316785196264485,19.543929182515836
9,backsliding_union_Nyr,Y_inflation,"CPI, cumulative log",inflation,instr-popul_w9_trt-ertOrDdcg_gapany_illibany_exclyr,backsliding_union_Nyr,1347,246,0.04395238340342411,0.5469502354327487,1010,190,0.4342160575371165,0.2332154506742589,0.06262189639739886,-15.82519709833604,139.70154715900915,0.909809674700373,21.683127240837003
9,backsliding_union_Nyr,Y_unemployment,Unemployment rate,unemployment,instr-popul_w9_trt-ertOrDdcg_gapany_illibany_exclyr,backsliding_union_Nyr,1347,246,0.04395238340342411,0.5469502354327487,766,188,0.6568563340269682,0.8004945873417912,0.4118951634441012,4.507372100839461,28.506838860056085,0.8743658140765639,18.956672703732735
9,backsliding_union_Nyr,Y_trade_pct_gdp,Trade / GDP,trade,instr-popul_w9_trt-ertOrDdcg_gapany_illibany_exclyr,backsliding_union_Nyr,1347,246,0.04395238340342411,0.5469502354327487,996,196,-5.591598269216021,4.198110312397524,0.18288247158236956,-94.00666275077964,394.7479622981875,0.8117697942131347,19.209669771461304
9,backsliding_union_Nyr,Y_top10_share,Top-10% income share,top10,instr-popul_w9_trt-ertOrDdcg_gapany_illibany_exclyr,backsliding_union_Nyr,1347,246,0.04395238340342411,0.5469502354327487,1029,203,0.25641417497503394,0.7653583298236317,0.7376062271230057,-4.660550603405783,27.68435177550897,0.8663110670071834,18.41749839547976
9,backsliding_union_Nyr,Y_gini_disp,Disposable,gini,instr-popul_w9_trt-ertOrDdcg_gapany_illibany_exclyr,backsliding_union_Nyr,1347,246,0.04395238340342411,0.5469502354327487,843,152,0.7772672185436514,0.4720655452053258,0.09965593666741834,0.9608894022883696,63.159359156631105,0.9878616684148328,19.980067465179115
9,backsliding_union_Nyr,Y_gini_mkt,Market,gini,instr-popul_w9_trt-ertOrDdcg_gapany_illibany_exclyr,backsliding_union_Nyr,1347,246,0.04395238340342411,0.5469502354327487,843,152,0.9775440920669014,0.5064426228299772,0.0535799726721066,2.2819242811100047,72.53412463866205,0.9749026838026672,19.894465290888107
9,backsliding_union_Nyr,Y_debt,Debt / GDP,fiscal,instr-popul_w9_trt-ertOrDdcg_gapany_illibany_exclyr,backsliding_union_Nyr,1347,246,0.04395238340342411,0.5469502354327487,1077,207,-4.563452416510008,14.12410563766067,0.7466219828563487,-71.67304485842155,338.4366653637379,0.8322811438695157,19.31384478420084
9,backsliding_union_Nyr,Y_deficit,Deficit / GDP,fiscal,instr-popul_w9_trt-ertOrDdcg_gapany_illibany_exclyr,backsliding_union_Nyr,1347,246,0.04395238340342411,0.5469502354327487,927,178,-0.17873675537089284,1.1580901969868895,0.8773436242710442,-237.54865770032387,835.7305246962977,0.7762259010741984,17.895507324244747
9,backsliding_union_Nyr,Y_checks_balances,Checks & balances,institutions,instr-popul_w9_trt-ertOrDdcg_gapany_illibany_exclyr,backsliding_union_Nyr,1347,246,0.04395238340342411,0.5469502354327487,1141,218,0.01027992142066198,0.02526338098780064,0.6840741183065011,-3.2672347956066528,11.943435729603868,0.7844235160059124,18.342969217404143
9,backsliding_union_Nyr,Y_jucon,Judicial constraints,institutions,instr-popul_w9_trt-ertOrDdcg_gapany_illibany_exclyr,backsliding_union_Nyr,1347,246,0.04395238340342411,0.5469502354327487,1169,225,-0.01071644809645463,0.02771575609424007,0.6990113027090928,-0.28832413368805904,1.4433949694726569,0.8416728623812982,18.17360054691846
9,backsliding_union_Nyr,Y_legcon,Legislative constraints,institutions,instr-popul_w9_trt-ertOrDdcg_gapany_illibany_exclyr,backsliding_union_Nyr,1347,246,0.04395238340342411,0.5469502354327487,1141,218,0.01744133297238501,0.03020033733236558,0.5635874681905992,-44.28632706963853,133.94563507317423,0.7409246497254206,19.41147891009814
9,backsliding_union_Nyr,Y_hos_power,HOS,exec_power,instr-popul_w9_trt-ertOrDdcg_gapany_illibany_exclyr,backsliding_union_Nyr,1347,246,0.04395238340342411,0.5469502354327487,1169,225,0.01129059103473012,0.01876529337218944,0.5473910923586938,-0.12397108777945276,1.8248777916804069,0.9458382430222224,21.698083827240467
9,backsliding_union_Nyr,Y_hog_power,HOG,exec_power,instr-popul_w9_trt-ertOrDdcg_gapany_illibany_exclyr,backsliding_union_Nyr,1347,246,0.04395238340342411,0.5469502354327487,583,126,-0.01368820043694668,0.01446181888156418,0.34389048958961715,0.2176219095408201,0.3320815191875344,0.5122573883538647,21.01366189450808
9,backsliding_union_Nyr,Y_hos_power_vdem,HOS (v2ex_hosw),exec_power_alt,instr-popul_w9_trt-ertOrDdcg_gapany_illibany_exclyr,backsliding_union_Nyr,1347,246,0.04395238340342411,0.5469502354327487,1169,225,0.02471201994275219,0.03411082723143681,0.46878175559313495,0.4036846846085479,1.730400505556528,0.8155364248732371,18.58152991297298
9,backsliding_union_Nyr,Y_hog_power_vdem,HOG (v2ex_hogw),exec_power_alt,instr-popul_w9_trt-ertOrDdcg_gapany_illibany_exclyr,backsliding_union_Nyr,1347,246,0.04395238340342411,0.5469502354327487,1169,225,-0.00982350568162779,0.03287516207213353,0.7650831983666158,-0.2434600329707533,1.0121950929385153,0.8099219000721201,17.525112526915265
9,polyarchy_decline,Y_gdp_growth,PWT,growth,instr-popul_w9_trt-polyarchy_gapany_illibany_exclyr,polyarchy_decline,1169,399,-0.00401269281838721,0.8640880036340665,1083,340,0.02886937856098437,0.03497692224937968,0.40915383368484265,2.163688770544624,8.476617136245629,0.7985270772555211,22.04795455542579
9,polyarchy_decline,Y_gdp_growth_wb,World Bank,growth,instr-popul_w9_trt-polyarchy_gapany_illibany_exclyr,polyarchy_decline,1169,399,-0.00401269281838721,0.8640880036340665,1117,370,0.01306194102176047,0.03129515509088798,0.6764012013572953,0.9534798402095308,13.67522015122333,0.9444139914681806,22.269530458147745
9,polyarchy_decline,Y_gdp_growth_imf,IMF WEO,growth,instr-popul_w9_trt-polyarchy_gapany_illibany_exclyr,polyarchy_decline,1169,399,-0.00401269281838721,0.8640880036340665,842,278,-0.01610254476182099,0.03024331411429594,0.5944259902669875,1.4824613835330758,2.545472999756649,0.5603031260051796,18.513725026238223
9,polyarchy_decline,Y_inflation,"CPI, cumulative log",inflation,instr-popul_w9_trt-polyarchy_gapany_illibany_exclyr,polyarchy_decline,1169,399,-0.00401269281838721,0.8640880036340665,1010,333,0.4342160575371165,0.2332154506742589,0.06262189639739886,-215.32778820265625,1495.2509839224704,0.8854943190142603,23.866720299172822
9,polyarchy_decline,Y_unemployment,Unemployment rate,unemployment,instr-popul_w9_trt-polyarchy_gapany_illibany_exclyr,polyarchy_decline,1169,399,-0.00401269281838721,0.8640880036340665,766,328,0.6568563340269682,0.8004945873417912,0.4118951634441012,-35.08990539147347,39.85316583915965,0.37859947183930265,15.698757076776872
9,polyarchy_decline,Y_trade_pct_gdp,Trade / GDP,trade,instr-popul_w9_trt-polyarchy_gapany_illibany_exclyr,polyarchy_decline,1169,399,-0.00401269281838721,0.8640880036340665,996,335,-5.591598269216021,4.198110312397524,0.18288247158236956,-452.84755433391024,2492.1814721460023,0.8558124405822347,18.89765557415037
9,polyarchy_decline,Y_top10_share,Top-10% income share,top10,instr-popul_w9_trt-polyarchy_gapany_illibany_exclyr,polyarchy_decline,1169,399,-0.00401269281838721,0.8640880036340665,1029,344,0.25641417497503394,0.7653583298236317,0.7376062271230057,-22.61879140570097,233.1892053925092,0.9227283067315344,19.055215729979317
9,polyarchy_decline,Y_gini_disp,Disposable,gini,instr-popul_w9_trt-polyarchy_gapany_illibany_exclyr,polyarchy_decline,1169,399,-0.00401269281838721,0.8640880036340665,843,265,0.7772672185436514,0.4720655452053258,0.09965593666741834,30.3447860889773,444.97325579536226,0.9456307024659418,20.755943822301035
9,polyarchy_decline,Y_gini_mkt,Market,gini,instr-popul_w9_trt-polyarchy_gapany_illibany_exclyr,polyarchy_decline,1169,399,-0.00401269281838721,0.8640880036340665,843,265,0.9775440920669014,0.5064426228299772,0.0535799726721066,44.750561117559485,472.070792855811,0.924476631503529,19.57553218437215
9,polyarchy_decline,Y_debt,Debt / GDP,fiscal,instr-popul_w9_trt-polyarchy_gapany_illibany_exclyr,polyarchy_decline,1169,399,-0.00401269281838721,0.8640880036340665,1077,360,-4.563452416510008,14.12410563766067,0.7466219828563487,-440.8225498466598,1920.0467099965952,0.8184107725133882,20.873053545943115
9,polyarchy_decline,Y_deficit,Deficit / GDP,fiscal,instr-popul_w9_trt-polyarchy_gapany_illibany_exclyr,polyarchy_decline,1169,399,-0.00401269281838721,0.8640880036340665,927,322,-0.17873675537089284,1.1580901969868895,0.8773436242710442,29.33292484614875,106.15927654625564,0.7823095769687041,16.2874045757645
9,polyarchy_decline,Y_checks_balances,Checks & balances,institutions,instr-popul_w9_trt-polyarchy_gapany_illibany_exclyr,polyarchy_decline,1169,399,-0.00401269281838721,0.8640880036340665,1141,396,0.01027992142066198,0.02526338098780064,0.6840741183065011,-0.6098967566091108,1.099830934129952,0.579211509332296,23.34698592675029
9,polyarchy_decline,Y_jucon,Judicial constraints,institutions,instr-popul_w9_trt-polyarchy_gapany_illibany_exclyr,polyarchy_decline,1169,399,-0.00401269281838721,0.8640880036340665,1169,399,-0.01071644809645463,0.02771575609424007,0.6990113027090928,10.616878184481791,51.25430888000379,0.8358995999855836,21.926762658528435
9,polyarchy_decline,Y_legcon,Legislative constraints,institutions,instr-popul_w9_trt-polyarchy_gapany_illibany_exclyr,polyarchy_decline,1169,399,-0.00401269281838721,0.8640880036340665,1141,396,0.01744133297238501,0.03020033733236558,0.5635874681905992,-1.4405989164373942,1.808549537369184,0.4257128170187055,19.532845647697236
9,polyarchy_decline,Y_hos_power,HOS,exec_power,instr-popul_w9_trt-polyarchy_gapany_illibany_exclyr,polyarchy_decline,1169,399,-0.00401269281838721,0.8640880036340665,1169,399,0.01129059103473012,0.01876529337218944,0.5473910923586938,-15.105989632991736,76.33505723984663,0.8431306654719944,21.36049987491272
9,polyarchy_decline,Y_hog_power,HOG,exec_power,instr-popul_w9_trt-polyarchy_gapany_illibany_exclyr,polyarchy_decline,1169,399,-0.00401269281838721,0.8640880036340665,583,192,-0.01368820043694668,0.01446181888156418,0.34389048958961715,0.5160178293571243,0.5626209997178029,0.3590547500161102,14.70572937740856
9,polyarchy_decline,Y_hos_power_vdem,HOS (v2ex_hosw),exec_power_alt,instr-popul_w9_trt-polyarchy_gapany_illibany_exclyr,polyarchy_decline,1169,399,-0.00401269281838721,0.8640880036340665,1169,399,0.02471201994275219,0.03411082723143681,0.46878175559313495,-33.30603405243108,152.57801425408724,0.8272042922850131,20.645340987690748
9,polyarchy_decline,Y_hog_power_vdem,HOG (v2ex_hogw),exec_power_alt,instr-popul_w9_trt-polyarchy_gapany_illibany_exclyr,polyarchy_decline,1169,399,-0.00401269281838721,0.8640880036340665,1169,399,-0.00982350568162779,0.03287516207213353,0.7650831983666158,18.599220581102212,75.69226004022389,0.8058977776090732,20.802828558208844
10,backsliding_Nyr,Y_gdp_growth,PWT,growth,instr-popul_w10_trt-ert_gapany_illibany_exclyr,backsliding_Nyr,1347,248,0.01332236749679638,0.8335025428915366,1047,194,0.03465716470000621,0.03709121705580708,0.35010967199526355,-12.380533526801225,46.92832660021241,0.7919202252325799,19.887643814924953
10,backsliding_Nyr,Y_gdp_growth_wb,World Bank,growth,instr-popul_w10_trt-ert_gapany_illibany_exclyr,backsliding_Nyr,1347,248,0.01332236749679638,0.8335025428915366,1080,205,0.02688432046273489,0.03436353379993312,0.4340087423032638,0.4129977761633432,5.535911064628272,0.9405302704879804,19.424959500713147
10,backsliding_Nyr,Y_gdp_growth_imf,IMF WEO,growth,instr-popul_w10_trt-ert_gapany_illibany_exclyr,backsliding_Nyr,1347,248,0.01332236749679638,0.8335025428915366,814,160,0.00465004645358704,0.03338219122544379,0.889215286149518,0.08387279435590891,0.9752441595153674,0.931464952755078,21.346138807688384
10,backsliding_Nyr,Y_inflation,"CPI, cumulative log",inflation,instr-popul_w10_trt-ert_gapany_illibany_exclyr,backsliding_Nyr,1347,248,0.01332236749679638,0.8335025428915366,972,185,0.5529062704388239,0.27283786732654697,0.04271344804422647,-3.3001216992511573,268.7465691688697,0.9902024796542898,16.627964030943286
10,backsliding_Nyr,Y_unemployment,Unemployment rate,unemployment,instr-popul_w10_trt-ert_gapany_illibany_exclyr,backsliding_Nyr,1347,248,0.01332236749679638,0.8335025428915366,731,183,0.235159301813128,0.823159741074631,0.7751241297029084,1.3428726240290638,16.65230125075199,0.9357267714067152,20.533772093728157
10,backsliding_Nyr,Y_trade_pct_gdp,Trade / GDP,trade,instr-popul_w10_trt-ert_gapany_illibany_exclyr,backsliding_Nyr,1347,248,0.01332236749679638,0.8335025428915366,967,187,-5.617523149715642,4.480956450497104,0.2099715134934926,73978.10713681168,1135086.4228490095,0.9480354728919392,18.05192238746719
10,backsliding_Nyr,Y_top10_share,Top-10% income share,top10,instr-popul_w10_trt-ert_gapany_illibany_exclyr,backsliding_Nyr,1347,248,0.01332236749679638,0.8335025428915366,993,192,0.18153636427189845,0.715097233028149,0.7996017941701519,6.087084428144107,34.64175967939763,0.8605176774098382,23.14225752427011
10,backsliding_Nyr,Y_gini_disp,Disposable,gini,instr-popul_w10_trt-ert_gapany_illibany_exclyr,backsliding_Nyr,1347,248,0.01332236749679638,0.8335025428915366,815,156,0.911464433198026,0.5498246115634243,0.09737062424883304,32.00184114137923,350.39617944049735,0.9272300225930292,26.84752262784477
10,backsliding_Nyr,Y_gini_mkt,Market,gini,instr-popul_w10_trt-ert_gapany_illibany_exclyr,backsliding_Nyr,1347,248,0.01332236749679638,0.8335025428915366,815,156,1.0964114728153882,0.5953385888033194,0.06552484764843441,21.604163677078624,196.6047904847046,0.9124995853195456,24.368999596485217
10,backsliding_Nyr,Y_debt,Debt / GDP,fiscal,instr-popul_w10_trt-ert_gapany_illibany_exclyr,backsliding_Nyr,1347,248,0.01332236749679638,0.8335025428915366,1041,199,-4.918027211323722,14.576663704377262,0.7358225784827417,-489.0046166363545,4012.330956298583,0.9029976635062242,25.85202959154253
10,backsliding_Nyr,Y_deficit,Deficit / GDP,fiscal,instr-popul_w10_trt-ert_gapany_illibany_exclyr,backsliding_Nyr,1347,248,0.01332236749679638,0.8335025428915366,892,174,0.5344871307409127,1.1944332774973352,0.654527239286167,-272.0562761100655,957.3889856011166,0.7762840682981902,26.660356011565167
10,backsliding_Nyr,Y_checks_balances,Checks & balances,institutions,instr-popul_w10_trt-ert_gapany_illibany_exclyr,backsliding_Nyr,1347,248,0.01332236749679638,0.8335025428915366,1103,217,0.00509740651280278,0.02561253675413911,0.8422471166546142,0.01668403882885752,1.2610274489541418,0.98944388669197,21.090206721829375
10,backsliding_Nyr,Y_jucon,Judicial constraints,institutions,instr-popul_w10_trt-ert_gapany_illibany_exclyr,backsliding_Nyr,1347,248,0.01332236749679638,0.8335025428915366,1133,219,-0.01687603155802996,0.02925602136171108,0.5640478181013061,42.60762252102772,176.5376548504538,0.8092827223091928,23.615739026451976
10,backsliding_Nyr,Y_legcon,Legislative constraints,institutions,instr-popul_w10_trt-ert_gapany_illibany_exclyr,backsliding_Nyr,1347,248,0.01332236749679638,0.8335025428915366,1103,217,0.01267553007880523,0.03005689215537143,0.6732309219477681,0.1329979575578441,1.9314608765552643,0.9451020631985972,20.705348822142685
10,backsliding_Nyr,Y_hos_power,HOS,exec_power,instr-popul_w10_trt-ert_gapany_illibany_exclyr,backsliding_Nyr,1347,248,0.01332236749679638,0.8335025428915366,1133,219,0.02275634984659495,0.01927192391935832,0.237680904063089,-0.15004990838816237,9.39951498548559,0.9872634470288828,19.514414700537458
10,backsliding_Nyr,Y_hog_power,HOG,exec_power,instr-popul_w10_trt-ert_gapany_illibany_exclyr,backsliding_Nyr,1347,248,0.01332236749679638,0.8335025428915366,566,122,-0.01781910421694779,0.01590013243808577,0.2624202474680999,0.565123698378555,0.9668700581162478,0.5588922090562056,26.217052933822025
10,backsliding_Nyr,Y_hos_power_vdem,HOS (v2ex_hosw),exec_power_alt,instr-popul_w10_trt-ert_gapany_illibany_exclyr,backsliding_Nyr,1347,248,0.01332236749679638,0.8335025428915366,1133,219,0.0279181210352847,0.03411084041771549,0.41309854610768976,0.4673775806316991,7.14048204613949,0.9478120321571988,17.049553562656396
10,backsliding_Nyr,Y_hog_power_vdem,HOG (v2ex_hogw),exec_power_alt,instr-popul_w10_trt-ert_gapany_illibany_exclyr,backsliding_Nyr,1347,248,0.01332236749679638,0.8335025428915366,1133,219,-0.01387183169957938,0.03249059639016861,0.6694163835576227,-0.34308774262729713,3.2409006502712305,0.9156919622087512,17.226259702163468
10,backsliding_union_Nyr,Y_gdp_growth,PWT,growth,instr-popul_w10_trt-ertOrDdcg_gapany_illibany_exclyr,backsliding_union_Nyr,1347,273,0.03179714668388925,0.6323745851114387,1047,219,0.03465716470000621,0.03709121705580708,0.35010967199526355,-2.4795867756943295,23.923935151779805,0.9174513896850212,19.396979129597995
10,backsliding_union_Nyr,Y_gdp_growth_wb,World Bank,growth,instr-popul_w10_trt-ertOrDdcg_gapany_illibany_exclyr,backsliding_union_Nyr,1347,273,0.03179714668388925,0.6323745851114387,1080,229,0.02688432046273489,0.03436353379993312,0.4340087423032638,0.39764514681513846,2.406636115927754,0.8687640450583256,18.91608474515095
10,backsliding_union_Nyr,Y_gdp_growth_imf,IMF WEO,growth,instr-popul_w10_trt-ertOrDdcg_gapany_illibany_exclyr,backsliding_union_Nyr,1347,273,0.03179714668388925,0.6323745851114387,814,174,0.00465004645358704,0.03338219122544379,0.889215286149518,-0.13789098878600936,2.8812880158321397,0.9618298804643204,21.284490099101
10,backsliding_union_Nyr,Y_inflation,"CPI, cumulative log",inflation,instr-popul_w10_trt-ertOrDdcg_gapany_illibany_exclyr,backsliding_union_Nyr,1347,273,0.03179714668388925,0.6323745851114387,972,201,0.5529062704388239,0.27283786732654697,0.04271344804422647,10.290174091175071,57.99479737951929,0.8591685156925367,17.98825653175845
10,backsliding_union_Nyr,Y_unemployment,Unemployment rate,unemployment,instr-popul_w10_trt-ertOrDdcg_gapany_illibany_exclyr,backsliding_union_Nyr,1347,273,0.03179714668388925,0.6323745851114387,731,199,0.235159301813128,0.823159741074631,0.7751241297029084,-0.4862502940971831,33.07989153542647,0.9882721008630972,20.598218752983417
10,backsliding_union_Nyr,Y_trade_pct_gdp,Trade / GDP,trade,instr-popul_w10_trt-ertOrDdcg_gapany_illibany_exclyr,backsliding_union_Nyr,1347,273,0.03179714668388925,0.6323745851114387,967,208,-5.617523149715642,4.480956450497104,0.2099715134934926,-186.7323777745281,1064.9678378001258,0.8608118065160606,16.25626946244915
10,backsliding_union_Nyr,Y_top10_share,Top-10% income share,top10,instr-popul_w10_trt-ertOrDdcg_gapany_illibany_exclyr,backsliding_union_Nyr,1347,273,0.03179714668388925,0.6323745851114387,993,213,0.18153636427189845,0.715097233028149,0.7996017941701519,-3.589465521691869,53.870303430251994,0.9468749735264488,16.948310305167006
10,backsliding_union_Nyr,Y_gini_disp,Disposable,gini,instr-popul_w10_trt-ertOrDdcg_gapany_illibany_exclyr,backsliding_union_Nyr,1347,273,0.03179714668388925,0.6323745851114387,815,168,0.911464433198026,0.5498246115634243,0.09737062424883304,-41823.49061955074,300312.2024739714,0.889239399773584,26.68731223185228
10,backsliding_union_Nyr,Y_gini_mkt,Market,gini,instr-popul_w10_trt-ertOrDdcg_gapany_illibany_exclyr,backsliding_union_Nyr,1347,273,0.03179714668388925,0.6323745851114387,815,168,1.0964114728153882,0.5953385888033194,0.06552484764843441,-769.7066262148433,7048.714474243766,0.9130453224743496,24.93930746875091
10,backsliding_union_Nyr,Y_debt,Debt / GDP,fiscal,instr-popul_w10_trt-ertOrDdcg_gapany_illibany_exclyr,backsliding_union_Nyr,1347,273,0.03179714668388925,0.6323745851114387,1041,220,-4.918027211323722,14.576663704377262,0.7358225784827417,-77.90934076505462,368.4779553003137,0.8325474153954762,20.5823562747725
10,backsliding_union_Nyr,Y_deficit,Deficit / GDP,fiscal,instr-popul_w10_trt-ertOrDdcg_gapany_illibany_exclyr,backsliding_union_Nyr,1347,273,0.03179714668388925,0.6323745851114387,892,185,0.5344871307409127,1.1944332774973352,0.654527239286167,-210.10308659569512,716.9328207307324,0.7694776187122035,22.831174730659903
10,backsliding_union_Nyr,Y_checks_balances,Checks & balances,institutions,instr-popul_w10_trt-ertOrDdcg_gapany_illibany_exclyr,backsliding_union_Nyr,1347,273,0.03179714668388925,0.6323745851114387,1103,236,0.00509740651280278,0.02561253675413911,0.8422471166546142,104.03819092837202,368.10658153987345,0.7774600064696785,19.548930442208217
10,backsliding_union_Nyr,Y_jucon,Judicial constraints,institutions,instr-popul_w10_trt-ertOrDdcg_gapany_illibany_exclyr,backsliding_union_Nyr,1347,273,0.03179714668388925,0.6323745851114387,1133,244,-0.01687603155802996,0.02925602136171108,0.5640478181013061,-0.26518479337292356,2.4086582341871434,0.9123328596539476,19.178359189293538
10,backsliding_union_Nyr,Y_legcon,Legislative constraints,institutions,instr-popul_w10_trt-ertOrDdcg_gapany_illibany_exclyr,backsliding_union_Nyr,1347,273,0.03179714668388925,0.6323745851114387,1103,236,0.01267553007880523,0.03005689215537143,0.6732309219477681,-412952.6805581136,1433370.88454754,0.7732709783176964,20.06956112620914
10,backsliding_union_Nyr,Y_hos_power,HOS,exec_power,instr-popul_w10_trt-ertOrDdcg_gapany_illibany_exclyr,backsliding_union_Nyr,1347,273,0.03179714668388925,0.6323745851114387,1133,244,0.02275634984659495,0.01927192391935832,0.237680904063089,0.03994812925338686,2.8612428429779135,0.9888604491826456,21.461648844555985
10,backsliding_union_Nyr,Y_hog_power,HOG,exec_power,instr-popul_w10_trt-ertOrDdcg_gapany_illibany_exclyr,backsliding_union_Nyr,1347,273,0.03179714668388925,0.6323745851114387,566,135,-0.01781910421694779,0.01590013243808577,0.2624202474680999,0.3688918644721954,0.5525242067637384,0.5043580989626069,21.703087458291897
10,backsliding_union_Nyr,Y_hos_power_vdem,HOS (v2ex_hosw),exec_power_alt,instr-popul_w10_trt-ertOrDdcg_gapany_illibany_exclyr,backsliding_union_Nyr,1347,273,0.03179714668388925,0.6323745851114387,1133,244,0.0279181210352847,0.03411084041771549,0.41309854610768976,0.45254051065484857,2.604062130077655,0.8620363728815776,17.091082729907434
10,backsliding_union_Nyr,Y_hog_power_vdem,HOG (v2ex_hogw),exec_power_alt,instr-popul_w10_trt-ertOrDdcg_gapany_illibany_exclyr,backsliding_union_Nyr,1347,273,0.03179714668388925,0.6323745851114387,1133,244,-0.01387183169957938,0.03249059639016861,0.6694163835576227,-0.26764414289286115,1.43367022585598,0.851907936578142,17.399053476410533
10,polyarchy_decline,Y_gdp_growth,PWT,growth,instr-popul_w10_trt-polyarchy_gapany_illibany_exclyr,polyarchy_decline,1133,388,-8.969306902753601e-4,0.970583020474904,1047,328,0.03465716470000621,0.03709121705580708,0.35010967199526355,-37.62115872032257,336.2425323875465,0.9109130267782604,24.341241578458195
10,polyarchy_decline,Y_gdp_growth_wb,World Bank,growth,instr-popul_w10_trt-polyarchy_gapany_illibany_exclyr,polyarchy_decline,1133,388,-8.969306902753601e-4,0.970583020474904,1080,362,0.02688432046273489,0.03436353379993312,0.4340087423032638,2.679990146303697,30.56321812254179,0.9301256281489154,23.688552603138163
10,polyarchy_decline,Y_gdp_growth_imf,IMF WEO,growth,instr-popul_w10_trt-polyarchy_gapany_illibany_exclyr,polyarchy_decline,1133,388,-8.969306902753601e-4,0.970583020474904,814,274,0.00465004645358704,0.03338219122544379,0.889215286149518,-0.28351287398303593,1.7900809266602948,0.8741574355756829,18.528759660950183
10,polyarchy_decline,Y_inflation,"CPI, cumulative log",inflation,instr-popul_w10_trt-polyarchy_gapany_illibany_exclyr,polyarchy_decline,1133,388,-8.969306902753601e-4,0.970583020474904,972,325,0.5529062704388239,0.27283786732654697,0.04271344804422647,19.53394084850915,83.23251010918916,0.8144483888007339,16.862521378763688
10,polyarchy_decline,Y_unemployment,Unemployment rate,unemployment,instr-popul_w10_trt-polyarchy_gapany_illibany_exclyr,polyarchy_decline,1133,388,-8.969306902753601e-4,0.970583020474904,731,322,0.235159301813128,0.823159741074631,0.7751241297029084,-7.860646386393609,22.46113717243559,0.7263638113626851,22.013774027319588
10,polyarchy_decline,Y_trade_pct_gdp,Trade / GDP,trade,instr-popul_w10_trt-polyarchy_gapany_illibany_exclyr,polyarchy_decline,1133,388,-8.969306902753601e-4,0.970583020474904,967,333,-5.617523149715642,4.480956450497104,0.2099715134934926,-433.9908354416066,2211.8484260284963,0.8444443661682232,19.76430289116893
10,polyarchy_decline,Y_top10_share,Top-10% income share,top10,instr-popul_w10_trt-polyarchy_gapany_illibany_exclyr,polyarchy_decline,1133,388,-8.969306902753601e-4,0.970583020474904,993,335,0.18153636427189845,0.715097233028149,0.7996017941701519,-7.936592380779647,121.10375738650885,0.9477476613044002,17.946106059420785
10,polyarchy_decline,Y_gini_disp,Disposable,gini,instr-popul_w10_trt-polyarchy_gapany_illibany_exclyr,polyarchy_decline,1133,388,-8.969306902753601e-4,0.970583020474904,815,261,0.911464433198026,0.5498246115634243,0.09737062424883304,-130.43724924532182,326.7225295211831,0.6897241600074562,20.91796756761541
10,polyarchy_decline,Y_gini_mkt,Market,gini,instr-popul_w10_trt-polyarchy_gapany_illibany_exclyr,polyarchy_decline,1133,388,-8.969306902753601e-4,0.970583020474904,815,261,1.0964114728153882,0.5953385888033194,0.06552484764843441,-152.65740345965952,358.9183430197714,0.6705988388283128,20.0263756215789
10,polyarchy_decline,Y_debt,Debt / GDP,fiscal,instr-popul_w10_trt-polyarchy_gapany_illibany_exclyr,polyarchy_decline,1133,388,-8.969306902753601e-4,0.970583020474904,1041,352,-4.918027211323722,14.576663704377262,0.7358225784827417,-385.38639613662497,2055.977694332593,0.851310348329548,20.752185158448704
10,polyarchy_decline,Y_deficit,Deficit / GDP,fiscal,instr-popul_w10_trt-polyarchy_gapany_illibany_exclyr,polyarchy_decline,1133,388,-8.969306902753601e-4,0.970583020474904,892,311,0.5344871307409127,1.1944332774973352,0.654527239286167,-89.71893903291458,183.5576060724204,0.6249987999588178,17.040848249657568
10,polyarchy_decline,Y_checks_balances,Checks & balances,institutions,instr-popul_w10_trt-polyarchy_gapany_illibany_exclyr,polyarchy_decline,1133,388,-8.969306902753601e-4,0.970583020474904,1103,382,0.00509740651280278,0.02561253675413911,0.8422471166546142,-0.20940182483481573,2.1528617439148827,0.9225145752475992,22.731468842658515
10,polyarchy_decline,Y_jucon,Judicial constraints,institutions,instr-popul_w10_trt-polyarchy_gapany_illibany_exclyr,polyarchy_decline,1133,388,-8.969306902753601e-4,0.970583020474904,1133,388,-0.01687603155802996,0.02925602136171108,0.5640478181013061,8.157505432119235,146.14127745781934,0.9554857508879472,22.035101805200075
10,polyarchy_decline,Y_legcon,Legislative constraints,institutions,instr-popul_w10_trt-polyarchy_gapany_illibany_exclyr,polyarchy_decline,1133,388,-8.969306902753601e-4,0.970583020474904,1103,382,0.01267553007880523,0.03005689215537143,0.6732309219477681,-1.1534096158846094,2.670587577834255,0.6658187648047258,21.339328921579185
10,polyarchy_decline,Y_hos_power,HOS,exec_power,instr-popul_w10_trt-polyarchy_gapany_illibany_exclyr,polyarchy_decline,1133,388,-8.969306902753601e-4,0.970583020474904,1133,388,0.02275634984659495,0.01927192391935832,0.237680904063089,-245.71369212827335,2060.089383029218,0.9050588232523462,23.47773856280759
10,polyarchy_decline,Y_hog_power,HOG,exec_power,instr-popul_w10_trt-polyarchy_gapany_illibany_exclyr,polyarchy_decline,1133,388,-8.969306902753601e-4,0.970583020474904,566,188,-0.01781910421694779,0.01590013243808577,0.2624202474680999,0.5477195343701382,0.47659048812701144,0.2504547115608739,15.894207519362004
10,polyarchy_decline,Y_hos_power_vdem,HOS (v2ex_hosw),exec_power_alt,instr-popul_w10_trt-polyarchy_gapany_illibany_exclyr,polyarchy_decline,1133,388,-8.969306902753601e-4,0.970583020474904,1133,388,0.0279181210352847,0.03411084041771549,0.41309854610768976,-8.655113848316182,32.653129834731004,0.7909614655067553,25.721553659608663
10,polyarchy_decline,Y_hog_power_vdem,HOG (v2ex_hogw),exec_power_alt,instr-popul_w10_trt-polyarchy_gapany_illibany_exclyr,polyarchy_decline,1133,388,-8.969306902753601e-4,0.970583020474904,1133,388,-0.01387183169957938,0.03249059639016861,0.6694163835576227,5.374189811938306,22.69901630320636,0.8128439857353515,25.46797777071252
