window,treatment_def,outcome,outcome_label,panel,spec,treatment,n_first_stage,n_first_stage_treated,first_stage_coef,first_stage_pval,n_outcome,n_outcome_treated,rd_estimate,rd_se,rd_pval,late_estimate,late_se,late_pval,bandwidth
1,backsliding_Nyr,Y_gdp_growth,PWT,growth,instr-antiplural_w1_trt-ert_gapany_illib0p6535_opp0p6535_lrmax1_exclyr,backsliding_Nyr,129,2,0.13075353168832649,0.2949381672880303,127,2,-0.08531175747115062,0.05292211974153742,0.10695659259892946,-0.5996910053334412,0.42873849802550806,0.16189284071628623,15.350855613683988
1,backsliding_Nyr,Y_gdp_growth_wb,World Bank,growth,instr-antiplural_w1_trt-ert_gapany_illib0p6535_opp0p6535_lrmax1_exclyr,backsliding_Nyr,129,2,0.13075353168832649,0.2949381672880303,128,2,-0.08224797597186562,0.05235161623306788,0.11616673499061855,-0.584493946457215,0.390220240547155,0.13417052249049863,15.927286125682992
1,backsliding_Nyr,Y_gdp_growth_imf,IMF WEO,growth,instr-antiplural_w1_trt-ert_gapany_illib0p6535_opp0p6535_lrmax1_exclyr,backsliding_Nyr,129,2,0.13075353168832649,0.2949381672880303,108,1,-0.07973803488888531,0.03829717650642159,0.03733456775859663,-0.5540822668565376,0.5868911777375379,0.34512002423155963,24.452746804791246
1,backsliding_Nyr,Y_inflation,"CPI, cumulative log",inflation,instr-antiplural_w1_trt-ert_gapany_illib0p6535_opp0p6535_lrmax1_exclyr,backsliding_Nyr,129,2,0.13075353168832649,0.2949381672880303,118,2,0.12293449650350008,0.07848123664298727,0.1172505688314509,0.8388648935622184,1.346765848209898,0.5333675871514828,19.330781369820475
1,backsliding_Nyr,Y_unemployment,Unemployment rate,unemployment,instr-antiplural_w1_trt-ert_gapany_illib0p6535_opp0p6535_lrmax1_exclyr,backsliding_Nyr,129,2,0.13075353168832649,0.2949381672880303,99,1,0.9392467280112023,0.799939029444533,0.24033579194676027,6.310477903887018,7.745878341132954,0.4152506453165457,21.07971010855572
1,backsliding_Nyr,Y_trade_pct_gdp,Trade / GDP,trade,instr-antiplural_w1_trt-ert_gapany_illib0p6535_opp0p6535_lrmax1_exclyr,backsliding_Nyr,129,2,0.13075353168832649,0.2949381672880303,116,0,-6.4195663792319415,6.689143827577458,0.3372065959813788,NA,NA,NA,NA
1,backsliding_Nyr,Y_top10_share,Top-10% income share,top10,instr-antiplural_w1_trt-ert_gapany_illib0p6535_opp0p6535_lrmax1_exclyr,backsliding_Nyr,129,2,0.13075353168832649,0.2949381672880303,120,1,-2.348056560035975,1.1784314096611486,0.04631325101713014,-16.25694705828508,17.457026526244597,0.3517215603592555,17.27631695514018
1,backsliding_Nyr,Y_gini_disp,Disposable,gini,instr-antiplural_w1_trt-ert_gapany_illib0p6535_opp0p6535_lrmax1_exclyr,backsliding_Nyr,129,2,0.13075353168832649,0.2949381672880303,107,1,0.20705015912494543,0.2938561955445299,0.48106113947369655,1.604059423099478,2.6544062752095092,0.5456437778737672,20.662798034349382
1,backsliding_Nyr,Y_gini_mkt,Market,gini,instr-antiplural_w1_trt-ert_gapany_illib0p6535_opp0p6535_lrmax1_exclyr,backsliding_Nyr,129,2,0.13075353168832649,0.2949381672880303,107,1,0.20089941367888137,0.27852472846797016,0.4707260015341069,1.5969134955605315,2.773418095181321,0.5647554052769077,23.08067666711245
1,backsliding_Nyr,Y_debt,Debt / GDP,fiscal,instr-antiplural_w1_trt-ert_gapany_illib0p6535_opp0p6535_lrmax1_exclyr,backsliding_Nyr,129,2,0.13075353168832649,0.2949381672880303,123,2,21.786721370673916,31.379170395649396,0.4874908267714933,166.20560094402833,320.6556339376618,0.6042276835042183,25.7284100488152
1,backsliding_Nyr,Y_deficit,Deficit / GDP,fiscal,instr-antiplural_w1_trt-ert_gapany_illib0p6535_opp0p6535_lrmax1_exclyr,backsliding_Nyr,129,2,0.13075353168832649,0.2949381672880303,104,1,2.986082385491459,2.107761429127543,0.15656833005618143,21.195939592695435,32.07914620686708,0.5087797761570163,22.568135686999717
1,backsliding_Nyr,Y_checks_balances,Checks & balances,institutions,instr-antiplural_w1_trt-ert_gapany_illib0p6535_opp0p6535_lrmax1_exclyr,backsliding_Nyr,129,2,0.13075353168832649,0.2949381672880303,128,2,-0.0160068433530205,0.06135403166806008,0.7941749481230764,-0.1398525250854062,0.592879506540441,0.8135204125121824,25.84272047811826
1,backsliding_Nyr,Y_jucon,Judicial constraints,institutions,instr-antiplural_w1_trt-ert_gapany_illib0p6535_opp0p6535_lrmax1_exclyr,backsliding_Nyr,129,2,0.13075353168832649,0.2949381672880303,129,2,0.08454468366543555,0.04790183226095062,0.0775709594404505,0.5870435266483398,0.53253400273079,0.270305729919408,20.307486434068895
1,backsliding_Nyr,Y_legcon,Legislative constraints,institutions,instr-antiplural_w1_trt-ert_gapany_illib0p6535_opp0p6535_lrmax1_exclyr,backsliding_Nyr,129,2,0.13075353168832649,0.2949381672880303,128,2,-0.14914863363737318,0.10280613143718058,0.14684233818887135,-1.0539010366616512,1.3318918928618848,0.4287799072021203,17.521801778725663
1,backsliding_Nyr,Y_hos_power,HOS,exec_power,instr-antiplural_w1_trt-ert_gapany_illib0p6535_opp0p6535_lrmax1_exclyr,backsliding_Nyr,129,2,0.13075353168832649,0.2949381672880303,129,2,-0.07849108985139751,0.0504003745785094,0.11938709722950153,-0.5448113920442272,0.4662477436766084,0.24260435800233007,18.477019602188864
1,backsliding_Nyr,Y_hog_power,HOG,exec_power,instr-antiplural_w1_trt-ert_gapany_illib0p6535_opp0p6535_lrmax1_exclyr,backsliding_Nyr,129,2,0.13075353168832649,0.2949381672880303,53,1,0.1556580538158051,0.22718089889578877,0.4932352155682126,NA,NA,NA,12.434174922558642
1,backsliding_Nyr,Y_hos_power_vdem,HOS (v2ex_hosw),exec_power_alt,instr-antiplural_w1_trt-ert_gapany_illib0p6535_opp0p6535_lrmax1_exclyr,backsliding_Nyr,129,2,0.13075353168832649,0.2949381672880303,129,2,0.01325065692597527,0.01234685139244728,0.2831808089783987,0.0981738906858078,0.09147761093564176,0.2831808089783987,13.143422257034926
1,backsliding_Nyr,Y_hog_power_vdem,HOG (v2ex_hogw),exec_power_alt,instr-antiplural_w1_trt-ert_gapany_illib0p6535_opp0p6535_lrmax1_exclyr,backsliding_Nyr,129,2,0.13075353168832649,0.2949381672880303,129,2,-0.00679188764801655,0.00607682772428436,0.2637079878182906,-0.05029716541578972,0.04500180584418924,0.2637079878182912,13.23357915180587
1,backsliding_Nyr,Y_polyarchy,Electoral (polyarchy),vdem_high,instr-antiplural_w1_trt-ert_gapany_illib0p6535_opp0p6535_lrmax1_exclyr,backsliding_Nyr,129,2,0.13075353168832649,0.2949381672880303,129,2,-0.04736556743448929,0.05746162157044186,0.4097695854849365,-0.36203202442230026,0.6461211296175989,0.5752638972993985,21.999336414901254
1,backsliding_Nyr,Y_libdem,Liberal,vdem_high,instr-antiplural_w1_trt-ert_gapany_illib0p6535_opp0p6535_lrmax1_exclyr,backsliding_Nyr,129,2,0.13075353168832649,0.2949381672880303,129,2,-0.0311210702350193,0.04067589010726435,0.44421277989355223,-0.23442484350907872,0.4208238445437487,0.5774852787288283,20.415161723233084
1,backsliding_Nyr,Y_partipdem,Participatory,vdem_high,instr-antiplural_w1_trt-ert_gapany_illib0p6535_opp0p6535_lrmax1_exclyr,backsliding_Nyr,129,2,0.13075353168832649,0.2949381672880303,129,2,-0.01629557184807995,0.0285922402938364,0.5687252633288717,-0.124187586044936,0.2541009364200114,0.6250305338488744,19.953498371720215
1,backsliding_Nyr,Y_delibdem,Deliberative,vdem_high,instr-antiplural_w1_trt-ert_gapany_illib0p6535_opp0p6535_lrmax1_exclyr,backsliding_Nyr,129,2,0.13075353168832649,0.2949381672880303,129,2,-0.05371590919049519,0.05368617835333396,0.3170425804204773,-0.3883633947896422,0.5574321475299292,0.48599008986976183,17.173546802599652
1,backsliding_Nyr,Y_egaldem,Egalitarian,vdem_high,instr-antiplural_w1_trt-ert_gapany_illib0p6535_opp0p6535_lrmax1_exclyr,backsliding_Nyr,129,2,0.13075353168832649,0.2949381672880303,129,2,-0.03096593965882298,0.02913483053505926,0.28785021381629483,-0.2254789060186798,0.33288383493543283,0.49818383705406166,18.64310496214212
1,backsliding_Nyr,Y_elecoff,Elected officials,vdem_electoral,instr-antiplural_w1_trt-ert_gapany_illib0p6535_opp0p6535_lrmax1_exclyr,backsliding_Nyr,129,2,0.13075353168832649,0.2949381672880303,129,2,-0.09568938512284109,0.2272513396546736,0.6737018352931048,-0.7150606682901879,1.8765845936143497,0.7031708494329807,20.197601940167495
1,backsliding_Nyr,Y_frefair,Clean elections,vdem_electoral,instr-antiplural_w1_trt-ert_gapany_illib0p6535_opp0p6535_lrmax1_exclyr,backsliding_Nyr,129,2,0.13075353168832649,0.2949381672880303,129,2,-0.06612865116276416,0.092586446346858,0.4750807381869059,-0.5155530004417447,1.079192332001933,0.6328486897704986,23.63025303411279
1,backsliding_Nyr,Y_frassoc,Association,vdem_electoral,instr-antiplural_w1_trt-ert_gapany_illib0p6535_opp0p6535_lrmax1_exclyr,backsliding_Nyr,129,2,0.13075353168832649,0.2949381672880303,129,2,-0.01724995989015031,0.0781126019269378,0.8252212746404103,-0.1301994055275424,0.8209486046810054,0.8739869495094341,28.53211872036405
1,backsliding_Nyr,Y_suffr,Suffrage,vdem_electoral,instr-antiplural_w1_trt-ert_gapany_illib0p6535_opp0p6535_lrmax1_exclyr,backsliding_Nyr,129,2,0.13075353168832649,0.2949381672880303,129,2,-5.677768589193287e-4,6.092430991934312e-4,0.3513685139241318,-0.0042059444046076,0.00451311560843744,0.35136851392413154,13.68727387849243
1,backsliding_Nyr,Y_freexp,Expression & alt. info,vdem_electoral,instr-antiplural_w1_trt-ert_gapany_illib0p6535_opp0p6535_lrmax1_exclyr,backsliding_Nyr,129,2,0.13075353168832649,0.2949381672880303,129,2,0.00211974651330812,0.06214736467739584,0.9727907186218008,0.01920020584589042,0.6519928843722823,0.9765069002378752,32.44052513179583
1,backsliding_Nyr,Y_cl_rol,Rule of law,vdem_liberal,instr-antiplural_w1_trt-ert_gapany_illib0p6535_opp0p6535_lrmax1_exclyr,backsliding_Nyr,129,2,0.13075353168832649,0.2949381672880303,129,2,-0.0386368771801011,0.03749195623210621,0.3027576287995547,-0.29311007563252134,0.41214509281395834,0.47697160528681176,20.82830258008408
1,backsliding_Nyr,Y_cspart,Civil society,vdem_particip,instr-antiplural_w1_trt-ert_gapany_illib0p6535_opp0p6535_lrmax1_exclyr,backsliding_Nyr,129,2,0.13075353168832649,0.2949381672880303,129,2,0.03693163598822341,0.08476453579782768,0.6630567364415227,0.24323804775683208,0.9753454088344014,0.8030617712933577,25.9518631141799
1,backsliding_Nyr,Y_dd,Direct democracy,vdem_particip,instr-antiplural_w1_trt-ert_gapany_illib0p6535_opp0p6535_lrmax1_exclyr,backsliding_Nyr,129,2,0.13075353168832649,0.2949381672880303,129,2,0.02987823340734114,0.01575068074195439,0.05783470864037528,0.23675734959147413,0.2884599995054454,0.41178116911187623,24.680846820683776
1,backsliding_Nyr,Y_locelec,Local elections,vdem_particip,instr-antiplural_w1_trt-ert_gapany_illib0p6535_opp0p6535_lrmax1_exclyr,backsliding_Nyr,129,2,0.13075353168832649,0.2949381672880303,128,2,-0.07381637141872059,0.05611042995615885,0.18832335751495624,-0.5094257182877131,0.7727411607876686,0.509738477851482,16.243721398668924
1,backsliding_Nyr,Y_regelec,Regional elections,vdem_particip,instr-antiplural_w1_trt-ert_gapany_illib0p6535_opp0p6535_lrmax1_exclyr,backsliding_Nyr,129,2,0.13075353168832649,0.2949381672880303,129,2,0.0292028295588512,0.01765171612695015,0.09804821742767024,0.23373333924865333,0.28657064356690803,0.4147163272312171,25.462293913172974
1,backsliding_Nyr,Y_delib,Deliberation,vdem_egal_delib,instr-antiplural_w1_trt-ert_gapany_illib0p6535_opp0p6535_lrmax1_exclyr,backsliding_Nyr,129,2,0.13075353168832649,0.2949381672880303,129,2,-0.08622829919229213,0.08285095860606223,0.29798506882364906,-0.6235084955797163,0.8648857984213688,0.470962275635988,17.89784614775769
1,backsliding_Nyr,Y_eqprotec,Equal protection,vdem_egal_delib,instr-antiplural_w1_trt-ert_gapany_illib0p6535_opp0p6535_lrmax1_exclyr,backsliding_Nyr,129,2,0.13075353168832649,0.2949381672880303,129,2,-0.01872857101552029,0.02908427761367572,0.5196134215684065,-0.14593807449415336,0.26312251297627826,0.5791414333200243,21.619606020453496
1,backsliding_Nyr,Y_eqaccess,Equal access,vdem_egal_delib,instr-antiplural_w1_trt-ert_gapany_illib0p6535_opp0p6535_lrmax1_exclyr,backsliding_Nyr,129,2,0.13075353168832649,0.2949381672880303,129,2,-0.01314167404677893,0.03604033742683595,0.7153816971842342,-0.09103861444774412,0.34299936350432286,0.7906865519236566,23.112972885291605
1,backsliding_Nyr,Y_eqdr,Equal distribution,vdem_egal_delib,instr-antiplural_w1_trt-ert_gapany_illib0p6535_opp0p6535_lrmax1_exclyr,backsliding_Nyr,129,2,0.13075353168832649,0.2949381672880303,129,2,-0.05110469346394585,0.04584178870404708,0.26493363614084536,-0.3530501368014776,0.49806071997839574,0.47841782078941897,16.134713454586578
1,backsliding_union_Nyr,Y_gdp_growth,PWT,growth,instr-antiplural_w1_trt-ertOrDdcg_gapany_illib0p6535_opp0p6535_lrmax1_exclyr,backsliding_union_Nyr,129,2,0.13075353168832649,0.2949381672880303,127,2,-0.08531175747115062,0.05292211974153742,0.10695659259892946,-0.5996910053334412,0.42873849802550806,0.16189284071628623,15.350855613683988
1,backsliding_union_Nyr,Y_gdp_growth_wb,World Bank,growth,instr-antiplural_w1_trt-ertOrDdcg_gapany_illib0p6535_opp0p6535_lrmax1_exclyr,backsliding_union_Nyr,129,2,0.13075353168832649,0.2949381672880303,128,2,-0.08224797597186562,0.05235161623306788,0.11616673499061855,-0.584493946457215,0.390220240547155,0.13417052249049863,15.927286125682992
1,backsliding_union_Nyr,Y_gdp_growth_imf,IMF WEO,growth,instr-antiplural_w1_trt-ertOrDdcg_gapany_illib0p6535_opp0p6535_lrmax1_exclyr,backsliding_union_Nyr,129,2,0.13075353168832649,0.2949381672880303,108,1,-0.07973803488888531,0.03829717650642159,0.03733456775859663,-0.5540822668565376,0.5868911777375379,0.34512002423155963,24.452746804791246
1,backsliding_union_Nyr,Y_inflation,"CPI, cumulative log",inflation,instr-antiplural_w1_trt-ertOrDdcg_gapany_illib0p6535_opp0p6535_lrmax1_exclyr,backsliding_union_Nyr,129,2,0.13075353168832649,0.2949381672880303,118,2,0.12293449650350008,0.07848123664298727,0.1172505688314509,0.8388648935622184,1.346765848209898,0.5333675871514828,19.330781369820475
1,backsliding_union_Nyr,Y_unemployment,Unemployment rate,unemployment,instr-antiplural_w1_trt-ertOrDdcg_gapany_illib0p6535_opp0p6535_lrmax1_exclyr,backsliding_union_Nyr,129,2,0.13075353168832649,0.2949381672880303,99,1,0.9392467280112023,0.799939029444533,0.24033579194676027,6.310477903887018,7.745878341132954,0.4152506453165457,21.07971010855572
1,backsliding_union_Nyr,Y_trade_pct_gdp,Trade / GDP,trade,instr-antiplural_w1_trt-ertOrDdcg_gapany_illib0p6535_opp0p6535_lrmax1_exclyr,backsliding_union_Nyr,129,2,0.13075353168832649,0.2949381672880303,116,0,-6.4195663792319415,6.689143827577458,0.3372065959813788,NA,NA,NA,NA
1,backsliding_union_Nyr,Y_top10_share,Top-10% income share,top10,instr-antiplural_w1_trt-ertOrDdcg_gapany_illib0p6535_opp0p6535_lrmax1_exclyr,backsliding_union_Nyr,129,2,0.13075353168832649,0.2949381672880303,120,1,-2.348056560035975,1.1784314096611486,0.04631325101713014,-16.25694705828508,17.457026526244597,0.3517215603592555,17.27631695514018
1,backsliding_union_Nyr,Y_gini_disp,Disposable,gini,instr-antiplural_w1_trt-ertOrDdcg_gapany_illib0p6535_opp0p6535_lrmax1_exclyr,backsliding_union_Nyr,129,2,0.13075353168832649,0.2949381672880303,107,1,0.20705015912494543,0.2938561955445299,0.48106113947369655,1.604059423099478,2.6544062752095092,0.5456437778737672,20.662798034349382
1,backsliding_union_Nyr,Y_gini_mkt,Market,gini,instr-antiplural_w1_trt-ertOrDdcg_gapany_illib0p6535_opp0p6535_lrmax1_exclyr,backsliding_union_Nyr,129,2,0.13075353168832649,0.2949381672880303,107,1,0.20089941367888137,0.27852472846797016,0.4707260015341069,1.5969134955605315,2.773418095181321,0.5647554052769077,23.08067666711245
1,backsliding_union_Nyr,Y_debt,Debt / GDP,fiscal,instr-antiplural_w1_trt-ertOrDdcg_gapany_illib0p6535_opp0p6535_lrmax1_exclyr,backsliding_union_Nyr,129,2,0.13075353168832649,0.2949381672880303,123,2,21.786721370673916,31.379170395649396,0.4874908267714933,166.20560094402833,320.6556339376618,0.6042276835042183,25.7284100488152
1,backsliding_union_Nyr,Y_deficit,Deficit / GDP,fiscal,instr-antiplural_w1_trt-ertOrDdcg_gapany_illib0p6535_opp0p6535_lrmax1_exclyr,backsliding_union_Nyr,129,2,0.13075353168832649,0.2949381672880303,104,1,2.986082385491459,2.107761429127543,0.15656833005618143,21.195939592695435,32.07914620686708,0.5087797761570163,22.568135686999717
1,backsliding_union_Nyr,Y_checks_balances,Checks & balances,institutions,instr-antiplural_w1_trt-ertOrDdcg_gapany_illib0p6535_opp0p6535_lrmax1_exclyr,backsliding_union_Nyr,129,2,0.13075353168832649,0.2949381672880303,128,2,-0.0160068433530205,0.06135403166806008,0.7941749481230764,-0.1398525250854062,0.592879506540441,0.8135204125121824,25.84272047811826
1,backsliding_union_Nyr,Y_jucon,Judicial constraints,institutions,instr-antiplural_w1_trt-ertOrDdcg_gapany_illib0p6535_opp0p6535_lrmax1_exclyr,backsliding_union_Nyr,129,2,0.13075353168832649,0.2949381672880303,129,2,0.08454468366543555,0.04790183226095062,0.0775709594404505,0.5870435266483398,0.53253400273079,0.270305729919408,20.307486434068895
1,backsliding_union_Nyr,Y_legcon,Legislative constraints,institutions,instr-antiplural_w1_trt-ertOrDdcg_gapany_illib0p6535_opp0p6535_lrmax1_exclyr,backsliding_union_Nyr,129,2,0.13075353168832649,0.2949381672880303,128,2,-0.14914863363737318,0.10280613143718058,0.14684233818887135,-1.0539010366616512,1.3318918928618848,0.4287799072021203,17.521801778725663
1,backsliding_union_Nyr,Y_hos_power,HOS,exec_power,instr-antiplural_w1_trt-ertOrDdcg_gapany_illib0p6535_opp0p6535_lrmax1_exclyr,backsliding_union_Nyr,129,2,0.13075353168832649,0.2949381672880303,129,2,-0.07849108985139751,0.0504003745785094,0.11938709722950153,-0.5448113920442272,0.4662477436766084,0.24260435800233007,18.477019602188864
1,backsliding_union_Nyr,Y_hog_power,HOG,exec_power,instr-antiplural_w1_trt-ertOrDdcg_gapany_illib0p6535_opp0p6535_lrmax1_exclyr,backsliding_union_Nyr,129,2,0.13075353168832649,0.2949381672880303,53,1,0.1556580538158051,0.22718089889578877,0.4932352155682126,NA,NA,NA,12.434174922558642
1,backsliding_union_Nyr,Y_hos_power_vdem,HOS (v2ex_hosw),exec_power_alt,instr-antiplural_w1_trt-ertOrDdcg_gapany_illib0p6535_opp0p6535_lrmax1_exclyr,backsliding_union_Nyr,129,2,0.13075353168832649,0.2949381672880303,129,2,0.01325065692597527,0.01234685139244728,0.2831808089783987,0.0981738906858078,0.09147761093564176,0.2831808089783987,13.143422257034926
1,backsliding_union_Nyr,Y_hog_power_vdem,HOG (v2ex_hogw),exec_power_alt,instr-antiplural_w1_trt-ertOrDdcg_gapany_illib0p6535_opp0p6535_lrmax1_exclyr,backsliding_union_Nyr,129,2,0.13075353168832649,0.2949381672880303,129,2,-0.00679188764801655,0.00607682772428436,0.2637079878182906,-0.05029716541578972,0.04500180584418924,0.2637079878182912,13.23357915180587
1,backsliding_union_Nyr,Y_polyarchy,Electoral (polyarchy),vdem_high,instr-antiplural_w1_trt-ertOrDdcg_gapany_illib0p6535_opp0p6535_lrmax1_exclyr,backsliding_union_Nyr,129,2,0.13075353168832649,0.2949381672880303,129,2,-0.04736556743448929,0.05746162157044186,0.4097695854849365,-0.36203202442230026,0.6461211296175989,0.5752638972993985,21.999336414901254
1,backsliding_union_Nyr,Y_libdem,Liberal,vdem_high,instr-antiplural_w1_trt-ertOrDdcg_gapany_illib0p6535_opp0p6535_lrmax1_exclyr,backsliding_union_Nyr,129,2,0.13075353168832649,0.2949381672880303,129,2,-0.0311210702350193,0.04067589010726435,0.44421277989355223,-0.23442484350907872,0.4208238445437487,0.5774852787288283,20.415161723233084
1,backsliding_union_Nyr,Y_partipdem,Participatory,vdem_high,instr-antiplural_w1_trt-ertOrDdcg_gapany_illib0p6535_opp0p6535_lrmax1_exclyr,backsliding_union_Nyr,129,2,0.13075353168832649,0.2949381672880303,129,2,-0.01629557184807995,0.0285922402938364,0.5687252633288717,-0.124187586044936,0.2541009364200114,0.6250305338488744,19.953498371720215
1,backsliding_union_Nyr,Y_delibdem,Deliberative,vdem_high,instr-antiplural_w1_trt-ertOrDdcg_gapany_illib0p6535_opp0p6535_lrmax1_exclyr,backsliding_union_Nyr,129,2,0.13075353168832649,0.2949381672880303,129,2,-0.05371590919049519,0.05368617835333396,0.3170425804204773,-0.3883633947896422,0.5574321475299292,0.48599008986976183,17.173546802599652
1,backsliding_union_Nyr,Y_egaldem,Egalitarian,vdem_high,instr-antiplural_w1_trt-ertOrDdcg_gapany_illib0p6535_opp0p6535_lrmax1_exclyr,backsliding_union_Nyr,129,2,0.13075353168832649,0.2949381672880303,129,2,-0.03096593965882298,0.02913483053505926,0.28785021381629483,-0.2254789060186798,0.33288383493543283,0.49818383705406166,18.64310496214212
1,backsliding_union_Nyr,Y_elecoff,Elected officials,vdem_electoral,instr-antiplural_w1_trt-ertOrDdcg_gapany_illib0p6535_opp0p6535_lrmax1_exclyr,backsliding_union_Nyr,129,2,0.13075353168832649,0.2949381672880303,129,2,-0.09568938512284109,0.2272513396546736,0.6737018352931048,-0.7150606682901879,1.8765845936143497,0.7031708494329807,20.197601940167495
1,backsliding_union_Nyr,Y_frefair,Clean elections,vdem_electoral,instr-antiplural_w1_trt-ertOrDdcg_gapany_illib0p6535_opp0p6535_lrmax1_exclyr,backsliding_union_Nyr,129,2,0.13075353168832649,0.2949381672880303,129,2,-0.06612865116276416,0.092586446346858,0.4750807381869059,-0.5155530004417447,1.079192332001933,0.6328486897704986,23.63025303411279
1,backsliding_union_Nyr,Y_frassoc,Association,vdem_electoral,instr-antiplural_w1_trt-ertOrDdcg_gapany_illib0p6535_opp0p6535_lrmax1_exclyr,backsliding_union_Nyr,129,2,0.13075353168832649,0.2949381672880303,129,2,-0.01724995989015031,0.0781126019269378,0.8252212746404103,-0.1301994055275424,0.8209486046810054,0.8739869495094341,28.53211872036405
1,backsliding_union_Nyr,Y_suffr,Suffrage,vdem_electoral,instr-antiplural_w1_trt-ertOrDdcg_gapany_illib0p6535_opp0p6535_lrmax1_exclyr,backsliding_union_Nyr,129,2,0.13075353168832649,0.2949381672880303,129,2,-5.677768589193287e-4,6.092430991934312e-4,0.3513685139241318,-0.0042059444046076,0.00451311560843744,0.35136851392413154,13.68727387849243
1,backsliding_union_Nyr,Y_freexp,Expression & alt. info,vdem_electoral,instr-antiplural_w1_trt-ertOrDdcg_gapany_illib0p6535_opp0p6535_lrmax1_exclyr,backsliding_union_Nyr,129,2,0.13075353168832649,0.2949381672880303,129,2,0.00211974651330812,0.06214736467739584,0.9727907186218008,0.01920020584589042,0.6519928843722823,0.9765069002378752,32.44052513179583
1,backsliding_union_Nyr,Y_cl_rol,Rule of law,vdem_liberal,instr-antiplural_w1_trt-ertOrDdcg_gapany_illib0p6535_opp0p6535_lrmax1_exclyr,backsliding_union_Nyr,129,2,0.13075353168832649,0.2949381672880303,129,2,-0.0386368771801011,0.03749195623210621,0.3027576287995547,-0.29311007563252134,0.41214509281395834,0.47697160528681176,20.82830258008408
1,backsliding_union_Nyr,Y_cspart,Civil society,vdem_particip,instr-antiplural_w1_trt-ertOrDdcg_gapany_illib0p6535_opp0p6535_lrmax1_exclyr,backsliding_union_Nyr,129,2,0.13075353168832649,0.2949381672880303,129,2,0.03693163598822341,0.08476453579782768,0.6630567364415227,0.24323804775683208,0.9753454088344014,0.8030617712933577,25.9518631141799
1,backsliding_union_Nyr,Y_dd,Direct democracy,vdem_particip,instr-antiplural_w1_trt-ertOrDdcg_gapany_illib0p6535_opp0p6535_lrmax1_exclyr,backsliding_union_Nyr,129,2,0.13075353168832649,0.2949381672880303,129,2,0.02987823340734114,0.01575068074195439,0.05783470864037528,0.23675734959147413,0.2884599995054454,0.41178116911187623,24.680846820683776
1,backsliding_union_Nyr,Y_locelec,Local elections,vdem_particip,instr-antiplural_w1_trt-ertOrDdcg_gapany_illib0p6535_opp0p6535_lrmax1_exclyr,backsliding_union_Nyr,129,2,0.13075353168832649,0.2949381672880303,128,2,-0.07381637141872059,0.05611042995615885,0.18832335751495624,-0.5094257182877131,0.7727411607876686,0.509738477851482,16.243721398668924
1,backsliding_union_Nyr,Y_regelec,Regional elections,vdem_particip,instr-antiplural_w1_trt-ertOrDdcg_gapany_illib0p6535_opp0p6535_lrmax1_exclyr,backsliding_union_Nyr,129,2,0.13075353168832649,0.2949381672880303,129,2,0.0292028295588512,0.01765171612695015,0.09804821742767024,0.23373333924865333,0.28657064356690803,0.4147163272312171,25.462293913172974
1,backsliding_union_Nyr,Y_delib,Deliberation,vdem_egal_delib,instr-antiplural_w1_trt-ertOrDdcg_gapany_illib0p6535_opp0p6535_lrmax1_exclyr,backsliding_union_Nyr,129,2,0.13075353168832649,0.2949381672880303,129,2,-0.08622829919229213,0.08285095860606223,0.29798506882364906,-0.6235084955797163,0.8648857984213688,0.470962275635988,17.89784614775769
1,backsliding_union_Nyr,Y_eqprotec,Equal protection,vdem_egal_delib,instr-antiplural_w1_trt-ertOrDdcg_gapany_illib0p6535_opp0p6535_lrmax1_exclyr,backsliding_union_Nyr,129,2,0.13075353168832649,0.2949381672880303,129,2,-0.01872857101552029,0.02908427761367572,0.5196134215684065,-0.14593807449415336,0.26312251297627826,0.5791414333200243,21.619606020453496
1,backsliding_union_Nyr,Y_eqaccess,Equal access,vdem_egal_delib,instr-antiplural_w1_trt-ertOrDdcg_gapany_illib0p6535_opp0p6535_lrmax1_exclyr,backsliding_union_Nyr,129,2,0.13075353168832649,0.2949381672880303,129,2,-0.01314167404677893,0.03604033742683595,0.7153816971842342,-0.09103861444774412,0.34299936350432286,0.7906865519236566,23.112972885291605
1,backsliding_union_Nyr,Y_eqdr,Equal distribution,vdem_egal_delib,instr-antiplural_w1_trt-ertOrDdcg_gapany_illib0p6535_opp0p6535_lrmax1_exclyr,backsliding_union_Nyr,129,2,0.13075353168832649,0.2949381672880303,129,2,-0.05110469346394585,0.04584178870404708,0.26493363614084536,-0.3530501368014776,0.49806071997839574,0.47841782078941897,16.134713454586578
1,polyarchy_decline,Y_gdp_growth,PWT,growth,instr-antiplural_w1_trt-polyarchy_gapany_illib0p6535_opp0p6535_lrmax1_exclyr,polyarchy_decline,129,51,0.04736556743448929,0.4097695854849365,127,51,-0.08531175747115062,0.05292211974153742,0.10695659259892946,-1.7543668391074163,7.406797257935802,0.8127661522956744,26.375458192162
1,polyarchy_decline,Y_gdp_growth_wb,World Bank,growth,instr-antiplural_w1_trt-polyarchy_gapany_illib0p6535_opp0p6535_lrmax1_exclyr,polyarchy_decline,129,51,0.04736556743448929,0.4097695854849365,128,51,-0.08224797597186562,0.05235161623306788,0.11616673499061855,-1.6350816834581452,5.495242929073285,0.7660505096075051,26.616380518310383
1,polyarchy_decline,Y_gdp_growth_imf,IMF WEO,growth,instr-antiplural_w1_trt-polyarchy_gapany_illib0p6535_opp0p6535_lrmax1_exclyr,polyarchy_decline,129,51,0.04736556743448929,0.4097695854849365,108,41,-0.07973803488888531,0.03829717650642159,0.03733456775859663,-4.0344217106953115,21.52374967044677,0.8513152959765766,24.358621511919832
1,polyarchy_decline,Y_inflation,"CPI, cumulative log",inflation,instr-antiplural_w1_trt-polyarchy_gapany_illib0p6535_opp0p6535_lrmax1_exclyr,polyarchy_decline,129,51,0.04736556743448929,0.4097695854849365,118,46,0.12293449650350008,0.07848123664298727,0.1172505688314509,-4.186567840793847,86.28529726280904,0.9613017773263708,22.086981792060016
1,polyarchy_decline,Y_unemployment,Unemployment rate,unemployment,instr-antiplural_w1_trt-polyarchy_gapany_illib0p6535_opp0p6535_lrmax1_exclyr,polyarchy_decline,129,51,0.04736556743448929,0.4097695854849365,99,41,0.9392467280112023,0.799939029444533,0.24033579194676027,11.527531930904187,24.84988945933366,0.6427289592278017,22.220848847311107
1,polyarchy_decline,Y_trade_pct_gdp,Trade / GDP,trade,instr-antiplural_w1_trt-polyarchy_gapany_illib0p6535_opp0p6535_lrmax1_exclyr,polyarchy_decline,129,51,0.04736556743448929,0.4097695854849365,116,46,-6.4195663792319415,6.689143827577458,0.3372065959813788,-115.9107742774348,148.6831377737215,0.43563665186684647,22.029228373414036
1,polyarchy_decline,Y_top10_share,Top-10% income share,top10,instr-antiplural_w1_trt-polyarchy_gapany_illib0p6535_opp0p6535_lrmax1_exclyr,polyarchy_decline,129,51,0.04736556743448929,0.4097695854849365,120,48,-2.348056560035975,1.1784314096611486,0.04631325101713014,-34.23149089794704,149.9543573132647,0.8194290372614117,21.494155483998945
1,polyarchy_decline,Y_gini_disp,Disposable,gini,instr-antiplural_w1_trt-polyarchy_gapany_illib0p6535_opp0p6535_lrmax1_exclyr,polyarchy_decline,129,51,0.04736556743448929,0.4097695854849365,107,45,0.20705015912494543,0.2938561955445299,0.48106113947369655,5.903658569446937,24.689850985737387,0.8110181427743242,32.74876033664521
1,polyarchy_decline,Y_gini_mkt,Market,gini,instr-antiplural_w1_trt-polyarchy_gapany_illib0p6535_opp0p6535_lrmax1_exclyr,polyarchy_decline,129,51,0.04736556743448929,0.4097695854849365,107,45,0.20089941367888137,0.27852472846797016,0.4707260015341069,5.561842514455058,41.65108206633168,0.8937709455046442,34.048932248335774
1,polyarchy_decline,Y_debt,Debt / GDP,fiscal,instr-antiplural_w1_trt-polyarchy_gapany_illib0p6535_opp0p6535_lrmax1_exclyr,polyarchy_decline,129,51,0.04736556743448929,0.4097695854849365,123,50,21.786721370673916,31.379170395649396,0.4874908267714933,2729.339331807509,29117.550322944484,0.9253195097523276,29.92561981041155
1,polyarchy_decline,Y_deficit,Deficit / GDP,fiscal,instr-antiplural_w1_trt-polyarchy_gapany_illib0p6535_opp0p6535_lrmax1_exclyr,polyarchy_decline,129,51,0.04736556743448929,0.4097695854849365,104,43,2.986082385491459,2.107761429127543,0.15656833005618143,-3416.0812258818323,52979.36760487696,0.9485884584383504,28.922923069360404
1,polyarchy_decline,Y_checks_balances,Checks & balances,institutions,instr-antiplural_w1_trt-polyarchy_gapany_illib0p6535_opp0p6535_lrmax1_exclyr,polyarchy_decline,129,51,0.04736556743448929,0.4097695854849365,128,51,-0.0160068433530205,0.06135403166806008,0.7941749481230764,-0.9031249472614452,4.523559687681591,0.8417549680005919,25.86537320022232
1,polyarchy_decline,Y_jucon,Judicial constraints,institutions,instr-antiplural_w1_trt-polyarchy_gapany_illib0p6535_opp0p6535_lrmax1_exclyr,polyarchy_decline,129,51,0.04736556743448929,0.4097695854849365,129,51,0.08454468366543555,0.04790183226095062,0.0775709594404505,2.388287167560879,4.669680964924204,0.6090391637618122,21.267198344329177
1,polyarchy_decline,Y_legcon,Legislative constraints,institutions,instr-antiplural_w1_trt-polyarchy_gapany_illib0p6535_opp0p6535_lrmax1_exclyr,polyarchy_decline,129,51,0.04736556743448929,0.4097695854849365,128,51,-0.14914863363737318,0.10280613143718058,0.14684233818887135,-4.221632173036983,7.339792623603986,0.5651759936655653,22.902085263527812
1,polyarchy_decline,Y_hos_power,HOS,exec_power,instr-antiplural_w1_trt-polyarchy_gapany_illib0p6535_opp0p6535_lrmax1_exclyr,polyarchy_decline,129,51,0.04736556743448929,0.4097695854849365,129,51,-0.07849108985139751,0.0504003745785094,0.11938709722950153,-2.2241640748970095,3.930253604788375,0.5714559566080669,19.727079750633564
1,polyarchy_decline,Y_hog_power,HOG,exec_power,instr-antiplural_w1_trt-polyarchy_gapany_illib0p6535_opp0p6535_lrmax1_exclyr,polyarchy_decline,129,51,0.04736556743448929,0.4097695854849365,53,16,0.1556580538158051,0.22718089889578877,0.4932352155682126,0.3126851145684062,3.402933777853416,0.9267878813100277,18.970096419762505
1,polyarchy_decline,Y_hos_power_vdem,HOS (v2ex_hosw),exec_power_alt,instr-antiplural_w1_trt-polyarchy_gapany_illib0p6535_opp0p6535_lrmax1_exclyr,polyarchy_decline,129,51,0.04736556743448929,0.4097695854849365,129,51,0.01325065692597527,0.01234685139244728,0.2831808089783987,0.24582102315483711,0.2313199967810898,0.2879233892219111,17.438988959832514
1,polyarchy_decline,Y_hog_power_vdem,HOG (v2ex_hogw),exec_power_alt,instr-antiplural_w1_trt-polyarchy_gapany_illib0p6535_opp0p6535_lrmax1_exclyr,polyarchy_decline,129,51,0.04736556743448929,0.4097695854849365,129,51,-0.00679188764801655,0.00607682772428436,0.2637079878182906,-0.06764691310517641,0.221671521674898,0.7602386902143036,23.64694336272192
1,polyarchy_decline,Y_polyarchy,Electoral (polyarchy),vdem_high,instr-antiplural_w1_trt-polyarchy_gapany_illib0p6535_opp0p6535_lrmax1_exclyr,polyarchy_decline,129,51,0.04736556743448929,0.4097695854849365,129,51,-0.04736556743448929,0.05746162157044186,0.4097695854849365,-1,1.0894276444520662e-16,0,24.433351681668164
1,polyarchy_decline,Y_libdem,Liberal,vdem_high,instr-antiplural_w1_trt-polyarchy_gapany_illib0p6535_opp0p6535_lrmax1_exclyr,polyarchy_decline,129,51,0.04736556743448929,0.4097695854849365,129,51,-0.0311210702350193,0.04067589010726435,0.44421277989355223,-0.6003661228125221,1.420895156630697,0.6726406259641224,26.695694017866565
1,polyarchy_decline,Y_partipdem,Participatory,vdem_high,instr-antiplural_w1_trt-polyarchy_gapany_illib0p6535_opp0p6535_lrmax1_exclyr,polyarchy_decline,129,51,0.04736556743448929,0.4097695854849365,129,51,-0.01629557184807995,0.0285922402938364,0.5687252633288717,1.5290531320537573,14.411850299024731,0.9155054436168996,28.36321471241989
1,polyarchy_decline,Y_delibdem,Deliberative,vdem_high,instr-antiplural_w1_trt-polyarchy_gapany_illib0p6535_opp0p6535_lrmax1_exclyr,polyarchy_decline,129,51,0.04736556743448929,0.4097695854849365,129,51,-0.05371590919049519,0.05368617835333396,0.3170425804204773,-1.0029674367508437,1.6237124864015715,0.5367730170170266,25.47408755760766
1,polyarchy_decline,Y_egaldem,Egalitarian,vdem_high,instr-antiplural_w1_trt-polyarchy_gapany_illib0p6535_opp0p6535_lrmax1_exclyr,polyarchy_decline,129,51,0.04736556743448929,0.4097695854849365,129,51,-0.03096593965882298,0.02913483053505926,0.28785021381629483,-0.5462376166276196,0.33786370118295633,0.10593450750982963,24.340523754420452
1,polyarchy_decline,Y_elecoff,Elected officials,vdem_electoral,instr-antiplural_w1_trt-polyarchy_gapany_illib0p6535_opp0p6535_lrmax1_exclyr,polyarchy_decline,129,51,0.04736556743448929,0.4097695854849365,129,51,-0.09568938512284109,0.2272513396546736,0.6737018352931048,0.5620010153070483,7.823383664088016,0.9427323795820748,24.570568498169905
1,polyarchy_decline,Y_frefair,Clean elections,vdem_electoral,instr-antiplural_w1_trt-polyarchy_gapany_illib0p6535_opp0p6535_lrmax1_exclyr,polyarchy_decline,129,51,0.04736556743448929,0.4097695854849365,129,51,-0.06612865116276416,0.092586446346858,0.4750807381869059,-2.621990449704171,7.33454766838665,0.7207287866231233,27.92812873916464
1,polyarchy_decline,Y_frassoc,Association,vdem_electoral,instr-antiplural_w1_trt-polyarchy_gapany_illib0p6535_opp0p6535_lrmax1_exclyr,polyarchy_decline,129,51,0.04736556743448929,0.4097695854849365,129,51,-0.01724995989015031,0.0781126019269378,0.8252212746404103,-0.6125921706877271,1.1009536225399146,0.5779240453133558,18.51027286180766
1,polyarchy_decline,Y_suffr,Suffrage,vdem_electoral,instr-antiplural_w1_trt-polyarchy_gapany_illib0p6535_opp0p6535_lrmax1_exclyr,polyarchy_decline,129,51,0.04736556743448929,0.4097695854849365,129,51,-5.677768589193287e-4,6.092430991934312e-4,0.3513685139241318,-0.01272941554417187,0.01355005199720979,0.34750660003849515,14.821831308979052
1,polyarchy_decline,Y_freexp,Expression & alt. info,vdem_electoral,instr-antiplural_w1_trt-polyarchy_gapany_illib0p6535_opp0p6535_lrmax1_exclyr,polyarchy_decline,129,51,0.04736556743448929,0.4097695854849365,129,51,0.00211974651330812,0.06214736467739584,0.9727907186218008,-0.8738283860041166,1.4078782550228537,0.534816496533731,23.89493803683791
1,polyarchy_decline,Y_cl_rol,Rule of law,vdem_liberal,instr-antiplural_w1_trt-polyarchy_gapany_illib0p6535_opp0p6535_lrmax1_exclyr,polyarchy_decline,129,51,0.04736556743448929,0.4097695854849365,129,51,-0.0386368771801011,0.03749195623210621,0.3027576287995547,-0.946645791816142,1.2010170210401805,0.4305776957054302,23.810534477201735
1,polyarchy_decline,Y_cspart,Civil society,vdem_particip,instr-antiplural_w1_trt-polyarchy_gapany_illib0p6535_opp0p6535_lrmax1_exclyr,polyarchy_decline,129,51,0.04736556743448929,0.4097695854849365,129,51,0.03693163598822341,0.08476453579782768,0.6630567364415227,2.038721505224932,36.39139020779585,0.9553242146019976,27.380501960610623
1,polyarchy_decline,Y_dd,Direct democracy,vdem_particip,instr-antiplural_w1_trt-polyarchy_gapany_illib0p6535_opp0p6535_lrmax1_exclyr,polyarchy_decline,129,51,0.04736556743448929,0.4097695854849365,129,51,0.02987823340734114,0.01575068074195439,0.05783470864037528,0.918754109146724,2.1170443232505884,0.6643032342395309,23.876649971736516
1,polyarchy_decline,Y_locelec,Local elections,vdem_particip,instr-antiplural_w1_trt-polyarchy_gapany_illib0p6535_opp0p6535_lrmax1_exclyr,polyarchy_decline,129,51,0.04736556743448929,0.4097695854849365,128,51,-0.07381637141872059,0.05611042995615885,0.18832335751495624,-1.6324931834009375,2.1602810865372124,0.44983775462613873,20.19797661398482
1,polyarchy_decline,Y_regelec,Regional elections,vdem_particip,instr-antiplural_w1_trt-polyarchy_gapany_illib0p6535_opp0p6535_lrmax1_exclyr,polyarchy_decline,129,51,0.04736556743448929,0.4097695854849365,129,51,0.0292028295588512,0.01765171612695015,0.09804821742767024,0.6610407796339662,1.3755879653653942,0.6308353341771342,22.14328064534633
1,polyarchy_decline,Y_delib,Deliberation,vdem_egal_delib,instr-antiplural_w1_trt-polyarchy_gapany_illib0p6535_opp0p6535_lrmax1_exclyr,polyarchy_decline,129,51,0.04736556743448929,0.4097695854849365,129,51,-0.08622829919229213,0.08285095860606223,0.29798506882364906,-2.716833601498917,4.791903687191185,0.5707391056353307,26.30639660256975
1,polyarchy_decline,Y_eqprotec,Equal protection,vdem_egal_delib,instr-antiplural_w1_trt-polyarchy_gapany_illib0p6535_opp0p6535_lrmax1_exclyr,polyarchy_decline,129,51,0.04736556743448929,0.4097695854849365,129,51,-0.01872857101552029,0.02908427761367572,0.5196134215684065,-0.46739693759589834,1.1821316024866149,0.6925588810747244,23.12806608434124
1,polyarchy_decline,Y_eqaccess,Equal access,vdem_egal_delib,instr-antiplural_w1_trt-polyarchy_gapany_illib0p6535_opp0p6535_lrmax1_exclyr,polyarchy_decline,129,51,0.04736556743448929,0.4097695854849365,129,51,-0.01314167404677893,0.03604033742683595,0.7153816971842342,-0.16717550236802686,1.1479178963062409,0.8842105822187595,22.558096049916955
1,polyarchy_decline,Y_eqdr,Equal distribution,vdem_egal_delib,instr-antiplural_w1_trt-polyarchy_gapany_illib0p6535_opp0p6535_lrmax1_exclyr,polyarchy_decline,129,51,0.04736556743448929,0.4097695854849365,129,51,-0.05110469346394585,0.04584178870404708,0.26493363614084536,-0.6297345384576367,1.047273080768724,0.5476343173445876,19.49226767282608
2,backsliding_Nyr,Y_gdp_growth,PWT,growth,instr-antiplural_w2_trt-ert_gapany_illib0p6535_opp0p6535_lrmax1_exclyr,backsliding_Nyr,129,4,0.14226044795254672,0.2866565611794378,126,4,-0.157330563404937,0.06944214181710527,0.02347372579592181,NA,NA,NA,NA
2,backsliding_Nyr,Y_gdp_growth_wb,World Bank,growth,instr-antiplural_w2_trt-ert_gapany_illib0p6535_opp0p6535_lrmax1_exclyr,backsliding_Nyr,129,4,0.14226044795254672,0.2866565611794378,127,4,-0.14583265991333672,0.0661064355585829,0.02738202647178643,NA,NA,NA,NA
2,backsliding_Nyr,Y_gdp_growth_imf,IMF WEO,growth,instr-antiplural_w2_trt-ert_gapany_illib0p6535_opp0p6535_lrmax1_exclyr,backsliding_Nyr,129,4,0.14226044795254672,0.2866565611794378,107,3,-0.1304328647064453,0.05445901149661508,0.01661742548248827,NA,NA,NA,NA
2,backsliding_Nyr,Y_inflation,"CPI, cumulative log",inflation,instr-antiplural_w2_trt-ert_gapany_illib0p6535_opp0p6535_lrmax1_exclyr,backsliding_Nyr,129,4,0.14226044795254672,0.2866565611794378,117,4,0.19482923369342803,0.11929518805469493,0.10243340374247618,NA,NA,NA,NA
2,backsliding_Nyr,Y_unemployment,Unemployment rate,unemployment,instr-antiplural_w2_trt-ert_gapany_illib0p6535_opp0p6535_lrmax1_exclyr,backsliding_Nyr,129,4,0.14226044795254672,0.2866565611794378,99,3,1.7917684964524163,1.0651725823676963,0.09254186135051932,NA,NA,NA,NA
2,backsliding_Nyr,Y_trade_pct_gdp,Trade / GDP,trade,instr-antiplural_w2_trt-ert_gapany_illib0p6535_opp0p6535_lrmax1_exclyr,backsliding_Nyr,129,4,0.14226044795254672,0.2866565611794378,115,2,-4.733914559441037,6.451740956303512,0.4631058778429369,NA,NA,NA,10.46115810748097
2,backsliding_Nyr,Y_top10_share,Top-10% income share,top10,instr-antiplural_w2_trt-ert_gapany_illib0p6535_opp0p6535_lrmax1_exclyr,backsliding_Nyr,129,4,0.14226044795254672,0.2866565611794378,119,3,-1.2135787902369135,1.2914684172467208,0.3473770595962276,NA,NA,NA,NA
2,backsliding_Nyr,Y_gini_disp,Disposable,gini,instr-antiplural_w2_trt-ert_gapany_illib0p6535_opp0p6535_lrmax1_exclyr,backsliding_Nyr,129,4,0.14226044795254672,0.2866565611794378,103,2,0.31366261927545347,0.3951587139820656,0.4273330435517117,NA,NA,NA,NA
2,backsliding_Nyr,Y_gini_mkt,Market,gini,instr-antiplural_w2_trt-ert_gapany_illib0p6535_opp0p6535_lrmax1_exclyr,backsliding_Nyr,129,4,0.14226044795254672,0.2866565611794378,103,2,0.3401989879496104,0.39192774714525697,0.3853863662219527,NA,NA,NA,NA
2,backsliding_Nyr,Y_debt,Debt / GDP,fiscal,instr-antiplural_w2_trt-ert_gapany_illib0p6535_opp0p6535_lrmax1_exclyr,backsliding_Nyr,129,4,0.14226044795254672,0.2866565611794378,122,4,49.08429383792337,47.68017852438891,0.3032689134580985,NA,NA,NA,NA
2,backsliding_Nyr,Y_deficit,Deficit / GDP,fiscal,instr-antiplural_w2_trt-ert_gapany_illib0p6535_opp0p6535_lrmax1_exclyr,backsliding_Nyr,129,4,0.14226044795254672,0.2866565611794378,103,3,2.5706208559803336,2.193790949976522,0.24128896464756283,NA,NA,NA,NA
2,backsliding_Nyr,Y_checks_balances,Checks & balances,institutions,instr-antiplural_w2_trt-ert_gapany_illib0p6535_opp0p6535_lrmax1_exclyr,backsliding_Nyr,129,4,0.14226044795254672,0.2866565611794378,128,4,-0.01587378391376272,0.06548512294938857,0.8084679850876715,NA,NA,NA,NA
2,backsliding_Nyr,Y_jucon,Judicial constraints,institutions,instr-antiplural_w2_trt-ert_gapany_illib0p6535_opp0p6535_lrmax1_exclyr,backsliding_Nyr,129,4,0.14226044795254672,0.2866565611794378,129,4,0.05521650436012264,0.05884875422857572,0.34810144967201895,NA,NA,NA,NA
2,backsliding_Nyr,Y_legcon,Legislative constraints,institutions,instr-antiplural_w2_trt-ert_gapany_illib0p6535_opp0p6535_lrmax1_exclyr,backsliding_Nyr,129,4,0.14226044795254672,0.2866565611794378,128,4,-0.12344990630178798,0.0958741569746838,0.19787673254257643,NA,NA,NA,NA
2,backsliding_Nyr,Y_hos_power,HOS,exec_power,instr-antiplural_w2_trt-ert_gapany_illib0p6535_opp0p6535_lrmax1_exclyr,backsliding_Nyr,129,4,0.14226044795254672,0.2866565611794378,129,4,-0.05394285973926336,0.05995104733116119,0.36823639537331976,NA,NA,NA,NA
2,backsliding_Nyr,Y_hog_power,HOG,exec_power,instr-antiplural_w2_trt-ert_gapany_illib0p6535_opp0p6535_lrmax1_exclyr,backsliding_Nyr,129,4,0.14226044795254672,0.2866565611794378,52,3,0.19963318126631216,0.215414539910996,0.35406175958764186,NA,NA,NA,NA
2,backsliding_Nyr,Y_hos_power_vdem,HOS (v2ex_hosw),exec_power_alt,instr-antiplural_w2_trt-ert_gapany_illib0p6535_opp0p6535_lrmax1_exclyr,backsliding_Nyr,129,4,0.14226044795254672,0.2866565611794378,129,4,0.01264452417814589,0.01208676705191864,0.2954935851386895,NA,NA,NA,NA
2,backsliding_Nyr,Y_hog_power_vdem,HOG (v2ex_hogw),exec_power_alt,instr-antiplural_w2_trt-ert_gapany_illib0p6535_opp0p6535_lrmax1_exclyr,backsliding_Nyr,129,4,0.14226044795254672,0.2866565611794378,129,4,-0.00635283459311126,0.00580272638062921,0.2736035300475662,NA,NA,NA,NA
2,backsliding_Nyr,Y_polyarchy,Electoral (polyarchy),vdem_high,instr-antiplural_w2_trt-ert_gapany_illib0p6535_opp0p6535_lrmax1_exclyr,backsliding_Nyr,129,4,0.14226044795254672,0.2866565611794378,129,4,-0.04474122568488277,0.06165936429973286,0.46807217695422654,NA,NA,NA,NA
2,backsliding_Nyr,Y_libdem,Liberal,vdem_high,instr-antiplural_w2_trt-ert_gapany_illib0p6535_opp0p6535_lrmax1_exclyr,backsliding_Nyr,129,4,0.14226044795254672,0.2866565611794378,129,4,-0.02974503482103291,0.04261149543956334,0.48514474516459594,NA,NA,NA,NA
2,backsliding_Nyr,Y_partipdem,Participatory,vdem_high,instr-antiplural_w2_trt-ert_gapany_illib0p6535_opp0p6535_lrmax1_exclyr,backsliding_Nyr,129,4,0.14226044795254672,0.2866565611794378,129,4,-0.03080749393486732,0.03880647400384478,0.4272681392140856,NA,NA,NA,NA
2,backsliding_Nyr,Y_delibdem,Deliberative,vdem_high,instr-antiplural_w2_trt-ert_gapany_illib0p6535_opp0p6535_lrmax1_exclyr,backsliding_Nyr,129,4,0.14226044795254672,0.2866565611794378,129,4,-0.03814674719789752,0.05472464997949001,0.4857608694416338,NA,NA,NA,NA
2,backsliding_Nyr,Y_egaldem,Egalitarian,vdem_high,instr-antiplural_w2_trt-ert_gapany_illib0p6535_opp0p6535_lrmax1_exclyr,backsliding_Nyr,129,4,0.14226044795254672,0.2866565611794378,129,4,-0.03333442960748754,0.03033280455867149,0.27178708528936424,NA,NA,NA,NA
2,backsliding_Nyr,Y_elecoff,Elected officials,vdem_electoral,instr-antiplural_w2_trt-ert_gapany_illib0p6535_opp0p6535_lrmax1_exclyr,backsliding_Nyr,129,4,0.14226044795254672,0.2866565611794378,129,4,-0.07465378124533859,0.22642968491681223,0.7416269403266984,NA,NA,NA,NA
2,backsliding_Nyr,Y_frefair,Clean elections,vdem_electoral,instr-antiplural_w2_trt-ert_gapany_illib0p6535_opp0p6535_lrmax1_exclyr,backsliding_Nyr,129,4,0.14226044795254672,0.2866565611794378,129,4,-0.05913114423042281,0.11277808327841836,0.6000600606720778,NA,NA,NA,NA
2,backsliding_Nyr,Y_frassoc,Association,vdem_electoral,instr-antiplural_w2_trt-ert_gapany_illib0p6535_opp0p6535_lrmax1_exclyr,backsliding_Nyr,129,4,0.14226044795254672,0.2866565611794378,129,4,-0.03632944127027728,0.07779606731024157,0.6405120374651738,NA,NA,NA,NA
2,backsliding_Nyr,Y_suffr,Suffrage,vdem_electoral,instr-antiplural_w2_trt-ert_gapany_illib0p6535_opp0p6535_lrmax1_exclyr,backsliding_Nyr,129,4,0.14226044795254672,0.2866565611794378,129,4,-5.677768589193287e-4,6.092430991934312e-4,0.3513685139241318,NA,NA,NA,NA
2,backsliding_Nyr,Y_freexp,Expression & alt. info,vdem_electoral,instr-antiplural_w2_trt-ert_gapany_illib0p6535_opp0p6535_lrmax1_exclyr,backsliding_Nyr,129,4,0.14226044795254672,0.2866565611794378,129,4,-0.00517994765418702,0.05943082134373382,0.93054490523572,NA,NA,NA,NA
2,backsliding_Nyr,Y_cl_rol,Rule of law,vdem_liberal,instr-antiplural_w2_trt-ert_gapany_illib0p6535_opp0p6535_lrmax1_exclyr,backsliding_Nyr,129,4,0.14226044795254672,0.2866565611794378,129,4,-0.02480566396089137,0.0379932906427432,0.5138233877172833,NA,NA,NA,NA
2,backsliding_Nyr,Y_cspart,Civil society,vdem_particip,instr-antiplural_w2_trt-ert_gapany_illib0p6535_opp0p6535_lrmax1_exclyr,backsliding_Nyr,129,4,0.14226044795254672,0.2866565611794378,129,4,0.03493931208494724,0.1004331077375884,0.7279255008615023,NA,NA,NA,NA
2,backsliding_Nyr,Y_dd,Direct democracy,vdem_particip,instr-antiplural_w2_trt-ert_gapany_illib0p6535_opp0p6535_lrmax1_exclyr,backsliding_Nyr,129,4,0.14226044795254672,0.2866565611794378,129,4,0.00513376565547731,0.02270726868351802,0.8211355569278439,NA,NA,NA,NA
2,backsliding_Nyr,Y_locelec,Local elections,vdem_particip,instr-antiplural_w2_trt-ert_gapany_illib0p6535_opp0p6535_lrmax1_exclyr,backsliding_Nyr,129,4,0.14226044795254672,0.2866565611794378,128,4,-0.109472296099027,0.14389616393706195,0.44679274785703166,NA,NA,NA,NA
2,backsliding_Nyr,Y_regelec,Regional elections,vdem_particip,instr-antiplural_w2_trt-ert_gapany_illib0p6535_opp0p6535_lrmax1_exclyr,backsliding_Nyr,129,4,0.14226044795254672,0.2866565611794378,129,4,0.1167796071174933,0.09493776455619464,0.21867282138876196,NA,NA,NA,NA
2,backsliding_Nyr,Y_delib,Deliberation,vdem_egal_delib,instr-antiplural_w2_trt-ert_gapany_illib0p6535_opp0p6535_lrmax1_exclyr,backsliding_Nyr,129,4,0.14226044795254672,0.2866565611794378,129,4,-0.05514665469650795,0.08358812373717633,0.5094189579229819,NA,NA,NA,NA
2,backsliding_Nyr,Y_eqprotec,Equal protection,vdem_egal_delib,instr-antiplural_w2_trt-ert_gapany_illib0p6535_opp0p6535_lrmax1_exclyr,backsliding_Nyr,129,4,0.14226044795254672,0.2866565611794378,129,4,0.01400918859788152,0.02451090030806034,0.567627332842646,NA,NA,NA,NA
2,backsliding_Nyr,Y_eqaccess,Equal access,vdem_egal_delib,instr-antiplural_w2_trt-ert_gapany_illib0p6535_opp0p6535_lrmax1_exclyr,backsliding_Nyr,129,4,0.14226044795254672,0.2866565611794378,129,4,-0.03899750292379635,0.04708579526303186,0.40754464973903143,NA,NA,NA,NA
2,backsliding_Nyr,Y_eqdr,Equal distribution,vdem_egal_delib,instr-antiplural_w2_trt-ert_gapany_illib0p6535_opp0p6535_lrmax1_exclyr,backsliding_Nyr,129,4,0.14226044795254672,0.2866565611794378,129,4,-0.02500709165801806,0.04668884582645623,0.5922269472351396,NA,NA,NA,NA
2,backsliding_union_Nyr,Y_gdp_growth,PWT,growth,instr-antiplural_w2_trt-ertOrDdcg_gapany_illib0p6535_opp0p6535_lrmax1_exclyr,backsliding_union_Nyr,129,7,0.14720391120087062,0.2838746465594562,126,7,-0.157330563404937,0.06944214181710527,0.02347372579592181,-1.33486690125937,1.6870998851826826,0.42881571585703027,18.04937067511806
2,backsliding_union_Nyr,Y_gdp_growth_wb,World Bank,growth,instr-antiplural_w2_trt-ertOrDdcg_gapany_illib0p6535_opp0p6535_lrmax1_exclyr,backsliding_union_Nyr,129,7,0.14720391120087062,0.2838746465594562,127,7,-0.14583265991333672,0.0661064355585829,0.02738202647178643,-1.180365263861206,1.415499360535698,0.40434516176019897,17.969134575557952
2,backsliding_union_Nyr,Y_gdp_growth_imf,IMF WEO,growth,instr-antiplural_w2_trt-ertOrDdcg_gapany_illib0p6535_opp0p6535_lrmax1_exclyr,backsliding_union_Nyr,129,7,0.14720391120087062,0.2838746465594562,107,5,-0.1304328647064453,0.05445901149661508,0.01661742548248827,-0.8773318806691075,1.8153810277363036,0.6288990750336666,19.728660291283337
2,backsliding_union_Nyr,Y_inflation,"CPI, cumulative log",inflation,instr-antiplural_w2_trt-ertOrDdcg_gapany_illib0p6535_opp0p6535_lrmax1_exclyr,backsliding_union_Nyr,129,7,0.14720391120087062,0.2838746465594562,117,4,0.19482923369342803,0.11929518805469493,0.10243340374247618,NA,NA,NA,NA
2,backsliding_union_Nyr,Y_unemployment,Unemployment rate,unemployment,instr-antiplural_w2_trt-ertOrDdcg_gapany_illib0p6535_opp0p6535_lrmax1_exclyr,backsliding_union_Nyr,129,7,0.14720391120087062,0.2838746465594562,99,5,1.7917684964524163,1.0651725823676963,0.09254186135051932,14.363716776336672,36.236352295362266,0.6918175641447575,22.277984835833728
2,backsliding_union_Nyr,Y_trade_pct_gdp,Trade / GDP,trade,instr-antiplural_w2_trt-ertOrDdcg_gapany_illib0p6535_opp0p6535_lrmax1_exclyr,backsliding_union_Nyr,129,7,0.14720391120087062,0.2838746465594562,115,4,-4.733914559441037,6.451740956303512,0.4631058778429369,NA,NA,NA,NA
2,backsliding_union_Nyr,Y_top10_share,Top-10% income share,top10,instr-antiplural_w2_trt-ertOrDdcg_gapany_illib0p6535_opp0p6535_lrmax1_exclyr,backsliding_union_Nyr,129,7,0.14720391120087062,0.2838746465594562,119,6,-1.2135787902369135,1.2914684172467208,0.3473770595962276,-10.04953331638934,22.63335513741259,0.6570322458720544,21.545618635398153
2,backsliding_union_Nyr,Y_gini_disp,Disposable,gini,instr-antiplural_w2_trt-ertOrDdcg_gapany_illib0p6535_opp0p6535_lrmax1_exclyr,backsliding_union_Nyr,129,7,0.14720391120087062,0.2838746465594562,103,2,0.31366261927545347,0.3951587139820656,0.4273330435517117,NA,NA,NA,NA
2,backsliding_union_Nyr,Y_gini_mkt,Market,gini,instr-antiplural_w2_trt-ertOrDdcg_gapany_illib0p6535_opp0p6535_lrmax1_exclyr,backsliding_union_Nyr,129,7,0.14720391120087062,0.2838746465594562,103,2,0.3401989879496104,0.39192774714525697,0.3853863662219527,NA,NA,NA,NA
2,backsliding_union_Nyr,Y_debt,Debt / GDP,fiscal,instr-antiplural_w2_trt-ertOrDdcg_gapany_illib0p6535_opp0p6535_lrmax1_exclyr,backsliding_union_Nyr,129,7,0.14720391120087062,0.2838746465594562,122,6,49.08429383792337,47.68017852438891,0.3032689134580985,NA,NA,NA,NA
2,backsliding_union_Nyr,Y_deficit,Deficit / GDP,fiscal,instr-antiplural_w2_trt-ertOrDdcg_gapany_illib0p6535_opp0p6535_lrmax1_exclyr,backsliding_union_Nyr,129,7,0.14720391120087062,0.2838746465594562,103,4,2.5706208559803336,2.193790949976522,0.24128896464756283,NA,NA,NA,NA
2,backsliding_union_Nyr,Y_checks_balances,Checks & balances,institutions,instr-antiplural_w2_trt-ertOrDdcg_gapany_illib0p6535_opp0p6535_lrmax1_exclyr,backsliding_union_Nyr,129,7,0.14720391120087062,0.2838746465594562,128,7,-0.01587378391376272,0.06548512294938857,0.8084679850876715,-0.3027884228183619,1.3285573038021905,0.8197180062293704,24.119624087920947
2,backsliding_union_Nyr,Y_jucon,Judicial constraints,institutions,instr-antiplural_w2_trt-ertOrDdcg_gapany_illib0p6535_opp0p6535_lrmax1_exclyr,backsliding_union_Nyr,129,7,0.14720391120087062,0.2838746465594562,129,7,0.05521650436012264,0.05884875422857572,0.34810144967201895,0.5262783025201409,2.2554414202850173,0.8154996029541075,27.38734989051815
2,backsliding_union_Nyr,Y_legcon,Legislative constraints,institutions,instr-antiplural_w2_trt-ertOrDdcg_gapany_illib0p6535_opp0p6535_lrmax1_exclyr,backsliding_union_Nyr,129,7,0.14720391120087062,0.2838746465594562,128,7,-0.12344990630178798,0.0958741569746838,0.19787673254257643,-1.132044433152254,3.247987854913653,0.7274368183481666,23.775471738437783
2,backsliding_union_Nyr,Y_hos_power,HOS,exec_power,instr-antiplural_w2_trt-ertOrDdcg_gapany_illib0p6535_opp0p6535_lrmax1_exclyr,backsliding_union_Nyr,129,7,0.14720391120087062,0.2838746465594562,129,7,-0.05394285973926336,0.05995104733116119,0.36823639537331976,-0.6206100043263278,1.4571945534351818,0.6701852935955153,27.51955792936991
2,backsliding_union_Nyr,Y_hog_power,HOG,exec_power,instr-antiplural_w2_trt-ertOrDdcg_gapany_illib0p6535_opp0p6535_lrmax1_exclyr,backsliding_union_Nyr,129,7,0.14720391120087062,0.2838746465594562,52,4,0.19963318126631216,0.215414539910996,0.35406175958764186,NA,NA,NA,NA
2,backsliding_union_Nyr,Y_hos_power_vdem,HOS (v2ex_hosw),exec_power_alt,instr-antiplural_w2_trt-ertOrDdcg_gapany_illib0p6535_opp0p6535_lrmax1_exclyr,backsliding_union_Nyr,129,7,0.14720391120087062,0.2838746465594562,129,7,0.01264452417814589,0.01208676705191864,0.2954935851386895,0.00293329169311032,0.08459002836610799,0.972337647389444,15.39064441964744
2,backsliding_union_Nyr,Y_hog_power_vdem,HOG (v2ex_hogw),exec_power_alt,instr-antiplural_w2_trt-ertOrDdcg_gapany_illib0p6535_opp0p6535_lrmax1_exclyr,backsliding_union_Nyr,129,7,0.14720391120087062,0.2838746465594562,129,7,-0.00635283459311126,0.00580272638062921,0.2736035300475662,0,0,NA,13.96361325054172
2,backsliding_union_Nyr,Y_polyarchy,Electoral (polyarchy),vdem_high,instr-antiplural_w2_trt-ertOrDdcg_gapany_illib0p6535_opp0p6535_lrmax1_exclyr,backsliding_union_Nyr,129,7,0.14720391120087062,0.2838746465594562,129,7,-0.04474122568488277,0.06165936429973286,0.46807217695422654,-0.5061797383782424,0.9205231293949868,0.5823998348433672,16.129753243578918
2,backsliding_union_Nyr,Y_libdem,Liberal,vdem_high,instr-antiplural_w2_trt-ertOrDdcg_gapany_illib0p6535_opp0p6535_lrmax1_exclyr,backsliding_union_Nyr,129,7,0.14720391120087062,0.2838746465594562,129,7,-0.02974503482103291,0.04261149543956334,0.48514474516459594,-0.3695146735512622,0.6327406672820841,0.5592265601443557,15.225470597826474
2,backsliding_union_Nyr,Y_partipdem,Participatory,vdem_high,instr-antiplural_w2_trt-ertOrDdcg_gapany_illib0p6535_opp0p6535_lrmax1_exclyr,backsliding_union_Nyr,129,7,0.14720391120087062,0.2838746465594562,129,7,-0.03080749393486732,0.03880647400384478,0.4272681392140856,-0.286835511592348,0.545546014186075,0.5990432014721022,14.791486551619666
2,backsliding_union_Nyr,Y_delibdem,Deliberative,vdem_high,instr-antiplural_w2_trt-ertOrDdcg_gapany_illib0p6535_opp0p6535_lrmax1_exclyr,backsliding_union_Nyr,129,7,0.14720391120087062,0.2838746465594562,129,7,-0.03814674719789752,0.05472464997949001,0.4857608694416338,-0.3830077567654619,0.7242884571380144,0.5969403465077119,16.141427978925062
2,backsliding_union_Nyr,Y_egaldem,Egalitarian,vdem_high,instr-antiplural_w2_trt-ertOrDdcg_gapany_illib0p6535_opp0p6535_lrmax1_exclyr,backsliding_union_Nyr,129,7,0.14720391120087062,0.2838746465594562,129,7,-0.03333442960748754,0.03033280455867149,0.27178708528936424,-0.32705564971074663,0.48661617929050854,0.5015188387509723,13.950419831685409
2,backsliding_union_Nyr,Y_elecoff,Elected officials,vdem_electoral,instr-antiplural_w2_trt-ertOrDdcg_gapany_illib0p6535_opp0p6535_lrmax1_exclyr,backsliding_union_Nyr,129,7,0.14720391120087062,0.2838746465594562,129,7,-0.07465378124533859,0.22642968491681223,0.7416269403266984,-0.3589216148069512,3.4982579895294847,0.918280364547748,23.376636893900564
2,backsliding_union_Nyr,Y_frefair,Clean elections,vdem_electoral,instr-antiplural_w2_trt-ertOrDdcg_gapany_illib0p6535_opp0p6535_lrmax1_exclyr,backsliding_union_Nyr,129,7,0.14720391120087062,0.2838746465594562,129,7,-0.05913114423042281,0.11277808327841836,0.6000600606720778,-0.7232672031968992,2.271056694803012,0.7501271859340993,21.23036048751214
2,backsliding_union_Nyr,Y_frassoc,Association,vdem_electoral,instr-antiplural_w2_trt-ertOrDdcg_gapany_illib0p6535_opp0p6535_lrmax1_exclyr,backsliding_union_Nyr,129,7,0.14720391120087062,0.2838746465594562,129,7,-0.03632944127027728,0.07779606731024157,0.6405120374651738,-0.21317067379917728,2.664859188259431,0.9362426464124874,27.357346779127067
2,backsliding_union_Nyr,Y_suffr,Suffrage,vdem_electoral,instr-antiplural_w2_trt-ertOrDdcg_gapany_illib0p6535_opp0p6535_lrmax1_exclyr,backsliding_union_Nyr,129,7,0.14720391120087062,0.2838746465594562,129,7,-5.677768589193287e-4,6.092430991934312e-4,0.3513685139241318,-0.00588739832302158,0.00653216532482279,0.3674322746400467,19.122410515037085
2,backsliding_union_Nyr,Y_freexp,Expression & alt. info,vdem_electoral,instr-antiplural_w2_trt-ertOrDdcg_gapany_illib0p6535_opp0p6535_lrmax1_exclyr,backsliding_union_Nyr,129,7,0.14720391120087062,0.2838746465594562,129,7,-0.00517994765418702,0.05943082134373382,0.93054490523572,-0.22256522311497495,0.6509980699428917,0.732438885878995,19.320526678842327
2,backsliding_union_Nyr,Y_cl_rol,Rule of law,vdem_liberal,instr-antiplural_w2_trt-ertOrDdcg_gapany_illib0p6535_opp0p6535_lrmax1_exclyr,backsliding_union_Nyr,129,7,0.14720391120087062,0.2838746465594562,129,7,-0.02480566396089137,0.0379932906427432,0.5138233877172833,-0.2718887715980899,0.8709585963247041,0.7549099109389825,23.42185792005584
2,backsliding_union_Nyr,Y_cspart,Civil society,vdem_particip,instr-antiplural_w2_trt-ertOrDdcg_gapany_illib0p6535_opp0p6535_lrmax1_exclyr,backsliding_union_Nyr,129,7,0.14720391120087062,0.2838746465594562,129,7,0.03493931208494724,0.1004331077375884,0.7279255008615023,0.08734237068225503,3.0056260719768906,0.9768170356715302,27.00696446154591
2,backsliding_union_Nyr,Y_dd,Direct democracy,vdem_particip,instr-antiplural_w2_trt-ertOrDdcg_gapany_illib0p6535_opp0p6535_lrmax1_exclyr,backsliding_union_Nyr,129,7,0.14720391120087062,0.2838746465594562,129,7,0.00513376565547731,0.02270726868351802,0.8211355569278439,0.02318447153787337,0.5973269828104657,0.9690389204099126,23.49596784058013
2,backsliding_union_Nyr,Y_locelec,Local elections,vdem_particip,instr-antiplural_w2_trt-ertOrDdcg_gapany_illib0p6535_opp0p6535_lrmax1_exclyr,backsliding_union_Nyr,129,7,0.14720391120087062,0.2838746465594562,128,7,-0.109472296099027,0.14389616393706195,0.44679274785703166,-0.8930187482076843,2.1151595085835857,0.6728795923287366,15.300497679667789
2,backsliding_union_Nyr,Y_regelec,Regional elections,vdem_particip,instr-antiplural_w2_trt-ertOrDdcg_gapany_illib0p6535_opp0p6535_lrmax1_exclyr,backsliding_union_Nyr,129,7,0.14720391120087062,0.2838746465594562,129,7,0.1167796071174933,0.09493776455619464,0.21867282138876196,1.159621379811428,1.172449574119831,0.3226344526239305,19.81487834934359
2,backsliding_union_Nyr,Y_delib,Deliberation,vdem_egal_delib,instr-antiplural_w2_trt-ertOrDdcg_gapany_illib0p6535_opp0p6535_lrmax1_exclyr,backsliding_union_Nyr,129,7,0.14720391120087062,0.2838746465594562,129,7,-0.05514665469650795,0.08358812373717633,0.5094189579229819,-0.5665667062563327,1.9432088790692656,0.7706212029968912,24.58593979797824
2,backsliding_union_Nyr,Y_eqprotec,Equal protection,vdem_egal_delib,instr-antiplural_w2_trt-ertOrDdcg_gapany_illib0p6535_opp0p6535_lrmax1_exclyr,backsliding_union_Nyr,129,7,0.14720391120087062,0.2838746465594562,129,7,0.01400918859788152,0.02451090030806034,0.567627332842646,0.1603493988553114,0.7725195666666306,0.83556724520594,23.455827390100737
2,backsliding_union_Nyr,Y_eqaccess,Equal access,vdem_egal_delib,instr-antiplural_w2_trt-ertOrDdcg_gapany_illib0p6535_opp0p6535_lrmax1_exclyr,backsliding_union_Nyr,129,7,0.14720391120087062,0.2838746465594562,129,7,-0.03899750292379635,0.04708579526303186,0.40754464973903143,-0.1698386305537933,2.358212121364267,0.9425859261572768,27.160270800370007
2,backsliding_union_Nyr,Y_eqdr,Equal distribution,vdem_egal_delib,instr-antiplural_w2_trt-ertOrDdcg_gapany_illib0p6535_opp0p6535_lrmax1_exclyr,backsliding_union_Nyr,129,7,0.14720391120087062,0.2838746465594562,129,7,-0.02500709165801806,0.04668884582645623,0.5922269472351396,-0.06059909780660885,0.9189730383254108,0.9474238482049002,24.682645019448856
2,polyarchy_decline,Y_gdp_growth,PWT,growth,instr-antiplural_w2_trt-polyarchy_gapany_illib0p6535_opp0p6535_lrmax1_exclyr,polyarchy_decline,129,51,0.04474122568488277,0.46807217695422654,126,51,-0.157330563404937,0.06944214181710527,0.02347372579592181,-10.437272719737852,33.907856231590145,0.7582247688275576,25.54179945194243
2,polyarchy_decline,Y_gdp_growth_wb,World Bank,growth,instr-antiplural_w2_trt-polyarchy_gapany_illib0p6535_opp0p6535_lrmax1_exclyr,polyarchy_decline,129,51,0.04474122568488277,0.46807217695422654,127,51,-0.14583265991333672,0.0661064355585829,0.02738202647178643,-7.5647028419392335,51.383779273858345,0.8829586382037634,26.076192752938073
2,polyarchy_decline,Y_gdp_growth_imf,IMF WEO,growth,instr-antiplural_w2_trt-polyarchy_gapany_illib0p6535_opp0p6535_lrmax1_exclyr,polyarchy_decline,129,51,0.04474122568488277,0.46807217695422654,107,41,-0.1304328647064453,0.05445901149661508,0.01661742548248827,11.814677571335752,290.3113997159225,0.9675377978027484,23.73767314150146
2,polyarchy_decline,Y_inflation,"CPI, cumulative log",inflation,instr-antiplural_w2_trt-polyarchy_gapany_illib0p6535_opp0p6535_lrmax1_exclyr,polyarchy_decline,129,51,0.04474122568488277,0.46807217695422654,117,46,0.19482923369342803,0.11929518805469493,0.10243340374247618,-284.2800863730292,1823.3585996452264,0.8761038560215025,23.759080577840443
2,polyarchy_decline,Y_unemployment,Unemployment rate,unemployment,instr-antiplural_w2_trt-polyarchy_gapany_illib0p6535_opp0p6535_lrmax1_exclyr,polyarchy_decline,129,51,0.04474122568488277,0.46807217695422654,99,43,1.7917684964524163,1.0651725823676963,0.09254186135051932,19.302728369756288,63.318569360305744,0.7604796465391346,23.09798318159513
2,polyarchy_decline,Y_trade_pct_gdp,Trade / GDP,trade,instr-antiplural_w2_trt-polyarchy_gapany_illib0p6535_opp0p6535_lrmax1_exclyr,polyarchy_decline,129,51,0.04474122568488277,0.46807217695422654,115,46,-4.733914559441037,6.451740956303512,0.4631058778429369,-54.48727826583168,181.58420546103233,0.7641266782161764,22.3096305313852
2,polyarchy_decline,Y_top10_share,Top-10% income share,top10,instr-antiplural_w2_trt-polyarchy_gapany_illib0p6535_opp0p6535_lrmax1_exclyr,polyarchy_decline,129,51,0.04474122568488277,0.46807217695422654,119,48,-1.2135787902369135,1.2914684172467208,0.3473770595962276,-21.942078584899612,147.74120178382944,0.8819347785792536,21.31784209935133
2,polyarchy_decline,Y_gini_disp,Disposable,gini,instr-antiplural_w2_trt-polyarchy_gapany_illib0p6535_opp0p6535_lrmax1_exclyr,polyarchy_decline,129,51,0.04474122568488277,0.46807217695422654,103,45,0.31366261927545347,0.3951587139820656,0.4273330435517117,12.13987616893046,37.60385588427362,0.7468194928179883,27.98253088308049
2,polyarchy_decline,Y_gini_mkt,Market,gini,instr-antiplural_w2_trt-polyarchy_gapany_illib0p6535_opp0p6535_lrmax1_exclyr,polyarchy_decline,129,51,0.04474122568488277,0.46807217695422654,103,45,0.3401989879496104,0.39192774714525697,0.3853863662219527,-536.6756415438932,2000.4601953849503,0.7884868084485698,35.28950269172726
2,polyarchy_decline,Y_debt,Debt / GDP,fiscal,instr-antiplural_w2_trt-polyarchy_gapany_illib0p6535_opp0p6535_lrmax1_exclyr,polyarchy_decline,129,51,0.04474122568488277,0.46807217695422654,122,51,49.08429383792337,47.68017852438891,0.3032689134580985,874.078590354564,4106.446813785452,0.8314399006103685,24.29550230507354
2,polyarchy_decline,Y_deficit,Deficit / GDP,fiscal,instr-antiplural_w2_trt-polyarchy_gapany_illib0p6535_opp0p6535_lrmax1_exclyr,polyarchy_decline,129,51,0.04474122568488277,0.46807217695422654,103,44,2.5706208559803336,2.193790949976522,0.24128896464756283,-82112.06892184696,993872.7736581864,0.9341550577697466,24.800588926476316
2,polyarchy_decline,Y_checks_balances,Checks & balances,institutions,instr-antiplural_w2_trt-polyarchy_gapany_illib0p6535_opp0p6535_lrmax1_exclyr,polyarchy_decline,129,51,0.04474122568488277,0.46807217695422654,128,51,-0.01587378391376272,0.06548512294938857,0.8084679850876715,-1.88527873028776,4.08279047707433,0.644251787403679,23.83701952064326
2,polyarchy_decline,Y_jucon,Judicial constraints,institutions,instr-antiplural_w2_trt-polyarchy_gapany_illib0p6535_opp0p6535_lrmax1_exclyr,polyarchy_decline,129,51,0.04474122568488277,0.46807217695422654,129,51,0.05521650436012264,0.05884875422857572,0.34810144967201895,1.5771918464492614,6.133013921145329,0.7970519903914167,22.0105496412736
2,polyarchy_decline,Y_legcon,Legislative constraints,institutions,instr-antiplural_w2_trt-polyarchy_gapany_illib0p6535_opp0p6535_lrmax1_exclyr,polyarchy_decline,129,51,0.04474122568488277,0.46807217695422654,128,51,-0.12344990630178798,0.0958741569746838,0.19787673254257643,-5.909046365643846,12.448904070628442,0.6350264948694981,22.53654332348101
2,polyarchy_decline,Y_hos_power,HOS,exec_power,instr-antiplural_w2_trt-polyarchy_gapany_illib0p6535_opp0p6535_lrmax1_exclyr,polyarchy_decline,129,51,0.04474122568488277,0.46807217695422654,129,51,-0.05394285973926336,0.05995104733116119,0.36823639537331976,-1.4905111900645298,4.912479563681806,0.7615749802871785,21.98716689516353
2,polyarchy_decline,Y_hog_power,HOG,exec_power,instr-antiplural_w2_trt-polyarchy_gapany_illib0p6535_opp0p6535_lrmax1_exclyr,polyarchy_decline,129,51,0.04474122568488277,0.46807217695422654,52,16,0.19963318126631216,0.215414539910996,0.35406175958764186,-0.6012157831895985,2.0106345329544952,0.7649263622097855,32.75042492444321
2,polyarchy_decline,Y_hos_power_vdem,HOS (v2ex_hosw),exec_power_alt,instr-antiplural_w2_trt-polyarchy_gapany_illib0p6535_opp0p6535_lrmax1_exclyr,polyarchy_decline,129,51,0.04474122568488277,0.46807217695422654,129,51,0.01264452417814589,0.01208676705191864,0.2954935851386895,0.2481685844260876,0.22719106747641413,0.27468621102955754,14.60421170712228
2,polyarchy_decline,Y_hog_power_vdem,HOG (v2ex_hogw),exec_power_alt,instr-antiplural_w2_trt-polyarchy_gapany_illib0p6535_opp0p6535_lrmax1_exclyr,polyarchy_decline,129,51,0.04474122568488277,0.46807217695422654,129,51,-0.00635283459311126,0.00580272638062921,0.2736035300475662,0,0,NA,13.601767097603508
2,polyarchy_decline,Y_polyarchy,Electoral (polyarchy),vdem_high,instr-antiplural_w2_trt-polyarchy_gapany_illib0p6535_opp0p6535_lrmax1_exclyr,polyarchy_decline,129,51,0.04474122568488277,0.46807217695422654,129,51,-0.04474122568488277,0.06165936429973286,0.46807217695422654,-1,8.565934167163556e-16,0,24.705369539762316
2,polyarchy_decline,Y_libdem,Liberal,vdem_high,instr-antiplural_w2_trt-polyarchy_gapany_illib0p6535_opp0p6535_lrmax1_exclyr,polyarchy_decline,129,51,0.04474122568488277,0.46807217695422654,129,51,-0.02974503482103291,0.04261149543956334,0.48514474516459594,0.27079083157520556,9.558974701453186,0.97740019866896,26.656229745105357
2,polyarchy_decline,Y_partipdem,Participatory,vdem_high,instr-antiplural_w2_trt-polyarchy_gapany_illib0p6535_opp0p6535_lrmax1_exclyr,polyarchy_decline,129,51,0.04474122568488277,0.46807217695422654,129,51,-0.03080749393486732,0.03880647400384478,0.4272681392140856,-1.1119680978192306,7.617507250325322,0.883940867414591,25.84801453987411
2,polyarchy_decline,Y_delibdem,Deliberative,vdem_high,instr-antiplural_w2_trt-polyarchy_gapany_illib0p6535_opp0p6535_lrmax1_exclyr,polyarchy_decline,129,51,0.04474122568488277,0.46807217695422654,129,51,-0.03814674719789752,0.05472464997949001,0.4857608694416338,1.017616233034569,15.76604570913702,0.9485364379334708,26.612084849768394
2,polyarchy_decline,Y_egaldem,Egalitarian,vdem_high,instr-antiplural_w2_trt-polyarchy_gapany_illib0p6535_opp0p6535_lrmax1_exclyr,polyarchy_decline,129,51,0.04474122568488277,0.46807217695422654,129,51,-0.03333442960748754,0.03033280455867149,0.27178708528936424,-0.22789293667043176,3.814545742445916,0.9523602130892852,26.364337183606303
2,polyarchy_decline,Y_elecoff,Elected officials,vdem_electoral,instr-antiplural_w2_trt-polyarchy_gapany_illib0p6535_opp0p6535_lrmax1_exclyr,polyarchy_decline,129,51,0.04474122568488277,0.46807217695422654,129,51,-0.07465378124533859,0.22642968491681223,0.7416269403266984,1.9297956716174969,13.957362485189238,0.8900320645272899,24.763564618053326
2,polyarchy_decline,Y_frefair,Clean elections,vdem_electoral,instr-antiplural_w2_trt-polyarchy_gapany_illib0p6535_opp0p6535_lrmax1_exclyr,polyarchy_decline,129,51,0.04474122568488277,0.46807217695422654,129,51,-0.05913114423042281,0.11277808327841836,0.6000600606720778,-2.883647851066134,29.21229308119787,0.921365745476162,29.868985517156563
2,polyarchy_decline,Y_frassoc,Association,vdem_electoral,instr-antiplural_w2_trt-polyarchy_gapany_illib0p6535_opp0p6535_lrmax1_exclyr,polyarchy_decline,129,51,0.04474122568488277,0.46807217695422654,129,51,-0.03632944127027728,0.07779606731024157,0.6405120374651738,-0.8348427671537304,1.1121967441377465,0.4528783246031895,17.567634201982344
2,polyarchy_decline,Y_suffr,Suffrage,vdem_electoral,instr-antiplural_w2_trt-polyarchy_gapany_illib0p6535_opp0p6535_lrmax1_exclyr,polyarchy_decline,129,51,0.04474122568488277,0.46807217695422654,129,51,-5.677768589193287e-4,6.092430991934312e-4,0.3513685139241318,-0.01491685806331468,0.0157826947313287,0.34458734285635495,15.018492107971252
2,polyarchy_decline,Y_freexp,Expression & alt. info,vdem_electoral,instr-antiplural_w2_trt-polyarchy_gapany_illib0p6535_opp0p6535_lrmax1_exclyr,polyarchy_decline,129,51,0.04474122568488277,0.46807217695422654,129,51,-0.00517994765418702,0.05943082134373382,0.93054490523572,-0.533506700413505,1.5645784062195924,0.7331105759925552,21.496047369578545
2,polyarchy_decline,Y_cl_rol,Rule of law,vdem_liberal,instr-antiplural_w2_trt-polyarchy_gapany_illib0p6535_opp0p6535_lrmax1_exclyr,polyarchy_decline,129,51,0.04474122568488277,0.46807217695422654,129,51,-0.02480566396089137,0.0379932906427432,0.5138233877172833,-0.6956314944338375,1.2770415551803769,0.5859453432488987,22.516154745999312
2,polyarchy_decline,Y_cspart,Civil society,vdem_particip,instr-antiplural_w2_trt-polyarchy_gapany_illib0p6535_opp0p6535_lrmax1_exclyr,polyarchy_decline,129,51,0.04474122568488277,0.46807217695422654,129,51,0.03493931208494724,0.1004331077375884,0.7279255008615023,-175.2047584962785,1621.8958627410243,0.913976126236979,27.59980282701111
2,polyarchy_decline,Y_dd,Direct democracy,vdem_particip,instr-antiplural_w2_trt-polyarchy_gapany_illib0p6535_opp0p6535_lrmax1_exclyr,polyarchy_decline,129,51,0.04474122568488277,0.46807217695422654,129,51,0.00513376565547731,0.02270726868351802,0.8211355569278439,16.617120404181705,223.2747317579186,0.9406725785775072,28.975660079165753
2,polyarchy_decline,Y_locelec,Local elections,vdem_particip,instr-antiplural_w2_trt-polyarchy_gapany_illib0p6535_opp0p6535_lrmax1_exclyr,polyarchy_decline,129,51,0.04474122568488277,0.46807217695422654,128,51,-0.109472296099027,0.14389616393706195,0.44679274785703166,-1.8018510631774711,6.964377481573081,0.7958482600021226,23.12230148999879
2,polyarchy_decline,Y_regelec,Regional elections,vdem_particip,instr-antiplural_w2_trt-polyarchy_gapany_illib0p6535_opp0p6535_lrmax1_exclyr,polyarchy_decline,129,51,0.04474122568488277,0.46807217695422654,129,51,0.1167796071174933,0.09493776455619464,0.21867282138876196,1.6746952474124632,12.202346461880811,0.8908381655363067,21.908928869508408
2,polyarchy_decline,Y_delib,Deliberation,vdem_egal_delib,instr-antiplural_w2_trt-polyarchy_gapany_illib0p6535_opp0p6535_lrmax1_exclyr,polyarchy_decline,129,51,0.04474122568488277,0.46807217695422654,129,51,-0.05514665469650795,0.08358812373717633,0.5094189579229819,-1.5695570718979015,3.775290078429816,0.6775967836039027,23.214136339210583
2,polyarchy_decline,Y_eqprotec,Equal protection,vdem_egal_delib,instr-antiplural_w2_trt-polyarchy_gapany_illib0p6535_opp0p6535_lrmax1_exclyr,polyarchy_decline,129,51,0.04474122568488277,0.46807217695422654,129,51,0.01400918859788152,0.02451090030806034,0.567627332842646,-0.03511794645795363,1.833377663138376,0.984717631020484,20.28178236268167
2,polyarchy_decline,Y_eqaccess,Equal access,vdem_egal_delib,instr-antiplural_w2_trt-polyarchy_gapany_illib0p6535_opp0p6535_lrmax1_exclyr,polyarchy_decline,129,51,0.04474122568488277,0.46807217695422654,129,51,-0.03899750292379635,0.04708579526303186,0.40754464973903143,-0.28211656858989054,4.2613574554182785,0.947215849472653,22.05345571573801
2,polyarchy_decline,Y_eqdr,Equal distribution,vdem_egal_delib,instr-antiplural_w2_trt-polyarchy_gapany_illib0p6535_opp0p6535_lrmax1_exclyr,polyarchy_decline,129,51,0.04474122568488277,0.46807217695422654,129,51,-0.02500709165801806,0.04668884582645623,0.5922269472351396,-0.4059737764549909,1.074064341581228,0.705446186928359,19.75453374862027
3,backsliding_Nyr,Y_gdp_growth,PWT,growth,instr-antiplural_w3_trt-ert_gapany_illib0p6535_opp0p6535_lrmax1_exclyr,backsliding_Nyr,129,7,0.3734086304481131,0.08969469829345927,125,7,-0.22880753557029068,0.09155308225894196,0.01244814359207809,-0.6225778658607316,0.47387746386419966,0.18891518420040523,13.37411449892427
3,backsliding_Nyr,Y_gdp_growth_wb,World Bank,growth,instr-antiplural_w3_trt-ert_gapany_illib0p6535_opp0p6535_lrmax1_exclyr,backsliding_Nyr,129,7,0.3734086304481131,0.08969469829345927,126,7,-0.2119495614387734,0.08561571466261049,0.01330155599879141,-0.5566943181789574,0.4456950509749323,0.21164767721372457,14.77515622785512
3,backsliding_Nyr,Y_gdp_growth_imf,IMF WEO,growth,instr-antiplural_w3_trt-ert_gapany_illib0p6535_opp0p6535_lrmax1_exclyr,backsliding_Nyr,129,7,0.3734086304481131,0.08969469829345927,106,6,-0.19190885213927328,0.06903148168848812,0.00543556660519835,-0.5485290159429276,0.5069443816976872,0.27923920953626397,19.0942449648145
3,backsliding_Nyr,Y_inflation,"CPI, cumulative log",inflation,instr-antiplural_w3_trt-ert_gapany_illib0p6535_opp0p6535_lrmax1_exclyr,backsliding_Nyr,129,7,0.3734086304481131,0.08969469829345927,116,7,0.21099635186525056,0.16089248611796075,0.1897185756145976,0.6450610157365297,0.823371371319867,0.4333695242325461,14.33992733564664
3,backsliding_Nyr,Y_unemployment,Unemployment rate,unemployment,instr-antiplural_w3_trt-ert_gapany_illib0p6535_opp0p6535_lrmax1_exclyr,backsliding_Nyr,129,7,0.3734086304481131,0.08969469829345927,97,5,3.0292487673128123,1.3814602036742594,0.02832268769702572,7.837503494791756,8.322157876017263,0.34631379985840266,19.69665967821151
3,backsliding_Nyr,Y_trade_pct_gdp,Trade / GDP,trade,instr-antiplural_w3_trt-ert_gapany_illib0p6535_opp0p6535_lrmax1_exclyr,backsliding_Nyr,129,7,0.3734086304481131,0.08969469829345927,114,5,-0.22435128409656535,10.098597114607548,0.9822755873975172,17.26342094045205,73.17566230129526,0.8134966711752015,18.044567452014817
3,backsliding_Nyr,Y_top10_share,Top-10% income share,top10,instr-antiplural_w3_trt-ert_gapany_illib0p6535_opp0p6535_lrmax1_exclyr,backsliding_Nyr,129,7,0.3734086304481131,0.08969469829345927,118,6,-0.1341327740288074,1.8348835699086936,0.9417253338265936,0.03398249480114344,7.092319862328988,0.99617699078461,21.386793789338252
3,backsliding_Nyr,Y_gini_disp,Disposable,gini,instr-antiplural_w3_trt-ert_gapany_illib0p6535_opp0p6535_lrmax1_exclyr,backsliding_Nyr,129,7,0.3734086304481131,0.08969469829345927,102,5,0.4627624645836565,0.511289018790098,0.36541782695413255,0.8714581259317132,1.837068150799284,0.635232935774369,15.731503090892923
3,backsliding_Nyr,Y_gini_mkt,Market,gini,instr-antiplural_w3_trt-ert_gapany_illib0p6535_opp0p6535_lrmax1_exclyr,backsliding_Nyr,129,7,0.3734086304481131,0.08969469829345927,102,5,0.49978219609789065,0.4903853533559575,0.3081259876720073,1.0033432966576543,1.8721971267284971,0.5920155349189732,16.649978617025095
3,backsliding_Nyr,Y_debt,Debt / GDP,fiscal,instr-antiplural_w3_trt-ert_gapany_illib0p6535_opp0p6535_lrmax1_exclyr,backsliding_Nyr,129,7,0.3734086304481131,0.08969469829345927,122,7,55.67065541647783,70.68036154930026,0.43090751375737085,177.64418548686342,259.11106381832883,0.4929711263209904,16.74719243865829
3,backsliding_Nyr,Y_deficit,Deficit / GDP,fiscal,instr-antiplural_w3_trt-ert_gapany_illib0p6535_opp0p6535_lrmax1_exclyr,backsliding_Nyr,129,7,0.3734086304481131,0.08969469829345927,102,6,5.312636974801427,1.935099608765076,0.00604358024439023,13.386868683828215,13.752294605662268,0.3303406265704109,10.2586908303228
3,backsliding_Nyr,Y_checks_balances,Checks & balances,institutions,instr-antiplural_w3_trt-ert_gapany_illib0p6535_opp0p6535_lrmax1_exclyr,backsliding_Nyr,129,7,0.3734086304481131,0.08969469829345927,127,7,-0.00109119128255433,0.0628924420296232,0.986157303327556,-0.10794704399155115,0.2195221284216025,0.6229056288574968,14.674764942683233
3,backsliding_Nyr,Y_jucon,Judicial constraints,institutions,instr-antiplural_w3_trt-ert_gapany_illib0p6535_opp0p6535_lrmax1_exclyr,backsliding_Nyr,129,7,0.3734086304481131,0.08969469829345927,128,7,0.06766172584387908,0.04643087652781433,0.1450454159686546,0.2288183684982156,0.2331680075875842,0.32642240592943567,19.191748027264243
3,backsliding_Nyr,Y_legcon,Legislative constraints,institutions,instr-antiplural_w3_trt-ert_gapany_illib0p6535_opp0p6535_lrmax1_exclyr,backsliding_Nyr,129,7,0.3734086304481131,0.08969469829345927,127,7,-0.10266254626924733,0.1038533507410979,0.32289129497304425,-0.3763548458862263,0.4206313918760076,0.3709272166229031,14.465429297934008
3,backsliding_Nyr,Y_hos_power,HOS,exec_power,instr-antiplural_w3_trt-ert_gapany_illib0p6535_opp0p6535_lrmax1_exclyr,backsliding_Nyr,129,7,0.3734086304481131,0.08969469829345927,128,7,-0.06357462151794772,0.05915359334895637,0.282491993232283,-0.19273481850843763,0.22787235633414293,0.39766339620577673,20.165538983290155
3,backsliding_Nyr,Y_hog_power,HOG,exec_power,instr-antiplural_w3_trt-ert_gapany_illib0p6535_opp0p6535_lrmax1_exclyr,backsliding_Nyr,129,7,0.3734086304481131,0.08969469829345927,51,5,0.1988504346284296,0.21520598032269284,0.3554860525530984,-152.54000926679177,262.93315126087015,0.5618151568007688,19.37368818825304
3,backsliding_Nyr,Y_hos_power_vdem,HOS (v2ex_hosw),exec_power_alt,instr-antiplural_w3_trt-ert_gapany_illib0p6535_opp0p6535_lrmax1_exclyr,backsliding_Nyr,129,7,0.3734086304481131,0.08969469829345927,128,7,0.01320629385594259,0.01234668210324618,0.2847890853746552,0.04929458509766707,0.04489214789486723,0.27217524427784573,13.783707067270203
3,backsliding_Nyr,Y_hog_power_vdem,HOG (v2ex_hogw),exec_power_alt,instr-antiplural_w3_trt-ert_gapany_illib0p6535_opp0p6535_lrmax1_exclyr,backsliding_Nyr,129,7,0.3734086304481131,0.08969469829345927,128,7,-0.00636199015135018,0.00581116427696067,0.27360973336334177,0,0,NA,13.349478723183246
3,backsliding_Nyr,Y_polyarchy,Electoral (polyarchy),vdem_high,instr-antiplural_w3_trt-ert_gapany_illib0p6535_opp0p6535_lrmax1_exclyr,backsliding_Nyr,129,7,0.3734086304481131,0.08969469829345927,128,7,-0.07112502579647247,0.06479543047460339,0.27234169994372287,-0.29491554424858735,0.284779503547167,0.3003922494302712,12.46071341337464
3,backsliding_Nyr,Y_libdem,Liberal,vdem_high,instr-antiplural_w3_trt-ert_gapany_illib0p6535_opp0p6535_lrmax1_exclyr,backsliding_Nyr,129,7,0.3734086304481131,0.08969469829345927,128,7,-0.05095609181233013,0.04627628489607355,0.27084115184023544,-0.2062226366964761,0.19798157651759293,0.2975853927959568,12.281501675400936
3,backsliding_Nyr,Y_partipdem,Participatory,vdem_high,instr-antiplural_w3_trt-ert_gapany_illib0p6535_opp0p6535_lrmax1_exclyr,backsliding_Nyr,129,7,0.3734086304481131,0.08969469829345927,128,7,-0.04583449819304185,0.04036946437542957,0.25621804751580546,-0.14306820266964437,0.15764765754756896,0.364132546983265,12.77675642310552
3,backsliding_Nyr,Y_delibdem,Deliberative,vdem_high,instr-antiplural_w3_trt-ert_gapany_illib0p6535_opp0p6535_lrmax1_exclyr,backsliding_Nyr,129,7,0.3734086304481131,0.08969469829345927,128,7,-0.06303484243309504,0.06125051755534671,0.30341784412253847,-0.22029434079017085,0.2236142412397538,0.32454870297470867,13.93338964468556
3,backsliding_Nyr,Y_egaldem,Egalitarian,vdem_high,instr-antiplural_w3_trt-ert_gapany_illib0p6535_opp0p6535_lrmax1_exclyr,backsliding_Nyr,129,7,0.3734086304481131,0.08969469829345927,128,7,-0.0514773045687976,0.03413698037286904,0.13156398769725994,-0.16043599424688387,0.15094661912160418,0.2878428289662986,11.812857720460872
3,backsliding_Nyr,Y_elecoff,Elected officials,vdem_electoral,instr-antiplural_w3_trt-ert_gapany_illib0p6535_opp0p6535_lrmax1_exclyr,backsliding_Nyr,129,7,0.3734086304481131,0.08969469829345927,128,7,-0.08304417160725854,0.23002950563069857,0.7180880075355054,-0.6199025238340562,0.872983132115462,0.4776441139350053,13.458162555262172
3,backsliding_Nyr,Y_frefair,Clean elections,vdem_electoral,instr-antiplural_w3_trt-ert_gapany_illib0p6535_opp0p6535_lrmax1_exclyr,backsliding_Nyr,129,7,0.3734086304481131,0.08969469829345927,128,7,-0.05402961194034559,0.11656230238165328,0.6429876645807409,-0.3945832866761787,0.48027155546620887,0.4113138632691043,12.918913992381697
3,backsliding_Nyr,Y_frassoc,Association,vdem_electoral,instr-antiplural_w3_trt-ert_gapany_illib0p6535_opp0p6535_lrmax1_exclyr,backsliding_Nyr,129,7,0.3734086304481131,0.08969469829345927,128,7,-0.04795902943688843,0.08127987710335796,0.5551584652740151,-0.18563693501661543,0.300631692892939,0.5369118581676182,16.260952004399737
3,backsliding_Nyr,Y_suffr,Suffrage,vdem_electoral,instr-antiplural_w3_trt-ert_gapany_illib0p6535_opp0p6535_lrmax1_exclyr,backsliding_Nyr,129,7,0.3734086304481131,0.08969469829345927,128,7,-5.92715841762727e-4,6.363997676188915e-4,0.3516685495307656,-0.0021204300825759,0.00229391794033047,0.35529344633102256,16.487361297230727
3,backsliding_Nyr,Y_freexp,Expression & alt. info,vdem_electoral,instr-antiplural_w3_trt-ert_gapany_illib0p6535_opp0p6535_lrmax1_exclyr,backsliding_Nyr,129,7,0.3734086304481131,0.08969469829345927,128,7,-0.08433189272397464,0.06069515839781464,0.16470093755403875,-0.24829062770241048,0.3006366168292784,0.408870546713955,20.61220938328066
3,backsliding_Nyr,Y_cl_rol,Rule of law,vdem_liberal,instr-antiplural_w3_trt-ert_gapany_illib0p6535_opp0p6535_lrmax1_exclyr,backsliding_Nyr,129,7,0.3734086304481131,0.08969469829345927,128,7,-0.05573034317633371,0.03704610188746437,0.13249099471236914,-0.1269051978147621,0.15029999292052698,0.39847608823356345,19.63239196210701
3,backsliding_Nyr,Y_cspart,Civil society,vdem_particip,instr-antiplural_w3_trt-ert_gapany_illib0p6535_opp0p6535_lrmax1_exclyr,backsliding_Nyr,129,7,0.3734086304481131,0.08969469829345927,128,7,-0.01354355764022742,0.10164021343894827,0.8939956753208509,-0.03712763034720984,0.6140328304126262,0.9517851153460416,29.433488747224597
3,backsliding_Nyr,Y_dd,Direct democracy,vdem_particip,instr-antiplural_w3_trt-ert_gapany_illib0p6535_opp0p6535_lrmax1_exclyr,backsliding_Nyr,129,7,0.3734086304481131,0.08969469829345927,128,7,0.02511258192111236,0.01920671526676705,0.19104645892688352,0.02577342621760318,0.11100907639030072,0.8164028366415501,21.540206831037175
3,backsliding_Nyr,Y_locelec,Local elections,vdem_particip,instr-antiplural_w3_trt-ert_gapany_illib0p6535_opp0p6535_lrmax1_exclyr,backsliding_Nyr,129,7,0.3734086304481131,0.08969469829345927,126,7,-0.07535170835460717,0.14112535031908136,0.5933867782823894,-0.20713526143963973,0.4743622132052132,0.6623575486159687,14.50614300056891
3,backsliding_Nyr,Y_regelec,Regional elections,vdem_particip,instr-antiplural_w3_trt-ert_gapany_illib0p6535_opp0p6535_lrmax1_exclyr,backsliding_Nyr,129,7,0.3734086304481131,0.08969469829345927,128,7,0.1285737848388868,0.0949195166648413,0.17555911377046726,0.3378668892043059,0.3633008415547188,0.3523752081171481,18.37513164382722
3,backsliding_Nyr,Y_delib,Deliberation,vdem_egal_delib,instr-antiplural_w3_trt-ert_gapany_illib0p6535_opp0p6535_lrmax1_exclyr,backsliding_Nyr,129,7,0.3734086304481131,0.08969469829345927,128,7,-0.08287747442012368,0.09715396003779812,0.39362992878275377,-0.21979359711609447,0.33008740680571663,0.505497498172103,17.93370608474022
3,backsliding_Nyr,Y_eqprotec,Equal protection,vdem_egal_delib,instr-antiplural_w3_trt-ert_gapany_illib0p6535_opp0p6535_lrmax1_exclyr,backsliding_Nyr,129,7,0.3734086304481131,0.08969469829345927,128,7,0.02137161672665188,0.02747754187853611,0.4366958406074373,-0.0251895766441039,0.0908163813297888,0.7814973931924609,14.763939444533094
3,backsliding_Nyr,Y_eqaccess,Equal access,vdem_egal_delib,instr-antiplural_w3_trt-ert_gapany_illib0p6535_opp0p6535_lrmax1_exclyr,backsliding_Nyr,129,7,0.3734086304481131,0.08969469829345927,128,7,-0.02488603108729525,0.0411393289383658,0.5452316976482778,-0.0776823694490616,0.16464189896973186,0.6370508140451123,15.579748982410717
3,backsliding_Nyr,Y_eqdr,Equal distribution,vdem_egal_delib,instr-antiplural_w3_trt-ert_gapany_illib0p6535_opp0p6535_lrmax1_exclyr,backsliding_Nyr,129,7,0.3734086304481131,0.08969469829345927,128,7,-0.02051053667139431,0.04236472246337735,0.6282851760929377,-0.06501669537316151,0.13510428686514897,0.6303506249109101,14.78805011149802
3,backsliding_union_Nyr,Y_gdp_growth,PWT,growth,instr-antiplural_w3_trt-ertOrDdcg_gapany_illib0p6535_opp0p6535_lrmax1_exclyr,backsliding_union_Nyr,129,11,0.4039855297973989,0.07853681146871651,125,11,-0.22880753557029068,0.09155308225894196,0.01244814359207809,-0.6609762941237767,0.5924313437342434,0.26455010517338684,16.12504672282547
3,backsliding_union_Nyr,Y_gdp_growth_wb,World Bank,growth,instr-antiplural_w3_trt-ertOrDdcg_gapany_illib0p6535_opp0p6535_lrmax1_exclyr,backsliding_union_Nyr,129,11,0.4039855297973989,0.07853681146871651,126,11,-0.2119495614387734,0.08561571466261049,0.01330155599879141,-0.5922448620577011,0.6318541328411161,0.3485977656338297,20.091151685635253
3,backsliding_union_Nyr,Y_gdp_growth_imf,IMF WEO,growth,instr-antiplural_w3_trt-ertOrDdcg_gapany_illib0p6535_opp0p6535_lrmax1_exclyr,backsliding_union_Nyr,129,11,0.4039855297973989,0.07853681146871651,106,9,-0.19190885213927328,0.06903148168848812,0.00543556660519835,-0.6109423205366965,0.8072127058918228,0.4491372216195406,21.891000531075353
3,backsliding_union_Nyr,Y_inflation,"CPI, cumulative log",inflation,instr-antiplural_w3_trt-ertOrDdcg_gapany_illib0p6535_opp0p6535_lrmax1_exclyr,backsliding_union_Nyr,129,11,0.4039855297973989,0.07853681146871651,116,8,0.21099635186525056,0.16089248611796075,0.1897185756145976,0.672166628769338,0.8084416951631624,0.4057279980463864,13.314913679790743
3,backsliding_union_Nyr,Y_unemployment,Unemployment rate,unemployment,instr-antiplural_w3_trt-ertOrDdcg_gapany_illib0p6535_opp0p6535_lrmax1_exclyr,backsliding_union_Nyr,129,11,0.4039855297973989,0.07853681146871651,97,8,3.0292487673128123,1.3814602036742594,0.02832268769702572,6.992575155075219,11.10223360890284,0.5288025525642488,19.80210361862092
3,backsliding_union_Nyr,Y_trade_pct_gdp,Trade / GDP,trade,instr-antiplural_w3_trt-ertOrDdcg_gapany_illib0p6535_opp0p6535_lrmax1_exclyr,backsliding_union_Nyr,129,11,0.4039855297973989,0.07853681146871651,114,8,-0.22435128409656535,10.098597114607548,0.9822755873975172,6.057945122424297,56.52991066430226,0.914659242774632,14.737353891819035
3,backsliding_union_Nyr,Y_top10_share,Top-10% income share,top10,instr-antiplural_w3_trt-ertOrDdcg_gapany_illib0p6535_opp0p6535_lrmax1_exclyr,backsliding_union_Nyr,129,11,0.4039855297973989,0.07853681146871651,118,10,-0.1341327740288074,1.8348835699086936,0.9417253338265936,0.05653592995324447,10.0801937828944,0.9955249958367351,24.48549143573647
3,backsliding_union_Nyr,Y_gini_disp,Disposable,gini,instr-antiplural_w3_trt-ertOrDdcg_gapany_illib0p6535_opp0p6535_lrmax1_exclyr,backsliding_union_Nyr,129,11,0.4039855297973989,0.07853681146871651,102,6,0.4627624645836565,0.511289018790098,0.36541782695413255,0.8365827856483345,1.8153392847302223,0.6449126781865269,15.408770847870972
3,backsliding_union_Nyr,Y_gini_mkt,Market,gini,instr-antiplural_w3_trt-ertOrDdcg_gapany_illib0p6535_opp0p6535_lrmax1_exclyr,backsliding_union_Nyr,129,11,0.4039855297973989,0.07853681146871651,102,6,0.49978219609789065,0.4903853533559575,0.3081259876720073,0.9447394483161158,1.8327444750927715,0.6062190422515233,16.16261097284058
3,backsliding_union_Nyr,Y_debt,Debt / GDP,fiscal,instr-antiplural_w3_trt-ertOrDdcg_gapany_illib0p6535_opp0p6535_lrmax1_exclyr,backsliding_union_Nyr,129,11,0.4039855297973989,0.07853681146871651,122,10,55.67065541647783,70.68036154930026,0.43090751375737085,187.15893736021656,246.77696490592217,0.4482035860310986,13.486345924130804
3,backsliding_union_Nyr,Y_deficit,Deficit / GDP,fiscal,instr-antiplural_w3_trt-ertOrDdcg_gapany_illib0p6535_opp0p6535_lrmax1_exclyr,backsliding_union_Nyr,129,11,0.4039855297973989,0.07853681146871651,102,8,5.312636974801427,1.935099608765076,0.00604358024439023,13.40006335241076,13.753886441697237,0.3299201715918647,10.263180547212698
3,backsliding_union_Nyr,Y_checks_balances,Checks & balances,institutions,instr-antiplural_w3_trt-ertOrDdcg_gapany_illib0p6535_opp0p6535_lrmax1_exclyr,backsliding_union_Nyr,129,11,0.4039855297973989,0.07853681146871651,127,11,-0.00109119128255433,0.0628924420296232,0.986157303327556,0.04479767665256051,0.4232339239649725,0.9157044289222545,26.40721169838444
3,backsliding_union_Nyr,Y_jucon,Judicial constraints,institutions,instr-antiplural_w3_trt-ertOrDdcg_gapany_illib0p6535_opp0p6535_lrmax1_exclyr,backsliding_union_Nyr,129,11,0.4039855297973989,0.07853681146871651,128,11,0.06766172584387908,0.04643087652781433,0.1450454159686546,0.30955766589757694,0.5173453357124799,0.5496011540998401,25.978971338231062
3,backsliding_union_Nyr,Y_legcon,Legislative constraints,institutions,instr-antiplural_w3_trt-ertOrDdcg_gapany_illib0p6535_opp0p6535_lrmax1_exclyr,backsliding_union_Nyr,129,11,0.4039855297973989,0.07853681146871651,127,11,-0.10266254626924733,0.1038533507410979,0.32289129497304425,-0.2992751703104878,0.5553574931171892,0.5899645334739063,21.00818513510783
3,backsliding_union_Nyr,Y_hos_power,HOS,exec_power,instr-antiplural_w3_trt-ertOrDdcg_gapany_illib0p6535_opp0p6535_lrmax1_exclyr,backsliding_union_Nyr,129,11,0.4039855297973989,0.07853681146871651,128,11,-0.06357462151794772,0.05915359334895637,0.282491993232283,-0.22974582333724552,0.3679096983573713,0.5323238666012178,24.725571838222063
3,backsliding_union_Nyr,Y_hog_power,HOG,exec_power,instr-antiplural_w3_trt-ertOrDdcg_gapany_illib0p6535_opp0p6535_lrmax1_exclyr,backsliding_union_Nyr,129,11,0.4039855297973989,0.07853681146871651,51,7,0.1988504346284296,0.21520598032269284,0.3554860525530984,-0.4833732608715886,0.8728292482029507,0.5797153964290547,29.25107372321314
3,backsliding_union_Nyr,Y_hos_power_vdem,HOS (v2ex_hosw),exec_power_alt,instr-antiplural_w3_trt-ertOrDdcg_gapany_illib0p6535_opp0p6535_lrmax1_exclyr,backsliding_union_Nyr,129,11,0.4039855297973989,0.07853681146871651,128,11,0.01320629385594259,0.01234668210324618,0.2847890853746552,0.05453203059957648,0.04948387636067013,0.2704546532893027,14.020808614786626
3,backsliding_union_Nyr,Y_hog_power_vdem,HOG (v2ex_hogw),exec_power_alt,instr-antiplural_w3_trt-ertOrDdcg_gapany_illib0p6535_opp0p6535_lrmax1_exclyr,backsliding_union_Nyr,129,11,0.4039855297973989,0.07853681146871651,128,11,-0.00636199015135018,0.00581116427696067,0.27360973336334177,0,0,NA,14.75776940247932
3,backsliding_union_Nyr,Y_polyarchy,Electoral (polyarchy),vdem_high,instr-antiplural_w3_trt-ertOrDdcg_gapany_illib0p6535_opp0p6535_lrmax1_exclyr,backsliding_union_Nyr,129,11,0.4039855297973989,0.07853681146871651,128,11,-0.07112502579647247,0.06479543047460339,0.27234169994372287,-0.20235825395562093,0.2849899211116213,0.47767060568299713,16.127245535120146
3,backsliding_union_Nyr,Y_libdem,Liberal,vdem_high,instr-antiplural_w3_trt-ertOrDdcg_gapany_illib0p6535_opp0p6535_lrmax1_exclyr,backsliding_union_Nyr,129,11,0.4039855297973989,0.07853681146871651,128,11,-0.05095609181233013,0.04627628489607355,0.27084115184023544,-0.13444109231289203,0.19016073045002693,0.4795747919247382,15.963014761412024
3,backsliding_union_Nyr,Y_partipdem,Participatory,vdem_high,instr-antiplural_w3_trt-ertOrDdcg_gapany_illib0p6535_opp0p6535_lrmax1_exclyr,backsliding_union_Nyr,129,11,0.4039855297973989,0.07853681146871651,128,11,-0.04583449819304185,0.04036946437542957,0.25621804751580546,-0.10796903562633096,0.16124163073707373,0.5031063298016828,15.519214875381271
3,backsliding_union_Nyr,Y_delibdem,Deliberative,vdem_high,instr-antiplural_w3_trt-ertOrDdcg_gapany_illib0p6535_opp0p6535_lrmax1_exclyr,backsliding_union_Nyr,129,11,0.4039855297973989,0.07853681146871651,128,11,-0.06303484243309504,0.06125051755534671,0.30341784412253847,-0.15978668938185098,0.2489875670279326,0.5210383403129342,17.69580970799501
3,backsliding_union_Nyr,Y_egaldem,Egalitarian,vdem_high,instr-antiplural_w3_trt-ertOrDdcg_gapany_illib0p6535_opp0p6535_lrmax1_exclyr,backsliding_union_Nyr,129,11,0.4039855297973989,0.07853681146871651,128,11,-0.0514773045687976,0.03413698037286904,0.13156398769725994,-0.1271708363818191,0.14392042346064135,0.37690185992896824,14.224187303849634
3,backsliding_union_Nyr,Y_elecoff,Elected officials,vdem_electoral,instr-antiplural_w3_trt-ertOrDdcg_gapany_illib0p6535_opp0p6535_lrmax1_exclyr,backsliding_union_Nyr,129,11,0.4039855297973989,0.07853681146871651,128,11,-0.08304417160725854,0.23002950563069857,0.7180880075355054,-0.42236074054078304,0.9408964103019632,0.6535096677107257,16.369313290964246
3,backsliding_union_Nyr,Y_frefair,Clean elections,vdem_electoral,instr-antiplural_w3_trt-ertOrDdcg_gapany_illib0p6535_opp0p6535_lrmax1_exclyr,backsliding_union_Nyr,129,11,0.4039855297973989,0.07853681146871651,128,11,-0.05402961194034559,0.11656230238165328,0.6429876645807409,-0.26669416206619706,0.5279139005618408,0.6134289337416545,17.204749030047434
3,backsliding_union_Nyr,Y_frassoc,Association,vdem_electoral,instr-antiplural_w3_trt-ertOrDdcg_gapany_illib0p6535_opp0p6535_lrmax1_exclyr,backsliding_union_Nyr,129,11,0.4039855297973989,0.07853681146871651,128,11,-0.04795902943688843,0.08127987710335796,0.5551584652740151,-0.17334903369314714,0.5281521001683301,0.742746828006523,22.78325874426922
3,backsliding_union_Nyr,Y_suffr,Suffrage,vdem_electoral,instr-antiplural_w3_trt-ertOrDdcg_gapany_illib0p6535_opp0p6535_lrmax1_exclyr,backsliding_union_Nyr,129,11,0.4039855297973989,0.07853681146871651,128,11,-5.92715841762727e-4,6.363997676188915e-4,0.3516685495307656,-0.00238168406214015,0.00256711802654425,0.3535291179905711,16.08043173212476
3,backsliding_union_Nyr,Y_freexp,Expression & alt. info,vdem_electoral,instr-antiplural_w3_trt-ertOrDdcg_gapany_illib0p6535_opp0p6535_lrmax1_exclyr,backsliding_union_Nyr,129,11,0.4039855297973989,0.07853681146871651,128,11,-0.08433189272397464,0.06069515839781464,0.16470093755403875,-0.24595715862181028,0.3636784425319347,0.49884770040193693,19.545645314282833
3,backsliding_union_Nyr,Y_cl_rol,Rule of law,vdem_liberal,instr-antiplural_w3_trt-ertOrDdcg_gapany_illib0p6535_opp0p6535_lrmax1_exclyr,backsliding_union_Nyr,129,11,0.4039855297973989,0.07853681146871651,128,11,-0.05573034317633371,0.03704610188746437,0.13249099471236914,-0.13841073348154467,0.17252004098214557,0.42238646658623114,18.04101660115293
3,backsliding_union_Nyr,Y_cspart,Civil society,vdem_particip,instr-antiplural_w3_trt-ertOrDdcg_gapany_illib0p6535_opp0p6535_lrmax1_exclyr,backsliding_union_Nyr,129,11,0.4039855297973989,0.07853681146871651,128,11,-0.01354355764022742,0.10164021343894827,0.8939956753208509,-0.02779435212504574,0.8801862547788737,0.9748087416050136,28.549254060301564
3,backsliding_union_Nyr,Y_dd,Direct democracy,vdem_particip,instr-antiplural_w3_trt-ertOrDdcg_gapany_illib0p6535_opp0p6535_lrmax1_exclyr,backsliding_union_Nyr,129,11,0.4039855297973989,0.07853681146871651,128,11,0.02511258192111236,0.01920671526676705,0.19104645892688352,0.18879759223041423,0.5574089431809373,0.7348314382153122,33.5487533081564
3,backsliding_union_Nyr,Y_locelec,Local elections,vdem_particip,instr-antiplural_w3_trt-ertOrDdcg_gapany_illib0p6535_opp0p6535_lrmax1_exclyr,backsliding_union_Nyr,129,11,0.4039855297973989,0.07853681146871651,126,11,-0.07535170835460717,0.14112535031908136,0.5933867782823894,-0.1881928390080563,0.6445664805700564,0.770311028130853,20.44118623905459
3,backsliding_union_Nyr,Y_regelec,Regional elections,vdem_particip,instr-antiplural_w3_trt-ertOrDdcg_gapany_illib0p6535_opp0p6535_lrmax1_exclyr,backsliding_union_Nyr,129,11,0.4039855297973989,0.07853681146871651,128,11,0.1285737848388868,0.0949195166648413,0.17555911377046726,0.3403769838758179,0.6713599867301654,0.612157462101527,23.504187438145504
3,backsliding_union_Nyr,Y_delib,Deliberation,vdem_egal_delib,instr-antiplural_w3_trt-ertOrDdcg_gapany_illib0p6535_opp0p6535_lrmax1_exclyr,backsliding_union_Nyr,129,11,0.4039855297973989,0.07853681146871651,128,11,-0.08287747442012368,0.09715396003779812,0.39362992878275377,-0.29798792496654375,0.5618812635851563,0.5958764454368193,23.25517275092515
3,backsliding_union_Nyr,Y_eqprotec,Equal protection,vdem_egal_delib,instr-antiplural_w3_trt-ertOrDdcg_gapany_illib0p6535_opp0p6535_lrmax1_exclyr,backsliding_union_Nyr,129,11,0.4039855297973989,0.07853681146871651,128,11,0.02137161672665188,0.02747754187853611,0.4366958406074373,0.06628719336069347,0.17791656872207345,0.7094650845740792,20.78115254166624
3,backsliding_union_Nyr,Y_eqaccess,Equal access,vdem_egal_delib,instr-antiplural_w3_trt-ertOrDdcg_gapany_illib0p6535_opp0p6535_lrmax1_exclyr,backsliding_union_Nyr,129,11,0.4039855297973989,0.07853681146871651,128,11,-0.02488603108729525,0.0411393289383658,0.5452316976482778,-0.07298027225568249,0.26787557890703273,0.7852830036899675,21.84072444177604
3,backsliding_union_Nyr,Y_eqdr,Equal distribution,vdem_egal_delib,instr-antiplural_w3_trt-ertOrDdcg_gapany_illib0p6535_opp0p6535_lrmax1_exclyr,backsliding_union_Nyr,129,11,0.4039855297973989,0.07853681146871651,128,11,-0.02051053667139431,0.04236472246337735,0.6282851760929377,-0.03122326577074359,0.2014051771251179,0.8767999323719671,21.906369887125425
3,polyarchy_decline,Y_gdp_growth,PWT,growth,instr-antiplural_w3_trt-polyarchy_gapany_illib0p6535_opp0p6535_lrmax1_exclyr,polyarchy_decline,128,51,0.07112502579647247,0.27234169994372287,125,50,-0.22880753557029068,0.09155308225894196,0.01244814359207809,-5.896356158421718,27.744142627834893,0.8316965693856613,25.953605296807975
3,polyarchy_decline,Y_gdp_growth_wb,World Bank,growth,instr-antiplural_w3_trt-polyarchy_gapany_illib0p6535_opp0p6535_lrmax1_exclyr,polyarchy_decline,128,51,0.07112502579647247,0.27234169994372287,126,50,-0.2119495614387734,0.08561571466261049,0.01330155599879141,-12.46116479526335,36.40453604494974,0.7321273657264413,26.696166947908463
3,polyarchy_decline,Y_gdp_growth_imf,IMF WEO,growth,instr-antiplural_w3_trt-polyarchy_gapany_illib0p6535_opp0p6535_lrmax1_exclyr,polyarchy_decline,128,51,0.07112502579647247,0.27234169994372287,106,41,-0.19190885213927328,0.06903148168848812,0.00543556660519835,-7.039754682767565,47.38656492398032,0.8819007281766937,23.31882354223904
3,polyarchy_decline,Y_inflation,"CPI, cumulative log",inflation,instr-antiplural_w3_trt-polyarchy_gapany_illib0p6535_opp0p6535_lrmax1_exclyr,polyarchy_decline,128,51,0.07112502579647247,0.27234169994372287,116,45,0.21099635186525056,0.16089248611796075,0.1897185756145976,-55.17472584873568,1184.226706240664,0.9628389229479852,27.16665080001754
3,polyarchy_decline,Y_unemployment,Unemployment rate,unemployment,instr-antiplural_w3_trt-polyarchy_gapany_illib0p6535_opp0p6535_lrmax1_exclyr,polyarchy_decline,128,51,0.07112502579647247,0.27234169994372287,97,42,3.0292487673128123,1.3814602036742594,0.02832268769702572,10.884120769142442,56.026155233207774,0.8459655983530779,21.46924002551362
3,polyarchy_decline,Y_trade_pct_gdp,Trade / GDP,trade,instr-antiplural_w3_trt-polyarchy_gapany_illib0p6535_opp0p6535_lrmax1_exclyr,polyarchy_decline,128,51,0.07112502579647247,0.27234169994372287,114,45,-0.22435128409656535,10.098597114607548,0.9822755873975172,88.55014165514459,638.0751625522663,0.8896263882327082,23.956702280346253
3,polyarchy_decline,Y_top10_share,Top-10% income share,top10,instr-antiplural_w3_trt-polyarchy_gapany_illib0p6535_opp0p6535_lrmax1_exclyr,polyarchy_decline,128,51,0.07112502579647247,0.27234169994372287,118,46,-0.1341327740288074,1.8348835699086936,0.9417253338265936,3.8643098857248304,145.56795117871144,0.9788214983303944,25.39797393631041
3,polyarchy_decline,Y_gini_disp,Disposable,gini,instr-antiplural_w3_trt-polyarchy_gapany_illib0p6535_opp0p6535_lrmax1_exclyr,polyarchy_decline,128,51,0.07112502579647247,0.27234169994372287,102,41,0.4627624645836565,0.511289018790098,0.36541782695413255,11.538469206937409,26.89792793639013,0.6679432967599769,27.52571127648107
3,polyarchy_decline,Y_gini_mkt,Market,gini,instr-antiplural_w3_trt-polyarchy_gapany_illib0p6535_opp0p6535_lrmax1_exclyr,polyarchy_decline,128,51,0.07112502579647247,0.27234169994372287,102,41,0.49978219609789065,0.4903853533559575,0.3081259876720073,-0.05553054841598026,90.78313045051937,0.999511947161866,34.242077894323494
3,polyarchy_decline,Y_debt,Debt / GDP,fiscal,instr-antiplural_w3_trt-polyarchy_gapany_illib0p6535_opp0p6535_lrmax1_exclyr,polyarchy_decline,128,51,0.07112502579647247,0.27234169994372287,122,49,55.67065541647783,70.68036154930026,0.43090751375737085,1406.3955511304323,11229.158376463052,0.9003296203208854,26.25002292806061
3,polyarchy_decline,Y_deficit,Deficit / GDP,fiscal,instr-antiplural_w3_trt-polyarchy_gapany_illib0p6535_opp0p6535_lrmax1_exclyr,polyarchy_decline,128,51,0.07112502579647247,0.27234169994372287,102,42,5.312636974801427,1.935099608765076,0.00604358024439023,3706.725389059543,35773.24088854746,0.9174730857502128,28.36449365951282
3,polyarchy_decline,Y_checks_balances,Checks & balances,institutions,instr-antiplural_w3_trt-polyarchy_gapany_illib0p6535_opp0p6535_lrmax1_exclyr,polyarchy_decline,128,51,0.07112502579647247,0.27234169994372287,127,51,-0.00109119128255433,0.0628924420296232,0.986157303327556,1.5002340025738925,9.2553756808037555,0.8712324149451794,25.362935425150955
3,polyarchy_decline,Y_jucon,Judicial constraints,institutions,instr-antiplural_w3_trt-polyarchy_gapany_illib0p6535_opp0p6535_lrmax1_exclyr,polyarchy_decline,128,51,0.07112502579647247,0.27234169994372287,128,51,0.06766172584387908,0.04643087652781433,0.1450454159686546,1.691684826872356,4.128436673649129,0.6819790587856636,21.41529899638312
3,polyarchy_decline,Y_legcon,Legislative constraints,institutions,instr-antiplural_w3_trt-polyarchy_gapany_illib0p6535_opp0p6535_lrmax1_exclyr,polyarchy_decline,128,51,0.07112502579647247,0.27234169994372287,127,51,-0.10266254626924733,0.1038533507410979,0.32289129497304425,-3.3773843358430193,3.6547428242508415,0.35542905523146906,22.565861969315545
3,polyarchy_decline,Y_hos_power,HOS,exec_power,instr-antiplural_w3_trt-polyarchy_gapany_illib0p6535_opp0p6535_lrmax1_exclyr,polyarchy_decline,128,51,0.07112502579647247,0.27234169994372287,128,51,-0.06357462151794772,0.05915359334895637,0.282491993232283,-1.791702923990309,4.215678249086051,0.6708298152597789,23.08607347878842
3,polyarchy_decline,Y_hog_power,HOG,exec_power,instr-antiplural_w3_trt-polyarchy_gapany_illib0p6535_opp0p6535_lrmax1_exclyr,polyarchy_decline,128,51,0.07112502579647247,0.27234169994372287,51,18,0.1988504346284296,0.21520598032269284,0.3554860525530984,-0.7120319872588362,2.0315809503769406,0.7259772060417238,32.72396875689993
3,polyarchy_decline,Y_hos_power_vdem,HOS (v2ex_hosw),exec_power_alt,instr-antiplural_w3_trt-polyarchy_gapany_illib0p6535_opp0p6535_lrmax1_exclyr,polyarchy_decline,128,51,0.07112502579647247,0.27234169994372287,128,51,0.01320629385594259,0.01234668210324618,0.2847890853746552,0.17853617636930058,0.159550158593701,0.2631413452091212,13.20715241185944
3,polyarchy_decline,Y_hog_power_vdem,HOG (v2ex_hogw),exec_power_alt,instr-antiplural_w3_trt-polyarchy_gapany_illib0p6535_opp0p6535_lrmax1_exclyr,polyarchy_decline,128,51,0.07112502579647247,0.27234169994372287,128,51,-0.00636199015135018,0.00581116427696067,0.27360973336334177,0,0,NA,14.602432076426826
3,polyarchy_decline,Y_polyarchy,Electoral (polyarchy),vdem_high,instr-antiplural_w3_trt-polyarchy_gapany_illib0p6535_opp0p6535_lrmax1_exclyr,polyarchy_decline,128,51,0.07112502579647247,0.27234169994372287,128,51,-0.07112502579647247,0.06479543047460339,0.27234169994372287,-1.0000000000000002,3.3627612694806053e-15,0,29.315724825399236
3,polyarchy_decline,Y_libdem,Liberal,vdem_high,instr-antiplural_w3_trt-polyarchy_gapany_illib0p6535_opp0p6535_lrmax1_exclyr,polyarchy_decline,128,51,0.07112502579647247,0.27234169994372287,128,51,-0.05095609181233013,0.04627628489607355,0.27084115184023544,-0.6898548678303233,0.6978700214817791,0.3229005735882719,23.82522072645339
3,polyarchy_decline,Y_partipdem,Participatory,vdem_high,instr-antiplural_w3_trt-polyarchy_gapany_illib0p6535_opp0p6535_lrmax1_exclyr,polyarchy_decline,128,51,0.07112502579647247,0.27234169994372287,128,51,-0.04583449819304185,0.04036946437542957,0.25621804751580546,-1.2475659413827358,7.9219574406229984,0.874864968957028,27.25611815426726
3,polyarchy_decline,Y_delibdem,Deliberative,vdem_high,instr-antiplural_w3_trt-polyarchy_gapany_illib0p6535_opp0p6535_lrmax1_exclyr,polyarchy_decline,128,51,0.07112502579647247,0.27234169994372287,128,51,-0.06303484243309504,0.06125051755534671,0.30341784412253847,-1.3092142964643465,2.1023122628085575,0.5334490279780391,25.687082735368257
3,polyarchy_decline,Y_egaldem,Egalitarian,vdem_high,instr-antiplural_w3_trt-polyarchy_gapany_illib0p6535_opp0p6535_lrmax1_exclyr,polyarchy_decline,128,51,0.07112502579647247,0.27234169994372287,128,51,-0.0514773045687976,0.03413698037286904,0.13156398769725994,-0.5446352861694952,0.7253138134513901,0.45271521056362873,24.91931786221473
3,polyarchy_decline,Y_elecoff,Elected officials,vdem_electoral,instr-antiplural_w3_trt-polyarchy_gapany_illib0p6535_opp0p6535_lrmax1_exclyr,polyarchy_decline,128,51,0.07112502579647247,0.27234169994372287,128,51,-0.08304417160725854,0.23002950563069857,0.7180880075355054,20.43515925869645,76.3320094264114,0.7889193547531147,28.508691011085737
3,polyarchy_decline,Y_frefair,Clean elections,vdem_electoral,instr-antiplural_w3_trt-polyarchy_gapany_illib0p6535_opp0p6535_lrmax1_exclyr,polyarchy_decline,128,51,0.07112502579647247,0.27234169994372287,128,51,-0.05402961194034559,0.11656230238165328,0.6429876645807409,-0.7752444932383273,5.649760133061707,0.8908590840992745,25.49047420010783
3,polyarchy_decline,Y_frassoc,Association,vdem_electoral,instr-antiplural_w3_trt-polyarchy_gapany_illib0p6535_opp0p6535_lrmax1_exclyr,polyarchy_decline,128,51,0.07112502579647247,0.27234169994372287,128,51,-0.04795902943688843,0.08127987710335796,0.5551584652740151,-0.9404133624027424,1.0150500017807391,0.354201787227069,19.112654348454292
3,polyarchy_decline,Y_suffr,Suffrage,vdem_electoral,instr-antiplural_w3_trt-polyarchy_gapany_illib0p6535_opp0p6535_lrmax1_exclyr,polyarchy_decline,128,51,0.07112502579647247,0.27234169994372287,128,51,-5.92715841762727e-4,6.363997676188915e-4,0.3516685495307656,-0.01615636895995787,0.01701445923645926,0.34233231461901514,17.62751558582683
3,polyarchy_decline,Y_freexp,Expression & alt. info,vdem_electoral,instr-antiplural_w3_trt-polyarchy_gapany_illib0p6535_opp0p6535_lrmax1_exclyr,polyarchy_decline,128,51,0.07112502579647247,0.27234169994372287,128,51,-0.08433189272397464,0.06069515839781464,0.16470093755403875,-2.4745484962253963,6.826150025374458,0.7169708589891399,24.644578961801507
3,polyarchy_decline,Y_cl_rol,Rule of law,vdem_liberal,instr-antiplural_w3_trt-polyarchy_gapany_illib0p6535_opp0p6535_lrmax1_exclyr,polyarchy_decline,128,51,0.07112502579647247,0.27234169994372287,128,51,-0.05573034317633371,0.03704610188746437,0.13249099471236914,-0.8414392292031319,1.4672539597613217,0.5663204620917004,22.169385028061967
3,polyarchy_decline,Y_cspart,Civil society,vdem_particip,instr-antiplural_w3_trt-polyarchy_gapany_illib0p6535_opp0p6535_lrmax1_exclyr,polyarchy_decline,128,51,0.07112502579647247,0.27234169994372287,128,51,-0.01354355764022742,0.10164021343894827,0.8939956753208509,3.1906341317672453,39.0711924549556,0.934915447876952,29.040715979898863
3,polyarchy_decline,Y_dd,Direct democracy,vdem_particip,instr-antiplural_w3_trt-polyarchy_gapany_illib0p6535_opp0p6535_lrmax1_exclyr,polyarchy_decline,128,51,0.07112502579647247,0.27234169994372287,128,51,0.02511258192111236,0.01920671526676705,0.19104645892688352,35.878101048275994,311.9622008968956,0.9084389023678716,30.711342375200044
3,polyarchy_decline,Y_locelec,Local elections,vdem_particip,instr-antiplural_w3_trt-polyarchy_gapany_illib0p6535_opp0p6535_lrmax1_exclyr,polyarchy_decline,128,51,0.07112502579647247,0.27234169994372287,126,49,-0.07535170835460717,0.14112535031908136,0.5933867782823894,-1.568752036454721,3.9733155335920776,0.6929743224444338,22.53805439229475
3,polyarchy_decline,Y_regelec,Regional elections,vdem_particip,instr-antiplural_w3_trt-polyarchy_gapany_illib0p6535_opp0p6535_lrmax1_exclyr,polyarchy_decline,128,51,0.07112502579647247,0.27234169994372287,128,51,0.1285737848388868,0.0949195166648413,0.17555911377046726,3.3434644714735944,10.710255655117788,0.7549082107761604,23.45444088110391
3,polyarchy_decline,Y_delib,Deliberation,vdem_egal_delib,instr-antiplural_w3_trt-polyarchy_gapany_illib0p6535_opp0p6535_lrmax1_exclyr,polyarchy_decline,128,51,0.07112502579647247,0.27234169994372287,128,51,-0.08287747442012368,0.09715396003779812,0.39362992878275377,-1.7067515984639092,4.007749276851811,0.6702077739085561,23.224394824305858
3,polyarchy_decline,Y_eqprotec,Equal protection,vdem_egal_delib,instr-antiplural_w3_trt-polyarchy_gapany_illib0p6535_opp0p6535_lrmax1_exclyr,polyarchy_decline,128,51,0.07112502579647247,0.27234169994372287,128,51,0.02137161672665188,0.02747754187853611,0.4366958406074373,0.5780426386541074,2.170665212208204,0.79001012695108,22.70616062192486
3,polyarchy_decline,Y_eqaccess,Equal access,vdem_egal_delib,instr-antiplural_w3_trt-polyarchy_gapany_illib0p6535_opp0p6535_lrmax1_exclyr,polyarchy_decline,128,51,0.07112502579647247,0.27234169994372287,128,51,-0.02488603108729525,0.0411393289383658,0.5452316976482778,-0.4651620428538734,2.1957677515443352,0.8322280940147322,23.2710052683442
3,polyarchy_decline,Y_eqdr,Equal distribution,vdem_egal_delib,instr-antiplural_w3_trt-polyarchy_gapany_illib0p6535_opp0p6535_lrmax1_exclyr,polyarchy_decline,128,51,0.07112502579647247,0.27234169994372287,128,51,-0.02051053667139431,0.04236472246337735,0.6282851760929377,-0.351958690773135,0.8419874521935972,0.6759402262442121,19.342133972705337
4,backsliding_Nyr,Y_gdp_growth,PWT,growth,instr-antiplural_w4_trt-ert_gapany_illib0p6535_opp0p6535_lrmax1_exclyr,backsliding_Nyr,129,9,0.3639513716005525,0.10204571885931332,122,9,-0.23704869891387148,0.13052038466131505,0.0693425456486371,-0.6845619673991009,0.796349605719467,0.3899958327398846,18.08518774309573
4,backsliding_Nyr,Y_gdp_growth_wb,World Bank,growth,instr-antiplural_w4_trt-ert_gapany_illib0p6535_opp0p6535_lrmax1_exclyr,backsliding_Nyr,129,9,0.3639513716005525,0.10204571885931332,125,9,-0.19693607272705657,0.12220595420067527,0.10706868875653897,-0.6178884637597631,0.8644983436252686,0.4747719197805293,20.969400699486417
4,backsliding_Nyr,Y_gdp_growth_imf,IMF WEO,growth,instr-antiplural_w4_trt-ert_gapany_illib0p6535_opp0p6535_lrmax1_exclyr,backsliding_Nyr,129,9,0.3639513716005525,0.10204571885931332,106,8,-0.1960018080184275,0.09816030442248216,0.04585210382305671,-0.5323907848881871,0.8512465639495053,0.5316922333790601,19.540558981358096
4,backsliding_Nyr,Y_inflation,"CPI, cumulative log",inflation,instr-antiplural_w4_trt-ert_gapany_illib0p6535_opp0p6535_lrmax1_exclyr,backsliding_Nyr,129,9,0.3639513716005525,0.10204571885931332,115,9,0.20590754910591255,0.18872630019852224,0.27525619944900154,0.4126630826041574,1.331629020644261,0.756642000333796,16.264591981416146
4,backsliding_Nyr,Y_unemployment,Unemployment rate,unemployment,instr-antiplural_w4_trt-ert_gapany_illib0p6535_opp0p6535_lrmax1_exclyr,backsliding_Nyr,129,9,0.3639513716005525,0.10204571885931332,96,7,1.0282688253793424,1.8335840359418745,0.5749357837884874,1.467338432028252,14.354475772746335,0.9185807306331344,25.45053026086367
4,backsliding_Nyr,Y_trade_pct_gdp,Trade / GDP,trade,instr-antiplural_w4_trt-ert_gapany_illib0p6535_opp0p6535_lrmax1_exclyr,backsliding_Nyr,129,9,0.3639513716005525,0.10204571885931332,113,7,4.733355527568539,7.219915330847183,0.5120833942123488,6.683089667688449,124.34014077238103,0.957135582144354,20.23282049976511
4,backsliding_Nyr,Y_top10_share,Top-10% income share,top10,instr-antiplural_w4_trt-ert_gapany_illib0p6535_opp0p6535_lrmax1_exclyr,backsliding_Nyr,129,9,0.3639513716005525,0.10204571885931332,117,8,-3.1292319688175336,2.9982372497599066,0.2966285703379375,-10.65751015484916,22.23411545919467,0.6317028725449138,24.951596776125584
4,backsliding_Nyr,Y_gini_disp,Disposable,gini,instr-antiplural_w4_trt-ert_gapany_illib0p6535_opp0p6535_lrmax1_exclyr,backsliding_Nyr,129,9,0.3639513716005525,0.10204571885931332,99,7,0.4149899174181348,0.6028104083945727,0.4911850158395173,0.6889339399881734,3.158949179734956,0.827359306065998,18.370355390941008
4,backsliding_Nyr,Y_gini_mkt,Market,gini,instr-antiplural_w4_trt-ert_gapany_illib0p6535_opp0p6535_lrmax1_exclyr,backsliding_Nyr,129,9,0.3639513716005525,0.10204571885931332,99,7,0.5410326866530573,0.5496765100713872,0.3249804614843657,0.7892328531435453,3.326822365477359,0.8124758493980141,18.73077232379621
4,backsliding_Nyr,Y_debt,Debt / GDP,fiscal,instr-antiplural_w4_trt-ert_gapany_illib0p6535_opp0p6535_lrmax1_exclyr,backsliding_Nyr,129,9,0.3639513716005525,0.10204571885931332,121,9,61.088611150847555,93.8068505796624,0.514906450012443,3.828041161078829,1146.3275284217225,0.9973355527211414,32.71770747387455
4,backsliding_Nyr,Y_deficit,Deficit / GDP,fiscal,instr-antiplural_w4_trt-ert_gapany_illib0p6535_opp0p6535_lrmax1_exclyr,backsliding_Nyr,129,9,0.3639513716005525,0.10204571885931332,101,8,3.0057747577247085,3.3934712214524994,0.37575104767832335,4.263986407956349,36.60398858358554,0.9072644756002552,24.616414001234535
4,backsliding_Nyr,Y_checks_balances,Checks & balances,institutions,instr-antiplural_w4_trt-ert_gapany_illib0p6535_opp0p6535_lrmax1_exclyr,backsliding_Nyr,129,9,0.3639513716005525,0.10204571885931332,126,9,-0.00967744582953493,0.05173582969617987,0.851617507013451,-0.03656459114791863,0.3136177525986624,0.9071852218505644,23.5337342569133
4,backsliding_Nyr,Y_jucon,Judicial constraints,institutions,instr-antiplural_w4_trt-ert_gapany_illib0p6535_opp0p6535_lrmax1_exclyr,backsliding_Nyr,129,9,0.3639513716005525,0.10204571885931332,127,9,0.06022392829691909,0.05166636570933238,0.24376358425548136,0.25829715578765267,0.6229519320501884,0.6784097317701863,26.116908284676978
4,backsliding_Nyr,Y_legcon,Legislative constraints,institutions,instr-antiplural_w4_trt-ert_gapany_illib0p6535_opp0p6535_lrmax1_exclyr,backsliding_Nyr,129,9,0.3639513716005525,0.10204571885931332,126,9,-0.1255757375092269,0.07779900722290352,0.10650473400747092,-0.30023185448783407,0.5545152879925437,0.5882104359913192,24.99926709763731
4,backsliding_Nyr,Y_hos_power,HOS,exec_power,instr-antiplural_w4_trt-ert_gapany_illib0p6535_opp0p6535_lrmax1_exclyr,backsliding_Nyr,129,9,0.3639513716005525,0.10204571885931332,127,9,0.00404008170061469,0.08275373419272987,0.9610623159277678,-0.06314089924421917,0.6717859697319276,0.9251174126467038,27.53004830228435
4,backsliding_Nyr,Y_hog_power,HOG,exec_power,instr-antiplural_w4_trt-ert_gapany_illib0p6535_opp0p6535_lrmax1_exclyr,backsliding_Nyr,129,9,0.3639513716005525,0.10204571885931332,50,7,0.12940788450852378,0.23209959211125944,0.5771494798113234,-0.0641986958427493,0.6725510696190612,0.9239530379436866,27.458725595198707
4,backsliding_Nyr,Y_hos_power_vdem,HOS (v2ex_hosw),exec_power_alt,instr-antiplural_w4_trt-ert_gapany_illib0p6535_opp0p6535_lrmax1_exclyr,backsliding_Nyr,129,9,0.3639513716005525,0.10204571885931332,127,9,0.17496092307784356,0.18146300417681369,0.3349614251871435,0.4852673052429632,1.5947472368838358,0.7609061659866841,26.102228212269285
4,backsliding_Nyr,Y_hog_power_vdem,HOG (v2ex_hogw),exec_power_alt,instr-antiplural_w4_trt-ert_gapany_illib0p6535_opp0p6535_lrmax1_exclyr,backsliding_Nyr,129,9,0.3639513716005525,0.10204571885931332,127,9,-0.13896992198122987,0.16952478367091464,0.4123519784354773,-0.43322612083428336,1.4890825560482377,0.7711010902661039,24.14159917558053
4,backsliding_Nyr,Y_polyarchy,Electoral (polyarchy),vdem_high,instr-antiplural_w4_trt-ert_gapany_illib0p6535_opp0p6535_lrmax1_exclyr,backsliding_Nyr,129,9,0.3639513716005525,0.10204571885931332,127,9,-0.11457412539208556,0.06746600922096117,0.08946065650671753,-0.2954554880484022,0.382820108483323,0.4402407395848083,18.550177484670233
4,backsliding_Nyr,Y_libdem,Liberal,vdem_high,instr-antiplural_w4_trt-ert_gapany_illib0p6535_opp0p6535_lrmax1_exclyr,backsliding_Nyr,129,9,0.3639513716005525,0.10204571885931332,127,9,-0.093057686461594,0.04922843194300497,0.05871464066961517,-0.1982512472595934,0.24427564568656185,0.4170279276133099,18.688599330269923
4,backsliding_Nyr,Y_partipdem,Participatory,vdem_high,instr-antiplural_w4_trt-ert_gapany_illib0p6535_opp0p6535_lrmax1_exclyr,backsliding_Nyr,129,9,0.3639513716005525,0.10204571885931332,127,9,-0.07494233830812987,0.03806582504818991,0.04898106633758549,-0.16016548266657082,0.20556076255085656,0.435883295042964,18.41493273889493
4,backsliding_Nyr,Y_delibdem,Deliberative,vdem_high,instr-antiplural_w4_trt-ert_gapany_illib0p6535_opp0p6535_lrmax1_exclyr,backsliding_Nyr,129,9,0.3639513716005525,0.10204571885931332,127,9,-0.12431001467368756,0.06782287312967161,0.06682299129852233,-0.26854438007195175,0.3531561363320915,0.4470079868670405,20.47548065346823
4,backsliding_Nyr,Y_egaldem,Egalitarian,vdem_high,instr-antiplural_w4_trt-ert_gapany_illib0p6535_opp0p6535_lrmax1_exclyr,backsliding_Nyr,129,9,0.3639513716005525,0.10204571885931332,127,9,-0.0934003882622222,0.04168654862192371,0.02505587358366983,-0.20503608018604327,0.2306571790468966,0.37404537552351935,17.615080022705037
4,backsliding_Nyr,Y_elecoff,Elected officials,vdem_electoral,instr-antiplural_w4_trt-ert_gapany_illib0p6535_opp0p6535_lrmax1_exclyr,backsliding_Nyr,129,9,0.3639513716005525,0.10204571885931332,127,9,-0.06717635810688319,0.2251557267622287,0.7654321586120162,-0.2366205020138265,1.109019652435178,0.8310461290196993,20.421984572484963
4,backsliding_Nyr,Y_frefair,Clean elections,vdem_electoral,instr-antiplural_w4_trt-ert_gapany_illib0p6535_opp0p6535_lrmax1_exclyr,backsliding_Nyr,129,9,0.3639513716005525,0.10204571885931332,127,9,-0.11705053864977266,0.10793938467783988,0.27818309080759857,-0.4230098816242888,0.6012832651316316,0.4817368458713445,17.25938706730928
4,backsliding_Nyr,Y_frassoc,Association,vdem_electoral,instr-antiplural_w4_trt-ert_gapany_illib0p6535_opp0p6535_lrmax1_exclyr,backsliding_Nyr,129,9,0.3639513716005525,0.10204571885931332,127,9,-0.06538782242237001,0.08756724579841726,0.4552352929102339,0.4617520994275681,2.3799363377958054,0.8461612577030141,35.15325135717766
4,backsliding_Nyr,Y_suffr,Suffrage,vdem_electoral,instr-antiplural_w4_trt-ert_gapany_illib0p6535_opp0p6535_lrmax1_exclyr,backsliding_Nyr,129,9,0.3639513716005525,0.10204571885931332,127,9,-5.912842935750395e-4,6.353922549753281e-4,0.3520700749176367,-0.00252434465837539,0.00271070161255127,0.35172353784633975,15.718189196280088
4,backsliding_Nyr,Y_freexp,Expression & alt. info,vdem_electoral,instr-antiplural_w4_trt-ert_gapany_illib0p6535_opp0p6535_lrmax1_exclyr,backsliding_Nyr,129,9,0.3639513716005525,0.10204571885931332,127,9,-0.10402616729631944,0.07295943645397023,0.1539236953710801,-0.30472070656964206,0.4595465737425121,0.5072729580340622,20.70109870469769
4,backsliding_Nyr,Y_cl_rol,Rule of law,vdem_liberal,instr-antiplural_w4_trt-ert_gapany_illib0p6535_opp0p6535_lrmax1_exclyr,backsliding_Nyr,129,9,0.3639513716005525,0.10204571885931332,127,9,-0.0980770191278896,0.06549874015041275,0.13429236218273596,-0.2910415048025469,0.3825902509762139,0.4468283096692176,19.893065802592375
4,backsliding_Nyr,Y_cspart,Civil society,vdem_particip,instr-antiplural_w4_trt-ert_gapany_illib0p6535_opp0p6535_lrmax1_exclyr,backsliding_Nyr,129,9,0.3639513716005525,0.10204571885931332,127,9,-0.06034648528290684,0.10281679478255738,0.5572492577193162,-0.18471107810912515,1.0933629897623294,0.8658450340156448,28.18919490395779
4,backsliding_Nyr,Y_dd,Direct democracy,vdem_particip,instr-antiplural_w4_trt-ert_gapany_illib0p6535_opp0p6535_lrmax1_exclyr,backsliding_Nyr,129,9,0.3639513716005525,0.10204571885931332,127,9,0.03940150629758247,0.01902632266098459,0.03836865949887776,0.02069701254130231,0.16827329713199907,0.9021099356333958,20.785292822532455
4,backsliding_Nyr,Y_locelec,Local elections,vdem_particip,instr-antiplural_w4_trt-ert_gapany_illib0p6535_opp0p6535_lrmax1_exclyr,backsliding_Nyr,129,9,0.3639513716005525,0.10204571885931332,125,9,-0.02741178697510066,0.13662972383754973,0.8409892406428674,-0.05884639020154717,0.6686938663783873,0.9298750953697056,22.17125284952031
4,backsliding_Nyr,Y_regelec,Regional elections,vdem_particip,instr-antiplural_w4_trt-ert_gapany_illib0p6535_opp0p6535_lrmax1_exclyr,backsliding_Nyr,129,9,0.3639513716005525,0.10204571885931332,127,9,0.0392033596529334,0.08657028623238192,0.6506567108546295,0.20255843988387728,0.5683677623636012,0.7215513457151315,25.780512898486755
4,backsliding_Nyr,Y_delib,Deliberation,vdem_egal_delib,instr-antiplural_w4_trt-ert_gapany_illib0p6535_opp0p6535_lrmax1_exclyr,backsliding_Nyr,129,9,0.3639513716005525,0.10204571885931332,127,9,-0.1345465714176792,0.09330427654392566,0.14929691735010117,-0.4175359157358201,0.5869754812489019,0.4768769718899408,22.12447281065906
4,backsliding_Nyr,Y_eqprotec,Equal protection,vdem_egal_delib,instr-antiplural_w4_trt-ert_gapany_illib0p6535_opp0p6535_lrmax1_exclyr,backsliding_Nyr,129,9,0.3639513716005525,0.10204571885931332,127,9,-0.01230368905547351,0.03899966409568404,0.7523957735893716,-0.03051513910835666,0.19021856025713196,0.8725490860967517,20.676933384572973
4,backsliding_Nyr,Y_eqaccess,Equal access,vdem_egal_delib,instr-antiplural_w4_trt-ert_gapany_illib0p6535_opp0p6535_lrmax1_exclyr,backsliding_Nyr,129,9,0.3639513716005525,0.10204571885931332,127,9,-0.04741524858667549,0.05644105078265282,0.4008610432711407,-0.17399772428183372,0.48262027654893896,0.7184529393030845,24.235901486338967
4,backsliding_Nyr,Y_eqdr,Equal distribution,vdem_egal_delib,instr-antiplural_w4_trt-ert_gapany_illib0p6535_opp0p6535_lrmax1_exclyr,backsliding_Nyr,129,9,0.3639513716005525,0.10204571885931332,127,9,-0.0733589225985138,0.04738975494446754,0.1216244204488622,-0.18267362056579203,0.3123071355061493,0.5586038118777622,20.473689323144633
4,backsliding_union_Nyr,Y_gdp_growth,PWT,growth,instr-antiplural_w4_trt-ertOrDdcg_gapany_illib0p6535_opp0p6535_lrmax1_exclyr,backsliding_union_Nyr,129,15,0.472449995966385,0.05198148325618611,122,15,-0.23704869891387148,0.13052038466131505,0.0693425456486371,-0.5146891222027321,0.6572392878612643,0.4335638920760378,21.70705664901306
4,backsliding_union_Nyr,Y_gdp_growth_wb,World Bank,growth,instr-antiplural_w4_trt-ertOrDdcg_gapany_illib0p6535_opp0p6535_lrmax1_exclyr,backsliding_union_Nyr,129,15,0.472449995966385,0.05198148325618611,125,15,-0.19693607272705657,0.12220595420067527,0.10706868875653897,-0.4926620791643791,0.6727583775929945,0.4639844641130813,22.54694449271368
4,backsliding_union_Nyr,Y_gdp_growth_imf,IMF WEO,growth,instr-antiplural_w4_trt-ertOrDdcg_gapany_illib0p6535_opp0p6535_lrmax1_exclyr,backsliding_union_Nyr,129,15,0.472449995966385,0.05198148325618611,106,13,-0.1960018080184275,0.09816030442248216,0.04585210382305671,-0.33813802175193264,0.46476798064139496,0.4668942655386325,15.193874962784744
4,backsliding_union_Nyr,Y_inflation,"CPI, cumulative log",inflation,instr-antiplural_w4_trt-ertOrDdcg_gapany_illib0p6535_opp0p6535_lrmax1_exclyr,backsliding_union_Nyr,129,15,0.472449995966385,0.05198148325618611,115,12,0.20590754910591255,0.18872630019852224,0.27525619944900154,0.4696173413889365,0.7600662344811566,0.5366651843323953,14.795902970133216
4,backsliding_union_Nyr,Y_unemployment,Unemployment rate,unemployment,instr-antiplural_w4_trt-ertOrDdcg_gapany_illib0p6535_opp0p6535_lrmax1_exclyr,backsliding_union_Nyr,129,15,0.472449995966385,0.05198148325618611,96,12,1.0282688253793424,1.8335840359418745,0.5749357837884874,0.2316541874217415,9.328438027335393,0.9801880761253772,22.834806140903908
4,backsliding_union_Nyr,Y_trade_pct_gdp,Trade / GDP,trade,instr-antiplural_w4_trt-ertOrDdcg_gapany_illib0p6535_opp0p6535_lrmax1_exclyr,backsliding_union_Nyr,129,15,0.472449995966385,0.05198148325618611,113,12,4.733355527568539,7.219915330847183,0.5120833942123488,10.170906314747132,42.87146348956801,0.8124691531105581,19.148560604328953
4,backsliding_union_Nyr,Y_top10_share,Top-10% income share,top10,instr-antiplural_w4_trt-ertOrDdcg_gapany_illib0p6535_opp0p6535_lrmax1_exclyr,backsliding_union_Nyr,129,15,0.472449995966385,0.05198148325618611,117,14,-3.1292319688175336,2.9982372497599066,0.2966285703379375,-8.852667419723467,11.66903116308844,0.44806416286748085,18.404886371696197
4,backsliding_union_Nyr,Y_gini_disp,Disposable,gini,instr-antiplural_w4_trt-ertOrDdcg_gapany_illib0p6535_opp0p6535_lrmax1_exclyr,backsliding_union_Nyr,129,15,0.472449995966385,0.05198148325618611,99,10,0.4149899174181348,0.6028104083945727,0.4911850158395173,0.4325515983185868,1.9534027675460777,0.82475379989148,16.435690968586066
4,backsliding_union_Nyr,Y_gini_mkt,Market,gini,instr-antiplural_w4_trt-ertOrDdcg_gapany_illib0p6535_opp0p6535_lrmax1_exclyr,backsliding_union_Nyr,129,15,0.472449995966385,0.05198148325618611,99,10,0.5410326866530573,0.5496765100713872,0.3249804614843657,0.6024038811773135,1.9787349779008037,0.7607935426928648,17.088429977528218
4,backsliding_union_Nyr,Y_debt,Debt / GDP,fiscal,instr-antiplural_w4_trt-ertOrDdcg_gapany_illib0p6535_opp0p6535_lrmax1_exclyr,backsliding_union_Nyr,129,15,0.472449995966385,0.05198148325618611,121,14,61.088611150847555,93.8068505796624,0.514906450012443,156.4260337060762,403.8244167789415,0.6984885983703973,24.01196509474624
4,backsliding_union_Nyr,Y_deficit,Deficit / GDP,fiscal,instr-antiplural_w4_trt-ertOrDdcg_gapany_illib0p6535_opp0p6535_lrmax1_exclyr,backsliding_union_Nyr,129,15,0.472449995966385,0.05198148325618611,101,12,3.0057747577247085,3.3934712214524994,0.37575104767832335,2.046150939335128,14.120393186701609,0.8847839012395773,14.776042108799404
4,backsliding_union_Nyr,Y_checks_balances,Checks & balances,institutions,instr-antiplural_w4_trt-ertOrDdcg_gapany_illib0p6535_opp0p6535_lrmax1_exclyr,backsliding_union_Nyr,129,15,0.472449995966385,0.05198148325618611,126,15,-0.00967744582953493,0.05173582969617987,0.851617507013451,-0.08036909157240825,0.16020141961137704,0.6158959579642092,16.16693089306777
4,backsliding_union_Nyr,Y_jucon,Judicial constraints,institutions,instr-antiplural_w4_trt-ertOrDdcg_gapany_illib0p6535_opp0p6535_lrmax1_exclyr,backsliding_union_Nyr,129,15,0.472449995966385,0.05198148325618611,127,15,0.06022392829691909,0.05166636570933238,0.24376358425548136,0.16419647127742912,0.2657624581478737,0.5366862850558562,19.874821016079032
4,backsliding_union_Nyr,Y_legcon,Legislative constraints,institutions,instr-antiplural_w4_trt-ertOrDdcg_gapany_illib0p6535_opp0p6535_lrmax1_exclyr,backsliding_union_Nyr,129,15,0.472449995966385,0.05198148325618611,126,15,-0.1255757375092269,0.07779900722290352,0.10650473400747092,-0.3082957726912541,0.297960977887873,0.3008160147700339,15.176883161288886
4,backsliding_union_Nyr,Y_hos_power,HOS,exec_power,instr-antiplural_w4_trt-ertOrDdcg_gapany_illib0p6535_opp0p6535_lrmax1_exclyr,backsliding_union_Nyr,129,15,0.472449995966385,0.05198148325618611,127,15,0.00404008170061469,0.08275373419272987,0.9610623159277678,-0.05864664067671543,0.4899576354920044,0.9047228833371628,26.225644090617735
4,backsliding_union_Nyr,Y_hog_power,HOG,exec_power,instr-antiplural_w4_trt-ertOrDdcg_gapany_illib0p6535_opp0p6535_lrmax1_exclyr,backsliding_union_Nyr,129,15,0.472449995966385,0.05198148325618611,50,11,0.12940788450852378,0.23209959211125944,0.5771494798113234,0.14152655475625597,0.8824485222267517,0.8725822247028805,21.426748191786
4,backsliding_union_Nyr,Y_hos_power_vdem,HOS (v2ex_hosw),exec_power_alt,instr-antiplural_w4_trt-ertOrDdcg_gapany_illib0p6535_opp0p6535_lrmax1_exclyr,backsliding_union_Nyr,129,15,0.472449995966385,0.05198148325618611,127,15,0.17496092307784356,0.18146300417681369,0.3349614251871435,0.40580899780194135,1.0900941083651066,0.7096920619852012,23.35277967536855
4,backsliding_union_Nyr,Y_hog_power_vdem,HOG (v2ex_hogw),exec_power_alt,instr-antiplural_w4_trt-ertOrDdcg_gapany_illib0p6535_opp0p6535_lrmax1_exclyr,backsliding_union_Nyr,129,15,0.472449995966385,0.05198148325618611,127,15,-0.13896992198122987,0.16952478367091464,0.4123519784354773,-0.3849054816962897,0.9283591326522412,0.6784286081276025,21.199156516342967
4,backsliding_union_Nyr,Y_polyarchy,Electoral (polyarchy),vdem_high,instr-antiplural_w4_trt-ertOrDdcg_gapany_illib0p6535_opp0p6535_lrmax1_exclyr,backsliding_union_Nyr,129,15,0.472449995966385,0.05198148325618611,127,15,-0.11457412539208556,0.06746600922096117,0.08946065650671753,-0.10611968686422404,0.5000984248628884,0.8319528769335558,26.971522463387988
4,backsliding_union_Nyr,Y_libdem,Liberal,vdem_high,instr-antiplural_w4_trt-ertOrDdcg_gapany_illib0p6535_opp0p6535_lrmax1_exclyr,backsliding_union_Nyr,129,15,0.472449995966385,0.05198148325618611,127,15,-0.093057686461594,0.04922843194300497,0.05871464066961517,-0.1571778822254721,0.2323529786360367,0.4987475787824782,20.66638513840459
4,backsliding_union_Nyr,Y_partipdem,Participatory,vdem_high,instr-antiplural_w4_trt-ertOrDdcg_gapany_illib0p6535_opp0p6535_lrmax1_exclyr,backsliding_union_Nyr,129,15,0.472449995966385,0.05198148325618611,127,15,-0.07494233830812987,0.03806582504818991,0.04898106633758549,-0.1258007075829533,0.1661329568167995,0.44891262549994,18.901908651351228
4,backsliding_union_Nyr,Y_delibdem,Deliberative,vdem_high,instr-antiplural_w4_trt-ertOrDdcg_gapany_illib0p6535_opp0p6535_lrmax1_exclyr,backsliding_union_Nyr,129,15,0.472449995966385,0.05198148325618611,127,15,-0.12431001467368756,0.06782287312967161,0.06682299129852233,-0.21738304809806097,0.2733123491022116,0.4264012737093924,19.90080493947281
4,backsliding_union_Nyr,Y_egaldem,Egalitarian,vdem_high,instr-antiplural_w4_trt-ertOrDdcg_gapany_illib0p6535_opp0p6535_lrmax1_exclyr,backsliding_union_Nyr,129,15,0.472449995966385,0.05198148325618611,127,15,-0.0934003882622222,0.04168654862192371,0.02505587358366983,-0.15697922368248216,0.2067554108244586,0.4477025062895735,20.454059580607915
4,backsliding_union_Nyr,Y_elecoff,Elected officials,vdem_electoral,instr-antiplural_w4_trt-ertOrDdcg_gapany_illib0p6535_opp0p6535_lrmax1_exclyr,backsliding_union_Nyr,129,15,0.472449995966385,0.05198148325618611,127,15,-0.06717635810688319,0.2251557267622287,0.7654321586120162,0.04000982074844562,1.0954407133168589,0.9708645829041472,24.068653801908507
4,backsliding_union_Nyr,Y_frefair,Clean elections,vdem_electoral,instr-antiplural_w4_trt-ertOrDdcg_gapany_illib0p6535_opp0p6535_lrmax1_exclyr,backsliding_union_Nyr,129,15,0.472449995966385,0.05198148325618611,127,15,-0.11705053864977266,0.10793938467783988,0.27818309080759857,-0.28358031224188995,0.6243804879585719,0.6497002194438065,21.80738844331897
4,backsliding_union_Nyr,Y_frassoc,Association,vdem_electoral,instr-antiplural_w4_trt-ertOrDdcg_gapany_illib0p6535_opp0p6535_lrmax1_exclyr,backsliding_union_Nyr,129,15,0.472449995966385,0.05198148325618611,127,15,-0.06538782242237001,0.08756724579841726,0.4552352929102339,-0.18935291868579351,0.425872271618471,0.6565916942676392,19.618592206279487
4,backsliding_union_Nyr,Y_suffr,Suffrage,vdem_electoral,instr-antiplural_w4_trt-ertOrDdcg_gapany_illib0p6535_opp0p6535_lrmax1_exclyr,backsliding_union_Nyr,129,15,0.472449995966385,0.05198148325618611,127,15,-5.912842935750395e-4,6.353922549753281e-4,0.3520700749176367,0.00169442089897505,0.0016738766727557,0.31140733006174187,16.714612619827
4,backsliding_union_Nyr,Y_freexp,Expression & alt. info,vdem_electoral,instr-antiplural_w4_trt-ertOrDdcg_gapany_illib0p6535_opp0p6535_lrmax1_exclyr,backsliding_union_Nyr,129,15,0.472449995966385,0.05198148325618611,127,15,-0.10402616729631944,0.07295943645397023,0.1539236953710801,-0.2814701784719561,0.2972603006160226,0.34369933882045806,16.02312653333722
4,backsliding_union_Nyr,Y_cl_rol,Rule of law,vdem_liberal,instr-antiplural_w4_trt-ertOrDdcg_gapany_illib0p6535_opp0p6535_lrmax1_exclyr,backsliding_union_Nyr,129,15,0.472449995966385,0.05198148325618611,127,15,-0.0980770191278896,0.06549874015041275,0.13429236218273596,-0.23528948660284285,0.24873077327782012,0.3441687336289662,16.09277390125919
4,backsliding_union_Nyr,Y_cspart,Civil society,vdem_particip,instr-antiplural_w4_trt-ertOrDdcg_gapany_illib0p6535_opp0p6535_lrmax1_exclyr,backsliding_union_Nyr,129,15,0.472449995966385,0.05198148325618611,127,15,-0.06034648528290684,0.10281679478255738,0.5572492577193162,-0.06068373709898769,0.718176651600877,0.9326613271896992,25.67116350407847
4,backsliding_union_Nyr,Y_dd,Direct democracy,vdem_particip,instr-antiplural_w4_trt-ertOrDdcg_gapany_illib0p6535_opp0p6535_lrmax1_exclyr,backsliding_union_Nyr,129,15,0.472449995966385,0.05198148325618611,127,15,0.03940150629758247,0.01902632266098459,0.03836865949887776,-0.05348851025021921,0.08364953179510036,0.5225394272376205,14.831301009870296
4,backsliding_union_Nyr,Y_locelec,Local elections,vdem_particip,instr-antiplural_w4_trt-ertOrDdcg_gapany_illib0p6535_opp0p6535_lrmax1_exclyr,backsliding_union_Nyr,129,15,0.472449995966385,0.05198148325618611,125,15,-0.02741178697510066,0.13662972383754973,0.8409892406428674,-0.05323473451393976,0.5634959833317831,0.9247340235743918,22.64007392248268
4,backsliding_union_Nyr,Y_regelec,Regional elections,vdem_particip,instr-antiplural_w4_trt-ertOrDdcg_gapany_illib0p6535_opp0p6535_lrmax1_exclyr,backsliding_union_Nyr,129,15,0.472449995966385,0.05198148325618611,127,15,0.0392033596529334,0.08657028623238192,0.6506567108546295,0.05015219047355229,0.4208419316612657,0.9051398125733844,23.81952756074878
4,backsliding_union_Nyr,Y_delib,Deliberation,vdem_egal_delib,instr-antiplural_w4_trt-ertOrDdcg_gapany_illib0p6535_opp0p6535_lrmax1_exclyr,backsliding_union_Nyr,129,15,0.472449995966385,0.05198148325618611,127,15,-0.1345465714176792,0.09330427654392566,0.14929691735010117,-0.33775955996773127,0.33957462735425803,0.31990414649056603,16.234186370657323
4,backsliding_union_Nyr,Y_eqprotec,Equal protection,vdem_egal_delib,instr-antiplural_w4_trt-ertOrDdcg_gapany_illib0p6535_opp0p6535_lrmax1_exclyr,backsliding_union_Nyr,129,15,0.472449995966385,0.05198148325618611,127,15,-0.01230368905547351,0.03899966409568404,0.7523957735893716,-0.06501328285246158,0.14086461549314064,0.6444182152968442,17.71567675082069
4,backsliding_union_Nyr,Y_eqaccess,Equal access,vdem_egal_delib,instr-antiplural_w4_trt-ertOrDdcg_gapany_illib0p6535_opp0p6535_lrmax1_exclyr,backsliding_union_Nyr,129,15,0.472449995966385,0.05198148325618611,127,15,-0.04741524858667549,0.05644105078265282,0.4008610432711407,-0.1318975390112457,0.27577971274054597,0.6324570761080922,20.6308411929368
4,backsliding_union_Nyr,Y_eqdr,Equal distribution,vdem_egal_delib,instr-antiplural_w4_trt-ertOrDdcg_gapany_illib0p6535_opp0p6535_lrmax1_exclyr,backsliding_union_Nyr,129,15,0.472449995966385,0.05198148325618611,127,15,-0.0733589225985138,0.04738975494446754,0.1216244204488622,-0.170139522728482,0.17774625989410103,0.3384640379591365,14.21820119663758
4,polyarchy_decline,Y_gdp_growth,PWT,growth,instr-antiplural_w4_trt-polyarchy_gapany_illib0p6535_opp0p6535_lrmax1_exclyr,polyarchy_decline,127,46,0.11457412539208556,0.08946065650671753,122,43,-0.23704869891387148,0.13052038466131505,0.0693425456486371,-2.422877784802991,3.965916979624111,0.54124924100849,27.104048248519415
4,polyarchy_decline,Y_gdp_growth_wb,World Bank,growth,instr-antiplural_w4_trt-polyarchy_gapany_illib0p6535_opp0p6535_lrmax1_exclyr,polyarchy_decline,127,46,0.11457412539208556,0.08946065650671753,125,46,-0.19693607272705657,0.12220595420067527,0.10706868875653897,-2.685171983393563,4.640864194934384,0.562863764202302,27.87832986553909
4,polyarchy_decline,Y_gdp_growth_imf,IMF WEO,growth,instr-antiplural_w4_trt-polyarchy_gapany_illib0p6535_opp0p6535_lrmax1_exclyr,polyarchy_decline,127,46,0.11457412539208556,0.08946065650671753,106,37,-0.1960018080184275,0.09816030442248216,0.04585210382305671,-3.8462151400365863,9.880316707610683,0.6970686213478772,25.4048043229099
4,polyarchy_decline,Y_inflation,"CPI, cumulative log",inflation,instr-antiplural_w4_trt-polyarchy_gapany_illib0p6535_opp0p6535_lrmax1_exclyr,polyarchy_decline,127,46,0.11457412539208556,0.08946065650671753,115,42,0.20590754910591255,0.18872630019852224,0.27525619944900154,12.019459608406075,45.295262948943346,0.7907337010350789,27.408127562078192
4,polyarchy_decline,Y_unemployment,Unemployment rate,unemployment,instr-antiplural_w4_trt-polyarchy_gapany_illib0p6535_opp0p6535_lrmax1_exclyr,polyarchy_decline,127,46,0.11457412539208556,0.08946065650671753,96,37,1.0282688253793424,1.8335840359418745,0.5749357837884874,5.071634220850468,26.594133341045772,0.8487567205057268,25.0449938066317
4,polyarchy_decline,Y_trade_pct_gdp,Trade / GDP,trade,instr-antiplural_w4_trt-polyarchy_gapany_illib0p6535_opp0p6535_lrmax1_exclyr,polyarchy_decline,127,46,0.11457412539208556,0.08946065650671753,113,40,4.733355527568539,7.219915330847183,0.5120833942123488,98.56948028616056,511.55341948816454,0.8472044319676127,26.853894486795344
4,polyarchy_decline,Y_top10_share,Top-10% income share,top10,instr-antiplural_w4_trt-polyarchy_gapany_illib0p6535_opp0p6535_lrmax1_exclyr,polyarchy_decline,127,46,0.11457412539208556,0.08946065650671753,117,42,-3.1292319688175336,2.9982372497599066,0.2966285703379375,-115.58925382901428,331.7498332650713,0.7275225733722147,31.666967757407217
4,polyarchy_decline,Y_gini_disp,Disposable,gini,instr-antiplural_w4_trt-polyarchy_gapany_illib0p6535_opp0p6535_lrmax1_exclyr,polyarchy_decline,127,46,0.11457412539208556,0.08946065650671753,99,37,0.4149899174181348,0.6028104083945727,0.4911850158395173,6.275346783373771,9.239986585587069,0.4970421459783858,25.15884583426211
4,polyarchy_decline,Y_gini_mkt,Market,gini,instr-antiplural_w4_trt-polyarchy_gapany_illib0p6535_opp0p6535_lrmax1_exclyr,polyarchy_decline,127,46,0.11457412539208556,0.08946065650671753,99,37,0.5410326866530573,0.5496765100713872,0.3249804614843657,6.955762303526956,13.251973178486562,0.5996631185243682,32.272618032067456
4,polyarchy_decline,Y_debt,Debt / GDP,fiscal,instr-antiplural_w4_trt-polyarchy_gapany_illib0p6535_opp0p6535_lrmax1_exclyr,polyarchy_decline,127,46,0.11457412539208556,0.08946065650671753,121,45,61.088611150847555,93.8068505796624,0.514906450012443,796.584573640748,2768.27967502919,0.7735347681335167,27.833362551673343
4,polyarchy_decline,Y_deficit,Deficit / GDP,fiscal,instr-antiplural_w4_trt-polyarchy_gapany_illib0p6535_opp0p6535_lrmax1_exclyr,polyarchy_decline,127,46,0.11457412539208556,0.08946065650671753,101,39,3.0057747577247085,3.3934712214524994,0.37575104767832335,70.41804664698668,202.9421450301081,0.7286019715932783,29.605466725600373
4,polyarchy_decline,Y_checks_balances,Checks & balances,institutions,instr-antiplural_w4_trt-polyarchy_gapany_illib0p6535_opp0p6535_lrmax1_exclyr,polyarchy_decline,127,46,0.11457412539208556,0.08946065650671753,126,46,-0.00967744582953493,0.05173582969617987,0.851617507013451,-0.13684649123502182,1.8975997656286283,0.9425099343691884,25.938631710235956
4,polyarchy_decline,Y_jucon,Judicial constraints,institutions,instr-antiplural_w4_trt-polyarchy_gapany_illib0p6535_opp0p6535_lrmax1_exclyr,polyarchy_decline,127,46,0.11457412539208556,0.08946065650671753,127,46,0.06022392829691909,0.05166636570933238,0.24376358425548136,0.8415488558928859,1.882835692330619,0.6549052392948844,23.884571519774937
4,polyarchy_decline,Y_legcon,Legislative constraints,institutions,instr-antiplural_w4_trt-polyarchy_gapany_illib0p6535_opp0p6535_lrmax1_exclyr,polyarchy_decline,127,46,0.11457412539208556,0.08946065650671753,126,46,-0.1255757375092269,0.07779900722290352,0.10650473400747092,-1.5350750023879034,1.5354052570572236,0.317414611395827,24.74708008534499
4,polyarchy_decline,Y_hos_power,HOS,exec_power,instr-antiplural_w4_trt-polyarchy_gapany_illib0p6535_opp0p6535_lrmax1_exclyr,polyarchy_decline,127,46,0.11457412539208556,0.08946065650671753,127,46,0.00404008170061469,0.08275373419272987,0.9610623159277678,0.08928141738860673,1.500620923501658,0.9525567993010924,24.89445271907499
4,polyarchy_decline,Y_hog_power,HOG,exec_power,instr-antiplural_w4_trt-polyarchy_gapany_illib0p6535_opp0p6535_lrmax1_exclyr,polyarchy_decline,127,46,0.11457412539208556,0.08946065650671753,50,17,0.12940788450852378,0.23209959211125944,0.5771494798113234,-0.30926509570466026,3.4966163156363863,0.929521436034954,31.10445072857137
4,polyarchy_decline,Y_hos_power_vdem,HOS (v2ex_hosw),exec_power_alt,instr-antiplural_w4_trt-polyarchy_gapany_illib0p6535_opp0p6535_lrmax1_exclyr,polyarchy_decline,127,46,0.11457412539208556,0.08946065650671753,127,46,0.17496092307784356,0.18146300417681369,0.3349614251871435,1.1944455798481195,3.0936707740186016,0.6994275665369154,20.04683470021563
4,polyarchy_decline,Y_hog_power_vdem,HOG (v2ex_hogw),exec_power_alt,instr-antiplural_w4_trt-polyarchy_gapany_illib0p6535_opp0p6535_lrmax1_exclyr,polyarchy_decline,127,46,0.11457412539208556,0.08946065650671753,127,46,-0.13896992198122987,0.16952478367091464,0.4123519784354773,-1.2074439152360856,2.746507749643602,0.6602059758161034,18.739288252962737
4,polyarchy_decline,Y_polyarchy,Electoral (polyarchy),vdem_high,instr-antiplural_w4_trt-polyarchy_gapany_illib0p6535_opp0p6535_lrmax1_exclyr,polyarchy_decline,127,46,0.11457412539208556,0.08946065650671753,127,46,-0.11457412539208556,0.06746600922096117,0.08946065650671753,-1,9.973748027409404e-17,0,27.479770236164153
4,polyarchy_decline,Y_libdem,Liberal,vdem_high,instr-antiplural_w4_trt-polyarchy_gapany_illib0p6535_opp0p6535_lrmax1_exclyr,polyarchy_decline,127,46,0.11457412539208556,0.08946065650671753,127,46,-0.093057686461594,0.04922843194300497,0.05871464066961517,-0.7202675351692265,0.32825421684926154,0.02821837871462692,24.81574317120397
4,polyarchy_decline,Y_partipdem,Participatory,vdem_high,instr-antiplural_w4_trt-polyarchy_gapany_illib0p6535_opp0p6535_lrmax1_exclyr,polyarchy_decline,127,46,0.11457412539208556,0.08946065650671753,127,46,-0.07494233830812987,0.03806582504818991,0.04898106633758549,-0.3360875020102327,1.0143989166802434,0.7404051289737646,30.4664364291155
4,polyarchy_decline,Y_delibdem,Deliberative,vdem_high,instr-antiplural_w4_trt-polyarchy_gapany_illib0p6535_opp0p6535_lrmax1_exclyr,polyarchy_decline,127,46,0.11457412539208556,0.08946065650671753,127,46,-0.12431001467368756,0.06782287312967161,0.06682299129852233,-1.119023461499139,0.8655768231102073,0.19607794444620896,27.53990431017594
4,polyarchy_decline,Y_egaldem,Egalitarian,vdem_high,instr-antiplural_w4_trt-polyarchy_gapany_illib0p6535_opp0p6535_lrmax1_exclyr,polyarchy_decline,127,46,0.11457412539208556,0.08946065650671753,127,46,-0.0934003882622222,0.04168654862192371,0.02505587358366983,-0.6937287336068689,0.23457701953574744,0.00310285449488453,20.115344613577307
4,polyarchy_decline,Y_elecoff,Elected officials,vdem_electoral,instr-antiplural_w4_trt-polyarchy_gapany_illib0p6535_opp0p6535_lrmax1_exclyr,polyarchy_decline,127,46,0.11457412539208556,0.08946065650671753,127,46,-0.06717635810688319,0.2251557267622287,0.7654321586120162,2.577040850753625,7.969515202481043,0.7464208692964481,29.55727237645579
4,polyarchy_decline,Y_frefair,Clean elections,vdem_electoral,instr-antiplural_w4_trt-polyarchy_gapany_illib0p6535_opp0p6535_lrmax1_exclyr,polyarchy_decline,127,46,0.11457412539208556,0.08946065650671753,127,46,-0.11705053864977266,0.10793938467783988,0.27818309080759857,-1.2180756410538138,1.3365888419344578,0.36212068398877134,25.25790148597941
4,polyarchy_decline,Y_frassoc,Association,vdem_electoral,instr-antiplural_w4_trt-polyarchy_gapany_illib0p6535_opp0p6535_lrmax1_exclyr,polyarchy_decline,127,46,0.11457412539208556,0.08946065650671753,127,46,-0.06538782242237001,0.08756724579841726,0.4552352929102339,-0.916145738045081,0.6096500737632937,0.13290602476294583,20.011191249238752
4,polyarchy_decline,Y_suffr,Suffrage,vdem_electoral,instr-antiplural_w4_trt-polyarchy_gapany_illib0p6535_opp0p6535_lrmax1_exclyr,polyarchy_decline,127,46,0.11457412539208556,0.08946065650671753,127,46,-5.912842935750395e-4,6.353922549753281e-4,0.3520700749176367,-0.01147976981289203,0.01209219418761276,0.34244072831241185,18.929617032016964
4,polyarchy_decline,Y_freexp,Expression & alt. info,vdem_electoral,instr-antiplural_w4_trt-polyarchy_gapany_illib0p6535_opp0p6535_lrmax1_exclyr,polyarchy_decline,127,46,0.11457412539208556,0.08946065650671753,127,46,-0.10402616729631944,0.07295943645397023,0.1539236953710801,-1.7073345964054951,2.423440337283772,0.4811160867013763,28.91734178861462
4,polyarchy_decline,Y_cl_rol,Rule of law,vdem_liberal,instr-antiplural_w4_trt-polyarchy_gapany_illib0p6535_opp0p6535_lrmax1_exclyr,polyarchy_decline,127,46,0.11457412539208556,0.08946065650671753,127,46,-0.0980770191278896,0.06549874015041275,0.13429236218273596,-1.0272436606691338,1.1076504733793466,0.35371485549932735,22.84676211878276
4,polyarchy_decline,Y_cspart,Civil society,vdem_particip,instr-antiplural_w4_trt-polyarchy_gapany_illib0p6535_opp0p6535_lrmax1_exclyr,polyarchy_decline,127,46,0.11457412539208556,0.08946065650671753,127,46,-0.06034648528290684,0.10281679478255738,0.5572492577193162,-0.9717806963904146,4.540838692135435,0.8305399788988846,28.08641232776683
4,polyarchy_decline,Y_dd,Direct democracy,vdem_particip,instr-antiplural_w4_trt-polyarchy_gapany_illib0p6535_opp0p6535_lrmax1_exclyr,polyarchy_decline,127,46,0.11457412539208556,0.08946065650671753,127,46,0.03940150629758247,0.01902632266098459,0.03836865949887776,1.4730797318527904,2.882512643576658,0.6093229337237849,29.089047497822555
4,polyarchy_decline,Y_locelec,Local elections,vdem_particip,instr-antiplural_w4_trt-polyarchy_gapany_illib0p6535_opp0p6535_lrmax1_exclyr,polyarchy_decline,127,46,0.11457412539208556,0.08946065650671753,125,45,-0.02741178697510066,0.13662972383754973,0.8409892406428674,-0.4000764825141251,2.5307571953601276,0.8743892811948073,24.014285997638925
4,polyarchy_decline,Y_regelec,Regional elections,vdem_particip,instr-antiplural_w4_trt-polyarchy_gapany_illib0p6535_opp0p6535_lrmax1_exclyr,polyarchy_decline,127,46,0.11457412539208556,0.08946065650671753,127,46,0.0392033596529334,0.08657028623238192,0.6506567108546295,0.7667153188563409,2.4794844421632876,0.7571513773399964,24.919844637042218
4,polyarchy_decline,Y_delib,Deliberation,vdem_egal_delib,instr-antiplural_w4_trt-polyarchy_gapany_illib0p6535_opp0p6535_lrmax1_exclyr,polyarchy_decline,127,46,0.11457412539208556,0.08946065650671753,127,46,-0.1345465714176792,0.09330427654392566,0.14929691735010117,-1.9140277256567868,2.4579245708745776,0.4361464210678406,26.50994969574429
4,polyarchy_decline,Y_eqprotec,Equal protection,vdem_egal_delib,instr-antiplural_w4_trt-polyarchy_gapany_illib0p6535_opp0p6535_lrmax1_exclyr,polyarchy_decline,127,46,0.11457412539208556,0.08946065650671753,127,46,-0.01230368905547351,0.03899966409568404,0.7523957735893716,0.4418603637088543,2.267679743809513,0.8455093542136789,29.399844859160783
4,polyarchy_decline,Y_eqaccess,Equal access,vdem_egal_delib,instr-antiplural_w4_trt-polyarchy_gapany_illib0p6535_opp0p6535_lrmax1_exclyr,polyarchy_decline,127,46,0.11457412539208556,0.08946065650671753,127,46,-0.04741524858667549,0.05644105078265282,0.4008610432711407,-0.6740275373533922,2.2244282958865784,0.7618810350058572,26.677264830213694
4,polyarchy_decline,Y_eqdr,Equal distribution,vdem_egal_delib,instr-antiplural_w4_trt-polyarchy_gapany_illib0p6535_opp0p6535_lrmax1_exclyr,polyarchy_decline,127,46,0.11457412539208556,0.08946065650671753,127,46,-0.0733589225985138,0.04738975494446754,0.1216244204488622,-0.5153364949723469,0.7267101852257759,0.4782399642090772,20.78524927993405
5,backsliding_Nyr,Y_gdp_growth,PWT,growth,instr-antiplural_w5_trt-ert_gapany_illib0p6535_opp0p6535_lrmax1_exclyr,backsliding_Nyr,129,12,0.3220056574232967,0.15050674300895645,119,11,-0.25826994840844075,0.12866342955641055,0.04471454812351138,-0.8784169388075759,1.1108959282016906,0.429102510696193,19.82588354157147
5,backsliding_Nyr,Y_gdp_growth_wb,World Bank,growth,instr-antiplural_w5_trt-ert_gapany_illib0p6535_opp0p6535_lrmax1_exclyr,backsliding_Nyr,129,12,0.3220056574232967,0.15050674300895645,122,12,-0.2050251493738868,0.11945987115565508,0.08611300966541938,-0.7864613899637648,1.0917465192901623,0.47129724424048586,20.451221641970537
5,backsliding_Nyr,Y_gdp_growth_imf,IMF WEO,growth,instr-antiplural_w5_trt-ert_gapany_illib0p6535_opp0p6535_lrmax1_exclyr,backsliding_Nyr,129,12,0.3220056574232967,0.15050674300895645,103,11,-0.21514059911776304,0.096259554578597,0.02541701139611366,-1.0462588685016727,1.76096097385702,0.5524179036083603,24.9997156373148
5,backsliding_Nyr,Y_inflation,"CPI, cumulative log",inflation,instr-antiplural_w5_trt-ert_gapany_illib0p6535_opp0p6535_lrmax1_exclyr,backsliding_Nyr,129,12,0.3220056574232967,0.15050674300895645,112,12,0.16220226474191002,0.2080741805934201,0.4356613504399518,0.38818193481972774,1.6246063363114531,0.8111528256818901,16.724094987077798
5,backsliding_Nyr,Y_unemployment,Unemployment rate,unemployment,instr-antiplural_w5_trt-ert_gapany_illib0p6535_opp0p6535_lrmax1_exclyr,backsliding_Nyr,129,12,0.3220056574232967,0.15050674300895645,95,10,1.2157647129047209,1.5177560091448885,0.4231155688633205,4.572720984710431,14.595514653863164,0.7540555480597979,23.95952491483451
5,backsliding_Nyr,Y_trade_pct_gdp,Trade / GDP,trade,instr-antiplural_w5_trt-ert_gapany_illib0p6535_opp0p6535_lrmax1_exclyr,backsliding_Nyr,129,12,0.3220056574232967,0.15050674300895645,109,10,4.916006164723975,11.947252189343338,0.6807236205246014,14.30310585850316,457.6480866094654,0.9750673714875268,23.138702481895464
5,backsliding_Nyr,Y_top10_share,Top-10% income share,top10,instr-antiplural_w5_trt-ert_gapany_illib0p6535_opp0p6535_lrmax1_exclyr,backsliding_Nyr,129,12,0.3220056574232967,0.15050674300895645,114,11,-2.1158785270312572,2.6288799324667185,0.4209008629213776,-14.244684110450155,36.832919931216,0.6989502951569206,34.83340617232036
5,backsliding_Nyr,Y_gini_disp,Disposable,gini,instr-antiplural_w5_trt-ert_gapany_illib0p6535_opp0p6535_lrmax1_exclyr,backsliding_Nyr,129,12,0.3220056574232967,0.15050674300895645,96,10,0.914421147313864,0.7374164001162993,0.2149629495804499,2.0330156960015415,6.590011405579238,0.7577022261079394,19.280497239765996
5,backsliding_Nyr,Y_gini_mkt,Market,gini,instr-antiplural_w5_trt-ert_gapany_illib0p6535_opp0p6535_lrmax1_exclyr,backsliding_Nyr,129,12,0.3220056574232967,0.15050674300895645,96,10,0.8615059110157068,0.6176060930237567,0.16304249491804626,2.189504307513059,7.770262308098247,0.778112227766165,20.86369060339273
5,backsliding_Nyr,Y_debt,Debt / GDP,fiscal,instr-antiplural_w5_trt-ert_gapany_illib0p6535_opp0p6535_lrmax1_exclyr,backsliding_Nyr,129,12,0.3220056574232967,0.15050674300895645,116,12,129.8954848002571,173.41379701883045,0.4538274862345144,371.36492558268105,824.443413091045,0.6523909045255322,20.259492611817983
5,backsliding_Nyr,Y_deficit,Deficit / GDP,fiscal,instr-antiplural_w5_trt-ert_gapany_illib0p6535_opp0p6535_lrmax1_exclyr,backsliding_Nyr,129,12,0.3220056574232967,0.15050674300895645,98,10,-0.4212636063931337,3.9125876071247783,0.9142584208448838,-8.573048000238192,19.626530915782833,0.6622497732399977,15.879319759232718
5,backsliding_Nyr,Y_checks_balances,Checks & balances,institutions,instr-antiplural_w5_trt-ert_gapany_illib0p6535_opp0p6535_lrmax1_exclyr,backsliding_Nyr,129,12,0.3220056574232967,0.15050674300895645,123,12,-0.02843543913038576,0.07043148849126163,0.6864098742055529,-0.1647095189549791,0.4892204990310107,0.7363600505882253,24.120117444320528
5,backsliding_Nyr,Y_jucon,Judicial constraints,institutions,instr-antiplural_w5_trt-ert_gapany_illib0p6535_opp0p6535_lrmax1_exclyr,backsliding_Nyr,129,12,0.3220056574232967,0.15050674300895645,126,12,0.04244574305416598,0.07302301203394722,0.5610616629484757,0.26026410322121135,0.8973293782478243,0.7717833429472889,30.524500305606797
5,backsliding_Nyr,Y_legcon,Legislative constraints,institutions,instr-antiplural_w5_trt-ert_gapany_illib0p6535_opp0p6535_lrmax1_exclyr,backsliding_Nyr,129,12,0.3220056574232967,0.15050674300895645,123,12,-0.1446753370245411,0.11073289392648988,0.1913739517014467,-0.4877864953788104,0.6358258369169597,0.44298045829275706,21.11143098684451
5,backsliding_Nyr,Y_hos_power,HOS,exec_power,instr-antiplural_w5_trt-ert_gapany_illib0p6535_opp0p6535_lrmax1_exclyr,backsliding_Nyr,129,12,0.3220056574232967,0.15050674300895645,126,12,-0.03864667454524815,0.0799922189513164,0.6290031340620379,-0.197774163020145,0.6650092700196067,0.7661606774990048,26.672843012391574
5,backsliding_Nyr,Y_hog_power,HOG,exec_power,instr-antiplural_w5_trt-ert_gapany_illib0p6535_opp0p6535_lrmax1_exclyr,backsliding_Nyr,129,12,0.3220056574232967,0.15050674300895645,49,8,0.13266710357854816,0.24900096118619391,0.5941737257920884,-0.5078782988385893,1.6881356946769486,0.7635276706533172,18.487284755211768
5,backsliding_Nyr,Y_hos_power_vdem,HOS (v2ex_hosw),exec_power_alt,instr-antiplural_w5_trt-ert_gapany_illib0p6535_opp0p6535_lrmax1_exclyr,backsliding_Nyr,129,12,0.3220056574232967,0.15050674300895645,126,12,0.1725847378981615,0.1799508177275895,0.3375254218766821,0.7300589512910312,1.9984587914459693,0.7148792787433458,24.64341886579824
5,backsliding_Nyr,Y_hog_power_vdem,HOG (v2ex_hogw),exec_power_alt,instr-antiplural_w5_trt-ert_gapany_illib0p6535_opp0p6535_lrmax1_exclyr,backsliding_Nyr,129,12,0.3220056574232967,0.15050674300895645,126,12,-0.15420481714877626,0.17021303746831828,0.36496133556418464,-0.641845213434704,1.982834365517668,0.7461645105043255,24.16355095888476
5,backsliding_Nyr,Y_polyarchy,Electoral (polyarchy),vdem_high,instr-antiplural_w5_trt-ert_gapany_illib0p6535_opp0p6535_lrmax1_exclyr,backsliding_Nyr,129,12,0.3220056574232967,0.15050674300895645,126,12,-0.12137280812129796,0.08990065455833353,0.17699127757288502,-0.4059834249829978,0.5624644354640433,0.47042117141847856,18.430968490529946
5,backsliding_Nyr,Y_libdem,Liberal,vdem_high,instr-antiplural_w5_trt-ert_gapany_illib0p6535_opp0p6535_lrmax1_exclyr,backsliding_Nyr,129,12,0.3220056574232967,0.15050674300895645,126,12,-0.0916337271864424,0.07253048032371201,0.20645181145944297,-0.27293956275516534,0.41732012251059,0.5130929672674234,20.216666733191595
5,backsliding_Nyr,Y_partipdem,Participatory,vdem_high,instr-antiplural_w5_trt-ert_gapany_illib0p6535_opp0p6535_lrmax1_exclyr,backsliding_Nyr,129,12,0.3220056574232967,0.15050674300895645,126,12,-0.06302092788801958,0.05450016724948511,0.24754057895214016,-0.18102841300627912,0.3390537577754362,0.5933951891011999,20.653483422765525
5,backsliding_Nyr,Y_delibdem,Deliberative,vdem_high,instr-antiplural_w5_trt-ert_gapany_illib0p6535_opp0p6535_lrmax1_exclyr,backsliding_Nyr,129,12,0.3220056574232967,0.15050674300895645,126,12,-0.12334386859968322,0.09058503033637352,0.17331268274786166,-0.3878481413701948,0.4841335474314596,0.4230632862167727,19.797595653021983
5,backsliding_Nyr,Y_egaldem,Egalitarian,vdem_high,instr-antiplural_w5_trt-ert_gapany_illib0p6535_opp0p6535_lrmax1_exclyr,backsliding_Nyr,129,12,0.3220056574232967,0.15050674300895645,126,12,-0.07859657754987817,0.05878765137018294,0.18123658694930067,-0.2090523027606065,0.33344239498211065,0.5306908444730094,19.288037451180852
5,backsliding_Nyr,Y_elecoff,Elected officials,vdem_electoral,instr-antiplural_w5_trt-ert_gapany_illib0p6535_opp0p6535_lrmax1_exclyr,backsliding_Nyr,129,12,0.3220056574232967,0.15050674300895645,126,12,-0.04522981682467899,0.2205269349880769,0.8374949088452815,-0.3403521542927306,1.23694998485158,0.783197666315566,19.737025321325213
5,backsliding_Nyr,Y_frefair,Clean elections,vdem_electoral,instr-antiplural_w5_trt-ert_gapany_illib0p6535_opp0p6535_lrmax1_exclyr,backsliding_Nyr,129,12,0.3220056574232967,0.15050674300895645,126,12,-0.1793883522603439,0.12847448129851144,0.162625499867364,-0.6632086770035376,0.8234522665484524,0.4205887365650093,16.164048272033302
5,backsliding_Nyr,Y_frassoc,Association,vdem_electoral,instr-antiplural_w5_trt-ert_gapany_illib0p6535_opp0p6535_lrmax1_exclyr,backsliding_Nyr,129,12,0.3220056574232967,0.15050674300895645,126,12,-0.08543227104231729,0.09034599061887728,0.34434641881814426,-0.4103860753534734,2.441699512894224,0.8665251047791612,37.95044229044935
5,backsliding_Nyr,Y_suffr,Suffrage,vdem_electoral,instr-antiplural_w5_trt-ert_gapany_illib0p6535_opp0p6535_lrmax1_exclyr,backsliding_Nyr,129,12,0.3220056574232967,0.15050674300895645,126,12,-5.905434831586988e-4,6.34347114297681e-4,0.3518810294712254,-0.00262223490191026,0.00281499232160695,0.3515822094747806,15.36360228677959
5,backsliding_Nyr,Y_freexp,Expression & alt. info,vdem_electoral,instr-antiplural_w5_trt-ert_gapany_illib0p6535_opp0p6535_lrmax1_exclyr,backsliding_Nyr,129,12,0.3220056574232967,0.15050674300895645,126,12,-0.0830342512992792,0.09228077491172876,0.3682266364990037,-0.2651872329450008,0.7173715612094478,0.7116320355683844,22.95018785611987
5,backsliding_Nyr,Y_cl_rol,Rule of law,vdem_liberal,instr-antiplural_w5_trt-ert_gapany_illib0p6535_opp0p6535_lrmax1_exclyr,backsliding_Nyr,129,12,0.3220056574232967,0.15050674300895645,126,12,-0.09931618569323676,0.07527261103154996,0.18702875131633895,-0.40368896811457633,0.44952326059988207,0.3691652930589334,16.959807017137763
5,backsliding_Nyr,Y_cspart,Civil society,vdem_particip,instr-antiplural_w5_trt-ert_gapany_illib0p6535_opp0p6535_lrmax1_exclyr,backsliding_Nyr,129,12,0.3220056574232967,0.15050674300895645,126,12,-0.03282395167812149,0.10323899487746512,0.7505293798797463,-0.1513151997655247,1.1239401231758182,0.8929050252854265,29.674120634339435
5,backsliding_Nyr,Y_dd,Direct democracy,vdem_particip,instr-antiplural_w5_trt-ert_gapany_illib0p6535_opp0p6535_lrmax1_exclyr,backsliding_Nyr,129,12,0.3220056574232967,0.15050674300895645,126,12,0.03628988827320002,0.02064985699318562,0.07885105893560312,0.424941750474144,1.0266786929931908,0.6789477437647138,37.55671965034905
5,backsliding_Nyr,Y_locelec,Local elections,vdem_particip,instr-antiplural_w5_trt-ert_gapany_illib0p6535_opp0p6535_lrmax1_exclyr,backsliding_Nyr,129,12,0.3220056574232967,0.15050674300895645,124,12,-0.03193958893853214,0.13873771718047012,0.8179242283865908,-0.12858663578402046,0.8849619658518725,0.8844725318656398,22.949121748687364
5,backsliding_Nyr,Y_regelec,Regional elections,vdem_particip,instr-antiplural_w5_trt-ert_gapany_illib0p6535_opp0p6535_lrmax1_exclyr,backsliding_Nyr,129,12,0.3220056574232967,0.15050674300895645,126,12,0.00663885344190737,0.08865843722584654,0.9403092054154504,0.24742510455959588,0.6603093830122437,0.7078755059043383,26.727626286614058
5,backsliding_Nyr,Y_delib,Deliberation,vdem_egal_delib,instr-antiplural_w5_trt-ert_gapany_illib0p6535_opp0p6535_lrmax1_exclyr,backsliding_Nyr,129,12,0.3220056574232967,0.15050674300895645,126,12,-0.14098167461113564,0.125138966192423,0.2599112494059047,-0.6720673374214815,0.9266044785220964,0.4682672715682677,23.76324470530513
5,backsliding_Nyr,Y_eqprotec,Equal protection,vdem_egal_delib,instr-antiplural_w5_trt-ert_gapany_illib0p6535_opp0p6535_lrmax1_exclyr,backsliding_Nyr,129,12,0.3220056574232967,0.15050674300895645,126,12,0.03865395021506598,0.07892780598952723,0.6243192692734058,0.28045279488626207,0.8475640281552164,0.7407254959528565,27.60132333253614
5,backsliding_Nyr,Y_eqaccess,Equal access,vdem_egal_delib,instr-antiplural_w5_trt-ert_gapany_illib0p6535_opp0p6535_lrmax1_exclyr,backsliding_Nyr,129,12,0.3220056574232967,0.15050674300895645,126,12,-0.0153890267440409,0.06530751072443357,0.8137124486987637,-0.24297640404388185,0.882127679543524,0.7829754681880448,34.179976806566565
5,backsliding_Nyr,Y_eqdr,Equal distribution,vdem_egal_delib,instr-antiplural_w5_trt-ert_gapany_illib0p6535_opp0p6535_lrmax1_exclyr,backsliding_Nyr,129,12,0.3220056574232967,0.15050674300895645,126,12,-0.05891352603086317,0.05234238167232601,0.26035961546221414,-0.16364075611186646,0.3673822143214436,0.6560135666788307,20.430239210212363
5,backsliding_union_Nyr,Y_gdp_growth,PWT,growth,instr-antiplural_w5_trt-ertOrDdcg_gapany_illib0p6535_opp0p6535_lrmax1_exclyr,backsliding_union_Nyr,129,18,0.4578818051708575,0.06100985891899539,119,17,-0.25826994840844075,0.12866342955641055,0.04471454812351138,-0.41439521882675834,0.8976644968015864,0.6443415977628015,29.99918443081483
5,backsliding_union_Nyr,Y_gdp_growth_wb,World Bank,growth,instr-antiplural_w5_trt-ertOrDdcg_gapany_illib0p6535_opp0p6535_lrmax1_exclyr,backsliding_union_Nyr,129,18,0.4578818051708575,0.06100985891899539,122,18,-0.2050251493738868,0.11945987115565508,0.08611300966541938,-0.4481042955274306,1.0459250769600563,0.6683390510504063,32.00293650769153
5,backsliding_union_Nyr,Y_gdp_growth_imf,IMF WEO,growth,instr-antiplural_w5_trt-ertOrDdcg_gapany_illib0p6535_opp0p6535_lrmax1_exclyr,backsliding_union_Nyr,129,18,0.4578818051708575,0.06100985891899539,103,16,-0.21514059911776304,0.096259554578597,0.02541701139611366,-0.6943556481795128,0.933860643541098,0.4571594114059831,21.505190471973144
5,backsliding_union_Nyr,Y_inflation,"CPI, cumulative log",inflation,instr-antiplural_w5_trt-ertOrDdcg_gapany_illib0p6535_opp0p6535_lrmax1_exclyr,backsliding_union_Nyr,129,18,0.4578818051708575,0.06100985891899539,112,15,0.16220226474191002,0.2080741805934201,0.4356613504399518,0.3873265757273927,0.8691562523306197,0.6558608167032793,15.61737290887429
5,backsliding_union_Nyr,Y_unemployment,Unemployment rate,unemployment,instr-antiplural_w5_trt-ertOrDdcg_gapany_illib0p6535_opp0p6535_lrmax1_exclyr,backsliding_union_Nyr,129,18,0.4578818051708575,0.06100985891899539,95,15,1.2157647129047209,1.5177560091448885,0.4231155688633205,2.472364934514409,9.755217029391009,0.799928004547639,22.622490612246708
5,backsliding_union_Nyr,Y_trade_pct_gdp,Trade / GDP,trade,instr-antiplural_w5_trt-ertOrDdcg_gapany_illib0p6535_opp0p6535_lrmax1_exclyr,backsliding_union_Nyr,129,18,0.4578818051708575,0.06100985891899539,109,15,4.916006164723975,11.947252189343338,0.6807236205246014,19.253961455192695,88.02418918301005,0.8268565677106852,21.469508519798534
5,backsliding_union_Nyr,Y_top10_share,Top-10% income share,top10,instr-antiplural_w5_trt-ertOrDdcg_gapany_illib0p6535_opp0p6535_lrmax1_exclyr,backsliding_union_Nyr,129,18,0.4578818051708575,0.06100985891899539,114,17,-2.1158785270312572,2.6288799324667185,0.4209008629213776,-7.829728654913915,15.462717120711403,0.612602714245793,23.379911953212037
5,backsliding_union_Nyr,Y_gini_disp,Disposable,gini,instr-antiplural_w5_trt-ertOrDdcg_gapany_illib0p6535_opp0p6535_lrmax1_exclyr,backsliding_union_Nyr,129,18,0.4578818051708575,0.06100985891899539,96,13,0.914421147313864,0.7374164001162993,0.2149629495804499,1.5618227844247663,3.638456948998947,0.6677382718361409,18.332739682003055
5,backsliding_union_Nyr,Y_gini_mkt,Market,gini,instr-antiplural_w5_trt-ertOrDdcg_gapany_illib0p6535_opp0p6535_lrmax1_exclyr,backsliding_union_Nyr,129,18,0.4578818051708575,0.06100985891899539,96,13,0.8615059110157068,0.6176060930237567,0.16304249491804626,1.3901902751742456,3.3453384496484775,0.6777316890679639,19.3973638936173
5,backsliding_union_Nyr,Y_debt,Debt / GDP,fiscal,instr-antiplural_w5_trt-ertOrDdcg_gapany_illib0p6535_opp0p6535_lrmax1_exclyr,backsliding_union_Nyr,129,18,0.4578818051708575,0.06100985891899539,116,17,129.8954848002571,173.41379701883045,0.4538274862345144,119.40563309017142,640.583574852215,0.8521300461389134,27.209451471692415
5,backsliding_union_Nyr,Y_deficit,Deficit / GDP,fiscal,instr-antiplural_w5_trt-ertOrDdcg_gapany_illib0p6535_opp0p6535_lrmax1_exclyr,backsliding_union_Nyr,129,18,0.4578818051708575,0.06100985891899539,98,14,-0.4212636063931337,3.9125876071247783,0.9142584208448838,-5.891204144393696,13.659812969116732,0.6662647904452457,15.101940354176142
5,backsliding_union_Nyr,Y_checks_balances,Checks & balances,institutions,instr-antiplural_w5_trt-ertOrDdcg_gapany_illib0p6535_opp0p6535_lrmax1_exclyr,backsliding_union_Nyr,129,18,0.4578818051708575,0.06100985891899539,123,18,-0.02843543913038576,0.07043148849126163,0.6864098742055529,-0.12243670320829445,0.3768329052014727,0.7452493409454707,22.98641150847722
5,backsliding_union_Nyr,Y_jucon,Judicial constraints,institutions,instr-antiplural_w5_trt-ertOrDdcg_gapany_illib0p6535_opp0p6535_lrmax1_exclyr,backsliding_union_Nyr,129,18,0.4578818051708575,0.06100985891899539,126,18,0.04244574305416598,0.07302301203394722,0.5610616629484757,0.19201568120942325,0.4752397406629811,0.6861835892382194,24.03826354800852
5,backsliding_union_Nyr,Y_legcon,Legislative constraints,institutions,instr-antiplural_w5_trt-ertOrDdcg_gapany_illib0p6535_opp0p6535_lrmax1_exclyr,backsliding_union_Nyr,129,18,0.4578818051708575,0.06100985891899539,123,18,-0.1446753370245411,0.11073289392648988,0.1913739517014467,-0.3412107339757048,0.7745219428988289,0.6595433955938734,27.950300387770803
5,backsliding_union_Nyr,Y_hos_power,HOS,exec_power,instr-antiplural_w5_trt-ertOrDdcg_gapany_illib0p6535_opp0p6535_lrmax1_exclyr,backsliding_union_Nyr,129,18,0.4578818051708575,0.06100985891899539,126,18,-0.03864667454524815,0.0799922189513164,0.6290031340620379,-0.15217071315698624,0.4987298103405768,0.7602773958553547,26.127175017765076
5,backsliding_union_Nyr,Y_hog_power,HOG,exec_power,instr-antiplural_w5_trt-ertOrDdcg_gapany_illib0p6535_opp0p6535_lrmax1_exclyr,backsliding_union_Nyr,129,18,0.4578818051708575,0.06100985891899539,49,12,0.13266710357854816,0.24900096118619391,0.5941737257920884,0.17147856112125293,1.2834994086385023,0.8937170110924069,22.83712047967572
5,backsliding_union_Nyr,Y_hos_power_vdem,HOS (v2ex_hosw),exec_power_alt,instr-antiplural_w5_trt-ertOrDdcg_gapany_illib0p6535_opp0p6535_lrmax1_exclyr,backsliding_union_Nyr,129,18,0.4578818051708575,0.06100985891899539,126,18,0.1725847378981615,0.1799508177275895,0.3375254218766821,0.5016651303188512,1.1311417858016315,0.6574017228833484,21.35770308634855
5,backsliding_union_Nyr,Y_hog_power_vdem,HOG (v2ex_hogw),exec_power_alt,instr-antiplural_w5_trt-ertOrDdcg_gapany_illib0p6535_opp0p6535_lrmax1_exclyr,backsliding_union_Nyr,129,18,0.4578818051708575,0.06100985891899539,126,18,-0.15420481714877626,0.17021303746831828,0.36496133556418464,-0.4393719645752503,1.1751771149882144,0.7084956577375984,21.748717289796144
5,backsliding_union_Nyr,Y_polyarchy,Electoral (polyarchy),vdem_high,instr-antiplural_w5_trt-ertOrDdcg_gapany_illib0p6535_opp0p6535_lrmax1_exclyr,backsliding_union_Nyr,129,18,0.4578818051708575,0.06100985891899539,126,18,-0.12137280812129796,0.08990065455833353,0.17699127757288502,-0.30378278004178605,0.4886557575925445,0.5341586731103845,20.251426085661755
5,backsliding_union_Nyr,Y_libdem,Liberal,vdem_high,instr-antiplural_w5_trt-ertOrDdcg_gapany_illib0p6535_opp0p6535_lrmax1_exclyr,backsliding_union_Nyr,129,18,0.4578818051708575,0.06100985891899539,126,18,-0.0916337271864424,0.07253048032371201,0.20645181145944297,-0.22925896896118653,0.3905266226108206,0.5571695846759241,22.00281391784028
5,backsliding_union_Nyr,Y_partipdem,Participatory,vdem_high,instr-antiplural_w5_trt-ertOrDdcg_gapany_illib0p6535_opp0p6535_lrmax1_exclyr,backsliding_union_Nyr,129,18,0.4578818051708575,0.06100985891899539,126,18,-0.06302092788801958,0.05450016724948511,0.24754057895214016,-0.06888281942988041,0.34436092581114336,0.8414564294860137,27.92395424015113
5,backsliding_union_Nyr,Y_delibdem,Deliberative,vdem_high,instr-antiplural_w5_trt-ertOrDdcg_gapany_illib0p6535_opp0p6535_lrmax1_exclyr,backsliding_union_Nyr,129,18,0.4578818051708575,0.06100985891899539,126,18,-0.12334386859968322,0.09058503033637352,0.17331268274786166,-0.3291734912376515,0.4878405186948307,0.49983057238309375,22.28838930472335
5,backsliding_union_Nyr,Y_egaldem,Egalitarian,vdem_high,instr-antiplural_w5_trt-ertOrDdcg_gapany_illib0p6535_opp0p6535_lrmax1_exclyr,backsliding_union_Nyr,129,18,0.4578818051708575,0.06100985891899539,126,18,-0.07859657754987817,0.05878765137018294,0.18123658694930067,-0.16940418746888053,0.3305814089263277,0.6083408792611893,22.543753913024695
5,backsliding_union_Nyr,Y_elecoff,Elected officials,vdem_electoral,instr-antiplural_w5_trt-ertOrDdcg_gapany_illib0p6535_opp0p6535_lrmax1_exclyr,backsliding_union_Nyr,129,18,0.4578818051708575,0.06100985891899539,126,18,-0.04522981682467899,0.2205269349880769,0.8374949088452815,-0.01140765742929808,1.1976973866417489,0.9924005377148086,23.241937798255076
5,backsliding_union_Nyr,Y_frefair,Clean elections,vdem_electoral,instr-antiplural_w5_trt-ertOrDdcg_gapany_illib0p6535_opp0p6535_lrmax1_exclyr,backsliding_union_Nyr,129,18,0.4578818051708575,0.06100985891899539,126,18,-0.1793883522603439,0.12847448129851144,0.162625499867364,-0.5113101787868067,0.7108707981568466,0.47197272219660047,18.09283915786787
5,backsliding_union_Nyr,Y_frassoc,Association,vdem_electoral,instr-antiplural_w5_trt-ertOrDdcg_gapany_illib0p6535_opp0p6535_lrmax1_exclyr,backsliding_union_Nyr,129,18,0.4578818051708575,0.06100985891899539,126,18,-0.08543227104231729,0.09034599061887728,0.34434641881814426,-0.26668294525328207,0.6767471105543669,0.693532401313927,21.617542356868505
5,backsliding_union_Nyr,Y_suffr,Suffrage,vdem_electoral,instr-antiplural_w5_trt-ertOrDdcg_gapany_illib0p6535_opp0p6535_lrmax1_exclyr,backsliding_union_Nyr,129,18,0.4578818051708575,0.06100985891899539,126,18,-5.905434831586988e-4,6.34347114297681e-4,0.3518810294712254,-0.00199931897691098,0.00216117218840231,0.35490942022123667,15.742621819233651
5,backsliding_union_Nyr,Y_freexp,Expression & alt. info,vdem_electoral,instr-antiplural_w5_trt-ertOrDdcg_gapany_illib0p6535_opp0p6535_lrmax1_exclyr,backsliding_union_Nyr,129,18,0.4578818051708575,0.06100985891899539,126,18,-0.0830342512992792,0.09228077491172876,0.3682266364990037,-0.2251431981845768,0.4162403952234715,0.5885785504485535,19.565164298834087
5,backsliding_union_Nyr,Y_cl_rol,Rule of law,vdem_liberal,instr-antiplural_w5_trt-ertOrDdcg_gapany_illib0p6535_opp0p6535_lrmax1_exclyr,backsliding_union_Nyr,129,18,0.4578818051708575,0.06100985891899539,126,18,-0.09931618569323676,0.07527261103154996,0.18702875131633895,-0.3093403072346751,0.31399145602990003,0.32453221462869153,15.80289031618075
5,backsliding_union_Nyr,Y_cspart,Civil society,vdem_particip,instr-antiplural_w5_trt-ertOrDdcg_gapany_illib0p6535_opp0p6535_lrmax1_exclyr,backsliding_union_Nyr,129,18,0.4578818051708575,0.06100985891899539,126,18,-0.03282395167812149,0.10323899487746512,0.7505293798797463,-0.04282324124733169,0.7537498782901758,0.9546936832033394,26.42952227727627
5,backsliding_union_Nyr,Y_dd,Direct democracy,vdem_particip,instr-antiplural_w5_trt-ertOrDdcg_gapany_illib0p6535_opp0p6535_lrmax1_exclyr,backsliding_union_Nyr,129,18,0.4578818051708575,0.06100985891899539,126,18,0.03628988827320002,0.02064985699318562,0.07885105893560312,0.06760673195372867,0.2513370640006781,0.7879386789224453,23.954925543576486
5,backsliding_union_Nyr,Y_locelec,Local elections,vdem_particip,instr-antiplural_w5_trt-ertOrDdcg_gapany_illib0p6535_opp0p6535_lrmax1_exclyr,backsliding_union_Nyr,129,18,0.4578818051708575,0.06100985891899539,124,18,-0.03193958893853214,0.13873771718047012,0.8179242283865908,-0.10609308113135464,0.5826471153916621,0.8555136212221208,20.360344510041116
5,backsliding_union_Nyr,Y_regelec,Regional elections,vdem_particip,instr-antiplural_w5_trt-ertOrDdcg_gapany_illib0p6535_opp0p6535_lrmax1_exclyr,backsliding_union_Nyr,129,18,0.4578818051708575,0.06100985891899539,126,18,0.00663885344190737,0.08865843722584654,0.9403092054154504,0.03287614312631821,0.4501061981977592,0.9417736039533972,22.52526215329188
5,backsliding_union_Nyr,Y_delib,Deliberation,vdem_egal_delib,instr-antiplural_w5_trt-ertOrDdcg_gapany_illib0p6535_opp0p6535_lrmax1_exclyr,backsliding_union_Nyr,129,18,0.4578818051708575,0.06100985891899539,126,18,-0.14098167461113564,0.125138966192423,0.2599112494059047,-0.5101237060865297,0.6891540347903518,0.45916818084966143,22.7466473083076
5,backsliding_union_Nyr,Y_eqprotec,Equal protection,vdem_egal_delib,instr-antiplural_w5_trt-ertOrDdcg_gapany_illib0p6535_opp0p6535_lrmax1_exclyr,backsliding_union_Nyr,129,18,0.4578818051708575,0.06100985891899539,126,18,0.03865395021506598,0.07892780598952723,0.6243192692734058,0.14650708239139776,0.5104997534039175,0.7741218397822865,24.1654568497388
5,backsliding_union_Nyr,Y_eqaccess,Equal access,vdem_egal_delib,instr-antiplural_w5_trt-ertOrDdcg_gapany_illib0p6535_opp0p6535_lrmax1_exclyr,backsliding_union_Nyr,129,18,0.4578818051708575,0.06100985891899539,126,18,-0.0153890267440409,0.06530751072443357,0.8137124486987637,-0.04344779714452565,0.3811437397859382,0.9092431785411212,23.358452871881997
5,backsliding_union_Nyr,Y_eqdr,Equal distribution,vdem_egal_delib,instr-antiplural_w5_trt-ertOrDdcg_gapany_illib0p6535_opp0p6535_lrmax1_exclyr,backsliding_union_Nyr,129,18,0.4578818051708575,0.06100985891899539,126,18,-0.05891352603086317,0.05234238167232601,0.26035961546221414,-0.14319934741680945,0.18566592625491044,0.4405443937898621,14.529351059275028
5,polyarchy_decline,Y_gdp_growth,PWT,growth,instr-antiplural_w5_trt-polyarchy_gapany_illib0p6535_opp0p6535_lrmax1_exclyr,polyarchy_decline,126,51,0.12137280812129796,0.17699127757288502,119,45,-0.25826994840844075,0.12866342955641055,0.04471454812351138,-1.6557261020622502,2.7908420936825933,0.5529997021399718,28.130358189960667
5,polyarchy_decline,Y_gdp_growth_wb,World Bank,growth,instr-antiplural_w5_trt-polyarchy_gapany_illib0p6535_opp0p6535_lrmax1_exclyr,polyarchy_decline,126,51,0.12137280812129796,0.17699127757288502,122,48,-0.2050251493738868,0.11945987115565508,0.08611300966541938,-1.7536260151403869,3.0505610524227573,0.5653903102426044,27.80336212912909
5,polyarchy_decline,Y_gdp_growth_imf,IMF WEO,growth,instr-antiplural_w5_trt-polyarchy_gapany_illib0p6535_opp0p6535_lrmax1_exclyr,polyarchy_decline,126,51,0.12137280812129796,0.17699127757288502,103,37,-0.21514059911776304,0.096259554578597,0.02541701139611366,-3.861220307506354,10.595185067031847,0.715535737774289,28.86485993193239
5,polyarchy_decline,Y_inflation,"CPI, cumulative log",inflation,instr-antiplural_w5_trt-polyarchy_gapany_illib0p6535_opp0p6535_lrmax1_exclyr,polyarchy_decline,126,51,0.12137280812129796,0.17699127757288502,112,42,0.16220226474191002,0.2080741805934201,0.4356613504399518,4.620354739044577,16.336504675931334,0.7773117961219264,26.46076744403342
5,polyarchy_decline,Y_unemployment,Unemployment rate,unemployment,instr-antiplural_w5_trt-polyarchy_gapany_illib0p6535_opp0p6535_lrmax1_exclyr,polyarchy_decline,126,51,0.12137280812129796,0.17699127757288502,95,40,1.2157647129047209,1.5177560091448885,0.4231155688633205,8.588376122188926,21.37110426768939,0.6877807199027172,23.876153829091297
5,polyarchy_decline,Y_trade_pct_gdp,Trade / GDP,trade,instr-antiplural_w5_trt-polyarchy_gapany_illib0p6535_opp0p6535_lrmax1_exclyr,polyarchy_decline,126,51,0.12137280812129796,0.17699127757288502,109,42,4.916006164723975,11.947252189343338,0.6807236205246014,127.68741267701893,645.0376091924713,0.8430814934929161,28.96584427180135
5,polyarchy_decline,Y_top10_share,Top-10% income share,top10,instr-antiplural_w5_trt-polyarchy_gapany_illib0p6535_opp0p6535_lrmax1_exclyr,polyarchy_decline,126,51,0.12137280812129796,0.17699127757288502,114,42,-2.1158785270312572,2.6288799324667185,0.4209008629213776,-31.670882941153444,143.71475074302174,0.8255804970754536,29.324105189066927
5,polyarchy_decline,Y_gini_disp,Disposable,gini,instr-antiplural_w5_trt-polyarchy_gapany_illib0p6535_opp0p6535_lrmax1_exclyr,polyarchy_decline,126,51,0.12137280812129796,0.17699127757288502,96,38,0.914421147313864,0.7374164001162993,0.2149629495804499,10.1092595848156,17.087974751463253,0.5541179360209609,25.134768386128425
5,polyarchy_decline,Y_gini_mkt,Market,gini,instr-antiplural_w5_trt-polyarchy_gapany_illib0p6535_opp0p6535_lrmax1_exclyr,polyarchy_decline,126,51,0.12137280812129796,0.17699127757288502,96,38,0.8615059110157068,0.6176060930237567,0.16304249491804626,9.088744869769872,15.020644580749074,0.5451234871409216,25.688894267748292
5,polyarchy_decline,Y_debt,Debt / GDP,fiscal,instr-antiplural_w5_trt-polyarchy_gapany_illib0p6535_opp0p6535_lrmax1_exclyr,polyarchy_decline,126,51,0.12137280812129796,0.17699127757288502,116,45,129.8954848002571,173.41379701883045,0.4538274862345144,146.30837707937275,3200.982378397855,0.963543516644828,29.25638671484336
5,polyarchy_decline,Y_deficit,Deficit / GDP,fiscal,instr-antiplural_w5_trt-polyarchy_gapany_illib0p6535_opp0p6535_lrmax1_exclyr,polyarchy_decline,126,51,0.12137280812129796,0.17699127757288502,98,38,-0.4212636063931337,3.9125876071247783,0.9142584208448838,-11.965921080868291,62.92924621289345,0.8491925253854098,29.297570174948675
5,polyarchy_decline,Y_checks_balances,Checks & balances,institutions,instr-antiplural_w5_trt-polyarchy_gapany_illib0p6535_opp0p6535_lrmax1_exclyr,polyarchy_decline,126,51,0.12137280812129796,0.17699127757288502,123,49,-0.02843543913038576,0.07043148849126163,0.6864098742055529,-0.3490628188445144,0.8691549607445309,0.6879698030672563,23.777696215409794
5,polyarchy_decline,Y_jucon,Judicial constraints,institutions,instr-antiplural_w5_trt-polyarchy_gapany_illib0p6535_opp0p6535_lrmax1_exclyr,polyarchy_decline,126,51,0.12137280812129796,0.17699127757288502,126,51,0.04244574305416598,0.07302301203394722,0.5610616629484757,0.5206931419997043,1.4106241836409763,0.7120364099040051,21.853242445058168
5,polyarchy_decline,Y_legcon,Legislative constraints,institutions,instr-antiplural_w5_trt-polyarchy_gapany_illib0p6535_opp0p6535_lrmax1_exclyr,polyarchy_decline,126,51,0.12137280812129796,0.17699127757288502,123,49,-0.1446753370245411,0.11073289392648988,0.1913739517014467,-1.6447031764951958,1.4972757087645088,0.27200201306034577,25.970815292464913
5,polyarchy_decline,Y_hos_power,HOS,exec_power,instr-antiplural_w5_trt-polyarchy_gapany_illib0p6535_opp0p6535_lrmax1_exclyr,polyarchy_decline,126,51,0.12137280812129796,0.17699127757288502,126,51,-0.03864667454524815,0.0799922189513164,0.6290031340620379,-0.3264958897594322,1.402053478927294,0.8158625229028189,23.92535718805164
5,polyarchy_decline,Y_hog_power,HOG,exec_power,instr-antiplural_w5_trt-polyarchy_gapany_illib0p6535_opp0p6535_lrmax1_exclyr,polyarchy_decline,126,51,0.12137280812129796,0.17699127757288502,49,18,0.13266710357854816,0.24900096118619391,0.5941737257920884,0.23884946745630312,1.9827585908202616,0.9041162203611398,21.72117589686202
5,polyarchy_decline,Y_hos_power_vdem,HOS (v2ex_hosw),exec_power_alt,instr-antiplural_w5_trt-polyarchy_gapany_illib0p6535_opp0p6535_lrmax1_exclyr,polyarchy_decline,126,51,0.12137280812129796,0.17699127757288502,126,51,0.1725847378981615,0.1799508177275895,0.3375254218766821,2.822241837538616,4.319776633136649,0.5135432321490856,25.79391244924665
5,polyarchy_decline,Y_hog_power_vdem,HOG (v2ex_hogw),exec_power_alt,instr-antiplural_w5_trt-polyarchy_gapany_illib0p6535_opp0p6535_lrmax1_exclyr,polyarchy_decline,126,51,0.12137280812129796,0.17699127757288502,126,51,-0.15420481714877626,0.17021303746831828,0.36496133556418464,-2.932732369066062,4.454270451408528,0.5102752650151521,25.810449032529934
5,polyarchy_decline,Y_polyarchy,Electoral (polyarchy),vdem_high,instr-antiplural_w5_trt-polyarchy_gapany_illib0p6535_opp0p6535_lrmax1_exclyr,polyarchy_decline,126,51,0.12137280812129796,0.17699127757288502,126,51,-0.12137280812129796,0.08990065455833353,0.17699127757288502,-1,5.0033342821459036e-17,0,21.600457764058717
5,polyarchy_decline,Y_libdem,Liberal,vdem_high,instr-antiplural_w5_trt-polyarchy_gapany_illib0p6535_opp0p6535_lrmax1_exclyr,polyarchy_decline,126,51,0.12137280812129796,0.17699127757288502,126,51,-0.0916337271864424,0.07253048032371201,0.20645181145944297,-0.7215807027550123,0.4002771118997368,0.07143488951788803,25.805443159050643
5,polyarchy_decline,Y_partipdem,Participatory,vdem_high,instr-antiplural_w5_trt-polyarchy_gapany_illib0p6535_opp0p6535_lrmax1_exclyr,polyarchy_decline,126,51,0.12137280812129796,0.17699127757288502,126,51,-0.06302092788801958,0.05450016724948511,0.24754057895214016,-0.2085778406203472,1.1489167578707011,0.855941353545073,30.986505174664163
5,polyarchy_decline,Y_delibdem,Deliberative,vdem_high,instr-antiplural_w5_trt-polyarchy_gapany_illib0p6535_opp0p6535_lrmax1_exclyr,polyarchy_decline,126,51,0.12137280812129796,0.17699127757288502,126,51,-0.12334386859968322,0.09058503033637352,0.17331268274786166,-1.097466657038021,1.0109564971970022,0.2776681346778364,29.238723202033857
5,polyarchy_decline,Y_egaldem,Egalitarian,vdem_high,instr-antiplural_w5_trt-polyarchy_gapany_illib0p6535_opp0p6535_lrmax1_exclyr,polyarchy_decline,126,51,0.12137280812129796,0.17699127757288502,126,51,-0.07859657754987817,0.05878765137018294,0.18123658694930067,-0.5350446350606682,0.2473177781831621,0.03051124984172936,22.544787089483897
5,polyarchy_decline,Y_elecoff,Elected officials,vdem_electoral,instr-antiplural_w5_trt-polyarchy_gapany_illib0p6535_opp0p6535_lrmax1_exclyr,polyarchy_decline,126,51,0.12137280812129796,0.17699127757288502,126,51,-0.04522981682467899,0.2205269349880769,0.8374949088452815,1.1834236197051804,3.8839208859680663,0.7605960369731801,25.008306631853113
5,polyarchy_decline,Y_frefair,Clean elections,vdem_electoral,instr-antiplural_w5_trt-polyarchy_gapany_illib0p6535_opp0p6535_lrmax1_exclyr,polyarchy_decline,126,51,0.12137280812129796,0.17699127757288502,126,51,-0.1793883522603439,0.12847448129851144,0.162625499867364,-1.6741808340209323,0.9572779519866554,0.08030877187163842,24.365743268200752
5,polyarchy_decline,Y_frassoc,Association,vdem_electoral,instr-antiplural_w5_trt-polyarchy_gapany_illib0p6535_opp0p6535_lrmax1_exclyr,polyarchy_decline,126,51,0.12137280812129796,0.17699127757288502,126,51,-0.08543227104231729,0.09034599061887728,0.34434641881814426,-1.39530656310248,1.3867399995687388,0.31433020138239515,26.808628521185412
5,polyarchy_decline,Y_suffr,Suffrage,vdem_electoral,instr-antiplural_w5_trt-polyarchy_gapany_illib0p6535_opp0p6535_lrmax1_exclyr,polyarchy_decline,126,51,0.12137280812129796,0.17699127757288502,126,51,-5.905434831586988e-4,6.34347114297681e-4,0.3518810294712254,-0.00915004568853318,0.00966123560729266,0.34359365527349683,16.69765333756661
5,polyarchy_decline,Y_freexp,Expression & alt. info,vdem_electoral,instr-antiplural_w5_trt-polyarchy_gapany_illib0p6535_opp0p6535_lrmax1_exclyr,polyarchy_decline,126,51,0.12137280812129796,0.17699127757288502,126,51,-0.0830342512992792,0.09228077491172876,0.3682266364990037,-0.7110223433975831,0.9951518616011084,0.47492654214380353,25.921096819794172
5,polyarchy_decline,Y_cl_rol,Rule of law,vdem_liberal,instr-antiplural_w5_trt-polyarchy_gapany_illib0p6535_opp0p6535_lrmax1_exclyr,polyarchy_decline,126,51,0.12137280812129796,0.17699127757288502,126,51,-0.09931618569323676,0.07527261103154996,0.18702875131633895,-1.0093835937275917,1.190874276959397,0.3966614496047513,25.346386633136703
5,polyarchy_decline,Y_cspart,Civil society,vdem_particip,instr-antiplural_w5_trt-polyarchy_gapany_illib0p6535_opp0p6535_lrmax1_exclyr,polyarchy_decline,126,51,0.12137280812129796,0.17699127757288502,126,51,-0.03282395167812149,0.10323899487746512,0.7505293798797463,-0.8271173113869685,2.7537897913762412,0.7639056151324102,30.84613406677841
5,polyarchy_decline,Y_dd,Direct democracy,vdem_particip,instr-antiplural_w5_trt-polyarchy_gapany_illib0p6535_opp0p6535_lrmax1_exclyr,polyarchy_decline,126,51,0.12137280812129796,0.17699127757288502,126,51,0.03628988827320002,0.02064985699318562,0.07885105893560312,0.8357222720186085,1.545662300035137,0.5887221094198838,28.072100147832717
5,polyarchy_decline,Y_locelec,Local elections,vdem_particip,instr-antiplural_w5_trt-polyarchy_gapany_illib0p6535_opp0p6535_lrmax1_exclyr,polyarchy_decline,126,51,0.12137280812129796,0.17699127757288502,124,50,-0.03193958893853214,0.13873771718047012,0.8179242283865908,-0.22220972680192383,3.3522287773717845,0.9471492052253472,28.165010883444506
5,polyarchy_decline,Y_regelec,Regional elections,vdem_particip,instr-antiplural_w5_trt-polyarchy_gapany_illib0p6535_opp0p6535_lrmax1_exclyr,polyarchy_decline,126,51,0.12137280812129796,0.17699127757288502,126,51,0.00663885344190737,0.08865843722584654,0.9403092054154504,0.7480434085652711,2.0338614860456605,0.7130263456389867,26.67871702153836
5,polyarchy_decline,Y_delib,Deliberation,vdem_egal_delib,instr-antiplural_w5_trt-polyarchy_gapany_illib0p6535_opp0p6535_lrmax1_exclyr,polyarchy_decline,126,51,0.12137280812129796,0.17699127757288502,126,51,-0.14098167461113564,0.125138966192423,0.2599112494059047,-2.330654832441689,3.769455486872947,0.53637751362474,30.429198278610333
5,polyarchy_decline,Y_eqprotec,Equal protection,vdem_egal_delib,instr-antiplural_w5_trt-polyarchy_gapany_illib0p6535_opp0p6535_lrmax1_exclyr,polyarchy_decline,126,51,0.12137280812129796,0.17699127757288502,126,51,0.03865395021506598,0.07892780598952723,0.6243192692734058,1.367267665451257,4.240391286509744,0.7471201179052782,30.72918697551629
5,polyarchy_decline,Y_eqaccess,Equal access,vdem_egal_delib,instr-antiplural_w5_trt-polyarchy_gapany_illib0p6535_opp0p6535_lrmax1_exclyr,polyarchy_decline,126,51,0.12137280812129796,0.17699127757288502,126,51,-0.0153890267440409,0.06530751072443357,0.8137124486987637,-0.14149593114647946,0.9354795224915288,0.8797745858509185,22.99739210765149
5,polyarchy_decline,Y_eqdr,Equal distribution,vdem_egal_delib,instr-antiplural_w5_trt-polyarchy_gapany_illib0p6535_opp0p6535_lrmax1_exclyr,polyarchy_decline,126,51,0.12137280812129796,0.17699127757288502,126,51,-0.05891352603086317,0.05234238167232601,0.26035961546221414,-0.5280458937906038,0.8365275073794505,0.5278865264741786,25.394386031420662
6,backsliding_Nyr,Y_gdp_growth,PWT,growth,instr-antiplural_w6_trt-ert_gapany_illib0p6535_opp0p6535_lrmax1_exclyr,backsliding_Nyr,129,13,0.3350942738318065,0.13730640537249073,117,11,-0.20014077081689885,0.12935597370590804,0.12181277428192593,-0.5787818731497619,0.8363773071941593,0.48893073911602447,20.837066671185223
6,backsliding_Nyr,Y_gdp_growth_wb,World Bank,growth,instr-antiplural_w6_trt-ert_gapany_illib0p6535_opp0p6535_lrmax1_exclyr,backsliding_Nyr,129,13,0.3350942738318065,0.13730640537249073,119,12,-0.13607795335738965,0.12025731166978595,0.25782089976239414,-0.551757695141732,0.8583664770840188,0.5203540920553285,20.48091653377608
6,backsliding_Nyr,Y_gdp_growth_imf,IMF WEO,growth,instr-antiplural_w6_trt-ert_gapany_illib0p6535_opp0p6535_lrmax1_exclyr,backsliding_Nyr,129,13,0.3350942738318065,0.13730640537249073,100,11,-0.16968447964789143,0.0993716812456945,0.0877154527277632,-0.792869593060363,1.3799889403193406,0.5655971722406898,23.694568886990847
6,backsliding_Nyr,Y_inflation,"CPI, cumulative log",inflation,instr-antiplural_w6_trt-ert_gapany_illib0p6535_opp0p6535_lrmax1_exclyr,backsliding_Nyr,129,13,0.3350942738318065,0.13730640537249073,109,11,0.06994202627346319,0.2501374783873562,0.7797734030043185,0.11521696962268474,1.5379659962651495,0.9402822140320533,17.71213824182472
6,backsliding_Nyr,Y_unemployment,Unemployment rate,unemployment,instr-antiplural_w6_trt-ert_gapany_illib0p6535_opp0p6535_lrmax1_exclyr,backsliding_Nyr,129,13,0.3350942738318065,0.13730640537249073,92,11,-0.5366558144989791,1.3826682097061331,0.697919402647653,-1.4016878121244392,7.839779613956942,0.8581012339354405,24.112627027210092
6,backsliding_Nyr,Y_trade_pct_gdp,Trade / GDP,trade,instr-antiplural_w6_trt-ert_gapany_illib0p6535_opp0p6535_lrmax1_exclyr,backsliding_Nyr,129,13,0.3350942738318065,0.13730640537249073,106,10,1.7666432787980435,13.516433105206726,0.8960099709335985,-10.837086500353225,288.68186445416194,0.9700545319897598,21.508408642073075
6,backsliding_Nyr,Y_top10_share,Top-10% income share,top10,instr-antiplural_w6_trt-ert_gapany_illib0p6535_opp0p6535_lrmax1_exclyr,backsliding_Nyr,129,13,0.3350942738318065,0.13730640537249073,111,11,-0.875092052333311,2.2889167324997857,0.7022261578005391,-3.944093018082662,18.82473753915563,0.8340450604092092,26.70857192937438
6,backsliding_Nyr,Y_gini_disp,Disposable,gini,instr-antiplural_w6_trt-ert_gapany_illib0p6535_opp0p6535_lrmax1_exclyr,backsliding_Nyr,129,13,0.3350942738318065,0.13730640537249073,90,10,0.9875717534313452,1.1731929271408783,0.3999104353949703,5.347881754787421,7.440249116451797,0.4722781808043516,18.641820754220102
6,backsliding_Nyr,Y_gini_mkt,Market,gini,instr-antiplural_w6_trt-ert_gapany_illib0p6535_opp0p6535_lrmax1_exclyr,backsliding_Nyr,129,13,0.3350942738318065,0.13730640537249073,90,10,1.125813388478537,1.0767218553101072,0.29574874503081866,5.514681324543007,7.60252605801373,0.46822208770121065,18.979133123869794
6,backsliding_Nyr,Y_debt,Debt / GDP,fiscal,instr-antiplural_w6_trt-ert_gapany_illib0p6535_opp0p6535_lrmax1_exclyr,backsliding_Nyr,129,13,0.3350942738318065,0.13730640537249073,113,12,158.56713720204922,162.5998451960048,0.32946176925092924,313.3920353248541,1018.6799585832556,0.7583522958068802,24.86690816483957
6,backsliding_Nyr,Y_deficit,Deficit / GDP,fiscal,instr-antiplural_w6_trt-ert_gapany_illib0p6535_opp0p6535_lrmax1_exclyr,backsliding_Nyr,129,13,0.3350942738318065,0.13730640537249073,95,10,-1.1221398905358455,2.928218408546041,0.7015596802216888,-4.2725948802987,20.427029025286327,0.8343203758765574,24.785886223112843
6,backsliding_Nyr,Y_checks_balances,Checks & balances,institutions,instr-antiplural_w6_trt-ert_gapany_illib0p6535_opp0p6535_lrmax1_exclyr,backsliding_Nyr,129,13,0.3350942738318065,0.13730640537249073,120,13,-0.03764175390551703,0.08407616165811277,0.6543623700346874,-0.16146603716561644,0.5355462109512524,0.7630348807061942,22.52608726166568
6,backsliding_Nyr,Y_jucon,Judicial constraints,institutions,instr-antiplural_w6_trt-ert_gapany_illib0p6535_opp0p6535_lrmax1_exclyr,backsliding_Nyr,129,13,0.3350942738318065,0.13730640537249073,123,13,0.07030537729497957,0.06699797818929933,0.2940098588580967,0.43200710678539334,1.2435032504678598,0.7282823295363097,30.539937567384992
6,backsliding_Nyr,Y_legcon,Legislative constraints,institutions,instr-antiplural_w6_trt-ert_gapany_illib0p6535_opp0p6535_lrmax1_exclyr,backsliding_Nyr,129,13,0.3350942738318065,0.13730640537249073,120,13,-0.20400697293129205,0.14172304920182238,0.15001561523356996,-0.6648754176353493,0.7693757143483823,0.3874916494766374,18.13450823638844
6,backsliding_Nyr,Y_hos_power,HOS,exec_power,instr-antiplural_w6_trt-ert_gapany_illib0p6535_opp0p6535_lrmax1_exclyr,backsliding_Nyr,129,13,0.3350942738318065,0.13730640537249073,123,13,-0.03135361434824891,0.07331266229252922,0.6688915129149633,-0.1737478801247926,0.6264300258391574,0.7815021627533911,25.641251288259973
6,backsliding_Nyr,Y_hog_power,HOG,exec_power,instr-antiplural_w6_trt-ert_gapany_illib0p6535_opp0p6535_lrmax1_exclyr,backsliding_Nyr,129,13,0.3350942738318065,0.13730640537249073,44,8,0.01166181317973737,0.19261501260632197,0.9517218362388028,0.05603063903004697,0.6486308851553363,0.9311620128034228,27.82222855682022
6,backsliding_Nyr,Y_hos_power_vdem,HOS (v2ex_hosw),exec_power_alt,instr-antiplural_w6_trt-ert_gapany_illib0p6535_opp0p6535_lrmax1_exclyr,backsliding_Nyr,129,13,0.3350942738318065,0.13730640537249073,123,13,0.17090123304523522,0.18139536807978357,0.3461170140960465,0.6978908834407711,1.9100658543024664,0.7148312767978158,23.633971774267753
6,backsliding_Nyr,Y_hog_power_vdem,HOG (v2ex_hogw),exec_power_alt,instr-antiplural_w6_trt-ert_gapany_illib0p6535_opp0p6535_lrmax1_exclyr,backsliding_Nyr,129,13,0.3350942738318065,0.13730640537249073,123,13,-0.1553398688914644,0.17145042087235693,0.3649179855207031,-0.6417730012148513,1.9626500867688923,0.7436731174483702,24.00719709114652
6,backsliding_Nyr,Y_polyarchy,Electoral (polyarchy),vdem_high,instr-antiplural_w6_trt-ert_gapany_illib0p6535_opp0p6535_lrmax1_exclyr,backsliding_Nyr,129,13,0.3350942738318065,0.13730640537249073,123,13,-0.11718381670997964,0.1049875623962631,0.26434998806188453,-0.3497101174760389,0.553174978301626,0.5272645877065605,18.694314204122616
6,backsliding_Nyr,Y_libdem,Liberal,vdem_high,instr-antiplural_w6_trt-ert_gapany_illib0p6535_opp0p6535_lrmax1_exclyr,backsliding_Nyr,129,13,0.3350942738318065,0.13730640537249073,123,13,-0.08605822577425147,0.0844041542880543,0.3079196099741135,-0.23461122204908752,0.4113313575487254,0.5684265159787224,19.54493485547137
6,backsliding_Nyr,Y_partipdem,Participatory,vdem_high,instr-antiplural_w6_trt-ert_gapany_illib0p6535_opp0p6535_lrmax1_exclyr,backsliding_Nyr,129,13,0.3350942738318065,0.13730640537249073,123,13,-0.06087353108177526,0.06227627802628069,0.3283338402965341,-0.1587388776482122,0.3526869431384834,0.6526496124655345,20.875909340723293
6,backsliding_Nyr,Y_delibdem,Deliberative,vdem_high,instr-antiplural_w6_trt-ert_gapany_illib0p6535_opp0p6535_lrmax1_exclyr,backsliding_Nyr,129,13,0.3350942738318065,0.13730640537249073,123,13,-0.07872450091942025,0.11717591624673858,0.5016799461024939,-0.30272422109817126,0.7335001506734656,0.6798177248652226,22.15837157250351
6,backsliding_Nyr,Y_egaldem,Egalitarian,vdem_high,instr-antiplural_w6_trt-ert_gapany_illib0p6535_opp0p6535_lrmax1_exclyr,backsliding_Nyr,129,13,0.3350942738318065,0.13730640537249073,123,13,-0.05615776831459646,0.06818163713096388,0.4101387664623676,-0.1470219767435676,0.31368904278327003,0.639293379711912,18.569778241991383
6,backsliding_Nyr,Y_elecoff,Elected officials,vdem_electoral,instr-antiplural_w6_trt-ert_gapany_illib0p6535_opp0p6535_lrmax1_exclyr,backsliding_Nyr,129,13,0.3350942738318065,0.13730640537249073,123,13,-0.11797565821854072,0.23957997046147356,0.622417480354956,-0.4855895111838549,1.1428179472696989,0.6709056417060039,17.05618175682531
6,backsliding_Nyr,Y_frefair,Clean elections,vdem_electoral,instr-antiplural_w6_trt-ert_gapany_illib0p6535_opp0p6535_lrmax1_exclyr,backsliding_Nyr,129,13,0.3350942738318065,0.13730640537249073,123,13,-0.17273924391787238,0.14599805103474844,0.23674522710314275,-0.5563797387468842,0.7362686766760028,0.4498441527750192,15.734016163066142
6,backsliding_Nyr,Y_frassoc,Association,vdem_electoral,instr-antiplural_w6_trt-ert_gapany_illib0p6535_opp0p6535_lrmax1_exclyr,backsliding_Nyr,129,13,0.3350942738318065,0.13730640537249073,123,13,-0.102412869503632,0.10217503479642116,0.3161853395158815,-0.4374559011246509,1.0634938975255823,0.6808244002214908,25.189198016339333
6,backsliding_Nyr,Y_suffr,Suffrage,vdem_electoral,instr-antiplural_w6_trt-ert_gapany_illib0p6535_opp0p6535_lrmax1_exclyr,backsliding_Nyr,129,13,0.3350942738318065,0.13730640537249073,123,13,0.00386759358832634,0.00414903459096429,0.35125016951173843,0.017235057906794,0.01861689592165068,0.35456289162264015,15.526022647513432
6,backsliding_Nyr,Y_freexp,Expression & alt. info,vdem_electoral,instr-antiplural_w6_trt-ert_gapany_illib0p6535_opp0p6535_lrmax1_exclyr,backsliding_Nyr,129,13,0.3350942738318065,0.13730640537249073,123,13,-0.08184914529614007,0.10271640413795809,0.42554053503946127,-0.26171843068718653,0.6816253712579288,0.7010064058497407,22.664937089876577
6,backsliding_Nyr,Y_cl_rol,Rule of law,vdem_liberal,instr-antiplural_w6_trt-ert_gapany_illib0p6535_opp0p6535_lrmax1_exclyr,backsliding_Nyr,129,13,0.3350942738318065,0.13730640537249073,123,13,-0.10536612880695402,0.0833431866317307,0.20614244029469883,-0.3990310801881388,0.46489236586272575,0.3907102496369456,17.401284720551224
6,backsliding_Nyr,Y_cspart,Civil society,vdem_particip,instr-antiplural_w6_trt-ert_gapany_illib0p6535_opp0p6535_lrmax1_exclyr,backsliding_Nyr,129,13,0.3350942738318065,0.13730640537249073,123,13,-0.10372550358006352,0.08776171105038108,0.2372456655546007,-0.4729437324343567,0.9747904841144572,0.6275523893770267,23.995135097341063
6,backsliding_Nyr,Y_dd,Direct democracy,vdem_particip,instr-antiplural_w6_trt-ert_gapany_illib0p6535_opp0p6535_lrmax1_exclyr,backsliding_Nyr,129,13,0.3350942738318065,0.13730640537249073,123,13,0.0406048375734226,0.02054955691959421,0.04816076796177232,0.459902462390094,1.0728542544853117,0.668162019196589,36.30863308835094
6,backsliding_Nyr,Y_locelec,Local elections,vdem_particip,instr-antiplural_w6_trt-ert_gapany_illib0p6535_opp0p6535_lrmax1_exclyr,backsliding_Nyr,129,13,0.3350942738318065,0.13730640537249073,120,13,0.0043367746033404,0.13481574256387685,0.974337946333932,0.05471183044355882,0.8244870292064105,0.9470923053402084,26.15593455492627
6,backsliding_Nyr,Y_regelec,Regional elections,vdem_particip,instr-antiplural_w6_trt-ert_gapany_illib0p6535_opp0p6535_lrmax1_exclyr,backsliding_Nyr,129,13,0.3350942738318065,0.13730640537249073,123,13,-0.00929653926945969,0.10362477300352212,0.92851490158519,0.20026042496280347,0.8682676389469445,0.8175916471757895,29.3638270257269
6,backsliding_Nyr,Y_delib,Deliberation,vdem_egal_delib,instr-antiplural_w6_trt-ert_gapany_illib0p6535_opp0p6535_lrmax1_exclyr,backsliding_Nyr,129,13,0.3350942738318065,0.13730640537249073,123,13,-0.13230340715889516,0.14475168478445263,0.3607155125087429,-0.7677880024135952,1.5774771332915043,0.6264575193682609,30.093076909463072
6,backsliding_Nyr,Y_eqprotec,Equal protection,vdem_egal_delib,instr-antiplural_w6_trt-ert_gapany_illib0p6535_opp0p6535_lrmax1_exclyr,backsliding_Nyr,129,13,0.3350942738318065,0.13730640537249073,123,13,0.06382296318913562,0.07855430982039036,0.4165224095358011,0.26283518138415746,0.9416447512078004,0.7801500469807049,23.102391349649903
6,backsliding_Nyr,Y_eqaccess,Equal access,vdem_egal_delib,instr-antiplural_w6_trt-ert_gapany_illib0p6535_opp0p6535_lrmax1_exclyr,backsliding_Nyr,129,13,0.3350942738318065,0.13730640537249073,123,13,-0.03005507793784045,0.07606967961618856,0.6927695979802853,-0.13369479387729505,0.5294661195218239,0.8006479014900777,22.764599765035467
6,backsliding_Nyr,Y_eqdr,Equal distribution,vdem_egal_delib,instr-antiplural_w6_trt-ert_gapany_illib0p6535_opp0p6535_lrmax1_exclyr,backsliding_Nyr,129,13,0.3350942738318065,0.13730640537249073,123,13,-0.02261618939109149,0.06042023240759575,0.7081700954517692,0.0144873727120514,0.39109571521329184,0.9704506913952676,25.847840048155884
6,backsliding_union_Nyr,Y_gdp_growth,PWT,growth,instr-antiplural_w6_trt-ertOrDdcg_gapany_illib0p6535_opp0p6535_lrmax1_exclyr,backsliding_union_Nyr,129,18,0.4578818051708575,0.06100985891899539,117,16,-0.20014077081689885,0.12935597370590804,0.12181277428192593,-0.16723242814143596,0.6590139092192945,0.7996797364625301,27.1816767988418
6,backsliding_union_Nyr,Y_gdp_growth_wb,World Bank,growth,instr-antiplural_w6_trt-ertOrDdcg_gapany_illib0p6535_opp0p6535_lrmax1_exclyr,backsliding_union_Nyr,129,18,0.4578818051708575,0.06100985891899539,119,17,-0.13607795335738965,0.12025731166978595,0.25782089976239414,-0.17443469575307727,1.2465178015348557,0.888709301776884,33.94173753983863
6,backsliding_union_Nyr,Y_gdp_growth_imf,IMF WEO,growth,instr-antiplural_w6_trt-ertOrDdcg_gapany_illib0p6535_opp0p6535_lrmax1_exclyr,backsliding_union_Nyr,129,18,0.4578818051708575,0.06100985891899539,100,15,-0.16968447964789143,0.0993716812456945,0.0877154527277632,-0.5176066798603618,0.7419788934230991,0.48542552358855073,21.16459949354017
6,backsliding_union_Nyr,Y_inflation,"CPI, cumulative log",inflation,instr-antiplural_w6_trt-ertOrDdcg_gapany_illib0p6535_opp0p6535_lrmax1_exclyr,backsliding_union_Nyr,129,18,0.4578818051708575,0.06100985891899539,109,14,0.06994202627346319,0.2501374783873562,0.7797734030043185,0.13945030446622364,0.9183840984068916,0.8793106736439893,16.87248929012981
6,backsliding_union_Nyr,Y_unemployment,Unemployment rate,unemployment,instr-antiplural_w6_trt-ertOrDdcg_gapany_illib0p6535_opp0p6535_lrmax1_exclyr,backsliding_union_Nyr,129,18,0.4578818051708575,0.06100985891899539,92,15,-0.5366558144989791,1.3826682097061331,0.697919402647653,-1.3008176804093476,6.188901764900423,0.833522862259642,23.60794118531199
6,backsliding_union_Nyr,Y_trade_pct_gdp,Trade / GDP,trade,instr-antiplural_w6_trt-ertOrDdcg_gapany_illib0p6535_opp0p6535_lrmax1_exclyr,backsliding_union_Nyr,129,18,0.4578818051708575,0.06100985891899539,106,14,1.7666432787980435,13.516433105206726,0.8960099709335985,7.086769694275739,74.91056283388144,0.9246301062336882,18.50965484229028
6,backsliding_union_Nyr,Y_top10_share,Top-10% income share,top10,instr-antiplural_w6_trt-ertOrDdcg_gapany_illib0p6535_opp0p6535_lrmax1_exclyr,backsliding_union_Nyr,129,18,0.4578818051708575,0.06100985891899539,111,16,-0.875092052333311,2.2889167324997857,0.7022261578005391,-4.68642486712384,12.62960951075534,0.7105880094392434,23.207848554159018
6,backsliding_union_Nyr,Y_gini_disp,Disposable,gini,instr-antiplural_w6_trt-ertOrDdcg_gapany_illib0p6535_opp0p6535_lrmax1_exclyr,backsliding_union_Nyr,129,18,0.4578818051708575,0.06100985891899539,90,13,0.9875717534313452,1.1731929271408783,0.3999104353949703,2.4529461017875613,4.249389451420888,0.5637728036605407,16.58265110098037
6,backsliding_union_Nyr,Y_gini_mkt,Market,gini,instr-antiplural_w6_trt-ertOrDdcg_gapany_illib0p6535_opp0p6535_lrmax1_exclyr,backsliding_union_Nyr,129,18,0.4578818051708575,0.06100985891899539,90,13,1.125813388478537,1.0767218553101072,0.29574874503081866,2.92767467082065,4.305114424164361,0.4964755073133593,17.375284189722514
6,backsliding_union_Nyr,Y_debt,Debt / GDP,fiscal,instr-antiplural_w6_trt-ertOrDdcg_gapany_illib0p6535_opp0p6535_lrmax1_exclyr,backsliding_union_Nyr,129,18,0.4578818051708575,0.06100985891899539,113,16,158.56713720204922,162.5998451960048,0.32946176925092924,175.29983838390717,614.931828807312,0.7755889910198409,26.601509667401853
6,backsliding_union_Nyr,Y_deficit,Deficit / GDP,fiscal,instr-antiplural_w6_trt-ertOrDdcg_gapany_illib0p6535_opp0p6535_lrmax1_exclyr,backsliding_union_Nyr,129,18,0.4578818051708575,0.06100985891899539,95,13,-1.1221398905358455,2.928218408546041,0.7015596802216888,-4.10134169649275,8.842335548251853,0.642769450674604,13.47972019310429
6,backsliding_union_Nyr,Y_checks_balances,Checks & balances,institutions,instr-antiplural_w6_trt-ertOrDdcg_gapany_illib0p6535_opp0p6535_lrmax1_exclyr,backsliding_union_Nyr,129,18,0.4578818051708575,0.06100985891899539,120,18,-0.03764175390551703,0.08407616165811277,0.6543623700346874,-0.15126067216651817,0.4475468723917081,0.7353803133994633,22.85451540284356
6,backsliding_union_Nyr,Y_jucon,Judicial constraints,institutions,instr-antiplural_w6_trt-ertOrDdcg_gapany_illib0p6535_opp0p6535_lrmax1_exclyr,backsliding_union_Nyr,129,18,0.4578818051708575,0.06100985891899539,123,18,0.07030537729497957,0.06699797818929933,0.2940098588580967,0.3192135154304967,0.5547906266742008,0.5650366616750352,22.914191576136147
6,backsliding_union_Nyr,Y_legcon,Legislative constraints,institutions,instr-antiplural_w6_trt-ertOrDdcg_gapany_illib0p6535_opp0p6535_lrmax1_exclyr,backsliding_union_Nyr,129,18,0.4578818051708575,0.06100985891899539,120,18,-0.20400697293129205,0.14172304920182238,0.15001561523356996,-0.6002314569739993,0.7807839167234873,0.4420388306018176,21.222352975139277
6,backsliding_union_Nyr,Y_hos_power,HOS,exec_power,instr-antiplural_w6_trt-ertOrDdcg_gapany_illib0p6535_opp0p6535_lrmax1_exclyr,backsliding_union_Nyr,129,18,0.4578818051708575,0.06100985891899539,123,18,-0.03135361434824891,0.07331266229252922,0.6688915129149633,-0.1430395074145682,0.49564551594111256,0.772893345406525,26.976648447831572
6,backsliding_union_Nyr,Y_hog_power,HOG,exec_power,instr-antiplural_w6_trt-ertOrDdcg_gapany_illib0p6535_opp0p6535_lrmax1_exclyr,backsliding_union_Nyr,129,18,0.4578818051708575,0.06100985891899539,44,12,0.01166181317973737,0.19261501260632197,0.9517218362388028,13.76023988456209,49.17599854329794,0.7796185402725966,28.049678258537845
6,backsliding_union_Nyr,Y_hos_power_vdem,HOS (v2ex_hosw),exec_power_alt,instr-antiplural_w6_trt-ertOrDdcg_gapany_illib0p6535_opp0p6535_lrmax1_exclyr,backsliding_union_Nyr,129,18,0.4578818051708575,0.06100985891899539,123,18,0.17090123304523522,0.18139536807978357,0.3461170140960465,0.5019584746350132,1.1013072272287856,0.6485451400800912,21.087663824303235
6,backsliding_union_Nyr,Y_hog_power_vdem,HOG (v2ex_hogw),exec_power_alt,instr-antiplural_w6_trt-ertOrDdcg_gapany_illib0p6535_opp0p6535_lrmax1_exclyr,backsliding_union_Nyr,129,18,0.4578818051708575,0.06100985891899539,123,18,-0.1553398688914644,0.17145042087235693,0.3649179855207031,-0.4405189534079891,1.167152782115872,0.7058537709912229,21.674808060823185
6,backsliding_union_Nyr,Y_polyarchy,Electoral (polyarchy),vdem_high,instr-antiplural_w6_trt-ertOrDdcg_gapany_illib0p6535_opp0p6535_lrmax1_exclyr,backsliding_union_Nyr,129,18,0.4578818051708575,0.06100985891899539,123,18,-0.11718381670997964,0.1049875623962631,0.26434998806188453,-0.19300410564092277,0.7758334146906638,0.8035386712346475,30.94749653776713
6,backsliding_union_Nyr,Y_libdem,Liberal,vdem_high,instr-antiplural_w6_trt-ertOrDdcg_gapany_illib0p6535_opp0p6535_lrmax1_exclyr,backsliding_union_Nyr,129,18,0.4578818051708575,0.06100985891899539,123,18,-0.08605822577425147,0.0844041542880543,0.3079196099741135,-0.14033035124443935,0.5184763539207679,0.7866532246842878,28.724211894461767
6,backsliding_union_Nyr,Y_partipdem,Participatory,vdem_high,instr-antiplural_w6_trt-ertOrDdcg_gapany_illib0p6535_opp0p6535_lrmax1_exclyr,backsliding_union_Nyr,129,18,0.4578818051708575,0.06100985891899539,123,18,-0.06087353108177526,0.06227627802628069,0.3283338402965341,-0.09936454776295955,0.37407206102898866,0.7905246189552638,28.249350404923405
6,backsliding_union_Nyr,Y_delibdem,Deliberative,vdem_high,instr-antiplural_w6_trt-ertOrDdcg_gapany_illib0p6535_opp0p6535_lrmax1_exclyr,backsliding_union_Nyr,129,18,0.4578818051708575,0.06100985891899539,123,18,-0.07872450091942025,0.11717591624673858,0.5016799461024939,-0.2455277318030097,0.6516910926560413,0.7063558516360886,24.987975903343116
6,backsliding_union_Nyr,Y_egaldem,Egalitarian,vdem_high,instr-antiplural_w6_trt-ertOrDdcg_gapany_illib0p6535_opp0p6535_lrmax1_exclyr,backsliding_union_Nyr,129,18,0.4578818051708575,0.06100985891899539,123,18,-0.05615776831459646,0.06818163713096388,0.4101387664623676,-0.0986384037295414,0.33284121183852017,0.7669607162505314,23.588336833226887
6,backsliding_union_Nyr,Y_elecoff,Elected officials,vdem_electoral,instr-antiplural_w6_trt-ertOrDdcg_gapany_illib0p6535_opp0p6535_lrmax1_exclyr,backsliding_union_Nyr,129,18,0.4578818051708575,0.06100985891899539,123,18,-0.11797565821854072,0.23957997046147356,0.622417480354956,0.08771805704642431,1.2217184328277886,0.9427619368624428,23.784481035119335
6,backsliding_union_Nyr,Y_frefair,Clean elections,vdem_electoral,instr-antiplural_w6_trt-ertOrDdcg_gapany_illib0p6535_opp0p6535_lrmax1_exclyr,backsliding_union_Nyr,129,18,0.4578818051708575,0.06100985891899539,123,18,-0.17273924391787238,0.14599805103474844,0.23674522710314275,-0.37749353016811416,0.7565939792459134,0.6178230222714369,20.30761279273878
6,backsliding_union_Nyr,Y_frassoc,Association,vdem_electoral,instr-antiplural_w6_trt-ertOrDdcg_gapany_illib0p6535_opp0p6535_lrmax1_exclyr,backsliding_union_Nyr,129,18,0.4578818051708575,0.06100985891899539,123,18,-0.102412869503632,0.10217503479642116,0.3161853395158815,-0.30230145774577993,0.7141787019895672,0.6720870041016396,21.858838884459477
6,backsliding_union_Nyr,Y_suffr,Suffrage,vdem_electoral,instr-antiplural_w6_trt-ertOrDdcg_gapany_illib0p6535_opp0p6535_lrmax1_exclyr,backsliding_union_Nyr,129,18,0.4578818051708575,0.06100985891899539,123,18,0.00386759358832634,0.00414903459096429,0.35125016951173843,0.00981726808821979,0.03915196208866362,0.802009107261562,27.916980906918116
6,backsliding_union_Nyr,Y_freexp,Expression & alt. info,vdem_electoral,instr-antiplural_w6_trt-ertOrDdcg_gapany_illib0p6535_opp0p6535_lrmax1_exclyr,backsliding_union_Nyr,129,18,0.4578818051708575,0.06100985891899539,123,18,-0.08184914529614007,0.10271640413795809,0.42554053503946127,-0.2448996293060769,0.38778120274831457,0.5276870173507054,17.49588863224527
6,backsliding_union_Nyr,Y_cl_rol,Rule of law,vdem_liberal,instr-antiplural_w6_trt-ertOrDdcg_gapany_illib0p6535_opp0p6535_lrmax1_exclyr,backsliding_union_Nyr,129,18,0.4578818051708575,0.06100985891899539,123,18,-0.10536612880695402,0.0833431866317307,0.20614244029469883,-0.3155123801533645,0.33103134570745785,0.34052960447871244,15.919536289711427
6,backsliding_union_Nyr,Y_cspart,Civil society,vdem_particip,instr-antiplural_w6_trt-ertOrDdcg_gapany_illib0p6535_opp0p6535_lrmax1_exclyr,backsliding_union_Nyr,129,18,0.4578818051708575,0.06100985891899539,123,18,-0.10372550358006352,0.08776171105038108,0.2372456655546007,-0.3224007784222922,0.6773396242607905,0.6340879280172855,22.64974279489464
6,backsliding_union_Nyr,Y_dd,Direct democracy,vdem_particip,instr-antiplural_w6_trt-ertOrDdcg_gapany_illib0p6535_opp0p6535_lrmax1_exclyr,backsliding_union_Nyr,129,18,0.4578818051708575,0.06100985891899539,123,18,0.0406048375734226,0.02054955691959421,0.04816076796177232,0.07347476334984719,0.27589832517381085,0.7899996896444188,24.14506793026608
6,backsliding_union_Nyr,Y_locelec,Local elections,vdem_particip,instr-antiplural_w6_trt-ertOrDdcg_gapany_illib0p6535_opp0p6535_lrmax1_exclyr,backsliding_union_Nyr,129,18,0.4578818051708575,0.06100985891899539,120,18,0.0043367746033404,0.13481574256387685,0.974337946333932,-0.00941280362489667,0.6472735328047396,0.988397384406906,23.508833990641044
6,backsliding_union_Nyr,Y_regelec,Regional elections,vdem_particip,instr-antiplural_w6_trt-ertOrDdcg_gapany_illib0p6535_opp0p6535_lrmax1_exclyr,backsliding_union_Nyr,129,18,0.4578818051708575,0.06100985891899539,123,18,-0.00929653926945969,0.10362477300352212,0.92851490158519,-0.05610072430676131,0.5184349907963101,0.9138277755008816,21.59967598615484
6,backsliding_union_Nyr,Y_delib,Deliberation,vdem_egal_delib,instr-antiplural_w6_trt-ertOrDdcg_gapany_illib0p6535_opp0p6535_lrmax1_exclyr,backsliding_union_Nyr,129,18,0.4578818051708575,0.06100985891899539,123,18,-0.13230340715889516,0.14475168478445263,0.3607155125087429,-0.4785680776988459,0.852967408791987,0.5747548904139334,22.53861838796179
6,backsliding_union_Nyr,Y_eqprotec,Equal protection,vdem_egal_delib,instr-antiplural_w6_trt-ertOrDdcg_gapany_illib0p6535_opp0p6535_lrmax1_exclyr,backsliding_union_Nyr,129,18,0.4578818051708575,0.06100985891899539,123,18,0.06382296318913562,0.07855430982039036,0.4165224095358011,0.2917737309904071,0.8298548019937136,0.7251411732256533,26.17964652574223
6,backsliding_union_Nyr,Y_eqaccess,Equal access,vdem_egal_delib,instr-antiplural_w6_trt-ertOrDdcg_gapany_illib0p6535_opp0p6535_lrmax1_exclyr,backsliding_union_Nyr,129,18,0.4578818051708575,0.06100985891899539,123,18,-0.03005507793784045,0.07606967961618856,0.6927695979802853,-0.19748683108287904,0.5764366775658926,0.7318998910905836,29.39334984474156
6,backsliding_union_Nyr,Y_eqdr,Equal distribution,vdem_egal_delib,instr-antiplural_w6_trt-ertOrDdcg_gapany_illib0p6535_opp0p6535_lrmax1_exclyr,backsliding_union_Nyr,129,18,0.4578818051708575,0.06100985891899539,123,18,-0.02261618939109149,0.06042023240759575,0.7081700954517692,-0.06034370976321153,0.21506810378887645,0.7790329101295828,18.16985742882819
6,polyarchy_decline,Y_gdp_growth,PWT,growth,instr-antiplural_w6_trt-polyarchy_gapany_illib0p6535_opp0p6535_lrmax1_exclyr,polyarchy_decline,123,45,0.11718381670997964,0.26434998806188453,117,41,-0.20014077081689885,0.12935597370590804,0.12181277428192593,-2.231032766340602,3.7916025985444057,0.5562543164397006,25.04505825503703
6,polyarchy_decline,Y_gdp_growth_wb,World Bank,growth,instr-antiplural_w6_trt-polyarchy_gapany_illib0p6535_opp0p6535_lrmax1_exclyr,polyarchy_decline,123,45,0.11718381670997964,0.26434998806188453,119,42,-0.13607795335738965,0.12025731166978595,0.25782089976239414,-1.7397121794627326,3.1607501172971157,0.582037386997815,25.43878305804681
6,polyarchy_decline,Y_gdp_growth_imf,IMF WEO,growth,instr-antiplural_w6_trt-polyarchy_gapany_illib0p6535_opp0p6535_lrmax1_exclyr,polyarchy_decline,123,45,0.11718381670997964,0.26434998806188453,100,34,-0.16968447964789143,0.0993716812456945,0.0877154527277632,-4.3162848348797205,31.978471423368863,0.8926318715981257,29.78731100274807
6,polyarchy_decline,Y_inflation,"CPI, cumulative log",inflation,instr-antiplural_w6_trt-polyarchy_gapany_illib0p6535_opp0p6535_lrmax1_exclyr,polyarchy_decline,123,45,0.11718381670997964,0.26434998806188453,109,37,0.06994202627346319,0.2501374783873562,0.7797734030043185,2.2893134007851828,53.369013114294845,0.9657844939014272,25.32713802158553
6,polyarchy_decline,Y_unemployment,Unemployment rate,unemployment,instr-antiplural_w6_trt-polyarchy_gapany_illib0p6535_opp0p6535_lrmax1_exclyr,polyarchy_decline,123,45,0.11718381670997964,0.26434998806188453,92,36,-0.5366558144989791,1.3826682097061331,0.697919402647653,43.312350688313416,176.94344006282955,0.8066261879267287,29.333554388947288
6,polyarchy_decline,Y_trade_pct_gdp,Trade / GDP,trade,instr-antiplural_w6_trt-polyarchy_gapany_illib0p6535_opp0p6535_lrmax1_exclyr,polyarchy_decline,123,45,0.11718381670997964,0.26434998806188453,106,36,1.7666432787980435,13.516433105206726,0.8960099709335985,56.766986826623054,490.40903150694066,0.9078472174742536,24.504246998204263
6,polyarchy_decline,Y_top10_share,Top-10% income share,top10,instr-antiplural_w6_trt-polyarchy_gapany_illib0p6535_opp0p6535_lrmax1_exclyr,polyarchy_decline,123,45,0.11718381670997964,0.26434998806188453,111,38,-0.875092052333311,2.2889167324997857,0.7022261578005391,-21.747668703373886,134.6575444386982,0.8716968316951552,26.211023677527525
6,polyarchy_decline,Y_gini_disp,Disposable,gini,instr-antiplural_w6_trt-polyarchy_gapany_illib0p6535_opp0p6535_lrmax1_exclyr,polyarchy_decline,123,45,0.11718381670997964,0.26434998806188453,90,31,0.9875717534313452,1.1731929271408783,0.3999104353949703,13.65618791959333,45.52809378055177,0.7642146883530593,21.261539220604412
6,polyarchy_decline,Y_gini_mkt,Market,gini,instr-antiplural_w6_trt-polyarchy_gapany_illib0p6535_opp0p6535_lrmax1_exclyr,polyarchy_decline,123,45,0.11718381670997964,0.26434998806188453,90,31,1.125813388478537,1.0767218553101072,0.29574874503081866,17.9648829917626,51.6051613755934,0.7277486937861417,22.904211698730503
6,polyarchy_decline,Y_debt,Debt / GDP,fiscal,instr-antiplural_w6_trt-polyarchy_gapany_illib0p6535_opp0p6535_lrmax1_exclyr,polyarchy_decline,123,45,0.11718381670997964,0.26434998806188453,113,39,158.56713720204922,162.5998451960048,0.32946176925092924,901.3139985669792,5393.47652451797,0.867282019036173,30.462073399634352
6,polyarchy_decline,Y_deficit,Deficit / GDP,fiscal,instr-antiplural_w6_trt-polyarchy_gapany_illib0p6535_opp0p6535_lrmax1_exclyr,polyarchy_decline,123,45,0.11718381670997964,0.26434998806188453,95,35,-1.1221398905358455,2.928218408546041,0.7015596802216888,-18.059720728105205,76.01283738824328,0.8122008350079053,23.101240513155354
6,polyarchy_decline,Y_checks_balances,Checks & balances,institutions,instr-antiplural_w6_trt-polyarchy_gapany_illib0p6535_opp0p6535_lrmax1_exclyr,polyarchy_decline,123,45,0.11718381670997964,0.26434998806188453,120,45,-0.03764175390551703,0.08407616165811277,0.6543623700346874,-0.7612813664259434,1.7358476299184789,0.6609770333852878,25.635351980833168
6,polyarchy_decline,Y_jucon,Judicial constraints,institutions,instr-antiplural_w6_trt-polyarchy_gapany_illib0p6535_opp0p6535_lrmax1_exclyr,polyarchy_decline,123,45,0.11718381670997964,0.26434998806188453,123,45,0.07030537729497957,0.06699797818929933,0.2940098588580967,1.2794032079192486,2.8289187768611246,0.65108260462794465,21.79530368353678
6,polyarchy_decline,Y_legcon,Legislative constraints,institutions,instr-antiplural_w6_trt-polyarchy_gapany_illib0p6535_opp0p6535_lrmax1_exclyr,polyarchy_decline,123,45,0.11718381670997964,0.26434998806188453,120,45,-0.20400697293129205,0.14172304920182238,0.15001561523356996,-2.56537552084356,2.7955924124960405,0.3588021053018388,22.32483523232054
6,polyarchy_decline,Y_hos_power,HOS,exec_power,instr-antiplural_w6_trt-polyarchy_gapany_illib0p6535_opp0p6535_lrmax1_exclyr,polyarchy_decline,123,45,0.11718381670997964,0.26434998806188453,123,45,-0.03135361434824891,0.07331266229252922,0.6688915129149633,-0.4368811932859899,2.038818017605671,0.8303274634379509,24.08369246378684
6,polyarchy_decline,Y_hog_power,HOG,exec_power,instr-antiplural_w6_trt-polyarchy_gapany_illib0p6535_opp0p6535_lrmax1_exclyr,polyarchy_decline,123,45,0.11718381670997964,0.26434998806188453,44,14,0.01166181317973737,0.19261501260632197,0.9517218362388028,230.11840116238855,607.0778425355894,0.704643952168525,26.65628779273608
6,polyarchy_decline,Y_hos_power_vdem,HOS (v2ex_hosw),exec_power_alt,instr-antiplural_w6_trt-polyarchy_gapany_illib0p6535_opp0p6535_lrmax1_exclyr,polyarchy_decline,123,45,0.11718381670997964,0.26434998806188453,123,45,0.17090123304523522,0.18139536807978357,0.3461170140960465,1.683020835095734,5.576748394512845,0.7628102492458918,23.46710904547743
6,polyarchy_decline,Y_hog_power_vdem,HOG (v2ex_hogw),exec_power_alt,instr-antiplural_w6_trt-polyarchy_gapany_illib0p6535_opp0p6535_lrmax1_exclyr,polyarchy_decline,123,45,0.11718381670997964,0.26434998806188453,123,45,-0.1553398688914644,0.17145042087235693,0.3649179855207031,-1.1783581567480852,4.670160970855373,0.8007965205224927,20.966145913865734
6,polyarchy_decline,Y_polyarchy,Electoral (polyarchy),vdem_high,instr-antiplural_w6_trt-polyarchy_gapany_illib0p6535_opp0p6535_lrmax1_exclyr,polyarchy_decline,123,45,0.11718381670997964,0.26434998806188453,123,45,-0.11718381670997964,0.1049875623962631,0.26434998806188453,-1,3.374341506137015e-16,0,24.024165456514737
6,polyarchy_decline,Y_libdem,Liberal,vdem_high,instr-antiplural_w6_trt-polyarchy_gapany_illib0p6535_opp0p6535_lrmax1_exclyr,polyarchy_decline,123,45,0.11718381670997964,0.26434998806188453,123,45,-0.08605822577425147,0.0844041542880543,0.3079196099741135,-0.7136316476944423,0.4648339573482827,0.12472490575466012,23.14909319054469
6,polyarchy_decline,Y_partipdem,Participatory,vdem_high,instr-antiplural_w6_trt-polyarchy_gapany_illib0p6535_opp0p6535_lrmax1_exclyr,polyarchy_decline,123,45,0.11718381670997964,0.26434998806188453,123,45,-0.06087353108177526,0.06227627802628069,0.3283338402965341,-0.5356992057498599,0.7073432717753219,0.44884631751678034,25.898186889030363
6,polyarchy_decline,Y_delibdem,Deliberative,vdem_high,instr-antiplural_w6_trt-polyarchy_gapany_illib0p6535_opp0p6535_lrmax1_exclyr,polyarchy_decline,123,45,0.11718381670997964,0.26434998806188453,123,45,-0.07872450091942025,0.11717591624673858,0.5016799461024939,-1.026978073792287,1.0755364743685036,0.33965258397605197,25.13936681464704
6,polyarchy_decline,Y_egaldem,Egalitarian,vdem_high,instr-antiplural_w6_trt-polyarchy_gapany_illib0p6535_opp0p6535_lrmax1_exclyr,polyarchy_decline,123,45,0.11718381670997964,0.26434998806188453,123,45,-0.05615776831459646,0.06818163713096388,0.4101387664623676,-0.3445929428768101,0.7562706018592061,0.6486433529329931,23.979451652838396
6,polyarchy_decline,Y_elecoff,Elected officials,vdem_electoral,instr-antiplural_w6_trt-polyarchy_gapany_illib0p6535_opp0p6535_lrmax1_exclyr,polyarchy_decline,123,45,0.11718381670997964,0.26434998806188453,123,45,-0.11797565821854072,0.23957997046147356,0.622417480354956,-0.2110344269651125,4.001259863493139,0.9579374785486428,22.818562672309056
6,polyarchy_decline,Y_frefair,Clean elections,vdem_electoral,instr-antiplural_w6_trt-polyarchy_gapany_illib0p6535_opp0p6535_lrmax1_exclyr,polyarchy_decline,123,45,0.11718381670997964,0.26434998806188453,123,45,-0.17273924391787238,0.14599805103474844,0.23674522710314275,-1.5776642316502874,1.6934572837680435,0.35153124698652227,25.80109026175593
6,polyarchy_decline,Y_frassoc,Association,vdem_electoral,instr-antiplural_w6_trt-polyarchy_gapany_illib0p6535_opp0p6535_lrmax1_exclyr,polyarchy_decline,123,45,0.11718381670997964,0.26434998806188453,123,45,-0.102412869503632,0.10217503479642116,0.3161853395158815,-1.421368722803439,2.0964973608197264,0.4977887770564918,24.73873328233871
6,polyarchy_decline,Y_suffr,Suffrage,vdem_electoral,instr-antiplural_w6_trt-polyarchy_gapany_illib0p6535_opp0p6535_lrmax1_exclyr,polyarchy_decline,123,45,0.11718381670997964,0.26434998806188453,123,45,0.00386759358832634,0.00414903459096429,0.35125016951173843,0.03403550137442064,0.10929021816151507,0.7554789754306944,21.389280734145075
6,polyarchy_decline,Y_freexp,Expression & alt. info,vdem_electoral,instr-antiplural_w6_trt-polyarchy_gapany_illib0p6535_opp0p6535_lrmax1_exclyr,polyarchy_decline,123,45,0.11718381670997964,0.26434998806188453,123,45,-0.08184914529614007,0.10271640413795809,0.42554053503946127,-0.8730991816322172,1.637261855102924,0.5938481489708433,25.855815850418335
6,polyarchy_decline,Y_cl_rol,Rule of law,vdem_liberal,instr-antiplural_w6_trt-polyarchy_gapany_illib0p6535_opp0p6535_lrmax1_exclyr,polyarchy_decline,123,45,0.11718381670997964,0.26434998806188453,123,45,-0.10536612880695402,0.0833431866317307,0.20614244029469883,-1.164143231930935,2.1468285612596083,0.5876381312827814,25.894376435771367
6,polyarchy_decline,Y_cspart,Civil society,vdem_particip,instr-antiplural_w6_trt-polyarchy_gapany_illib0p6535_opp0p6535_lrmax1_exclyr,polyarchy_decline,123,45,0.11718381670997964,0.26434998806188453,123,45,-0.10372550358006352,0.08776171105038108,0.2372456655546007,-1.8658398561981129,9.957035988921202,0.8513555804904795,28.85927673382708
6,polyarchy_decline,Y_dd,Direct democracy,vdem_particip,instr-antiplural_w6_trt-polyarchy_gapany_illib0p6535_opp0p6535_lrmax1_exclyr,polyarchy_decline,123,45,0.11718381670997964,0.26434998806188453,123,45,0.0406048375734226,0.02054955691959421,0.04816076796177232,0.4834082101228244,1.41255194178407,0.7321828394764722,24.29245688434726
6,polyarchy_decline,Y_locelec,Local elections,vdem_particip,instr-antiplural_w6_trt-polyarchy_gapany_illib0p6535_opp0p6535_lrmax1_exclyr,polyarchy_decline,123,45,0.11718381670997964,0.26434998806188453,120,44,0.0043367746033404,0.13481574256387685,0.974337946333932,0.2502586273260078,5.400312612730728,0.9630380566453915,27.643100341087305
6,polyarchy_decline,Y_regelec,Regional elections,vdem_particip,instr-antiplural_w6_trt-polyarchy_gapany_illib0p6535_opp0p6535_lrmax1_exclyr,polyarchy_decline,123,45,0.11718381670997964,0.26434998806188453,123,45,-0.00929653926945969,0.10362477300352212,0.92851490158519,0.46806895863123793,3.139432262522614,0.881479851145473,26.505415493840747
6,polyarchy_decline,Y_delib,Deliberation,vdem_egal_delib,instr-antiplural_w6_trt-polyarchy_gapany_illib0p6535_opp0p6535_lrmax1_exclyr,polyarchy_decline,123,45,0.11718381670997964,0.26434998806188453,123,45,-0.13230340715889516,0.14475168478445263,0.3607155125087429,-2.4044716054323505,5.169211393126717,0.641822251364818,26.68416788019743
6,polyarchy_decline,Y_eqprotec,Equal protection,vdem_egal_delib,instr-antiplural_w6_trt-polyarchy_gapany_illib0p6535_opp0p6535_lrmax1_exclyr,polyarchy_decline,123,45,0.11718381670997964,0.26434998806188453,123,45,0.06382296318913562,0.07855430982039036,0.4165224095358011,1.9725207805245768,15.921079291613763,0.9013994730616977,29.91990766527062
6,polyarchy_decline,Y_eqaccess,Equal access,vdem_egal_delib,instr-antiplural_w6_trt-polyarchy_gapany_illib0p6535_opp0p6535_lrmax1_exclyr,polyarchy_decline,123,45,0.11718381670997964,0.26434998806188453,123,45,-0.03005507793784045,0.07606967961618856,0.6927695979802853,-0.4570307135375933,1.78774884492936,0.7982242506176115,24.229036888004423
6,polyarchy_decline,Y_eqdr,Equal distribution,vdem_egal_delib,instr-antiplural_w6_trt-polyarchy_gapany_illib0p6535_opp0p6535_lrmax1_exclyr,polyarchy_decline,123,45,0.11718381670997964,0.26434998806188453,123,45,-0.02261618939109149,0.06042023240759575,0.7081700954517692,-0.16327462860017128,0.7815733613823651,0.8345223553572302,22.620136210150417
7,backsliding_Nyr,Y_gdp_growth,PWT,growth,instr-antiplural_w7_trt-ert_gapany_illib0p6535_opp0p6535_lrmax1_exclyr,backsliding_Nyr,129,15,0.3735796018276414,0.10146003636300809,113,13,-0.1568164675672334,0.1373683114810379,0.2536300019150776,-0.33974423960446126,0.5276733601736078,0.5196705605944282,18.910189325868348
7,backsliding_Nyr,Y_gdp_growth_wb,World Bank,growth,instr-antiplural_w7_trt-ert_gapany_illib0p6535_opp0p6535_lrmax1_exclyr,backsliding_Nyr,129,15,0.3735796018276414,0.10146003636300809,117,13,-0.07881586360605433,0.11085322998869172,0.4770886123899026,-0.24201430753018596,0.657403896172678,0.7127715261662786,22.16809795755356
7,backsliding_Nyr,Y_gdp_growth_imf,IMF WEO,growth,instr-antiplural_w7_trt-ert_gapany_illib0p6535_opp0p6535_lrmax1_exclyr,backsliding_Nyr,129,15,0.3735796018276414,0.10146003636300809,98,12,-0.13375764315381522,0.0918892362659478,0.14549217852618654,-0.6164435745832497,1.0941619662216209,0.5731670650815224,23.654200478439073
7,backsliding_Nyr,Y_inflation,"CPI, cumulative log",inflation,instr-antiplural_w7_trt-ert_gapany_illib0p6535_opp0p6535_lrmax1_exclyr,backsliding_Nyr,129,15,0.3735796018276414,0.10146003636300809,107,12,0.0757194267003537,0.26680341166699206,0.7765618779772695,0.06665933982681271,1.4985772372185802,0.9645203980069772,17.505575685546564
7,backsliding_Nyr,Y_unemployment,Unemployment rate,unemployment,instr-antiplural_w7_trt-ert_gapany_illib0p6535_opp0p6535_lrmax1_exclyr,backsliding_Nyr,129,15,0.3735796018276414,0.10146003636300809,90,13,-2.352040392390737,1.275101271197025,0.06509704995182455,-2.554912628954801,32.75895441845469,0.9378349932438984,28.474903801972555
7,backsliding_Nyr,Y_trade_pct_gdp,Trade / GDP,trade,instr-antiplural_w7_trt-ert_gapany_illib0p6535_opp0p6535_lrmax1_exclyr,backsliding_Nyr,129,15,0.3735796018276414,0.10146003636300809,104,11,-6.081252000915976,15.36735529608752,0.6923076548362179,-662.0414785563732,7935.29445820855,0.933509648944391,28.528702610230468
7,backsliding_Nyr,Y_top10_share,Top-10% income share,top10,instr-antiplural_w7_trt-ert_gapany_illib0p6535_opp0p6535_lrmax1_exclyr,backsliding_Nyr,129,15,0.3735796018276414,0.10146003636300809,109,12,-0.7756597794555701,2.0153402631422694,0.7003279349668219,-5.547846444645952,20.262967072181674,0.7842441622275236,26.523045274335864
7,backsliding_Nyr,Y_gini_disp,Disposable,gini,instr-antiplural_w7_trt-ert_gapany_illib0p6535_opp0p6535_lrmax1_exclyr,backsliding_Nyr,129,15,0.3735796018276414,0.10146003636300809,85,11,1.6846067266333764,1.261746301578922,0.18183084902822463,4.364481737243193,6.164681658627293,0.4789566282487218,16.66883540151661
7,backsliding_Nyr,Y_gini_mkt,Market,gini,instr-antiplural_w7_trt-ert_gapany_illib0p6535_opp0p6535_lrmax1_exclyr,backsliding_Nyr,129,15,0.3735796018276414,0.10146003636300809,85,11,1.759057439000569,1.2487631119679812,0.15894169952785367,4.2729847052250065,5.898566805992563,0.468813653964182,16.58955745435305
7,backsliding_Nyr,Y_debt,Debt / GDP,fiscal,instr-antiplural_w7_trt-ert_gapany_illib0p6535_opp0p6535_lrmax1_exclyr,backsliding_Nyr,129,15,0.3735796018276414,0.10146003636300809,111,13,127.08664178792966,177.0267442675273,0.47282193626560926,410.4957434372964,652.9253426319183,0.5295438930605698,16.538501130030237
7,backsliding_Nyr,Y_deficit,Deficit / GDP,fiscal,instr-antiplural_w7_trt-ert_gapany_illib0p6535_opp0p6535_lrmax1_exclyr,backsliding_Nyr,129,15,0.3735796018276414,0.10146003636300809,93,11,-1.5829063408925772,4.215294157034955,0.7072774654747123,-3.0431993706632414,20.42312908801252,0.8815477163197465,22.324935482775413
7,backsliding_Nyr,Y_checks_balances,Checks & balances,institutions,instr-antiplural_w7_trt-ert_gapany_illib0p6535_opp0p6535_lrmax1_exclyr,backsliding_Nyr,129,15,0.3735796018276414,0.10146003636300809,116,14,-0.00877429507109568,0.0827871639376136,0.9155933189839248,-0.11978381154221088,0.7146898351734874,0.8668959950148866,25.295913924259068
7,backsliding_Nyr,Y_jucon,Judicial constraints,institutions,instr-antiplural_w7_trt-ert_gapany_illib0p6535_opp0p6535_lrmax1_exclyr,backsliding_Nyr,129,15,0.3735796018276414,0.10146003636300809,120,14,0.09893283593982016,0.05914385544057525,0.09437668231964726,0.7668459482251264,2.0486648186818885,0.708169982019851,30.125811349304673
7,backsliding_Nyr,Y_legcon,Legislative constraints,institutions,instr-antiplural_w7_trt-ert_gapany_illib0p6535_opp0p6535_lrmax1_exclyr,backsliding_Nyr,129,15,0.3735796018276414,0.10146003636300809,116,14,-0.15196659824309006,0.14670095296789865,0.30025172027706426,-0.7531457860493123,1.214865021766468,0.5352960083393221,22.572939611832425
7,backsliding_Nyr,Y_hos_power,HOS,exec_power,instr-antiplural_w7_trt-ert_gapany_illib0p6535_opp0p6535_lrmax1_exclyr,backsliding_Nyr,129,15,0.3735796018276414,0.10146003636300809,120,14,-0.05795463696761757,0.07987376459788804,0.4680975841382016,-0.1719262866086678,0.5440385204104939,0.7519883972093524,20.971583445308653
7,backsliding_Nyr,Y_hog_power,HOG,exec_power,instr-antiplural_w7_trt-ert_gapany_illib0p6535_opp0p6535_lrmax1_exclyr,backsliding_Nyr,129,15,0.3735796018276414,0.10146003636300809,42,9,0.09189571210473647,0.2171928442291885,0.6722175334452296,0.0274544663603351,0.5278456607091444,0.9585188934500166,28.34146806379945
7,backsliding_Nyr,Y_hos_power_vdem,HOS (v2ex_hosw),exec_power_alt,instr-antiplural_w7_trt-ert_gapany_illib0p6535_opp0p6535_lrmax1_exclyr,backsliding_Nyr,129,15,0.3735796018276414,0.10146003636300809,120,14,0.1490813249005879,0.17000789821558143,0.3805364863174632,0.520717113231156,1.179736261301663,0.658934776003765,19.0409423505378
7,backsliding_Nyr,Y_hog_power_vdem,HOG (v2ex_hogw),exec_power_alt,instr-antiplural_w7_trt-ert_gapany_illib0p6535_opp0p6535_lrmax1_exclyr,backsliding_Nyr,129,15,0.3735796018276414,0.10146003636300809,120,14,-0.1545348787920314,0.1703827331317606,0.3644138121062917,-0.44784373321891624,1.1969660494597776,0.7082934134955503,19.172890054294363
7,backsliding_Nyr,Y_polyarchy,Electoral (polyarchy),vdem_high,instr-antiplural_w7_trt-ert_gapany_illib0p6535_opp0p6535_lrmax1_exclyr,backsliding_Nyr,129,15,0.3735796018276414,0.10146003636300809,120,14,-0.0700548059672359,0.10812594819900408,0.5170496060450493,-0.18238550709293344,0.5235167083767412,0.7275508671906725,20.026520232333414
7,backsliding_Nyr,Y_libdem,Liberal,vdem_high,instr-antiplural_w7_trt-ert_gapany_illib0p6535_opp0p6535_lrmax1_exclyr,backsliding_Nyr,129,15,0.3735796018276414,0.10146003636300809,120,14,-0.03891140522452743,0.08722026605822444,0.6555047685079547,-0.08298227819132141,0.5522719708942531,0.8805625015384386,22.8272390380239
7,backsliding_Nyr,Y_partipdem,Participatory,vdem_high,instr-antiplural_w7_trt-ert_gapany_illib0p6535_opp0p6535_lrmax1_exclyr,backsliding_Nyr,129,15,0.3735796018276414,0.10146003636300809,120,14,-0.02552079505204108,0.06479734123522425,0.693687659830876,-0.05220720482794645,0.4128592341289832,0.8993735117446677,22.801264606628855
7,backsliding_Nyr,Y_delibdem,Deliberative,vdem_high,instr-antiplural_w7_trt-ert_gapany_illib0p6535_opp0p6535_lrmax1_exclyr,backsliding_Nyr,129,15,0.3735796018276414,0.10146003636300809,120,14,-0.03731318421345161,0.12220782775547698,0.7601181436144295,-0.12379637059191834,0.8528816803364195,0.8845918914553419,23.92294475901556
7,backsliding_Nyr,Y_egaldem,Egalitarian,vdem_high,instr-antiplural_w7_trt-ert_gapany_illib0p6535_opp0p6535_lrmax1_exclyr,backsliding_Nyr,129,15,0.3735796018276414,0.10146003636300809,120,14,-0.02381666362215539,0.07051935186498733,0.7355649239089592,-0.05061451010411087,0.3600427514200348,0.8882024070469874,20.181068270906028
7,backsliding_Nyr,Y_elecoff,Elected officials,vdem_electoral,instr-antiplural_w7_trt-ert_gapany_illib0p6535_opp0p6535_lrmax1_exclyr,backsliding_Nyr,129,15,0.3735796018276414,0.10146003636300809,120,14,-0.1155009763483158,0.24466598063440465,0.6368724290315475,-0.3522806021188608,1.172265559138714,0.7637861667114394,18.582586378336515
7,backsliding_Nyr,Y_frefair,Clean elections,vdem_electoral,instr-antiplural_w7_trt-ert_gapany_illib0p6535_opp0p6535_lrmax1_exclyr,backsliding_Nyr,129,15,0.3735796018276414,0.10146003636300809,120,14,-0.12238668402770188,0.14633144802288767,0.4029488948496911,-0.33996369167143553,0.6375637315224015,0.5938791720123503,16.80946035489351
7,backsliding_Nyr,Y_frassoc,Association,vdem_electoral,instr-antiplural_w7_trt-ert_gapany_illib0p6535_opp0p6535_lrmax1_exclyr,backsliding_Nyr,129,15,0.3735796018276414,0.10146003636300809,120,14,-0.043439817258747,0.1061575694397344,0.6823919277383012,-0.17498849787709894,0.8931821490463828,0.8446760680259789,25.02910007935617
7,backsliding_Nyr,Y_suffr,Suffrage,vdem_electoral,instr-antiplural_w7_trt-ert_gapany_illib0p6535_opp0p6535_lrmax1_exclyr,backsliding_Nyr,129,15,0.3735796018276414,0.10146003636300809,120,14,0.00382673618318224,0.00418192765911636,0.36015743872618405,0.01640619016318048,0.01797576512002487,0.3614088505245654,15.565057054792012
7,backsliding_Nyr,Y_freexp,Expression & alt. info,vdem_electoral,instr-antiplural_w7_trt-ert_gapany_illib0p6535_opp0p6535_lrmax1_exclyr,backsliding_Nyr,129,15,0.3735796018276414,0.10146003636300809,120,14,-0.05384973340611543,0.10600927823376027,0.6114730569259741,-0.1653248537501688,0.7283276337344404,0.8204296345807558,23.652792349185766
7,backsliding_Nyr,Y_cl_rol,Rule of law,vdem_liberal,instr-antiplural_w7_trt-ert_gapany_illib0p6535_opp0p6535_lrmax1_exclyr,backsliding_Nyr,129,15,0.3735796018276414,0.10146003636300809,120,14,-0.09913851448239933,0.08443366979220171,0.24033152899015783,-0.32169251834715146,0.5227983823883591,0.5383380852443551,20.285882202123094
7,backsliding_Nyr,Y_cspart,Civil society,vdem_particip,instr-antiplural_w7_trt-ert_gapany_illib0p6535_opp0p6535_lrmax1_exclyr,backsliding_Nyr,129,15,0.3735796018276414,0.10146003636300809,120,14,-0.0747102746491741,0.09445915839825136,0.4289867406305463,-0.4406197939676101,1.002550150633712,0.6603000026154557,25.799668866339417
7,backsliding_Nyr,Y_dd,Direct democracy,vdem_particip,instr-antiplural_w7_trt-ert_gapany_illib0p6535_opp0p6535_lrmax1_exclyr,backsliding_Nyr,129,15,0.3735796018276414,0.10146003636300809,120,14,0.04070529734544671,0.02147920101731409,0.0580787630901267,0.3446864759927949,1.2733716172100895,0.7866309709358421,29.67328628615896
7,backsliding_Nyr,Y_locelec,Local elections,vdem_particip,instr-antiplural_w7_trt-ert_gapany_illib0p6535_opp0p6535_lrmax1_exclyr,backsliding_Nyr,129,15,0.3735796018276414,0.10146003636300809,117,13,0.02059326167567148,0.13825541738482033,0.881592417711628,0.04913573943473218,0.8565253332548199,0.95425336078485,24.29798516468424
7,backsliding_Nyr,Y_regelec,Regional elections,vdem_particip,instr-antiplural_w7_trt-ert_gapany_illib0p6535_opp0p6535_lrmax1_exclyr,backsliding_Nyr,129,15,0.3735796018276414,0.10146003636300809,120,14,0.02154616070354224,0.09519897646162848,0.8209465940398974,0.1975048959437389,0.6589886031086163,0.7643990396049662,23.035723234188197
7,backsliding_Nyr,Y_delib,Deliberation,vdem_egal_delib,instr-antiplural_w7_trt-ert_gapany_illib0p6535_opp0p6535_lrmax1_exclyr,backsliding_Nyr,129,15,0.3735796018276414,0.10146003636300809,120,14,-0.08882696860847639,0.15612435069257904,0.5693899883598694,-0.9332232766710024,2.980560714429926,0.7542022123271972,32.799244254361774
7,backsliding_Nyr,Y_eqprotec,Equal protection,vdem_egal_delib,instr-antiplural_w7_trt-ert_gapany_illib0p6535_opp0p6535_lrmax1_exclyr,backsliding_Nyr,129,15,0.3735796018276414,0.10146003636300809,120,14,0.08071072574988161,0.07981504792463782,0.3119102282754688,0.09020369295947596,0.7527252616735397,0.9046129493578926,20.94919408347865
7,backsliding_Nyr,Y_eqaccess,Equal access,vdem_egal_delib,instr-antiplural_w7_trt-ert_gapany_illib0p6535_opp0p6535_lrmax1_exclyr,backsliding_Nyr,129,15,0.3735796018276414,0.10146003636300809,120,14,-0.02777307243427452,0.07153530812373578,0.6978363200602573,-0.08442893916454364,0.46137279133831505,0.8548018989176172,22.005576779406212
7,backsliding_Nyr,Y_eqdr,Equal distribution,vdem_egal_delib,instr-antiplural_w7_trt-ert_gapany_illib0p6535_opp0p6535_lrmax1_exclyr,backsliding_Nyr,129,15,0.3735796018276414,0.10146003636300809,120,14,0.0018018407601177,0.05959146142644217,0.9758783917077186,0.16855384779640029,0.5799146175049634,0.7713168205214953,25.6694121532815
7,backsliding_union_Nyr,Y_gdp_growth,PWT,growth,instr-antiplural_w7_trt-ertOrDdcg_gapany_illib0p6535_opp0p6535_lrmax1_exclyr,backsliding_union_Nyr,129,21,0.4716696547535952,0.05389205586160401,113,19,-0.1568164675672334,0.1373683114810379,0.2536300019150776,0.09903653627085464,0.7307699290326873,0.8921979444546081,26.965447126898596
7,backsliding_union_Nyr,Y_gdp_growth_wb,World Bank,growth,instr-antiplural_w7_trt-ertOrDdcg_gapany_illib0p6535_opp0p6535_lrmax1_exclyr,backsliding_union_Nyr,129,21,0.4716696547535952,0.05389205586160401,117,19,-0.07881586360605433,0.11085322998869172,0.4770886123899026,-0.05562403305118441,0.6835587803513462,0.9351443849123569,25.41421032593432
7,backsliding_union_Nyr,Y_gdp_growth_imf,IMF WEO,growth,instr-antiplural_w7_trt-ertOrDdcg_gapany_illib0p6535_opp0p6535_lrmax1_exclyr,backsliding_union_Nyr,129,21,0.4716696547535952,0.05389205586160401,98,16,-0.13375764315381522,0.0918892362659478,0.14549217852618654,-0.34712256723658713,0.4838568850173028,0.4731226817506171,20.678160640297857
7,backsliding_union_Nyr,Y_inflation,"CPI, cumulative log",inflation,instr-antiplural_w7_trt-ertOrDdcg_gapany_illib0p6535_opp0p6535_lrmax1_exclyr,backsliding_union_Nyr,129,21,0.4716696547535952,0.05389205586160401,107,15,0.0757194267003537,0.26680341166699206,0.7765618779772695,0.12553461661441678,0.887397070437025,0.887503506934099,16.10763153393969
7,backsliding_union_Nyr,Y_unemployment,Unemployment rate,unemployment,instr-antiplural_w7_trt-ertOrDdcg_gapany_illib0p6535_opp0p6535_lrmax1_exclyr,backsliding_union_Nyr,129,21,0.4716696547535952,0.05389205586160401,90,17,-2.352040392390737,1.275101271197025,0.06509704995182455,-2.1227026859570746,15.060090982677226,0.8879103411064894,26.586926382073703
7,backsliding_union_Nyr,Y_trade_pct_gdp,Trade / GDP,trade,instr-antiplural_w7_trt-ertOrDdcg_gapany_illib0p6535_opp0p6535_lrmax1_exclyr,backsliding_union_Nyr,129,21,0.4716696547535952,0.05389205586160401,104,16,-6.081252000915976,15.36735529608752,0.6923076548362179,-9.198743488795571,69.60758136387444,0.8948644937789055,19.835644337211036
7,backsliding_union_Nyr,Y_top10_share,Top-10% income share,top10,instr-antiplural_w7_trt-ertOrDdcg_gapany_illib0p6535_opp0p6535_lrmax1_exclyr,backsliding_union_Nyr,129,21,0.4716696547535952,0.05389205586160401,109,17,-0.7756597794555701,2.0153402631422694,0.7003279349668219,-4.329231628627711,13.35995392338229,0.7459036619303454,25.980396000867145
7,backsliding_union_Nyr,Y_gini_disp,Disposable,gini,instr-antiplural_w7_trt-ertOrDdcg_gapany_illib0p6535_opp0p6535_lrmax1_exclyr,backsliding_union_Nyr,129,21,0.4716696547535952,0.05389205586160401,85,14,1.6846067266333764,1.261746301578922,0.18183084902822463,3.309005288822576,4.04277943354284,0.413073108342976,15.667969369853497
7,backsliding_union_Nyr,Y_gini_mkt,Market,gini,instr-antiplural_w7_trt-ertOrDdcg_gapany_illib0p6535_opp0p6535_lrmax1_exclyr,backsliding_union_Nyr,129,21,0.4716696547535952,0.05389205586160401,85,14,1.759057439000569,1.2487631119679812,0.15894169952785367,3.5176218617103303,4.112335095408949,0.3923391072367429,16.5378773281801
7,backsliding_union_Nyr,Y_debt,Debt / GDP,fiscal,instr-antiplural_w7_trt-ertOrDdcg_gapany_illib0p6535_opp0p6535_lrmax1_exclyr,backsliding_union_Nyr,129,21,0.4716696547535952,0.05389205586160401,111,18,127.08664178792966,177.0267442675273,0.47282193626560926,191.97351465796407,583.2679938502677,0.7420541642952267,24.632755281803696
7,backsliding_union_Nyr,Y_deficit,Deficit / GDP,fiscal,instr-antiplural_w7_trt-ertOrDdcg_gapany_illib0p6535_opp0p6535_lrmax1_exclyr,backsliding_union_Nyr,129,21,0.4716696547535952,0.05389205586160401,93,14,-1.5829063408925772,4.215294157034955,0.7072774654747123,-2.0971341368407908,13.438548222245949,0.8759907539517361,23.15929672442909
7,backsliding_union_Nyr,Y_checks_balances,Checks & balances,institutions,instr-antiplural_w7_trt-ertOrDdcg_gapany_illib0p6535_opp0p6535_lrmax1_exclyr,backsliding_union_Nyr,129,21,0.4716696547535952,0.05389205586160401,116,20,-0.00877429507109568,0.0827871639376136,0.9155933189839248,-0.08756022679863845,0.5145454728064066,0.8648764079086089,24.24951307783797
7,backsliding_union_Nyr,Y_jucon,Judicial constraints,institutions,instr-antiplural_w7_trt-ertOrDdcg_gapany_illib0p6535_opp0p6535_lrmax1_exclyr,backsliding_union_Nyr,129,21,0.4716696547535952,0.05389205586160401,120,20,0.09893283593982016,0.05914385544057525,0.09437668231964726,0.3957935128256048,0.8022749146789544,0.6217730683680259,25.47391759113491
7,backsliding_union_Nyr,Y_legcon,Legislative constraints,institutions,instr-antiplural_w7_trt-ertOrDdcg_gapany_illib0p6535_opp0p6535_lrmax1_exclyr,backsliding_union_Nyr,129,21,0.4716696547535952,0.05389205586160401,116,20,-0.15196659824309006,0.14670095296789865,0.30025172027706426,-0.5502982595250668,0.8443281758622551,0.514556829000309,21.900619591846898
7,backsliding_union_Nyr,Y_hos_power,HOS,exec_power,instr-antiplural_w7_trt-ertOrDdcg_gapany_illib0p6535_opp0p6535_lrmax1_exclyr,backsliding_union_Nyr,129,21,0.4716696547535952,0.05389205586160401,120,20,-0.05795463696761757,0.07987376459788804,0.4680975841382016,-0.15403682151206524,0.4851511691886388,0.750862167015469,24.08110053020273
7,backsliding_union_Nyr,Y_hog_power,HOG,exec_power,instr-antiplural_w7_trt-ertOrDdcg_gapany_illib0p6535_opp0p6535_lrmax1_exclyr,backsliding_union_Nyr,129,21,0.4716696547535952,0.05389205586160401,42,13,0.09189571210473647,0.2171928442291885,0.6722175334452296,34.98746278156111,90.27820528632944,0.6983478933123426,27.240628847397563
7,backsliding_union_Nyr,Y_hos_power_vdem,HOS (v2ex_hosw),exec_power_alt,instr-antiplural_w7_trt-ertOrDdcg_gapany_illib0p6535_opp0p6535_lrmax1_exclyr,backsliding_union_Nyr,129,21,0.4716696547535952,0.05389205586160401,120,20,0.1490813249005879,0.17000789821558143,0.3805364863174632,0.3762463761456777,0.8084239128840623,0.6416398202314639,17.65018835654243
7,backsliding_union_Nyr,Y_hog_power_vdem,HOG (v2ex_hogw),exec_power_alt,instr-antiplural_w7_trt-ertOrDdcg_gapany_illib0p6535_opp0p6535_lrmax1_exclyr,backsliding_union_Nyr,129,21,0.4716696547535952,0.05389205586160401,120,20,-0.1545348787920314,0.1703827331317606,0.3644138121062917,-0.3326231280480545,0.8374552977415419,0.6912324112832715,18.16749190911241
7,backsliding_union_Nyr,Y_polyarchy,Electoral (polyarchy),vdem_high,instr-antiplural_w7_trt-ertOrDdcg_gapany_illib0p6535_opp0p6535_lrmax1_exclyr,backsliding_union_Nyr,129,21,0.4716696547535952,0.05389205586160401,120,20,-0.0700548059672359,0.10812594819900408,0.5170496060450493,-0.1358991947172444,0.566855237336082,0.8105300180202779,23.386760672962073
7,backsliding_union_Nyr,Y_libdem,Liberal,vdem_high,instr-antiplural_w7_trt-ertOrDdcg_gapany_illib0p6535_opp0p6535_lrmax1_exclyr,backsliding_union_Nyr,129,21,0.4716696547535952,0.05389205586160401,120,20,-0.03891140522452743,0.08722026605822444,0.6555047685079547,-0.056047402858507,0.8303053851685065,0.94618194644921,31.515643280694167
7,backsliding_union_Nyr,Y_partipdem,Participatory,vdem_high,instr-antiplural_w7_trt-ertOrDdcg_gapany_illib0p6535_opp0p6535_lrmax1_exclyr,backsliding_union_Nyr,129,21,0.4716696547535952,0.05389205586160401,120,20,-0.02552079505204108,0.06479734123522425,0.693687659830876,9.30351263088991e-4,0.6635747197804588,0.998881342758212,31.129184230134953
7,backsliding_union_Nyr,Y_delibdem,Deliberative,vdem_high,instr-antiplural_w7_trt-ertOrDdcg_gapany_illib0p6535_opp0p6535_lrmax1_exclyr,backsliding_union_Nyr,129,21,0.4716696547535952,0.05389205586160401,120,20,-0.03731318421345161,0.12220782775547698,0.7601181436144295,-0.12224607211780485,1.209116631462692,0.9194682020164748,33.11493367302027
7,backsliding_union_Nyr,Y_egaldem,Egalitarian,vdem_high,instr-antiplural_w7_trt-ertOrDdcg_gapany_illib0p6535_opp0p6535_lrmax1_exclyr,backsliding_union_Nyr,129,21,0.4716696547535952,0.05389205586160401,120,20,-0.02381666362215539,0.07051935186498733,0.7355649239089592,-0.01016471038968696,0.3645197462787669,0.9777537030019996,23.384239072622865
7,backsliding_union_Nyr,Y_elecoff,Elected officials,vdem_electoral,instr-antiplural_w7_trt-ertOrDdcg_gapany_illib0p6535_opp0p6535_lrmax1_exclyr,backsliding_union_Nyr,129,21,0.4716696547535952,0.05389205586160401,120,20,-0.1155009763483158,0.24466598063440465,0.6368724290315475,0.22742616218307937,1.2785219283468905,0.8588155708212272,23.479414159982927
7,backsliding_union_Nyr,Y_frefair,Clean elections,vdem_electoral,instr-antiplural_w7_trt-ertOrDdcg_gapany_illib0p6535_opp0p6535_lrmax1_exclyr,backsliding_union_Nyr,129,21,0.4716696547535952,0.05389205586160401,120,20,-0.12238668402770188,0.14633144802288767,0.4029488948496911,-0.2268522297550468,0.5805422464606168,0.6959752279776805,19.278957288376866
7,backsliding_union_Nyr,Y_frassoc,Association,vdem_electoral,instr-antiplural_w7_trt-ertOrDdcg_gapany_illib0p6535_opp0p6535_lrmax1_exclyr,backsliding_union_Nyr,129,21,0.4716696547535952,0.05389205586160401,120,20,-0.043439817258747,0.1061575694397344,0.6823919277383012,-0.15096429059997912,0.6658246530959251,0.8206315173752298,23.758714741288745
7,backsliding_union_Nyr,Y_suffr,Suffrage,vdem_electoral,instr-antiplural_w7_trt-ertOrDdcg_gapany_illib0p6535_opp0p6535_lrmax1_exclyr,backsliding_union_Nyr,129,21,0.4716696547535952,0.05389205586160401,120,20,0.00382673618318224,0.00418192765911636,0.36015743872618405,0.01139784441302961,0.04347474913435495,0.7931891499628225,26.08323641905731
7,backsliding_union_Nyr,Y_freexp,Expression & alt. info,vdem_electoral,instr-antiplural_w7_trt-ertOrDdcg_gapany_illib0p6535_opp0p6535_lrmax1_exclyr,backsliding_union_Nyr,129,21,0.4716696547535952,0.05389205586160401,120,20,-0.05384973340611543,0.10600927823376027,0.6114730569259741,-0.17523948847996904,0.38141003740600105,0.6459098322276339,17.897493359603658
7,backsliding_union_Nyr,Y_cl_rol,Rule of law,vdem_liberal,instr-antiplural_w7_trt-ertOrDdcg_gapany_illib0p6535_opp0p6535_lrmax1_exclyr,backsliding_union_Nyr,129,21,0.4716696547535952,0.05389205586160401,120,20,-0.09913851448239933,0.08443366979220171,0.24033152899015783,-0.25440013853034127,0.3046525516164179,0.4036895101871569,16.064957296937013
7,backsliding_union_Nyr,Y_cspart,Civil society,vdem_particip,instr-antiplural_w7_trt-ertOrDdcg_gapany_illib0p6535_opp0p6535_lrmax1_exclyr,backsliding_union_Nyr,129,21,0.4716696547535952,0.05389205586160401,120,20,-0.0747102746491741,0.09445915839825136,0.4289867406305463,-0.17973687423325815,0.6907351226590792,0.7947010227723141,24.304522680965412
7,backsliding_union_Nyr,Y_dd,Direct democracy,vdem_particip,instr-antiplural_w7_trt-ertOrDdcg_gapany_illib0p6535_opp0p6535_lrmax1_exclyr,backsliding_union_Nyr,129,21,0.4716696547535952,0.05389205586160401,120,20,0.04070529734544671,0.02147920101731409,0.0580787630901267,0.04923858787100786,0.25559726109833913,0.8472399003764237,23.13728347494261
7,backsliding_union_Nyr,Y_locelec,Local elections,vdem_particip,instr-antiplural_w7_trt-ertOrDdcg_gapany_illib0p6535_opp0p6535_lrmax1_exclyr,backsliding_union_Nyr,129,21,0.4716696547535952,0.05389205586160401,117,19,0.02059326167567148,0.13825541738482033,0.881592417711628,0.00301169844808112,0.620444450919133,0.996127004998836,22.56955181504963
7,backsliding_union_Nyr,Y_regelec,Regional elections,vdem_particip,instr-antiplural_w7_trt-ertOrDdcg_gapany_illib0p6535_opp0p6535_lrmax1_exclyr,backsliding_union_Nyr,129,21,0.4716696547535952,0.05389205586160401,120,20,0.02154616070354224,0.09519897646162848,0.8209465940398974,0.05691415954976096,0.3555027720970703,0.8728063655422644,19.227800424364155
7,backsliding_union_Nyr,Y_delib,Deliberation,vdem_egal_delib,instr-antiplural_w7_trt-ertOrDdcg_gapany_illib0p6535_opp0p6535_lrmax1_exclyr,backsliding_union_Nyr,129,21,0.4716696547535952,0.05389205586160401,120,20,-0.08882696860847639,0.15612435069257904,0.5693899883598694,-0.3584921368554338,0.974001917469043,0.7128277371521168,24.86555672708546
7,backsliding_union_Nyr,Y_eqprotec,Equal protection,vdem_egal_delib,instr-antiplural_w7_trt-ertOrDdcg_gapany_illib0p6535_opp0p6535_lrmax1_exclyr,backsliding_union_Nyr,129,21,0.4716696547535952,0.05389205586160401,120,20,0.08071072574988161,0.07981504792463782,0.3119102282754688,0.2239287402313398,1.534737393159349,0.8839949025388006,29.066487810638694
7,backsliding_union_Nyr,Y_eqaccess,Equal access,vdem_egal_delib,instr-antiplural_w7_trt-ertOrDdcg_gapany_illib0p6535_opp0p6535_lrmax1_exclyr,backsliding_union_Nyr,129,21,0.4716696547535952,0.05389205586160401,120,20,-0.02777307243427452,0.07153530812373578,0.6978363200602573,-0.0952245960061056,0.3824791726061651,0.8033865024592627,22.701090800248117
7,backsliding_union_Nyr,Y_eqdr,Equal distribution,vdem_egal_delib,instr-antiplural_w7_trt-ertOrDdcg_gapany_illib0p6535_opp0p6535_lrmax1_exclyr,backsliding_union_Nyr,129,21,0.4716696547535952,0.05389205586160401,120,20,0.0018018407601177,0.05959146142644217,0.9758783917077186,0.00275086017242416,0.2698134311396542,0.991865375911786,20.474226247547723
7,polyarchy_decline,Y_gdp_growth,PWT,growth,instr-antiplural_w7_trt-polyarchy_gapany_illib0p6535_opp0p6535_lrmax1_exclyr,polyarchy_decline,120,45,0.0700548059672359,0.5170496060450493,113,42,-0.1568164675672334,0.1373683114810379,0.2536300019150776,-2.124110578157261,6.042501744165871,0.725192018801663,23.42505117444795
7,polyarchy_decline,Y_gdp_growth_wb,World Bank,growth,instr-antiplural_w7_trt-polyarchy_gapany_illib0p6535_opp0p6535_lrmax1_exclyr,polyarchy_decline,120,45,0.0700548059672359,0.5170496060450493,117,44,-0.07881586360605433,0.11085322998869172,0.4770886123899026,-2.7454453926582603,7.012003114626495,0.6954017436898801,23.869926825795933
7,polyarchy_decline,Y_gdp_growth_imf,IMF WEO,growth,instr-antiplural_w7_trt-polyarchy_gapany_illib0p6535_opp0p6535_lrmax1_exclyr,polyarchy_decline,120,45,0.0700548059672359,0.5170496060450493,98,34,-0.13375764315381522,0.0918892362659478,0.14549217852618654,486.34603178595086,5680.695592451774,0.9317734145662482,25.34074347013588
7,polyarchy_decline,Y_inflation,"CPI, cumulative log",inflation,instr-antiplural_w7_trt-polyarchy_gapany_illib0p6535_opp0p6535_lrmax1_exclyr,polyarchy_decline,120,45,0.0700548059672359,0.5170496060450493,107,39,0.0757194267003537,0.26680341166699206,0.7765618779772695,-31.084962585877793,441.1528152138163,0.943825127814466,22.711968615289155
7,polyarchy_decline,Y_unemployment,Unemployment rate,unemployment,instr-antiplural_w7_trt-polyarchy_gapany_illib0p6535_opp0p6535_lrmax1_exclyr,polyarchy_decline,120,45,0.0700548059672359,0.5170496060450493,90,36,-2.352040392390737,1.275101271197025,0.06509704995182455,379.95772072901696,1315.267860741199,0.7726713815943799,31.892131911012704
7,polyarchy_decline,Y_trade_pct_gdp,Trade / GDP,trade,instr-antiplural_w7_trt-polyarchy_gapany_illib0p6535_opp0p6535_lrmax1_exclyr,polyarchy_decline,120,45,0.0700548059672359,0.5170496060450493,104,38,-6.081252000915976,15.36735529608752,0.6923076548362179,-1281.0901045671212,8259.34020454429,0.8767361406739369,18.32861240346689
7,polyarchy_decline,Y_top10_share,Top-10% income share,top10,instr-antiplural_w7_trt-polyarchy_gapany_illib0p6535_opp0p6535_lrmax1_exclyr,polyarchy_decline,120,45,0.0700548059672359,0.5170496060450493,109,40,-0.7756597794555701,2.0153402631422694,0.7003279349668219,-95.96543135386216,940.9249484747768,0.9187641942396196,23.947275716718924
7,polyarchy_decline,Y_gini_disp,Disposable,gini,instr-antiplural_w7_trt-polyarchy_gapany_illib0p6535_opp0p6535_lrmax1_exclyr,polyarchy_decline,120,45,0.0700548059672359,0.5170496060450493,85,30,1.6846067266333764,1.261746301578922,0.18183084902822463,26.251175211763105,478.4381719342665,0.9562432434457,20.88052029965693
7,polyarchy_decline,Y_gini_mkt,Market,gini,instr-antiplural_w7_trt-polyarchy_gapany_illib0p6535_opp0p6535_lrmax1_exclyr,polyarchy_decline,120,45,0.0700548059672359,0.5170496060450493,85,30,1.759057439000569,1.2487631119679812,0.15894169952785367,17.469317038758483,439.5363479810361,0.968296525153248,20.37041550826045
7,polyarchy_decline,Y_debt,Debt / GDP,fiscal,instr-antiplural_w7_trt-polyarchy_gapany_illib0p6535_opp0p6535_lrmax1_exclyr,polyarchy_decline,120,45,0.0700548059672359,0.5170496060450493,111,41,127.08664178792966,177.0267442675273,0.47282193626560926,15308.816959026535,747798.4619452859,0.98366696886489835,28.150873470265807
7,polyarchy_decline,Y_deficit,Deficit / GDP,fiscal,instr-antiplural_w7_trt-polyarchy_gapany_illib0p6535_opp0p6535_lrmax1_exclyr,polyarchy_decline,120,45,0.0700548059672359,0.5170496060450493,93,36,-1.5829063408925772,4.215294157034955,0.7072774654747123,-220.43021102487575,3537.097191069053,0.9503083813014568,22.334986915602684
7,polyarchy_decline,Y_checks_balances,Checks & balances,institutions,instr-antiplural_w7_trt-polyarchy_gapany_illib0p6535_opp0p6535_lrmax1_exclyr,polyarchy_decline,120,45,0.0700548059672359,0.5170496060450493,116,44,-0.00877429507109568,0.0827871639376136,0.9155933189839248,-0.3191239612770409,2.103843530340015,0.8794344679788166,22.155429064320295
7,polyarchy_decline,Y_jucon,Judicial constraints,institutions,instr-antiplural_w7_trt-polyarchy_gapany_illib0p6535_opp0p6535_lrmax1_exclyr,polyarchy_decline,120,45,0.0700548059672359,0.5170496060450493,120,45,0.09893283593982016,0.05914385544057525,0.09437668231964726,3.2276132527009507,10.444097165661312,0.7572933234798603,20.515873822049876
7,polyarchy_decline,Y_legcon,Legislative constraints,institutions,instr-antiplural_w7_trt-polyarchy_gapany_illib0p6535_opp0p6535_lrmax1_exclyr,polyarchy_decline,120,45,0.0700548059672359,0.5170496060450493,116,44,-0.15196659824309006,0.14670095296789865,0.30025172027706426,-3.9625137242387303,12.310605416184396,0.7475450789389415,21.66492628646005
7,polyarchy_decline,Y_hos_power,HOS,exec_power,instr-antiplural_w7_trt-polyarchy_gapany_illib0p6535_opp0p6535_lrmax1_exclyr,polyarchy_decline,120,45,0.0700548059672359,0.5170496060450493,120,45,-0.05795463696761757,0.07987376459788804,0.4680975841382016,-1.4777436018416026,6.596430648926822,0.8227404188676801,23.594481369084697
7,polyarchy_decline,Y_hog_power,HOG,exec_power,instr-antiplural_w7_trt-polyarchy_gapany_illib0p6535_opp0p6535_lrmax1_exclyr,polyarchy_decline,120,45,0.0700548059672359,0.5170496060450493,42,14,0.09189571210473647,0.2171928442291885,0.6722175334452296,0.8901522018852369,7.9187072239013245,0.9104972931562704,24.933928032623143
7,polyarchy_decline,Y_hos_power_vdem,HOS (v2ex_hosw),exec_power_alt,instr-antiplural_w7_trt-polyarchy_gapany_illib0p6535_opp0p6535_lrmax1_exclyr,polyarchy_decline,120,45,0.0700548059672359,0.5170496060450493,120,45,0.1490813249005879,0.17000789821558143,0.3805364863174632,1.9914305362374785,22.46685019692381,0.9293691167023984,23.37256503751612
7,polyarchy_decline,Y_hog_power_vdem,HOG (v2ex_hogw),exec_power_alt,instr-antiplural_w7_trt-polyarchy_gapany_illib0p6535_opp0p6535_lrmax1_exclyr,polyarchy_decline,120,45,0.0700548059672359,0.5170496060450493,120,45,-0.1545348787920314,0.1703827331317606,0.3644138121062917,-0.8335313995779567,16.610094174280725,0.959977180109324,21.160465251861172
7,polyarchy_decline,Y_polyarchy,Electoral (polyarchy),vdem_high,instr-antiplural_w7_trt-polyarchy_gapany_illib0p6535_opp0p6535_lrmax1_exclyr,polyarchy_decline,120,45,0.0700548059672359,0.5170496060450493,120,45,-0.0700548059672359,0.10812594819900408,0.5170496060450493,-1,1.2551902964404655e-16,0,21.558215904857185
7,polyarchy_decline,Y_libdem,Liberal,vdem_high,instr-antiplural_w7_trt-polyarchy_gapany_illib0p6535_opp0p6535_lrmax1_exclyr,polyarchy_decline,120,45,0.0700548059672359,0.5170496060450493,120,45,-0.03891140522452743,0.08722026605822444,0.6555047685079547,-0.5482192752100097,2.2431502611221945,0.8069233370908088,24.402032313357136
7,polyarchy_decline,Y_partipdem,Participatory,vdem_high,instr-antiplural_w7_trt-polyarchy_gapany_illib0p6535_opp0p6535_lrmax1_exclyr,polyarchy_decline,120,45,0.0700548059672359,0.5170496060450493,120,45,-0.02552079505204108,0.06479734123522425,0.693687659830876,-0.2723461650254123,2.308055835921249,0.9060691764973045,23.721800516023546
7,polyarchy_decline,Y_delibdem,Deliberative,vdem_high,instr-antiplural_w7_trt-polyarchy_gapany_illib0p6535_opp0p6535_lrmax1_exclyr,polyarchy_decline,120,45,0.0700548059672359,0.5170496060450493,120,45,-0.03731318421345161,0.12220782775547698,0.7601181436144295,-0.9909100192053945,3.313919268421478,0.7649289575852072,25.148935525380896
7,polyarchy_decline,Y_egaldem,Egalitarian,vdem_high,instr-antiplural_w7_trt-polyarchy_gapany_illib0p6535_opp0p6535_lrmax1_exclyr,polyarchy_decline,120,45,0.0700548059672359,0.5170496060450493,120,45,-0.02381666362215539,0.07051935186498733,0.7355649239089592,-0.0724229377530623,2.9113684238948565,0.98015394263371,23.07375749531882
7,polyarchy_decline,Y_elecoff,Elected officials,vdem_electoral,instr-antiplural_w7_trt-polyarchy_gapany_illib0p6535_opp0p6535_lrmax1_exclyr,polyarchy_decline,120,45,0.0700548059672359,0.5170496060450493,120,45,-0.1155009763483158,0.24466598063440465,0.6368724290315475,0.3766517595784053,9.735979005373965,0.9691402706416208,22.682147772734147
7,polyarchy_decline,Y_frefair,Clean elections,vdem_electoral,instr-antiplural_w7_trt-polyarchy_gapany_illib0p6535_opp0p6535_lrmax1_exclyr,polyarchy_decline,120,45,0.0700548059672359,0.5170496060450493,120,45,-0.12238668402770188,0.14633144802288767,0.4029488948496911,-1.6819897936604802,4.675644099395822,0.7190458013287264,24.328628868893013
7,polyarchy_decline,Y_frassoc,Association,vdem_electoral,instr-antiplural_w7_trt-polyarchy_gapany_illib0p6535_opp0p6535_lrmax1_exclyr,polyarchy_decline,120,45,0.0700548059672359,0.5170496060450493,120,45,-0.043439817258747,0.1061575694397344,0.6823919277383012,-0.9261320935161108,2.314722429019963,0.6890791574751503,22.074904921064014
7,polyarchy_decline,Y_suffr,Suffrage,vdem_electoral,instr-antiplural_w7_trt-polyarchy_gapany_illib0p6535_opp0p6535_lrmax1_exclyr,polyarchy_decline,120,45,0.0700548059672359,0.5170496060450493,120,45,0.00382673618318224,0.00418192765911636,0.36015743872618405,0.08238795168792686,0.09448140837464464,0.38320743300694565,16.093810046399213
7,polyarchy_decline,Y_freexp,Expression & alt. info,vdem_electoral,instr-antiplural_w7_trt-polyarchy_gapany_illib0p6535_opp0p6535_lrmax1_exclyr,polyarchy_decline,120,45,0.0700548059672359,0.5170496060450493,120,45,-0.05384973340611543,0.10600927823376027,0.6114730569259741,-1.2333519721106532,3.1500257476811337,0.6954002650588913,23.84317086177602
7,polyarchy_decline,Y_cl_rol,Rule of law,vdem_liberal,instr-antiplural_w7_trt-polyarchy_gapany_illib0p6535_opp0p6535_lrmax1_exclyr,polyarchy_decline,120,45,0.0700548059672359,0.5170496060450493,120,45,-0.09913851448239933,0.08443366979220171,0.24033152899015783,-2.357783368639037,7.6243135649858065,0.7571349138630572,23.910418585184573
7,polyarchy_decline,Y_cspart,Civil society,vdem_particip,instr-antiplural_w7_trt-polyarchy_gapany_illib0p6535_opp0p6535_lrmax1_exclyr,polyarchy_decline,120,45,0.0700548059672359,0.5170496060450493,120,45,-0.0747102746491741,0.09445915839825136,0.4289867406305463,-2.6587916096711615,37.167986352482615,0.942972404464812,25.889815504052883
7,polyarchy_decline,Y_dd,Direct democracy,vdem_particip,instr-antiplural_w7_trt-polyarchy_gapany_illib0p6535_opp0p6535_lrmax1_exclyr,polyarchy_decline,120,45,0.0700548059672359,0.5170496060450493,120,45,0.04070529734544671,0.02147920101731409,0.0580787630901267,0.7211193330931163,3.874856804653062,0.8523646253929171,22.161237298883197
7,polyarchy_decline,Y_locelec,Local elections,vdem_particip,instr-antiplural_w7_trt-polyarchy_gapany_illib0p6535_opp0p6535_lrmax1_exclyr,polyarchy_decline,120,45,0.0700548059672359,0.5170496060450493,117,44,0.02059326167567148,0.13825541738482033,0.881592417711628,-6.166397147284323,137.56231881631362,0.9642458349420882,28.420427325112765
7,polyarchy_decline,Y_regelec,Regional elections,vdem_particip,instr-antiplural_w7_trt-polyarchy_gapany_illib0p6535_opp0p6535_lrmax1_exclyr,polyarchy_decline,120,45,0.0700548059672359,0.5170496060450493,120,45,0.02154616070354224,0.09519897646162848,0.8209465940398974,1.507279214618821,23.39986956561985,0.9486405822307974,25.92236441517835
7,polyarchy_decline,Y_delib,Deliberation,vdem_egal_delib,instr-antiplural_w7_trt-polyarchy_gapany_illib0p6535_opp0p6535_lrmax1_exclyr,polyarchy_decline,120,45,0.0700548059672359,0.5170496060450493,120,45,-0.08882696860847639,0.15612435069257904,0.5693899883598694,-3.205029097734887,10.42660380138486,0.7585468778673494,23.82696849002142
7,polyarchy_decline,Y_eqprotec,Equal protection,vdem_egal_delib,instr-antiplural_w7_trt-polyarchy_gapany_illib0p6535_opp0p6535_lrmax1_exclyr,polyarchy_decline,120,45,0.0700548059672359,0.5170496060450493,120,45,0.08071072574988161,0.07981504792463782,0.3119102282754688,3.1113407935626674,24.3115618905774,0.898166522442947,24.586878935370155
7,polyarchy_decline,Y_eqaccess,Equal access,vdem_egal_delib,instr-antiplural_w7_trt-polyarchy_gapany_illib0p6535_opp0p6535_lrmax1_exclyr,polyarchy_decline,120,45,0.0700548059672359,0.5170496060450493,120,45,-0.02777307243427452,0.07153530812373578,0.6978363200602573,-0.900622967615863,5.102759681280833,0.85990332181306,23.774357921222517
7,polyarchy_decline,Y_eqdr,Equal distribution,vdem_egal_delib,instr-antiplural_w7_trt-polyarchy_gapany_illib0p6535_opp0p6535_lrmax1_exclyr,polyarchy_decline,120,45,0.0700548059672359,0.5170496060450493,120,45,0.0018018407601177,0.05959146142644217,0.9758783917077186,-0.18888460295313209,2.7301994129054283,0.9448435999148364,19.06825545484085
8,backsliding_Nyr,Y_gdp_growth,PWT,growth,instr-antiplural_w8_trt-ert_gapany_illib0p6535_opp0p6535_lrmax1_exclyr,backsliding_Nyr,129,22,0.17008532574667612,0.5675641164235703,109,20,-0.20419084779603391,0.14119009566099036,0.1481176751434214,-0.40856786442530263,0.7111952267634589,0.5656426211592067,21.48582657022777
8,backsliding_Nyr,Y_gdp_growth_wb,World Bank,growth,instr-antiplural_w8_trt-ert_gapany_illib0p6535_opp0p6535_lrmax1_exclyr,backsliding_Nyr,129,22,0.17008532574667612,0.5675641164235703,113,20,-0.06386869985531388,0.1374112859396649,0.6420750309879766,0.13190989622665167,0.6975559282781056,0.850012115505402,25.928856606092115
8,backsliding_Nyr,Y_gdp_growth_imf,IMF WEO,growth,instr-antiplural_w8_trt-ert_gapany_illib0p6535_opp0p6535_lrmax1_exclyr,backsliding_Nyr,129,22,0.17008532574667612,0.5675641164235703,95,18,-0.12149656051957472,0.10689726738847127,0.2557167830634466,-0.5054932878512919,0.8433017159734383,0.5488917576370745,30.697739084249907
8,backsliding_Nyr,Y_inflation,"CPI, cumulative log",inflation,instr-antiplural_w8_trt-ert_gapany_illib0p6535_opp0p6535_lrmax1_exclyr,backsliding_Nyr,129,22,0.17008532574667612,0.5675641164235703,103,18,0.16405721937610784,0.3312980532595532,0.6204623094959105,0.20783773975456457,1.547572092631322,0.8931659624330378,16.341679577963628
8,backsliding_Nyr,Y_unemployment,Unemployment rate,unemployment,instr-antiplural_w8_trt-ert_gapany_illib0p6535_opp0p6535_lrmax1_exclyr,backsliding_Nyr,129,22,0.17008532574667612,0.5675641164235703,88,19,-2.449817760432674,1.5049620352205575,0.10356158424184708,-5.503369004862099,10.50475108147133,0.6003527355802338,30.362575590313632
8,backsliding_Nyr,Y_trade_pct_gdp,Trade / GDP,trade,instr-antiplural_w8_trt-ert_gapany_illib0p6535_opp0p6535_lrmax1_exclyr,backsliding_Nyr,129,22,0.17008532574667612,0.5675641164235703,100,18,-12.636765442415886,20.24390435090377,0.5324793685706335,-36.37196214498599,90.07157983561733,0.6863511564630908,17.34233923969742
8,backsliding_Nyr,Y_top10_share,Top-10% income share,top10,instr-antiplural_w8_trt-ert_gapany_illib0p6535_opp0p6535_lrmax1_exclyr,backsliding_Nyr,129,22,0.17008532574667612,0.5675641164235703,105,19,-1.1286123710185691,2.449047750563623,0.6449153919124453,-5.533321855791148,13.534168175311478,0.6826564032477378,24.745910554181055
8,backsliding_Nyr,Y_gini_disp,Disposable,gini,instr-antiplural_w8_trt-ert_gapany_illib0p6535_opp0p6535_lrmax1_exclyr,backsliding_Nyr,129,22,0.17008532574667612,0.5675641164235703,80,15,2.378752554444789,1.6362432927135038,0.1460048049341055,3.6986514472787224,7.55781398625428,0.6245719024566248,18.892708841279045
8,backsliding_Nyr,Y_gini_mkt,Market,gini,instr-antiplural_w8_trt-ert_gapany_illib0p6535_opp0p6535_lrmax1_exclyr,backsliding_Nyr,129,22,0.17008532574667612,0.5675641164235703,80,15,2.3358658477606067,1.5705561287013583,0.1369393400422345,3.231649262516373,6.785568050981628,0.633893922285836,18.838740116077556
8,backsliding_Nyr,Y_debt,Debt / GDP,fiscal,instr-antiplural_w8_trt-ert_gapany_illib0p6535_opp0p6535_lrmax1_exclyr,backsliding_Nyr,129,22,0.17008532574667612,0.5675641164235703,107,19,133.368221689323,187.59827669837355,0.47713098780567753,317.3753393343501,616.4460454565461,0.6066600047710233,20.39017264306921
8,backsliding_Nyr,Y_deficit,Deficit / GDP,fiscal,instr-antiplural_w8_trt-ert_gapany_illib0p6535_opp0p6535_lrmax1_exclyr,backsliding_Nyr,129,22,0.17008532574667612,0.5675641164235703,89,17,-2.3830004740128996,2.08489298761623,0.25304500566918237,-8.455566581825325,14.947812815047184,0.5716164356746353,20.05021161347972
8,backsliding_Nyr,Y_checks_balances,Checks & balances,institutions,instr-antiplural_w8_trt-ert_gapany_illib0p6535_opp0p6535_lrmax1_exclyr,backsliding_Nyr,129,22,0.17008532574667612,0.5675641164235703,113,19,0.03789454195392335,0.09989503711358784,0.7044327344836925,0.1540148713683702,0.798694230986391,0.8470894966852295,27.474456443421868
8,backsliding_Nyr,Y_jucon,Judicial constraints,institutions,instr-antiplural_w8_trt-ert_gapany_illib0p6535_opp0p6535_lrmax1_exclyr,backsliding_Nyr,129,22,0.17008532574667612,0.5675641164235703,118,20,0.12584702633867784,0.06616640525708302,0.05717407189442836,0.6405556385499774,1.0923962238918128,0.5576224318674897,18.44879640538841
8,backsliding_Nyr,Y_legcon,Legislative constraints,institutions,instr-antiplural_w8_trt-ert_gapany_illib0p6535_opp0p6535_lrmax1_exclyr,backsliding_Nyr,129,22,0.17008532574667612,0.5675641164235703,113,19,-0.0716534236621251,0.16553351926554935,0.6651139155322552,-0.35751127869083776,1.0205839736016562,0.7261130412107455,30.92220503138731
8,backsliding_Nyr,Y_hos_power,HOS,exec_power,instr-antiplural_w8_trt-ert_gapany_illib0p6535_opp0p6535_lrmax1_exclyr,backsliding_Nyr,129,22,0.17008532574667612,0.5675641164235703,118,20,-0.05970226526105875,0.05446095587723069,0.2729738634781762,-0.3698698460828628,0.6399164429332656,0.5632660794383845,22.385995090334045
8,backsliding_Nyr,Y_hog_power,HOG,exec_power,instr-antiplural_w8_trt-ert_gapany_illib0p6535_opp0p6535_lrmax1_exclyr,backsliding_Nyr,129,22,0.17008532574667612,0.5675641164235703,40,15,0.2437180160574028,0.22753932496088553,0.2841231936035791,0.723546017689004,1.3064591191166872,0.5797005576225427,27.58783180595623
8,backsliding_Nyr,Y_hos_power_vdem,HOS (v2ex_hosw),exec_power_alt,instr-antiplural_w8_trt-ert_gapany_illib0p6535_opp0p6535_lrmax1_exclyr,backsliding_Nyr,129,22,0.17008532574667612,0.5675641164235703,118,20,0.00734316966328898,0.01434350828717674,0.6086854864092879,0.11020234077581706,0.21825108379201671,0.613605360002391,26.52999208076179
8,backsliding_Nyr,Y_hog_power_vdem,HOG (v2ex_hogw),exec_power_alt,instr-antiplural_w8_trt-ert_gapany_illib0p6535_opp0p6535_lrmax1_exclyr,backsliding_Nyr,129,22,0.17008532574667612,0.5675641164235703,118,20,-0.0015959228589731,0.00899991737545063,0.8592520229926149,-0.07217773008952834,0.05974887745823151,0.22704027023782697,21.56916056257052
8,backsliding_Nyr,Y_polyarchy,Electoral (polyarchy),vdem_high,instr-antiplural_w8_trt-ert_gapany_illib0p6535_opp0p6535_lrmax1_exclyr,backsliding_Nyr,129,22,0.17008532574667612,0.5675641164235703,118,20,-0.03964510775502063,0.11906144532194124,0.7391492046440591,0.10142951746721755,0.6583845889463542,0.8775638788965432,31.24539627528404
8,backsliding_Nyr,Y_libdem,Liberal,vdem_high,instr-antiplural_w8_trt-ert_gapany_illib0p6535_opp0p6535_lrmax1_exclyr,backsliding_Nyr,129,22,0.17008532574667612,0.5675641164235703,118,20,0.00705752871580014,0.09935031339016648,0.9433684643002476,0.1834467695227688,0.7105948850478322,0.7962838680817865,31.372204734484665
8,backsliding_Nyr,Y_partipdem,Participatory,vdem_high,instr-antiplural_w8_trt-ert_gapany_illib0p6535_opp0p6535_lrmax1_exclyr,backsliding_Nyr,129,22,0.17008532574667612,0.5675641164235703,118,20,0.0073613733461912,0.0698220346357535,0.91603420038301,0.1610974665898467,0.5394679051995315,0.7652277958797371,31.239599045365328
8,backsliding_Nyr,Y_delibdem,Deliberative,vdem_high,instr-antiplural_w8_trt-ert_gapany_illib0p6535_opp0p6535_lrmax1_exclyr,backsliding_Nyr,129,22,0.17008532574667612,0.5675641164235703,118,20,-0.00563609653407474,0.12816974384048632,0.9649253762174824,0.02455837833479001,0.7618621300098938,0.9742849037004152,31.701108292513204
8,backsliding_Nyr,Y_egaldem,Egalitarian,vdem_high,instr-antiplural_w8_trt-ert_gapany_illib0p6535_opp0p6535_lrmax1_exclyr,backsliding_Nyr,129,22,0.17008532574667612,0.5675641164235703,118,20,-0.01181159728372556,0.07817658268572872,0.8799057559989788,0.15963110880237583,0.5537696501795238,0.7731456924972893,30.97561951039724
8,backsliding_Nyr,Y_elecoff,Elected officials,vdem_electoral,instr-antiplural_w8_trt-ert_gapany_illib0p6535_opp0p6535_lrmax1_exclyr,backsliding_Nyr,129,22,0.17008532574667612,0.5675641164235703,118,20,-0.1424316181520414,0.25057140634537656,0.5697448841063589,0.41892273542771713,1.4975589923781234,0.7796792505038347,23.922416446094285
8,backsliding_Nyr,Y_frefair,Clean elections,vdem_electoral,instr-antiplural_w8_trt-ert_gapany_illib0p6535_opp0p6535_lrmax1_exclyr,backsliding_Nyr,129,22,0.17008532574667612,0.5675641164235703,118,20,-0.11429327703309118,0.15465255396501432,0.45988720991543774,-0.10289410650882058,0.8704535215613882,0.90590327309936,32.10483325412218
8,backsliding_Nyr,Y_frassoc,Association,vdem_electoral,instr-antiplural_w8_trt-ert_gapany_illib0p6535_opp0p6535_lrmax1_exclyr,backsliding_Nyr,129,22,0.17008532574667612,0.5675641164235703,118,20,-0.00490460969869716,0.1181797830442982,0.9668962897635984,-0.06636285288569913,0.7195353602414132,0.9265151853491972,33.52468472534139
8,backsliding_Nyr,Y_suffr,Suffrage,vdem_electoral,instr-antiplural_w8_trt-ert_gapany_illib0p6535_opp0p6535_lrmax1_exclyr,backsliding_Nyr,129,22,0.17008532574667612,0.5675641164235703,118,20,0.00336496292667613,0.00390079915178471,0.3883385964185682,0.01224986037889647,0.01416024480265212,0.38699039276888375,15.523090403798957
8,backsliding_Nyr,Y_freexp,Expression & alt. info,vdem_electoral,instr-antiplural_w8_trt-ert_gapany_illib0p6535_opp0p6535_lrmax1_exclyr,backsliding_Nyr,129,22,0.17008532574667612,0.5675641164235703,118,20,-0.00676253739340218,0.1044909046642946,0.9483978068509464,-0.00403937061092495,0.6325156064659707,0.9949045849528814,26.512217302436248
8,backsliding_Nyr,Y_cl_rol,Rule of law,vdem_liberal,instr-antiplural_w8_trt-ert_gapany_illib0p6535_opp0p6535_lrmax1_exclyr,backsliding_Nyr,129,22,0.17008532574667612,0.5675641164235703,118,20,-0.0505371917765697,0.0894504053611538,0.5720911564458058,-0.20422959108633865,0.5199260826671019,0.6944634742454232,24.089120869737968
8,backsliding_Nyr,Y_cspart,Civil society,vdem_particip,instr-antiplural_w8_trt-ert_gapany_illib0p6535_opp0p6535_lrmax1_exclyr,backsliding_Nyr,129,22,0.17008532574667612,0.5675641164235703,118,20,-0.06382481159434877,0.09631427839947024,0.5075404061787694,-0.21950572742269697,0.829729020413807,0.7913552925239632,23.881460823465225
8,backsliding_Nyr,Y_dd,Direct democracy,vdem_particip,instr-antiplural_w8_trt-ert_gapany_illib0p6535_opp0p6535_lrmax1_exclyr,backsliding_Nyr,129,22,0.17008532574667612,0.5675641164235703,118,20,0.06602653301699171,0.02728896340777091,0.01554047327468994,0.4149585818859831,0.7595251912382248,0.5848326173291444,28.293764871856737
8,backsliding_Nyr,Y_locelec,Local elections,vdem_particip,instr-antiplural_w8_trt-ert_gapany_illib0p6535_opp0p6535_lrmax1_exclyr,backsliding_Nyr,129,22,0.17008532574667612,0.5675641164235703,116,20,0.01548059518591206,0.1464130622560735,0.9157947232242506,0.2687028273602559,0.9985680755306744,0.7878618558948843,29.911018679360108
8,backsliding_Nyr,Y_regelec,Regional elections,vdem_particip,instr-antiplural_w8_trt-ert_gapany_illib0p6535_opp0p6535_lrmax1_exclyr,backsliding_Nyr,129,22,0.17008532574667612,0.5675641164235703,118,20,0.03463634995103305,0.08824641593859865,0.6946918945232508,0.2938446645603635,0.5934567722544283,0.6205007311960227,25.543436374715174
8,backsliding_Nyr,Y_delib,Deliberation,vdem_egal_delib,instr-antiplural_w8_trt-ert_gapany_illib0p6535_opp0p6535_lrmax1_exclyr,backsliding_Nyr,129,22,0.17008532574667612,0.5675641164235703,118,20,-0.07446323010785239,0.15732769542609742,0.6359990176657403,-0.469103419321556,1.0265379797028324,0.647688156348251,32.60842007867577
8,backsliding_Nyr,Y_eqprotec,Equal protection,vdem_egal_delib,instr-antiplural_w8_trt-ert_gapany_illib0p6535_opp0p6535_lrmax1_exclyr,backsliding_Nyr,129,22,0.17008532574667612,0.5675641164235703,118,20,0.0503066982722998,0.0837859286697061,0.5482267519202049,0.3844430751932253,1.001104502412805,0.7009644205547427,27.679534670485506
8,backsliding_Nyr,Y_eqaccess,Equal access,vdem_egal_delib,instr-antiplural_w8_trt-ert_gapany_illib0p6535_opp0p6535_lrmax1_exclyr,backsliding_Nyr,129,22,0.17008532574667612,0.5675641164235703,118,20,0.02112562011596144,0.072642876975773,0.7711930037148098,0.00117190996168196,0.43128065526611986,0.9978319275325964,22.985890180932167
8,backsliding_Nyr,Y_eqdr,Equal distribution,vdem_egal_delib,instr-antiplural_w8_trt-ert_gapany_illib0p6535_opp0p6535_lrmax1_exclyr,backsliding_Nyr,129,22,0.17008532574667612,0.5675641164235703,118,20,-0.01173448417988335,0.07485128296178487,0.8754256057880474,0.07441749231082782,0.427882849229007,0.861928137591367,29.66512409889259
8,backsliding_union_Nyr,Y_gdp_growth,PWT,growth,instr-antiplural_w8_trt-ertOrDdcg_gapany_illib0p6535_opp0p6535_lrmax1_exclyr,backsliding_union_Nyr,129,28,0.26216404499593987,0.41655969332747533,109,26,-0.20419084779603391,0.14119009566099036,0.1481176751434214,-0.4109396240638629,0.4868841414261059,0.3986586072212277,18.64059739783683
8,backsliding_union_Nyr,Y_gdp_growth_wb,World Bank,growth,instr-antiplural_w8_trt-ertOrDdcg_gapany_illib0p6535_opp0p6535_lrmax1_exclyr,backsliding_union_Nyr,129,28,0.26216404499593987,0.41655969332747533,113,26,-0.06386869985531388,0.1374112859396649,0.6420750309879766,0.03694727835035624,0.5370180924529872,0.9451481753985452,24.73837257102485
8,backsliding_union_Nyr,Y_gdp_growth_imf,IMF WEO,growth,instr-antiplural_w8_trt-ertOrDdcg_gapany_illib0p6535_opp0p6535_lrmax1_exclyr,backsliding_union_Nyr,129,28,0.26216404499593987,0.41655969332747533,95,22,-0.12149656051957472,0.10689726738847127,0.2557167830634466,-0.3202613838320269,0.4858676903512593,0.5097972098154988,25.416440715466702
8,backsliding_union_Nyr,Y_inflation,"CPI, cumulative log",inflation,instr-antiplural_w8_trt-ertOrDdcg_gapany_illib0p6535_opp0p6535_lrmax1_exclyr,backsliding_union_Nyr,129,28,0.26216404499593987,0.41655969332747533,103,21,0.16405721937610784,0.3312980532595532,0.6204623094959105,0.23442345163627024,0.9563910555247752,0.8063692848029301,15.528780196615813
8,backsliding_union_Nyr,Y_unemployment,Unemployment rate,unemployment,instr-antiplural_w8_trt-ertOrDdcg_gapany_illib0p6535_opp0p6535_lrmax1_exclyr,backsliding_union_Nyr,129,28,0.26216404499593987,0.41655969332747533,88,23,-2.449817760432674,1.5049620352205575,0.10356158424184708,-5.377150273065677,7.735321935577797,0.4869660639132702,25.07577323395197
8,backsliding_union_Nyr,Y_trade_pct_gdp,Trade / GDP,trade,instr-antiplural_w8_trt-ertOrDdcg_gapany_illib0p6535_opp0p6535_lrmax1_exclyr,backsliding_union_Nyr,129,28,0.26216404499593987,0.41655969332747533,100,23,-12.636765442415886,20.24390435090377,0.5324793685706335,-23.779906500412324,58.620349153752805,0.6849927416459576,20.15615433467661
8,backsliding_union_Nyr,Y_top10_share,Top-10% income share,top10,instr-antiplural_w8_trt-ertOrDdcg_gapany_illib0p6535_opp0p6535_lrmax1_exclyr,backsliding_union_Nyr,129,28,0.26216404499593987,0.41655969332747533,105,24,-1.1286123710185691,2.449047750563623,0.6449153919124453,-4.365037006470335,9.37457150251866,0.6414837807733018,23.580284732747753
8,backsliding_union_Nyr,Y_gini_disp,Disposable,gini,instr-antiplural_w8_trt-ertOrDdcg_gapany_illib0p6535_opp0p6535_lrmax1_exclyr,backsliding_union_Nyr,129,28,0.26216404499593987,0.41655969332747533,80,18,2.378752554444789,1.6362432927135038,0.1460048049341055,4.150327574165332,4.983827922992744,0.4049806602824138,19.417483439690372
8,backsliding_union_Nyr,Y_gini_mkt,Market,gini,instr-antiplural_w8_trt-ertOrDdcg_gapany_illib0p6535_opp0p6535_lrmax1_exclyr,backsliding_union_Nyr,129,28,0.26216404499593987,0.41655969332747533,80,18,2.3358658477606067,1.5705561287013583,0.1369393400422345,3.311468854994285,4.885252214120046,0.497866721704759,20.296294634011968
8,backsliding_union_Nyr,Y_debt,Debt / GDP,fiscal,instr-antiplural_w8_trt-ertOrDdcg_gapany_illib0p6535_opp0p6535_lrmax1_exclyr,backsliding_union_Nyr,129,28,0.26216404499593987,0.41655969332747533,107,24,133.368221689323,187.59827669837355,0.47713098780567753,118.03722965786818,532.8252326534767,0.8246791140883819,28.80508834291369
8,backsliding_union_Nyr,Y_deficit,Deficit / GDP,fiscal,instr-antiplural_w8_trt-ertOrDdcg_gapany_illib0p6535_opp0p6535_lrmax1_exclyr,backsliding_union_Nyr,129,28,0.26216404499593987,0.41655969332747533,89,20,-2.3830004740128996,2.08489298761623,0.25304500566918237,-5.414623989747806,8.265797879630238,0.5124267541548663,18.788283341106126
8,backsliding_union_Nyr,Y_checks_balances,Checks & balances,institutions,instr-antiplural_w8_trt-ertOrDdcg_gapany_illib0p6535_opp0p6535_lrmax1_exclyr,backsliding_union_Nyr,129,28,0.26216404499593987,0.41655969332747533,113,25,0.03789454195392335,0.09989503711358784,0.7044327344836925,0.0814989284636497,0.6393287448956506,0.8985638439750168,29.216886125859965
8,backsliding_union_Nyr,Y_jucon,Judicial constraints,institutions,instr-antiplural_w8_trt-ertOrDdcg_gapany_illib0p6535_opp0p6535_lrmax1_exclyr,backsliding_union_Nyr,129,28,0.26216404499593987,0.41655969332747533,118,26,0.12584702633867784,0.06616640525708302,0.05717407189442836,0.5005556633478006,0.8318726337417169,0.5473595245782383,22.762091956115626
8,backsliding_union_Nyr,Y_legcon,Legislative constraints,institutions,instr-antiplural_w8_trt-ertOrDdcg_gapany_illib0p6535_opp0p6535_lrmax1_exclyr,backsliding_union_Nyr,129,28,0.26216404499593987,0.41655969332747533,113,25,-0.0716534236621251,0.16553351926554935,0.6651139155322552,-0.27295116717851986,0.8139945793719384,0.7373813873492953,27.811849017392117
8,backsliding_union_Nyr,Y_hos_power,HOS,exec_power,instr-antiplural_w8_trt-ertOrDdcg_gapany_illib0p6535_opp0p6535_lrmax1_exclyr,backsliding_union_Nyr,129,28,0.26216404499593987,0.41655969332747533,118,26,-0.05970226526105875,0.05446095587723069,0.2729738634781762,-0.290264756581768,0.42476114448574354,0.4943794176023661,24.20880312902629
8,backsliding_union_Nyr,Y_hog_power,HOG,exec_power,instr-antiplural_w8_trt-ertOrDdcg_gapany_illib0p6535_opp0p6535_lrmax1_exclyr,backsliding_union_Nyr,129,28,0.26216404499593987,0.41655969332747533,40,19,0.2437180160574028,0.22753932496088553,0.2841231936035791,0.22584093719163892,0.3815399645865987,0.5539045090741872,27.569953217490987
8,backsliding_union_Nyr,Y_hos_power_vdem,HOS (v2ex_hosw),exec_power_alt,instr-antiplural_w8_trt-ertOrDdcg_gapany_illib0p6535_opp0p6535_lrmax1_exclyr,backsliding_union_Nyr,129,28,0.26216404499593987,0.41655969332747533,118,26,0.00734316966328898,0.01434350828717674,0.6086854864092879,0.03524975023349688,0.0385164688413982,0.3600937588823185,19.22692272256771
8,backsliding_union_Nyr,Y_hog_power_vdem,HOG (v2ex_hogw),exec_power_alt,instr-antiplural_w8_trt-ertOrDdcg_gapany_illib0p6535_opp0p6535_lrmax1_exclyr,backsliding_union_Nyr,129,28,0.26216404499593987,0.41655969332747533,118,26,-0.0015959228589731,0.00899991737545063,0.8592520229926149,-0.0099838185395383,0.02198286825402975,0.649711081307076,15.246949273730763
8,backsliding_union_Nyr,Y_polyarchy,Electoral (polyarchy),vdem_high,instr-antiplural_w8_trt-ertOrDdcg_gapany_illib0p6535_opp0p6535_lrmax1_exclyr,backsliding_union_Nyr,129,28,0.26216404499593987,0.41655969332747533,118,26,-0.03964510775502063,0.11906144532194124,0.7391492046440591,0.07609830784029918,0.5327895807993009,0.8864244848948144,30.161675743264286
8,backsliding_union_Nyr,Y_libdem,Liberal,vdem_high,instr-antiplural_w8_trt-ertOrDdcg_gapany_illib0p6535_opp0p6535_lrmax1_exclyr,backsliding_union_Nyr,129,28,0.26216404499593987,0.41655969332747533,118,26,0.00705752871580014,0.09935031339016648,0.9433684643002476,0.12979953892829046,0.5538080426284936,0.8146927734644464,29.720226278327825
8,backsliding_union_Nyr,Y_partipdem,Participatory,vdem_high,instr-antiplural_w8_trt-ertOrDdcg_gapany_illib0p6535_opp0p6535_lrmax1_exclyr,backsliding_union_Nyr,129,28,0.26216404499593987,0.41655969332747533,118,26,0.0073613733461912,0.0698220346357535,0.91603420038301,0.11152655626083333,0.4117529229889651,0.7865002806793666,29.839728619934135
8,backsliding_union_Nyr,Y_delibdem,Deliberative,vdem_high,instr-antiplural_w8_trt-ertOrDdcg_gapany_illib0p6535_opp0p6535_lrmax1_exclyr,backsliding_union_Nyr,129,28,0.26216404499593987,0.41655969332747533,118,26,-0.00563609653407474,0.12816974384048632,0.9649253762174824,0.01367646894803548,0.6328427667407613,0.9827581278645086,30.13366619052802
8,backsliding_union_Nyr,Y_egaldem,Egalitarian,vdem_high,instr-antiplural_w8_trt-ertOrDdcg_gapany_illib0p6535_opp0p6535_lrmax1_exclyr,backsliding_union_Nyr,129,28,0.26216404499593987,0.41655969332747533,118,26,-0.01181159728372556,0.07817658268572872,0.8799057559989788,0.1005473543585894,0.4055934263091758,0.8042103606413301,28.583138221032396
8,backsliding_union_Nyr,Y_elecoff,Elected officials,vdem_electoral,instr-antiplural_w8_trt-ertOrDdcg_gapany_illib0p6535_opp0p6535_lrmax1_exclyr,backsliding_union_Nyr,129,28,0.26216404499593987,0.41655969332747533,118,26,-0.1424316181520414,0.25057140634537656,0.5697448841063589,0.1820080766161689,1.1107693415310338,0.8698431907694627,23.55354380055066
8,backsliding_union_Nyr,Y_frefair,Clean elections,vdem_electoral,instr-antiplural_w8_trt-ertOrDdcg_gapany_illib0p6535_opp0p6535_lrmax1_exclyr,backsliding_union_Nyr,129,28,0.26216404499593987,0.41655969332747533,118,26,-0.11429327703309118,0.15465255396501432,0.45988720991543774,-0.10322613690502434,0.6875495812412123,0.8806570965423337,25.95614706847186
8,backsliding_union_Nyr,Y_frassoc,Association,vdem_electoral,instr-antiplural_w8_trt-ertOrDdcg_gapany_illib0p6535_opp0p6535_lrmax1_exclyr,backsliding_union_Nyr,129,28,0.26216404499593987,0.41655969332747533,118,26,-0.00490460969869716,0.1181797830442982,0.9668962897635984,-0.0314709324870903,0.6203715301940117,0.959541332694872,32.21963633762116
8,backsliding_union_Nyr,Y_suffr,Suffrage,vdem_electoral,instr-antiplural_w8_trt-ertOrDdcg_gapany_illib0p6535_opp0p6535_lrmax1_exclyr,backsliding_union_Nyr,129,28,0.26216404499593987,0.41655969332747533,118,26,0.00336496292667613,0.00390079915178471,0.3883385964185682,0.01003597194604566,0.01092704894456278,0.35838218235123154,14.822311336973849
8,backsliding_union_Nyr,Y_freexp,Expression & alt. info,vdem_electoral,instr-antiplural_w8_trt-ertOrDdcg_gapany_illib0p6535_opp0p6535_lrmax1_exclyr,backsliding_union_Nyr,129,28,0.26216404499593987,0.41655969332747533,118,26,-0.00676253739340218,0.1044909046642946,0.9483978068509464,-0.08047684398509893,0.444551965903335,0.8563447318735887,21.63373855332428
8,backsliding_union_Nyr,Y_cl_rol,Rule of law,vdem_liberal,instr-antiplural_w8_trt-ertOrDdcg_gapany_illib0p6535_opp0p6535_lrmax1_exclyr,backsliding_union_Nyr,129,28,0.26216404499593987,0.41655969332747533,118,26,-0.0505371917765697,0.0894504053611538,0.5720911564458058,-0.17606320690210858,0.31100330768571066,0.5713165482620137,19.4157452851519
8,backsliding_union_Nyr,Y_cspart,Civil society,vdem_particip,instr-antiplural_w8_trt-ertOrDdcg_gapany_illib0p6535_opp0p6535_lrmax1_exclyr,backsliding_union_Nyr,129,28,0.26216404499593987,0.41655969332747533,118,26,-0.06382481159434877,0.09631427839947024,0.5075404061787694,-0.2957250386399218,0.6184095228404078,0.6325060156705871,28.884348605484764
8,backsliding_union_Nyr,Y_dd,Direct democracy,vdem_particip,instr-antiplural_w8_trt-ertOrDdcg_gapany_illib0p6535_opp0p6535_lrmax1_exclyr,backsliding_union_Nyr,129,28,0.26216404499593987,0.41655969332747533,118,26,0.06602653301699171,0.02728896340777091,0.01554047327468994,0.18246495654032513,0.3905586351828196,0.6403641897638939,22.64168670788689
8,backsliding_union_Nyr,Y_locelec,Local elections,vdem_particip,instr-antiplural_w8_trt-ertOrDdcg_gapany_illib0p6535_opp0p6535_lrmax1_exclyr,backsliding_union_Nyr,129,28,0.26216404499593987,0.41655969332747533,116,26,0.01548059518591206,0.1464130622560735,0.9157947232242506,0.10820516070347436,0.6992926509363305,0.8770301096041333,25.13189232910444
8,backsliding_union_Nyr,Y_regelec,Regional elections,vdem_particip,instr-antiplural_w8_trt-ertOrDdcg_gapany_illib0p6535_opp0p6535_lrmax1_exclyr,backsliding_union_Nyr,129,28,0.26216404499593987,0.41655969332747533,118,26,0.03463634995103305,0.08824641593859865,0.6946918945232508,0.1441108122471182,0.4224959192046459,0.7330328372606462,22.888377080228462
8,backsliding_union_Nyr,Y_delib,Deliberation,vdem_egal_delib,instr-antiplural_w8_trt-ertOrDdcg_gapany_illib0p6535_opp0p6535_lrmax1_exclyr,backsliding_union_Nyr,129,28,0.26216404499593987,0.41655969332747533,118,26,-0.07446323010785239,0.15732769542609742,0.6359990176657403,-0.32550412334767187,0.8470622338188111,0.7007752622218069,29.79576457913439
8,backsliding_union_Nyr,Y_eqprotec,Equal protection,vdem_egal_delib,instr-antiplural_w8_trt-ertOrDdcg_gapany_illib0p6535_opp0p6535_lrmax1_exclyr,backsliding_union_Nyr,129,28,0.26216404499593987,0.41655969332747533,118,26,0.0503066982722998,0.0837859286697061,0.5482267519202049,0.2277572549991373,0.7036795536306435,0.746190797550312,25.887703243737896
8,backsliding_union_Nyr,Y_eqaccess,Equal access,vdem_egal_delib,instr-antiplural_w8_trt-ertOrDdcg_gapany_illib0p6535_opp0p6535_lrmax1_exclyr,backsliding_union_Nyr,129,28,0.26216404499593987,0.41655969332747533,118,26,0.02112562011596144,0.072642876975773,0.7711930037148098,0.02550498886913726,0.3171183531520573,0.9358973749818388,22.193410498047967
8,backsliding_union_Nyr,Y_eqdr,Equal distribution,vdem_egal_delib,instr-antiplural_w8_trt-ertOrDdcg_gapany_illib0p6535_opp0p6535_lrmax1_exclyr,backsliding_union_Nyr,129,28,0.26216404499593987,0.41655969332747533,118,26,-0.01173448417988335,0.07485128296178487,0.8754256057880474,0.05522798155815202,0.3484240194906021,0.8740565464918693,29.141611408160564
8,polyarchy_decline,Y_gdp_growth,PWT,growth,instr-antiplural_w8_trt-polyarchy_gapany_illib0p6535_opp0p6535_lrmax1_exclyr,polyarchy_decline,118,46,0.03964510775502063,0.7391492046440591,109,41,-0.20419084779603391,0.14119009566099036,0.1481176751434214,-1.2838804300297109,2.561964136849697,0.6162787166846169,22.298552439024004
8,polyarchy_decline,Y_gdp_growth_wb,World Bank,growth,instr-antiplural_w8_trt-polyarchy_gapany_illib0p6535_opp0p6535_lrmax1_exclyr,polyarchy_decline,118,46,0.03964510775502063,0.7391492046440591,113,44,-0.06386869985531388,0.1374112859396649,0.6420750309879766,19.68771377403057,338.6371913459791,0.9536386477438756,23.25090769470141
8,polyarchy_decline,Y_gdp_growth_imf,IMF WEO,growth,instr-antiplural_w8_trt-polyarchy_gapany_illib0p6535_opp0p6535_lrmax1_exclyr,polyarchy_decline,118,46,0.03964510775502063,0.7391492046440591,95,35,-0.12149656051957472,0.10689726738847127,0.2557167830634466,4.968886673575044,157.68132794485564,0.9748610570638686,25.58125716149842
8,polyarchy_decline,Y_inflation,"CPI, cumulative log",inflation,instr-antiplural_w8_trt-polyarchy_gapany_illib0p6535_opp0p6535_lrmax1_exclyr,polyarchy_decline,118,46,0.03964510775502063,0.7391492046440591,103,38,0.16405721937610784,0.3312980532595532,0.6204623094959105,-7.918176831921079,38.78423629504184,0.8382287272607843,20.35062255002893
8,polyarchy_decline,Y_unemployment,Unemployment rate,unemployment,instr-antiplural_w8_trt-polyarchy_gapany_illib0p6535_opp0p6535_lrmax1_exclyr,polyarchy_decline,118,46,0.03964510775502063,0.7391492046440591,88,37,-2.449817760432674,1.5049620352205575,0.10356158424184708,39.866546467835455,151.37516121711946,0.792271162905507,37.996259685663176
8,polyarchy_decline,Y_trade_pct_gdp,Trade / GDP,trade,instr-antiplural_w8_trt-polyarchy_gapany_illib0p6535_opp0p6535_lrmax1_exclyr,polyarchy_decline,118,46,0.03964510775502063,0.7391492046440591,100,38,-12.636765442415886,20.24390435090377,0.5324793685706335,281.8596131078214,1076.7466001475725,0.793499015912733,21.737910822922423
8,polyarchy_decline,Y_top10_share,Top-10% income share,top10,instr-antiplural_w8_trt-polyarchy_gapany_illib0p6535_opp0p6535_lrmax1_exclyr,polyarchy_decline,118,46,0.03964510775502063,0.7391492046440591,105,40,-1.1286123710185691,2.449047750563623,0.6449153919124453,2702.0270744305694,26444.94988428452,0.9186173411883828,20.5195775711474
8,polyarchy_decline,Y_gini_disp,Disposable,gini,instr-antiplural_w8_trt-polyarchy_gapany_illib0p6535_opp0p6535_lrmax1_exclyr,polyarchy_decline,118,46,0.03964510775502063,0.7391492046440591,80,31,2.378752554444789,1.6362432927135038,0.1460048049341055,-937.3746624522208,11580.414965582278,0.9354858317280536,21.05215012163892
8,polyarchy_decline,Y_gini_mkt,Market,gini,instr-antiplural_w8_trt-polyarchy_gapany_illib0p6535_opp0p6535_lrmax1_exclyr,polyarchy_decline,118,46,0.03964510775502063,0.7391492046440591,80,31,2.3358658477606067,1.5705561287013583,0.1369393400422345,-793.7950137868768,10193.793386395962,0.9379311261315836,21.12074462506203
8,polyarchy_decline,Y_debt,Debt / GDP,fiscal,instr-antiplural_w8_trt-polyarchy_gapany_illib0p6535_opp0p6535_lrmax1_exclyr,polyarchy_decline,118,46,0.03964510775502063,0.7391492046440591,107,42,133.368221689323,187.59827669837355,0.47713098780567753,-1135.0600544120452,30714.592265721352,0.9705208263730792,27.8202569046405
8,polyarchy_decline,Y_deficit,Deficit / GDP,fiscal,instr-antiplural_w8_trt-polyarchy_gapany_illib0p6535_opp0p6535_lrmax1_exclyr,polyarchy_decline,118,46,0.03964510775502063,0.7391492046440591,89,36,-2.3830004740128996,2.08489298761623,0.25304500566918237,64.86969437868373,506.1428580018619,0.8980185617425746,25.57438098729219
8,polyarchy_decline,Y_checks_balances,Checks & balances,institutions,instr-antiplural_w8_trt-polyarchy_gapany_illib0p6535_opp0p6535_lrmax1_exclyr,polyarchy_decline,118,46,0.03964510775502063,0.7391492046440591,113,44,0.03789454195392335,0.09989503711358784,0.7044327344836925,-2.6464978229598057,18.26244655012561,0.8847781828553616,24.9505865360982
8,polyarchy_decline,Y_jucon,Judicial constraints,institutions,instr-antiplural_w8_trt-polyarchy_gapany_illib0p6535_opp0p6535_lrmax1_exclyr,polyarchy_decline,118,46,0.03964510775502063,0.7391492046440591,118,46,0.12584702633867784,0.06616640525708302,0.05717407189442836,-34.017081676803834,3301.975394393667,0.9917803069560858,21.868774966990763
8,polyarchy_decline,Y_legcon,Legislative constraints,institutions,instr-antiplural_w8_trt-polyarchy_gapany_illib0p6535_opp0p6535_lrmax1_exclyr,polyarchy_decline,118,46,0.03964510775502063,0.7391492046440591,113,44,-0.0716534236621251,0.16553351926554935,0.6651139155322552,10378.308647714792,253770.06264391704,0.9673784036866482,20.98226132867067
8,polyarchy_decline,Y_hos_power,HOS,exec_power,instr-antiplural_w8_trt-polyarchy_gapany_illib0p6535_opp0p6535_lrmax1_exclyr,polyarchy_decline,118,46,0.03964510775502063,0.7391492046440591,118,46,-0.05970226526105875,0.05446095587723069,0.2729738634781762,13.265195141514823,139.69928580770983,0.924350288943934,25.132142846928076
8,polyarchy_decline,Y_hog_power,HOG,exec_power,instr-antiplural_w8_trt-polyarchy_gapany_illib0p6535_opp0p6535_lrmax1_exclyr,polyarchy_decline,118,46,0.03964510775502063,0.7391492046440591,40,15,0.2437180160574028,0.22753932496088553,0.2841231936035791,-5.3613194056161,8.046483769822327,0.5052235534393476,26.682075073033467
8,polyarchy_decline,Y_hos_power_vdem,HOS (v2ex_hosw),exec_power_alt,instr-antiplural_w8_trt-polyarchy_gapany_illib0p6535_opp0p6535_lrmax1_exclyr,polyarchy_decline,118,46,0.03964510775502063,0.7391492046440591,118,46,0.00734316966328898,0.01434350828717674,0.6086854864092879,0.5973628582933973,0.7077566050836184,0.3986565491674341,16.07988966115586
8,polyarchy_decline,Y_hog_power_vdem,HOG (v2ex_hogw),exec_power_alt,instr-antiplural_w8_trt-polyarchy_gapany_illib0p6535_opp0p6535_lrmax1_exclyr,polyarchy_decline,118,46,0.03964510775502063,0.7391492046440591,118,46,-0.0015959228589731,0.00899991737545063,0.8592520229926149,-0.01254072642262248,0.33613816420189724,0.9702392280990456,14.494772192627604
8,polyarchy_decline,Y_polyarchy,Electoral (polyarchy),vdem_high,instr-antiplural_w8_trt-polyarchy_gapany_illib0p6535_opp0p6535_lrmax1_exclyr,polyarchy_decline,118,46,0.03964510775502063,0.7391492046440591,118,46,-0.03964510775502063,0.11906144532194124,0.7391492046440591,-1,6.188457467698702e-16,0,25.570970723466505
8,polyarchy_decline,Y_libdem,Liberal,vdem_high,instr-antiplural_w8_trt-polyarchy_gapany_illib0p6535_opp0p6535_lrmax1_exclyr,polyarchy_decline,118,46,0.03964510775502063,0.7391492046440591,118,46,0.00705752871580014,0.09935031339016648,0.9433684643002476,-3.70378271332354,27.49819111433352,0.8928555034107922,25.81935127308512
8,polyarchy_decline,Y_partipdem,Participatory,vdem_high,instr-antiplural_w8_trt-polyarchy_gapany_illib0p6535_opp0p6535_lrmax1_exclyr,polyarchy_decline,118,46,0.03964510775502063,0.7391492046440591,118,46,0.0073613733461912,0.0698220346357535,0.91603420038301,21.90276499828797,1093.60728064238,0.9840210374530014,22.949148127520207
8,polyarchy_decline,Y_delibdem,Deliberative,vdem_high,instr-antiplural_w8_trt-polyarchy_gapany_illib0p6535_opp0p6535_lrmax1_exclyr,polyarchy_decline,118,46,0.03964510775502063,0.7391492046440591,118,46,-0.00563609653407474,0.12816974384048632,0.9649253762174824,-0.25007455506083653,3.416751247229463,0.9416543343644052,28.48362988666248
8,polyarchy_decline,Y_egaldem,Egalitarian,vdem_high,instr-antiplural_w8_trt-polyarchy_gapany_illib0p6535_opp0p6535_lrmax1_exclyr,polyarchy_decline,118,46,0.03964510775502063,0.7391492046440591,118,46,-0.01181159728372556,0.07817658268572872,0.8799057559989788,5.1849326215134255,566.1455180423989,0.9926928329815876,22.411579570251916
8,polyarchy_decline,Y_elecoff,Elected officials,vdem_electoral,instr-antiplural_w8_trt-polyarchy_gapany_illib0p6535_opp0p6535_lrmax1_exclyr,polyarchy_decline,118,46,0.03964510775502063,0.7391492046440591,118,46,-0.1424316181520414,0.25057140634537656,0.5697448841063589,67.09996091128392,2734.8213218812975,0.9804255395509464,23.35049001634484
8,polyarchy_decline,Y_frefair,Clean elections,vdem_electoral,instr-antiplural_w8_trt-polyarchy_gapany_illib0p6535_opp0p6535_lrmax1_exclyr,polyarchy_decline,118,46,0.03964510775502063,0.7391492046440591,118,46,-0.11429327703309118,0.15465255396501432,0.45988720991543774,-121.88764413947904,4347.147899154908,0.97763141937170706,23.39493771659567
8,polyarchy_decline,Y_frassoc,Association,vdem_electoral,instr-antiplural_w8_trt-polyarchy_gapany_illib0p6535_opp0p6535_lrmax1_exclyr,polyarchy_decline,118,46,0.03964510775502063,0.7391492046440591,118,46,-0.00490460969869716,0.1181797830442982,0.9668962897635984,-1.3870597784829668,280.8395039117296,0.9960592827314928,22.48990101561581
8,polyarchy_decline,Y_suffr,Suffrage,vdem_electoral,instr-antiplural_w8_trt-polyarchy_gapany_illib0p6535_opp0p6535_lrmax1_exclyr,polyarchy_decline,118,46,0.03964510775502063,0.7391492046440591,118,46,0.00336496292667613,0.00390079915178471,0.3883385964185682,0.22647132246160595,0.2548714104944159,0.3742337280027561,16.533686647384176
8,polyarchy_decline,Y_freexp,Expression & alt. info,vdem_electoral,instr-antiplural_w8_trt-polyarchy_gapany_illib0p6535_opp0p6535_lrmax1_exclyr,polyarchy_decline,118,46,0.03964510775502063,0.7391492046440591,118,46,-0.00676253739340218,0.1044909046642946,0.9483978068509464,-57.15527075993458,1872.2534879870975,0.9756463394466052,23.45885419495946
8,polyarchy_decline,Y_cl_rol,Rule of law,vdem_liberal,instr-antiplural_w8_trt-polyarchy_gapany_illib0p6535_opp0p6535_lrmax1_exclyr,polyarchy_decline,118,46,0.03964510775502063,0.7391492046440591,118,46,-0.0505371917765697,0.0894504053611538,0.5720911564458058,-170.2640996281648,4848.046295012299,0.9719839361598198,23.597222926375125
8,polyarchy_decline,Y_cspart,Civil society,vdem_particip,instr-antiplural_w8_trt-polyarchy_gapany_illib0p6535_opp0p6535_lrmax1_exclyr,polyarchy_decline,118,46,0.03964510775502063,0.7391492046440591,118,46,-0.06382481159434877,0.09631427839947024,0.5075404061787694,-40980.40663868244,1660735.7980054808,0.9803133552078658,23.898093651890047
8,polyarchy_decline,Y_dd,Direct democracy,vdem_particip,instr-antiplural_w8_trt-polyarchy_gapany_illib0p6535_opp0p6535_lrmax1_exclyr,polyarchy_decline,118,46,0.03964510775502063,0.7391492046440591,118,46,0.06602653301699171,0.02728896340777091,0.01554047327468994,66.61393138154898,2191.7386069729996,0.975753474678718,22.73272488484413
8,polyarchy_decline,Y_locelec,Local elections,vdem_particip,instr-antiplural_w8_trt-polyarchy_gapany_illib0p6535_opp0p6535_lrmax1_exclyr,polyarchy_decline,118,46,0.03964510775502063,0.7391492046440591,116,46,0.01548059518591206,0.1464130622560735,0.9157947232242506,-20.055476533057057,3444.935854990823,0.9953549600433096,23.351104228106188
8,polyarchy_decline,Y_regelec,Regional elections,vdem_particip,instr-antiplural_w8_trt-polyarchy_gapany_illib0p6535_opp0p6535_lrmax1_exclyr,polyarchy_decline,118,46,0.03964510775502063,0.7391492046440591,118,46,0.03463634995103305,0.08824641593859865,0.6946918945232508,-5.201130162424764,155.69604626456604,0.9733510911491324,24.8678115763051
8,polyarchy_decline,Y_delib,Deliberation,vdem_egal_delib,instr-antiplural_w8_trt-polyarchy_gapany_illib0p6535_opp0p6535_lrmax1_exclyr,polyarchy_decline,118,46,0.03964510775502063,0.7391492046440591,118,46,-0.07446323010785239,0.15732769542609742,0.6359990176657403,-167.89614452228415,4430.261405496496,0.9697693500160878,23.118324285457692
8,polyarchy_decline,Y_eqprotec,Equal protection,vdem_egal_delib,instr-antiplural_w8_trt-polyarchy_gapany_illib0p6535_opp0p6535_lrmax1_exclyr,polyarchy_decline,118,46,0.03964510775502063,0.7391492046440591,118,46,0.0503066982722998,0.0837859286697061,0.5482267519202049,-5.702612718336054,264.2564168924156,0.9827831105399616,24.85794892220905
8,polyarchy_decline,Y_eqaccess,Equal access,vdem_egal_delib,instr-antiplural_w8_trt-polyarchy_gapany_illib0p6535_opp0p6535_lrmax1_exclyr,polyarchy_decline,118,46,0.03964510775502063,0.7391492046440591,118,46,0.02112562011596144,0.072642876975773,0.7711930037148098,9.020002378667266,242.80440437055233,0.9703660004625496,23.112686236383983
8,polyarchy_decline,Y_eqdr,Equal distribution,vdem_egal_delib,instr-antiplural_w8_trt-polyarchy_gapany_illib0p6535_opp0p6535_lrmax1_exclyr,polyarchy_decline,118,46,0.03964510775502063,0.7391492046440591,118,46,-0.01173448417988335,0.07485128296178487,0.8754256057880474,7.769545515811006,164.80195096522388,0.962397867728232,22.391563398050316
9,backsliding_Nyr,Y_gdp_growth,PWT,growth,instr-antiplural_w9_trt-ert_gapany_illib0p6535_opp0p6535_lrmax1_exclyr,backsliding_Nyr,129,24,0.09956928593773257,0.7068647507630083,106,22,-0.15469237712912046,0.17672981562377404,0.38140832560385113,-0.1748338356585244,0.6601559167423455,0.791134888691239,21.891419230848808
9,backsliding_Nyr,Y_gdp_growth_wb,World Bank,growth,instr-antiplural_w9_trt-ert_gapany_illib0p6535_opp0p6535_lrmax1_exclyr,backsliding_Nyr,129,24,0.09956928593773257,0.7068647507630083,109,22,-0.11709380430518708,0.15524564034642935,0.4506999698878416,-0.33851819971572694,0.7873341094308569,0.6672284101984833,21.213642650422106
9,backsliding_Nyr,Y_gdp_growth_imf,IMF WEO,growth,instr-antiplural_w9_trt-ert_gapany_illib0p6535_opp0p6535_lrmax1_exclyr,backsliding_Nyr,129,24,0.09956928593773257,0.7068647507630083,92,20,-0.16223719324887623,0.11966814778329256,0.17518643305554313,-1.1261362641727946,1.7711049590035994,0.5248818587785727,30.44696310758269
9,backsliding_Nyr,Y_inflation,"CPI, cumulative log",inflation,instr-antiplural_w9_trt-ert_gapany_illib0p6535_opp0p6535_lrmax1_exclyr,backsliding_Nyr,129,24,0.09956928593773257,0.7068647507630083,99,20,0.01737789005156331,0.4022275792740556,0.9655388179998158,-0.1316741017703209,1.8353309733744736,0.9428055889429388,15.837212743875734
9,backsliding_Nyr,Y_unemployment,Unemployment rate,unemployment,instr-antiplural_w9_trt-ert_gapany_illib0p6535_opp0p6535_lrmax1_exclyr,backsliding_Nyr,129,24,0.09956928593773257,0.7068647507630083,84,21,-2.5374207059397484,2.006903307828653,0.20610576987652068,-5.902049002296665,6.342435053472676,0.3520785507151507,22.327780783901495
9,backsliding_Nyr,Y_trade_pct_gdp,Trade / GDP,trade,instr-antiplural_w9_trt-ert_gapany_illib0p6535_opp0p6535_lrmax1_exclyr,backsliding_Nyr,129,24,0.09956928593773257,0.7068647507630083,96,20,-16.217692464658096,29.801705688899915,0.5863129895139159,-51.556579541837294,216.11280457981687,0.811444241242593,19.35237555265413
9,backsliding_Nyr,Y_top10_share,Top-10% income share,top10,instr-antiplural_w9_trt-ert_gapany_illib0p6535_opp0p6535_lrmax1_exclyr,backsliding_Nyr,129,24,0.09956928593773257,0.7068647507630083,101,21,-2.1960566442654677,2.635519175413109,0.4047015470650687,-10.836830857565705,21.97102837185517,0.6218481361435018,23.341068178524615
9,backsliding_Nyr,Y_gini_disp,Disposable,gini,instr-antiplural_w9_trt-ert_gapany_illib0p6535_opp0p6535_lrmax1_exclyr,backsliding_Nyr,129,24,0.09956928593773257,0.7068647507630083,78,17,2.2903529417324897,1.7620132481410864,0.19365238064938037,2.3132505489300614,6.701349244009029,0.7299502120470835,11.911450397691238
9,backsliding_Nyr,Y_gini_mkt,Market,gini,instr-antiplural_w9_trt-ert_gapany_illib0p6535_opp0p6535_lrmax1_exclyr,backsliding_Nyr,129,24,0.09956928593773257,0.7068647507630083,78,17,1.9031279456151131,1.5651642274379571,0.22401212268625736,1.937464173039111,5.377835597041839,0.7186464354152247,11.33574259536284
9,backsliding_Nyr,Y_debt,Debt / GDP,fiscal,instr-antiplural_w9_trt-ert_gapany_illib0p6535_opp0p6535_lrmax1_exclyr,backsliding_Nyr,129,24,0.09956928593773257,0.7068647507630083,103,21,196.90058342206004,247.9110059490233,0.4270563223888901,474.2522564976568,591.6121354306456,0.42276875917029466,13.562663519468238
9,backsliding_Nyr,Y_deficit,Deficit / GDP,fiscal,instr-antiplural_w9_trt-ert_gapany_illib0p6535_opp0p6535_lrmax1_exclyr,backsliding_Nyr,129,24,0.09956928593773257,0.7068647507630083,85,19,-0.08239753318758503,4.644203734296173,0.9858446626423496,-4.827180236835607,16.908320642497774,0.7752676874306433,15.132393498860914
9,backsliding_Nyr,Y_checks_balances,Checks & balances,institutions,instr-antiplural_w9_trt-ert_gapany_illib0p6535_opp0p6535_lrmax1_exclyr,backsliding_Nyr,129,24,0.09956928593773257,0.7068647507630083,110,22,0.01748833331799606,0.1087912512419671,0.8722892958962272,0.13400567502567626,0.7471025659046748,0.85764940567325,23.83400498517913
9,backsliding_Nyr,Y_jucon,Judicial constraints,institutions,instr-antiplural_w9_trt-ert_gapany_illib0p6535_opp0p6535_lrmax1_exclyr,backsliding_Nyr,129,24,0.09956928593773257,0.7068647507630083,114,22,0.1258948605270951,0.07673456740939051,0.10086929780488092,0.6253097478734637,1.0027604479377454,0.5328979538586172,27.94903549118969
9,backsliding_Nyr,Y_legcon,Legislative constraints,institutions,instr-antiplural_w9_trt-ert_gapany_illib0p6535_opp0p6535_lrmax1_exclyr,backsliding_Nyr,129,24,0.09956928593773257,0.7068647507630083,110,22,-0.12528669953228314,0.1687646290378463,0.4578599538612682,-0.3848824127715032,0.6202915630507138,0.5349376752490641,19.862732022059348
9,backsliding_Nyr,Y_hos_power,HOS,exec_power,instr-antiplural_w9_trt-ert_gapany_illib0p6535_opp0p6535_lrmax1_exclyr,backsliding_Nyr,129,24,0.09956928593773257,0.7068647507630083,114,22,-0.06055582466764417,0.05431246234079862,0.2648707062396036,-0.3229718499425953,0.47564144420064336,0.49712279657293507,27.313977831806596
9,backsliding_Nyr,Y_hog_power,HOG,exec_power,instr-antiplural_w9_trt-ert_gapany_illib0p6535_opp0p6535_lrmax1_exclyr,backsliding_Nyr,129,24,0.09956928593773257,0.7068647507630083,39,16,0.24929161417945844,0.2328004062529815,0.28424209819602336,1.0023703340358492,2.368239969724571,0.6721089373966448,25.816606150858757
9,backsliding_Nyr,Y_hos_power_vdem,HOS (v2ex_hosw),exec_power_alt,instr-antiplural_w9_trt-ert_gapany_illib0p6535_opp0p6535_lrmax1_exclyr,backsliding_Nyr,129,24,0.09956928593773257,0.7068647507630083,114,22,0.00130088388061868,0.01437005653563018,0.9278681199291255,0.02997292575354984,0.03436113799462619,0.3830494187496494,17.936662982506732
9,backsliding_Nyr,Y_hog_power_vdem,HOG (v2ex_hogw),exec_power_alt,instr-antiplural_w9_trt-ert_gapany_illib0p6535_opp0p6535_lrmax1_exclyr,backsliding_Nyr,129,24,0.09956928593773257,0.7068647507630083,114,22,0.00216526973966336,0.00997593418125162,0.8281699084484809,-0.06979533759303838,0.09152112991646326,0.445693354928407,23.0111967191025
9,backsliding_Nyr,Y_polyarchy,Electoral (polyarchy),vdem_high,instr-antiplural_w9_trt-ert_gapany_illib0p6535_opp0p6535_lrmax1_exclyr,backsliding_Nyr,129,24,0.09956928593773257,0.7068647507630083,114,22,-0.06577722642815684,0.1340008913883295,0.6235172940603138,-0.13944982258262964,0.4605677076539194,0.7620589623561178,20.157935842053984
9,backsliding_Nyr,Y_libdem,Liberal,vdem_high,instr-antiplural_w9_trt-ert_gapany_illib0p6535_opp0p6535_lrmax1_exclyr,backsliding_Nyr,129,24,0.09956928593773257,0.7068647507630083,114,22,-0.02803549375579769,0.11482812028167833,0.807113245445104,-0.05321647340433935,0.37805390524178695,0.8880561883089613,19.548452624924145
9,backsliding_Nyr,Y_partipdem,Participatory,vdem_high,instr-antiplural_w9_trt-ert_gapany_illib0p6535_opp0p6535_lrmax1_exclyr,backsliding_Nyr,129,24,0.09956928593773257,0.7068647507630083,114,22,-0.01301309126133533,0.08102020820745943,0.8723963432884584,-0.01021404917294609,0.2701324515266885,0.9698381642094832,19.395616790677423
9,backsliding_Nyr,Y_delibdem,Deliberative,vdem_high,instr-antiplural_w9_trt-ert_gapany_illib0p6535_opp0p6535_lrmax1_exclyr,backsliding_Nyr,129,24,0.09956928593773257,0.7068647507630083,114,22,-0.03961501589072445,0.14995264676689513,0.7916385203593364,-0.1274447410064179,0.5536071298349422,0.8179302146606735,20.35198834640891
9,backsliding_Nyr,Y_egaldem,Egalitarian,vdem_high,instr-antiplural_w9_trt-ert_gapany_illib0p6535_opp0p6535_lrmax1_exclyr,backsliding_Nyr,129,24,0.09956928593773257,0.7068647507630083,114,22,-0.03826921294597578,0.09344595884125156,0.6821484830803088,-0.04532359416774145,0.2712222926924109,0.8672845513420478,18.608463816002537
9,backsliding_Nyr,Y_elecoff,Elected officials,vdem_electoral,instr-antiplural_w9_trt-ert_gapany_illib0p6535_opp0p6535_lrmax1_exclyr,backsliding_Nyr,129,24,0.09956928593773257,0.7068647507630083,114,22,-0.2245611298966156,0.24767461255595488,0.3645770845662215,-0.3864261652043991,1.2982394048404158,0.7659672475964304,23.67969942055677
9,backsliding_Nyr,Y_frefair,Clean elections,vdem_electoral,instr-antiplural_w9_trt-ert_gapany_illib0p6535_opp0p6535_lrmax1_exclyr,backsliding_Nyr,129,24,0.09956928593773257,0.7068647507630083,114,22,-0.1903896350213979,0.21053643508910416,0.3658324773698953,-0.27283852314574314,0.7742967029083752,0.7245611907961578,20.85668886509753
9,backsliding_Nyr,Y_frassoc,Association,vdem_electoral,instr-antiplural_w9_trt-ert_gapany_illib0p6535_opp0p6535_lrmax1_exclyr,backsliding_Nyr,129,24,0.09956928593773257,0.7068647507630083,114,22,-0.00135369115241314,0.12763094429134253,0.9915375614710776,0.05631367640224023,0.6341101516336903,0.9292349734209602,23.741938791432535
9,backsliding_Nyr,Y_suffr,Suffrage,vdem_electoral,instr-antiplural_w9_trt-ert_gapany_illib0p6535_opp0p6535_lrmax1_exclyr,backsliding_Nyr,129,24,0.09956928593773257,0.7068647507630083,114,22,0.00256832019039281,0.00338968062321738,0.4486378095388115,0.00902858413120326,0.010471041133775911,0.3885536956683499,14.737313434924634
9,backsliding_Nyr,Y_freexp,Expression & alt. info,vdem_electoral,instr-antiplural_w9_trt-ert_gapany_illib0p6535_opp0p6535_lrmax1_exclyr,backsliding_Nyr,129,24,0.09956928593773257,0.7068647507630083,114,22,-0.02702275232769347,0.11197683545582464,0.8093036340560843,-0.08616910760278983,0.3859945894437174,0.8233493762143819,19.23009848041085
9,backsliding_Nyr,Y_cl_rol,Rule of law,vdem_liberal,instr-antiplural_w9_trt-ert_gapany_illib0p6535_opp0p6535_lrmax1_exclyr,backsliding_Nyr,129,24,0.09956928593773257,0.7068647507630083,114,22,-0.04114690801981875,0.09690143456955538,0.67110903938707,-0.12426855363750614,0.31567421890365244,0.6938315141150246,18.90259833954877
9,backsliding_Nyr,Y_cspart,Civil society,vdem_particip,instr-antiplural_w9_trt-ert_gapany_illib0p6535_opp0p6535_lrmax1_exclyr,backsliding_Nyr,129,24,0.09956928593773257,0.7068647507630083,114,22,-0.01946096619092234,0.1037509650283698,0.851210740337497,-0.06199392246469426,0.4980904071462928,0.9009485414783996,23.91994548393398
9,backsliding_Nyr,Y_dd,Direct democracy,vdem_particip,instr-antiplural_w9_trt-ert_gapany_illib0p6535_opp0p6535_lrmax1_exclyr,backsliding_Nyr,129,24,0.09956928593773257,0.7068647507630083,114,22,0.06196186470783318,0.03286671357626702,0.05939653276591088,0.3936858327829908,0.5953278087559377,0.508424731130944,24.453281410530774
9,backsliding_Nyr,Y_locelec,Local elections,vdem_particip,instr-antiplural_w9_trt-ert_gapany_illib0p6535_opp0p6535_lrmax1_exclyr,backsliding_Nyr,129,24,0.09956928593773257,0.7068647507630083,112,22,0.0194397651397736,0.16099962016789912,0.903893674120508,0.1864573328396553,0.7166999257806819,0.7947396254891056,22.24166453018935
9,backsliding_Nyr,Y_regelec,Regional elections,vdem_particip,instr-antiplural_w9_trt-ert_gapany_illib0p6535_opp0p6535_lrmax1_exclyr,backsliding_Nyr,129,24,0.09956928593773257,0.7068647507630083,114,22,0.04597131544446286,0.10982677264141358,0.6755229426646656,0.15133851815184013,0.4347773477199851,0.7277779984694759,19.681151438843333
9,backsliding_Nyr,Y_delib,Deliberation,vdem_egal_delib,instr-antiplural_w9_trt-ert_gapany_illib0p6535_opp0p6535_lrmax1_exclyr,backsliding_Nyr,129,24,0.09956928593773257,0.7068647507630083,114,22,-0.0772427903407098,0.1948965645926633,0.6918637373124514,-0.23831436405055048,0.7982861793593955,0.7652967794747986,21.74809499042611
9,backsliding_Nyr,Y_eqprotec,Equal protection,vdem_egal_delib,instr-antiplural_w9_trt-ert_gapany_illib0p6535_opp0p6535_lrmax1_exclyr,backsliding_Nyr,129,24,0.09956928593773257,0.7068647507630083,114,22,0.06406157544952468,0.08227865430587018,0.4362195671892487,0.37414258750413454,0.8055316938612165,0.6423134655661976,25.718174427340006
9,backsliding_Nyr,Y_eqaccess,Equal access,vdem_egal_delib,instr-antiplural_w9_trt-ert_gapany_illib0p6535_opp0p6535_lrmax1_exclyr,backsliding_Nyr,129,24,0.09956928593773257,0.7068647507630083,114,22,-0.03793788581126531,0.08540266139817002,0.6568808625916456,-0.11336047249359224,0.2887420017424144,0.6946140118735336,19.310150937335234
9,backsliding_Nyr,Y_eqdr,Equal distribution,vdem_egal_delib,instr-antiplural_w9_trt-ert_gapany_illib0p6535_opp0p6535_lrmax1_exclyr,backsliding_Nyr,129,24,0.09956928593773257,0.7068647507630083,114,22,-0.01615071205845666,0.0934776061525704,0.8628272908158201,-0.02260243449085326,0.32833549372541304,0.945117416752241,19.990826181980733
9,backsliding_union_Nyr,Y_gdp_growth,PWT,growth,instr-antiplural_w9_trt-ertOrDdcg_gapany_illib0p6535_opp0p6535_lrmax1_exclyr,backsliding_union_Nyr,129,30,0.14889714968767365,0.609995154216259,106,28,-0.15469237712912046,0.17672981562377404,0.38140832560385113,0.13877083818613498,0.7462628057525001,0.8524805358826804,25.300189284238247
9,backsliding_union_Nyr,Y_gdp_growth_wb,World Bank,growth,instr-antiplural_w9_trt-ertOrDdcg_gapany_illib0p6535_opp0p6535_lrmax1_exclyr,backsliding_union_Nyr,129,30,0.14889714968767365,0.609995154216259,109,28,-0.11709380430518708,0.15524564034642935,0.4506999698878416,-0.1430223831880957,0.7674565302969047,0.852163291809702,24.0571539482655
9,backsliding_union_Nyr,Y_gdp_growth_imf,IMF WEO,growth,instr-antiplural_w9_trt-ertOrDdcg_gapany_illib0p6535_opp0p6535_lrmax1_exclyr,backsliding_union_Nyr,129,30,0.14889714968767365,0.609995154216259,92,24,-0.16223719324887623,0.11966814778329256,0.17518643305554313,-0.7261171558757085,0.99530862939485365,0.4656715943176526,27.466270627464603
9,backsliding_union_Nyr,Y_inflation,"CPI, cumulative log",inflation,instr-antiplural_w9_trt-ertOrDdcg_gapany_illib0p6535_opp0p6535_lrmax1_exclyr,backsliding_union_Nyr,129,30,0.14889714968767365,0.609995154216259,99,23,0.01737789005156331,0.4022275792740556,0.9655388179998158,-0.00459003899458299,1.1880657070780412,0.9969174161709642,15.315847478951245
9,backsliding_union_Nyr,Y_unemployment,Unemployment rate,unemployment,instr-antiplural_w9_trt-ertOrDdcg_gapany_illib0p6535_opp0p6535_lrmax1_exclyr,backsliding_union_Nyr,129,30,0.14889714968767365,0.609995154216259,84,25,-2.5374207059397484,2.006903307828653,0.20610576987652068,-4.07676077560928,4.941940806236916,0.409410695958439,23.74010480259532
9,backsliding_union_Nyr,Y_trade_pct_gdp,Trade / GDP,trade,instr-antiplural_w9_trt-ertOrDdcg_gapany_illib0p6535_opp0p6535_lrmax1_exclyr,backsliding_union_Nyr,129,30,0.14889714968767365,0.609995154216259,96,25,-16.217692464658096,29.801705688899915,0.5863129895139159,-28.8963481497568,81.83881789739127,0.7240220693291314,16.653584669950465
9,backsliding_union_Nyr,Y_top10_share,Top-10% income share,top10,instr-antiplural_w9_trt-ertOrDdcg_gapany_illib0p6535_opp0p6535_lrmax1_exclyr,backsliding_union_Nyr,129,30,0.14889714968767365,0.609995154216259,101,26,-2.1960566442654677,2.635519175413109,0.4047015470650687,-6.435266865450337,9.802755290043557,0.5115183453655581,21.32401350142911
9,backsliding_union_Nyr,Y_gini_disp,Disposable,gini,instr-antiplural_w9_trt-ertOrDdcg_gapany_illib0p6535_opp0p6535_lrmax1_exclyr,backsliding_union_Nyr,129,30,0.14889714968767365,0.609995154216259,78,20,2.2903529417324897,1.7620132481410864,0.19365238064938037,3.473745125500523,6.450520803020683,0.5902169604354428,17.524062366213546
9,backsliding_union_Nyr,Y_gini_mkt,Market,gini,instr-antiplural_w9_trt-ertOrDdcg_gapany_illib0p6535_opp0p6535_lrmax1_exclyr,backsliding_union_Nyr,129,30,0.14889714968767365,0.609995154216259,78,20,1.9031279456151131,1.5651642274379571,0.22401212268625736,2.315545871934209,5.323789325367969,0.6636036692891956,17.787114894248983
9,backsliding_union_Nyr,Y_debt,Debt / GDP,fiscal,instr-antiplural_w9_trt-ertOrDdcg_gapany_illib0p6535_opp0p6535_lrmax1_exclyr,backsliding_union_Nyr,129,30,0.14889714968767365,0.609995154216259,103,26,196.90058342206004,247.9110059490233,0.4270563223888901,447.0641209192597,569.7172777198227,0.4326223049366903,18.53802487326312
9,backsliding_union_Nyr,Y_deficit,Deficit / GDP,fiscal,instr-antiplural_w9_trt-ertOrDdcg_gapany_illib0p6535_opp0p6535_lrmax1_exclyr,backsliding_union_Nyr,129,30,0.14889714968767365,0.609995154216259,85,22,-0.08239753318758503,4.644203734296173,0.9858446626423496,-2.4719079697593385,12.302015941314243,0.8407492474264276,15.33817067690924
9,backsliding_union_Nyr,Y_checks_balances,Checks & balances,institutions,instr-antiplural_w9_trt-ertOrDdcg_gapany_illib0p6535_opp0p6535_lrmax1_exclyr,backsliding_union_Nyr,129,30,0.14889714968767365,0.609995154216259,110,28,0.01748833331799606,0.1087912512419671,0.8722892958962272,0.08162530651078387,0.4928870065409672,0.8684666085799544,23.35036943113882
9,backsliding_union_Nyr,Y_jucon,Judicial constraints,institutions,instr-antiplural_w9_trt-ertOrDdcg_gapany_illib0p6535_opp0p6535_lrmax1_exclyr,backsliding_union_Nyr,129,30,0.14889714968767365,0.609995154216259,114,28,0.1258948605270951,0.07673456740939051,0.10086929780488092,0.39053453775598945,0.5375256757234151,0.46750707326065394,20.928304191692657
9,backsliding_union_Nyr,Y_legcon,Legislative constraints,institutions,instr-antiplural_w9_trt-ertOrDdcg_gapany_illib0p6535_opp0p6535_lrmax1_exclyr,backsliding_union_Nyr,129,30,0.14889714968767365,0.609995154216259,110,28,-0.12528669953228314,0.1687646290378463,0.4578599538612682,-0.28622461495050483,0.5407556932893413,0.5965939867721032,21.259194664849907
9,backsliding_union_Nyr,Y_hos_power,HOS,exec_power,instr-antiplural_w9_trt-ertOrDdcg_gapany_illib0p6535_opp0p6535_lrmax1_exclyr,backsliding_union_Nyr,129,30,0.14889714968767365,0.609995154216259,114,28,-0.06055582466764417,0.05431246234079862,0.2648707062396036,-0.22041095980583228,0.302828907214704,0.46671160020161023,25.33532114265984
9,backsliding_union_Nyr,Y_hog_power,HOG,exec_power,instr-antiplural_w9_trt-ertOrDdcg_gapany_illib0p6535_opp0p6535_lrmax1_exclyr,backsliding_union_Nyr,129,30,0.14889714968767365,0.609995154216259,39,20,0.24929161417945844,0.2328004062529815,0.28424209819602336,0.23295493255459584,0.38758796177494387,0.547814953067653,25.85455589784161
9,backsliding_union_Nyr,Y_hos_power_vdem,HOS (v2ex_hosw),exec_power_alt,instr-antiplural_w9_trt-ertOrDdcg_gapany_illib0p6535_opp0p6535_lrmax1_exclyr,backsliding_union_Nyr,129,30,0.14889714968767365,0.609995154216259,114,28,0.00130088388061868,0.01437005653563018,0.9278681199291255,0.07751745118846498,0.06915200374329282,0.26229983498037474,22.429189944241603
9,backsliding_union_Nyr,Y_hog_power_vdem,HOG (v2ex_hogw),exec_power_alt,instr-antiplural_w9_trt-ertOrDdcg_gapany_illib0p6535_opp0p6535_lrmax1_exclyr,backsliding_union_Nyr,129,30,0.14889714968767365,0.609995154216259,114,28,0.00216526973966336,0.00997593418125162,0.8281699084484809,-0.01269575392115705,0.01632596158724698,0.4367800754875717,19.596129041391503
9,backsliding_union_Nyr,Y_polyarchy,Electoral (polyarchy),vdem_high,instr-antiplural_w9_trt-ertOrDdcg_gapany_illib0p6535_opp0p6535_lrmax1_exclyr,backsliding_union_Nyr,129,30,0.14889714968767365,0.609995154216259,114,28,-0.06577722642815684,0.1340008913883295,0.6235172940603138,-0.04225917388503424,0.43576607722916194,0.922744865591398,22.86528608526396
9,backsliding_union_Nyr,Y_libdem,Liberal,vdem_high,instr-antiplural_w9_trt-ertOrDdcg_gapany_illib0p6535_opp0p6535_lrmax1_exclyr,backsliding_union_Nyr,129,30,0.14889714968767365,0.609995154216259,114,28,-0.02803549375579769,0.11482812028167833,0.807113245445104,-0.04172114507772109,0.2902650109327575,0.8857099940620434,19.169338481600597
9,backsliding_union_Nyr,Y_partipdem,Participatory,vdem_high,instr-antiplural_w9_trt-ertOrDdcg_gapany_illib0p6535_opp0p6535_lrmax1_exclyr,backsliding_union_Nyr,129,30,0.14889714968767365,0.609995154216259,114,28,-0.01301309126133533,0.08102020820745943,0.8723963432884584,-0.01214607262350299,0.2049769201966725,0.9527483609059044,19.007487136392868
9,backsliding_union_Nyr,Y_delibdem,Deliberative,vdem_high,instr-antiplural_w9_trt-ertOrDdcg_gapany_illib0p6535_opp0p6535_lrmax1_exclyr,backsliding_union_Nyr,129,30,0.14889714968767365,0.609995154216259,114,28,-0.03961501589072445,0.14995264676689513,0.7916385203593364,-0.093383056470877,0.4110064585368313,0.8202637079408374,19.859430295019365
9,backsliding_union_Nyr,Y_egaldem,Egalitarian,vdem_high,instr-antiplural_w9_trt-ertOrDdcg_gapany_illib0p6535_opp0p6535_lrmax1_exclyr,backsliding_union_Nyr,129,30,0.14889714968767365,0.609995154216259,114,28,-0.03826921294597578,0.09344595884125156,0.6821484830803088,-0.00885508376315273,0.2564593437738154,0.97245594218958,21.356882459757287
9,backsliding_union_Nyr,Y_elecoff,Elected officials,vdem_electoral,instr-antiplural_w9_trt-ertOrDdcg_gapany_illib0p6535_opp0p6535_lrmax1_exclyr,backsliding_union_Nyr,129,30,0.14889714968767365,0.609995154216259,114,28,-0.2245611298966156,0.24767461255595488,0.3645770845662215,-0.2122802524239279,0.9019331229360056,0.8139282344282778,23.645587373975392
9,backsliding_union_Nyr,Y_frefair,Clean elections,vdem_electoral,instr-antiplural_w9_trt-ertOrDdcg_gapany_illib0p6535_opp0p6535_lrmax1_exclyr,backsliding_union_Nyr,129,30,0.14889714968767365,0.609995154216259,114,28,-0.1903896350213979,0.21053643508910416,0.3658324773698953,-0.09082416947218694,0.7278402067168592,0.9006930783450119,24.053272024467553
9,backsliding_union_Nyr,Y_frassoc,Association,vdem_electoral,instr-antiplural_w9_trt-ertOrDdcg_gapany_illib0p6535_opp0p6535_lrmax1_exclyr,backsliding_union_Nyr,129,30,0.14889714968767365,0.609995154216259,114,28,-0.00135369115241314,0.12763094429134253,0.9915375614710776,0.044716595731899,0.49743990307486263,0.9283718755562458,24.794307807146037
9,backsliding_union_Nyr,Y_suffr,Suffrage,vdem_electoral,instr-antiplural_w9_trt-ertOrDdcg_gapany_illib0p6535_opp0p6535_lrmax1_exclyr,backsliding_union_Nyr,129,30,0.14889714968767365,0.609995154216259,114,28,0.00256832019039281,0.00338968062321738,0.4486378095388115,0.00721720933491944,0.00788802451243197,0.3602137991141986,14.185742809792256
9,backsliding_union_Nyr,Y_freexp,Expression & alt. info,vdem_electoral,instr-antiplural_w9_trt-ertOrDdcg_gapany_illib0p6535_opp0p6535_lrmax1_exclyr,backsliding_union_Nyr,129,30,0.14889714968767365,0.609995154216259,114,28,-0.02702275232769347,0.11197683545582464,0.8093036340560843,-0.06869282765038931,0.2817410329304354,0.8073737239763566,18.257261651859537
9,backsliding_union_Nyr,Y_cl_rol,Rule of law,vdem_liberal,instr-antiplural_w9_trt-ertOrDdcg_gapany_illib0p6535_opp0p6535_lrmax1_exclyr,backsliding_union_Nyr,129,30,0.14889714968767365,0.609995154216259,114,28,-0.04114690801981875,0.09690143456955538,0.67110903938707,-0.09117166239448889,0.22714039272252623,0.6881337231520743,17.44732204828656
9,backsliding_union_Nyr,Y_cspart,Civil society,vdem_particip,instr-antiplural_w9_trt-ertOrDdcg_gapany_illib0p6535_opp0p6535_lrmax1_exclyr,backsliding_union_Nyr,129,30,0.14889714968767365,0.609995154216259,114,28,-0.01946096619092234,0.1037509650283698,0.851210740337497,-0.04467249429062407,0.36892752103228554,0.9036217661861852,23.11746906179204
9,backsliding_union_Nyr,Y_dd,Direct democracy,vdem_particip,instr-antiplural_w9_trt-ertOrDdcg_gapany_illib0p6535_opp0p6535_lrmax1_exclyr,backsliding_union_Nyr,129,30,0.14889714968767365,0.609995154216259,114,28,0.06196186470783318,0.03286671357626702,0.05939653276591088,0.2293282765857089,0.3117357373181548,0.461943957107289,22.96121682497211
9,backsliding_union_Nyr,Y_locelec,Local elections,vdem_particip,instr-antiplural_w9_trt-ertOrDdcg_gapany_illib0p6535_opp0p6535_lrmax1_exclyr,backsliding_union_Nyr,129,30,0.14889714968767365,0.609995154216259,112,28,0.0194397651397736,0.16099962016789912,0.903893674120508,0.1421772764818315,0.5643595821841474,0.801097681251965,22.57913156421219
9,backsliding_union_Nyr,Y_regelec,Regional elections,vdem_particip,instr-antiplural_w9_trt-ertOrDdcg_gapany_illib0p6535_opp0p6535_lrmax1_exclyr,backsliding_union_Nyr,129,30,0.14889714968767365,0.609995154216259,114,28,0.04597131544446286,0.10982677264141358,0.6755229426646656,0.10023228626220756,0.33222926461542235,0.7628837121634361,19.88021926528926
9,backsliding_union_Nyr,Y_delib,Deliberation,vdem_egal_delib,instr-antiplural_w9_trt-ertOrDdcg_gapany_illib0p6535_opp0p6535_lrmax1_exclyr,backsliding_union_Nyr,129,30,0.14889714968767365,0.609995154216259,114,28,-0.0772427903407098,0.1948965645926633,0.6918637373124514,-0.1654256589489702,0.5868964771260627,0.7780469187805491,21.057119171711975
9,backsliding_union_Nyr,Y_eqprotec,Equal protection,vdem_egal_delib,instr-antiplural_w9_trt-ertOrDdcg_gapany_illib0p6535_opp0p6535_lrmax1_exclyr,backsliding_union_Nyr,129,30,0.14889714968767365,0.609995154216259,114,28,0.06406157544952468,0.08227865430587018,0.4362195671892487,0.3656663009606664,0.6466154423557694,0.5717281841181507,30.943817107336756
9,backsliding_union_Nyr,Y_eqaccess,Equal access,vdem_egal_delib,instr-antiplural_w9_trt-ertOrDdcg_gapany_illib0p6535_opp0p6535_lrmax1_exclyr,backsliding_union_Nyr,129,30,0.14889714968767365,0.609995154216259,114,28,-0.03793788581126531,0.08540266139817002,0.6568808625916456,-0.11621366286852908,0.27569441190106714,0.6733675866159614,21.42675058723773
9,backsliding_union_Nyr,Y_eqdr,Equal distribution,vdem_egal_delib,instr-antiplural_w9_trt-ertOrDdcg_gapany_illib0p6535_opp0p6535_lrmax1_exclyr,backsliding_union_Nyr,129,30,0.14889714968767365,0.609995154216259,114,28,-0.01615071205845666,0.0934776061525704,0.8628272908158201,-0.01715848571753839,0.2456535890962755,0.9443144027625912,19.594933053516183
9,polyarchy_decline,Y_gdp_growth,PWT,growth,instr-antiplural_w9_trt-polyarchy_gapany_illib0p6535_opp0p6535_lrmax1_exclyr,polyarchy_decline,114,43,0.06577722642815684,0.6235172940603138,106,38,-0.15469237712912046,0.17672981562377404,0.38140832560385113,-0.6425326222141339,2.477947647048463,0.7954035311588706,21.226924507974267
9,polyarchy_decline,Y_gdp_growth_wb,World Bank,growth,instr-antiplural_w9_trt-polyarchy_gapany_illib0p6535_opp0p6535_lrmax1_exclyr,polyarchy_decline,114,43,0.06577722642815684,0.6235172940603138,109,40,-0.11709380430518708,0.15524564034642935,0.4506999698878416,-0.7396595267347066,2.170754296513289,0.7333004649361272,21.638057277011814
9,polyarchy_decline,Y_gdp_growth_imf,IMF WEO,growth,instr-antiplural_w9_trt-polyarchy_gapany_illib0p6535_opp0p6535_lrmax1_exclyr,polyarchy_decline,114,43,0.06577722642815684,0.6235172940603138,92,33,-0.16223719324887623,0.11966814778329256,0.17518643305554313,-2.2056695622602667,4.593033116264174,0.6310704717575593,24.63773977464071
9,polyarchy_decline,Y_inflation,"CPI, cumulative log",inflation,instr-antiplural_w9_trt-polyarchy_gapany_illib0p6535_opp0p6535_lrmax1_exclyr,polyarchy_decline,114,43,0.06577722642815684,0.6235172940603138,99,36,0.01737789005156331,0.4022275792740556,0.9655388179998158,-2.991460307178463,11.63835232922481,0.7971519921198185,19.796455299595067
9,polyarchy_decline,Y_unemployment,Unemployment rate,unemployment,instr-antiplural_w9_trt-polyarchy_gapany_illib0p6535_opp0p6535_lrmax1_exclyr,polyarchy_decline,114,43,0.06577722642815684,0.6235172940603138,84,36,-2.5374207059397484,2.006903307828653,0.20610576987652068,1129.2771168647316,25845.315485149273,0.96514857171473,33.97200733627783
9,polyarchy_decline,Y_trade_pct_gdp,Trade / GDP,trade,instr-antiplural_w9_trt-polyarchy_gapany_illib0p6535_opp0p6535_lrmax1_exclyr,polyarchy_decline,114,43,0.06577722642815684,0.6235172940603138,96,34,-16.217692464658096,29.801705688899915,0.5863129895139159,-127.46073787258388,337.1438127941192,0.705385696126537,19.90471240180137
9,polyarchy_decline,Y_top10_share,Top-10% income share,top10,instr-antiplural_w9_trt-polyarchy_gapany_illib0p6535_opp0p6535_lrmax1_exclyr,polyarchy_decline,114,43,0.06577722642815684,0.6235172940603138,101,38,-2.1960566442654677,2.635519175413109,0.4047015470650687,-11.832412400352554,42.67266586446329,0.7815626754330633,19.58849369809858
9,polyarchy_decline,Y_gini_disp,Disposable,gini,instr-antiplural_w9_trt-polyarchy_gapany_illib0p6535_opp0p6535_lrmax1_exclyr,polyarchy_decline,114,43,0.06577722642815684,0.6235172940603138,78,30,2.2903529417324897,1.7620132481410864,0.19365238064938037,7.585891712754805,12.51435706162722,0.5443984818820162,12.23006642485077
9,polyarchy_decline,Y_gini_mkt,Market,gini,instr-antiplural_w9_trt-polyarchy_gapany_illib0p6535_opp0p6535_lrmax1_exclyr,polyarchy_decline,114,43,0.06577722642815684,0.6235172940603138,78,30,1.9031279456151131,1.5651642274379571,0.22401212268625736,5.456700675510552,9.582080525501045,0.5690377000524932,11.16658843074193
9,polyarchy_decline,Y_debt,Debt / GDP,fiscal,instr-antiplural_w9_trt-polyarchy_gapany_illib0p6535_opp0p6535_lrmax1_exclyr,polyarchy_decline,114,43,0.06577722642815684,0.6235172940603138,103,38,196.90058342206004,247.9110059490233,0.4270563223888901,2066.517605611809,3741.961668861736,0.5807735535540285,22.95591834907133
9,polyarchy_decline,Y_deficit,Deficit / GDP,fiscal,instr-antiplural_w9_trt-polyarchy_gapany_illib0p6535_opp0p6535_lrmax1_exclyr,polyarchy_decline,114,43,0.06577722642815684,0.6235172940603138,85,34,-0.08239753318758503,4.644203734296173,0.9858446626423496,-52.0166068076862,74.53841274416318,0.4852712120014156,16.22753587883106
9,polyarchy_decline,Y_checks_balances,Checks & balances,institutions,instr-antiplural_w9_trt-polyarchy_gapany_illib0p6535_opp0p6535_lrmax1_exclyr,polyarchy_decline,114,43,0.06577722642815684,0.6235172940603138,110,43,0.01748833331799606,0.1087912512419671,0.8722892958962272,1.9231281757226415,20.20885531903897,0.9241856382524788,21.953694882570694
9,polyarchy_decline,Y_jucon,Judicial constraints,institutions,instr-antiplural_w9_trt-polyarchy_gapany_illib0p6535_opp0p6535_lrmax1_exclyr,polyarchy_decline,114,43,0.06577722642815684,0.6235172940603138,114,43,0.1258948605270951,0.07673456740939051,0.10086929780488092,12.022844073191395,46.113934989625115,0.7943081247706699,23.934183145659453
9,polyarchy_decline,Y_legcon,Legislative constraints,institutions,instr-antiplural_w9_trt-polyarchy_gapany_illib0p6535_opp0p6535_lrmax1_exclyr,polyarchy_decline,114,43,0.06577722642815684,0.6235172940603138,110,43,-0.12528669953228314,0.1687646290378463,0.4578599538612682,-2.4862402278717077,14.647712546433583,0.8652179708256966,19.10843927656091
9,polyarchy_decline,Y_hos_power,HOS,exec_power,instr-antiplural_w9_trt-polyarchy_gapany_illib0p6535_opp0p6535_lrmax1_exclyr,polyarchy_decline,114,43,0.06577722642815684,0.6235172940603138,114,43,-0.06055582466764417,0.05431246234079862,0.2648707062396036,-11.711945544517132,86.15556891658855,0.8918691034589821,26.505669943241337
9,polyarchy_decline,Y_hog_power,HOG,exec_power,instr-antiplural_w9_trt-polyarchy_gapany_illib0p6535_opp0p6535_lrmax1_exclyr,polyarchy_decline,114,43,0.06577722642815684,0.6235172940603138,39,14,0.24929161417945844,0.2328004062529815,0.28424209819602336,-4.82347935669469,17.278377208371342,0.7801199261982681,25.681465981638866
9,polyarchy_decline,Y_hos_power_vdem,HOS (v2ex_hosw),exec_power_alt,instr-antiplural_w9_trt-polyarchy_gapany_illib0p6535_opp0p6535_lrmax1_exclyr,polyarchy_decline,114,43,0.06577722642815684,0.6235172940603138,114,43,0.00130088388061868,0.01437005653563018,0.9278681199291255,1.359838963647121,2.6249558355422637,0.604428542551511,22.856150254690498
9,polyarchy_decline,Y_hog_power_vdem,HOG (v2ex_hogw),exec_power_alt,instr-antiplural_w9_trt-polyarchy_gapany_illib0p6535_opp0p6535_lrmax1_exclyr,polyarchy_decline,114,43,0.06577722642815684,0.6235172940603138,114,43,0.00216526973966336,0.00997593418125162,0.8281699084484809,-1.7312034904247775,6.120908968170089,0.7773037987929001,24.31734991986036
9,polyarchy_decline,Y_polyarchy,Electoral (polyarchy),vdem_high,instr-antiplural_w9_trt-polyarchy_gapany_illib0p6535_opp0p6535_lrmax1_exclyr,polyarchy_decline,114,43,0.06577722642815684,0.6235172940603138,114,43,-0.06577722642815684,0.1340008913883295,0.6235172940603138,-1,2.583606206810892e-16,0,19.627298261854452
9,polyarchy_decline,Y_libdem,Liberal,vdem_high,instr-antiplural_w9_trt-polyarchy_gapany_illib0p6535_opp0p6535_lrmax1_exclyr,polyarchy_decline,114,43,0.06577722642815684,0.6235172940603138,114,43,-0.02803549375579769,0.11482812028167833,0.807113245445104,2.3564306588733555,17.261480243066117,0.8914150976627343,24.737891442177276
9,polyarchy_decline,Y_partipdem,Participatory,vdem_high,instr-antiplural_w9_trt-polyarchy_gapany_illib0p6535_opp0p6535_lrmax1_exclyr,polyarchy_decline,114,43,0.06577722642815684,0.6235172940603138,114,43,-0.01301309126133533,0.08102020820745943,0.8723963432884584,5.507363661900147,36.527217165627626,0.8801538019402817,26.17529307424127
9,polyarchy_decline,Y_delibdem,Deliberative,vdem_high,instr-antiplural_w9_trt-polyarchy_gapany_illib0p6535_opp0p6535_lrmax1_exclyr,polyarchy_decline,114,43,0.06577722642815684,0.6235172940603138,114,43,-0.03961501589072445,0.14995264676689513,0.7916385203593364,-2.6250778657002822,4.9028700288177305,0.5923618329598072,26.236923127429304
9,polyarchy_decline,Y_egaldem,Egalitarian,vdem_high,instr-antiplural_w9_trt-polyarchy_gapany_illib0p6535_opp0p6535_lrmax1_exclyr,polyarchy_decline,114,43,0.06577722642815684,0.6235172940603138,114,43,-0.03826921294597578,0.09344595884125156,0.6821484830803088,0.09515087649861986,6.411036055530629,0.9881584462288427,22.066980841616715
9,polyarchy_decline,Y_elecoff,Elected officials,vdem_electoral,instr-antiplural_w9_trt-polyarchy_gapany_illib0p6535_opp0p6535_lrmax1_exclyr,polyarchy_decline,114,43,0.06577722642815684,0.6235172940603138,114,43,-0.2245611298966156,0.24767461255595488,0.3645770845662215,-3.571220985439077,37.80720404490984,0.924744753861534,19.75069248893484
9,polyarchy_decline,Y_frefair,Clean elections,vdem_electoral,instr-antiplural_w9_trt-polyarchy_gapany_illib0p6535_opp0p6535_lrmax1_exclyr,polyarchy_decline,114,43,0.06577722642815684,0.6235172940603138,114,43,-0.1903896350213979,0.21053643508910416,0.3658324773698953,-1.9963680598298157,9.442398353504656,0.8325549077587767,19.00752742312971
9,polyarchy_decline,Y_frassoc,Association,vdem_electoral,instr-antiplural_w9_trt-polyarchy_gapany_illib0p6535_opp0p6535_lrmax1_exclyr,polyarchy_decline,114,43,0.06577722642815684,0.6235172940603138,114,43,-0.00135369115241314,0.12763094429134253,0.9915375614710776,-0.4596536427478838,3.0278826235781695,0.8793391960126054,23.575954455874328
9,polyarchy_decline,Y_suffr,Suffrage,vdem_electoral,instr-antiplural_w9_trt-polyarchy_gapany_illib0p6535_opp0p6535_lrmax1_exclyr,polyarchy_decline,114,43,0.06577722642815684,0.6235172940603138,114,43,0.00256832019039281,0.00338968062321738,0.4486378095388115,0.10565189549349202,0.5346111930794253,0.8433394123399763,21.01214635274208
9,polyarchy_decline,Y_freexp,Expression & alt. info,vdem_electoral,instr-antiplural_w9_trt-polyarchy_gapany_illib0p6535_opp0p6535_lrmax1_exclyr,polyarchy_decline,114,43,0.06577722642815684,0.6235172940603138,114,43,-0.02702275232769347,0.11197683545582464,0.8093036340560843,0.1878883252038816,6.604826783542366,0.977305540033331,20.56202750920417
9,polyarchy_decline,Y_cl_rol,Rule of law,vdem_liberal,instr-antiplural_w9_trt-polyarchy_gapany_illib0p6535_opp0p6535_lrmax1_exclyr,polyarchy_decline,114,43,0.06577722642815684,0.6235172940603138,114,43,-0.04114690801981875,0.09690143456955538,0.67110903938707,-0.8929075322537152,3.9597888408191086,0.8215952071286935,21.714647484258105
9,polyarchy_decline,Y_cspart,Civil society,vdem_particip,instr-antiplural_w9_trt-polyarchy_gapany_illib0p6535_opp0p6535_lrmax1_exclyr,polyarchy_decline,114,43,0.06577722642815684,0.6235172940603138,114,43,-0.01946096619092234,0.1037509650283698,0.851210740337497,-11.56657516366132,72.17361451120128,0.872675920934299,29.513903159560947
9,polyarchy_decline,Y_dd,Direct democracy,vdem_particip,instr-antiplural_w9_trt-polyarchy_gapany_illib0p6535_opp0p6535_lrmax1_exclyr,polyarchy_decline,114,43,0.06577722642815684,0.6235172940603138,114,43,0.06196186470783318,0.03286671357626702,0.05939653276591088,3.395339867207377,17.605014549658353,0.8470669768641071,21.1500076510389
9,polyarchy_decline,Y_locelec,Local elections,vdem_particip,instr-antiplural_w9_trt-polyarchy_gapany_illib0p6535_opp0p6535_lrmax1_exclyr,polyarchy_decline,114,43,0.06577722642815684,0.6235172940603138,112,43,0.0194397651397736,0.16099962016789912,0.903893674120508,-3.317476263151464,19.273341654802525,0.8633371243623333,21.50655343195197
9,polyarchy_decline,Y_regelec,Regional elections,vdem_particip,instr-antiplural_w9_trt-polyarchy_gapany_illib0p6535_opp0p6535_lrmax1_exclyr,polyarchy_decline,114,43,0.06577722642815684,0.6235172940603138,114,43,0.04597131544446286,0.10982677264141358,0.6755229426646656,24.780792760991993,143.4285450323307,0.8628286947484927,27.51798514716955
9,polyarchy_decline,Y_delib,Deliberation,vdem_egal_delib,instr-antiplural_w9_trt-polyarchy_gapany_illib0p6535_opp0p6535_lrmax1_exclyr,polyarchy_decline,114,43,0.06577722642815684,0.6235172940603138,114,43,-0.0772427903407098,0.1948965645926633,0.6918637373124514,-6.808165875438873,19.244566543078133,0.723510651587671,23.377256661917727
9,polyarchy_decline,Y_eqprotec,Equal protection,vdem_egal_delib,instr-antiplural_w9_trt-polyarchy_gapany_illib0p6535_opp0p6535_lrmax1_exclyr,polyarchy_decline,114,43,0.06577722642815684,0.6235172940603138,114,43,0.06406157544952468,0.08227865430587018,0.4362195671892487,6.793238896916256,32.32186551303455,0.8335313127277953,23.195097961156
9,polyarchy_decline,Y_eqaccess,Equal access,vdem_egal_delib,instr-antiplural_w9_trt-polyarchy_gapany_illib0p6535_opp0p6535_lrmax1_exclyr,polyarchy_decline,114,43,0.06577722642815684,0.6235172940603138,114,43,-0.03793788581126531,0.08540266139817002,0.6568808625916456,-3.5500996276240047,13.265879780111048,0.7889985149260375,23.36541030502549
9,polyarchy_decline,Y_eqdr,Equal distribution,vdem_egal_delib,instr-antiplural_w9_trt-polyarchy_gapany_illib0p6535_opp0p6535_lrmax1_exclyr,polyarchy_decline,114,43,0.06577722642815684,0.6235172940603138,114,43,-0.01615071205845666,0.0934776061525704,0.8628272908158201,3.290419932508425,26.031877662169045,0.8994155880945355,25.823272902306293
10,backsliding_Nyr,Y_gdp_growth,PWT,growth,instr-antiplural_w10_trt-ert_gapany_illib0p6535_opp0p6535_lrmax1_exclyr,backsliding_Nyr,129,30,0.2017981459866439,0.3979839293410323,103,27,-0.16338123881035105,0.19955127351155072,0.4129329706505108,-0.1058672008606114,0.48170111330324167,0.8260442262582915,22.4146625295104
10,backsliding_Nyr,Y_gdp_growth_wb,World Bank,growth,instr-antiplural_w10_trt-ert_gapany_illib0p6535_opp0p6535_lrmax1_exclyr,backsliding_Nyr,129,30,0.2017981459866439,0.3979839293410323,106,28,-0.06046654815071095,0.1748162176487054,0.7294281071191594,-0.06464886949453227,0.38346886622044246,0.8661194476663386,21.30776276738338
10,backsliding_Nyr,Y_gdp_growth_imf,IMF WEO,growth,instr-antiplural_w10_trt-ert_gapany_illib0p6535_opp0p6535_lrmax1_exclyr,backsliding_Nyr,129,30,0.2017981459866439,0.3979839293410323,89,26,-0.15223353401305822,0.11434813651123424,0.1830849685611598,-0.4393660982407832,0.405483966851757,0.27856005338526757,31.614948029949563
10,backsliding_Nyr,Y_inflation,"CPI, cumulative log",inflation,instr-antiplural_w10_trt-ert_gapany_illib0p6535_opp0p6535_lrmax1_exclyr,backsliding_Nyr,129,30,0.2017981459866439,0.3979839293410323,96,26,0.0945304100447092,0.400923099444452,0.8136019141217347,-0.04811243869371051,0.7717437649775872,0.9502900810511484,14.834899996908392
10,backsliding_Nyr,Y_unemployment,Unemployment rate,unemployment,instr-antiplural_w10_trt-ert_gapany_illib0p6535_opp0p6535_lrmax1_exclyr,backsliding_Nyr,129,30,0.2017981459866439,0.3979839293410323,80,27,-1.0327902789480126,1.7169986396287429,0.5475009632309745,-1.7178178844600471,3.6656061096749784,0.6393331754953201,23.204725093738187
10,backsliding_Nyr,Y_trade_pct_gdp,Trade / GDP,trade,instr-antiplural_w10_trt-ert_gapany_illib0p6535_opp0p6535_lrmax1_exclyr,backsliding_Nyr,129,30,0.2017981459866439,0.3979839293410323,95,26,5.9022035544429645,19.988276382822367,0.7677774978515962,5.531275855440633,68.35345846328478,0.9355042480996584,23.13070340825077
10,backsliding_Nyr,Y_top10_share,Top-10% income share,top10,instr-antiplural_w10_trt-ert_gapany_illib0p6535_opp0p6535_lrmax1_exclyr,backsliding_Nyr,129,30,0.2017981459866439,0.3979839293410323,98,27,-0.5187564806797278,3.2050940219750887,0.8714210260835709,-0.9438025976587467,5.526526567930595,0.8643992612752384,17.404036956037395
10,backsliding_Nyr,Y_gini_disp,Disposable,gini,instr-antiplural_w10_trt-ert_gapany_illib0p6535_opp0p6535_lrmax1_exclyr,backsliding_Nyr,129,30,0.2017981459866439,0.3979839293410323,73,20,2.48987730483867,1.85831951688322,0.18029273395509057,1.7942508722358763,4.145578486010667,0.6651522737375322,12.306147868160211
10,backsliding_Nyr,Y_gini_mkt,Market,gini,instr-antiplural_w10_trt-ert_gapany_illib0p6535_opp0p6535_lrmax1_exclyr,backsliding_Nyr,129,30,0.2017981459866439,0.3979839293410323,73,20,1.999820203397669,1.6067809920037983,0.21327410981182737,1.724675873247934,3.3787016132626477,0.6097325795137589,11.77833221850242
10,backsliding_Nyr,Y_debt,Debt / GDP,fiscal,instr-antiplural_w10_trt-ert_gapany_illib0p6535_opp0p6535_lrmax1_exclyr,backsliding_Nyr,129,30,0.2017981459866439,0.3979839293410323,100,27,209.81273676297172,228.180134012276,0.35783157716978203,240.646683296152,287.8379884225666,0.40312729680799825,13.777607315802705
10,backsliding_Nyr,Y_deficit,Deficit / GDP,fiscal,instr-antiplural_w10_trt-ert_gapany_illib0p6535_opp0p6535_lrmax1_exclyr,backsliding_Nyr,129,30,0.2017981459866439,0.3979839293410323,82,25,-4.733335068021606,6.969856044029149,0.49706488251447695,-2.924152045061145,7.851650456115197,0.7095763366170907,12.259843331933835
10,backsliding_Nyr,Y_checks_balances,Checks & balances,institutions,instr-antiplural_w10_trt-ert_gapany_illib0p6535_opp0p6535_lrmax1_exclyr,backsliding_Nyr,129,30,0.2017981459866439,0.3979839293410323,105,27,0.0582967114731298,0.12908382792030468,0.6515434676943412,0.18734340382506529,0.44290536146806386,0.6723044268373248,19.32759378643049
10,backsliding_Nyr,Y_jucon,Judicial constraints,institutions,instr-antiplural_w10_trt-ert_gapany_illib0p6535_opp0p6535_lrmax1_exclyr,backsliding_Nyr,129,30,0.2017981459866439,0.3979839293410323,110,28,0.28826911612946315,0.0890903465764048,0.00121347316571488,0.8094661851692887,0.7786095362156643,0.29851162278431426,22.383005449636443
10,backsliding_Nyr,Y_legcon,Legislative constraints,institutions,instr-antiplural_w10_trt-ert_gapany_illib0p6535_opp0p6535_lrmax1_exclyr,backsliding_Nyr,129,30,0.2017981459866439,0.3979839293410323,105,27,-0.20585568020430095,0.21321592126794836,0.33430451318156273,-0.2687128043931435,0.4196470691204182,0.5219577764014763,18.385156260956062
10,backsliding_Nyr,Y_hos_power,HOS,exec_power,instr-antiplural_w10_trt-ert_gapany_illib0p6535_opp0p6535_lrmax1_exclyr,backsliding_Nyr,129,30,0.2017981459866439,0.3979839293410323,110,28,-0.0961795447488862,0.05541981903510095,0.0826572349779646,-0.33073378211858306,0.36756522385431006,0.3682287308281548,23.429002791635646
10,backsliding_Nyr,Y_hog_power,HOG,exec_power,instr-antiplural_w10_trt-ert_gapany_illib0p6535_opp0p6535_lrmax1_exclyr,backsliding_Nyr,129,30,0.2017981459866439,0.3979839293410323,38,19,0.07880975270857167,0.21271942647634484,0.7110197641711037,-0.521227006068572,3.669801090590595,0.8870551993011617,28.331113598526706
10,backsliding_Nyr,Y_hos_power_vdem,HOS (v2ex_hosw),exec_power_alt,instr-antiplural_w10_trt-ert_gapany_illib0p6535_opp0p6535_lrmax1_exclyr,backsliding_Nyr,129,30,0.2017981459866439,0.3979839293410323,110,28,0.0043655003512565,0.01752622821969376,0.8032959238600152,0.02836746052161453,0.03163321896833342,0.3698460671533008,15.676710172822688
10,backsliding_Nyr,Y_hog_power_vdem,HOG (v2ex_hogw),exec_power_alt,instr-antiplural_w10_trt-ert_gapany_illib0p6535_opp0p6535_lrmax1_exclyr,backsliding_Nyr,129,30,0.2017981459866439,0.3979839293410323,110,28,-8.295447969399947e-4,0.01145775970323459,0.9422833768191315,-0.01162588216629226,0.01805020509220216,0.5195197483575449,15.275839127666464
10,backsliding_Nyr,Y_polyarchy,Electoral (polyarchy),vdem_high,instr-antiplural_w10_trt-ert_gapany_illib0p6535_opp0p6535_lrmax1_exclyr,backsliding_Nyr,129,30,0.2017981459866439,0.3979839293410323,110,28,-0.5072283158918216,0.147228349207628,5.706770529218249e-4,-0.1437033072962846,0.2225616261431908,0.5184874406384199,18.685027876782677
10,backsliding_Nyr,Y_libdem,Liberal,vdem_high,instr-antiplural_w10_trt-ert_gapany_illib0p6535_opp0p6535_lrmax1_exclyr,backsliding_Nyr,129,30,0.2017981459866439,0.3979839293410323,110,28,-0.33736485804659944,0.1250424792950014,0.00697570235426575,-0.0517957658188594,0.20828783594362413,0.803612975151939,17.755320212282008
10,backsliding_Nyr,Y_partipdem,Participatory,vdem_high,instr-antiplural_w10_trt-ert_gapany_illib0p6535_opp0p6535_lrmax1_exclyr,backsliding_Nyr,129,30,0.2017981459866439,0.3979839293410323,110,28,-0.21043565865474195,0.08697040859741656,0.01553657700303766,-0.04292114667009002,0.13769813021791624,0.7552649982221227,17.935290033052706
10,backsliding_Nyr,Y_delibdem,Deliberative,vdem_high,instr-antiplural_w10_trt-ert_gapany_illib0p6535_opp0p6535_lrmax1_exclyr,backsliding_Nyr,129,30,0.2017981459866439,0.3979839293410323,110,28,-0.3065803487342525,0.15093031691931863,0.04222752965536516,-0.10603878117679914,0.26949489841865193,0.6939706689255468,18.856861722700852
10,backsliding_Nyr,Y_egaldem,Egalitarian,vdem_high,instr-antiplural_w10_trt-ert_gapany_illib0p6535_opp0p6535_lrmax1_exclyr,backsliding_Nyr,129,30,0.2017981459866439,0.3979839293410323,110,28,-0.3028409883344714,0.10041796095609933,0.00256298032358496,-0.0979614084531224,0.13746620908088494,0.476079858296795,16.52049320384426
10,backsliding_Nyr,Y_elecoff,Elected officials,vdem_electoral,instr-antiplural_w10_trt-ert_gapany_illib0p6535_opp0p6535_lrmax1_exclyr,backsliding_Nyr,129,30,0.2017981459866439,0.3979839293410323,110,28,-0.2017972973514217,0.3064559877398521,0.5102252197925777,-0.02630543216822282,0.7903216314662738,0.97344774254809,21.79011510762391
10,backsliding_Nyr,Y_frefair,Clean elections,vdem_electoral,instr-antiplural_w10_trt-ert_gapany_illib0p6535_opp0p6535_lrmax1_exclyr,backsliding_Nyr,129,30,0.2017981459866439,0.3979839293410323,110,28,-0.7003263018489672,0.24204662773728575,0.00381152833292959,-0.1792833235374917,0.3783374711314275,0.6355915841201166,19.350654637668743
10,backsliding_Nyr,Y_frassoc,Association,vdem_electoral,instr-antiplural_w10_trt-ert_gapany_illib0p6535_opp0p6535_lrmax1_exclyr,backsliding_Nyr,129,30,0.2017981459866439,0.3979839293410323,110,28,-0.01231323224377778,0.12401518699122824,0.920909526833334,0.01004500267110523,0.34004655160256864,0.976433852879188,20.03701471057995
10,backsliding_Nyr,Y_suffr,Suffrage,vdem_electoral,instr-antiplural_w10_trt-ert_gapany_illib0p6535_opp0p6535_lrmax1_exclyr,backsliding_Nyr,129,30,0.2017981459866439,0.3979839293410323,110,28,0.00274318304859412,0.00355981142986944,0.4409453335862557,0.00693957212464455,0.00752162629035617,0.3562073987311778,14.118945179005232
10,backsliding_Nyr,Y_freexp,Expression & alt. info,vdem_electoral,instr-antiplural_w10_trt-ert_gapany_illib0p6535_opp0p6535_lrmax1_exclyr,backsliding_Nyr,129,30,0.2017981459866439,0.3979839293410323,110,28,-0.06945517042054797,0.10188588027078638,0.4954313625062571,-0.05508770512734998,0.24092921011123083,0.8191434074207918,18.12436377714015
10,backsliding_Nyr,Y_cl_rol,Rule of law,vdem_liberal,instr-antiplural_w10_trt-ert_gapany_illib0p6535_opp0p6535_lrmax1_exclyr,backsliding_Nyr,129,30,0.2017981459866439,0.3979839293410323,110,28,-0.075672350903957325,0.11179162971602674,0.4984660170250156,-0.08483565615592692,0.2564505237334451,0.7407901913357393,18.36743509875949
10,backsliding_Nyr,Y_cspart,Civil society,vdem_particip,instr-antiplural_w10_trt-ert_gapany_illib0p6535_opp0p6535_lrmax1_exclyr,backsliding_Nyr,129,30,0.2017981459866439,0.3979839293410323,110,28,0.03365072141851006,0.13999121473723977,0.810037712360024,0.08323327946425374,0.44831859831952214,0.8527141123085614,20.65384697728632
10,backsliding_Nyr,Y_dd,Direct democracy,vdem_particip,instr-antiplural_w10_trt-ert_gapany_illib0p6535_opp0p6535_lrmax1_exclyr,backsliding_Nyr,129,30,0.2017981459866439,0.3979839293410323,110,28,0.05054426154711635,0.03868180998558801,0.19132568213802129,0.17023483184499252,0.2619389755820371,0.5157551125443836,24.07688769559131
10,backsliding_Nyr,Y_locelec,Local elections,vdem_particip,instr-antiplural_w10_trt-ert_gapany_illib0p6535_opp0p6535_lrmax1_exclyr,backsliding_Nyr,129,30,0.2017981459866439,0.3979839293410323,107,26,-0.00977611568374051,0.14463380785814894,0.9461102734155408,0.1041667393994458,0.3751493727027614,0.7812677114814298,21.294982693298792
10,backsliding_Nyr,Y_regelec,Regional elections,vdem_particip,instr-antiplural_w10_trt-ert_gapany_illib0p6535_opp0p6535_lrmax1_exclyr,backsliding_Nyr,129,30,0.2017981459866439,0.3979839293410323,110,28,0.06877516307966604,0.10581395042923508,0.5157160582623375,0.17389640537879875,0.2875121684228851,0.5452909860804296,18.74933970725192
10,backsliding_Nyr,Y_delib,Deliberation,vdem_egal_delib,instr-antiplural_w10_trt-ert_gapany_illib0p6535_opp0p6535_lrmax1_exclyr,backsliding_Nyr,129,30,0.2017981459866439,0.3979839293410323,110,28,-0.03222998129913387,0.17311071559272526,0.8523025733912546,-0.04948947509172407,0.4463132368115149,0.9117074839587171,19.222671040151237
10,backsliding_Nyr,Y_eqprotec,Equal protection,vdem_egal_delib,instr-antiplural_w10_trt-ert_gapany_illib0p6535_opp0p6535_lrmax1_exclyr,backsliding_Nyr,129,30,0.2017981459866439,0.3979839293410323,110,28,-0.01284382866427852,0.1255531206080893,0.9185201709937628,0.01131007807110631,0.354269110049683,0.9745317789941136,23.164861096358596
10,backsliding_Nyr,Y_eqaccess,Equal access,vdem_egal_delib,instr-antiplural_w10_trt-ert_gapany_illib0p6535_opp0p6535_lrmax1_exclyr,backsliding_Nyr,129,30,0.2017981459866439,0.3979839293410323,110,28,-0.04532432230569264,0.09351293822519365,0.6278997792102741,-0.07371480384275259,0.20524520306109317,0.7194792736156599,18.132954142139603
10,backsliding_Nyr,Y_eqdr,Equal distribution,vdem_egal_delib,instr-antiplural_w10_trt-ert_gapany_illib0p6535_opp0p6535_lrmax1_exclyr,backsliding_Nyr,129,30,0.2017981459866439,0.3979839293410323,110,28,-0.07518914924343764,0.10901585503755906,0.4903775921989769,-0.09351864502479318,0.2132552870003281,0.6610027939227711,18.563755314067777
10,backsliding_union_Nyr,Y_gdp_growth,PWT,growth,instr-antiplural_w10_trt-ertOrDdcg_gapany_illib0p6535_opp0p6535_lrmax1_exclyr,backsliding_union_Nyr,129,36,0.2704377990017052,0.3105435328505719,103,33,-0.16338123881035105,0.19955127351155072,0.4129329706505108,0.10657593466181066,0.5133251308087697,0.835526643729261,25.659122357673795
10,backsliding_union_Nyr,Y_gdp_growth_wb,World Bank,growth,instr-antiplural_w10_trt-ertOrDdcg_gapany_illib0p6535_opp0p6535_lrmax1_exclyr,backsliding_union_Nyr,129,36,0.2704377990017052,0.3105435328505719,106,34,-0.06046654815071095,0.1748162176487054,0.7294281071191594,-0.01382582991445992,0.35592118940668926,0.969013807335415,22.442483944149892
10,backsliding_union_Nyr,Y_gdp_growth_imf,IMF WEO,growth,instr-antiplural_w10_trt-ertOrDdcg_gapany_illib0p6535_opp0p6535_lrmax1_exclyr,backsliding_union_Nyr,129,36,0.2704377990017052,0.3105435328505719,89,30,-0.15223353401305822,0.11434813651123424,0.1830849685611598,-0.3211050299013635,0.2652583489062862,0.22607292516514169,28.17374398435487
10,backsliding_union_Nyr,Y_inflation,"CPI, cumulative log",inflation,instr-antiplural_w10_trt-ertOrDdcg_gapany_illib0p6535_opp0p6535_lrmax1_exclyr,backsliding_union_Nyr,129,36,0.2704377990017052,0.3105435328505719,96,29,0.0945304100447092,0.400923099444452,0.8136019141217347,-0.06731411232140828,0.6611093214602176,0.9188995970220116,15.15318334336238
10,backsliding_union_Nyr,Y_unemployment,Unemployment rate,unemployment,instr-antiplural_w10_trt-ertOrDdcg_gapany_illib0p6535_opp0p6535_lrmax1_exclyr,backsliding_union_Nyr,129,36,0.2704377990017052,0.3105435328505719,80,31,-1.0327902789480126,1.7169986396287429,0.5475009632309745,-2.482983169026706,2.684126387708081,0.35493368808995973,18.82247220964354
10,backsliding_union_Nyr,Y_trade_pct_gdp,Trade / GDP,trade,instr-antiplural_w10_trt-ertOrDdcg_gapany_illib0p6535_opp0p6535_lrmax1_exclyr,backsliding_union_Nyr,129,36,0.2704377990017052,0.3105435328505719,95,31,5.9022035544429645,19.988276382822367,0.7677774978515962,4.560257442274295,46.49984456526931,0.9218764071864896,23.600982555280915
10,backsliding_union_Nyr,Y_top10_share,Top-10% income share,top10,instr-antiplural_w10_trt-ertOrDdcg_gapany_illib0p6535_opp0p6535_lrmax1_exclyr,backsliding_union_Nyr,129,36,0.2704377990017052,0.3105435328505719,98,32,-0.5187564806797278,3.2050940219750887,0.8714210260835709,-0.3763511143584666,5.747728813379629,0.9477932383642286,21.383836194073773
10,backsliding_union_Nyr,Y_gini_disp,Disposable,gini,instr-antiplural_w10_trt-ertOrDdcg_gapany_illib0p6535_opp0p6535_lrmax1_exclyr,backsliding_union_Nyr,129,36,0.2704377990017052,0.3105435328505719,73,23,2.48987730483867,1.85831951688322,0.18029273395509057,2.029697329167345,3.4458748484495727,0.555846275366132,12.370856676500765
10,backsliding_union_Nyr,Y_gini_mkt,Market,gini,instr-antiplural_w10_trt-ertOrDdcg_gapany_illib0p6535_opp0p6535_lrmax1_exclyr,backsliding_union_Nyr,129,36,0.2704377990017052,0.3105435328505719,73,23,1.999820203397669,1.6067809920037983,0.21327410981182737,2.254582426930993,3.9447004010235784,0.5676287820637149,20.073759963216293
10,backsliding_union_Nyr,Y_debt,Debt / GDP,fiscal,instr-antiplural_w10_trt-ertOrDdcg_gapany_illib0p6535_opp0p6535_lrmax1_exclyr,backsliding_union_Nyr,129,36,0.2704377990017052,0.3105435328505719,100,32,209.81273676297172,228.180134012276,0.35783157716978203,135.3593859324136,341.95940406855834,0.6922270025997213,24.017567957109385
10,backsliding_union_Nyr,Y_deficit,Deficit / GDP,fiscal,instr-antiplural_w10_trt-ertOrDdcg_gapany_illib0p6535_opp0p6535_lrmax1_exclyr,backsliding_union_Nyr,129,36,0.2704377990017052,0.3105435328505719,82,28,-4.733335068021606,6.969856044029149,0.49706488251447695,-4.971326207005184,6.963337990212212,0.47527132555570023,12.47378614091691
10,backsliding_union_Nyr,Y_checks_balances,Checks & balances,institutions,instr-antiplural_w10_trt-ertOrDdcg_gapany_illib0p6535_opp0p6535_lrmax1_exclyr,backsliding_union_Nyr,129,36,0.2704377990017052,0.3105435328505719,105,33,0.0582967114731298,0.12908382792030468,0.6515434676943412,0.19220404098942837,0.42308763859547766,0.6496208650386239,21.15168651345941
10,backsliding_union_Nyr,Y_jucon,Judicial constraints,institutions,instr-antiplural_w10_trt-ertOrDdcg_gapany_illib0p6535_opp0p6535_lrmax1_exclyr,backsliding_union_Nyr,129,36,0.2704377990017052,0.3105435328505719,110,34,0.28826911612946315,0.0890903465764048,0.00121347316571488,0.4756213568756712,0.4614861171903436,0.3027144435950857,18.077711797736203
10,backsliding_union_Nyr,Y_legcon,Legislative constraints,institutions,instr-antiplural_w10_trt-ertOrDdcg_gapany_illib0p6535_opp0p6535_lrmax1_exclyr,backsliding_union_Nyr,129,36,0.2704377990017052,0.3105435328505719,105,33,-0.20585568020430095,0.21321592126794836,0.33430451318156273,-0.19592837945235697,0.3850900977767404,0.6109023629256669,20.495296285848628
10,backsliding_union_Nyr,Y_hos_power,HOS,exec_power,instr-antiplural_w10_trt-ertOrDdcg_gapany_illib0p6535_opp0p6535_lrmax1_exclyr,backsliding_union_Nyr,129,36,0.2704377990017052,0.3105435328505719,110,34,-0.0961795447488862,0.05541981903510095,0.0826572349779646,-0.26189406077017197,0.27357851552706125,0.3384207470355452,25.873988261969902
10,backsliding_union_Nyr,Y_hog_power,HOG,exec_power,instr-antiplural_w10_trt-ertOrDdcg_gapany_illib0p6535_opp0p6535_lrmax1_exclyr,backsliding_union_Nyr,129,36,0.2704377990017052,0.3105435328505719,38,23,0.07880975270857167,0.21271942647634484,0.7110197641711037,-0.02980157417927145,0.5590027473388304,0.9574832910849412,26.465124146247433
10,backsliding_union_Nyr,Y_hos_power_vdem,HOS (v2ex_hosw),exec_power_alt,instr-antiplural_w10_trt-ertOrDdcg_gapany_illib0p6535_opp0p6535_lrmax1_exclyr,backsliding_union_Nyr,129,36,0.2704377990017052,0.3105435328505719,110,34,0.0043655003512565,0.01752622821969376,0.8032959238600152,0.06743906863121546,0.06829656842054331,0.32342479408765784,22.849709274288095
10,backsliding_union_Nyr,Y_hog_power_vdem,HOG (v2ex_hogw),exec_power_alt,instr-antiplural_w10_trt-ertOrDdcg_gapany_illib0p6535_opp0p6535_lrmax1_exclyr,backsliding_union_Nyr,129,36,0.2704377990017052,0.3105435328505719,110,34,-8.295447969399947e-4,0.01145775970323459,0.9422833768191315,-0.01227148448525482,0.01596461306098557,0.4420905269008151,19.971212839659433
10,backsliding_union_Nyr,Y_polyarchy,Electoral (polyarchy),vdem_high,instr-antiplural_w10_trt-ertOrDdcg_gapany_illib0p6535_opp0p6535_lrmax1_exclyr,backsliding_union_Nyr,129,36,0.2704377990017052,0.3105435328505719,110,34,-0.5072283158918216,0.147228349207628,5.706770529218249e-4,-0.02664253380876267,0.24315164981766116,0.912749074597305,22.118489523127703
10,backsliding_union_Nyr,Y_libdem,Liberal,vdem_high,instr-antiplural_w10_trt-ertOrDdcg_gapany_illib0p6535_opp0p6535_lrmax1_exclyr,backsliding_union_Nyr,129,36,0.2704377990017052,0.3105435328505719,110,34,-0.33736485804659944,0.1250424792950014,0.00697570235426575,-0.05445803208164512,0.1639128307947694,0.7397097316259007,17.011780048578462
10,backsliding_union_Nyr,Y_partipdem,Participatory,vdem_high,instr-antiplural_w10_trt-ertOrDdcg_gapany_illib0p6535_opp0p6535_lrmax1_exclyr,backsliding_union_Nyr,129,36,0.2704377990017052,0.3105435328505719,110,34,-0.21043565865474195,0.08697040859741656,0.01553657700303766,-0.04187669497174407,0.10832119740369545,0.6990542715173145,17.227029491237342
10,backsliding_union_Nyr,Y_delibdem,Deliberative,vdem_high,instr-antiplural_w10_trt-ertOrDdcg_gapany_illib0p6535_opp0p6535_lrmax1_exclyr,backsliding_union_Nyr,129,36,0.2704377990017052,0.3105435328505719,110,34,-0.3065803487342525,0.15093031691931863,0.04222752965536516,-0.08946351851299345,0.21057872527206992,0.6709489786209113,17.968407323213157
10,backsliding_union_Nyr,Y_egaldem,Egalitarian,vdem_high,instr-antiplural_w10_trt-ertOrDdcg_gapany_illib0p6535_opp0p6535_lrmax1_exclyr,backsliding_union_Nyr,129,36,0.2704377990017052,0.3105435328505719,110,34,-0.3028409883344714,0.10041796095609933,0.00256298032358496,-0.03206956164687714,0.13767148931714457,0.8158059388145125,19.309818851300875
10,backsliding_union_Nyr,Y_elecoff,Elected officials,vdem_electoral,instr-antiplural_w10_trt-ertOrDdcg_gapany_illib0p6535_opp0p6535_lrmax1_exclyr,backsliding_union_Nyr,129,36,0.2704377990017052,0.3105435328505719,110,34,-0.2017972973514217,0.3064559877398521,0.5102252197925777,0.15264371796490686,0.689322715741068,0.8247497416977463,22.76662084243507
10,backsliding_union_Nyr,Y_frefair,Clean elections,vdem_electoral,instr-antiplural_w10_trt-ertOrDdcg_gapany_illib0p6535_opp0p6535_lrmax1_exclyr,backsliding_union_Nyr,129,36,0.2704377990017052,0.3105435328505719,110,34,-0.7003263018489672,0.24204662773728575,0.00381152833292959,0.00732535694510173,0.39457664309570295,0.985188039937842,22.92406718759891
10,backsliding_union_Nyr,Y_frassoc,Association,vdem_electoral,instr-antiplural_w10_trt-ertOrDdcg_gapany_illib0p6535_opp0p6535_lrmax1_exclyr,backsliding_union_Nyr,129,36,0.2704377990017052,0.3105435328505719,110,34,-0.01231323224377778,0.12401518699122824,0.920909526833334,0.05639525514495839,0.32230073626181205,0.8610976104933976,23.19844054021161
10,backsliding_union_Nyr,Y_suffr,Suffrage,vdem_electoral,instr-antiplural_w10_trt-ertOrDdcg_gapany_illib0p6535_opp0p6535_lrmax1_exclyr,backsliding_union_Nyr,129,36,0.2704377990017052,0.3105435328505719,110,34,0.00274318304859412,0.00355981142986944,0.4409453335862557,0.00581578007442806,0.00625729414405373,0.35266105610107945,14.551427559537908
10,backsliding_union_Nyr,Y_freexp,Expression & alt. info,vdem_electoral,instr-antiplural_w10_trt-ertOrDdcg_gapany_illib0p6535_opp0p6535_lrmax1_exclyr,backsliding_union_Nyr,129,36,0.2704377990017052,0.3105435328505719,110,34,-0.06945517042054797,0.10188588027078638,0.4954313625062571,-0.07715553765418781,0.16208022656780505,0.634050862931917,15.982198613503346
10,backsliding_union_Nyr,Y_cl_rol,Rule of law,vdem_liberal,instr-antiplural_w10_trt-ertOrDdcg_gapany_illib0p6535_opp0p6535_lrmax1_exclyr,backsliding_union_Nyr,129,36,0.2704377990017052,0.3105435328505719,110,34,-0.075672350903957325,0.11179162971602674,0.4984660170250156,-0.08167832135471444,0.19342252244096464,0.6728211881991102,16.521547763506653
10,backsliding_union_Nyr,Y_cspart,Civil society,vdem_particip,instr-antiplural_w10_trt-ertOrDdcg_gapany_illib0p6535_opp0p6535_lrmax1_exclyr,backsliding_union_Nyr,129,36,0.2704377990017052,0.3105435328505719,110,34,0.03365072141851006,0.13999121473723977,0.810037712360024,0.06880491882293716,0.3786953144042278,0.8558264967657995,20.9351960763556
10,backsliding_union_Nyr,Y_dd,Direct democracy,vdem_particip,instr-antiplural_w10_trt-ertOrDdcg_gapany_illib0p6535_opp0p6535_lrmax1_exclyr,backsliding_union_Nyr,129,36,0.2704377990017052,0.3105435328505719,110,34,0.05054426154711635,0.03868180998558801,0.19132568213802129,0.06813049952206132,0.141538844261169,0.6302638663008382,20.557730366813416
10,backsliding_union_Nyr,Y_locelec,Local elections,vdem_particip,instr-antiplural_w10_trt-ertOrDdcg_gapany_illib0p6535_opp0p6535_lrmax1_exclyr,backsliding_union_Nyr,129,36,0.2704377990017052,0.3105435328505719,107,32,-0.00977611568374051,0.14463380785814894,0.9461102734155408,0.1226672398699004,0.35511403556036736,0.7297707065225189,23.1470595365654
10,backsliding_union_Nyr,Y_regelec,Regional elections,vdem_particip,instr-antiplural_w10_trt-ertOrDdcg_gapany_illib0p6535_opp0p6535_lrmax1_exclyr,backsliding_union_Nyr,129,36,0.2704377990017052,0.3105435328505719,110,34,0.06877516307966604,0.10581395042923508,0.5157160582623375,0.12834238794189368,0.23678996748589637,0.5878120310914345,18.744575258056564
10,backsliding_union_Nyr,Y_delib,Deliberation,vdem_egal_delib,instr-antiplural_w10_trt-ertOrDdcg_gapany_illib0p6535_opp0p6535_lrmax1_exclyr,backsliding_union_Nyr,129,36,0.2704377990017052,0.3105435328505719,110,34,-0.03222998129913387,0.17311071559272526,0.8523025733912546,-0.03969947135977217,0.36787808191752686,0.9140633163875068,19.033402015822535
10,backsliding_union_Nyr,Y_eqprotec,Equal protection,vdem_egal_delib,instr-antiplural_w10_trt-ertOrDdcg_gapany_illib0p6535_opp0p6535_lrmax1_exclyr,backsliding_union_Nyr,129,36,0.2704377990017052,0.3105435328505719,110,34,-0.01284382866427852,0.1255531206080893,0.9185201709937628,0.06390515157963927,0.29572292018245255,0.8289113060061086,26.77953010910584
10,backsliding_union_Nyr,Y_eqaccess,Equal access,vdem_egal_delib,instr-antiplural_w10_trt-ertOrDdcg_gapany_illib0p6535_opp0p6535_lrmax1_exclyr,backsliding_union_Nyr,129,36,0.2704377990017052,0.3105435328505719,110,34,-0.04532432230569264,0.09351293822519365,0.6278997792102741,-0.06121433431044942,0.16846160582497988,0.7163265554584216,17.82678607572578
10,backsliding_union_Nyr,Y_eqdr,Equal distribution,vdem_egal_delib,instr-antiplural_w10_trt-ertOrDdcg_gapany_illib0p6535_opp0p6535_lrmax1_exclyr,backsliding_union_Nyr,129,36,0.2704377990017052,0.3105435328505719,110,34,-0.07518914924343764,0.10901585503755906,0.4903775921989769,-0.05321584759877481,0.19612252128743415,0.7861296908167317,20.657177337812197
10,polyarchy_decline,Y_gdp_growth,PWT,growth,instr-antiplural_w10_trt-polyarchy_gapany_illib0p6535_opp0p6535_lrmax1_exclyr,polyarchy_decline,110,41,0.5072283158918216,5.706770529218249e-4,103,36,-0.16338123881035105,0.19955127351155072,0.4129329706505108,-2.0562220385242203,4.264866467898953,0.629713271748598,19.022387848819697
10,polyarchy_decline,Y_gdp_growth_wb,World Bank,growth,instr-antiplural_w10_trt-polyarchy_gapany_illib0p6535_opp0p6535_lrmax1_exclyr,polyarchy_decline,110,41,0.5072283158918216,5.706770529218249e-4,106,39,-0.06046654815071095,0.1748162176487054,0.7294281071191594,0.6197479512153947,25.266056132439985,0.9804307511337256,22.04971207028203
10,polyarchy_decline,Y_gdp_growth_imf,IMF WEO,growth,instr-antiplural_w10_trt-polyarchy_gapany_illib0p6535_opp0p6535_lrmax1_exclyr,polyarchy_decline,110,41,0.5072283158918216,5.706770529218249e-4,89,32,-0.15223353401305822,0.11434813651123424,0.1830849685611598,0.9241645610917292,7.931163199248541,0.9072378958579044,20.081455297065336
10,polyarchy_decline,Y_inflation,"CPI, cumulative log",inflation,instr-antiplural_w10_trt-polyarchy_gapany_illib0p6535_opp0p6535_lrmax1_exclyr,polyarchy_decline,110,41,0.5072283158918216,5.706770529218249e-4,96,34,0.0945304100447092,0.400923099444452,0.8136019141217347,-20.462988733495152,49.69818109836921,0.6805261734296388,15.020160089367842
10,polyarchy_decline,Y_unemployment,Unemployment rate,unemployment,instr-antiplural_w10_trt-polyarchy_gapany_illib0p6535_opp0p6535_lrmax1_exclyr,polyarchy_decline,110,41,0.5072283158918216,5.706770529218249e-4,80,34,-1.0327902789480126,1.7169986396287429,0.5475009632309745,17.970357445743744,52.72292629638521,0.7332201054998702,25.746212773500854
10,polyarchy_decline,Y_trade_pct_gdp,Trade / GDP,trade,instr-antiplural_w10_trt-polyarchy_gapany_illib0p6535_opp0p6535_lrmax1_exclyr,polyarchy_decline,110,41,0.5072283158918216,5.706770529218249e-4,95,36,5.9022035544429645,19.988276382822367,0.7677774978515962,8746839.325803136,101707004.81840204,0.931466128728524,23.777230853121377
10,polyarchy_decline,Y_top10_share,Top-10% income share,top10,instr-antiplural_w10_trt-polyarchy_gapany_illib0p6535_opp0p6535_lrmax1_exclyr,polyarchy_decline,110,41,0.5072283158918216,5.706770529218249e-4,98,36,-0.5187564806797278,3.2050940219750887,0.8714210260835709,42.49138486601934,190.90739087266647,0.8238655928199244,16.856950187433043
10,polyarchy_decline,Y_gini_disp,Disposable,gini,instr-antiplural_w10_trt-polyarchy_gapany_illib0p6535_opp0p6535_lrmax1_exclyr,polyarchy_decline,110,41,0.5072283158918216,5.706770529218249e-4,73,24,2.48987730483867,1.85831951688322,0.18029273395509057,8.459915005114524,18.65954394261951,0.6502731687653114,11.410531281580235
10,polyarchy_decline,Y_gini_mkt,Market,gini,instr-antiplural_w10_trt-polyarchy_gapany_illib0p6535_opp0p6535_lrmax1_exclyr,polyarchy_decline,110,41,0.5072283158918216,5.706770529218249e-4,73,24,1.999820203397669,1.6067809920037983,0.21327410981182737,6.650418320136213,15.356055278821316,0.6649558051313065,11.411233670628215
10,polyarchy_decline,Y_debt,Debt / GDP,fiscal,instr-antiplural_w10_trt-polyarchy_gapany_illib0p6535_opp0p6535_lrmax1_exclyr,polyarchy_decline,110,41,0.5072283158918216,5.706770529218249e-4,100,37,209.81273676297172,228.180134012276,0.35783157716978203,-1256.6981887833413,10354.252421164334,0.9033977809483968,24.542515281137696
10,polyarchy_decline,Y_deficit,Deficit / GDP,fiscal,instr-antiplural_w10_trt-polyarchy_gapany_illib0p6535_opp0p6535_lrmax1_exclyr,polyarchy_decline,110,41,0.5072283158918216,5.706770529218249e-4,82,33,-4.733335068021606,6.969856044029149,0.49706488251447695,9.534802804913038,104.6229883198856,0.9273854228908388,23.671620445919388
10,polyarchy_decline,Y_checks_balances,Checks & balances,institutions,instr-antiplural_w10_trt-polyarchy_gapany_illib0p6535_opp0p6535_lrmax1_exclyr,polyarchy_decline,110,41,0.5072283158918216,5.706770529218249e-4,105,39,0.0582967114731298,0.12908382792030468,0.6515434676943412,-5.191046908209115,31.616677800465855,0.8695839489132682,24.882235359729272
10,polyarchy_decline,Y_jucon,Judicial constraints,institutions,instr-antiplural_w10_trt-polyarchy_gapany_illib0p6535_opp0p6535_lrmax1_exclyr,polyarchy_decline,110,41,0.5072283158918216,5.706770529218249e-4,110,41,0.28826911612946315,0.0890903465764048,0.00121347316571488,-9.264255185557772,41.2001205249546,0.8220882617365654,18.26036135372502
10,polyarchy_decline,Y_legcon,Legislative constraints,institutions,instr-antiplural_w10_trt-polyarchy_gapany_illib0p6535_opp0p6535_lrmax1_exclyr,polyarchy_decline,110,41,0.5072283158918216,5.706770529218249e-4,105,39,-0.20585568020430095,0.21321592126794836,0.33430451318156273,-1.3871446341409737,4.832638763190133,0.7740842272236128,17.8101591626189
10,polyarchy_decline,Y_hos_power,HOS,exec_power,instr-antiplural_w10_trt-polyarchy_gapany_illib0p6535_opp0p6535_lrmax1_exclyr,polyarchy_decline,110,41,0.5072283158918216,5.706770529218249e-4,110,41,-0.0961795447488862,0.05541981903510095,0.0826572349779646,-44.90291701992712,1851.0125257597856,0.9806463597077124,24.06882377877249
10,polyarchy_decline,Y_hog_power,HOG,exec_power,instr-antiplural_w10_trt-polyarchy_gapany_illib0p6535_opp0p6535_lrmax1_exclyr,polyarchy_decline,110,41,0.5072283158918216,5.706770529218249e-4,38,14,0.07880975270857167,0.21271942647634484,0.7110197641711037,3.216315825408905,11.742475456009169,0.7841580815632868,26.857436539703084
10,polyarchy_decline,Y_hos_power_vdem,HOS (v2ex_hosw),exec_power_alt,instr-antiplural_w10_trt-polyarchy_gapany_illib0p6535_opp0p6535_lrmax1_exclyr,polyarchy_decline,110,41,0.5072283158918216,5.706770529218249e-4,110,41,0.0043655003512565,0.01752622821969376,0.8032959238600152,0.13638337413128293,0.15967582731638055,0.3930348376987756,14.253600265451556
10,polyarchy_decline,Y_hog_power_vdem,HOG (v2ex_hogw),exec_power_alt,instr-antiplural_w10_trt-polyarchy_gapany_illib0p6535_opp0p6535_lrmax1_exclyr,polyarchy_decline,110,41,0.5072283158918216,5.706770529218249e-4,110,41,-8.295447969399947e-4,0.01145775970323459,0.9422833768191315,-3.5609563204509027e-4,0.08663175485462327,0.9967203433963114,12.936338426036071
10,polyarchy_decline,Y_polyarchy,Electoral (polyarchy),vdem_high,instr-antiplural_w10_trt-polyarchy_gapany_illib0p6535_opp0p6535_lrmax1_exclyr,polyarchy_decline,110,41,0.5072283158918216,5.706770529218249e-4,110,41,-0.5072283158918216,0.147228349207628,5.706770529218249e-4,-1,2.34627650450572e-17,0,11.881725999149312
10,polyarchy_decline,Y_libdem,Liberal,vdem_high,instr-antiplural_w10_trt-polyarchy_gapany_illib0p6535_opp0p6535_lrmax1_exclyr,polyarchy_decline,110,41,0.5072283158918216,5.706770529218249e-4,110,41,-0.33736485804659944,0.1250424792950014,0.00697570235426575,-3.1226759378976032,27.63109820025771,0.9100201730730928,25.360313577638227
10,polyarchy_decline,Y_partipdem,Participatory,vdem_high,instr-antiplural_w10_trt-polyarchy_gapany_illib0p6535_opp0p6535_lrmax1_exclyr,polyarchy_decline,110,41,0.5072283158918216,5.706770529218249e-4,110,41,-0.21043565865474195,0.08697040859741656,0.01553657700303766,-0.97259376660780394,3.4087792424276055,0.7753987953904231,18.470490647489004
10,polyarchy_decline,Y_delibdem,Deliberative,vdem_high,instr-antiplural_w10_trt-polyarchy_gapany_illib0p6535_opp0p6535_lrmax1_exclyr,polyarchy_decline,110,41,0.5072283158918216,5.706770529218249e-4,110,41,-0.3065803487342525,0.15093031691931863,0.04222752965536516,-5.154707295362951,14.397516308797869,0.7203227065010709,19.82439862577622
10,polyarchy_decline,Y_egaldem,Egalitarian,vdem_high,instr-antiplural_w10_trt-polyarchy_gapany_illib0p6535_opp0p6535_lrmax1_exclyr,polyarchy_decline,110,41,0.5072283158918216,5.706770529218249e-4,110,41,-0.3028409883344714,0.10041796095609933,0.00256298032358496,-0.6608030126091404,0.8198725456531195,0.4202528773435986,17.18714012528173
10,polyarchy_decline,Y_elecoff,Elected officials,vdem_electoral,instr-antiplural_w10_trt-polyarchy_gapany_illib0p6535_opp0p6535_lrmax1_exclyr,polyarchy_decline,110,41,0.5072283158918216,5.706770529218249e-4,110,41,-0.2017972973514217,0.3064559877398521,0.5102252197925777,-2.2572477192936664,5.7924289438354295,0.6967662918972479,16.29291321747405
10,polyarchy_decline,Y_frefair,Clean elections,vdem_electoral,instr-antiplural_w10_trt-polyarchy_gapany_illib0p6535_opp0p6535_lrmax1_exclyr,polyarchy_decline,110,41,0.5072283158918216,5.706770529218249e-4,110,41,-0.7003263018489672,0.24204662773728575,0.00381152833292959,1.0093814705842623,16.45924239328625,0.951099489366603,21.21655901560966
10,polyarchy_decline,Y_frassoc,Association,vdem_electoral,instr-antiplural_w10_trt-polyarchy_gapany_illib0p6535_opp0p6535_lrmax1_exclyr,polyarchy_decline,110,41,0.5072283158918216,5.706770529218249e-4,110,41,-0.01231323224377778,0.12401518699122824,0.920909526833334,-0.22980776736291056,1.4762473215593612,0.8762929601830091,15.43724334671632
10,polyarchy_decline,Y_suffr,Suffrage,vdem_electoral,instr-antiplural_w10_trt-polyarchy_gapany_illib0p6535_opp0p6535_lrmax1_exclyr,polyarchy_decline,110,41,0.5072283158918216,5.706770529218249e-4,110,41,0.00274318304859412,0.00355981142986944,0.4409453335862557,0.07049571761861541,0.08803695773106136,0.4232755765143552,16.588850693054578
10,polyarchy_decline,Y_freexp,Expression & alt. info,vdem_electoral,instr-antiplural_w10_trt-polyarchy_gapany_illib0p6535_opp0p6535_lrmax1_exclyr,polyarchy_decline,110,41,0.5072283158918216,5.706770529218249e-4,110,41,-0.06945517042054797,0.10188588027078638,0.4954313625062571,-2.5663547328012912,37.17972440244331,0.9449692005331384,24.73356279133559
10,polyarchy_decline,Y_cl_rol,Rule of law,vdem_liberal,instr-antiplural_w10_trt-polyarchy_gapany_illib0p6535_opp0p6535_lrmax1_exclyr,polyarchy_decline,110,41,0.5072283158918216,5.706770529218249e-4,110,41,-0.075672350903957325,0.11179162971602674,0.4984660170250156,0.5278921113114632,189.37049012169695,0.9977758075209672,22.341569039307984
10,polyarchy_decline,Y_cspart,Civil society,vdem_particip,instr-antiplural_w10_trt-polyarchy_gapany_illib0p6535_opp0p6535_lrmax1_exclyr,polyarchy_decline,110,41,0.5072283158918216,5.706770529218249e-4,110,41,0.03365072141851006,0.13999121473723977,0.810037712360024,-31.274045791009165,96.64039987028636,0.7462313888137158,20.50405762832228
10,polyarchy_decline,Y_dd,Direct democracy,vdem_particip,instr-antiplural_w10_trt-polyarchy_gapany_illib0p6535_opp0p6535_lrmax1_exclyr,polyarchy_decline,110,41,0.5072283158918216,5.706770529218249e-4,110,41,0.05054426154711635,0.03868180998558801,0.19132568213802129,0.07687827210504083,1.7802051899493023,0.9655540125064602,16.45419211048987
10,polyarchy_decline,Y_locelec,Local elections,vdem_particip,instr-antiplural_w10_trt-polyarchy_gapany_illib0p6535_opp0p6535_lrmax1_exclyr,polyarchy_decline,110,41,0.5072283158918216,5.706770529218249e-4,107,40,-0.00977611568374051,0.14463380785814894,0.9461102734155408,-3.997011622262543,7.805245982715836,0.6085859420987902,18.14998632621547
10,polyarchy_decline,Y_regelec,Regional elections,vdem_particip,instr-antiplural_w10_trt-polyarchy_gapany_illib0p6535_opp0p6535_lrmax1_exclyr,polyarchy_decline,110,41,0.5072283158918216,5.706770529218249e-4,110,41,0.06877516307966604,0.10581395042923508,0.5157160582623375,-15.013845739481855,261.7142211310992,0.9542525880749304,24.562962381926088
10,polyarchy_decline,Y_delib,Deliberation,vdem_egal_delib,instr-antiplural_w10_trt-polyarchy_gapany_illib0p6535_opp0p6535_lrmax1_exclyr,polyarchy_decline,110,41,0.5072283158918216,5.706770529218249e-4,110,41,-0.03222998129913387,0.17311071559272526,0.8523025733912546,-0.5045662560598413,4.995712845474054,0.9195505779760184,17.562899974524264
10,polyarchy_decline,Y_eqprotec,Equal protection,vdem_egal_delib,instr-antiplural_w10_trt-polyarchy_gapany_illib0p6535_opp0p6535_lrmax1_exclyr,polyarchy_decline,110,41,0.5072283158918216,5.706770529218249e-4,110,41,-0.01284382866427852,0.1255531206080893,0.9185201709937628,-19.12839511556735,214.954802045761,0.9290914572806754,21.9011034554474
10,polyarchy_decline,Y_eqaccess,Equal access,vdem_egal_delib,instr-antiplural_w10_trt-polyarchy_gapany_illib0p6535_opp0p6535_lrmax1_exclyr,polyarchy_decline,110,41,0.5072283158918216,5.706770529218249e-4,110,41,-0.04532432230569264,0.09351293822519365,0.6278997792102741,14.191915408790178,33.17531265110023,0.6688073451330288,20.428794007999254
10,polyarchy_decline,Y_eqdr,Equal distribution,vdem_egal_delib,instr-antiplural_w10_trt-polyarchy_gapany_illib0p6535_opp0p6535_lrmax1_exclyr,polyarchy_decline,110,41,0.5072283158918216,5.706770529218249e-4,110,41,-0.07518914924343764,0.10901585503755906,0.4903775921989769,-32.63750778391387,660.3445422195903,0.9605806309888836,22.991811710244512
