window,treatment_def,outcome,outcome_label,panel,spec,treatment,n_first_stage,n_first_stage_treated,first_stage_coef,first_stage_pval,n_outcome,n_outcome_treated,rd_estimate,rd_se,rd_pval,late_estimate,late_se,late_pval,bandwidth
1,backsliding_Nyr,Y_gdp_growth,PWT,growth,instr-antiplural_w1_trt-ert_gapany_illibany_lrstraddle_exclyr,backsliding_Nyr,866,22,0.00618990226264827,0.8359889769729306,845,21,-0.03821820049694706,0.0180572210967726,0.03430187213017565,-2.7236205332894814,8.397243750701849,0.7456753661442341,21.649570414067547
1,backsliding_Nyr,Y_gdp_growth_wb,World Bank,growth,instr-antiplural_w1_trt-ert_gapany_illibany_lrstraddle_exclyr,backsliding_Nyr,866,22,0.00618990226264827,0.8359889769729306,847,21,-0.01465589855140999,0.01426126599919264,0.3041043147247831,2.1950373651409354,6.413735459978549,0.73217022154538,20.104765567362747
1,backsliding_Nyr,Y_gdp_growth_imf,IMF WEO,growth,instr-antiplural_w1_trt-ert_gapany_illibany_lrstraddle_exclyr,backsliding_Nyr,866,22,0.00618990226264827,0.8359889769729306,648,18,0.00329205284036984,0.01581644122794369,0.8351187292814009,7.471653000824304,36.336362900527135,0.8370840974639493,16.298481403111648
1,backsliding_Nyr,Y_inflation,"CPI, cumulative log",inflation,instr-antiplural_w1_trt-ert_gapany_illibany_lrstraddle_exclyr,backsliding_Nyr,866,22,0.00618990226264827,0.8359889769729306,777,19,-0.0128430242327282,0.06941583029995677,0.8532166558236592,-402.5572970501243,6526.252510145085,0.950815465717824,16.39538499686584
1,backsliding_Nyr,Y_unemployment,Unemployment rate,unemployment,instr-antiplural_w1_trt-ert_gapany_illibany_lrstraddle_exclyr,backsliding_Nyr,866,22,0.00618990226264827,0.8359889769729306,612,20,0.1559719483180701,0.4016855366934172,0.6977987264777534,-728.0994189997627,5392.547733138441,0.892596409769275,18.184359911464927
1,backsliding_Nyr,Y_trade_pct_gdp,Trade / GDP,trade,instr-antiplural_w1_trt-ert_gapany_illibany_lrstraddle_exclyr,backsliding_Nyr,866,22,0.00618990226264827,0.8359889769729306,771,20,0.8117491723374894,2.390691719269585,0.7341986511054421,449.3670007524877,1832.6869104726695,0.8063048842039124,19.45501741657126
1,backsliding_Nyr,Y_top10_share,Top-10% income share,top10,instr-antiplural_w1_trt-ert_gapany_illibany_lrstraddle_exclyr,backsliding_Nyr,866,22,0.00618990226264827,0.8359889769729306,803,21,-0.02460102871811031,0.4734377863550125,0.9585585438254952,-3.666152812697942,107.71460242330885,0.9728486018655532,20.451627430056757
1,backsliding_Nyr,Y_gini_disp,Disposable,gini,instr-antiplural_w1_trt-ert_gapany_illibany_lrstraddle_exclyr,backsliding_Nyr,866,22,0.00618990226264827,0.8359889769729306,713,20,0.06885139243238798,0.1912830883338733,0.7188882594382642,15.167634618011707,50.9026037966724,0.765723275309705,23.306705620231632
1,backsliding_Nyr,Y_gini_mkt,Market,gini,instr-antiplural_w1_trt-ert_gapany_illibany_lrstraddle_exclyr,backsliding_Nyr,866,22,0.00618990226264827,0.8359889769729306,713,20,0.04193331328989019,0.18133300920539047,0.8171203528795601,10.587676537762334,35.91609057767042,0.7681548974080699,21.095140767430983
1,backsliding_Nyr,Y_debt,Debt / GDP,fiscal,instr-antiplural_w1_trt-ert_gapany_illibany_lrstraddle_exclyr,backsliding_Nyr,866,22,0.00618990226264827,0.8359889769729306,828,21,-3.4092567183271187,3.339689597363775,0.30733479158147237,-3806.2731020017254,21477.447423384867,0.8593341285043677,17.150255846300112
1,backsliding_Nyr,Y_deficit,Deficit / GDP,fiscal,instr-antiplural_w1_trt-ert_gapany_illibany_lrstraddle_exclyr,backsliding_Nyr,866,22,0.00618990226264827,0.8359889769729306,756,20,0.11737530886999804,0.8504782945957033,0.8902317714341708,39.374949114954305,666.7825358966797,0.9529105627478685,17.323144935633586
1,backsliding_Nyr,Y_checks_balances,Checks & balances,institutions,instr-antiplural_w1_trt-ert_gapany_illibany_lrstraddle_exclyr,backsliding_Nyr,866,22,0.00618990226264827,0.8359889769729306,848,21,0.00287318484519017,0.01403180939040505,0.8377578831368389,7.706808810515959,43.39051766118049,0.8590253070666427,17.426958273041958
1,backsliding_Nyr,Y_jucon,Judicial constraints,institutions,instr-antiplural_w1_trt-ert_gapany_illibany_lrstraddle_exclyr,backsliding_Nyr,866,22,0.00618990226264827,0.8359889769729306,864,21,0.00238503723661032,0.01181026463114833,0.8399588384116388,8.308783941208521,46.2888541200612,0.8575462261667397,16.81480655806721
1,backsliding_Nyr,Y_legcon,Legislative constraints,institutions,instr-antiplural_w1_trt-ert_gapany_illibany_lrstraddle_exclyr,backsliding_Nyr,866,22,0.00618990226264827,0.8359889769729306,848,21,-1.6707843081683466e-4,0.01938207749643489,0.9931221176147762,-3.6367923886931326,41.7059358398209,0.93051187643393,17.96990880142157
1,backsliding_Nyr,Y_hos_power,HOS,exec_power,instr-antiplural_w1_trt-ert_gapany_illibany_lrstraddle_exclyr,backsliding_Nyr,866,22,0.00618990226264827,0.8359889769729306,864,21,0.01791891047475733,0.01323892198258225,0.1758952369314431,9.598097305231889,53.5464177170414,0.8577428431542118,19.17369664621682
1,backsliding_Nyr,Y_hog_power,HOG,exec_power,instr-antiplural_w1_trt-ert_gapany_illibany_lrstraddle_exclyr,backsliding_Nyr,866,22,0.00618990226264827,0.8359889769729306,465,13,0.01225655043962234,0.01295559909329995,0.34412678817460624,35.7729610535019,218.84950368645283,0.8701569081787738,9.441433612881855
1,backsliding_Nyr,Y_hos_power_vdem,HOS (v2ex_hosw),exec_power_alt,instr-antiplural_w1_trt-ert_gapany_illibany_lrstraddle_exclyr,backsliding_Nyr,866,22,0.00618990226264827,0.8359889769729306,864,21,-0.00964487731419982,0.02788903770313082,0.7294701705722698,-16.409956628549686,130.1980744748711,0.8997015303265372,16.054341676956586
1,backsliding_Nyr,Y_hog_power_vdem,HOG (v2ex_hogw),exec_power_alt,instr-antiplural_w1_trt-ert_gapany_illibany_lrstraddle_exclyr,backsliding_Nyr,866,22,0.00618990226264827,0.8359889769729306,864,21,0.01501382029560893,0.02306924167612824,0.5151655866364735,809.3169223703823,21646.52371774624,0.9701757623823848,14.26361539790864
1,backsliding_Nyr,Y_polyarchy,Electoral (polyarchy),vdem_high,instr-antiplural_w1_trt-ert_gapany_illibany_lrstraddle_exclyr,backsliding_Nyr,866,22,0.00618990226264827,0.8359889769729306,864,21,0.00442805284968841,0.0131615192965006,0.73653958854909,-6518.764141214791,169617.6396578376,0.969343158135019,14.471832017418034
1,backsliding_Nyr,Y_libdem,Liberal,vdem_high,instr-antiplural_w1_trt-ert_gapany_illibany_lrstraddle_exclyr,backsliding_Nyr,866,22,0.00618990226264827,0.8359889769729306,864,21,0.00281804215920387,0.01301477763402625,0.8285774962195265,-6.74581692509121,222.1849403431383,0.9757789328067664,15.327788447745464
1,backsliding_Nyr,Y_partipdem,Participatory,vdem_high,instr-antiplural_w1_trt-ert_gapany_illibany_lrstraddle_exclyr,backsliding_Nyr,866,22,0.00618990226264827,0.8359889769729306,864,21,0.00347897851133889,0.01004718024950531,0.7291441945562409,4.606449211435315,48.591729672642344,0.924474451263273,15.134746207356162
1,backsliding_Nyr,Y_delibdem,Deliberative,vdem_high,instr-antiplural_w1_trt-ert_gapany_illibany_lrstraddle_exclyr,backsliding_Nyr,866,22,0.00618990226264827,0.8359889769729306,864,21,0.00309466569532993,0.01567481758500765,0.8434917309424759,0.5046731723517311,27.641199046064983,0.9854330283982232,16.477326197246054
1,backsliding_Nyr,Y_egaldem,Egalitarian,vdem_high,instr-antiplural_w1_trt-ert_gapany_illibany_lrstraddle_exclyr,backsliding_Nyr,866,22,0.00618990226264827,0.8359889769729306,864,21,0.0018090842063221,0.00976576028331548,0.8530347914195783,1.2619729844046499,56.78245438931029,0.9822687151207292,15.397043182839171
1,backsliding_Nyr,Y_elecoff,Elected officials,vdem_electoral,instr-antiplural_w1_trt-ert_gapany_illibany_lrstraddle_exclyr,backsliding_Nyr,866,22,0.00618990226264827,0.8359889769729306,864,21,-0.00818210753317919,0.03135731228721019,0.7941454063147206,-29.533835910238636,244.08350123287732,0.903691904023271,16.884996326076198
1,backsliding_Nyr,Y_frefair,Clean elections,vdem_electoral,instr-antiplural_w1_trt-ert_gapany_illibany_lrstraddle_exclyr,backsliding_Nyr,866,22,0.00618990226264827,0.8359889769729306,864,21,0.00584807686663931,0.0167349147706275,0.7267487701420718,305.2766262947935,3978.573413469468,0.9388382007120892,14.625650776379782
1,backsliding_Nyr,Y_frassoc,Association,vdem_electoral,instr-antiplural_w1_trt-ert_gapany_illibany_lrstraddle_exclyr,backsliding_Nyr,866,22,0.00618990226264827,0.8359889769729306,864,21,-6.070210475763007e-4,0.01055211639694372,0.9541261954135768,-1.5591833420577923,23.818495171687935,0.9478069294639656,18.433356830572272
1,backsliding_Nyr,Y_suffr,Suffrage,vdem_electoral,instr-antiplural_w1_trt-ert_gapany_illibany_lrstraddle_exclyr,backsliding_Nyr,866,22,0.00618990226264827,0.8359889769729306,864,21,0.00966825032694116,0.01219437974710475,0.4278682630503174,8.163758979580034,31.26845227379843,0.7940260928089132,19.664977594316404
1,backsliding_Nyr,Y_freexp,Expression & alt. info,vdem_electoral,instr-antiplural_w1_trt-ert_gapany_illibany_lrstraddle_exclyr,backsliding_Nyr,866,22,0.00618990226264827,0.8359889769729306,864,21,-0.00413621357101165,0.01212742553520083,0.7330563138940234,-86.1340323499603,1013.4475516720812,0.9322684583240708,15.237563792635443
1,backsliding_Nyr,Y_cl_rol,Rule of law,vdem_liberal,instr-antiplural_w1_trt-ert_gapany_illibany_lrstraddle_exclyr,backsliding_Nyr,866,22,0.00618990226264827,0.8359889769729306,864,21,0.00397851999008939,0.00929239441593393,0.6685433795528799,-0.7096832231341279,21.110667493295665,0.9731823424945872,11.196623125001835
1,backsliding_Nyr,Y_cspart,Civil society,vdem_particip,instr-antiplural_w1_trt-ert_gapany_illibany_lrstraddle_exclyr,backsliding_Nyr,866,22,0.00618990226264827,0.8359889769729306,864,21,-0.00209769681641875,0.01231787601816145,0.8647766033877591,-7.572512150874479,72.34233639107408,0.9166328435090518,16.75661871689885
1,backsliding_Nyr,Y_dd,Direct democracy,vdem_particip,instr-antiplural_w1_trt-ert_gapany_illibany_lrstraddle_exclyr,backsliding_Nyr,866,22,0.00618990226264827,0.8359889769729306,864,21,0.00393660905447716,0.0087760941061183,0.653748742295185,2.010515393863453,19.141883069930817,0.916350204108778,18.238335546025972
1,backsliding_Nyr,Y_locelec,Local elections,vdem_particip,instr-antiplural_w1_trt-ert_gapany_illibany_lrstraddle_exclyr,backsliding_Nyr,866,22,0.00618990226264827,0.8359889769729306,856,21,0.00398691512871708,0.00851704150829633,0.639705690949355,31.16462159462989,294.7741829628766,0.9158015642583816,15.691108850022427
1,backsliding_Nyr,Y_regelec,Regional elections,vdem_particip,instr-antiplural_w1_trt-ert_gapany_illibany_lrstraddle_exclyr,backsliding_Nyr,866,22,0.00618990226264827,0.8359889769729306,864,21,-0.02398164514533587,0.02136092153374036,0.26157012826066867,-21.433404951447866,107.2486718808956,0.8415996613738181,18.18785803389506
1,backsliding_Nyr,Y_delib,Deliberation,vdem_egal_delib,instr-antiplural_w1_trt-ert_gapany_illibany_lrstraddle_exclyr,backsliding_Nyr,866,22,0.00618990226264827,0.8359889769729306,864,21,-0.0011675063302143,0.01664478259506598,0.9440802557971636,-4.396268841680948,36.71366754432731,0.9046853521591526,17.53837524797448
1,backsliding_Nyr,Y_eqprotec,Equal protection,vdem_egal_delib,instr-antiplural_w1_trt-ert_gapany_illibany_lrstraddle_exclyr,backsliding_Nyr,866,22,0.00618990226264827,0.8359889769729306,864,21,-0.00570354290182513,0.00735127255478913,0.43783289146313886,-14.050541335815488,127.3739589608439,0.9121640253816428,16.464230804102357
1,backsliding_Nyr,Y_eqaccess,Equal access,vdem_egal_delib,instr-antiplural_w1_trt-ert_gapany_illibany_lrstraddle_exclyr,backsliding_Nyr,866,22,0.00618990226264827,0.8359889769729306,864,21,0.00229806375585269,0.00913293567362943,0.8013318795771264,1.4205778303483756,10.669123431163898,0.8940759354852811,16.397420391777985
1,backsliding_Nyr,Y_eqdr,Equal distribution,vdem_egal_delib,instr-antiplural_w1_trt-ert_gapany_illibany_lrstraddle_exclyr,backsliding_Nyr,866,22,0.00618990226264827,0.8359889769729306,864,21,-0.00426663337618659,0.00608052538039888,0.4828735855683513,-2.95700679292102,15.573983317565212,0.8494122803703106,18.296848654310708
1,backsliding_union_Nyr,Y_gdp_growth,PWT,growth,instr-antiplural_w1_trt-ertOrDdcg_gapany_illibany_lrstraddle_exclyr,backsliding_union_Nyr,866,30,0.02121013994892846,0.5761325842798213,845,29,-0.03821820049694706,0.0180572210967726,0.03430187213017565,-0.7944349147818925,2.0249236907864927,0.694815639366773,24.525765115616363
1,backsliding_union_Nyr,Y_gdp_growth_wb,World Bank,growth,instr-antiplural_w1_trt-ertOrDdcg_gapany_illibany_lrstraddle_exclyr,backsliding_union_Nyr,866,30,0.02121013994892846,0.5761325842798213,847,29,-0.01465589855140999,0.01426126599919264,0.3041043147247831,0.5160320164032423,1.1208705458411288,0.645239880144455,19.57373964478397
1,backsliding_union_Nyr,Y_gdp_growth_imf,IMF WEO,growth,instr-antiplural_w1_trt-ertOrDdcg_gapany_illibany_lrstraddle_exclyr,backsliding_union_Nyr,866,30,0.02121013994892846,0.5761325842798213,648,24,0.00329205284036984,0.01581644122794369,0.8351187292814009,0.41476084632096955,1.1646099311702105,0.7217378669533249,17.676526526635516
1,backsliding_union_Nyr,Y_inflation,"CPI, cumulative log",inflation,instr-antiplural_w1_trt-ertOrDdcg_gapany_illibany_lrstraddle_exclyr,backsliding_union_Nyr,866,30,0.02121013994892846,0.5761325842798213,777,25,-0.0128430242327282,0.06941583029995677,0.8532166558236592,-2.3585771780918483,6.047926701243679,0.6965505140757919,17.82331173870986
1,backsliding_union_Nyr,Y_unemployment,Unemployment rate,unemployment,instr-antiplural_w1_trt-ertOrDdcg_gapany_illibany_lrstraddle_exclyr,backsliding_union_Nyr,866,30,0.02121013994892846,0.5761325842798213,612,25,0.1559719483180701,0.4016855366934172,0.6977987264777534,-12.112479048708046,23.45329137942801,0.6055393565101255,18.18900899159252
1,backsliding_union_Nyr,Y_trade_pct_gdp,Trade / GDP,trade,instr-antiplural_w1_trt-ertOrDdcg_gapany_illibany_lrstraddle_exclyr,backsliding_union_Nyr,866,30,0.02121013994892846,0.5761325842798213,771,26,0.8117491723374894,2.390691719269585,0.7341986511054421,46.26102203181608,143.68936915312415,0.7474893628313866,19.5586307629649
1,backsliding_union_Nyr,Y_top10_share,Top-10% income share,top10,instr-antiplural_w1_trt-ertOrDdcg_gapany_illibany_lrstraddle_exclyr,backsliding_union_Nyr,866,30,0.02121013994892846,0.5761325842798213,803,29,-0.02460102871811031,0.4734377863550125,0.9585585438254952,-2.7998053472011586,39.93444861917405,0.9441060844308756,23.125192204231404
1,backsliding_union_Nyr,Y_gini_disp,Disposable,gini,instr-antiplural_w1_trt-ertOrDdcg_gapany_illibany_lrstraddle_exclyr,backsliding_union_Nyr,866,30,0.02121013994892846,0.5761325842798213,713,25,0.06885139243238798,0.1912830883338733,0.7188882594382642,3.19875470955158,10.863342569433964,0.7684110061667616,25.861822838319902
1,backsliding_union_Nyr,Y_gini_mkt,Market,gini,instr-antiplural_w1_trt-ertOrDdcg_gapany_illibany_lrstraddle_exclyr,backsliding_union_Nyr,866,30,0.02121013994892846,0.5761325842798213,713,25,0.04193331328989019,0.18133300920539047,0.8171203528795601,3.3152959230718073,10.195678874200144,0.7450548602601105,21.558772466319912
1,backsliding_union_Nyr,Y_debt,Debt / GDP,fiscal,instr-antiplural_w1_trt-ertOrDdcg_gapany_illibany_lrstraddle_exclyr,backsliding_union_Nyr,866,30,0.02121013994892846,0.5761325842798213,828,29,-3.4092567183271187,3.339689597363775,0.30733479158147237,-306.403702940704,562.1015383895573,0.5856821068367142,19.19624590812845
1,backsliding_union_Nyr,Y_deficit,Deficit / GDP,fiscal,instr-antiplural_w1_trt-ertOrDdcg_gapany_illibany_lrstraddle_exclyr,backsliding_union_Nyr,866,30,0.02121013994892846,0.5761325842798213,756,23,0.11737530886999804,0.8504782945957033,0.8902317714341708,0.5865180818176121,39.178710128263106,0.9880558537655156,17.32179999841713
1,backsliding_union_Nyr,Y_checks_balances,Checks & balances,institutions,instr-antiplural_w1_trt-ertOrDdcg_gapany_illibany_lrstraddle_exclyr,backsliding_union_Nyr,866,30,0.02121013994892846,0.5761325842798213,848,26,0.00287318484519017,0.01403180939040505,0.8377578831368389,0.15855784785471275,0.7525076894560091,0.8331167311379447,16.796339130013255
1,backsliding_union_Nyr,Y_jucon,Judicial constraints,institutions,instr-antiplural_w1_trt-ertOrDdcg_gapany_illibany_lrstraddle_exclyr,backsliding_union_Nyr,866,30,0.02121013994892846,0.5761325842798213,864,29,0.00238503723661032,0.01181026463114833,0.8399588384116388,0.35059887201456497,0.7801543108505585,0.6531454197018154,16.870309068798903
1,backsliding_union_Nyr,Y_legcon,Legislative constraints,institutions,instr-antiplural_w1_trt-ertOrDdcg_gapany_illibany_lrstraddle_exclyr,backsliding_union_Nyr,866,30,0.02121013994892846,0.5761325842798213,848,26,-1.6707843081683466e-4,0.01938207749643489,0.9931221176147762,-0.01516900166936985,1.077103672669376,0.9887636515632924,17.32959085864085
1,backsliding_union_Nyr,Y_hos_power,HOS,exec_power,instr-antiplural_w1_trt-ertOrDdcg_gapany_illibany_lrstraddle_exclyr,backsliding_union_Nyr,866,30,0.02121013994892846,0.5761325842798213,864,29,0.01791891047475733,0.01323892198258225,0.1758952369314431,0.6825660179119906,1.780114190447578,0.7013939525826394,17.372073584683896
1,backsliding_union_Nyr,Y_hog_power,HOG,exec_power,instr-antiplural_w1_trt-ertOrDdcg_gapany_illibany_lrstraddle_exclyr,backsliding_union_Nyr,866,30,0.02121013994892846,0.5761325842798213,465,18,0.01225655043962234,0.01295559909329995,0.34412678817460624,0.18955267414500288,0.3926564275938994,0.6292772647733581,13.929952309007913
1,backsliding_union_Nyr,Y_hos_power_vdem,HOS (v2ex_hosw),exec_power_alt,instr-antiplural_w1_trt-ertOrDdcg_gapany_illibany_lrstraddle_exclyr,backsliding_union_Nyr,866,30,0.02121013994892846,0.5761325842798213,864,29,-0.00964487731419982,0.02788903770313082,0.7294701705722698,-0.620092297092071,1.917080788241099,0.7463495245337692,17.99028603828807
1,backsliding_union_Nyr,Y_hog_power_vdem,HOG (v2ex_hogw),exec_power_alt,instr-antiplural_w1_trt-ertOrDdcg_gapany_illibany_lrstraddle_exclyr,backsliding_union_Nyr,866,30,0.02121013994892846,0.5761325842798213,864,29,0.01501382029560893,0.02306924167612824,0.5151655866364735,1.2610788762176084,2.313474552854595,0.5856835840930191,16.574559969131045
1,backsliding_union_Nyr,Y_polyarchy,Electoral (polyarchy),vdem_high,instr-antiplural_w1_trt-ertOrDdcg_gapany_illibany_lrstraddle_exclyr,backsliding_union_Nyr,866,30,0.02121013994892846,0.5761325842798213,864,29,0.00442805284968841,0.0131615192965006,0.73653958854909,0.20886601665877663,0.7254240148930791,0.7734059359683836,16.321671114044456
1,backsliding_union_Nyr,Y_libdem,Liberal,vdem_high,instr-antiplural_w1_trt-ertOrDdcg_gapany_illibany_lrstraddle_exclyr,backsliding_union_Nyr,866,30,0.02121013994892846,0.5761325842798213,864,29,0.00281804215920387,0.01301477763402625,0.8285774962195265,0.11600263142751636,0.7454781866127865,0.8763417418800024,16.251363455597268
1,backsliding_union_Nyr,Y_partipdem,Participatory,vdem_high,instr-antiplural_w1_trt-ertOrDdcg_gapany_illibany_lrstraddle_exclyr,backsliding_union_Nyr,866,30,0.02121013994892846,0.5761325842798213,864,29,0.00347897851133889,0.01004718024950531,0.7291441945562409,0.18944987098278732,0.62378660268632,0.7613492761949741,17.248931367613892
1,backsliding_union_Nyr,Y_delibdem,Deliberative,vdem_high,instr-antiplural_w1_trt-ertOrDdcg_gapany_illibany_lrstraddle_exclyr,backsliding_union_Nyr,866,30,0.02121013994892846,0.5761325842798213,864,29,0.00309466569532993,0.01567481758500765,0.8434917309424759,0.0871319358520962,1.0540124533376087,0.9341164094280456,18.23108535922533
1,backsliding_union_Nyr,Y_egaldem,Egalitarian,vdem_high,instr-antiplural_w1_trt-ertOrDdcg_gapany_illibany_lrstraddle_exclyr,backsliding_union_Nyr,866,30,0.02121013994892846,0.5761325842798213,864,29,0.0018090842063221,0.00976576028331548,0.8530347914195783,0.1505936188481684,0.6274380648202078,0.8103197750620372,17.301780021230872
1,backsliding_union_Nyr,Y_elecoff,Elected officials,vdem_electoral,instr-antiplural_w1_trt-ertOrDdcg_gapany_illibany_lrstraddle_exclyr,backsliding_union_Nyr,866,30,0.02121013994892846,0.5761325842798213,864,29,-0.00818210753317919,0.03135731228721019,0.7941454063147206,-0.8648969565494257,3.1705224170190007,0.785012186826419,17.255978239178177
1,backsliding_union_Nyr,Y_frefair,Clean elections,vdem_electoral,instr-antiplural_w1_trt-ertOrDdcg_gapany_illibany_lrstraddle_exclyr,backsliding_union_Nyr,866,30,0.02121013994892846,0.5761325842798213,864,29,0.00584807686663931,0.0167349147706275,0.7267487701420718,0.23353078382125397,1.108856607645576,0.8331954836658959,18.03309743492933
1,backsliding_union_Nyr,Y_frassoc,Association,vdem_electoral,instr-antiplural_w1_trt-ertOrDdcg_gapany_illibany_lrstraddle_exclyr,backsliding_union_Nyr,866,30,0.02121013994892846,0.5761325842798213,864,29,-6.070210475763007e-4,0.01055211639694372,0.9541261954135768,-0.17051482483115948,0.8125299324853112,0.8337795424880735,16.66662122148766
1,backsliding_union_Nyr,Y_suffr,Suffrage,vdem_electoral,instr-antiplural_w1_trt-ertOrDdcg_gapany_illibany_lrstraddle_exclyr,backsliding_union_Nyr,866,30,0.02121013994892846,0.5761325842798213,864,29,0.00966825032694116,0.01219437974710475,0.4278682630503174,0.8114122610508058,2.1760799999045504,0.7092392797922316,20.096001454007464
1,backsliding_union_Nyr,Y_freexp,Expression & alt. info,vdem_electoral,instr-antiplural_w1_trt-ertOrDdcg_gapany_illibany_lrstraddle_exclyr,backsliding_union_Nyr,866,30,0.02121013994892846,0.5761325842798213,864,29,-0.00413621357101165,0.01212742553520083,0.7330563138940234,-0.2539777945241485,1.0172585645156131,0.8028434354065295,16.880768750891676
1,backsliding_union_Nyr,Y_cl_rol,Rule of law,vdem_liberal,instr-antiplural_w1_trt-ertOrDdcg_gapany_illibany_lrstraddle_exclyr,backsliding_union_Nyr,866,30,0.02121013994892846,0.5761325842798213,864,29,0.00397851999008939,0.00929239441593393,0.6685433795528799,0.01514155008560468,0.4290780424251193,0.9718496383104284,14.713405588615965
1,backsliding_union_Nyr,Y_cspart,Civil society,vdem_particip,instr-antiplural_w1_trt-ertOrDdcg_gapany_illibany_lrstraddle_exclyr,backsliding_union_Nyr,866,30,0.02121013994892846,0.5761325842798213,864,29,-0.00209769681641875,0.01231787601816145,0.8647766033877591,-0.15110930400204498,0.8921026530640154,0.8654933838949985,16.932834704388366
1,backsliding_union_Nyr,Y_dd,Direct democracy,vdem_particip,instr-antiplural_w1_trt-ertOrDdcg_gapany_illibany_lrstraddle_exclyr,backsliding_union_Nyr,866,30,0.02121013994892846,0.5761325842798213,864,29,0.00393660905447716,0.0087760941061183,0.653748742295185,0.14857131446053934,0.8555475391000473,0.8621354964806534,19.816919958646174
1,backsliding_union_Nyr,Y_locelec,Local elections,vdem_particip,instr-antiplural_w1_trt-ertOrDdcg_gapany_illibany_lrstraddle_exclyr,backsliding_union_Nyr,866,30,0.02121013994892846,0.5761325842798213,856,29,0.00398691512871708,0.00851704150829633,0.639705690949355,0.8489166678616171,1.353520009260564,0.530533509485158,18.245014208361187
1,backsliding_union_Nyr,Y_regelec,Regional elections,vdem_particip,instr-antiplural_w1_trt-ertOrDdcg_gapany_illibany_lrstraddle_exclyr,backsliding_union_Nyr,866,30,0.02121013994892846,0.5761325842798213,864,29,-0.02398164514533587,0.02136092153374036,0.26157012826066867,-1.7203732639826868,3.160650753338188,0.5862282858623491,20.72967381169061
1,backsliding_union_Nyr,Y_delib,Deliberation,vdem_egal_delib,instr-antiplural_w1_trt-ertOrDdcg_gapany_illibany_lrstraddle_exclyr,backsliding_union_Nyr,866,30,0.02121013994892846,0.5761325842798213,864,29,-0.0011675063302143,0.01664478259506598,0.9440802557971636,-0.4267347287262944,1.6332222601306552,0.7938735591864164,19.838402641192257
1,backsliding_union_Nyr,Y_eqprotec,Equal protection,vdem_egal_delib,instr-antiplural_w1_trt-ertOrDdcg_gapany_illibany_lrstraddle_exclyr,backsliding_union_Nyr,866,30,0.02121013994892846,0.5761325842798213,864,29,-0.00570354290182513,0.00735127255478913,0.43783289146313886,-0.3713162823014261,0.8955349998585757,0.6784122882359042,16.974502369748055
1,backsliding_union_Nyr,Y_eqaccess,Equal access,vdem_egal_delib,instr-antiplural_w1_trt-ertOrDdcg_gapany_illibany_lrstraddle_exclyr,backsliding_union_Nyr,866,30,0.02121013994892846,0.5761325842798213,864,29,0.00229806375585269,0.00913293567362943,0.8013318795771264,0.05306044850579508,0.645379535581877,0.9344750432513664,20.077298974420053
1,backsliding_union_Nyr,Y_eqdr,Equal distribution,vdem_egal_delib,instr-antiplural_w1_trt-ertOrDdcg_gapany_illibany_lrstraddle_exclyr,backsliding_union_Nyr,866,30,0.02121013994892846,0.5761325842798213,864,29,-0.00426663337618659,0.00608052538039888,0.4828735855683513,-0.13326976436559776,0.5854785367042554,0.8199375007892011,20.28166336305676
1,polyarchy_decline,Y_gdp_growth,PWT,growth,instr-antiplural_w1_trt-polyarchy_gapany_illibany_lrstraddle_exclyr,polyarchy_decline,864,336,-0.00442805284968841,0.73653958854909,845,326,-0.03821820049694706,0.0180572210967726,0.03430187213017565,-178.2321117924942,464.6556006696635,0.7012905372096607,13.861734503527895
1,polyarchy_decline,Y_gdp_growth_wb,World Bank,growth,instr-antiplural_w1_trt-polyarchy_gapany_illibany_lrstraddle_exclyr,polyarchy_decline,864,336,-0.00442805284968841,0.73653958854909,847,333,-0.01465589855140999,0.01426126599919264,0.3041043147247831,-27.37896815578765,61.881403670134674,0.6581689694835728,14.258679688418656
1,polyarchy_decline,Y_gdp_growth_imf,IMF WEO,growth,instr-antiplural_w1_trt-polyarchy_gapany_illibany_lrstraddle_exclyr,polyarchy_decline,864,336,-0.00442805284968841,0.73653958854909,648,270,0.00329205284036984,0.01581644122794369,0.8351187292814009,-1.45425236604958,4.388513921801832,0.740359772199968,13.47050626707669
1,polyarchy_decline,Y_inflation,"CPI, cumulative log",inflation,instr-antiplural_w1_trt-polyarchy_gapany_illibany_lrstraddle_exclyr,polyarchy_decline,864,336,-0.00442805284968841,0.73653958854909,777,313,-0.0128430242327282,0.06941583029995677,0.8532166558236592,-24.520354037779995,68.13466439556335,0.7189363141001917,15.866759538916815
1,polyarchy_decline,Y_unemployment,Unemployment rate,unemployment,instr-antiplural_w1_trt-polyarchy_gapany_illibany_lrstraddle_exclyr,polyarchy_decline,864,336,-0.00442805284968841,0.73653958854909,612,274,0.1559719483180701,0.4016855366934172,0.6977987264777534,18.72971125192769,47.29163968148674,0.6920703679927567,12.930811290678037
1,polyarchy_decline,Y_trade_pct_gdp,Trade / GDP,trade,instr-antiplural_w1_trt-polyarchy_gapany_illibany_lrstraddle_exclyr,polyarchy_decline,864,336,-0.00442805284968841,0.73653958854909,771,300,0.8117491723374894,2.390691719269585,0.7341986511054421,125.24841077947916,333.1961812962452,0.7069913158645402,23.045638294443012
1,polyarchy_decline,Y_top10_share,Top-10% income share,top10,instr-antiplural_w1_trt-polyarchy_gapany_illibany_lrstraddle_exclyr,polyarchy_decline,864,336,-0.00442805284968841,0.73653958854909,803,325,-0.02460102871811031,0.4734377863550125,0.9585585438254952,-6.968623186058832,98.20200058331416,0.9434278949169076,20.55086836310971
1,polyarchy_decline,Y_gini_disp,Disposable,gini,instr-antiplural_w1_trt-polyarchy_gapany_illibany_lrstraddle_exclyr,polyarchy_decline,864,336,-0.00442805284968841,0.73653958854909,713,285,0.06885139243238798,0.1912830883338733,0.7188882594382642,27.482457982721776,61.17728915984208,0.6532682905660816,17.672302348387444
1,polyarchy_decline,Y_gini_mkt,Market,gini,instr-antiplural_w1_trt-polyarchy_gapany_illibany_lrstraddle_exclyr,polyarchy_decline,864,336,-0.00442805284968841,0.73653958854909,713,285,0.04193331328989019,0.18133300920539047,0.8171203528795601,8.582301406285657,28.340907999336164,0.7620241460687436,20.07829125438658
1,polyarchy_decline,Y_debt,Debt / GDP,fiscal,instr-antiplural_w1_trt-polyarchy_gapany_illibany_lrstraddle_exclyr,polyarchy_decline,864,336,-0.00442805284968841,0.73653958854909,828,331,-3.4092567183271187,3.339689597363775,0.30733479158147237,-1679.0439489440182,9078.294916387758,0.8532671036370556,13.848222685697795
1,polyarchy_decline,Y_deficit,Deficit / GDP,fiscal,instr-antiplural_w1_trt-polyarchy_gapany_illibany_lrstraddle_exclyr,polyarchy_decline,864,336,-0.00442805284968841,0.73653958854909,756,309,0.11737530886999804,0.8504782945957033,0.8902317714341708,4873.832547831579,15552.900051223096,0.7539985842409168,14.766847325329922
1,polyarchy_decline,Y_checks_balances,Checks & balances,institutions,instr-antiplural_w1_trt-polyarchy_gapany_illibany_lrstraddle_exclyr,polyarchy_decline,864,336,-0.00442805284968841,0.73653958854909,848,336,0.00287318484519017,0.01403180939040505,0.8377578831368389,-1.2940744724311508,14.67393383350628,0.9297267350443232,13.649277264566807
1,polyarchy_decline,Y_jucon,Judicial constraints,institutions,instr-antiplural_w1_trt-polyarchy_gapany_illibany_lrstraddle_exclyr,polyarchy_decline,864,336,-0.00442805284968841,0.73653958854909,864,336,0.00238503723661032,0.01181026463114833,0.8399588384116388,-3.7949159936532633,8.07370271252899,0.6383306191104201,13.321416294420098
1,polyarchy_decline,Y_legcon,Legislative constraints,institutions,instr-antiplural_w1_trt-polyarchy_gapany_illibany_lrstraddle_exclyr,polyarchy_decline,864,336,-0.00442805284968841,0.73653958854909,848,336,-1.6707843081683466e-4,0.01938207749643489,0.9931221176147762,-3.4547358309754017,25.40626158812719,0.8918373288781829,13.56881138950934
1,polyarchy_decline,Y_hos_power,HOS,exec_power,instr-antiplural_w1_trt-polyarchy_gapany_illibany_lrstraddle_exclyr,polyarchy_decline,864,336,-0.00442805284968841,0.73653958854909,864,336,0.01791891047475733,0.01323892198258225,0.1758952369314431,720.4856936417714,1745.7595527304586,0.6798219227179132,16.44980615821173
1,polyarchy_decline,Y_hog_power,HOG,exec_power,instr-antiplural_w1_trt-polyarchy_gapany_illibany_lrstraddle_exclyr,polyarchy_decline,864,336,-0.00442805284968841,0.73653958854909,465,179,0.01225655043962234,0.01295559909329995,0.34412678817460624,1180.5334686161941,2925.869165492087,0.6865941952509413,13.8721320235237
1,polyarchy_decline,Y_hos_power_vdem,HOS (v2ex_hosw),exec_power_alt,instr-antiplural_w1_trt-polyarchy_gapany_illibany_lrstraddle_exclyr,polyarchy_decline,864,336,-0.00442805284968841,0.73653958854909,864,336,-0.00964487731419982,0.02788903770313082,0.7294701705722698,-1395.5642907756142,3511.300215385272,0.6910360663713682,16.185022803983355
1,polyarchy_decline,Y_hog_power_vdem,HOG (v2ex_hogw),exec_power_alt,instr-antiplural_w1_trt-polyarchy_gapany_illibany_lrstraddle_exclyr,polyarchy_decline,864,336,-0.00442805284968841,0.73653958854909,864,336,0.01501382029560893,0.02306924167612824,0.5151655866364735,323442.60901250015,833450.9056895414,0.6979595121025235,15.847915808037907
1,polyarchy_decline,Y_polyarchy,Electoral (polyarchy),vdem_high,instr-antiplural_w1_trt-polyarchy_gapany_illibany_lrstraddle_exclyr,polyarchy_decline,864,336,-0.00442805284968841,0.73653958854909,864,336,0.00442805284968841,0.0131615192965006,0.73653958854909,-0.9999999999999998,9.11004229364067e-16,0,14.418966899863852
1,polyarchy_decline,Y_libdem,Liberal,vdem_high,instr-antiplural_w1_trt-polyarchy_gapany_illibany_lrstraddle_exclyr,polyarchy_decline,864,336,-0.00442805284968841,0.73653958854909,864,336,0.00281804215920387,0.01301477763402625,0.8285774962195265,-8.201491901260415,17.296100010335245,0.6353704328858228,13.493577420457887
1,polyarchy_decline,Y_partipdem,Participatory,vdem_high,instr-antiplural_w1_trt-polyarchy_gapany_illibany_lrstraddle_exclyr,polyarchy_decline,864,336,-0.00442805284968841,0.73653958854909,864,336,0.00347897851133889,0.01004718024950531,0.7291441945562409,2.1722184885890625,7.125369331995538,0.7604750913255505,17.353316597942133
1,polyarchy_decline,Y_delibdem,Deliberative,vdem_high,instr-antiplural_w1_trt-polyarchy_gapany_illibany_lrstraddle_exclyr,polyarchy_decline,864,336,-0.00442805284968841,0.73653958854909,864,336,0.00309466569532993,0.01567481758500765,0.8434917309424759,-2.6678606989362166,7.902217850022391,0.7356577795775078,14.191731421595373
1,polyarchy_decline,Y_egaldem,Egalitarian,vdem_high,instr-antiplural_w1_trt-polyarchy_gapany_illibany_lrstraddle_exclyr,polyarchy_decline,864,336,-0.00442805284968841,0.73653958854909,864,336,0.0018090842063221,0.00976576028331548,0.8530347914195783,-2.198755937210337,4.771891007032489,0.644961865414172,19.872932128375243
1,polyarchy_decline,Y_elecoff,Elected officials,vdem_electoral,instr-antiplural_w1_trt-polyarchy_gapany_illibany_lrstraddle_exclyr,polyarchy_decline,864,336,-0.00442805284968841,0.73653958854909,864,336,-0.00818210753317919,0.03135731228721019,0.7941454063147206,-674.2794567059814,2031.49774654493,0.7399553458625974,14.81139702154534
1,polyarchy_decline,Y_frefair,Clean elections,vdem_electoral,instr-antiplural_w1_trt-polyarchy_gapany_illibany_lrstraddle_exclyr,polyarchy_decline,864,336,-0.00442805284968841,0.73653958854909,864,336,0.00584807686663931,0.0167349147706275,0.7267487701420718,271.1029227275375,712.095614993705,0.7034174044415501,15.169573791207204
1,polyarchy_decline,Y_frassoc,Association,vdem_electoral,instr-antiplural_w1_trt-polyarchy_gapany_illibany_lrstraddle_exclyr,polyarchy_decline,864,336,-0.00442805284968841,0.73653958854909,864,336,-6.070210475763007e-4,0.01055211639694372,0.9541261954135768,-34034.143127805015,90662.7684163781,0.7073684192109855,15.665374974897162
1,polyarchy_decline,Y_suffr,Suffrage,vdem_electoral,instr-antiplural_w1_trt-polyarchy_gapany_illibany_lrstraddle_exclyr,polyarchy_decline,864,336,-0.00442805284968841,0.73653958854909,864,336,0.00966825032694116,0.01219437974710475,0.4278682630503174,-0.9858302633584024,8.405457842930664,0.9066345751294334,9.83555804163502
1,polyarchy_decline,Y_freexp,Expression & alt. info,vdem_electoral,instr-antiplural_w1_trt-polyarchy_gapany_illibany_lrstraddle_exclyr,polyarchy_decline,864,336,-0.00442805284968841,0.73653958854909,864,336,-0.00413621357101165,0.01212742553520083,0.7330563138940234,-31.00687184222822,88.8315972066933,0.727050058533852,19.721824067551022
1,polyarchy_decline,Y_cl_rol,Rule of law,vdem_liberal,instr-antiplural_w1_trt-polyarchy_gapany_illibany_lrstraddle_exclyr,polyarchy_decline,864,336,-0.00442805284968841,0.73653958854909,864,336,0.00397851999008939,0.00929239441593393,0.6685433795528799,-0.5950222791406523,9.317728076223302,0.9490823722312878,11.307420635870493
1,polyarchy_decline,Y_cspart,Civil society,vdem_particip,instr-antiplural_w1_trt-polyarchy_gapany_illibany_lrstraddle_exclyr,polyarchy_decline,864,336,-0.00442805284968841,0.73653958854909,864,336,-0.00209769681641875,0.01231787601816145,0.8647766033877591,-624.7221058426973,1937.3059355429984,0.7470970286498055,16.29952657785838
1,polyarchy_decline,Y_dd,Direct democracy,vdem_particip,instr-antiplural_w1_trt-polyarchy_gapany_illibany_lrstraddle_exclyr,polyarchy_decline,864,336,-0.00442805284968841,0.73653958854909,864,336,0.00393660905447716,0.0087760941061183,0.653748742295185,10806.27497876398,21282.543718570458,0.6116265890814883,18.58740717332714
1,polyarchy_decline,Y_locelec,Local elections,vdem_particip,instr-antiplural_w1_trt-polyarchy_gapany_illibany_lrstraddle_exclyr,polyarchy_decline,864,336,-0.00442805284968841,0.73653958854909,856,332,0.00398691512871708,0.00851704150829633,0.639705690949355,4.381846359729071,6.7736956855565,0.5177021485866875,13.09637819740838
1,polyarchy_decline,Y_regelec,Regional elections,vdem_particip,instr-antiplural_w1_trt-polyarchy_gapany_illibany_lrstraddle_exclyr,polyarchy_decline,864,336,-0.00442805284968841,0.73653958854909,864,336,-0.02398164514533587,0.02136092153374036,0.26157012826066867,-42.18954751280642,91.88469545350296,0.6461210641705541,13.442458461250276
1,polyarchy_decline,Y_delib,Deliberation,vdem_egal_delib,instr-antiplural_w1_trt-polyarchy_gapany_illibany_lrstraddle_exclyr,polyarchy_decline,864,336,-0.00442805284968841,0.73653958854909,864,336,-0.0011675063302143,0.01664478259506598,0.9440802557971636,-40.4046443799261,110.89697629303086,0.7156011711058349,14.772256697860124
1,polyarchy_decline,Y_eqprotec,Equal protection,vdem_egal_delib,instr-antiplural_w1_trt-polyarchy_gapany_illibany_lrstraddle_exclyr,polyarchy_decline,864,336,-0.00442805284968841,0.73653958854909,864,336,-0.00570354290182513,0.00735127255478913,0.43783289146313886,-21.73806074214448,51.46914840395789,0.6727686330257285,14.007948745915806
1,polyarchy_decline,Y_eqaccess,Equal access,vdem_egal_delib,instr-antiplural_w1_trt-polyarchy_gapany_illibany_lrstraddle_exclyr,polyarchy_decline,864,336,-0.00442805284968841,0.73653958854909,864,336,0.00229806375585269,0.00913293567362943,0.8013318795771264,2.96858694040813,9.153706873949137,0.7457076281264736,14.239545915595158
1,polyarchy_decline,Y_eqdr,Equal distribution,vdem_egal_delib,instr-antiplural_w1_trt-polyarchy_gapany_illibany_lrstraddle_exclyr,polyarchy_decline,864,336,-0.00442805284968841,0.73653958854909,864,336,-0.00426663337618659,0.00608052538039888,0.4828735855683513,-506.40930975127344,1318.160582897627,0.7008459532302524,15.25027392731218
2,backsliding_Nyr,Y_gdp_growth,PWT,growth,instr-antiplural_w2_trt-ert_gapany_illibany_lrstraddle_exclyr,backsliding_Nyr,866,37,0.01033339117838431,0.7865597722033593,838,35,-0.02983063148964,0.02400538319831296,0.2139915832842943,2.7357938469115233,44.574558376154485,0.9510600201019894,19.494534883655913
2,backsliding_Nyr,Y_gdp_growth_wb,World Bank,growth,instr-antiplural_w2_trt-ert_gapany_illibany_lrstraddle_exclyr,backsliding_Nyr,866,37,0.01033339117838431,0.7865597722033593,833,36,-0.01085332351857526,0.0188821518534562,0.5654314874542758,-0.28345039927386767,1.967230253182372,0.8854325352507192,19.71999117398159
2,backsliding_Nyr,Y_gdp_growth_imf,IMF WEO,growth,instr-antiplural_w2_trt-ert_gapany_illibany_lrstraddle_exclyr,backsliding_Nyr,866,37,0.01033339117838431,0.7865597722033593,636,33,-0.00284091610455444,0.02088071280171028,0.8917781526145758,-0.10838179505556768,2.4003131822655237,0.9639852058392584,18.279984461171654
2,backsliding_Nyr,Y_inflation,"CPI, cumulative log",inflation,instr-antiplural_w2_trt-ert_gapany_illibany_lrstraddle_exclyr,backsliding_Nyr,866,37,0.01033339117838431,0.7865597722033593,762,33,-0.01901634385174797,0.09453897708904416,0.8405827040625906,-19.627600233396763,371.14878958310607,0.9578248315179748,14.793201322543148
2,backsliding_Nyr,Y_unemployment,Unemployment rate,unemployment,instr-antiplural_w2_trt-ert_gapany_illibany_lrstraddle_exclyr,backsliding_Nyr,866,37,0.01033339117838431,0.7865597722033593,612,34,-0.22056653426129663,0.6381405731496957,0.729613720825282,-74.19656217506534,245.86149580320415,0.7628182898727803,19.239478384978167
2,backsliding_Nyr,Y_trade_pct_gdp,Trade / GDP,trade,instr-antiplural_w2_trt-ert_gapany_illibany_lrstraddle_exclyr,backsliding_Nyr,866,37,0.01033339117838431,0.7865597722033593,760,35,1.1993624223403263,2.297919948082348,0.601716323216746,148.60796995874307,822.1032651365803,0.8565515845831263,17.408208240124793
2,backsliding_Nyr,Y_top10_share,Top-10% income share,top10,instr-antiplural_w2_trt-ert_gapany_illibany_lrstraddle_exclyr,backsliding_Nyr,866,37,0.01033339117838431,0.7865597722033593,790,36,-0.30968392506043535,0.5299073615039565,0.5589435307523858,-41.29991591510353,162.25021374810362,0.7990748518742603,18.9135923633963
2,backsliding_Nyr,Y_gini_disp,Disposable,gini,instr-antiplural_w2_trt-ert_gapany_illibany_lrstraddle_exclyr,backsliding_Nyr,866,37,0.01033339117838431,0.7865597722033593,701,32,0.17294176787968424,0.2495961351324295,0.4883808442483866,14.657399518791255,48.92427733707305,0.7644871798756475,18.938403626926423
2,backsliding_Nyr,Y_gini_mkt,Market,gini,instr-antiplural_w2_trt-ert_gapany_illibany_lrstraddle_exclyr,backsliding_Nyr,866,37,0.01033339117838431,0.7865597722033593,701,32,0.06778771151225188,0.25288621680657847,0.7886560803982059,10.162262822958542,32.44611837491165,0.754125474461845,19.827371827400736
2,backsliding_Nyr,Y_debt,Debt / GDP,fiscal,instr-antiplural_w2_trt-ert_gapany_illibany_lrstraddle_exclyr,backsliding_Nyr,866,37,0.01033339117838431,0.7865597722033593,813,36,-3.332646855595824,3.61606507760298,0.35672552979288774,-375.98046268359,2005.4615516696413,0.8512856594811851,16.682922352914733
2,backsliding_Nyr,Y_deficit,Deficit / GDP,fiscal,instr-antiplural_w2_trt-ert_gapany_illibany_lrstraddle_exclyr,backsliding_Nyr,866,37,0.01033339117838431,0.7865597722033593,743,34,-0.21383053232949517,0.974393068364848,0.8262995459344115,-15.588500853263124,93.38559974434928,0.8674281383713236,18.00381842474529
2,backsliding_Nyr,Y_checks_balances,Checks & balances,institutions,instr-antiplural_w2_trt-ert_gapany_illibany_lrstraddle_exclyr,backsliding_Nyr,866,37,0.01033339117838431,0.7865597722033593,849,35,0.00485249437151728,0.01529195057082291,0.7509981925851196,0.8406540968434318,4.5342211453482735,0.8529136658022718,17.825294885643114
2,backsliding_Nyr,Y_jucon,Judicial constraints,institutions,instr-antiplural_w2_trt-ert_gapany_illibany_lrstraddle_exclyr,backsliding_Nyr,866,37,0.01033339117838431,0.7865597722033593,864,36,-0.00596365187572912,0.01344732649984543,0.6574168872714777,-0.5943134862908364,3.810982816861945,0.8760743533585921,16.395612324471486
2,backsliding_Nyr,Y_legcon,Legislative constraints,institutions,instr-antiplural_w2_trt-ert_gapany_illibany_lrstraddle_exclyr,backsliding_Nyr,866,37,0.01033339117838431,0.7865597722033593,849,35,0.0053891366178605,0.01940388764283641,0.7812158748003485,1.6227366927058855,7.387056203691831,0.8261258449601079,17.889706316369686
2,backsliding_Nyr,Y_hos_power,HOS,exec_power,instr-antiplural_w2_trt-ert_gapany_illibany_lrstraddle_exclyr,backsliding_Nyr,866,37,0.01033339117838431,0.7865597722033593,864,36,0.01181496315470609,0.0140157248861036,0.3992401325483541,1.712025930738276,13.799648709764217,0.9012653870245222,16.870009391816918
2,backsliding_Nyr,Y_hog_power,HOG,exec_power,instr-antiplural_w2_trt-ert_gapany_illibany_lrstraddle_exclyr,backsliding_Nyr,866,37,0.01033339117838431,0.7865597722033593,462,23,0.0121232318866238,0.01324227794145122,0.35993211769247807,-0.29377894963060347,1.2422613939460352,0.8130546192530588,10.694042553938418
2,backsliding_Nyr,Y_hos_power_vdem,HOS (v2ex_hosw),exec_power_alt,instr-antiplural_w2_trt-ert_gapany_illibany_lrstraddle_exclyr,backsliding_Nyr,866,37,0.01033339117838431,0.7865597722033593,864,36,-0.00535994171715974,0.02826532015957992,0.8495993805800799,-1.1639231830990993,4.454214247668403,0.7938547611721459,16.26920559713381
2,backsliding_Nyr,Y_hog_power_vdem,HOG (v2ex_hogw),exec_power_alt,instr-antiplural_w2_trt-ert_gapany_illibany_lrstraddle_exclyr,backsliding_Nyr,866,37,0.01033339117838431,0.7865597722033593,864,36,0.00941802662652977,0.02499289234746694,0.7063012826954781,1.6848064032777996,5.3575303076209,0.7531607179133175,15.19344145906423
2,backsliding_Nyr,Y_polyarchy,Electoral (polyarchy),vdem_high,instr-antiplural_w2_trt-ert_gapany_illibany_lrstraddle_exclyr,backsliding_Nyr,866,37,0.01033339117838431,0.7865597722033593,864,36,0.00798328259131141,0.01436494972632016,0.5783835896435708,1.0075058085952862,3.2488696214917265,0.7564775770877745,14.467767979451514
2,backsliding_Nyr,Y_libdem,Liberal,vdem_high,instr-antiplural_w2_trt-ert_gapany_illibany_lrstraddle_exclyr,backsliding_Nyr,866,37,0.01033339117838431,0.7865597722033593,864,36,0.00413994810694883,0.01367802968124103,0.762140311455586,0.39532122785755,2.3309393852439646,0.8653267780346785,15.480009346499408
2,backsliding_Nyr,Y_partipdem,Participatory,vdem_high,instr-antiplural_w2_trt-ert_gapany_illibany_lrstraddle_exclyr,backsliding_Nyr,866,37,0.01033339117838431,0.7865597722033593,864,36,0.00416633032464397,0.01119182565393589,0.7096951992053595,0.5262062941746828,1.9269109885577744,0.7847895496416581,15.417673153114254
2,backsliding_Nyr,Y_delibdem,Deliberative,vdem_high,instr-antiplural_w2_trt-ert_gapany_illibany_lrstraddle_exclyr,backsliding_Nyr,866,37,0.01033339117838431,0.7865597722033593,864,36,0.00643544638358253,0.01673872995363633,0.7006342495827587,0.9970089808633412,3.2915011294893666,0.7619629945006847,16.286349724709446
2,backsliding_Nyr,Y_egaldem,Egalitarian,vdem_high,instr-antiplural_w2_trt-ert_gapany_illibany_lrstraddle_exclyr,backsliding_Nyr,866,37,0.01033339117838431,0.7865597722033593,864,36,0.00513747835147776,0.01116973511959611,0.6455547650717253,0.594679292106354,2.197711867904705,0.7867062346210909,15.345281395062344
2,backsliding_Nyr,Y_elecoff,Elected officials,vdem_electoral,instr-antiplural_w2_trt-ert_gapany_illibany_lrstraddle_exclyr,backsliding_Nyr,866,37,0.01033339117838431,0.7865597722033593,864,36,0.00172785498234487,0.03470472260425341,0.9602918747125194,-0.7862023715257594,10.535696390382263,0.9405148928158108,16.09762085079261
2,backsliding_Nyr,Y_frefair,Clean elections,vdem_electoral,instr-antiplural_w2_trt-ert_gapany_illibany_lrstraddle_exclyr,backsliding_Nyr,866,37,0.01033339117838431,0.7865597722033593,864,36,0.0147928151303337,0.01882749201146859,0.43204156208754474,2.149805872848077,9.419815852250942,0.8194739348559996,14.813682858503354
2,backsliding_Nyr,Y_frassoc,Association,vdem_electoral,instr-antiplural_w2_trt-ert_gapany_illibany_lrstraddle_exclyr,backsliding_Nyr,866,37,0.01033339117838431,0.7865597722033593,864,36,0.00349351158294894,0.01236413777748548,0.7775202968706592,0.0227153671971312,1.6554580224795366,0.989052170570218,18.911123454110893
2,backsliding_Nyr,Y_suffr,Suffrage,vdem_electoral,instr-antiplural_w2_trt-ert_gapany_illibany_lrstraddle_exclyr,backsliding_Nyr,866,37,0.01033339117838431,0.7865597722033593,864,36,0.00811501567652701,0.01209671043191325,0.502319384028329,1.309093009218559,5.618229274016673,0.8157551048248988,18.974761216109727
2,backsliding_Nyr,Y_freexp,Expression & alt. info,vdem_electoral,instr-antiplural_w2_trt-ert_gapany_illibany_lrstraddle_exclyr,backsliding_Nyr,866,37,0.01033339117838431,0.7865597722033593,864,36,-0.00704131706532468,0.01390324802790036,0.6125399183795034,-1.053271941197066,11.124257349326037,0.9245670581492356,15.788142297328692
2,backsliding_Nyr,Y_cl_rol,Rule of law,vdem_liberal,instr-antiplural_w2_trt-ert_gapany_illibany_lrstraddle_exclyr,backsliding_Nyr,866,37,0.01033339117838431,0.7865597722033593,864,36,-0.00193833700050784,0.00989630152571682,0.8447159984983452,-0.8804239507801428,10.964908637152751,0.9360028805565914,12.112837490296153
2,backsliding_Nyr,Y_cspart,Civil society,vdem_particip,instr-antiplural_w2_trt-ert_gapany_illibany_lrstraddle_exclyr,backsliding_Nyr,866,37,0.01033339117838431,0.7865597722033593,864,36,-0.00240700962559801,0.01332393421410399,0.8566398969820428,-0.4858610068528453,5.6269831257622105,0.9311922874364604,16.873592434636237
2,backsliding_Nyr,Y_dd,Direct democracy,vdem_particip,instr-antiplural_w2_trt-ert_gapany_illibany_lrstraddle_exclyr,backsliding_Nyr,866,37,0.01033339117838431,0.7865597722033593,864,36,7.090782418204306e-4,0.01111189494881502,0.9491194930686728,0.3386372940027052,2.156747056465356,0.8752346142018361,19.124271760024463
2,backsliding_Nyr,Y_locelec,Local elections,vdem_particip,instr-antiplural_w2_trt-ert_gapany_illibany_lrstraddle_exclyr,backsliding_Nyr,866,37,0.01033339117838431,0.7865597722033593,856,36,0.00222995309795515,0.01048177516892739,0.8315252817901473,0.9063529495629292,2.752844695574853,0.7419725444319591,15.500526138402885
2,backsliding_Nyr,Y_regelec,Regional elections,vdem_particip,instr-antiplural_w2_trt-ert_gapany_illibany_lrstraddle_exclyr,backsliding_Nyr,866,37,0.01033339117838431,0.7865597722033593,864,36,-0.02778835809276147,0.02194294773133211,0.20537302430788357,-3.8075561867023526,21.639298423152532,0.8603288079015078,17.110954844007598
2,backsliding_Nyr,Y_delib,Deliberation,vdem_egal_delib,instr-antiplural_w2_trt-ert_gapany_illibany_lrstraddle_exclyr,backsliding_Nyr,866,37,0.01033339117838431,0.7865597722033593,864,36,0.00578964954711749,0.01867147517175914,0.7565001809310473,0.6613125004754001,2.700390681655335,0.8065376402115348,18.133321596097133
2,backsliding_Nyr,Y_eqprotec,Equal protection,vdem_egal_delib,instr-antiplural_w2_trt-ert_gapany_illibany_lrstraddle_exclyr,backsliding_Nyr,866,37,0.01033339117838431,0.7865597722033593,864,36,-0.00530567538641676,0.00914219240246354,0.5616783189108966,-0.8080568182462792,4.7971902628717364,0.8662341757049765,17.519266997741454
2,backsliding_Nyr,Y_eqaccess,Equal access,vdem_egal_delib,instr-antiplural_w2_trt-ert_gapany_illibany_lrstraddle_exclyr,backsliding_Nyr,866,37,0.01033339117838431,0.7865597722033593,864,36,0.00691107919965635,0.01067199133492629,0.5172499042624115,1.0781659172759446,4.244635020212955,0.7994903486480325,16.810868480424716
2,backsliding_Nyr,Y_eqdr,Equal distribution,vdem_egal_delib,instr-antiplural_w2_trt-ert_gapany_illibany_lrstraddle_exclyr,backsliding_Nyr,866,37,0.01033339117838431,0.7865597722033593,864,36,-0.00532385560927158,0.00706953092244069,0.4514075144543512,-0.6291764812348916,4.737756944071148,0.8943511605585145,16.826615231386402
2,backsliding_union_Nyr,Y_gdp_growth,PWT,growth,instr-antiplural_w2_trt-ertOrDdcg_gapany_illibany_lrstraddle_exclyr,backsliding_union_Nyr,866,46,0.02892404266999176,0.5225758655858426,838,44,-0.02983063148964,0.02400538319831296,0.2139915832842943,-140.04001938822563,772.2043907166594,0.8560920967892222,20.92063996511693
2,backsliding_union_Nyr,Y_gdp_growth_wb,World Bank,growth,instr-antiplural_w2_trt-ertOrDdcg_gapany_illibany_lrstraddle_exclyr,backsliding_union_Nyr,866,46,0.02892404266999176,0.5225758655858426,833,45,-0.01085332351857526,0.0188821518534562,0.5654314874542758,-0.08772023408599884,1.1697520668410055,0.940222310154368,19.454929510318884
2,backsliding_union_Nyr,Y_gdp_growth_imf,IMF WEO,growth,instr-antiplural_w2_trt-ertOrDdcg_gapany_illibany_lrstraddle_exclyr,backsliding_union_Nyr,866,46,0.02892404266999176,0.5225758655858426,636,40,-0.00284091610455444,0.02088071280171028,0.8917781526145758,0.2294890629712728,1.0335742475154968,0.8242870854129898,20.595290352469817
2,backsliding_union_Nyr,Y_inflation,"CPI, cumulative log",inflation,instr-antiplural_w2_trt-ertOrDdcg_gapany_illibany_lrstraddle_exclyr,backsliding_union_Nyr,866,46,0.02892404266999176,0.5225758655858426,762,39,-0.01901634385174797,0.09453897708904416,0.8405827040625906,-3.19362120266231,6.6343486364474895,0.6302487560267191,17.83881026829724
2,backsliding_union_Nyr,Y_unemployment,Unemployment rate,unemployment,instr-antiplural_w2_trt-ertOrDdcg_gapany_illibany_lrstraddle_exclyr,backsliding_union_Nyr,866,46,0.02892404266999176,0.5225758655858426,612,41,-0.22056653426129663,0.6381405731496957,0.729613720825282,-24.03454033920386,59.85065315453537,0.6879966558033646,19.19108702534794
2,backsliding_union_Nyr,Y_trade_pct_gdp,Trade / GDP,trade,instr-antiplural_w2_trt-ertOrDdcg_gapany_illibany_lrstraddle_exclyr,backsliding_union_Nyr,866,46,0.02892404266999176,0.5225758655858426,760,41,1.1993624223403263,2.297919948082348,0.601716323216746,39.71680275576236,114.49632913357505,0.7286793983269841,19.002376206726563
2,backsliding_union_Nyr,Y_top10_share,Top-10% income share,top10,instr-antiplural_w2_trt-ertOrDdcg_gapany_illibany_lrstraddle_exclyr,backsliding_union_Nyr,866,46,0.02892404266999176,0.5225758655858426,790,45,-0.30968392506043535,0.5299073615039565,0.5589435307523858,-36.349632842732184,93.52344200030468,0.697521253249948,21.886865857697423
2,backsliding_union_Nyr,Y_gini_disp,Disposable,gini,instr-antiplural_w2_trt-ertOrDdcg_gapany_illibany_lrstraddle_exclyr,backsliding_union_Nyr,866,46,0.02892404266999176,0.5225758655858426,701,38,0.17294176787968424,0.2495961351324295,0.4883808442483866,8.188808129171651,14.993645701211634,0.5849615246653302,22.02922086579906
2,backsliding_union_Nyr,Y_gini_mkt,Market,gini,instr-antiplural_w2_trt-ertOrDdcg_gapany_illibany_lrstraddle_exclyr,backsliding_union_Nyr,866,46,0.02892404266999176,0.5225758655858426,701,38,0.06778771151225188,0.25288621680657847,0.7886560803982059,4.291940403342165,11.160283796650852,0.7005540282138275,20.041282462531143
2,backsliding_union_Nyr,Y_debt,Debt / GDP,fiscal,instr-antiplural_w2_trt-ertOrDdcg_gapany_illibany_lrstraddle_exclyr,backsliding_union_Nyr,866,46,0.02892404266999176,0.5225758655858426,813,44,-3.332646855595824,3.61606507760298,0.35672552979288774,-190.51607326049464,310.11693256485546,0.5389931532034178,18.70931940863257
2,backsliding_union_Nyr,Y_deficit,Deficit / GDP,fiscal,instr-antiplural_w2_trt-ertOrDdcg_gapany_illibany_lrstraddle_exclyr,backsliding_union_Nyr,866,46,0.02892404266999176,0.5225758655858426,743,38,-0.21383053232949517,0.974393068364848,0.8262995459344115,-5.705955306026598,33.09585372317421,0.8631176061185415,17.38252118671168
2,backsliding_union_Nyr,Y_checks_balances,Checks & balances,institutions,instr-antiplural_w2_trt-ertOrDdcg_gapany_illibany_lrstraddle_exclyr,backsliding_union_Nyr,866,46,0.02892404266999176,0.5225758655858426,849,42,0.00485249437151728,0.01529195057082291,0.7509981925851196,0.1987232796059926,1.0055217030910673,0.8433329850162813,17.630227698866815
2,backsliding_union_Nyr,Y_jucon,Judicial constraints,institutions,instr-antiplural_w2_trt-ertOrDdcg_gapany_illibany_lrstraddle_exclyr,backsliding_union_Nyr,866,46,0.02892404266999176,0.5225758655858426,864,45,-0.00596365187572912,0.01344732649984543,0.6574168872714777,-0.00328892556270875,0.8429118155253141,0.9968867724699793,17.78166063742658
2,backsliding_union_Nyr,Y_legcon,Legislative constraints,institutions,instr-antiplural_w2_trt-ertOrDdcg_gapany_illibany_lrstraddle_exclyr,backsliding_union_Nyr,866,46,0.02892404266999176,0.5225758655858426,849,42,0.0053891366178605,0.01940388764283641,0.7812158748003485,0.43631584075223384,1.4629261736185877,0.7655133490020545,17.57437344354671
2,backsliding_union_Nyr,Y_hos_power,HOS,exec_power,instr-antiplural_w2_trt-ertOrDdcg_gapany_illibany_lrstraddle_exclyr,backsliding_union_Nyr,866,46,0.02892404266999176,0.5225758655858426,864,45,0.01181496315470609,0.0140157248861036,0.3992401325483541,0.729531881900704,2.3368997981667494,0.7549042176412158,17.714263065529742
2,backsliding_union_Nyr,Y_hog_power,HOG,exec_power,instr-antiplural_w2_trt-ertOrDdcg_gapany_illibany_lrstraddle_exclyr,backsliding_union_Nyr,866,46,0.02892404266999176,0.5225758655858426,462,28,0.0121232318866238,0.01324227794145122,0.35993211769247807,0.6785870040717659,1.200263688633547,0.5718255687855802,21.157805153178824
2,backsliding_union_Nyr,Y_hos_power_vdem,HOS (v2ex_hosw),exec_power_alt,instr-antiplural_w2_trt-ertOrDdcg_gapany_illibany_lrstraddle_exclyr,backsliding_union_Nyr,866,46,0.02892404266999176,0.5225758655858426,864,45,-0.00535994171715974,0.02826532015957992,0.8495993805800799,0.02264221339240796,1.92935439124425,0.9906365269694406,18.990700364411925
2,backsliding_union_Nyr,Y_hog_power_vdem,HOG (v2ex_hogw),exec_power_alt,instr-antiplural_w2_trt-ertOrDdcg_gapany_illibany_lrstraddle_exclyr,backsliding_union_Nyr,866,46,0.02892404266999176,0.5225758655858426,864,45,0.00941802662652977,0.02499289234746694,0.7063012826954781,0.5301956710832092,1.7283464517534732,0.7590224831565064,18.27329721413636
2,backsliding_union_Nyr,Y_polyarchy,Electoral (polyarchy),vdem_high,instr-antiplural_w2_trt-ertOrDdcg_gapany_illibany_lrstraddle_exclyr,backsliding_union_Nyr,866,46,0.02892404266999176,0.5225758655858426,864,45,0.00798328259131141,0.01436494972632016,0.5783835896435708,0.3340556653767292,0.6465839866019858,0.6054026124973572,15.039846977619476
2,backsliding_union_Nyr,Y_libdem,Liberal,vdem_high,instr-antiplural_w2_trt-ertOrDdcg_gapany_illibany_lrstraddle_exclyr,backsliding_union_Nyr,866,46,0.02892404266999176,0.5225758655858426,864,45,0.00413994810694883,0.01367802968124103,0.762140311455586,0.22728935202953823,0.689223573546363,0.7415692682038606,15.961882673400543
2,backsliding_union_Nyr,Y_partipdem,Participatory,vdem_high,instr-antiplural_w2_trt-ertOrDdcg_gapany_illibany_lrstraddle_exclyr,backsliding_union_Nyr,866,46,0.02892404266999176,0.5225758655858426,864,45,0.00416633032464397,0.01119182565393589,0.7096951992053595,0.20117189361582768,0.5834856017514197,0.7302626976395915,16.333492515919946
2,backsliding_union_Nyr,Y_delibdem,Deliberative,vdem_high,instr-antiplural_w2_trt-ertOrDdcg_gapany_illibany_lrstraddle_exclyr,backsliding_union_Nyr,866,46,0.02892404266999176,0.5225758655858426,864,45,0.00643544638358253,0.01673872995363633,0.7006342495827587,0.38597287447852247,1.010407276338622,0.7024633504430448,17.057740523364895
2,backsliding_union_Nyr,Y_egaldem,Egalitarian,vdem_high,instr-antiplural_w2_trt-ertOrDdcg_gapany_illibany_lrstraddle_exclyr,backsliding_union_Nyr,866,46,0.02892404266999176,0.5225758655858426,864,45,0.00513747835147776,0.01116973511959611,0.6455547650717253,0.23856342734881775,0.5678013224425119,0.6743736890707346,15.964175470349788
2,backsliding_union_Nyr,Y_elecoff,Elected officials,vdem_electoral,instr-antiplural_w2_trt-ertOrDdcg_gapany_illibany_lrstraddle_exclyr,backsliding_union_Nyr,866,46,0.02892404266999176,0.5225758655858426,864,45,0.00172785498234487,0.03470472260425341,0.9602918747125194,-0.00301891867628448,2.3695443413924435,0.9989834552118728,17.70357775361319
2,backsliding_union_Nyr,Y_frefair,Clean elections,vdem_electoral,instr-antiplural_w2_trt-ertOrDdcg_gapany_illibany_lrstraddle_exclyr,backsliding_union_Nyr,866,46,0.02892404266999176,0.5225758655858426,864,45,0.0147928151303337,0.01882749201146859,0.43204156208754474,0.7440314315750125,1.1490751757316051,0.51730543549668,15.603298335450518
2,backsliding_union_Nyr,Y_frassoc,Association,vdem_electoral,instr-antiplural_w2_trt-ertOrDdcg_gapany_illibany_lrstraddle_exclyr,backsliding_union_Nyr,866,46,0.02892404266999176,0.5225758655858426,864,45,0.00349351158294894,0.01236413777748548,0.7775202968706592,0.08418342831441009,0.7482981639798261,0.9104270917317804,17.3247577567408
2,backsliding_union_Nyr,Y_suffr,Suffrage,vdem_electoral,instr-antiplural_w2_trt-ertOrDdcg_gapany_illibany_lrstraddle_exclyr,backsliding_union_Nyr,866,46,0.02892404266999176,0.5225758655858426,864,45,0.00811501567652701,0.01209671043191325,0.502319384028329,1.2838756961874882,3.2260320799333413,0.6906496241869662,21.33555659273468
2,backsliding_union_Nyr,Y_freexp,Expression & alt. info,vdem_electoral,instr-antiplural_w2_trt-ertOrDdcg_gapany_illibany_lrstraddle_exclyr,backsliding_union_Nyr,866,46,0.02892404266999176,0.5225758655858426,864,45,-0.00704131706532468,0.01390324802790036,0.6125399183795034,-0.44298502116286903,1.2728846372752771,0.7278276947235867,16.03630434084381
2,backsliding_union_Nyr,Y_cl_rol,Rule of law,vdem_liberal,instr-antiplural_w2_trt-ertOrDdcg_gapany_illibany_lrstraddle_exclyr,backsliding_union_Nyr,866,46,0.02892404266999176,0.5225758655858426,864,45,-0.00193833700050784,0.00989630152571682,0.8447159984983452,-0.0934333370661943,0.5786371871825954,0.8717221619785241,15.082419801768198
2,backsliding_union_Nyr,Y_cspart,Civil society,vdem_particip,instr-antiplural_w2_trt-ertOrDdcg_gapany_illibany_lrstraddle_exclyr,backsliding_union_Nyr,866,46,0.02892404266999176,0.5225758655858426,864,45,-0.00240700962559801,0.01332393421410399,0.8566398969820428,-0.20896973380881448,1.0437180723806083,0.8413111476338798,17.98129315221966
2,backsliding_union_Nyr,Y_dd,Direct democracy,vdem_particip,instr-antiplural_w2_trt-ertOrDdcg_gapany_illibany_lrstraddle_exclyr,backsliding_union_Nyr,866,46,0.02892404266999176,0.5225758655858426,864,45,7.090782418204306e-4,0.01111189494881502,0.9491194930686728,0.12373228348141896,1.0150316392388925,0.9029782728532796,19.214296923841655
2,backsliding_union_Nyr,Y_locelec,Local elections,vdem_particip,instr-antiplural_w2_trt-ertOrDdcg_gapany_illibany_lrstraddle_exclyr,backsliding_union_Nyr,866,46,0.02892404266999176,0.5225758655858426,856,45,0.00222995309795515,0.01048177516892739,0.8315252817901473,0.25491487210806424,0.6542667482386093,0.6968181693091988,15.997786138374453
2,backsliding_union_Nyr,Y_regelec,Regional elections,vdem_particip,instr-antiplural_w2_trt-ertOrDdcg_gapany_illibany_lrstraddle_exclyr,backsliding_union_Nyr,866,46,0.02892404266999176,0.5225758655858426,864,45,-0.02778835809276147,0.02194294773133211,0.20537302430788357,-1.5832541541527123,3.803862037209789,0.6772469684722668,18.332731693508386
2,backsliding_union_Nyr,Y_delib,Deliberation,vdem_egal_delib,instr-antiplural_w2_trt-ertOrDdcg_gapany_illibany_lrstraddle_exclyr,backsliding_union_Nyr,866,46,0.02892404266999176,0.5225758655858426,864,45,0.00578964954711749,0.01867147517175914,0.7565001809310473,0.2470015823448269,1.2123563365177423,0.8385591947266822,18.475492962587605
2,backsliding_union_Nyr,Y_eqprotec,Equal protection,vdem_egal_delib,instr-antiplural_w2_trt-ertOrDdcg_gapany_illibany_lrstraddle_exclyr,backsliding_union_Nyr,866,46,0.02892404266999176,0.5225758655858426,864,45,-0.00530567538641676,0.00914219240246354,0.5616783189108966,-0.455670424461337,1.288786153061149,0.723664472923764,18.477107667745813
2,backsliding_union_Nyr,Y_eqaccess,Equal access,vdem_egal_delib,instr-antiplural_w2_trt-ertOrDdcg_gapany_illibany_lrstraddle_exclyr,backsliding_union_Nyr,866,46,0.02892404266999176,0.5225758655858426,864,45,0.00691107919965635,0.01067199133492629,0.5172499042624115,0.5048088549716165,1.0029931946618484,0.6147516983152261,18.184462286295116
2,backsliding_union_Nyr,Y_eqdr,Equal distribution,vdem_egal_delib,instr-antiplural_w2_trt-ertOrDdcg_gapany_illibany_lrstraddle_exclyr,backsliding_union_Nyr,866,46,0.02892404266999176,0.5225758655858426,864,45,-0.00532385560927158,0.00706953092244069,0.4514075144543512,-0.24805951873909757,0.832468797100642,0.7657180005310771,18.35868008907978
2,polyarchy_decline,Y_gdp_growth,PWT,growth,instr-antiplural_w2_trt-polyarchy_gapany_illibany_lrstraddle_exclyr,polyarchy_decline,864,334,-0.00798328259131141,0.5783835896435708,838,322,-0.02983063148964,0.02400538319831296,0.2139915832842943,-3.8445705378499273,44.30054798632083,0.9308433532523088,13.734126566566026
2,polyarchy_decline,Y_gdp_growth_wb,World Bank,growth,instr-antiplural_w2_trt-polyarchy_gapany_illibany_lrstraddle_exclyr,polyarchy_decline,864,334,-0.00798328259131141,0.5783835896435708,833,321,-0.01085332351857526,0.0188821518534562,0.5654314874542758,-16.77107305838188,85.87756889341823,0.8451655366160427,13.938071725792872
2,polyarchy_decline,Y_gdp_growth_imf,IMF WEO,growth,instr-antiplural_w2_trt-polyarchy_gapany_illibany_lrstraddle_exclyr,polyarchy_decline,864,334,-0.00798328259131141,0.5783835896435708,636,260,-0.00284091610455444,0.02088071280171028,0.8917781526145758,-0.6308573323448206,8.610708592209958,0.9415958187586012,16.15215887248239
2,polyarchy_decline,Y_inflation,"CPI, cumulative log",inflation,instr-antiplural_w2_trt-polyarchy_gapany_illibany_lrstraddle_exclyr,polyarchy_decline,864,334,-0.00798328259131141,0.5783835896435708,762,297,-0.01901634385174797,0.09453897708904416,0.8405827040625906,-67.32245037136555,399.4490137934707,0.8661598300177243,15.427320210196928
2,polyarchy_decline,Y_unemployment,Unemployment rate,unemployment,instr-antiplural_w2_trt-polyarchy_gapany_illibany_lrstraddle_exclyr,polyarchy_decline,864,334,-0.00798328259131141,0.5783835896435708,612,277,-0.22056653426129663,0.6381405731496957,0.729613720825282,-73.39971057324708,165.28877457371084,0.6569923058319841,16.459777308303487
2,polyarchy_decline,Y_trade_pct_gdp,Trade / GDP,trade,instr-antiplural_w2_trt-polyarchy_gapany_illibany_lrstraddle_exclyr,polyarchy_decline,864,334,-0.00798328259131141,0.5783835896435708,760,290,1.1993624223403263,2.297919948082348,0.601716323216746,3558.496785901088,28270.155974851416,0.8998311270934296,20.145236077541423
2,polyarchy_decline,Y_top10_share,Top-10% income share,top10,instr-antiplural_w2_trt-polyarchy_gapany_illibany_lrstraddle_exclyr,polyarchy_decline,864,334,-0.00798328259131141,0.5783835896435708,790,316,-0.30968392506043535,0.5299073615039565,0.5589435307523858,-52.19084207027634,226.2926660288383,0.8175989477077568,18.320059967817897
2,polyarchy_decline,Y_gini_disp,Disposable,gini,instr-antiplural_w2_trt-polyarchy_gapany_illibany_lrstraddle_exclyr,polyarchy_decline,864,334,-0.00798328259131141,0.5783835896435708,701,275,0.17294176787968424,0.2495961351324295,0.4883808442483866,16597.576241707164,51998.827863829734,0.7495814132891307,17.80184752865549
2,polyarchy_decline,Y_gini_mkt,Market,gini,instr-antiplural_w2_trt-polyarchy_gapany_illibany_lrstraddle_exclyr,polyarchy_decline,864,334,-0.00798328259131141,0.5783835896435708,701,275,0.06778771151225188,0.25288621680657847,0.7886560803982059,39.91097985497072,96.0991132362226,0.6779145464384957,22.93967119841348
2,polyarchy_decline,Y_debt,Debt / GDP,fiscal,instr-antiplural_w2_trt-polyarchy_gapany_illibany_lrstraddle_exclyr,polyarchy_decline,864,334,-0.00798328259131141,0.5783835896435708,813,319,-3.332646855595824,3.61606507760298,0.35672552979288774,175.16206217175312,1086.7265168291528,0.8719491091818968,13.690212748639874
2,polyarchy_decline,Y_deficit,Deficit / GDP,fiscal,instr-antiplural_w2_trt-polyarchy_gapany_illibany_lrstraddle_exclyr,polyarchy_decline,864,334,-0.00798328259131141,0.5783835896435708,743,298,-0.21383053232949517,0.974393068364848,0.8262995459344115,-34.58241988123607,1140.222686613968,0.9758042446770666,15.326764062686523
2,polyarchy_decline,Y_checks_balances,Checks & balances,institutions,instr-antiplural_w2_trt-polyarchy_gapany_illibany_lrstraddle_exclyr,polyarchy_decline,864,334,-0.00798328259131141,0.5783835896435708,849,333,0.00485249437151728,0.01529195057082291,0.7509981925851196,-0.04988035865273677,4.574888648357737,0.9913007763461354,13.185399432620192
2,polyarchy_decline,Y_jucon,Judicial constraints,institutions,instr-antiplural_w2_trt-polyarchy_gapany_illibany_lrstraddle_exclyr,polyarchy_decline,864,334,-0.00798328259131141,0.5783835896435708,864,334,-0.00596365187572912,0.01344732649984543,0.6574168872714777,-30.100219696824126,162.82823489689284,0.8533398465969558,13.287435266446217
2,polyarchy_decline,Y_legcon,Legislative constraints,institutions,instr-antiplural_w2_trt-polyarchy_gapany_illibany_lrstraddle_exclyr,polyarchy_decline,864,334,-0.00798328259131141,0.5783835896435708,849,333,0.0053891366178605,0.01940388764283641,0.7812158748003485,-0.1830220904690049,3.8625694457995134,0.9622075729170704,13.935749837480992
2,polyarchy_decline,Y_hos_power,HOS,exec_power,instr-antiplural_w2_trt-polyarchy_gapany_illibany_lrstraddle_exclyr,polyarchy_decline,864,334,-0.00798328259131141,0.5783835896435708,864,334,0.01181496315470609,0.0140157248861036,0.3992401325483541,-0.11199979977227724,12.135918896673354,0.9926365985703688,17.688455431889093
2,polyarchy_decline,Y_hog_power,HOG,exec_power,instr-antiplural_w2_trt-polyarchy_gapany_illibany_lrstraddle_exclyr,polyarchy_decline,864,334,-0.00798328259131141,0.5783835896435708,462,178,0.0121232318866238,0.01324227794145122,0.35993211769247807,250.51562913733335,730.634878181885,0.731693328690614,14.1518090167261
2,polyarchy_decline,Y_hos_power_vdem,HOS (v2ex_hosw),exec_power_alt,instr-antiplural_w2_trt-polyarchy_gapany_illibany_lrstraddle_exclyr,polyarchy_decline,864,334,-0.00798328259131141,0.5783835896435708,864,334,-0.00535994171715974,0.02826532015957992,0.8495993805800799,1.9394010839200408,9.260407317568012,0.8341130828658515,15.697975146869254
2,polyarchy_decline,Y_hog_power_vdem,HOG (v2ex_hogw),exec_power_alt,instr-antiplural_w2_trt-polyarchy_gapany_illibany_lrstraddle_exclyr,polyarchy_decline,864,334,-0.00798328259131141,0.5783835896435708,864,334,0.00941802662652977,0.02499289234746694,0.7063012826954781,-0.7257253165572798,8.321273580177827,0.9305020071777178,16.159892522033672
2,polyarchy_decline,Y_polyarchy,Electoral (polyarchy),vdem_high,instr-antiplural_w2_trt-polyarchy_gapany_illibany_lrstraddle_exclyr,polyarchy_decline,864,334,-0.00798328259131141,0.5783835896435708,864,334,0.00798328259131141,0.01436494972632016,0.5783835896435708,-1,2.815982366398769e-16,0,12.502612059662257
2,polyarchy_decline,Y_libdem,Liberal,vdem_high,instr-antiplural_w2_trt-polyarchy_gapany_illibany_lrstraddle_exclyr,polyarchy_decline,864,334,-0.00798328259131141,0.5783835896435708,864,334,0.00413994810694883,0.01367802968124103,0.762140311455586,-15.76020631717086,62.295792488300904,0.8002760179484774,13.553134966681869
2,polyarchy_decline,Y_partipdem,Participatory,vdem_high,instr-antiplural_w2_trt-polyarchy_gapany_illibany_lrstraddle_exclyr,polyarchy_decline,864,334,-0.00798328259131141,0.5783835896435708,864,334,0.00416633032464397,0.01119182565393589,0.7096951992053595,-0.8314035173670569,1.8149144117024292,0.6468840722446776,17.777500403489405
2,polyarchy_decline,Y_delibdem,Deliberative,vdem_high,instr-antiplural_w2_trt-polyarchy_gapany_illibany_lrstraddle_exclyr,polyarchy_decline,864,334,-0.00798328259131141,0.5783835896435708,864,334,0.00643544638358253,0.01673872995363633,0.7006342495827587,-1.14801170562105,4.772250127986879,0.8098962827206304,14.629973377685962
2,polyarchy_decline,Y_egaldem,Egalitarian,vdem_high,instr-antiplural_w2_trt-polyarchy_gapany_illibany_lrstraddle_exclyr,polyarchy_decline,864,334,-0.00798328259131141,0.5783835896435708,864,334,0.00513747835147776,0.01116973511959611,0.6455547650717253,-0.880500494106903,1.7336659400369316,0.611534978541771,19.193252079360533
2,polyarchy_decline,Y_elecoff,Elected officials,vdem_electoral,instr-antiplural_w2_trt-polyarchy_gapany_illibany_lrstraddle_exclyr,polyarchy_decline,864,334,-0.00798328259131141,0.5783835896435708,864,334,0.00172785498234487,0.03470472260425341,0.9602918747125194,0.9574427467107872,13.80131897249306,0.9446924982174412,16.514994027768097
2,polyarchy_decline,Y_frefair,Clean elections,vdem_electoral,instr-antiplural_w2_trt-polyarchy_gapany_illibany_lrstraddle_exclyr,polyarchy_decline,864,334,-0.00798328259131141,0.5783835896435708,864,334,0.0147928151303337,0.01882749201146859,0.43204156208754474,-0.7410410897778259,5.396430357175008,0.8907773830675325,16.570132746012746
2,polyarchy_decline,Y_frassoc,Association,vdem_electoral,instr-antiplural_w2_trt-polyarchy_gapany_illibany_lrstraddle_exclyr,polyarchy_decline,864,334,-0.00798328259131141,0.5783835896435708,864,334,0.00349351158294894,0.01236413777748548,0.7775202968706592,-1.347170812563078,4.131853788127758,0.7443902090270336,16.367274126837028
2,polyarchy_decline,Y_suffr,Suffrage,vdem_electoral,instr-antiplural_w2_trt-polyarchy_gapany_illibany_lrstraddle_exclyr,polyarchy_decline,864,334,-0.00798328259131141,0.5783835896435708,864,334,0.00811501567652701,0.01209671043191325,0.502319384028329,-0.9524577744991154,4.742235890052059,0.840819213076405,10.786526550027313
2,polyarchy_decline,Y_freexp,Expression & alt. info,vdem_electoral,instr-antiplural_w2_trt-polyarchy_gapany_illibany_lrstraddle_exclyr,polyarchy_decline,864,334,-0.00798328259131141,0.5783835896435708,864,334,-0.00704131706532468,0.01390324802790036,0.6125399183795034,-3.7113083820658073,17.82885671166587,0.8351016938625109,15.926955053261045
2,polyarchy_decline,Y_cl_rol,Rule of law,vdem_liberal,instr-antiplural_w2_trt-polyarchy_gapany_illibany_lrstraddle_exclyr,polyarchy_decline,864,334,-0.00798328259131141,0.5783835896435708,864,334,-0.00193833700050784,0.00989630152571682,0.8447159984983452,-1.6910600821752422,6.015415238541293,0.7786175265224377,16.628524591107432
2,polyarchy_decline,Y_cspart,Civil society,vdem_particip,instr-antiplural_w2_trt-polyarchy_gapany_illibany_lrstraddle_exclyr,polyarchy_decline,864,334,-0.00798328259131141,0.5783835896435708,864,334,-0.00240700962559801,0.01332393421410399,0.8566398969820428,-5.065541809269526,28.140581807339466,0.8571459540603694,14.61574865595499
2,polyarchy_decline,Y_dd,Direct democracy,vdem_particip,instr-antiplural_w2_trt-polyarchy_gapany_illibany_lrstraddle_exclyr,polyarchy_decline,864,334,-0.00798328259131141,0.5783835896435708,864,334,7.090782418204306e-4,0.01111189494881502,0.9491194930686728,0.6079099510562955,3.406489337818352,0.8583645299578293,25.558649524938858
2,polyarchy_decline,Y_locelec,Local elections,vdem_particip,instr-antiplural_w2_trt-polyarchy_gapany_illibany_lrstraddle_exclyr,polyarchy_decline,864,334,-0.00798328259131141,0.5783835896435708,856,330,0.00222995309795515,0.01048177516892739,0.8315252817901473,-4.778260015951287,14.242502328976007,0.7372532146166302,12.995282013157029
2,polyarchy_decline,Y_regelec,Regional elections,vdem_particip,instr-antiplural_w2_trt-polyarchy_gapany_illibany_lrstraddle_exclyr,polyarchy_decline,864,334,-0.00798328259131141,0.5783835896435708,864,334,-0.02778835809276147,0.02194294773133211,0.20537302430788357,-24.126555054371863,148.17973310230957,0.8706605277956119,12.759182884795116
2,polyarchy_decline,Y_delib,Deliberation,vdem_egal_delib,instr-antiplural_w2_trt-polyarchy_gapany_illibany_lrstraddle_exclyr,polyarchy_decline,864,334,-0.00798328259131141,0.5783835896435708,864,334,0.00578964954711749,0.01867147517175914,0.7565001809310473,-0.692614434973021,5.551677655127738,0.9007153905066758,15.544871083859269
2,polyarchy_decline,Y_eqprotec,Equal protection,vdem_egal_delib,instr-antiplural_w2_trt-polyarchy_gapany_illibany_lrstraddle_exclyr,polyarchy_decline,864,334,-0.00798328259131141,0.5783835896435708,864,334,-0.00530567538641676,0.00914219240246354,0.5616783189108966,-4.305590832164688,21.240919841591968,0.8393674483976886,14.49395667488654
2,polyarchy_decline,Y_eqaccess,Equal access,vdem_egal_delib,instr-antiplural_w2_trt-polyarchy_gapany_illibany_lrstraddle_exclyr,polyarchy_decline,864,334,-0.00798328259131141,0.5783835896435708,864,334,0.00691107919965635,0.01067199133492629,0.5172499042624115,-0.2211126240689486,3.06014772334361,0.9423985466693188,16.950221714966556
2,polyarchy_decline,Y_eqdr,Equal distribution,vdem_egal_delib,instr-antiplural_w2_trt-polyarchy_gapany_illibany_lrstraddle_exclyr,polyarchy_decline,864,334,-0.00798328259131141,0.5783835896435708,864,334,-0.00532385560927158,0.00706953092244069,0.4514075144543512,-2.8595191179022392,18.0761070055809,0.8743044787654957,14.44218997692565
3,backsliding_Nyr,Y_gdp_growth,PWT,growth,instr-antiplural_w3_trt-ert_gapany_illibany_lrstraddle_exclyr,backsliding_Nyr,866,58,-0.00610814383224858,0.9102686170266332,820,56,-0.04010918663264794,0.02551185600075115,0.11590920438467953,0.8795735537827324,4.173888483701091,0.8330960876971331,21.791417319516555
3,backsliding_Nyr,Y_gdp_growth_wb,World Bank,growth,instr-antiplural_w3_trt-ert_gapany_illibany_lrstraddle_exclyr,backsliding_Nyr,866,58,-0.00610814383224858,0.9102686170266332,826,56,-0.01972878478445033,0.02071907583061005,0.34099358413681397,0.6430979446774593,2.1096265444576563,0.7604882355856549,19.683835524847083
3,backsliding_Nyr,Y_gdp_growth_imf,IMF WEO,growth,instr-antiplural_w3_trt-ert_gapany_illibany_lrstraddle_exclyr,backsliding_Nyr,866,58,-0.00610814383224858,0.9102686170266332,630,48,-0.01586049708403284,0.02282014129902425,0.4870416013241141,0.3830505382761131,1.6155902457417413,0.81258204972979,19.480428053125184
3,backsliding_Nyr,Y_inflation,"CPI, cumulative log",inflation,instr-antiplural_w3_trt-ert_gapany_illibany_lrstraddle_exclyr,backsliding_Nyr,866,58,-0.00610814383224858,0.9102686170266332,755,51,-0.03550982351163587,0.12648057121659578,0.7788997110294263,10.110365784852636,52.950393357344645,0.8485723396293371,17.669943357038722
3,backsliding_Nyr,Y_unemployment,Unemployment rate,unemployment,instr-antiplural_w3_trt-ert_gapany_illibany_lrstraddle_exclyr,backsliding_Nyr,866,58,-0.00610814383224858,0.9102686170266332,598,52,-0.1327767990959261,0.7406726848596321,0.8577295107308566,-18.497515620179698,48.294068647029285,0.7017061409755896,20.99158308688748
3,backsliding_Nyr,Y_trade_pct_gdp,Trade / GDP,trade,instr-antiplural_w3_trt-ert_gapany_illibany_lrstraddle_exclyr,backsliding_Nyr,866,58,-0.00610814383224858,0.9102686170266332,754,54,-0.8713233401478062,2.5917856078693315,0.7367302302090769,220.3136501284502,1003.7551539891368,0.8262688100424151,18.25860940771773
3,backsliding_Nyr,Y_top10_share,Top-10% income share,top10,instr-antiplural_w3_trt-ert_gapany_illibany_lrstraddle_exclyr,backsliding_Nyr,866,58,-0.00610814383224858,0.9102686170266332,782,54,-0.1658682549374244,0.6048513293945182,0.7839080337788604,11.210958767083412,50.95993085608148,0.8258746089299618,19.51049288204057
3,backsliding_Nyr,Y_gini_disp,Disposable,gini,instr-antiplural_w3_trt-ert_gapany_illibany_lrstraddle_exclyr,backsliding_Nyr,866,58,-0.00610814383224858,0.9102686170266332,685,48,0.27611225783014964,0.29558593089821306,0.3502428198300182,-24.800542600656236,142.37145969601812,0.8617114080009675,17.912792296760642
3,backsliding_Nyr,Y_gini_mkt,Market,gini,instr-antiplural_w3_trt-ert_gapany_illibany_lrstraddle_exclyr,backsliding_Nyr,866,58,-0.00610814383224858,0.9102686170266332,685,48,0.23594753862833995,0.2978023775966576,0.428188287357104,-21.8046017594232,149.24143718545793,0.8838401836353552,18.291454122249863
3,backsliding_Nyr,Y_debt,Debt / GDP,fiscal,instr-antiplural_w3_trt-ert_gapany_illibany_lrstraddle_exclyr,backsliding_Nyr,866,58,-0.00610814383224858,0.9102686170266332,808,56,-2.071233668029931,4.037008663723677,0.6079083106301607,55.15103900905091,181.532400081714,0.7612739885256012,17.089239957320775
3,backsliding_Nyr,Y_deficit,Deficit / GDP,fiscal,instr-antiplural_w3_trt-ert_gapany_illibany_lrstraddle_exclyr,backsliding_Nyr,866,58,-0.00610814383224858,0.9102686170266332,736,53,1.7603579519377202,1.378356033139063,0.2015517168890231,-85.62907513531647,214.57507189747304,0.6898464298330736,19.051280884210843
3,backsliding_Nyr,Y_checks_balances,Checks & balances,institutions,instr-antiplural_w3_trt-ert_gapany_illibany_lrstraddle_exclyr,backsliding_Nyr,866,58,-0.00610814383224858,0.9102686170266332,832,53,0.00535475164815627,0.01654251554137504,0.746167946039785,-0.3796933935381981,1.9064178817248456,0.8421329891520417,17.787203794252488
3,backsliding_Nyr,Y_jucon,Judicial constraints,institutions,instr-antiplural_w3_trt-ert_gapany_illibany_lrstraddle_exclyr,backsliding_Nyr,866,58,-0.00610814383224858,0.9102686170266332,850,57,-0.00775852902479166,0.01524714935204449,0.6108565841250088,0.2728766254970843,3.2561312572997503,0.9332123161132136,17.81868011356982
3,backsliding_Nyr,Y_legcon,Legislative constraints,institutions,instr-antiplural_w3_trt-ert_gapany_illibany_lrstraddle_exclyr,backsliding_Nyr,866,58,-0.00610814383224858,0.9102686170266332,832,53,0.00860107313038696,0.02294118463845883,0.707721125428419,-0.7509947630694125,2.8848497075977177,0.7946140891537317,17.62523611283287
3,backsliding_Nyr,Y_hos_power,HOS,exec_power,instr-antiplural_w3_trt-ert_gapany_illibany_lrstraddle_exclyr,backsliding_Nyr,866,58,-0.00610814383224858,0.9102686170266332,850,57,0.00867123386726006,0.01472903286219114,0.5560510487230954,-0.7640566940678536,5.957199098998576,0.8979450338664215,17.808688825775203
3,backsliding_Nyr,Y_hog_power,HOG,exec_power,instr-antiplural_w3_trt-ert_gapany_illibany_lrstraddle_exclyr,backsliding_Nyr,866,58,-0.00610814383224858,0.9102686170266332,456,37,0.01135318059352817,0.01419968843307381,0.4239789255912575,-0.4931228776361448,1.0942043960765746,0.6522288681700611,16.813636371372176
3,backsliding_Nyr,Y_hos_power_vdem,HOS (v2ex_hosw),exec_power_alt,instr-antiplural_w3_trt-ert_gapany_illibany_lrstraddle_exclyr,backsliding_Nyr,866,58,-0.00610814383224858,0.9102686170266332,850,57,0.00671324889838063,0.02303606321449215,0.7707274858909565,-0.5986217172128266,5.18644318419594,0.908111853566384,17.036664158296514
3,backsliding_Nyr,Y_hog_power_vdem,HOG (v2ex_hogw),exec_power_alt,instr-antiplural_w3_trt-ert_gapany_illibany_lrstraddle_exclyr,backsliding_Nyr,866,58,-0.00610814383224858,0.9102686170266332,850,57,0.00109117446807919,0.02146065648534563,0.959448758049924,-0.44491492138578126,2.2921440952138203,0.8460942501779604,17.225382593519477
3,backsliding_Nyr,Y_polyarchy,Electoral (polyarchy),vdem_high,instr-antiplural_w3_trt-ert_gapany_illibany_lrstraddle_exclyr,backsliding_Nyr,866,58,-0.00610814383224858,0.9102686170266332,850,57,0.00471393402746899,0.01475431575713278,0.7493509811393808,-0.469381016740907,1.2119486423116677,0.6985382131284382,15.89871500222512
3,backsliding_Nyr,Y_libdem,Liberal,vdem_high,instr-antiplural_w3_trt-ert_gapany_illibany_lrstraddle_exclyr,backsliding_Nyr,866,58,-0.00610814383224858,0.9102686170266332,850,57,8.356595427214232e-4,0.0147863392296023,0.9549310301676862,-0.09709549976348196,1.9949105615115623,0.961181004613739,16.794447364437747
3,backsliding_Nyr,Y_partipdem,Participatory,vdem_high,instr-antiplural_w3_trt-ert_gapany_illibany_lrstraddle_exclyr,backsliding_Nyr,866,58,-0.00610814383224858,0.9102686170266332,850,57,0.00286422560891989,0.01164585269007127,0.8057257145622074,-0.28627374932681976,1.050521548546295,0.7852327411803073,16.672912620176092
3,backsliding_Nyr,Y_delibdem,Deliberative,vdem_high,instr-antiplural_w3_trt-ert_gapany_illibany_lrstraddle_exclyr,backsliding_Nyr,866,58,-0.00610814383224858,0.9102686170266332,850,57,0.00258212887801157,0.01731596239818664,0.881460194780252,-0.29385702044595446,1.98418578003407,0.8822642048535067,17.200819997440547
3,backsliding_Nyr,Y_egaldem,Egalitarian,vdem_high,instr-antiplural_w3_trt-ert_gapany_illibany_lrstraddle_exclyr,backsliding_Nyr,866,58,-0.00610814383224858,0.9102686170266332,850,57,8.406276087699381e-4,0.01103385641924663,0.9392709603688753,-0.2140204430319945,1.1609373574992272,0.8537377827547079,17.06983832605801
3,backsliding_Nyr,Y_elecoff,Elected officials,vdem_electoral,instr-antiplural_w3_trt-ert_gapany_illibany_lrstraddle_exclyr,backsliding_Nyr,866,58,-0.00610814383224858,0.9102686170266332,850,57,-9.53367816379294e-5,0.03725725596963392,0.9979583127862622,-0.6458824841148778,4.892128754466388,0.8949646494118046,18.05662501707615
3,backsliding_Nyr,Y_frefair,Clean elections,vdem_electoral,instr-antiplural_w3_trt-ert_gapany_illibany_lrstraddle_exclyr,backsliding_Nyr,866,58,-0.00610814383224858,0.9102686170266332,850,57,0.00870584033479593,0.01896703487153098,0.6462352515993655,-1.4103135433181215,3.7480577701991167,0.7067098637871582,16.105619193031067
3,backsliding_Nyr,Y_frassoc,Association,vdem_electoral,instr-antiplural_w3_trt-ert_gapany_illibany_lrstraddle_exclyr,backsliding_Nyr,866,58,-0.00610814383224858,0.9102686170266332,850,57,0.00206118056806762,0.01336008436485134,0.8773897480092236,-0.16230937199500117,0.9322373458141696,0.8617810985244506,15.07646423424552
3,backsliding_Nyr,Y_suffr,Suffrage,vdem_electoral,instr-antiplural_w3_trt-ert_gapany_illibany_lrstraddle_exclyr,backsliding_Nyr,866,58,-0.00610814383224858,0.9102686170266332,850,57,0.0079091233504328309,0.01234667986215886,0.5217910091618394,-1.5894271433910527,8.864945105240253,0.8577072408263497,19.085857417735767
3,backsliding_Nyr,Y_freexp,Expression & alt. info,vdem_electoral,instr-antiplural_w3_trt-ert_gapany_illibany_lrstraddle_exclyr,backsliding_Nyr,866,58,-0.00610814383224858,0.9102686170266332,850,57,-0.00854508294402844,0.01438859770023165,0.5525931883053723,1.0086288382526554,4.82665855351751,0.8344713345810021,15.974313088141548
3,backsliding_Nyr,Y_cl_rol,Rule of law,vdem_liberal,instr-antiplural_w3_trt-ert_gapany_illibany_lrstraddle_exclyr,backsliding_Nyr,866,58,-0.00610814383224858,0.9102686170266332,850,57,-0.0044121260894741,0.01223189974744402,0.7183188441270713,0.4544790437700239,3.0663076215895795,0.8821714832464775,16.2557234226276
3,backsliding_Nyr,Y_cspart,Civil society,vdem_particip,instr-antiplural_w3_trt-ert_gapany_illibany_lrstraddle_exclyr,backsliding_Nyr,866,58,-0.00610814383224858,0.9102686170266332,850,57,-8.734092961092182e-4,0.0145943740130804,0.9522785947183248,0.1631674739768371,2.7771119697986237,0.95314775029693,17.34527836081582
3,backsliding_Nyr,Y_dd,Direct democracy,vdem_particip,instr-antiplural_w3_trt-ert_gapany_illibany_lrstraddle_exclyr,backsliding_Nyr,866,58,-0.00610814383224858,0.9102686170266332,850,57,0.00376121319729398,0.01162593355478287,0.7463020382842884,-0.5792736756657657,2.8990613793401856,0.8416258830373168,18.695136379890748
3,backsliding_Nyr,Y_locelec,Local elections,vdem_particip,instr-antiplural_w3_trt-ert_gapany_illibany_lrstraddle_exclyr,backsliding_Nyr,866,58,-0.00610814383224858,0.9102686170266332,842,57,3.805231852098889e-4,0.01508540879662979,0.9798758267357126,-0.13880737066078574,1.0563148844135504,0.8954532012298041,15.227668850407817
3,backsliding_Nyr,Y_regelec,Regional elections,vdem_particip,instr-antiplural_w3_trt-ert_gapany_illibany_lrstraddle_exclyr,backsliding_Nyr,866,58,-0.00610814383224858,0.9102686170266332,850,57,-0.0442332958364588,0.02701653304917193,0.10157455521051698,4.218606726853385,22.36812218224117,0.8504070727809653,17.625662515002293
3,backsliding_Nyr,Y_delib,Deliberation,vdem_egal_delib,instr-antiplural_w3_trt-ert_gapany_illibany_lrstraddle_exclyr,backsliding_Nyr,866,58,-0.00610814383224858,0.9102686170266332,850,57,0.0051555870727331,0.02033215630525745,0.7998292122828058,-0.6676983270601837,2.515706132015402,0.7906921752139475,17.919491932803844
3,backsliding_Nyr,Y_eqprotec,Equal protection,vdem_egal_delib,instr-antiplural_w3_trt-ert_gapany_illibany_lrstraddle_exclyr,backsliding_Nyr,866,58,-0.00610814383224858,0.9102686170266332,850,57,-0.01039550125762717,0.01097405206106507,0.3434960626738724,0.798489191505646,6.453637827109822,0.9015314398680508,18.491541250230867
3,backsliding_Nyr,Y_eqaccess,Equal access,vdem_egal_delib,instr-antiplural_w3_trt-ert_gapany_illibany_lrstraddle_exclyr,backsliding_Nyr,866,58,-0.00610814383224858,0.9102686170266332,850,57,5.67570891690696e-4,0.01143502358109981,0.9604137082725364,-0.22008868180561297,1.343171676614957,0.8698433666166554,18.242738406481735
3,backsliding_Nyr,Y_eqdr,Equal distribution,vdem_egal_delib,instr-antiplural_w3_trt-ert_gapany_illibany_lrstraddle_exclyr,backsliding_Nyr,866,58,-0.00610814383224858,0.9102686170266332,850,57,-0.0045798312250222,0.00840077914134048,0.5856383657490031,0.4482718339712245,2.0186202848409276,0.8242606148185124,17.73914997492387
3,backsliding_union_Nyr,Y_gdp_growth,PWT,growth,instr-antiplural_w3_trt-ertOrDdcg_gapany_illibany_lrstraddle_exclyr,backsliding_union_Nyr,866,67,0.00499185878024434,0.9320756318638492,820,65,-0.04010918663264794,0.02551185600075115,0.11590920438467953,4.715738343709442,16.523095742509465,0.775335536927702,18.71262048135199
3,backsliding_union_Nyr,Y_gdp_growth_wb,World Bank,growth,instr-antiplural_w3_trt-ertOrDdcg_gapany_illibany_lrstraddle_exclyr,backsliding_union_Nyr,866,67,0.00499185878024434,0.9320756318638492,826,65,-0.01972878478445033,0.02071907583061005,0.34099358413681397,1.4663912998389856,4.680675237292366,0.7540631782219891,18.75469237446481
3,backsliding_union_Nyr,Y_gdp_growth_imf,IMF WEO,growth,instr-antiplural_w3_trt-ertOrDdcg_gapany_illibany_lrstraddle_exclyr,backsliding_union_Nyr,866,67,0.00499185878024434,0.9320756318638492,630,55,-0.01586049708403284,0.02282014129902425,0.4870416013241141,1.2143035984155524,5.309866523192777,0.819111298871159,18.04082447853455
3,backsliding_union_Nyr,Y_inflation,"CPI, cumulative log",inflation,instr-antiplural_w3_trt-ertOrDdcg_gapany_illibany_lrstraddle_exclyr,backsliding_union_Nyr,866,67,0.00499185878024434,0.9320756318638492,755,57,-0.03550982351163587,0.12648057121659578,0.7788997110294263,-1.11485820870905,96.15963728517772,0.9907496715898394,17.03637122913961
3,backsliding_union_Nyr,Y_unemployment,Unemployment rate,unemployment,instr-antiplural_w3_trt-ertOrDdcg_gapany_illibany_lrstraddle_exclyr,backsliding_union_Nyr,866,67,0.00499185878024434,0.9320756318638492,598,59,-0.1327767990959261,0.7406726848596321,0.8577295107308566,-9.736171857650415,26.91808424331127,0.7175789816437863,18.804476517597372
3,backsliding_union_Nyr,Y_trade_pct_gdp,Trade / GDP,trade,instr-antiplural_w3_trt-ertOrDdcg_gapany_illibany_lrstraddle_exclyr,backsliding_union_Nyr,866,67,0.00499185878024434,0.9320756318638492,754,60,-0.8713233401478062,2.5917856078693315,0.7367302302090769,-113.00100660545736,366.4489119785972,0.7578025600847661,19.24324128034943
3,backsliding_union_Nyr,Y_top10_share,Top-10% income share,top10,instr-antiplural_w3_trt-ertOrDdcg_gapany_illibany_lrstraddle_exclyr,backsliding_union_Nyr,866,67,0.00499185878024434,0.9320756318638492,782,63,-0.1658682549374244,0.6048513293945182,0.7839080337788604,22.934716513420582,100.1813879451362,0.8189218383134657,19.46109145494014
3,backsliding_union_Nyr,Y_gini_disp,Disposable,gini,instr-antiplural_w3_trt-ertOrDdcg_gapany_illibany_lrstraddle_exclyr,backsliding_union_Nyr,866,67,0.00499185878024434,0.9320756318638492,685,54,0.27611225783014964,0.29558593089821306,0.3502428198300182,32.14710613354324,231.1534336328112,0.8893927896700105,19.19733673835927
3,backsliding_union_Nyr,Y_gini_mkt,Market,gini,instr-antiplural_w3_trt-ertOrDdcg_gapany_illibany_lrstraddle_exclyr,backsliding_union_Nyr,866,67,0.00499185878024434,0.9320756318638492,685,54,0.23594753862833995,0.2978023775966576,0.428188287357104,40.65554953479253,225.6384265537021,0.8570111970913747,19.253073240146826
3,backsliding_union_Nyr,Y_debt,Debt / GDP,fiscal,instr-antiplural_w3_trt-ertOrDdcg_gapany_illibany_lrstraddle_exclyr,backsliding_union_Nyr,866,67,0.00499185878024434,0.9320756318638492,808,64,-2.071233668029931,4.037008663723677,0.6079083106301607,94.34510892902694,649.0983825463384,0.8844361705827597,19.302765315992936
3,backsliding_union_Nyr,Y_deficit,Deficit / GDP,fiscal,instr-antiplural_w3_trt-ertOrDdcg_gapany_illibany_lrstraddle_exclyr,backsliding_union_Nyr,866,67,0.00499185878024434,0.9320756318638492,736,57,1.7603579519377202,1.378356033139063,0.2015517168890231,-2113.038500602768,9839.98707958784,0.8299700602471884,17.957879499681628
3,backsliding_union_Nyr,Y_checks_balances,Checks & balances,institutions,instr-antiplural_w3_trt-ertOrDdcg_gapany_illibany_lrstraddle_exclyr,backsliding_union_Nyr,866,67,0.00499185878024434,0.9320756318638492,832,60,0.00535475164815627,0.01654251554137504,0.746167946039785,3.7009923363139623,24.203192011060484,0.8784665699813511,18.402082479564022
3,backsliding_union_Nyr,Y_jucon,Judicial constraints,institutions,instr-antiplural_w3_trt-ertOrDdcg_gapany_illibany_lrstraddle_exclyr,backsliding_union_Nyr,866,67,0.00499185878024434,0.9320756318638492,850,66,-0.00775852902479166,0.01524714935204449,0.6108565841250088,35.51664951319941,604.3842882220273,0.9531392772336924,17.52799157469528
3,backsliding_union_Nyr,Y_legcon,Legislative constraints,institutions,instr-antiplural_w3_trt-ertOrDdcg_gapany_illibany_lrstraddle_exclyr,backsliding_union_Nyr,866,67,0.00499185878024434,0.9320756318638492,832,60,0.00860107313038696,0.02294118463845883,0.707721125428419,6.807643393115201,58.446584121080434,0.90727504739249,18.66495982487873
3,backsliding_union_Nyr,Y_hos_power,HOS,exec_power,instr-antiplural_w3_trt-ertOrDdcg_gapany_illibany_lrstraddle_exclyr,backsliding_union_Nyr,866,67,0.00499185878024434,0.9320756318638492,850,66,0.00867123386726006,0.01472903286219114,0.5560510487230954,-514.3736149734821,4450.335444809607,0.907984729712286,17.825984836891653
3,backsliding_union_Nyr,Y_hog_power,HOG,exec_power,instr-antiplural_w3_trt-ertOrDdcg_gapany_illibany_lrstraddle_exclyr,backsliding_union_Nyr,866,67,0.00499185878024434,0.9320756318638492,456,42,0.01135318059352817,0.01419968843307381,0.4239789255912575,-0.25144881001743047,1.3950938864049915,0.8569657957991516,24.538813258728208
3,backsliding_union_Nyr,Y_hos_power_vdem,HOS (v2ex_hosw),exec_power_alt,instr-antiplural_w3_trt-ertOrDdcg_gapany_illibany_lrstraddle_exclyr,backsliding_union_Nyr,866,67,0.00499185878024434,0.9320756318638492,850,66,0.00671324889838063,0.02303606321449215,0.7707274858909565,-82.61830589502449,815.973062852992,0.9193510011473182,17.205586963186054
3,backsliding_union_Nyr,Y_hog_power_vdem,HOG (v2ex_hogw),exec_power_alt,instr-antiplural_w3_trt-ertOrDdcg_gapany_illibany_lrstraddle_exclyr,backsliding_union_Nyr,866,67,0.00499185878024434,0.9320756318638492,850,66,0.00109117446807919,0.02146065648534563,0.959448758049924,12.613376506646098,55.430289559989234,0.819993091058172,16.986543212294418
3,backsliding_union_Nyr,Y_polyarchy,Electoral (polyarchy),vdem_high,instr-antiplural_w3_trt-ertOrDdcg_gapany_illibany_lrstraddle_exclyr,backsliding_union_Nyr,866,67,0.00499185878024434,0.9320756318638492,850,66,0.00471393402746899,0.01475431575713278,0.7493509811393808,3.167650357675813,14.10092506773928,0.8222583210635721,15.552205743661377
3,backsliding_union_Nyr,Y_libdem,Liberal,vdem_high,instr-antiplural_w3_trt-ertOrDdcg_gapany_illibany_lrstraddle_exclyr,backsliding_union_Nyr,866,67,0.00499185878024434,0.9320756318638492,850,66,8.356595427214232e-4,0.0147863392296023,0.9549310301676862,7.199474827106499,93.7181938772385,0.9387663735718466,16.50563293215957
3,backsliding_union_Nyr,Y_partipdem,Participatory,vdem_high,instr-antiplural_w3_trt-ertOrDdcg_gapany_illibany_lrstraddle_exclyr,backsliding_union_Nyr,866,67,0.00499185878024434,0.9320756318638492,850,66,0.00286422560891989,0.01164585269007127,0.8057257145622074,2.5226939411738107,10.128941910361656,0.8033159226292923,16.602460736931704
3,backsliding_union_Nyr,Y_delibdem,Deliberative,vdem_high,instr-antiplural_w3_trt-ertOrDdcg_gapany_illibany_lrstraddle_exclyr,backsliding_union_Nyr,866,67,0.00499185878024434,0.9320756318638492,850,66,0.00258212887801157,0.01731596239818664,0.881460194780252,7.624086467624245,110.31874321782988,0.9449023633617706,17.305059460468755
3,backsliding_union_Nyr,Y_egaldem,Egalitarian,vdem_high,instr-antiplural_w3_trt-ertOrDdcg_gapany_illibany_lrstraddle_exclyr,backsliding_union_Nyr,866,67,0.00499185878024434,0.9320756318638492,850,66,8.406276087699381e-4,0.01103385641924663,0.9392709603688753,4.418052110396391,36.55841526725733,0.9038105474522612,16.86096696447489
3,backsliding_union_Nyr,Y_elecoff,Elected officials,vdem_electoral,instr-antiplural_w3_trt-ertOrDdcg_gapany_illibany_lrstraddle_exclyr,backsliding_union_Nyr,866,67,0.00499185878024434,0.9320756318638492,850,66,-9.53367816379294e-5,0.03725725596963392,0.9979583127862622,1.39491977105749,47.95487061418685,0.9767942650864566,17.209554037893703
3,backsliding_union_Nyr,Y_frefair,Clean elections,vdem_electoral,instr-antiplural_w3_trt-ertOrDdcg_gapany_illibany_lrstraddle_exclyr,backsliding_union_Nyr,866,67,0.00499185878024434,0.9320756318638492,850,66,0.00870584033479593,0.01896703487153098,0.6462352515993655,5.14188251373558,219.82942620845995,0.981338919560688,15.987907606757457
3,backsliding_union_Nyr,Y_frassoc,Association,vdem_electoral,instr-antiplural_w3_trt-ertOrDdcg_gapany_illibany_lrstraddle_exclyr,backsliding_union_Nyr,866,67,0.00499185878024434,0.9320756318638492,850,66,0.00206118056806762,0.01336008436485134,0.8773897480092236,1.8977439110961805,19.934720799711336,0.9241576238705054,15.127384868059456
3,backsliding_union_Nyr,Y_suffr,Suffrage,vdem_electoral,instr-antiplural_w3_trt-ertOrDdcg_gapany_illibany_lrstraddle_exclyr,backsliding_union_Nyr,866,67,0.00499185878024434,0.9320756318638492,850,66,0.0079091233504328309,0.01234667986215886,0.5217910091618394,0.6496661387456075,21.831045652350884,0.9762594017910862,21.048096935263334
3,backsliding_union_Nyr,Y_freexp,Expression & alt. info,vdem_electoral,instr-antiplural_w3_trt-ertOrDdcg_gapany_illibany_lrstraddle_exclyr,backsliding_union_Nyr,866,67,0.00499185878024434,0.9320756318638492,850,66,-0.00854508294402844,0.01438859770023165,0.5525931883053723,21.79879378399352,347.00283033189027,0.9499096652589522,15.874587148316005
3,backsliding_union_Nyr,Y_cl_rol,Rule of law,vdem_liberal,instr-antiplural_w3_trt-ertOrDdcg_gapany_illibany_lrstraddle_exclyr,backsliding_union_Nyr,866,67,0.00499185878024434,0.9320756318638492,850,66,-0.0044121260894741,0.01223189974744402,0.7183188441270713,8.772401328244646,171.21463615148727,0.9591372411871736,16.195306995477246
3,backsliding_union_Nyr,Y_cspart,Civil society,vdem_particip,instr-antiplural_w3_trt-ertOrDdcg_gapany_illibany_lrstraddle_exclyr,backsliding_union_Nyr,866,67,0.00499185878024434,0.9320756318638492,850,66,-8.734092961092182e-4,0.0145943740130804,0.9522785947183248,22.403994553446648,324.23577843891087,0.9449117339374544,17.305166227360544
3,backsliding_union_Nyr,Y_dd,Direct democracy,vdem_particip,instr-antiplural_w3_trt-ertOrDdcg_gapany_illibany_lrstraddle_exclyr,backsliding_union_Nyr,866,67,0.00499185878024434,0.9320756318638492,850,66,0.00376121319729398,0.01162593355478287,0.7463020382842884,-3.8217090334696353,65.71654883707257,0.9536256116411288,19.33873177001212
3,backsliding_union_Nyr,Y_locelec,Local elections,vdem_particip,instr-antiplural_w3_trt-ertOrDdcg_gapany_illibany_lrstraddle_exclyr,backsliding_union_Nyr,866,67,0.00499185878024434,0.9320756318638492,842,66,3.805231852098889e-4,0.01508540879662979,0.9798758267357126,2.254087996542016,16.250610841524875,0.8896809803584181,13.884203856692755
3,backsliding_union_Nyr,Y_regelec,Regional elections,vdem_particip,instr-antiplural_w3_trt-ertOrDdcg_gapany_illibany_lrstraddle_exclyr,backsliding_union_Nyr,866,67,0.00499185878024434,0.9320756318638492,850,66,-0.0442332958364588,0.02701653304917193,0.10157455521051698,135.11010383244755,2935.818860079343,0.9632932991948708,17.345525565001665
3,backsliding_union_Nyr,Y_delib,Deliberation,vdem_egal_delib,instr-antiplural_w3_trt-ertOrDdcg_gapany_illibany_lrstraddle_exclyr,backsliding_union_Nyr,866,67,0.00499185878024434,0.9320756318638492,850,66,0.0051555870727331,0.02033215630525745,0.7998292122828058,-4.944798400103484,298.0036686295873,0.9867612459996437,18.656372462443176
3,backsliding_union_Nyr,Y_eqprotec,Equal protection,vdem_egal_delib,instr-antiplural_w3_trt-ertOrDdcg_gapany_illibany_lrstraddle_exclyr,backsliding_union_Nyr,866,67,0.00499185878024434,0.9320756318638492,850,66,-0.01039550125762717,0.01097405206106507,0.3434960626738724,159.2728620605508,2948.5282315469512,0.95692102211376,17.761289852811945
3,backsliding_union_Nyr,Y_eqaccess,Equal access,vdem_egal_delib,instr-antiplural_w3_trt-ertOrDdcg_gapany_illibany_lrstraddle_exclyr,backsliding_union_Nyr,866,67,0.00499185878024434,0.9320756318638492,850,66,5.67570891690696e-4,0.01143502358109981,0.9604137082725364,-2.574010806428177,15.13662174314085,0.8649693456647682,18.843468747410057
3,backsliding_union_Nyr,Y_eqdr,Equal distribution,vdem_egal_delib,instr-antiplural_w3_trt-ertOrDdcg_gapany_illibany_lrstraddle_exclyr,backsliding_union_Nyr,866,67,0.00499185878024434,0.9320756318638492,850,66,-0.0045798312250222,0.00840077914134048,0.5856383657490031,181.15988490324617,1940.5741708839969,0.9256225285081404,17.859547586640865
3,polyarchy_decline,Y_gdp_growth,PWT,growth,instr-antiplural_w3_trt-polyarchy_gapany_illibany_lrstraddle_exclyr,polyarchy_decline,850,337,-0.00471393402746899,0.7493509811393808,820,322,-0.04010918663264794,0.02551185600075115,0.11590920438467953,-10.358830663363175,114.68665140997192,0.9280306249200496,14.845679552709743
3,polyarchy_decline,Y_gdp_growth_wb,World Bank,growth,instr-antiplural_w3_trt-polyarchy_gapany_illibany_lrstraddle_exclyr,polyarchy_decline,850,337,-0.00471393402746899,0.7493509811393808,826,330,-0.01972878478445033,0.02071907583061005,0.34099358413681397,-88.33319459583606,404.1106292016076,0.8269720416578259,14.395486664552784
3,polyarchy_decline,Y_gdp_growth_imf,IMF WEO,growth,instr-antiplural_w3_trt-polyarchy_gapany_illibany_lrstraddle_exclyr,polyarchy_decline,850,337,-0.00471393402746899,0.7493509811393808,630,268,-0.01586049708403284,0.02282014129902425,0.4870416013241141,-4.236837653695389,31.95580418395257,0.8945221563817911,15.688228934457763
3,polyarchy_decline,Y_inflation,"CPI, cumulative log",inflation,instr-antiplural_w3_trt-polyarchy_gapany_illibany_lrstraddle_exclyr,polyarchy_decline,850,337,-0.00471393402746899,0.7493509811393808,755,303,-0.03550982351163587,0.12648057121659578,0.7788997110294263,-536.8682279160951,4039.200026172953,0.894261004002312,15.918901455465978
3,polyarchy_decline,Y_unemployment,Unemployment rate,unemployment,instr-antiplural_w3_trt-polyarchy_gapany_illibany_lrstraddle_exclyr,polyarchy_decline,850,337,-0.00471393402746899,0.7493509811393808,598,282,-0.1327767990959261,0.7406726848596321,0.8577295107308566,-27.181591088156026,90.22761691996666,0.7632194581099759,16.888238762638473
3,polyarchy_decline,Y_trade_pct_gdp,Trade / GDP,trade,instr-antiplural_w3_trt-polyarchy_gapany_illibany_lrstraddle_exclyr,polyarchy_decline,850,337,-0.00471393402746899,0.7493509811393808,754,297,-0.8713233401478062,2.5917856078693315,0.7367302302090769,-14844.556541858276,67944.6182392252,0.8270549521653204,15.418786315833811
3,polyarchy_decline,Y_top10_share,Top-10% income share,top10,instr-antiplural_w3_trt-polyarchy_gapany_illibany_lrstraddle_exclyr,polyarchy_decline,850,337,-0.00471393402746899,0.7493509811393808,782,324,-0.1658682549374244,0.6048513293945182,0.7839080337788604,-984.8338909642218,1914.6951838359987,0.6070035047078208,21.543614450094008
3,polyarchy_decline,Y_gini_disp,Disposable,gini,instr-antiplural_w3_trt-polyarchy_gapany_illibany_lrstraddle_exclyr,polyarchy_decline,850,337,-0.00471393402746899,0.7493509811393808,685,276,0.27611225783014964,0.29558593089821306,0.3502428198300182,692.7555252508209,2103.098901764729,0.7418552554575342,16.92561418256889
3,polyarchy_decline,Y_gini_mkt,Market,gini,instr-antiplural_w3_trt-polyarchy_gapany_illibany_lrstraddle_exclyr,polyarchy_decline,850,337,-0.00471393402746899,0.7493509811393808,685,276,0.23594753862833995,0.2978023775966576,0.428188287357104,616.9552303578948,1859.153439285,0.7400044922820295,17.576953397966946
3,polyarchy_decline,Y_debt,Debt / GDP,fiscal,instr-antiplural_w3_trt-polyarchy_gapany_illibany_lrstraddle_exclyr,polyarchy_decline,850,337,-0.00471393402746899,0.7493509811393808,808,328,-2.071233668029931,4.037008663723677,0.6079083106301607,108.78766044947528,689.2480273841214,0.8745865918833736,15.972893962284994
3,polyarchy_decline,Y_deficit,Deficit / GDP,fiscal,instr-antiplural_w3_trt-polyarchy_gapany_illibany_lrstraddle_exclyr,polyarchy_decline,850,337,-0.00471393402746899,0.7493509811393808,736,306,1.7603579519377202,1.378356033139063,0.2015517168890231,245.00999228331145,2171.8433952410433,0.9101796062149748,17.887236132360687
3,polyarchy_decline,Y_checks_balances,Checks & balances,institutions,instr-antiplural_w3_trt-polyarchy_gapany_illibany_lrstraddle_exclyr,polyarchy_decline,850,337,-0.00471393402746899,0.7493509811393808,832,333,0.00535475164815627,0.01654251554137504,0.746167946039785,-2.66882974481598,17.584792561796238,0.8793689824466498,13.488226214272553
3,polyarchy_decline,Y_jucon,Judicial constraints,institutions,instr-antiplural_w3_trt-polyarchy_gapany_illibany_lrstraddle_exclyr,polyarchy_decline,850,337,-0.00471393402746899,0.7493509811393808,850,337,-0.00775852902479166,0.01524714935204449,0.6108565841250088,-10.144038983072852,26.77933281287196,0.7048356188209628,14.21366992158221
3,polyarchy_decline,Y_legcon,Legislative constraints,institutions,instr-antiplural_w3_trt-polyarchy_gapany_illibany_lrstraddle_exclyr,polyarchy_decline,850,337,-0.00471393402746899,0.7493509811393808,832,333,0.00860107313038696,0.02294118463845883,0.707721125428419,-0.2609868234692437,3.965056194446514,0.9475197626987631,15.357791559909227
3,polyarchy_decline,Y_hos_power,HOS,exec_power,instr-antiplural_w3_trt-polyarchy_gapany_illibany_lrstraddle_exclyr,polyarchy_decline,850,337,-0.00471393402746899,0.7493509811393808,850,337,0.00867123386726006,0.01472903286219114,0.5560510487230954,3.6299806332912192,30.09218446748441,0.9039851476063852,19.808761734800527
3,polyarchy_decline,Y_hog_power,HOG,exec_power,instr-antiplural_w3_trt-polyarchy_gapany_illibany_lrstraddle_exclyr,polyarchy_decline,850,337,-0.00471393402746899,0.7493509811393808,456,183,0.01135318059352817,0.01419968843307381,0.4239789255912575,45.77960998957134,120.335879192954,0.703624821293672,15.184313598953144
3,polyarchy_decline,Y_hos_power_vdem,HOS (v2ex_hosw),exec_power_alt,instr-antiplural_w3_trt-polyarchy_gapany_illibany_lrstraddle_exclyr,polyarchy_decline,850,337,-0.00471393402746899,0.7493509811393808,850,337,0.00671324889838063,0.02303606321449215,0.7707274858909565,5.181543215207055,23.225644614857192,0.8234609655535726,17.232186160350718
3,polyarchy_decline,Y_hog_power_vdem,HOG (v2ex_hogw),exec_power_alt,instr-antiplural_w3_trt-polyarchy_gapany_illibany_lrstraddle_exclyr,polyarchy_decline,850,337,-0.00471393402746899,0.7493509811393808,850,337,0.00109117446807919,0.02146065648534563,0.959448758049924,-2.9558282040655826,9.117642963328134,0.7457958919309382,17.173620050490292
3,polyarchy_decline,Y_polyarchy,Electoral (polyarchy),vdem_high,instr-antiplural_w3_trt-polyarchy_gapany_illibany_lrstraddle_exclyr,polyarchy_decline,850,337,-0.00471393402746899,0.7493509811393808,850,337,0.00471393402746899,0.01475431575713278,0.7493509811393808,-1,2.807352085265998e-16,0,18.443908798869337
3,polyarchy_decline,Y_libdem,Liberal,vdem_high,instr-antiplural_w3_trt-polyarchy_gapany_illibany_lrstraddle_exclyr,polyarchy_decline,850,337,-0.00471393402746899,0.7493509811393808,850,337,8.356595427214232e-4,0.0147863392296023,0.9549310301676862,-6.882255618254279,13.654126529007836,0.6142317409388196,13.86985349859529
3,polyarchy_decline,Y_partipdem,Participatory,vdem_high,instr-antiplural_w3_trt-polyarchy_gapany_illibany_lrstraddle_exclyr,polyarchy_decline,850,337,-0.00471393402746899,0.7493509811393808,850,337,0.00286422560891989,0.01164585269007127,0.8057257145622074,-1.2161137743442831,3.882361111269707,0.754097747739028,17.90254305983533
3,polyarchy_decline,Y_delibdem,Deliberative,vdem_high,instr-antiplural_w3_trt-polyarchy_gapany_illibany_lrstraddle_exclyr,polyarchy_decline,850,337,-0.00471393402746899,0.7493509811393808,850,337,0.00258212887801157,0.01731596239818664,0.881460194780252,-286.2684926516941,924.9924730143216,0.7569549253966918,15.470330921835366
3,polyarchy_decline,Y_egaldem,Egalitarian,vdem_high,instr-antiplural_w3_trt-polyarchy_gapany_illibany_lrstraddle_exclyr,polyarchy_decline,850,337,-0.00471393402746899,0.7493509811393808,850,337,8.406276087699381e-4,0.01103385641924663,0.9392709603688753,-1.048284979091181,4.8741944366405985,0.8297140256939566,17.342246764342335
3,polyarchy_decline,Y_elecoff,Elected officials,vdem_electoral,instr-antiplural_w3_trt-polyarchy_gapany_illibany_lrstraddle_exclyr,polyarchy_decline,850,337,-0.00471393402746899,0.7493509811393808,850,337,-9.53367816379294e-5,0.03725725596963392,0.9979583127862622,-231.6937024048369,856.0753233140517,0.786663006921276,15.059803472194323
3,polyarchy_decline,Y_frefair,Clean elections,vdem_electoral,instr-antiplural_w3_trt-polyarchy_gapany_illibany_lrstraddle_exclyr,polyarchy_decline,850,337,-0.00471393402746899,0.7493509811393808,850,337,0.00870584033479593,0.01896703487153098,0.6462352515993655,0.04617315179026304,11.832182476522416,0.9968863942466304,18.94158602599168
3,polyarchy_decline,Y_frassoc,Association,vdem_electoral,instr-antiplural_w3_trt-polyarchy_gapany_illibany_lrstraddle_exclyr,polyarchy_decline,850,337,-0.00471393402746899,0.7493509811393808,850,337,0.00206118056806762,0.01336008436485134,0.8773897480092236,-17.63229839763029,55.885171920975544,0.7523748969534019,15.814163456149233
3,polyarchy_decline,Y_suffr,Suffrage,vdem_electoral,instr-antiplural_w3_trt-polyarchy_gapany_illibany_lrstraddle_exclyr,polyarchy_decline,850,337,-0.00471393402746899,0.7493509811393808,850,337,0.0079091233504328309,0.01234667986215886,0.5217910091618394,1706181.5732392056,20566195.50349352,0.9338829589020308,11.764341847920116
3,polyarchy_decline,Y_freexp,Expression & alt. info,vdem_electoral,instr-antiplural_w3_trt-polyarchy_gapany_illibany_lrstraddle_exclyr,polyarchy_decline,850,337,-0.00471393402746899,0.7493509811393808,850,337,-0.00854508294402844,0.01438859770023165,0.5525931883053723,-16.91388466322862,68.62424619596831,0.8053176724303904,16.523128335282017
3,polyarchy_decline,Y_cl_rol,Rule of law,vdem_liberal,instr-antiplural_w3_trt-polyarchy_gapany_illibany_lrstraddle_exclyr,polyarchy_decline,850,337,-0.00471393402746899,0.7493509811393808,850,337,-0.0044121260894741,0.01223189974744402,0.7183188441270713,-4.218212736519094,18.514739214054643,0.8197784158562911,17.233431883897428
3,polyarchy_decline,Y_cspart,Civil society,vdem_particip,instr-antiplural_w3_trt-polyarchy_gapany_illibany_lrstraddle_exclyr,polyarchy_decline,850,337,-0.00471393402746899,0.7493509811393808,850,337,-8.734092961092182e-4,0.0145943740130804,0.9522785947183248,-309.299729819394,996.035192222212,0.7561572460558706,15.533378434355152
3,polyarchy_decline,Y_dd,Direct democracy,vdem_particip,instr-antiplural_w3_trt-polyarchy_gapany_illibany_lrstraddle_exclyr,polyarchy_decline,850,337,-0.00471393402746899,0.7493509811393808,850,337,0.00376121319729398,0.01162593355478287,0.7463020382842884,19.68036533239356,73.58171747418056,0.7891129241393363,21.344241513549697
3,polyarchy_decline,Y_locelec,Local elections,vdem_particip,instr-antiplural_w3_trt-polyarchy_gapany_illibany_lrstraddle_exclyr,polyarchy_decline,850,337,-0.00471393402746899,0.7493509811393808,842,333,3.805231852098889e-4,0.01508540879662979,0.9798758267357126,-0.4149539632167139,7.390946839772717,0.9552274540046276,13.557138591123936
3,polyarchy_decline,Y_regelec,Regional elections,vdem_particip,instr-antiplural_w3_trt-polyarchy_gapany_illibany_lrstraddle_exclyr,polyarchy_decline,850,337,-0.00471393402746899,0.7493509811393808,850,337,-0.0442332958364588,0.02701653304917193,0.10157455521051698,-26.316421285896404,55.23513137131863,0.6337584249342743,13.15748192213059
3,polyarchy_decline,Y_delib,Deliberation,vdem_egal_delib,instr-antiplural_w3_trt-polyarchy_gapany_illibany_lrstraddle_exclyr,polyarchy_decline,850,337,-0.00471393402746899,0.7493509811393808,850,337,0.0051555870727331,0.02033215630525745,0.7998292122828058,0.30073113202847535,14.014825901000387,0.98288025009038,16.315810524375806
3,polyarchy_decline,Y_eqprotec,Equal protection,vdem_egal_delib,instr-antiplural_w3_trt-polyarchy_gapany_illibany_lrstraddle_exclyr,polyarchy_decline,850,337,-0.00471393402746899,0.7493509811393808,850,337,-0.01039550125762717,0.01097405206106507,0.3434960626738724,-22.297947106612668,70.38295695821587,0.7513886113096442,14.434221328948864
3,polyarchy_decline,Y_eqaccess,Equal access,vdem_egal_delib,instr-antiplural_w3_trt-polyarchy_gapany_illibany_lrstraddle_exclyr,polyarchy_decline,850,337,-0.00471393402746899,0.7493509811393808,850,337,5.67570891690696e-4,0.01143502358109981,0.9604137082725364,-4.008194272360468,25.362488605935635,0.8744281819884736,16.13853510198756
3,polyarchy_decline,Y_eqdr,Equal distribution,vdem_egal_delib,instr-antiplural_w3_trt-polyarchy_gapany_illibany_lrstraddle_exclyr,polyarchy_decline,850,337,-0.00471393402746899,0.7493509811393808,850,337,-0.0045798312250222,0.00840077914134048,0.5856383657490031,-1.4951129896625543,14.447218439564985,0.9175757142911865,16.62907428619642
4,backsliding_Nyr,Y_gdp_growth,PWT,growth,instr-antiplural_w4_trt-ert_gapany_illibany_lrstraddle_exclyr,backsliding_Nyr,866,74,-0.0949643066211614,0.1421246580446524,796,66,-0.05346511858083865,0.03129841322277265,0.08759231007903504,0.3985500172601601,0.5475410636821967,0.4666805310929484,20.35120503800903
4,backsliding_Nyr,Y_gdp_growth_wb,World Bank,growth,instr-antiplural_w4_trt-ert_gapany_illibany_lrstraddle_exclyr,backsliding_Nyr,866,74,-0.0949643066211614,0.1421246580446524,808,72,-0.02953268879133842,0.02382780368337429,0.2151894960203362,0.23985514493168816,0.3441621751081767,0.4858498749569089,20.09524431384195
4,backsliding_Nyr,Y_gdp_growth_imf,IMF WEO,growth,instr-antiplural_w4_trt-ert_gapany_illibany_lrstraddle_exclyr,backsliding_Nyr,866,74,-0.0949643066211614,0.1421246580446524,614,60,-0.02274431501946665,0.02544912951813992,0.3714734254251255,0.16147010061002046,0.2743646856005585,0.5561808780335559,19.276623755712325
4,backsliding_Nyr,Y_inflation,"CPI, cumulative log",inflation,instr-antiplural_w4_trt-ert_gapany_illibany_lrstraddle_exclyr,backsliding_Nyr,866,74,-0.0949643066211614,0.1421246580446524,737,67,-0.02078268170863295,0.15674721824186036,0.8945198209718533,0.7267513578846663,1.6702488336039774,0.663478505619908,16.998193380678824
4,backsliding_Nyr,Y_unemployment,Unemployment rate,unemployment,instr-antiplural_w4_trt-ert_gapany_illibany_lrstraddle_exclyr,backsliding_Nyr,866,74,-0.0949643066211614,0.1421246580446524,591,65,-0.3764023292691463,0.7250404581472444,0.6036584750327705,3.1651672394010455,5.600866159747349,0.5719914469689138,20.6751895940515
4,backsliding_Nyr,Y_trade_pct_gdp,Trade / GDP,trade,instr-antiplural_w4_trt-ert_gapany_illibany_lrstraddle_exclyr,backsliding_Nyr,866,74,-0.0949643066211614,0.1421246580446524,735,68,-1.4227941541055635,2.8705246621050797,0.6201367957974795,13.682974050175304,31.64075850380412,0.6654160375115358,18.31246971370327
4,backsliding_Nyr,Y_top10_share,Top-10% income share,top10,instr-antiplural_w4_trt-ert_gapany_illibany_lrstraddle_exclyr,backsliding_Nyr,866,74,-0.0949643066211614,0.1421246580446524,765,68,-0.3640513785677653,0.6344523047859247,0.5661003261584546,3.06476325197958,6.8457298246673375,0.6543771013342212,19.552613119694335
4,backsliding_Nyr,Y_gini_disp,Disposable,gini,instr-antiplural_w4_trt-ert_gapany_illibany_lrstraddle_exclyr,backsliding_Nyr,866,74,-0.0949643066211614,0.1421246580446524,667,59,0.4348489524006381,0.3485359291663204,0.2121612561693947,-2.6084514529425653,3.4943621797796327,0.4553809696545861,23.92375729642926
4,backsliding_Nyr,Y_gini_mkt,Market,gini,instr-antiplural_w4_trt-ert_gapany_illibany_lrstraddle_exclyr,backsliding_Nyr,866,74,-0.0949643066211614,0.1421246580446524,667,59,0.2716520514340268,0.35951093714061183,0.4498797351243557,-2.07257510944313,3.5428298999600587,0.5585439934485308,18.672104556648367
4,backsliding_Nyr,Y_debt,Debt / GDP,fiscal,instr-antiplural_w4_trt-ert_gapany_illibany_lrstraddle_exclyr,backsliding_Nyr,866,74,-0.0949643066211614,0.1421246580446524,790,72,0.6639733314768419,5.765160335613135,0.9083104022983814,-13.075457175857188,61.21490558041871,0.8308595938042906,18.942583654589555
4,backsliding_Nyr,Y_deficit,Deficit / GDP,fiscal,instr-antiplural_w4_trt-ert_gapany_illibany_lrstraddle_exclyr,backsliding_Nyr,866,74,-0.0949643066211614,0.1421246580446524,718,67,1.2349175278409872,1.2400464127006572,0.3193162496844597,-9.551431988636203,13.467498726409282,0.47818738631495505,17.844698332555474
4,backsliding_Nyr,Y_checks_balances,Checks & balances,institutions,instr-antiplural_w4_trt-ert_gapany_illibany_lrstraddle_exclyr,backsliding_Nyr,866,74,-0.0949643066211614,0.1421246580446524,827,70,0.01797819136653698,0.01708407171577036,0.29264521445397407,-0.10859206655679396,0.15421791217845823,0.481341288224739,16.224071888398246
4,backsliding_Nyr,Y_jucon,Judicial constraints,institutions,instr-antiplural_w4_trt-ert_gapany_illibany_lrstraddle_exclyr,backsliding_Nyr,866,74,-0.0949643066211614,0.1421246580446524,843,72,0.00161862446591876,0.01602476183343619,0.9195443412811016,-0.02429854247919492,0.14587888356883835,0.8677111145053604,16.278187818442472
4,backsliding_Nyr,Y_legcon,Legislative constraints,institutions,instr-antiplural_w4_trt-ert_gapany_illibany_lrstraddle_exclyr,backsliding_Nyr,866,74,-0.0949643066211614,0.1421246580446524,827,70,0.02595252191494291,0.02234786101319032,0.24552081233014172,-0.16953737381726944,0.19743700504790104,0.390511032499413,16.018705801611674
4,backsliding_Nyr,Y_hos_power,HOS,exec_power,instr-antiplural_w4_trt-ert_gapany_illibany_lrstraddle_exclyr,backsliding_Nyr,866,74,-0.0949643066211614,0.1421246580446524,843,72,0.01169853040461603,0.01518549915101423,0.4410774203096256,-0.04883863035384649,0.17312778990334768,0.7778700183741254,17.557366260725917
4,backsliding_Nyr,Y_hog_power,HOG,exec_power,instr-antiplural_w4_trt-ert_gapany_illibany_lrstraddle_exclyr,backsliding_Nyr,866,74,-0.0949643066211614,0.1421246580446524,447,43,0.00399837112969299,0.01377812657350963,0.771665523814039,-0.06312820616581177,0.2547165997545178,0.804260500939763,17.872679579654978
4,backsliding_Nyr,Y_hos_power_vdem,HOS (v2ex_hosw),exec_power_alt,instr-antiplural_w4_trt-ert_gapany_illibany_lrstraddle_exclyr,backsliding_Nyr,866,74,-0.0949643066211614,0.1421246580446524,843,72,0.01732486076509212,0.02352811930138924,0.46151953197600015,-0.10545550616387284,0.2316303156481461,0.648911365388855,16.481535968372995
4,backsliding_Nyr,Y_hog_power_vdem,HOG (v2ex_hogw),exec_power_alt,instr-antiplural_w4_trt-ert_gapany_illibany_lrstraddle_exclyr,backsliding_Nyr,866,74,-0.0949643066211614,0.1421246580446524,843,72,-0.00588445548674554,0.02230952412054337,0.7919615632795014,0.00539313729633173,0.2197262394788936,0.9804180467158896,17.952417759392365
4,backsliding_Nyr,Y_polyarchy,Electoral (polyarchy),vdem_high,instr-antiplural_w4_trt-ert_gapany_illibany_lrstraddle_exclyr,backsliding_Nyr,866,74,-0.0949643066211614,0.1421246580446524,843,72,0.0092184709578025,0.01543531935904408,0.5503523110128277,-0.12494297488023524,0.16137708249015303,0.438794803975527,17.674566556704367
4,backsliding_Nyr,Y_libdem,Liberal,vdem_high,instr-antiplural_w4_trt-ert_gapany_illibany_lrstraddle_exclyr,backsliding_Nyr,866,74,-0.0949643066211614,0.1421246580446524,843,72,0.01207900466210074,0.01577923758581265,0.4439739309480823,-0.13088317433251867,0.16013243283184164,0.4137322568744179,17.85316016102838
4,backsliding_Nyr,Y_partipdem,Participatory,vdem_high,instr-antiplural_w4_trt-ert_gapany_illibany_lrstraddle_exclyr,backsliding_Nyr,866,74,-0.0949643066211614,0.1421246580446524,843,72,0.00573613312466664,0.01266464818427966,0.6506028991968824,-0.06215872388760742,0.1266450925823436,0.6235605796830449,18.64654581651147
4,backsliding_Nyr,Y_delibdem,Deliberative,vdem_high,instr-antiplural_w4_trt-ert_gapany_illibany_lrstraddle_exclyr,backsliding_Nyr,866,74,-0.0949643066211614,0.1421246580446524,843,72,0.01302309130347068,0.0178216980222697,0.4649357949262699,-0.13759523651078542,0.18798564107477347,0.46420185763371075,18.810397455963653
4,backsliding_Nyr,Y_egaldem,Egalitarian,vdem_high,instr-antiplural_w4_trt-ert_gapany_illibany_lrstraddle_exclyr,backsliding_Nyr,866,74,-0.0949643066211614,0.1421246580446524,843,72,0.00593639309753815,0.01226671700465287,0.6284262488322794,-0.06527027083817277,0.1249636611360491,0.6014517168069353,18.491481180878637
4,backsliding_Nyr,Y_elecoff,Elected officials,vdem_electoral,instr-antiplural_w4_trt-ert_gapany_illibany_lrstraddle_exclyr,backsliding_Nyr,866,74,-0.0949643066211614,0.1421246580446524,843,72,-0.00533129449634538,0.03839043197339897,0.8895525647126845,0.05117290264335117,0.3741340558886107,0.8912071298493331,20.46071029005265
4,backsliding_Nyr,Y_frefair,Clean elections,vdem_electoral,instr-antiplural_w4_trt-ert_gapany_illibany_lrstraddle_exclyr,backsliding_Nyr,866,74,-0.0949643066211614,0.1421246580446524,843,72,0.00943702326629457,0.02066494933972824,0.6479096188886793,-0.11364026579629292,0.2130667497660739,0.5937877009177757,18.813018423921783
4,backsliding_Nyr,Y_frassoc,Association,vdem_electoral,instr-antiplural_w4_trt-ert_gapany_illibany_lrstraddle_exclyr,backsliding_Nyr,866,74,-0.0949643066211614,0.1421246580446524,843,72,-2.887648176165608e-4,0.014589970835448,0.9842092934309736,-0.01252817440593397,0.13708151411602218,0.927180998427023,16.624844923688904
4,backsliding_Nyr,Y_suffr,Suffrage,vdem_electoral,instr-antiplural_w4_trt-ert_gapany_illibany_lrstraddle_exclyr,backsliding_Nyr,866,74,-0.0949643066211614,0.1421246580446524,843,72,0.00797500257303721,0.01240759433027437,0.5203852165647702,-0.0902069198578168,0.12286352702192224,0.4628242827442092,19.25463137465894
4,backsliding_Nyr,Y_freexp,Expression & alt. info,vdem_electoral,instr-antiplural_w4_trt-ert_gapany_illibany_lrstraddle_exclyr,backsliding_Nyr,866,74,-0.0949643066211614,0.1421246580446524,843,72,0.00417605287842741,0.01499442568554356,0.7806231736724928,-0.02930921379187095,0.1459206947524297,0.8408102799694075,17.066449376170297
4,backsliding_Nyr,Y_cl_rol,Rule of law,vdem_liberal,instr-antiplural_w4_trt-ert_gapany_illibany_lrstraddle_exclyr,backsliding_Nyr,866,74,-0.0949643066211614,0.1421246580446524,843,72,0.00158295516735159,0.01186669331854771,0.8938811586251514,-0.01888194857986645,0.11100702557909964,0.8649339480766187,16.58204190787058
4,backsliding_Nyr,Y_cspart,Civil society,vdem_particip,instr-antiplural_w4_trt-ert_gapany_illibany_lrstraddle_exclyr,backsliding_Nyr,866,74,-0.0949643066211614,0.1421246580446524,843,72,-0.00448389253173821,0.01585003870160835,0.7772575290433366,0.02737095285186273,0.16207990911700723,0.8658963799875273,18.95677327306247
4,backsliding_Nyr,Y_dd,Direct democracy,vdem_particip,instr-antiplural_w4_trt-ert_gapany_illibany_lrstraddle_exclyr,backsliding_Nyr,866,74,-0.0949643066211614,0.1421246580446524,843,72,-9.708694092905829e-5,0.01568910983276961,0.9950625830492784,0.01023478625857132,0.15477879520530602,0.947278109633062,22.686773327448456
4,backsliding_Nyr,Y_locelec,Local elections,vdem_particip,instr-antiplural_w4_trt-ert_gapany_illibany_lrstraddle_exclyr,backsliding_Nyr,866,74,-0.0949643066211614,0.1421246580446524,836,71,-0.00258599864052913,0.01658376190971741,0.8760837943979667,-0.00400502320878049,0.14791741387302795,0.9783990559778027,15.199277759417797
4,backsliding_Nyr,Y_regelec,Regional elections,vdem_particip,instr-antiplural_w4_trt-ert_gapany_illibany_lrstraddle_exclyr,backsliding_Nyr,866,74,-0.0949643066211614,0.1421246580446524,843,72,-0.06294151629894906,0.03011523127415711,0.03661576264864524,0.4438828049925874,0.36242167281060056,0.2206622939102694,20.2842581307151
4,backsliding_Nyr,Y_delib,Deliberation,vdem_egal_delib,instr-antiplural_w4_trt-ert_gapany_illibany_lrstraddle_exclyr,backsliding_Nyr,866,74,-0.0949643066211614,0.1421246580446524,843,72,0.01451268946895198,0.02046827679268162,0.47830382365170215,-0.1410805406152218,0.20899273469117405,0.4996440137722507,18.264011235748736
4,backsliding_Nyr,Y_eqprotec,Equal protection,vdem_egal_delib,instr-antiplural_w4_trt-ert_gapany_illibany_lrstraddle_exclyr,backsliding_Nyr,866,74,-0.0949643066211614,0.1421246580446524,843,72,-0.01205398790981444,0.01246880103423789,0.33367806791671784,0.10474096609721847,0.13583482772098884,0.440653200088488,17.501288851820025
4,backsliding_Nyr,Y_eqaccess,Equal access,vdem_egal_delib,instr-antiplural_w4_trt-ert_gapany_illibany_lrstraddle_exclyr,backsliding_Nyr,866,74,-0.0949643066211614,0.1421246580446524,843,72,-0.00468302632836853,0.01216513840921444,0.7002710316137761,0.03226534147016677,0.1153861923820987,0.7797620499330485,16.899448802199377
4,backsliding_Nyr,Y_eqdr,Equal distribution,vdem_egal_delib,instr-antiplural_w4_trt-ert_gapany_illibany_lrstraddle_exclyr,backsliding_Nyr,866,74,-0.0949643066211614,0.1421246580446524,843,72,-0.00397456109911472,0.00974842166340314,0.6834841769727568,0.01430364644586534,0.09272669039532538,0.8774079051327033,18.808646494714896
4,backsliding_union_Nyr,Y_gdp_growth,PWT,growth,instr-antiplural_w4_trt-ertOrDdcg_gapany_illibany_lrstraddle_exclyr,backsliding_union_Nyr,866,88,-0.09935929774450732,0.124982404636106,796,80,-0.05346511858083865,0.03129841322277265,0.08759231007903504,0.3140201900468331,0.5099749455258079,0.5380554968536126,21.291527998409972
4,backsliding_union_Nyr,Y_gdp_growth_wb,World Bank,growth,instr-antiplural_w4_trt-ertOrDdcg_gapany_illibany_lrstraddle_exclyr,backsliding_union_Nyr,866,88,-0.09935929774450732,0.124982404636106,808,86,-0.02953268879133842,0.02382780368337429,0.2151894960203362,0.24621691584511263,0.3500344922763143,0.4818017827863018,20.15256090123657
4,backsliding_union_Nyr,Y_gdp_growth_imf,IMF WEO,growth,instr-antiplural_w4_trt-ertOrDdcg_gapany_illibany_lrstraddle_exclyr,backsliding_union_Nyr,866,88,-0.09935929774450732,0.124982404636106,614,72,-0.02274431501946665,0.02544912951813992,0.3714734254251255,0.1852207230905465,0.3071207374565093,0.5464503833706462,19.23552066589643
4,backsliding_union_Nyr,Y_inflation,"CPI, cumulative log",inflation,instr-antiplural_w4_trt-ertOrDdcg_gapany_illibany_lrstraddle_exclyr,backsliding_union_Nyr,866,88,-0.09935929774450732,0.124982404636106,737,78,-0.02078268170863295,0.15674721824186036,0.8945198209718533,0.5312099567522619,1.9077797597479136,0.7806714952469305,16.629813003620463
4,backsliding_union_Nyr,Y_unemployment,Unemployment rate,unemployment,instr-antiplural_w4_trt-ertOrDdcg_gapany_illibany_lrstraddle_exclyr,backsliding_union_Nyr,866,88,-0.09935929774450732,0.124982404636106,591,77,-0.3764023292691463,0.7250404581472444,0.6036584750327705,3.554762685683932,5.820534289492963,0.5413797320619335,18.457024986379963
4,backsliding_union_Nyr,Y_trade_pct_gdp,Trade / GDP,trade,instr-antiplural_w4_trt-ertOrDdcg_gapany_illibany_lrstraddle_exclyr,backsliding_union_Nyr,866,88,-0.09935929774450732,0.124982404636106,735,79,-1.4227941541055635,2.8705246621050797,0.6201367957974795,14.547136158884104,34.86799636610972,0.6765277606758145,17.989705065972743
4,backsliding_union_Nyr,Y_top10_share,Top-10% income share,top10,instr-antiplural_w4_trt-ertOrDdcg_gapany_illibany_lrstraddle_exclyr,backsliding_union_Nyr,866,88,-0.09935929774450732,0.124982404636106,765,82,-0.3640513785677653,0.6344523047859247,0.5661003261584546,3.001923115662676,6.576527978898402,0.6480591022065669,20.46916783897219
4,backsliding_union_Nyr,Y_gini_disp,Disposable,gini,instr-antiplural_w4_trt-ertOrDdcg_gapany_illibany_lrstraddle_exclyr,backsliding_union_Nyr,866,88,-0.09935929774450732,0.124982404636106,667,69,0.4348489524006381,0.3485359291663204,0.2121612561693947,-3.4019747881262306,4.1795271835397285,0.4156669284861651,19.017513491425444
4,backsliding_union_Nyr,Y_gini_mkt,Market,gini,instr-antiplural_w4_trt-ertOrDdcg_gapany_illibany_lrstraddle_exclyr,backsliding_union_Nyr,866,88,-0.09935929774450732,0.124982404636106,667,69,0.2716520514340268,0.35951093714061183,0.4498797351243557,-2.12918230012476,3.87991117736949,0.5831626915547088,17.37283306421675
4,backsliding_union_Nyr,Y_debt,Debt / GDP,fiscal,instr-antiplural_w4_trt-ertOrDdcg_gapany_illibany_lrstraddle_exclyr,backsliding_union_Nyr,866,88,-0.09935929774450732,0.124982404636106,790,84,0.6639733314768419,5.765160335613135,0.9083104022983814,-7.523871800415387,62.90263909579766,0.9047910003253664,20.3276259427229
4,backsliding_union_Nyr,Y_deficit,Deficit / GDP,fiscal,instr-antiplural_w4_trt-ertOrDdcg_gapany_illibany_lrstraddle_exclyr,backsliding_union_Nyr,866,88,-0.09935929774450732,0.124982404636106,718,75,1.2349175278409872,1.2400464127006572,0.3193162496844597,-11.029728370420818,16.029810144090682,0.4914048945942768,17.56399839613137
4,backsliding_union_Nyr,Y_checks_balances,Checks & balances,institutions,instr-antiplural_w4_trt-ertOrDdcg_gapany_illibany_lrstraddle_exclyr,backsliding_union_Nyr,866,88,-0.09935929774450732,0.124982404636106,827,80,0.01797819136653698,0.01708407171577036,0.29264521445397407,-0.17474416915579297,0.20352990535600995,0.3905791557544917,20.8990953426888
4,backsliding_union_Nyr,Y_jucon,Judicial constraints,institutions,instr-antiplural_w4_trt-ertOrDdcg_gapany_illibany_lrstraddle_exclyr,backsliding_union_Nyr,866,88,-0.09935929774450732,0.124982404636106,843,86,0.00161862446591876,0.01602476183343619,0.9195443412811016,-0.08003305941971625,0.16184788187395935,0.6209562393500608,19.210009817329027
4,backsliding_union_Nyr,Y_legcon,Legislative constraints,institutions,instr-antiplural_w4_trt-ertOrDdcg_gapany_illibany_lrstraddle_exclyr,backsliding_union_Nyr,866,88,-0.09935929774450732,0.124982404636106,827,80,0.02595252191494291,0.02234786101319032,0.24552081233014172,-0.21765052077973407,0.2584748450375564,0.3997561176127653,21.539475131177117
4,backsliding_union_Nyr,Y_hos_power,HOS,exec_power,instr-antiplural_w4_trt-ertOrDdcg_gapany_illibany_lrstraddle_exclyr,backsliding_union_Nyr,866,88,-0.09935929774450732,0.124982404636106,843,86,0.01169853040461603,0.01518549915101423,0.4410774203096256,-0.05166717582114041,0.17988709337881942,0.7739438527208315,18.217338870469145
4,backsliding_union_Nyr,Y_hog_power,HOG,exec_power,instr-antiplural_w4_trt-ertOrDdcg_gapany_illibany_lrstraddle_exclyr,backsliding_union_Nyr,866,88,-0.09935929774450732,0.124982404636106,447,53,0.00399837112969299,0.01377812657350963,0.771665523814039,-0.08873745852065089,0.31821435269871395,0.7803517743438679,18.520775351078132
4,backsliding_union_Nyr,Y_hos_power_vdem,HOS (v2ex_hosw),exec_power_alt,instr-antiplural_w4_trt-ertOrDdcg_gapany_illibany_lrstraddle_exclyr,backsliding_union_Nyr,866,88,-0.09935929774450732,0.124982404636106,843,86,0.01732486076509212,0.02352811930138924,0.46151953197600015,-0.10668275613718346,0.24883383648511287,0.6681190664433463,16.650949076545416
4,backsliding_union_Nyr,Y_hog_power_vdem,HOG (v2ex_hogw),exec_power_alt,instr-antiplural_w4_trt-ertOrDdcg_gapany_illibany_lrstraddle_exclyr,backsliding_union_Nyr,866,88,-0.09935929774450732,0.124982404636106,843,86,-0.00588445548674554,0.02230952412054337,0.7919615632795014,0.0081230627424055,0.2236339746098837,0.971024789716197,17.91953903123368
4,backsliding_union_Nyr,Y_polyarchy,Electoral (polyarchy),vdem_high,instr-antiplural_w4_trt-ertOrDdcg_gapany_illibany_lrstraddle_exclyr,backsliding_union_Nyr,866,88,-0.09935929774450732,0.124982404636106,843,86,0.0092184709578025,0.01543531935904408,0.5503523110128277,-0.11790315476895954,0.16667840988337485,0.47933714172741976,17.552732417550587
4,backsliding_union_Nyr,Y_libdem,Liberal,vdem_high,instr-antiplural_w4_trt-ertOrDdcg_gapany_illibany_lrstraddle_exclyr,backsliding_union_Nyr,866,88,-0.09935929774450732,0.124982404636106,843,86,0.01207900466210074,0.01577923758581265,0.4439739309480823,-0.12544778233556883,0.16489520553134562,0.4467928010493482,18.139153223579132
4,backsliding_union_Nyr,Y_partipdem,Participatory,vdem_high,instr-antiplural_w4_trt-ertOrDdcg_gapany_illibany_lrstraddle_exclyr,backsliding_union_Nyr,866,88,-0.09935929774450732,0.124982404636106,843,86,0.00573613312466664,0.01266464818427966,0.6506028991968824,-0.05543101839327544,0.12615642838030527,0.6603838791842538,18.952569730681223
4,backsliding_union_Nyr,Y_delibdem,Deliberative,vdem_high,instr-antiplural_w4_trt-ertOrDdcg_gapany_illibany_lrstraddle_exclyr,backsliding_union_Nyr,866,88,-0.09935929774450732,0.124982404636106,843,86,0.01302309130347068,0.0178216980222697,0.4649357949262699,-0.11056819322607724,0.18358604954724256,0.5469950679427942,20.180866155581896
4,backsliding_union_Nyr,Y_egaldem,Egalitarian,vdem_high,instr-antiplural_w4_trt-ertOrDdcg_gapany_illibany_lrstraddle_exclyr,backsliding_union_Nyr,866,88,-0.09935929774450732,0.124982404636106,843,86,0.00593639309753815,0.01226671700465287,0.6284262488322794,-0.06078044462346553,0.12466631968950836,0.625872139599098,18.794505540910993
4,backsliding_union_Nyr,Y_elecoff,Elected officials,vdem_electoral,instr-antiplural_w4_trt-ertOrDdcg_gapany_illibany_lrstraddle_exclyr,backsliding_union_Nyr,866,88,-0.09935929774450732,0.124982404636106,843,86,-0.00533129449634538,0.03839043197339897,0.8895525647126845,0.04477697734419,0.36415909232319105,0.9021388265119707,16.515883705160665
4,backsliding_union_Nyr,Y_frefair,Clean elections,vdem_electoral,instr-antiplural_w4_trt-ertOrDdcg_gapany_illibany_lrstraddle_exclyr,backsliding_union_Nyr,866,88,-0.09935929774450732,0.124982404636106,843,86,0.00943702326629457,0.02066494933972824,0.6479096188886793,-0.11173666500330058,0.2160758201679814,0.6050738891218963,18.28475107108235
4,backsliding_union_Nyr,Y_frassoc,Association,vdem_electoral,instr-antiplural_w4_trt-ertOrDdcg_gapany_illibany_lrstraddle_exclyr,backsliding_union_Nyr,866,88,-0.09935929774450732,0.124982404636106,843,86,-2.887648176165608e-4,0.014589970835448,0.9842092934309736,-0.01390416592265303,0.14509540749070698,0.9236573802687056,17.119177348675027
4,backsliding_union_Nyr,Y_suffr,Suffrage,vdem_electoral,instr-antiplural_w4_trt-ertOrDdcg_gapany_illibany_lrstraddle_exclyr,backsliding_union_Nyr,866,88,-0.09935929774450732,0.124982404636106,843,86,0.00797500257303721,0.01240759433027437,0.5203852165647702,-0.09237275794874696,0.12211830937440564,0.44939729108276893,19.309880300936904
4,backsliding_union_Nyr,Y_freexp,Expression & alt. info,vdem_electoral,instr-antiplural_w4_trt-ertOrDdcg_gapany_illibany_lrstraddle_exclyr,backsliding_union_Nyr,866,88,-0.09935929774450732,0.124982404636106,843,86,0.00417605287842741,0.01499442568554356,0.7806231736724928,-0.04295826393854153,0.15231641097419127,0.7779181582897386,17.87572244319386
4,backsliding_union_Nyr,Y_cl_rol,Rule of law,vdem_liberal,instr-antiplural_w4_trt-ertOrDdcg_gapany_illibany_lrstraddle_exclyr,backsliding_union_Nyr,866,88,-0.09935929774450732,0.124982404636106,843,86,0.00158295516735159,0.01186669331854771,0.8938811586251514,-0.013425259515481021,0.11511291992202684,0.9071557440625811,19.46535596408657
4,backsliding_union_Nyr,Y_cspart,Civil society,vdem_particip,instr-antiplural_w4_trt-ertOrDdcg_gapany_illibany_lrstraddle_exclyr,backsliding_union_Nyr,866,88,-0.09935929774450732,0.124982404636106,843,86,-0.00448389253173821,0.01585003870160835,0.7772575290433366,0.02707005690050056,0.16272763618167377,0.8678799983842138,19.20453074583908
4,backsliding_union_Nyr,Y_dd,Direct democracy,vdem_particip,instr-antiplural_w4_trt-ertOrDdcg_gapany_illibany_lrstraddle_exclyr,backsliding_union_Nyr,866,88,-0.09935929774450732,0.124982404636106,843,86,-9.708694092905829e-5,0.01568910983276961,0.9950625830492784,0.00338270065572513,0.15270841759822124,0.9823272092024924,21.01626802148159
4,backsliding_union_Nyr,Y_locelec,Local elections,vdem_particip,instr-antiplural_w4_trt-ertOrDdcg_gapany_illibany_lrstraddle_exclyr,backsliding_union_Nyr,866,88,-0.09935929774450732,0.124982404636106,836,85,-0.00258599864052913,0.01658376190971741,0.8760837943979667,0.00689683350632618,0.15958875453630655,0.9655291216281348,14.759526861800184
4,backsliding_union_Nyr,Y_regelec,Regional elections,vdem_particip,instr-antiplural_w4_trt-ertOrDdcg_gapany_illibany_lrstraddle_exclyr,backsliding_union_Nyr,866,88,-0.09935929774450732,0.124982404636106,843,86,-0.06294151629894906,0.03011523127415711,0.03661576264864524,0.5288485700093047,0.3976733466811246,0.1835654856330767,16.63585633244241
4,backsliding_union_Nyr,Y_delib,Deliberation,vdem_egal_delib,instr-antiplural_w4_trt-ertOrDdcg_gapany_illibany_lrstraddle_exclyr,backsliding_union_Nyr,866,88,-0.09935929774450732,0.124982404636106,843,86,0.01451268946895198,0.02046827679268162,0.47830382365170215,-0.13640641558888109,0.21427017218854932,0.5243792708701362,19.006462731947448
4,backsliding_union_Nyr,Y_eqprotec,Equal protection,vdem_egal_delib,instr-antiplural_w4_trt-ertOrDdcg_gapany_illibany_lrstraddle_exclyr,backsliding_union_Nyr,866,88,-0.09935929774450732,0.124982404636106,843,86,-0.01205398790981444,0.01246880103423789,0.33367806791671784,0.1047591612151498,0.1411813320268353,0.4580761226124371,18.711167357051053
4,backsliding_union_Nyr,Y_eqaccess,Equal access,vdem_egal_delib,instr-antiplural_w4_trt-ertOrDdcg_gapany_illibany_lrstraddle_exclyr,backsliding_union_Nyr,866,88,-0.09935929774450732,0.124982404636106,843,86,-0.00468302632836853,0.01216513840921444,0.7002710316137761,0.01613294763099509,0.1166580658471566,0.8900091709933016,19.253637553905957
4,backsliding_union_Nyr,Y_eqdr,Equal distribution,vdem_egal_delib,instr-antiplural_w4_trt-ertOrDdcg_gapany_illibany_lrstraddle_exclyr,backsliding_union_Nyr,866,88,-0.09935929774450732,0.124982404636106,843,86,-0.00397456109911472,0.00974842166340314,0.6834841769727568,0.01836371351942228,0.09403972945698214,0.8451767904608422,18.336537117326
4,polyarchy_decline,Y_gdp_growth,PWT,growth,instr-antiplural_w4_trt-polyarchy_gapany_illibany_lrstraddle_exclyr,polyarchy_decline,843,339,-0.0092184709578025,0.5503523110128277,796,312,-0.05346511858083865,0.03129841322277265,0.08759231007903504,-0.9541323057648424,56.54538614681494,0.9865373399472932,14.088099049786695
4,polyarchy_decline,Y_gdp_growth_wb,World Bank,growth,instr-antiplural_w4_trt-polyarchy_gapany_illibany_lrstraddle_exclyr,polyarchy_decline,843,339,-0.0092184709578025,0.5503523110128277,808,325,-0.02953268879133842,0.02382780368337429,0.2151894960203362,-0.43444902633212656,37.57553603520707,0.9907750498292772,14.685927827912568
4,polyarchy_decline,Y_gdp_growth_imf,IMF WEO,growth,instr-antiplural_w4_trt-polyarchy_gapany_illibany_lrstraddle_exclyr,polyarchy_decline,843,339,-0.0092184709578025,0.5503523110128277,614,263,-0.02274431501946665,0.02544912951813992,0.3714734254251255,-27.58978892739658,122.46850652243434,0.8217609253461836,15.670696711202323
4,polyarchy_decline,Y_inflation,"CPI, cumulative log",inflation,instr-antiplural_w4_trt-polyarchy_gapany_illibany_lrstraddle_exclyr,polyarchy_decline,843,339,-0.0092184709578025,0.5503523110128277,737,297,-0.02078268170863295,0.15674721824186036,0.8945198209718533,-7.677245515622268,121.08445129604549,0.9494447563150096,15.523248392786297
4,polyarchy_decline,Y_unemployment,Unemployment rate,unemployment,instr-antiplural_w4_trt-polyarchy_gapany_illibany_lrstraddle_exclyr,polyarchy_decline,843,339,-0.0092184709578025,0.5503523110128277,591,290,-0.3764023292691463,0.7250404581472444,0.6036584750327705,-64.80608863462662,145.58161148477905,0.6562092017426968,15.107883650222997
4,polyarchy_decline,Y_trade_pct_gdp,Trade / GDP,trade,instr-antiplural_w4_trt-polyarchy_gapany_illibany_lrstraddle_exclyr,polyarchy_decline,843,339,-0.0092184709578025,0.5503523110128277,735,291,-1.4227941541055635,2.8705246621050797,0.6201367957974795,278.6790114670638,906.8926062496666,0.7586226612601024,21.529195747901575
4,polyarchy_decline,Y_top10_share,Top-10% income share,top10,instr-antiplural_w4_trt-polyarchy_gapany_illibany_lrstraddle_exclyr,polyarchy_decline,843,339,-0.0092184709578025,0.5503523110128277,765,319,-0.3640513785677653,0.6344523047859247,0.5661003261584546,-78.82780692134486,635.8259051133019,0.9013334626245904,20.71345110287861
4,polyarchy_decline,Y_gini_disp,Disposable,gini,instr-antiplural_w4_trt-polyarchy_gapany_illibany_lrstraddle_exclyr,polyarchy_decline,843,339,-0.0092184709578025,0.5503523110128277,667,268,0.4348489524006381,0.3485359291663204,0.2121612561693947,75.48560509924019,1041.9543579870776,0.9422468410037448,17.62445661420955
4,polyarchy_decline,Y_gini_mkt,Market,gini,instr-antiplural_w4_trt-polyarchy_gapany_illibany_lrstraddle_exclyr,polyarchy_decline,843,339,-0.0092184709578025,0.5503523110128277,667,268,0.2716520514340268,0.35951093714061183,0.4498797351243557,2702.2730332765314,16879.942554418198,0.8728119036901588,21.59711666535209
4,polyarchy_decline,Y_debt,Debt / GDP,fiscal,instr-antiplural_w4_trt-polyarchy_gapany_illibany_lrstraddle_exclyr,polyarchy_decline,843,339,-0.0092184709578025,0.5503523110128277,790,321,0.6639733314768419,5.765160335613135,0.9083104022983814,-109.91508031861208,1157.404161446333,0.92434112142632,14.791343325982377
4,polyarchy_decline,Y_deficit,Deficit / GDP,fiscal,instr-antiplural_w4_trt-polyarchy_gapany_illibany_lrstraddle_exclyr,polyarchy_decline,843,339,-0.0092184709578025,0.5503523110128277,718,303,1.2349175278409872,1.2400464127006572,0.3193162496844597,9.559135569986807,626.7077612678762,0.9878303869449958,19.180066317434065
4,polyarchy_decline,Y_checks_balances,Checks & balances,institutions,instr-antiplural_w4_trt-polyarchy_gapany_illibany_lrstraddle_exclyr,polyarchy_decline,843,339,-0.0092184709578025,0.5503523110128277,827,338,0.01797819136653698,0.01708407171577036,0.29264521445397407,-0.5917044521934374,1.7200940256621566,0.7308497368446653,14.37963840210894
4,polyarchy_decline,Y_jucon,Judicial constraints,institutions,instr-antiplural_w4_trt-polyarchy_gapany_illibany_lrstraddle_exclyr,polyarchy_decline,843,339,-0.0092184709578025,0.5503523110128277,843,339,0.00161862446591876,0.01602476183343619,0.9195443412811016,1.3791786611082637,8.178994144366449,0.8660920214778135,13.355915953388031
4,polyarchy_decline,Y_legcon,Legislative constraints,institutions,instr-antiplural_w4_trt-polyarchy_gapany_illibany_lrstraddle_exclyr,polyarchy_decline,843,339,-0.0092184709578025,0.5503523110128277,827,338,0.02595252191494291,0.02234786101319032,0.24552081233014172,-1.0951822824253543,2.59909819282953,0.6734848443803799,14.28922760305477
4,polyarchy_decline,Y_hos_power,HOS,exec_power,instr-antiplural_w4_trt-polyarchy_gapany_illibany_lrstraddle_exclyr,polyarchy_decline,843,339,-0.0092184709578025,0.5503523110128277,843,339,0.01169853040461603,0.01518549915101423,0.4410774203096256,-0.13250092516246623,3.814452834973397,0.9722898171693102,17.553045820925913
4,polyarchy_decline,Y_hog_power,HOG,exec_power,instr-antiplural_w4_trt-polyarchy_gapany_illibany_lrstraddle_exclyr,polyarchy_decline,843,339,-0.0092184709578025,0.5503523110128277,447,178,0.00399837112969299,0.01377812657350963,0.771665523814039,-0.08712422523229496,3.4948042757716915,0.9801110823619475,16.7807448192653
4,polyarchy_decline,Y_hos_power_vdem,HOS (v2ex_hosw),exec_power_alt,instr-antiplural_w4_trt-polyarchy_gapany_illibany_lrstraddle_exclyr,polyarchy_decline,843,339,-0.0092184709578025,0.5503523110128277,843,339,0.01732486076509212,0.02352811930138924,0.46151953197600015,-0.51905557647411,10.189874255112848,0.9593746310150856,15.991307456529867
4,polyarchy_decline,Y_hog_power_vdem,HOG (v2ex_hogw),exec_power_alt,instr-antiplural_w4_trt-polyarchy_gapany_illibany_lrstraddle_exclyr,polyarchy_decline,843,339,-0.0092184709578025,0.5503523110128277,843,339,-0.00588445548674554,0.02230952412054337,0.7919615632795014,-0.1868145984232248,5.503792133540838,0.9729226934216468,15.91520065619401
4,polyarchy_decline,Y_polyarchy,Electoral (polyarchy),vdem_high,instr-antiplural_w4_trt-polyarchy_gapany_illibany_lrstraddle_exclyr,polyarchy_decline,843,339,-0.0092184709578025,0.5503523110128277,843,339,0.0092184709578025,0.01543531935904408,0.5503523110128277,-1.0000000000000002,4.588117638982969e-16,0,17.275818769760836
4,polyarchy_decline,Y_libdem,Liberal,vdem_high,instr-antiplural_w4_trt-polyarchy_gapany_illibany_lrstraddle_exclyr,polyarchy_decline,843,339,-0.0092184709578025,0.5503523110128277,843,339,0.01207900466210074,0.01577923758581265,0.4439739309480823,-0.42805297186291913,3.0160829371097044,0.8871404514942033,13.939094610138108
4,polyarchy_decline,Y_partipdem,Participatory,vdem_high,instr-antiplural_w4_trt-polyarchy_gapany_illibany_lrstraddle_exclyr,polyarchy_decline,843,339,-0.0092184709578025,0.5503523110128277,843,339,0.00573613312466664,0.01266464818427966,0.6506028991968824,-0.5921983974666616,1.2368924449605665,0.6320957026653723,16.581067629179948
4,polyarchy_decline,Y_delibdem,Deliberative,vdem_high,instr-antiplural_w4_trt-polyarchy_gapany_illibany_lrstraddle_exclyr,polyarchy_decline,843,339,-0.0092184709578025,0.5503523110128277,843,339,0.01302309130347068,0.0178216980222697,0.4649357949262699,-0.7859334754871672,1.4562541877973922,0.5894072127225608,19.3817772010281
4,polyarchy_decline,Y_egaldem,Egalitarian,vdem_high,instr-antiplural_w4_trt-polyarchy_gapany_illibany_lrstraddle_exclyr,polyarchy_decline,843,339,-0.0092184709578025,0.5503523110128277,843,339,0.00593639309753815,0.01226671700465287,0.6284262488322794,-0.8607857379114241,4.482246142323391,0.8477082186919135,14.258883418172235
4,polyarchy_decline,Y_elecoff,Elected officials,vdem_electoral,instr-antiplural_w4_trt-polyarchy_gapany_illibany_lrstraddle_exclyr,polyarchy_decline,843,339,-0.0092184709578025,0.5503523110128277,843,339,-0.00533129449634538,0.03839043197339897,0.8895525647126845,-2.6891193031786473,26.722731476423025,0.9198438591561998,14.6680485061841
4,polyarchy_decline,Y_frefair,Clean elections,vdem_electoral,instr-antiplural_w4_trt-polyarchy_gapany_illibany_lrstraddle_exclyr,polyarchy_decline,843,339,-0.0092184709578025,0.5503523110128277,843,339,0.00943702326629457,0.02066494933972824,0.6479096188886793,-0.878158575972182,1.6885360594296404,0.6030141152454618,18.657393988239065
4,polyarchy_decline,Y_frassoc,Association,vdem_electoral,instr-antiplural_w4_trt-polyarchy_gapany_illibany_lrstraddle_exclyr,polyarchy_decline,843,339,-0.0092184709578025,0.5503523110128277,843,339,-2.887648176165608e-4,0.014589970835448,0.9842092934309736,-0.6080430901848153,2.6732738201749684,0.8200718203158827,17.10838877705367
4,polyarchy_decline,Y_suffr,Suffrage,vdem_electoral,instr-antiplural_w4_trt-polyarchy_gapany_illibany_lrstraddle_exclyr,polyarchy_decline,843,339,-0.0092184709578025,0.5503523110128277,843,339,0.00797500257303721,0.01240759433027437,0.5203852165647702,-1.3188113654659794,6.617168299946818,0.8420269298135977,11.766690896285484
4,polyarchy_decline,Y_freexp,Expression & alt. info,vdem_electoral,instr-antiplural_w4_trt-polyarchy_gapany_illibany_lrstraddle_exclyr,polyarchy_decline,843,339,-0.0092184709578025,0.5503523110128277,843,339,0.00417605287842741,0.01499442568554356,0.7806231736724928,-0.5313368757083456,2.922170074394818,0.8557164918989458,16.48055654360243
4,polyarchy_decline,Y_cl_rol,Rule of law,vdem_liberal,instr-antiplural_w4_trt-polyarchy_gapany_illibany_lrstraddle_exclyr,polyarchy_decline,843,339,-0.0092184709578025,0.5503523110128277,843,339,0.00158295516735159,0.01186669331854771,0.8938811586251514,-0.3139820648874011,1.777525159078486,0.8597911634476249,18.74053738696082
4,polyarchy_decline,Y_cspart,Civil society,vdem_particip,instr-antiplural_w4_trt-polyarchy_gapany_illibany_lrstraddle_exclyr,polyarchy_decline,843,339,-0.0092184709578025,0.5503523110128277,843,339,-0.00448389253173821,0.01585003870160835,0.7772575290433366,-2.081669112168249,27.054488379762063,0.938668430777486,14.18452008554296
4,polyarchy_decline,Y_dd,Direct democracy,vdem_particip,instr-antiplural_w4_trt-polyarchy_gapany_illibany_lrstraddle_exclyr,polyarchy_decline,843,339,-0.0092184709578025,0.5503523110128277,843,339,-9.708694092905829e-5,0.01568910983276961,0.9950625830492784,-0.12961361616120912,2.187063506694318,0.9527420222666856,18.32694736114154
4,polyarchy_decline,Y_locelec,Local elections,vdem_particip,instr-antiplural_w4_trt-polyarchy_gapany_illibany_lrstraddle_exclyr,polyarchy_decline,843,339,-0.0092184709578025,0.5503523110128277,836,335,-0.00258599864052913,0.01658376190971741,0.8760837943979667,-2.6512324778400354,21.55393759862188,0.9021034919099924,14.050035669017314
4,polyarchy_decline,Y_regelec,Regional elections,vdem_particip,instr-antiplural_w4_trt-polyarchy_gapany_illibany_lrstraddle_exclyr,polyarchy_decline,843,339,-0.0092184709578025,0.5503523110128277,843,339,-0.06294151629894906,0.03011523127415711,0.03661576264864524,-23.878169507904005,170.13836450037098,0.88838694346289,14.012497553901506
4,polyarchy_decline,Y_delib,Deliberation,vdem_egal_delib,instr-antiplural_w4_trt-polyarchy_gapany_illibany_lrstraddle_exclyr,polyarchy_decline,843,339,-0.0092184709578025,0.5503523110128277,843,339,0.01451268946895198,0.02046827679268162,0.47830382365170215,-0.6248987765402598,3.0200170078953796,0.836073149503993,17.72315746685639
4,polyarchy_decline,Y_eqprotec,Equal protection,vdem_egal_delib,instr-antiplural_w4_trt-polyarchy_gapany_illibany_lrstraddle_exclyr,polyarchy_decline,843,339,-0.0092184709578025,0.5503523110128277,843,339,-0.01205398790981444,0.01246880103423789,0.33367806791671784,0.4580447345199774,17.49877246687629,0.979117101379073,14.595687498702617
4,polyarchy_decline,Y_eqaccess,Equal access,vdem_egal_delib,instr-antiplural_w4_trt-polyarchy_gapany_illibany_lrstraddle_exclyr,polyarchy_decline,843,339,-0.0092184709578025,0.5503523110128277,843,339,-0.00468302632836853,0.01216513840921444,0.7002710316137761,0.08953773168610368,7.4179926142815775,0.9903694917567772,14.79035899246706
4,polyarchy_decline,Y_eqdr,Equal distribution,vdem_egal_delib,instr-antiplural_w4_trt-polyarchy_gapany_illibany_lrstraddle_exclyr,polyarchy_decline,843,339,-0.0092184709578025,0.5503523110128277,843,339,-0.00397456109911472,0.00974842166340314,0.6834841769727568,0.3714671524688163,3.672824626137442,0.9194398290540132,15.268018093334051
5,backsliding_Nyr,Y_gdp_growth,PWT,growth,instr-antiplural_w5_trt-ert_gapany_illibany_lrstraddle_exclyr,backsliding_Nyr,866,94,-0.09021311958594576,0.20199826071732957,770,82,-0.0674781540622595,0.03354461063104943,0.04426270024729876,0.4269467947455273,0.6170984000878722,0.4890241374099137,23.173013885059248
5,backsliding_Nyr,Y_gdp_growth_wb,World Bank,growth,instr-antiplural_w5_trt-ert_gapany_illibany_lrstraddle_exclyr,backsliding_Nyr,866,94,-0.09021311958594576,0.20199826071732957,786,86,-0.03437440968789596,0.02697263484237863,0.20251533829112556,0.24349640017074176,0.3835145887106328,0.5254885557569671,23.799780965899515
5,backsliding_Nyr,Y_gdp_growth_imf,IMF WEO,growth,instr-antiplural_w5_trt-ert_gapany_illibany_lrstraddle_exclyr,backsliding_Nyr,866,94,-0.09021311958594576,0.20199826071732957,594,69,-0.02829425464694562,0.02748493635813274,0.30327019640934355,0.17227096901552735,0.24863265449437977,0.48838896283921907,19.198726866017054
5,backsliding_Nyr,Y_inflation,"CPI, cumulative log",inflation,instr-antiplural_w5_trt-ert_gapany_illibany_lrstraddle_exclyr,backsliding_Nyr,866,94,-0.09021311958594576,0.20199826071732957,717,79,-0.05765882240969056,0.184361630702814,0.7544717492099162,1.046842786292201,1.6838732347991592,0.5341474332667606,16.969391802839912
5,backsliding_Nyr,Y_unemployment,Unemployment rate,unemployment,instr-antiplural_w5_trt-ert_gapany_illibany_lrstraddle_exclyr,backsliding_Nyr,866,94,-0.09021311958594576,0.20199826071732957,574,85,-0.17090971708600552,0.7197178281978366,0.8122939960795493,1.5587582160787992,5.7283444872542,0.7855349712610493,21.218539927341467
5,backsliding_Nyr,Y_trade_pct_gdp,Trade / GDP,trade,instr-antiplural_w5_trt-ert_gapany_illibany_lrstraddle_exclyr,backsliding_Nyr,866,94,-0.09021311958594576,0.20199826071732957,717,80,-0.2692979474871029,3.1701611065542994,0.9323029564351516,0.9840053324223108,31.355668762796245,0.9749648518648736,20.514547580308548
5,backsliding_Nyr,Y_top10_share,Top-10% income share,top10,instr-antiplural_w5_trt-ert_gapany_illibany_lrstraddle_exclyr,backsliding_Nyr,866,94,-0.09021311958594576,0.20199826071732957,740,82,-0.3706397288696643,0.5995697837129981,0.5364592426082357,3.4304373906216665,7.081812782668629,0.6281012891442643,20.0440684060126
5,backsliding_Nyr,Y_gini_disp,Disposable,gini,instr-antiplural_w5_trt-ert_gapany_illibany_lrstraddle_exclyr,backsliding_Nyr,866,94,-0.09021311958594576,0.20199826071732957,642,71,0.43925455683412173,0.38472350406498834,0.2535617378491808,-3.666544376067477,4.456395527947991,0.41064443761746994,18.944171075555133
5,backsliding_Nyr,Y_gini_mkt,Market,gini,instr-antiplural_w5_trt-ert_gapany_illibany_lrstraddle_exclyr,backsliding_Nyr,866,94,-0.09021311958594576,0.20199826071732957,642,71,0.39622682336107545,0.3973656049215008,0.31869938821564997,-3.640741230650925,4.559017316216867,0.42453383796510574,17.46722678858609
5,backsliding_Nyr,Y_debt,Debt / GDP,fiscal,instr-antiplural_w5_trt-ert_gapany_illibany_lrstraddle_exclyr,backsliding_Nyr,866,94,-0.09021311958594576,0.20199826071732957,764,86,3.0856661086845514,8.97327483093656,0.7309418672049739,-24.26279050226923,100.3554938693384,0.8089596001316112,21.292192043688843
5,backsliding_Nyr,Y_deficit,Deficit / GDP,fiscal,instr-antiplural_w5_trt-ert_gapany_illibany_lrstraddle_exclyr,backsliding_Nyr,866,94,-0.09021311958594576,0.20199826071732957,692,79,2.3339298010849507,3.262265736153807,0.4743420502367676,-22.486203104855495,36.42732181932397,0.5370437943114563,18.97597593460956
5,backsliding_Nyr,Y_checks_balances,Checks & balances,institutions,instr-antiplural_w5_trt-ert_gapany_illibany_lrstraddle_exclyr,backsliding_Nyr,866,94,-0.09021311958594576,0.20199826071732957,808,89,0.02517213766667846,0.01820014350279704,0.16664230510778205,-0.21586581250022777,0.2036662007489412,0.2891900815323521,20.844222442891745
5,backsliding_Nyr,Y_jucon,Judicial constraints,institutions,instr-antiplural_w5_trt-ert_gapany_illibany_lrstraddle_exclyr,backsliding_Nyr,866,94,-0.09021311958594576,0.20199826071732957,825,92,0.00151418928046426,0.01771590182079718,0.9318872442860372,-0.07384502804638357,0.17229339922600115,0.6682140196635699,18.34612651709007
5,backsliding_Nyr,Y_legcon,Legislative constraints,institutions,instr-antiplural_w5_trt-ert_gapany_illibany_lrstraddle_exclyr,backsliding_Nyr,866,94,-0.09021311958594576,0.20199826071732957,808,89,0.03544778734582387,0.0238340911728681,0.13694286584040247,-0.3444578955128622,0.2760630490776713,0.2121223245048228,19.160814978953432
5,backsliding_Nyr,Y_hos_power,HOS,exec_power,instr-antiplural_w5_trt-ert_gapany_illibany_lrstraddle_exclyr,backsliding_Nyr,866,94,-0.09021311958594576,0.20199826071732957,825,92,-0.00172484721230982,0.01709455726159809,0.9196295466217932,-0.01071217073568022,0.1792189941433949,0.952337701890794,19.634134001295127
5,backsliding_Nyr,Y_hog_power,HOG,exec_power,instr-antiplural_w5_trt-ert_gapany_illibany_lrstraddle_exclyr,backsliding_Nyr,866,94,-0.09021311958594576,0.20199826071732957,437,52,0.0056359704365985,0.01474066354923351,0.7022079239974703,-0.10650577989776848,0.329332250741099,0.7463929503300368,18.369650128579156
5,backsliding_Nyr,Y_hos_power_vdem,HOS (v2ex_hosw),exec_power_alt,instr-antiplural_w5_trt-ert_gapany_illibany_lrstraddle_exclyr,backsliding_Nyr,866,94,-0.09021311958594576,0.20199826071732957,825,92,0.01492239476603134,0.02422598101373542,0.537916574578356,-0.1688639995561778,0.28611938377805324,0.5550651489180967,21.33547135154628
5,backsliding_Nyr,Y_hog_power_vdem,HOG (v2ex_hogw),exec_power_alt,instr-antiplural_w5_trt-ert_gapany_illibany_lrstraddle_exclyr,backsliding_Nyr,866,94,-0.09021311958594576,0.20199826071732957,825,92,-0.00474347610158835,0.02300209152298317,0.8366195824293403,0.11912698938340742,0.25312283551407744,0.637905574835326,22.70436884095221
5,backsliding_Nyr,Y_polyarchy,Electoral (polyarchy),vdem_high,instr-antiplural_w5_trt-ert_gapany_illibany_lrstraddle_exclyr,backsliding_Nyr,866,94,-0.09021311958594576,0.20199826071732957,825,92,0.01697364988373278,0.0170097726896999,0.31833932144410215,-0.08086146810336878,0.15509304801035162,0.6021063260611863,24.111487266151183
5,backsliding_Nyr,Y_libdem,Liberal,vdem_high,instr-antiplural_w5_trt-ert_gapany_illibany_lrstraddle_exclyr,backsliding_Nyr,866,94,-0.09021311958594576,0.20199826071732957,825,92,0.01865988191640114,0.01705368329623592,0.2738739141598385,-0.1374660876147499,0.1610906052479198,0.3934672375335117,22.9339819176276
5,backsliding_Nyr,Y_partipdem,Participatory,vdem_high,instr-antiplural_w5_trt-ert_gapany_illibany_lrstraddle_exclyr,backsliding_Nyr,866,94,-0.09021311958594576,0.20199826071732957,825,92,0.01164165358997194,0.01357115450220321,0.390989999062316,-0.05391670089779342,0.11643618098365424,0.6433228198177625,24.29079833127304
5,backsliding_Nyr,Y_delibdem,Deliberative,vdem_high,instr-antiplural_w5_trt-ert_gapany_illibany_lrstraddle_exclyr,backsliding_Nyr,866,94,-0.09021311958594576,0.20199826071732957,825,92,0.01886702753649192,0.01832936151586655,0.3033229429887402,-0.12878037020177907,0.17645638192761445,0.46550377387600866,24.670330435485745
5,backsliding_Nyr,Y_egaldem,Egalitarian,vdem_high,instr-antiplural_w5_trt-ert_gapany_illibany_lrstraddle_exclyr,backsliding_Nyr,866,94,-0.09021311958594576,0.20199826071732957,825,92,0.01147532236123143,0.01400414100332075,0.41254482664433745,-0.0607915597049858,0.12267727134942692,0.6202186219570128,24.13671275413912
5,backsliding_Nyr,Y_elecoff,Elected officials,vdem_electoral,instr-antiplural_w5_trt-ert_gapany_illibany_lrstraddle_exclyr,backsliding_Nyr,866,94,-0.09021311958594576,0.20199826071732957,825,92,-0.00916122821607564,0.03909136385096382,0.8147099538492059,0.03716243158969416,0.36839368926629534,0.9196481413823234,17.100323199962617
5,backsliding_Nyr,Y_frefair,Clean elections,vdem_electoral,instr-antiplural_w5_trt-ert_gapany_illibany_lrstraddle_exclyr,backsliding_Nyr,866,94,-0.09021311958594576,0.20199826071732957,825,92,0.02137442639118705,0.02389132745035785,0.3709730891437906,-0.06331644523339566,0.21394427617769068,0.7672695627918636,24.602655654173663
5,backsliding_Nyr,Y_frassoc,Association,vdem_electoral,instr-antiplural_w5_trt-ert_gapany_illibany_lrstraddle_exclyr,backsliding_Nyr,866,94,-0.09021311958594576,0.20199826071732957,825,92,0.00432007816524252,0.01474085854419903,0.7694699561903124,-0.04215394767308186,0.1525236991163351,0.7822589972684498,19.614212047612828
5,backsliding_Nyr,Y_suffr,Suffrage,vdem_electoral,instr-antiplural_w5_trt-ert_gapany_illibany_lrstraddle_exclyr,backsliding_Nyr,866,94,-0.09021311958594576,0.20199826071732957,825,92,0.00838436606600179,0.01270763993636544,0.5093889897521173,-0.0975790963019636,0.12415103886941609,0.4318845707804048,22.970802714673795
5,backsliding_Nyr,Y_freexp,Expression & alt. info,vdem_electoral,instr-antiplural_w5_trt-ert_gapany_illibany_lrstraddle_exclyr,backsliding_Nyr,866,94,-0.09021311958594576,0.20199826071732957,825,92,0.00566692968073464,0.01708505323426582,0.7401238663619307,-0.07030993427522657,0.1767064682128979,0.6907104471525518,19.411992967746553
5,backsliding_Nyr,Y_cl_rol,Rule of law,vdem_liberal,instr-antiplural_w5_trt-ert_gapany_illibany_lrstraddle_exclyr,backsliding_Nyr,866,94,-0.09021311958594576,0.20199826071732957,825,92,-0.00582134054636771,0.01294899580156353,0.6530282930000095,0.03794479081215504,0.13792307103409385,0.7832274135963035,17.845274993039983
5,backsliding_Nyr,Y_cspart,Civil society,vdem_particip,instr-antiplural_w5_trt-ert_gapany_illibany_lrstraddle_exclyr,backsliding_Nyr,866,94,-0.09021311958594576,0.20199826071732957,825,92,-0.00289958546809094,0.01646859541983171,0.8602408634648259,0.0206312244212338,0.18499242272244065,0.9112002801125542,20.03488100930051
5,backsliding_Nyr,Y_dd,Direct democracy,vdem_particip,instr-antiplural_w5_trt-ert_gapany_illibany_lrstraddle_exclyr,backsliding_Nyr,866,94,-0.09021311958594576,0.20199826071732957,825,92,0.00457219317496239,0.01773043542353258,0.7965052452371932,-0.0381742761734101,0.1514998944397411,0.801059926997324,27.90893300038189
5,backsliding_Nyr,Y_locelec,Local elections,vdem_particip,instr-antiplural_w5_trt-ert_gapany_illibany_lrstraddle_exclyr,backsliding_Nyr,866,94,-0.09021311958594576,0.20199826071732957,814,88,-0.00106095487654477,0.01706914435613475,0.95043836181508,-0.01235924402557216,0.14134890454919166,0.9303234862439804,14.76150548245748
5,backsliding_Nyr,Y_regelec,Regional elections,vdem_particip,instr-antiplural_w5_trt-ert_gapany_illibany_lrstraddle_exclyr,backsliding_Nyr,866,94,-0.09021311958594576,0.20199826071732957,825,92,-0.05647620212161879,0.02895608167126751,0.05112739072833632,0.4957119631580512,0.46553890170648143,0.2869604749113514,20.08169757276621
5,backsliding_Nyr,Y_delib,Deliberation,vdem_egal_delib,instr-antiplural_w5_trt-ert_gapany_illibany_lrstraddle_exclyr,backsliding_Nyr,866,94,-0.09021311958594576,0.20199826071732957,825,92,0.02381877753869039,0.02324255791211468,0.30546154237146816,-0.17456351566702755,0.22668355332074935,0.4412549380912438,23.007123605017856
5,backsliding_Nyr,Y_eqprotec,Equal protection,vdem_egal_delib,instr-antiplural_w5_trt-ert_gapany_illibany_lrstraddle_exclyr,backsliding_Nyr,866,94,-0.09021311958594576,0.20199826071732957,825,92,-0.01320647505160433,0.01575923132815682,0.40202217896614023,0.13210020926187255,0.17416121479842886,0.44815539703122953,18.84199922889531
5,backsliding_Nyr,Y_eqaccess,Equal access,vdem_egal_delib,instr-antiplural_w5_trt-ert_gapany_illibany_lrstraddle_exclyr,backsliding_Nyr,866,94,-0.09021311958594576,0.20199826071732957,825,92,-0.00576107791055945,0.01429230480308714,0.686882389122148,0.02309857048032909,0.1377477045449816,0.8668291175036096,19.195515715986208
5,backsliding_Nyr,Y_eqdr,Equal distribution,vdem_egal_delib,instr-antiplural_w5_trt-ert_gapany_illibany_lrstraddle_exclyr,backsliding_Nyr,866,94,-0.09021311958594576,0.20199826071732957,825,92,-0.00535322385520317,0.01201118320249731,0.6558236181919047,0.03486161445712096,0.11329505768281184,0.7583057485709901,17.75949672147395
5,backsliding_union_Nyr,Y_gdp_growth,PWT,growth,instr-antiplural_w5_trt-ertOrDdcg_gapany_illibany_lrstraddle_exclyr,backsliding_union_Nyr,866,111,-0.10361410037637306,0.12978194375137128,770,99,-0.0674781540622595,0.03354461063104943,0.04426270024729876,0.4414824416693204,0.6233007373101934,0.478760441939458,21.579735648260225
5,backsliding_union_Nyr,Y_gdp_growth_wb,World Bank,growth,instr-antiplural_w5_trt-ertOrDdcg_gapany_illibany_lrstraddle_exclyr,backsliding_union_Nyr,866,111,-0.10361410037637306,0.12978194375137128,786,102,-0.03437440968789596,0.02697263484237863,0.20251533829112556,0.24051535427758516,0.3906451979609872,0.5381008074969199,22.92595497934459
5,backsliding_union_Nyr,Y_gdp_growth_imf,IMF WEO,growth,instr-antiplural_w5_trt-ertOrDdcg_gapany_illibany_lrstraddle_exclyr,backsliding_union_Nyr,866,111,-0.10361410037637306,0.12978194375137128,594,82,-0.02829425464694562,0.02748493635813274,0.30327019640934355,0.14526621853182206,0.2241055476656806,0.5168527089191683,26.12481925157293
5,backsliding_union_Nyr,Y_inflation,"CPI, cumulative log",inflation,instr-antiplural_w5_trt-ertOrDdcg_gapany_illibany_lrstraddle_exclyr,backsliding_union_Nyr,866,111,-0.10361410037637306,0.12978194375137128,717,91,-0.05765882240969056,0.184361630702814,0.7544717492099162,0.4944329095431069,1.7663826707008974,0.7795444977191214,15.757055850100665
5,backsliding_union_Nyr,Y_unemployment,Unemployment rate,unemployment,instr-antiplural_w5_trt-ertOrDdcg_gapany_illibany_lrstraddle_exclyr,backsliding_union_Nyr,866,111,-0.10361410037637306,0.12978194375137128,574,98,-0.17090971708600552,0.7197178281978366,0.8122939960795493,1.7012890026591443,6.287519916657293,0.7867126285042039,18.542895148950972
5,backsliding_union_Nyr,Y_trade_pct_gdp,Trade / GDP,trade,instr-antiplural_w5_trt-ertOrDdcg_gapany_illibany_lrstraddle_exclyr,backsliding_union_Nyr,866,111,-0.10361410037637306,0.12978194375137128,717,93,-0.2692979474871029,3.1701611065542994,0.9323029564351516,0.4383243030304964,32.413106507454536,0.9892104900593064,21.151794485291163
5,backsliding_union_Nyr,Y_top10_share,Top-10% income share,top10,instr-antiplural_w5_trt-ertOrDdcg_gapany_illibany_lrstraddle_exclyr,backsliding_union_Nyr,866,111,-0.10361410037637306,0.12978194375137128,740,98,-0.3706397288696643,0.5995697837129981,0.5364592426082357,3.42022629476431,6.9878778058571145,0.6245221823263722,19.193682297028964
5,backsliding_union_Nyr,Y_gini_disp,Disposable,gini,instr-antiplural_w5_trt-ertOrDdcg_gapany_illibany_lrstraddle_exclyr,backsliding_union_Nyr,866,111,-0.10361410037637306,0.12978194375137128,642,82,0.43925455683412173,0.38472350406498834,0.2535617378491808,-4.409917879461485,5.282718566772157,0.40384051472243637,18.095331606026996
5,backsliding_union_Nyr,Y_gini_mkt,Market,gini,instr-antiplural_w5_trt-ertOrDdcg_gapany_illibany_lrstraddle_exclyr,backsliding_union_Nyr,866,111,-0.10361410037637306,0.12978194375137128,642,82,0.39622682336107545,0.3973656049215008,0.31869938821564997,-3.941534823138167,5.125329010293808,0.44187514758904145,16.71747318307402
5,backsliding_union_Nyr,Y_debt,Debt / GDP,fiscal,instr-antiplural_w5_trt-ertOrDdcg_gapany_illibany_lrstraddle_exclyr,backsliding_union_Nyr,866,111,-0.10361410037637306,0.12978194375137128,764,100,3.0856661086845514,8.97327483093656,0.7309418672049739,-17.689958218611334,90.47031994808036,0.8449754883786218,23.57726670814763
5,backsliding_union_Nyr,Y_deficit,Deficit / GDP,fiscal,instr-antiplural_w5_trt-ertOrDdcg_gapany_illibany_lrstraddle_exclyr,backsliding_union_Nyr,866,111,-0.10361410037637306,0.12978194375137128,692,88,2.3339298010849507,3.262265736153807,0.4743420502367676,-26.227450407843456,41.97604823360694,0.532089578762057,19.90283247279728
5,backsliding_union_Nyr,Y_checks_balances,Checks & balances,institutions,instr-antiplural_w5_trt-ertOrDdcg_gapany_illibany_lrstraddle_exclyr,backsliding_union_Nyr,866,111,-0.10361410037637306,0.12978194375137128,808,102,0.02517213766667846,0.01820014350279704,0.16664230510778205,-0.2615186250878873,0.23903171748513655,0.2739220881766161,18.910448568198767
5,backsliding_union_Nyr,Y_jucon,Judicial constraints,institutions,instr-antiplural_w5_trt-ertOrDdcg_gapany_illibany_lrstraddle_exclyr,backsliding_union_Nyr,866,111,-0.10361410037637306,0.12978194375137128,825,109,0.00151418928046426,0.01771590182079718,0.9318872442860372,-0.09426043817243528,0.14832081980979625,0.5250911258421742,23.36958202370501
5,backsliding_union_Nyr,Y_legcon,Legislative constraints,institutions,instr-antiplural_w5_trt-ertOrDdcg_gapany_illibany_lrstraddle_exclyr,backsliding_union_Nyr,866,111,-0.10361410037637306,0.12978194375137128,808,102,0.03544778734582387,0.0238340911728681,0.13694286584040247,-0.39026917798737193,0.3190950848371357,0.2213108894398294,18.05476537581875
5,backsliding_union_Nyr,Y_hos_power,HOS,exec_power,instr-antiplural_w5_trt-ertOrDdcg_gapany_illibany_lrstraddle_exclyr,backsliding_union_Nyr,866,111,-0.10361410037637306,0.12978194375137128,825,109,-0.00172484721230982,0.01709455726159809,0.9196295466217932,0.02455339579975881,0.16811929328625447,0.8838839222256839,17.168507351657166
5,backsliding_union_Nyr,Y_hog_power,HOG,exec_power,instr-antiplural_w5_trt-ertOrDdcg_gapany_illibany_lrstraddle_exclyr,backsliding_union_Nyr,866,111,-0.10361410037637306,0.12978194375137128,437,63,0.0056359704365985,0.01474066354923351,0.7022079239974703,-0.16327681995614157,0.4757127879548232,0.7314287267510668,19.345158694479352
5,backsliding_union_Nyr,Y_hos_power_vdem,HOS (v2ex_hosw),exec_power_alt,instr-antiplural_w5_trt-ertOrDdcg_gapany_illibany_lrstraddle_exclyr,backsliding_union_Nyr,866,111,-0.10361410037637306,0.12978194375137128,825,109,0.01492239476603134,0.02422598101373542,0.537916574578356,-0.11621689321193863,0.2726678146070415,0.6699464303237426,19.654238207746825
5,backsliding_union_Nyr,Y_hog_power_vdem,HOG (v2ex_hogw),exec_power_alt,instr-antiplural_w5_trt-ertOrDdcg_gapany_illibany_lrstraddle_exclyr,backsliding_union_Nyr,866,111,-0.10361410037637306,0.12978194375137128,825,109,-0.00474347610158835,0.02300209152298317,0.8366195824293403,0.02375392753089073,0.24011279172726688,0.921195274237625,19.246894607277564
5,backsliding_union_Nyr,Y_polyarchy,Electoral (polyarchy),vdem_high,instr-antiplural_w5_trt-ertOrDdcg_gapany_illibany_lrstraddle_exclyr,backsliding_union_Nyr,866,111,-0.10361410037637306,0.12978194375137128,825,109,0.01697364988373278,0.0170097726896999,0.31833932144410215,-0.16379933941293265,0.18952260729175796,0.3874377443896662,19.386228501560364
5,backsliding_union_Nyr,Y_libdem,Liberal,vdem_high,instr-antiplural_w5_trt-ertOrDdcg_gapany_illibany_lrstraddle_exclyr,backsliding_union_Nyr,866,111,-0.10361410037637306,0.12978194375137128,825,109,0.01865988191640114,0.01705368329623592,0.2738739141598385,-0.1897541121026013,0.19053663636946552,0.3193021120767061,18.499710148117114
5,backsliding_union_Nyr,Y_partipdem,Participatory,vdem_high,instr-antiplural_w5_trt-ertOrDdcg_gapany_illibany_lrstraddle_exclyr,backsliding_union_Nyr,866,111,-0.10361410037637306,0.12978194375137128,825,109,0.01164165358997194,0.01357115450220321,0.390989999062316,-0.11435873308507442,0.14290322388089652,0.42356423024575696,18.903522982529488
5,backsliding_union_Nyr,Y_delibdem,Deliberative,vdem_high,instr-antiplural_w5_trt-ertOrDdcg_gapany_illibany_lrstraddle_exclyr,backsliding_union_Nyr,866,111,-0.10361410037637306,0.12978194375137128,825,109,0.01886702753649192,0.01832936151586655,0.3033229429887402,-0.19772252806455876,0.21313957032107053,0.35358037452670305,20.54003803142184
5,backsliding_union_Nyr,Y_egaldem,Egalitarian,vdem_high,instr-antiplural_w5_trt-ertOrDdcg_gapany_illibany_lrstraddle_exclyr,backsliding_union_Nyr,866,111,-0.10361410037637306,0.12978194375137128,825,109,0.01147532236123143,0.01400414100332075,0.41254482664433745,-0.0782446970765943,0.12905906454879973,0.5443351780087925,22.060070725618747
5,backsliding_union_Nyr,Y_elecoff,Elected officials,vdem_electoral,instr-antiplural_w5_trt-ertOrDdcg_gapany_illibany_lrstraddle_exclyr,backsliding_union_Nyr,866,111,-0.10361410037637306,0.12978194375137128,825,109,-0.00916122821607564,0.03909136385096382,0.8147099538492059,0.07997482785134877,0.35375280780193746,0.8211427325692855,21.255157810605812
5,backsliding_union_Nyr,Y_frefair,Clean elections,vdem_electoral,instr-antiplural_w5_trt-ertOrDdcg_gapany_illibany_lrstraddle_exclyr,backsliding_union_Nyr,866,111,-0.10361410037637306,0.12978194375137128,825,109,0.02137442639118705,0.02389132745035785,0.3709730891437906,-0.0849498998818054,0.2111084095028549,0.6873901025903618,23.270454241640707
5,backsliding_union_Nyr,Y_frassoc,Association,vdem_electoral,instr-antiplural_w5_trt-ertOrDdcg_gapany_illibany_lrstraddle_exclyr,backsliding_union_Nyr,866,111,-0.10361410037637306,0.12978194375137128,825,109,0.00432007816524252,0.01474085854419903,0.7694699561903124,-0.04412214711943456,0.15126737687536893,0.7705288828028513,19.368460277177252
5,backsliding_union_Nyr,Y_suffr,Suffrage,vdem_electoral,instr-antiplural_w5_trt-ertOrDdcg_gapany_illibany_lrstraddle_exclyr,backsliding_union_Nyr,866,111,-0.10361410037637306,0.12978194375137128,825,109,0.00838436606600179,0.01270763993636544,0.5093889897521173,-0.10466984359230593,0.13178287433921912,0.42704418324490673,19.928909655039806
5,backsliding_union_Nyr,Y_freexp,Expression & alt. info,vdem_electoral,instr-antiplural_w5_trt-ertOrDdcg_gapany_illibany_lrstraddle_exclyr,backsliding_union_Nyr,866,111,-0.10361410037637306,0.12978194375137128,825,109,0.00566692968073464,0.01708505323426582,0.7401238663619307,-0.0688491598228345,0.17814373095140204,0.6991405024175322,18.2955997099672
5,backsliding_union_Nyr,Y_cl_rol,Rule of law,vdem_liberal,instr-antiplural_w5_trt-ertOrDdcg_gapany_illibany_lrstraddle_exclyr,backsliding_union_Nyr,866,111,-0.10361410037637306,0.12978194375137128,825,109,-0.00582134054636771,0.01294899580156353,0.6530282930000095,0.0372200281081566,0.14068313993875556,0.7913435275415633,16.64118060827951
5,backsliding_union_Nyr,Y_cspart,Civil society,vdem_particip,instr-antiplural_w5_trt-ertOrDdcg_gapany_illibany_lrstraddle_exclyr,backsliding_union_Nyr,866,111,-0.10361410037637306,0.12978194375137128,825,109,-0.00289958546809094,0.01646859541983171,0.8602408634648259,0.03727060891192765,0.13954410794123337,0.7894011186366665,25.566379654255396
5,backsliding_union_Nyr,Y_dd,Direct democracy,vdem_particip,instr-antiplural_w5_trt-ertOrDdcg_gapany_illibany_lrstraddle_exclyr,backsliding_union_Nyr,866,111,-0.10361410037637306,0.12978194375137128,825,109,0.00457219317496239,0.01773043542353258,0.7965052452371932,-0.03649802279583999,0.1450327009399454,0.8013087101879208,26.742835884905247
5,backsliding_union_Nyr,Y_locelec,Local elections,vdem_particip,instr-antiplural_w5_trt-ertOrDdcg_gapany_illibany_lrstraddle_exclyr,backsliding_union_Nyr,866,111,-0.10361410037637306,0.12978194375137128,814,105,-0.00106095487654477,0.01706914435613475,0.95043836181508,0.01081736954121292,0.14238253178489652,0.939439788582148,13.663108274784538
5,backsliding_union_Nyr,Y_regelec,Regional elections,vdem_particip,instr-antiplural_w5_trt-ertOrDdcg_gapany_illibany_lrstraddle_exclyr,backsliding_union_Nyr,866,111,-0.10361410037637306,0.12978194375137128,825,109,-0.05647620212161879,0.02895608167126751,0.05112739072833632,0.5196414080566709,0.48221045749511665,0.28120172985897274,18.002336556968032
5,backsliding_union_Nyr,Y_delib,Deliberation,vdem_egal_delib,instr-antiplural_w5_trt-ertOrDdcg_gapany_illibany_lrstraddle_exclyr,backsliding_union_Nyr,866,111,-0.10361410037637306,0.12978194375137128,825,109,0.02381877753869039,0.02324255791211468,0.30546154237146816,-0.17012928803403898,0.2183400792726291,0.4358654215846519,22.486164698178065
5,backsliding_union_Nyr,Y_eqprotec,Equal protection,vdem_egal_delib,instr-antiplural_w5_trt-ertOrDdcg_gapany_illibany_lrstraddle_exclyr,backsliding_union_Nyr,866,111,-0.10361410037637306,0.12978194375137128,825,109,-0.01320647505160433,0.01575923132815682,0.40202217896614023,0.1323509079045437,0.1737471736108203,0.4462126685240376,19.259580827886865
5,backsliding_union_Nyr,Y_eqaccess,Equal access,vdem_egal_delib,instr-antiplural_w5_trt-ertOrDdcg_gapany_illibany_lrstraddle_exclyr,backsliding_union_Nyr,866,111,-0.10361410037637306,0.12978194375137128,825,109,-0.00576107791055945,0.01429230480308714,0.686882389122148,0.03132531905457217,0.14098976606005875,0.8241725876432395,18.214306926651577
5,backsliding_union_Nyr,Y_eqdr,Equal distribution,vdem_egal_delib,instr-antiplural_w5_trt-ertOrDdcg_gapany_illibany_lrstraddle_exclyr,backsliding_union_Nyr,866,111,-0.10361410037637306,0.12978194375137128,825,109,-0.00535322385520317,0.01201118320249731,0.6558236181919047,0.02294428534104716,0.1136611011730154,0.84002166525103406,18.744771621075028
5,polyarchy_decline,Y_gdp_growth,PWT,growth,instr-antiplural_w5_trt-polyarchy_gapany_illibany_lrstraddle_exclyr,polyarchy_decline,825,321,-0.01697364988373278,0.31833932144410215,770,280,-0.0674781540622595,0.03354461063104943,0.04426270024729876,3.0084346178554418,15.673097327085118,0.8477821915994888,14.662875055241654
5,polyarchy_decline,Y_gdp_growth_wb,World Bank,growth,instr-antiplural_w5_trt-polyarchy_gapany_illibany_lrstraddle_exclyr,polyarchy_decline,825,321,-0.01697364988373278,0.31833932144410215,786,299,-0.03437440968789596,0.02697263484237863,0.20251533829112556,1.6970790397074706,17.372187247632745,0.9221789104355056,14.636492531323457
5,polyarchy_decline,Y_gdp_growth_imf,IMF WEO,growth,instr-antiplural_w5_trt-polyarchy_gapany_illibany_lrstraddle_exclyr,polyarchy_decline,825,321,-0.01697364988373278,0.31833932144410215,594,239,-0.02829425464694562,0.02748493635813274,0.30327019640934355,1.1052650557555466,12.442185455194815,0.9292153724023255,16.03315396470802
5,polyarchy_decline,Y_inflation,"CPI, cumulative log",inflation,instr-antiplural_w5_trt-polyarchy_gapany_illibany_lrstraddle_exclyr,polyarchy_decline,825,321,-0.01697364988373278,0.31833932144410215,717,276,-0.05765882240969056,0.184361630702814,0.7544717492099162,4.017730669710438,46.35874599593937,0.9309369412228752,15.00381620411872
5,polyarchy_decline,Y_unemployment,Unemployment rate,unemployment,instr-antiplural_w5_trt-polyarchy_gapany_illibany_lrstraddle_exclyr,polyarchy_decline,825,321,-0.01697364988373278,0.31833932144410215,574,273,-0.17090971708600552,0.7197178281978366,0.8122939960795493,45.25469215642084,244.8826684976895,0.853384706650655,16.218090503767
5,polyarchy_decline,Y_trade_pct_gdp,Trade / GDP,trade,instr-antiplural_w5_trt-polyarchy_gapany_illibany_lrstraddle_exclyr,polyarchy_decline,825,321,-0.01697364988373278,0.31833932144410215,717,271,-0.2692979474871029,3.1701611065542994,0.9323029564351516,15.89677390456335,285.1915507579045,0.9555483837094508,18.516479190470204
5,polyarchy_decline,Y_top10_share,Top-10% income share,top10,instr-antiplural_w5_trt-polyarchy_gapany_illibany_lrstraddle_exclyr,polyarchy_decline,825,321,-0.01697364988373278,0.31833932144410215,740,290,-0.3706397288696643,0.5995697837129981,0.5364592426082357,-4.286400280738732,99.50202639717077,0.9656389399829264,15.459216158801372
5,polyarchy_decline,Y_gini_disp,Disposable,gini,instr-antiplural_w5_trt-polyarchy_gapany_illibany_lrstraddle_exclyr,polyarchy_decline,825,321,-0.01697364988373278,0.31833932144410215,642,239,0.43925455683412173,0.38472350406498834,0.2535617378491808,-13.071308335524831,482.15174443499274,0.9783717101102616,18.82846427577541
5,polyarchy_decline,Y_gini_mkt,Market,gini,instr-antiplural_w5_trt-polyarchy_gapany_illibany_lrstraddle_exclyr,polyarchy_decline,825,321,-0.01697364988373278,0.31833932144410215,642,239,0.39622682336107545,0.3973656049215008,0.31869938821564997,6.5981583281330245,496.9885260778694,0.9894073731434584,17.97187210122126
5,polyarchy_decline,Y_debt,Debt / GDP,fiscal,instr-antiplural_w5_trt-polyarchy_gapany_illibany_lrstraddle_exclyr,polyarchy_decline,825,321,-0.01697364988373278,0.31833932144410215,764,295,3.0856661086845514,8.97327483093656,0.7309418672049739,-163.6539927867641,752.8500188486652,0.8279127796431038,17.58184587207823
5,polyarchy_decline,Y_deficit,Deficit / GDP,fiscal,instr-antiplural_w5_trt-polyarchy_gapany_illibany_lrstraddle_exclyr,polyarchy_decline,825,321,-0.01697364988373278,0.31833932144410215,692,278,2.3339298010849507,3.262265736153807,0.4743420502367676,-104.55923136818868,582.7132444313626,0.8575960430385494,17.12613554840739
5,polyarchy_decline,Y_checks_balances,Checks & balances,institutions,instr-antiplural_w5_trt-polyarchy_gapany_illibany_lrstraddle_exclyr,polyarchy_decline,825,321,-0.01697364988373278,0.31833932144410215,808,319,0.02517213766667846,0.01820014350279704,0.16664230510778205,-0.7190498949443966,0.9325781873420764,0.4406865216413108,15.231478879805818
5,polyarchy_decline,Y_jucon,Judicial constraints,institutions,instr-antiplural_w5_trt-polyarchy_gapany_illibany_lrstraddle_exclyr,polyarchy_decline,825,321,-0.01697364988373278,0.31833932144410215,825,321,0.00151418928046426,0.01771590182079718,0.9318872442860372,0.43455416292654214,2.2223575026831974,0.844972207164167,13.393308032561018
5,polyarchy_decline,Y_legcon,Legislative constraints,institutions,instr-antiplural_w5_trt-polyarchy_gapany_illibany_lrstraddle_exclyr,polyarchy_decline,825,321,-0.01697364988373278,0.31833932144410215,808,319,0.03544778734582387,0.0238340911728681,0.13694286584040247,-1.3297977658400226,1.3165757612556244,0.31247482219926426,18.336585375803363
5,polyarchy_decline,Y_hos_power,HOS,exec_power,instr-antiplural_w5_trt-polyarchy_gapany_illibany_lrstraddle_exclyr,polyarchy_decline,825,321,-0.01697364988373278,0.31833932144410215,825,321,-0.00172484721230982,0.01709455726159809,0.9196295466217932,0.1879872370478188,1.592359384751015,0.9060234569012054,19.642232532635433
5,polyarchy_decline,Y_hog_power,HOG,exec_power,instr-antiplural_w5_trt-polyarchy_gapany_illibany_lrstraddle_exclyr,polyarchy_decline,825,321,-0.01697364988373278,0.31833932144410215,437,162,0.0056359704365985,0.01474066354923351,0.7022079239974703,-0.1603320728455562,1.8557634193505883,0.9311509684379924,16.05551627964709
5,polyarchy_decline,Y_hos_power_vdem,HOS (v2ex_hosw),exec_power_alt,instr-antiplural_w5_trt-polyarchy_gapany_illibany_lrstraddle_exclyr,polyarchy_decline,825,321,-0.01697364988373278,0.31833932144410215,825,321,0.01492239476603134,0.02422598101373542,0.537916574578356,-0.365279664250572,3.4447162323618374,0.9155501653873328,15.161130926546674
5,polyarchy_decline,Y_hog_power_vdem,HOG (v2ex_hogw),exec_power_alt,instr-antiplural_w5_trt-polyarchy_gapany_illibany_lrstraddle_exclyr,polyarchy_decline,825,321,-0.01697364988373278,0.31833932144410215,825,321,-0.00474347610158835,0.02300209152298317,0.8366195824293403,-0.09596594147809434,2.38290805007111,0.9678757851223948,15.194779724378728
5,polyarchy_decline,Y_polyarchy,Electoral (polyarchy),vdem_high,instr-antiplural_w5_trt-polyarchy_gapany_illibany_lrstraddle_exclyr,polyarchy_decline,825,321,-0.01697364988373278,0.31833932144410215,825,321,0.01697364988373278,0.0170097726896999,0.31833932144410215,-1,2.4526384916002107e-16,0,15.473204097055849
5,polyarchy_decline,Y_libdem,Liberal,vdem_high,instr-antiplural_w5_trt-polyarchy_gapany_illibany_lrstraddle_exclyr,polyarchy_decline,825,321,-0.01697364988373278,0.31833932144410215,825,321,0.01865988191640114,0.01705368329623592,0.2738739141598385,-0.8635048478167814,0.5195233463596852,0.09649076001554206,17.852727529502687
5,polyarchy_decline,Y_partipdem,Participatory,vdem_high,instr-antiplural_w5_trt-polyarchy_gapany_illibany_lrstraddle_exclyr,polyarchy_decline,825,321,-0.01697364988373278,0.31833932144410215,825,321,0.01164165358997194,0.01357115450220321,0.390989999062316,-0.5921067833502751,0.4484939133775059,0.18676444232913328,17.235413905613196
5,polyarchy_decline,Y_delibdem,Deliberative,vdem_high,instr-antiplural_w5_trt-polyarchy_gapany_illibany_lrstraddle_exclyr,polyarchy_decline,825,321,-0.01697364988373278,0.31833932144410215,825,321,0.01886702753649192,0.01832936151586655,0.3033229429887402,-1.1575769870464918,1.0950252309550572,0.29045519311219603,15.857437914824304
5,polyarchy_decline,Y_egaldem,Egalitarian,vdem_high,instr-antiplural_w5_trt-polyarchy_gapany_illibany_lrstraddle_exclyr,polyarchy_decline,825,321,-0.01697364988373278,0.31833932144410215,825,321,0.01147532236123143,0.01400414100332075,0.41254482664433745,-0.5042294000828602,0.5770536645151959,0.38222726726462875,20.95823118984424
5,polyarchy_decline,Y_elecoff,Elected officials,vdem_electoral,instr-antiplural_w5_trt-polyarchy_gapany_illibany_lrstraddle_exclyr,polyarchy_decline,825,321,-0.01697364988373278,0.31833932144410215,825,321,-0.00916122821607564,0.03909136385096382,0.8147099538492059,0.5843221846160767,5.668311641200886,0.9178949107202148,14.945933650665332
5,polyarchy_decline,Y_frefair,Clean elections,vdem_electoral,instr-antiplural_w5_trt-polyarchy_gapany_illibany_lrstraddle_exclyr,polyarchy_decline,825,321,-0.01697364988373278,0.31833932144410215,825,321,0.02137442639118705,0.02389132745035785,0.3709730891437906,-0.9016120346920544,1.0472442686084218,0.3892723760777837,19.01327998880261
5,polyarchy_decline,Y_frassoc,Association,vdem_electoral,instr-antiplural_w5_trt-polyarchy_gapany_illibany_lrstraddle_exclyr,polyarchy_decline,825,321,-0.01697364988373278,0.31833932144410215,825,321,0.00432007816524252,0.01474085854419903,0.7694699561903124,-0.25157874251877665,1.1396959282724026,0.8252933377284584,20.16288984951931
5,polyarchy_decline,Y_suffr,Suffrage,vdem_electoral,instr-antiplural_w5_trt-polyarchy_gapany_illibany_lrstraddle_exclyr,polyarchy_decline,825,321,-0.01697364988373278,0.31833932144410215,825,321,0.00838436606600179,0.01270763993636544,0.5093889897521173,-0.6442050967237098,2.5343464605781074,0.7993489068928867,13.559457524446868
5,polyarchy_decline,Y_freexp,Expression & alt. info,vdem_electoral,instr-antiplural_w5_trt-polyarchy_gapany_illibany_lrstraddle_exclyr,polyarchy_decline,825,321,-0.01697364988373278,0.31833932144410215,825,321,0.00566692968073464,0.01708505323426582,0.7401238663619307,-0.3555738033525767,1.116946522503069,0.7502236181859119,18.323248542717337
5,polyarchy_decline,Y_cl_rol,Rule of law,vdem_liberal,instr-antiplural_w5_trt-polyarchy_gapany_illibany_lrstraddle_exclyr,polyarchy_decline,825,321,-0.01697364988373278,0.31833932144410215,825,321,-0.00582134054636771,0.01294899580156353,0.6530282930000095,0.3013103243441403,1.8401502605574984,0.8699340641210046,15.885024717101505
5,polyarchy_decline,Y_cspart,Civil society,vdem_particip,instr-antiplural_w5_trt-polyarchy_gapany_illibany_lrstraddle_exclyr,polyarchy_decline,825,321,-0.01697364988373278,0.31833932144410215,825,321,-0.00289958546809094,0.01646859541983171,0.8602408634648259,0.2796503604225944,2.4320083220205087,0.9084550939200282,14.925734751103295
5,polyarchy_decline,Y_dd,Direct democracy,vdem_particip,instr-antiplural_w5_trt-polyarchy_gapany_illibany_lrstraddle_exclyr,polyarchy_decline,825,321,-0.01697364988373278,0.31833932144410215,825,321,0.00457219317496239,0.01773043542353258,0.7965052452371932,-0.3796130113065716,1.9317563262684607,0.8442095577697054,15.80348624255556
5,polyarchy_decline,Y_locelec,Local elections,vdem_particip,instr-antiplural_w5_trt-polyarchy_gapany_illibany_lrstraddle_exclyr,polyarchy_decline,825,321,-0.01697364988373278,0.31833932144410215,814,315,-0.00106095487654477,0.01706914435613475,0.95043836181508,-0.14797790997477245,2.406429300285999,0.9509668031611488,13.320787886737673
5,polyarchy_decline,Y_regelec,Regional elections,vdem_particip,instr-antiplural_w5_trt-polyarchy_gapany_illibany_lrstraddle_exclyr,polyarchy_decline,825,321,-0.01697364988373278,0.31833932144410215,825,321,-0.05647620212161879,0.02895608167126751,0.05112739072833632,3.726056936800157,6.012332305910324,0.535431811497185,18.785582761580468
5,polyarchy_decline,Y_delib,Deliberation,vdem_egal_delib,instr-antiplural_w5_trt-polyarchy_gapany_illibany_lrstraddle_exclyr,polyarchy_decline,825,321,-0.01697364988373278,0.31833932144410215,825,321,0.02381877753869039,0.02324255791211468,0.30546154237146816,-1.0764992244709626,2.423994525964929,0.6569693155260415,14.765203574861042
5,polyarchy_decline,Y_eqprotec,Equal protection,vdem_egal_delib,instr-antiplural_w5_trt-polyarchy_gapany_illibany_lrstraddle_exclyr,polyarchy_decline,825,321,-0.01697364988373278,0.31833932144410215,825,321,-0.01320647505160433,0.01575923132815682,0.40202217896614023,0.8257026438005575,2.8726016801890646,0.7737748997070946,14.56774342574826
5,polyarchy_decline,Y_eqaccess,Equal access,vdem_egal_delib,instr-antiplural_w5_trt-polyarchy_gapany_illibany_lrstraddle_exclyr,polyarchy_decline,825,321,-0.01697364988373278,0.31833932144410215,825,321,-0.00576107791055945,0.01429230480308714,0.686882389122148,0.3453992067250245,1.8375977259073224,0.8509061569782114,14.516145937553508
5,polyarchy_decline,Y_eqdr,Equal distribution,vdem_egal_delib,instr-antiplural_w5_trt-polyarchy_gapany_illibany_lrstraddle_exclyr,polyarchy_decline,825,321,-0.01697364988373278,0.31833932144410215,825,321,-0.00535322385520317,0.01201118320249731,0.6558236181919047,0.3808653755074318,1.4522668386196382,0.7931242499976401,15.23542504696904
6,backsliding_Nyr,Y_gdp_growth,PWT,growth,instr-antiplural_w6_trt-ert_gapany_illibany_lrstraddle_exclyr,backsliding_Nyr,866,110,-0.09105546063809589,0.1974255133243395,756,95,-0.06750215195289298,0.03690641156667114,0.06739828825066187,0.3715311027892514,0.4148300917220841,0.3704544932077341,27.513343450720477
6,backsliding_Nyr,Y_gdp_growth_wb,World Bank,growth,instr-antiplural_w6_trt-ert_gapany_illibany_lrstraddle_exclyr,backsliding_Nyr,866,110,-0.09105546063809589,0.1974255133243395,760,98,-0.04121732669960132,0.03035253600119117,0.17447850018522307,0.26538730746227546,0.35502193660015013,0.45474750935753,26.079315996573232
6,backsliding_Nyr,Y_gdp_growth_imf,IMF WEO,growth,instr-antiplural_w6_trt-ert_gapany_illibany_lrstraddle_exclyr,backsliding_Nyr,866,110,-0.09105546063809589,0.1974255133243395,572,74,-0.02586314170674632,0.03229974876494759,0.4232922040345156,0.20851668112158073,0.34462455252759344,0.5451426986869897,20.61005186503267
6,backsliding_Nyr,Y_inflation,"CPI, cumulative log",inflation,instr-antiplural_w6_trt-ert_gapany_illibany_lrstraddle_exclyr,backsliding_Nyr,866,110,-0.09105546063809589,0.1974255133243395,689,87,-0.13404028453912686,0.24155726221431645,0.5789626095628451,2.0250585165752555,2.4116392417181935,0.4010754407115174,24.256144022776628
6,backsliding_Nyr,Y_unemployment,Unemployment rate,unemployment,instr-antiplural_w6_trt-ert_gapany_illibany_lrstraddle_exclyr,backsliding_Nyr,866,110,-0.09105546063809589,0.1974255133243395,552,93,-0.1947725692775334,0.803249556583473,0.8084076572811367,1.602118461604029,6.299779996160352,0.7992534493825618,21.12968291505708
6,backsliding_Nyr,Y_trade_pct_gdp,Trade / GDP,trade,instr-antiplural_w6_trt-ert_gapany_illibany_lrstraddle_exclyr,backsliding_Nyr,866,110,-0.09105546063809589,0.1974255133243395,694,89,-0.8760965442481226,3.3513607636910336,0.7937723595860381,4.11130655388392,27.04066888862196,0.8791541252481547,25.27627326279354
6,backsliding_Nyr,Y_top10_share,Top-10% income share,top10,instr-antiplural_w6_trt-ert_gapany_illibany_lrstraddle_exclyr,backsliding_Nyr,866,110,-0.09105546063809589,0.1974255133243395,715,94,-0.5910619539870376,0.5814536274819818,0.3093796080885981,5.6635157452778575,6.364785433288247,0.37356234562064394,23.650474687092593
6,backsliding_Nyr,Y_gini_disp,Disposable,gini,instr-antiplural_w6_trt-ert_gapany_illibany_lrstraddle_exclyr,backsliding_Nyr,866,110,-0.09105546063809589,0.1974255133243395,624,81,0.31663022857516876,0.42766738424278566,0.4590781732737124,-3.010634617642166,4.476798466611593,0.501267195919959,18.1012276688541
6,backsliding_Nyr,Y_gini_mkt,Market,gini,instr-antiplural_w6_trt-ert_gapany_illibany_lrstraddle_exclyr,backsliding_Nyr,866,110,-0.09105546063809589,0.1974255133243395,624,81,0.3282398175673127,0.43455767967661535,0.4500435962432795,-3.5833533854019164,4.838615075121703,0.4589516690129277,18.001765726397547
6,backsliding_Nyr,Y_debt,Debt / GDP,fiscal,instr-antiplural_w6_trt-ert_gapany_illibany_lrstraddle_exclyr,backsliding_Nyr,866,110,-0.09105546063809589,0.1974255133243395,737,96,4.6190599002745865,11.933263530787691,0.6987011862405602,-17.04880702851712,119.48968401343043,0.8865427877658932,17.825440722538275
6,backsliding_Nyr,Y_deficit,Deficit / GDP,fiscal,instr-antiplural_w6_trt-ert_gapany_illibany_lrstraddle_exclyr,backsliding_Nyr,866,110,-0.09105546063809589,0.1974255133243395,666,87,0.8643963853482253,1.4449131208395931,0.5496837020259508,-11.310584040634554,14.699293893325466,0.4416176428571199,17.89198389628242
6,backsliding_Nyr,Y_checks_balances,Checks & balances,institutions,instr-antiplural_w6_trt-ert_gapany_illibany_lrstraddle_exclyr,backsliding_Nyr,866,110,-0.09105546063809589,0.1974255133243395,786,101,0.01129601283778051,0.02143589169039119,0.5982163333040482,-0.0894929464567334,0.1795821098254137,0.6182444274609038,24.326131292535717
6,backsliding_Nyr,Y_jucon,Judicial constraints,institutions,instr-antiplural_w6_trt-ert_gapany_illibany_lrstraddle_exclyr,backsliding_Nyr,866,110,-0.09105546063809589,0.1974255133243395,801,102,-0.01039857424567995,0.02176269420141793,0.6327808204576193,0.0617720835034084,0.23780799159338512,0.7950518930114113,19.00357913417061
6,backsliding_Nyr,Y_legcon,Legislative constraints,institutions,instr-antiplural_w6_trt-ert_gapany_illibany_lrstraddle_exclyr,backsliding_Nyr,866,110,-0.09105546063809589,0.1974255133243395,786,101,0.01882493384679987,0.02750311294220337,0.4936812240767249,-0.09894142212318528,0.2349629450033504,0.6736866423445025,24.2966747593546
6,backsliding_Nyr,Y_hos_power,HOS,exec_power,instr-antiplural_w6_trt-ert_gapany_illibany_lrstraddle_exclyr,backsliding_Nyr,866,110,-0.09105546063809589,0.1974255133243395,801,102,0.00636836973385906,0.01747983619051332,0.7156141198238748,-0.08718481015514297,0.23171235858091804,0.7067213096242146,20.412568359159465
6,backsliding_Nyr,Y_hog_power,HOG,exec_power,instr-antiplural_w6_trt-ert_gapany_illibany_lrstraddle_exclyr,backsliding_Nyr,866,110,-0.09105546063809589,0.1974255133243395,419,56,0.00315707219819343,0.01120202730302518,0.7780735347390347,0.0336420073576302,0.12057107758290542,0.7802277877199547,17.0015354470454
6,backsliding_Nyr,Y_hos_power_vdem,HOS (v2ex_hosw),exec_power_alt,instr-antiplural_w6_trt-ert_gapany_illibany_lrstraddle_exclyr,backsliding_Nyr,866,110,-0.09105546063809589,0.1974255133243395,801,102,0.03326978229667979,0.03588445488898155,0.3538557484499084,-0.36869605559575336,0.5222685758999304,0.4802185717536579,19.187073597379737
6,backsliding_Nyr,Y_hog_power_vdem,HOG (v2ex_hogw),exec_power_alt,instr-antiplural_w6_trt-ert_gapany_illibany_lrstraddle_exclyr,backsliding_Nyr,866,110,-0.09105546063809589,0.1974255133243395,801,102,-0.01987308758506578,0.03554798108552331,0.5761278127961733,0.2304778544983408,0.4564850298026746,0.6136312853327179,18.460156953611083
6,backsliding_Nyr,Y_polyarchy,Electoral (polyarchy),vdem_high,instr-antiplural_w6_trt-ert_gapany_illibany_lrstraddle_exclyr,backsliding_Nyr,866,110,-0.09105546063809589,0.1974255133243395,801,102,0.01453269385868526,0.0193191415365792,0.4519047873830299,-0.13542409827928184,0.20971774232779064,0.5184447756831544,20.381035643046747
6,backsliding_Nyr,Y_libdem,Liberal,vdem_high,instr-antiplural_w6_trt-ert_gapany_illibany_lrstraddle_exclyr,backsliding_Nyr,866,110,-0.09105546063809589,0.1974255133243395,801,102,0.00845919494805565,0.01777131663558703,0.6340724444540246,-0.11232915848238118,0.202105911727306,0.5783520077578587,20.076632382280746
6,backsliding_Nyr,Y_partipdem,Participatory,vdem_high,instr-antiplural_w6_trt-ert_gapany_illibany_lrstraddle_exclyr,backsliding_Nyr,866,110,-0.09105546063809589,0.1974255133243395,801,102,0.01277603682972586,0.01525541445651236,0.40232530667460786,-0.09335167469342484,0.1531510640120479,0.542166675394232,21.68275107432051
6,backsliding_Nyr,Y_delibdem,Deliberative,vdem_high,instr-antiplural_w6_trt-ert_gapany_illibany_lrstraddle_exclyr,backsliding_Nyr,866,110,-0.09105546063809589,0.1974255133243395,801,102,0.02075449788778802,0.02270125476776773,0.36058837286610895,-0.17465802373658795,0.2294821760986765,0.4465995799813473,21.55740670345786
6,backsliding_Nyr,Y_egaldem,Egalitarian,vdem_high,instr-antiplural_w6_trt-ert_gapany_illibany_lrstraddle_exclyr,backsliding_Nyr,866,110,-0.09105546063809589,0.1974255133243395,801,102,0.00616627414298831,0.01357605303543022,0.6496832474133055,-0.06210458404257205,0.15166874773392844,0.682190995728523,21.723473247392928
6,backsliding_Nyr,Y_elecoff,Elected officials,vdem_electoral,instr-antiplural_w6_trt-ert_gapany_illibany_lrstraddle_exclyr,backsliding_Nyr,866,110,-0.09105546063809589,0.1974255133243395,801,102,-0.01453928642847487,0.03998717191203329,0.7161576471670379,0.1207886144591256,0.4029750120904597,0.7643738109653182,22.665646360901867
6,backsliding_Nyr,Y_frefair,Clean elections,vdem_electoral,instr-antiplural_w6_trt-ert_gapany_illibany_lrstraddle_exclyr,backsliding_Nyr,866,110,-0.09105546063809589,0.1974255133243395,801,102,0.0101599677766991,0.02390462679758585,0.6708213847350729,-0.1295225889938461,0.2739733940059365,0.6363872085142649,21.478188767608263
6,backsliding_Nyr,Y_frassoc,Association,vdem_electoral,instr-antiplural_w6_trt-ert_gapany_illibany_lrstraddle_exclyr,backsliding_Nyr,866,110,-0.09105546063809589,0.1974255133243395,801,102,1.3713516973927042e-5,0.01628575024751269,0.9993281364377786,-0.00220881261801202,0.1854764512931008,0.9904983310968666,19.048179258443216
6,backsliding_Nyr,Y_suffr,Suffrage,vdem_electoral,instr-antiplural_w6_trt-ert_gapany_illibany_lrstraddle_exclyr,backsliding_Nyr,866,110,-0.09105546063809589,0.1974255133243395,801,102,0.0073957187950942,0.01267133148793612,0.559450705882946,-0.1120172552160286,0.13898215066851935,0.42025263277860264,23.104364779902685
6,backsliding_Nyr,Y_freexp,Expression & alt. info,vdem_electoral,instr-antiplural_w6_trt-ert_gapany_illibany_lrstraddle_exclyr,backsliding_Nyr,866,110,-0.09105546063809589,0.1974255133243395,801,102,-0.00191740302110844,0.0214236071747112,0.9286849178896474,0.00361040872713917,0.22679107783669253,0.9872985845061653,20.98981369853462
6,backsliding_Nyr,Y_cl_rol,Rule of law,vdem_liberal,instr-antiplural_w6_trt-ert_gapany_illibany_lrstraddle_exclyr,backsliding_Nyr,866,110,-0.09105546063809589,0.1974255133243395,801,102,-0.00954489392630267,0.01494747635280269,0.5231077547205013,0.08671228762834032,0.18006980445162463,0.6301269416770008,16.699244825231688
6,backsliding_Nyr,Y_cspart,Civil society,vdem_particip,instr-antiplural_w6_trt-ert_gapany_illibany_lrstraddle_exclyr,backsliding_Nyr,866,110,-0.09105546063809589,0.1974255133243395,801,102,0.00164976468491671,0.01994533671761168,0.9340787092959696,-0.01401776886000742,0.22197354801061897,0.949646559750046,19.375604954592255
6,backsliding_Nyr,Y_dd,Direct democracy,vdem_particip,instr-antiplural_w6_trt-ert_gapany_illibany_lrstraddle_exclyr,backsliding_Nyr,866,110,-0.09105546063809589,0.1974255133243395,801,102,0.01137673531526973,0.02094988463125185,0.5870986481557027,-0.09725157270423342,0.21550345069477872,0.6517905147564448,24.759184408978246
6,backsliding_Nyr,Y_locelec,Local elections,vdem_particip,instr-antiplural_w6_trt-ert_gapany_illibany_lrstraddle_exclyr,backsliding_Nyr,866,110,-0.09105546063809589,0.1974255133243395,791,99,0.00698338214677874,0.01956583207470693,0.7211537872528042,-0.1367726534125466,0.22730453935105227,0.5473635632570062,21.059197285769756
6,backsliding_Nyr,Y_regelec,Regional elections,vdem_particip,instr-antiplural_w6_trt-ert_gapany_illibany_lrstraddle_exclyr,backsliding_Nyr,866,110,-0.09105546063809589,0.1974255133243395,801,102,-0.05872390813688494,0.02758443984403518,0.03326435235822116,0.5675886929972015,0.604295670691963,0.3475990188682315,19.40596407564163
6,backsliding_Nyr,Y_delib,Deliberation,vdem_egal_delib,instr-antiplural_w6_trt-ert_gapany_illibany_lrstraddle_exclyr,backsliding_Nyr,866,110,-0.09105546063809589,0.1974255133243395,801,102,0.02472727058883763,0.02961697210588326,0.4037728630547496,-0.1907245971599049,0.27813693690167257,0.49288847508669154,21.847018691484443
6,backsliding_Nyr,Y_eqprotec,Equal protection,vdem_egal_delib,instr-antiplural_w6_trt-ert_gapany_illibany_lrstraddle_exclyr,backsliding_Nyr,866,110,-0.09105546063809589,0.1974255133243395,801,102,-0.0085184030232450109,0.01626032138136992,0.6003643222953594,0.0800034493938075,0.14004563661909328,0.5678186738365082,24.59713346722149
6,backsliding_Nyr,Y_eqaccess,Equal access,vdem_egal_delib,instr-antiplural_w6_trt-ert_gapany_illibany_lrstraddle_exclyr,backsliding_Nyr,866,110,-0.09105546063809589,0.1974255133243395,801,102,-0.00696821414618979,0.01674171864941989,0.6772500745297323,0.08395469124412572,0.1676337175982611,0.6164962434731325,21.35958324595704
6,backsliding_Nyr,Y_eqdr,Equal distribution,vdem_egal_delib,instr-antiplural_w6_trt-ert_gapany_illibany_lrstraddle_exclyr,backsliding_Nyr,866,110,-0.09105546063809589,0.1974255133243395,801,102,-0.00525372311667439,0.01319430573608762,0.6904966997040862,0.01837336226020712,0.11981303394387764,0.878122052114589,21.590651740879533
6,backsliding_union_Nyr,Y_gdp_growth,PWT,growth,instr-antiplural_w6_trt-ertOrDdcg_gapany_illibany_lrstraddle_exclyr,backsliding_union_Nyr,866,127,-0.07386992372339561,0.33879548197694065,756,112,-0.06750215195289298,0.03690641156667114,0.06739828825066187,0.4168623201637118,0.5505139061666657,0.4489156978234514,22.36142864677743
6,backsliding_union_Nyr,Y_gdp_growth_wb,World Bank,growth,instr-antiplural_w6_trt-ertOrDdcg_gapany_illibany_lrstraddle_exclyr,backsliding_union_Nyr,866,127,-0.07386992372339561,0.33879548197694065,760,114,-0.04121732669960132,0.03035253600119117,0.17447850018522307,0.4027166716933094,0.5280361385130047,0.44566096069782296,20.746025170926742
6,backsliding_union_Nyr,Y_gdp_growth_imf,IMF WEO,growth,instr-antiplural_w6_trt-ertOrDdcg_gapany_illibany_lrstraddle_exclyr,backsliding_union_Nyr,866,127,-0.07386992372339561,0.33879548197694065,572,87,-0.02586314170674632,0.03229974876494759,0.4232922040345156,0.22479680218294631,0.3747352180606322,0.5485850747520244,19.840959582271097
6,backsliding_union_Nyr,Y_inflation,"CPI, cumulative log",inflation,instr-antiplural_w6_trt-ertOrDdcg_gapany_illibany_lrstraddle_exclyr,backsliding_union_Nyr,866,127,-0.07386992372339561,0.33879548197694065,689,99,-0.13404028453912686,0.24155726221431645,0.5789626095628451,1.5660315311225816,2.46573510929885,0.5253517809480778,16.812310422989768
6,backsliding_union_Nyr,Y_unemployment,Unemployment rate,unemployment,instr-antiplural_w6_trt-ertOrDdcg_gapany_illibany_lrstraddle_exclyr,backsliding_union_Nyr,866,127,-0.07386992372339561,0.33879548197694065,552,106,-0.1947725692775334,0.803249556583473,0.8084076572811367,0.3694830902640068,5.449774239187558,0.9459465386457816,23.964656598553276
6,backsliding_union_Nyr,Y_trade_pct_gdp,Trade / GDP,trade,instr-antiplural_w6_trt-ertOrDdcg_gapany_illibany_lrstraddle_exclyr,backsliding_union_Nyr,866,127,-0.07386992372339561,0.33879548197694065,694,102,-0.8760965442481226,3.3513607636910336,0.7937723595860381,6.623562510176885,29.834952970080764,0.8243085878761411,23.03933761405236
6,backsliding_union_Nyr,Y_top10_share,Top-10% income share,top10,instr-antiplural_w6_trt-ertOrDdcg_gapany_illibany_lrstraddle_exclyr,backsliding_union_Nyr,866,127,-0.07386992372339561,0.33879548197694065,715,110,-0.5910619539870376,0.5814536274819818,0.3093796080885981,5.038380876076517,6.857378059066315,0.4624986609867776,22.085938660765475
6,backsliding_union_Nyr,Y_gini_disp,Disposable,gini,instr-antiplural_w6_trt-ertOrDdcg_gapany_illibany_lrstraddle_exclyr,backsliding_union_Nyr,866,127,-0.07386992372339561,0.33879548197694065,624,92,0.31663022857516876,0.42766738424278566,0.4590781732737124,-3.767582384665927,5.3603887507862185,0.48214537911949906,17.567168074639707
6,backsliding_union_Nyr,Y_gini_mkt,Market,gini,instr-antiplural_w6_trt-ertOrDdcg_gapany_illibany_lrstraddle_exclyr,backsliding_union_Nyr,866,127,-0.07386992372339561,0.33879548197694065,624,92,0.3282398175673127,0.43455767967661535,0.4500435962432795,-4.059772812792101,5.739245358293578,0.47933626938231505,17.406545503694357
6,backsliding_union_Nyr,Y_debt,Debt / GDP,fiscal,instr-antiplural_w6_trt-ertOrDdcg_gapany_illibany_lrstraddle_exclyr,backsliding_union_Nyr,866,127,-0.07386992372339561,0.33879548197694065,737,110,4.6190599002745865,11.933263530787691,0.6987011862405602,7.67826420435345,107.75267612581592,0.9431922440303622,22.075650674057375
6,backsliding_union_Nyr,Y_deficit,Deficit / GDP,fiscal,instr-antiplural_w6_trt-ertOrDdcg_gapany_illibany_lrstraddle_exclyr,backsliding_union_Nyr,866,127,-0.07386992372339561,0.33879548197694065,666,96,0.8643963853482253,1.4449131208395931,0.5496837020259508,-14.90834574915323,17.700698606965776,0.3996501707617691,16.368527351235198
6,backsliding_union_Nyr,Y_checks_balances,Checks & balances,institutions,instr-antiplural_w6_trt-ertOrDdcg_gapany_illibany_lrstraddle_exclyr,backsliding_union_Nyr,866,127,-0.07386992372339561,0.33879548197694065,786,114,0.01129601283778051,0.02143589169039119,0.5982163333040482,-0.1419289161843705,0.25203927619617017,0.5733516633796334,19.30122563943359
6,backsliding_union_Nyr,Y_jucon,Judicial constraints,institutions,instr-antiplural_w6_trt-ertOrDdcg_gapany_illibany_lrstraddle_exclyr,backsliding_union_Nyr,866,127,-0.07386992372339561,0.33879548197694065,801,119,-0.01039857424567995,0.02176269420141793,0.6327808204576193,0.04694128120576626,0.22049261803243908,0.8314106124794021,20.263948641614412
6,backsliding_union_Nyr,Y_legcon,Legislative constraints,institutions,instr-antiplural_w6_trt-ertOrDdcg_gapany_illibany_lrstraddle_exclyr,backsliding_union_Nyr,866,127,-0.07386992372339561,0.33879548197694065,786,114,0.01882493384679987,0.02750311294220337,0.4936812240767249,-0.2556553663518345,0.32767463988048107,0.43526667448787926,18.18542450562095
6,backsliding_union_Nyr,Y_hos_power,HOS,exec_power,instr-antiplural_w6_trt-ertOrDdcg_gapany_illibany_lrstraddle_exclyr,backsliding_union_Nyr,866,127,-0.07386992372339561,0.33879548197694065,801,119,0.00636836973385906,0.01747983619051332,0.7156141198238748,-0.0990460284167381,0.20132026725397156,0.6227317849890572,21.930753637380786
6,backsliding_union_Nyr,Y_hog_power,HOG,exec_power,instr-antiplural_w6_trt-ertOrDdcg_gapany_illibany_lrstraddle_exclyr,backsliding_union_Nyr,866,127,-0.07386992372339561,0.33879548197694065,419,67,0.00315707219819343,0.01120202730302518,0.7780735347390347,0.01414899903878393,0.1279507083993939,0.9119481081768376,18.86061731101864
6,backsliding_union_Nyr,Y_hos_power_vdem,HOS (v2ex_hosw),exec_power_alt,instr-antiplural_w6_trt-ertOrDdcg_gapany_illibany_lrstraddle_exclyr,backsliding_union_Nyr,866,127,-0.07386992372339561,0.33879548197694065,801,119,0.03326978229667979,0.03588445488898155,0.3538557484499084,-0.35602306406981726,0.4873362618983096,0.46505461619219646,20.55756736481495
6,backsliding_union_Nyr,Y_hog_power_vdem,HOG (v2ex_hogw),exec_power_alt,instr-antiplural_w6_trt-ertOrDdcg_gapany_illibany_lrstraddle_exclyr,backsliding_union_Nyr,866,127,-0.07386992372339561,0.33879548197694065,801,119,-0.01987308758506578,0.03554798108552331,0.5761278127961733,0.24791206867654172,0.45169998178575826,0.5831136605817939,19.665903471831378
6,backsliding_union_Nyr,Y_polyarchy,Electoral (polyarchy),vdem_high,instr-antiplural_w6_trt-ertOrDdcg_gapany_illibany_lrstraddle_exclyr,backsliding_union_Nyr,866,127,-0.07386992372339561,0.33879548197694065,801,119,0.01453269385868526,0.0193191415365792,0.4519047873830299,-0.18196104561284063,0.2321799094084761,0.4332119900991817,17.415850766451292
6,backsliding_union_Nyr,Y_libdem,Liberal,vdem_high,instr-antiplural_w6_trt-ertOrDdcg_gapany_illibany_lrstraddle_exclyr,backsliding_union_Nyr,866,127,-0.07386992372339561,0.33879548197694065,801,119,0.00845919494805565,0.01777131663558703,0.6340724444540246,-0.1364405355815184,0.21681777639090696,0.5291613993875471,18.208832769328595
6,backsliding_union_Nyr,Y_partipdem,Participatory,vdem_high,instr-antiplural_w6_trt-ertOrDdcg_gapany_illibany_lrstraddle_exclyr,backsliding_union_Nyr,866,127,-0.07386992372339561,0.33879548197694065,801,119,0.01277603682972586,0.01525541445651236,0.40232530667460786,-0.14381263339544106,0.17955861606571907,0.42317619842310694,18.590900108454324
6,backsliding_union_Nyr,Y_delibdem,Deliberative,vdem_high,instr-antiplural_w6_trt-ertOrDdcg_gapany_illibany_lrstraddle_exclyr,backsliding_union_Nyr,866,127,-0.07386992372339561,0.33879548197694065,801,119,0.02075449788778802,0.02270125476776773,0.36058837286610895,-0.2278019513695451,0.26584407832326,0.39149981878400397,18.834910300423704
6,backsliding_union_Nyr,Y_egaldem,Egalitarian,vdem_high,instr-antiplural_w6_trt-ertOrDdcg_gapany_illibany_lrstraddle_exclyr,backsliding_union_Nyr,866,127,-0.07386992372339561,0.33879548197694065,801,119,0.00616627414298831,0.01357605303543022,0.6496832474133055,-0.07327945017290845,0.15874446024868533,0.644354606727301,20.294042008833294
6,backsliding_union_Nyr,Y_elecoff,Elected officials,vdem_electoral,instr-antiplural_w6_trt-ertOrDdcg_gapany_illibany_lrstraddle_exclyr,backsliding_union_Nyr,866,127,-0.07386992372339561,0.33879548197694065,801,119,-0.01453928642847487,0.03998717191203329,0.7161576471670379,0.13693590198204014,0.4769662399745223,0.7740375268500147,17.48463186587167
6,backsliding_union_Nyr,Y_frefair,Clean elections,vdem_electoral,instr-antiplural_w6_trt-ertOrDdcg_gapany_illibany_lrstraddle_exclyr,backsliding_union_Nyr,866,127,-0.07386992372339561,0.33879548197694065,801,119,0.0101599677766991,0.02390462679758585,0.6708213847350729,-0.12740368566299506,0.2691644721336726,0.6359775870101012,20.94784981063254
6,backsliding_union_Nyr,Y_frassoc,Association,vdem_electoral,instr-antiplural_w6_trt-ertOrDdcg_gapany_illibany_lrstraddle_exclyr,backsliding_union_Nyr,866,127,-0.07386992372339561,0.33879548197694065,801,119,1.3713516973927042e-5,0.01628575024751269,0.9993281364377786,-0.01898710354728608,0.19076379726539505,0.920715876392797,17.32699147355904
6,backsliding_union_Nyr,Y_suffr,Suffrage,vdem_electoral,instr-antiplural_w6_trt-ertOrDdcg_gapany_illibany_lrstraddle_exclyr,backsliding_union_Nyr,866,127,-0.07386992372339561,0.33879548197694065,801,119,0.0073957187950942,0.01267133148793612,0.559450705882946,-0.06968739339359978,0.10590770672780513,0.5105373887191786,27.174787216969943
6,backsliding_union_Nyr,Y_freexp,Expression & alt. info,vdem_electoral,instr-antiplural_w6_trt-ertOrDdcg_gapany_illibany_lrstraddle_exclyr,backsliding_union_Nyr,866,127,-0.07386992372339561,0.33879548197694065,801,119,-0.00191740302110844,0.0214236071747112,0.9286849178896474,0.00311896043927892,0.25550237693669997,0.9902603310161968,17.78890816955914
6,backsliding_union_Nyr,Y_cl_rol,Rule of law,vdem_liberal,instr-antiplural_w6_trt-ertOrDdcg_gapany_illibany_lrstraddle_exclyr,backsliding_union_Nyr,866,127,-0.07386992372339561,0.33879548197694065,801,119,-0.00954489392630267,0.01494747635280269,0.5231077547205013,0.09365061011839652,0.20026872231565576,0.6400529663485252,16.495920589063598
6,backsliding_union_Nyr,Y_cspart,Civil society,vdem_particip,instr-antiplural_w6_trt-ertOrDdcg_gapany_illibany_lrstraddle_exclyr,backsliding_union_Nyr,866,127,-0.07386992372339561,0.33879548197694065,801,119,0.00164976468491671,0.01994533671761168,0.9340787092959696,0.02001104952233066,0.17290368467491887,0.9078623760618728,23.4679681521866
6,backsliding_union_Nyr,Y_dd,Direct democracy,vdem_particip,instr-antiplural_w6_trt-ertOrDdcg_gapany_illibany_lrstraddle_exclyr,backsliding_union_Nyr,866,127,-0.07386992372339561,0.33879548197694065,801,119,0.01137673531526973,0.02094988463125185,0.5870986481557027,-0.09836523921937047,0.17708890255830653,0.5785822350983607,28.653326702946455
6,backsliding_union_Nyr,Y_locelec,Local elections,vdem_particip,instr-antiplural_w6_trt-ertOrDdcg_gapany_illibany_lrstraddle_exclyr,backsliding_union_Nyr,866,127,-0.07386992372339561,0.33879548197694065,791,116,0.00698338214677874,0.01956583207470693,0.7211537872528042,-0.12410037106892946,0.21024273316023545,0.5550083958992889,14.992458816231364
6,backsliding_union_Nyr,Y_regelec,Regional elections,vdem_particip,instr-antiplural_w6_trt-ertOrDdcg_gapany_illibany_lrstraddle_exclyr,backsliding_union_Nyr,866,127,-0.07386992372339561,0.33879548197694065,801,119,-0.05872390813688494,0.02758443984403518,0.03326435235822116,0.5158161053205623,0.46077945902839146,0.26295141228355734,21.9688499070618
6,backsliding_union_Nyr,Y_delib,Deliberation,vdem_egal_delib,instr-antiplural_w6_trt-ertOrDdcg_gapany_illibany_lrstraddle_exclyr,backsliding_union_Nyr,866,127,-0.07386992372339561,0.33879548197694065,801,119,0.02472727058883763,0.02961697210588326,0.4037728630547496,-0.26456275862758044,0.3180572339920137,0.4055169602739439,19.046699186996417
6,backsliding_union_Nyr,Y_eqprotec,Equal protection,vdem_egal_delib,instr-antiplural_w6_trt-ertOrDdcg_gapany_illibany_lrstraddle_exclyr,backsliding_union_Nyr,866,127,-0.07386992372339561,0.33879548197694065,801,119,-0.0085184030232450109,0.01626032138136992,0.6003643222953594,0.09325233193921124,0.15958466352346745,0.5589889315070964,21.154606660541713
6,backsliding_union_Nyr,Y_eqaccess,Equal access,vdem_egal_delib,instr-antiplural_w6_trt-ertOrDdcg_gapany_illibany_lrstraddle_exclyr,backsliding_union_Nyr,866,127,-0.07386992372339561,0.33879548197694065,801,119,-0.00696821414618979,0.01674171864941989,0.6772500745297323,0.07518594346222131,0.17788452432774784,0.672538132243562,19.548812238206743
6,backsliding_union_Nyr,Y_eqdr,Equal distribution,vdem_egal_delib,instr-antiplural_w6_trt-ertOrDdcg_gapany_illibany_lrstraddle_exclyr,backsliding_union_Nyr,866,127,-0.07386992372339561,0.33879548197694065,801,119,-0.00525372311667439,0.01319430573608762,0.6904966997040862,0.01652115951882759,0.1101809549332495,0.8808074623002609,21.98062234502586
6,polyarchy_decline,Y_gdp_growth,PWT,growth,instr-antiplural_w6_trt-polyarchy_gapany_illibany_lrstraddle_exclyr,polyarchy_decline,801,295,-0.01453269385868526,0.4519047873830299,756,265,-0.06750215195289298,0.03690641156667114,0.06739828825066187,3.2526257056744052,18.732346329634233,0.8621508657668326,14.988723290585284
6,polyarchy_decline,Y_gdp_growth_wb,World Bank,growth,instr-antiplural_w6_trt-polyarchy_gapany_illibany_lrstraddle_exclyr,polyarchy_decline,801,295,-0.01453269385868526,0.4519047873830299,760,274,-0.04121732669960132,0.03035253600119117,0.17447850018522307,2.47988118805568,10.933682128996782,0.8205705810552062,15.234453949368932
6,polyarchy_decline,Y_gdp_growth_imf,IMF WEO,growth,instr-antiplural_w6_trt-polyarchy_gapany_illibany_lrstraddle_exclyr,polyarchy_decline,801,295,-0.01453269385868526,0.4519047873830299,572,217,-0.02586314170674632,0.03229974876494759,0.4232922040345156,0.9249359286893828,4.192131250879423,0.8253757084274782,17.332185051890054
6,polyarchy_decline,Y_inflation,"CPI, cumulative log",inflation,instr-antiplural_w6_trt-polyarchy_gapany_illibany_lrstraddle_exclyr,polyarchy_decline,801,295,-0.01453269385868526,0.4519047873830299,689,251,-0.13404028453912686,0.24155726221431645,0.5789626095628451,8.345106382831162,39.8803683010217,0.8342503549704492,15.196488552969807
6,polyarchy_decline,Y_unemployment,Unemployment rate,unemployment,instr-antiplural_w6_trt-polyarchy_gapany_illibany_lrstraddle_exclyr,polyarchy_decline,801,295,-0.01453269385868526,0.4519047873830299,552,256,-0.1947725692775334,0.803249556583473,0.8084076572811367,124.95471251015124,1282.009339397353,0.9223548531511734,18.211697119162107
6,polyarchy_decline,Y_trade_pct_gdp,Trade / GDP,trade,instr-antiplural_w6_trt-polyarchy_gapany_illibany_lrstraddle_exclyr,polyarchy_decline,801,295,-0.01453269385868526,0.4519047873830299,694,249,-0.8760965442481226,3.3513607636910336,0.7937723595860381,91.76501351460688,331.10792631600526,0.7816685208049572,21.07748853828159
6,polyarchy_decline,Y_top10_share,Top-10% income share,top10,instr-antiplural_w6_trt-polyarchy_gapany_illibany_lrstraddle_exclyr,polyarchy_decline,801,295,-0.01453269385868526,0.4519047873830299,715,265,-0.5910619539870376,0.5814536274819818,0.3093796080885981,23.387800364553073,101.79678394994266,0.818286121640086,18.534891109866113
6,polyarchy_decline,Y_gini_disp,Disposable,gini,instr-antiplural_w6_trt-polyarchy_gapany_illibany_lrstraddle_exclyr,polyarchy_decline,801,295,-0.01453269385868526,0.4519047873830299,624,218,0.31663022857516876,0.42766738424278566,0.4590781732737124,-463.6944943427795,4344.715166886816,0.9150062780708637,22.878269292450348
6,polyarchy_decline,Y_gini_mkt,Market,gini,instr-antiplural_w6_trt-polyarchy_gapany_illibany_lrstraddle_exclyr,polyarchy_decline,801,295,-0.01453269385868526,0.4519047873830299,624,218,0.3282398175673127,0.43455767967661535,0.4500435962432795,-400.8222433274194,5140.377058969758,0.937847731844866,22.500838709091333
6,polyarchy_decline,Y_debt,Debt / GDP,fiscal,instr-antiplural_w6_trt-polyarchy_gapany_illibany_lrstraddle_exclyr,polyarchy_decline,801,295,-0.01453269385868526,0.4519047873830299,737,271,4.6190599002745865,11.933263530787691,0.6987011862405602,-334.57790656344326,1030.1483531229117,0.7453429355434964,14.774458862983776
6,polyarchy_decline,Y_deficit,Deficit / GDP,fiscal,instr-antiplural_w6_trt-polyarchy_gapany_illibany_lrstraddle_exclyr,polyarchy_decline,801,295,-0.01453269385868526,0.4519047873830299,666,253,0.8643963853482253,1.4449131208395931,0.5496837020259508,-57.03946509093636,240.4975404907981,0.8125227690112066,16.389353478336666
6,polyarchy_decline,Y_checks_balances,Checks & balances,institutions,instr-antiplural_w6_trt-polyarchy_gapany_illibany_lrstraddle_exclyr,polyarchy_decline,801,295,-0.01453269385868526,0.4519047873830299,786,295,0.01129601283778051,0.02143589169039119,0.5982163333040482,-0.14429251007049113,1.463946195425015,0.9214843910275468,14.873635245965035
6,polyarchy_decline,Y_jucon,Judicial constraints,institutions,instr-antiplural_w6_trt-polyarchy_gapany_illibany_lrstraddle_exclyr,polyarchy_decline,801,295,-0.01453269385868526,0.4519047873830299,801,295,-0.01039857424567995,0.02176269420141793,0.6327808204576193,0.7882026262030577,9.835398767700438,0.9361264135032332,13.822780043996714
6,polyarchy_decline,Y_legcon,Legislative constraints,institutions,instr-antiplural_w6_trt-polyarchy_gapany_illibany_lrstraddle_exclyr,polyarchy_decline,801,295,-0.01453269385868526,0.4519047873830299,786,295,0.01882493384679987,0.02750311294220337,0.4936812240767249,-0.5418517218118831,1.619935043395186,0.7380099990418432,14.849005055930524
6,polyarchy_decline,Y_hos_power,HOS,exec_power,instr-antiplural_w6_trt-polyarchy_gapany_illibany_lrstraddle_exclyr,polyarchy_decline,801,295,-0.01453269385868526,0.4519047873830299,801,295,0.00636836973385906,0.01747983619051332,0.7156141198238748,-0.07068114742623821,2.7396050634465867,0.9794170549396464,17.46882885715237
6,polyarchy_decline,Y_hog_power,HOG,exec_power,instr-antiplural_w6_trt-polyarchy_gapany_illibany_lrstraddle_exclyr,polyarchy_decline,801,295,-0.01453269385868526,0.4519047873830299,419,153,0.00315707219819343,0.01120202730302518,0.7780735347390347,0.09645113834247598,2.5101262670412705,0.969348975792472,16.259997888109574
6,polyarchy_decline,Y_hos_power_vdem,HOS (v2ex_hosw),exec_power_alt,instr-antiplural_w6_trt-polyarchy_gapany_illibany_lrstraddle_exclyr,polyarchy_decline,801,295,-0.01453269385868526,0.4519047873830299,801,295,0.03326978229667979,0.03588445488898155,0.3538557484499084,-2.8726035307936955,7.750316807778248,0.710903175563945,18.311764044744063
6,polyarchy_decline,Y_hog_power_vdem,HOG (v2ex_hogw),exec_power_alt,instr-antiplural_w6_trt-polyarchy_gapany_illibany_lrstraddle_exclyr,polyarchy_decline,801,295,-0.01453269385868526,0.4519047873830299,801,295,-0.01987308758506578,0.03554798108552331,0.5761278127961733,1.2943412128416467,10.712318835814695,0.9038277780961969,15.495654371993338
6,polyarchy_decline,Y_polyarchy,Electoral (polyarchy),vdem_high,instr-antiplural_w6_trt-polyarchy_gapany_illibany_lrstraddle_exclyr,polyarchy_decline,801,295,-0.01453269385868526,0.4519047873830299,801,295,0.01453269385868526,0.0193191415365792,0.4519047873830299,-1,5.694781953597625e-16,0,14.26018520900722
6,polyarchy_decline,Y_libdem,Liberal,vdem_high,instr-antiplural_w6_trt-polyarchy_gapany_illibany_lrstraddle_exclyr,polyarchy_decline,801,295,-0.01453269385868526,0.4519047873830299,801,295,0.00845919494805565,0.01777131663558703,0.6340724444540246,-0.5748600066336634,1.579710287254498,0.7159310617471517,14.979148922627385
6,polyarchy_decline,Y_partipdem,Participatory,vdem_high,instr-antiplural_w6_trt-polyarchy_gapany_illibany_lrstraddle_exclyr,polyarchy_decline,801,295,-0.01453269385868526,0.4519047873830299,801,295,0.01277603682972586,0.01525541445651236,0.40232530667460786,-0.6863222405326496,0.7745930328591191,0.3755947001386411,18.951857251890974
6,polyarchy_decline,Y_delibdem,Deliberative,vdem_high,instr-antiplural_w6_trt-polyarchy_gapany_illibany_lrstraddle_exclyr,polyarchy_decline,801,295,-0.01453269385868526,0.4519047873830299,801,295,0.02075449788778802,0.02270125476776773,0.36058837286610895,-1.117564179726128,2.1164276536630657,0.5974696971782235,16.183630272320638
6,polyarchy_decline,Y_egaldem,Egalitarian,vdem_high,instr-antiplural_w6_trt-polyarchy_gapany_illibany_lrstraddle_exclyr,polyarchy_decline,801,295,-0.01453269385868526,0.4519047873830299,801,295,0.00616627414298831,0.01357605303543022,0.6496832474133055,-0.5475565548783341,1.1528426352958248,0.6348139898764729,22.879587379540386
6,polyarchy_decline,Y_elecoff,Elected officials,vdem_electoral,instr-antiplural_w6_trt-polyarchy_gapany_illibany_lrstraddle_exclyr,polyarchy_decline,801,295,-0.01453269385868526,0.4519047873830299,801,295,-0.01453928642847487,0.03998717191203329,0.7161576471670379,1.073579723434381,5.3231200948809425,0.8401650098188853,18.34650936658433
6,polyarchy_decline,Y_frefair,Clean elections,vdem_electoral,instr-antiplural_w6_trt-polyarchy_gapany_illibany_lrstraddle_exclyr,polyarchy_decline,801,295,-0.01453269385868526,0.4519047873830299,801,295,0.0101599677766991,0.02390462679758585,0.6708213847350729,-1.415355198796612,2.237825830379982,0.5270805366599038,16.223615517413574
6,polyarchy_decline,Y_frassoc,Association,vdem_electoral,instr-antiplural_w6_trt-polyarchy_gapany_illibany_lrstraddle_exclyr,polyarchy_decline,801,295,-0.01453269385868526,0.4519047873830299,801,295,1.3713516973927042e-5,0.01628575024751269,0.9993281364377786,0.10521563358690658,2.4543552318528845,0.9658059996896708,20.39315777014504
6,polyarchy_decline,Y_suffr,Suffrage,vdem_electoral,instr-antiplural_w6_trt-polyarchy_gapany_illibany_lrstraddle_exclyr,polyarchy_decline,801,295,-0.01453269385868526,0.4519047873830299,801,295,0.0073957187950942,0.01267133148793612,0.559450705882946,-0.28169853001739376,2.5949212248295157,0.9135533587079798,15.650927956039167
6,polyarchy_decline,Y_freexp,Expression & alt. info,vdem_electoral,instr-antiplural_w6_trt-polyarchy_gapany_illibany_lrstraddle_exclyr,polyarchy_decline,801,295,-0.01453269385868526,0.4519047873830299,801,295,-0.00191740302110844,0.0214236071747112,0.9286849178896474,0.1660655870024454,3.3149904882713788,0.9600464104795216,21.158610877192057
6,polyarchy_decline,Y_cl_rol,Rule of law,vdem_liberal,instr-antiplural_w6_trt-polyarchy_gapany_illibany_lrstraddle_exclyr,polyarchy_decline,801,295,-0.01453269385868526,0.4519047873830299,801,295,-0.00954489392630267,0.01494747635280269,0.5231077547205013,0.44787345286245994,3.7135194849953743,0.9040029622522492,16.43295405043931
6,polyarchy_decline,Y_cspart,Civil society,vdem_particip,instr-antiplural_w6_trt-polyarchy_gapany_illibany_lrstraddle_exclyr,polyarchy_decline,801,295,-0.01453269385868526,0.4519047873830299,801,295,0.00164976468491671,0.01994533671761168,0.9340787092959696,-0.0041844861749781,1.707052497131223,0.9980441529619816,17.893379209194926
6,polyarchy_decline,Y_dd,Direct democracy,vdem_particip,instr-antiplural_w6_trt-polyarchy_gapany_illibany_lrstraddle_exclyr,polyarchy_decline,801,295,-0.01453269385868526,0.4519047873830299,801,295,0.01137673531526973,0.02094988463125185,0.5870986481557027,-0.28439152215674124,3.610163606003437,0.937211394559588,19.880851001209408
6,polyarchy_decline,Y_locelec,Local elections,vdem_particip,instr-antiplural_w6_trt-polyarchy_gapany_illibany_lrstraddle_exclyr,polyarchy_decline,801,295,-0.01453269385868526,0.4519047873830299,791,290,0.00698338214677874,0.01956583207470693,0.7211537872528042,-1.1030633813014743,3.1806866134627048,0.728741278616482,14.340692102508626
6,polyarchy_decline,Y_regelec,Regional elections,vdem_particip,instr-antiplural_w6_trt-polyarchy_gapany_illibany_lrstraddle_exclyr,polyarchy_decline,801,295,-0.01453269385868526,0.4519047873830299,801,295,-0.05872390813688494,0.02758443984403518,0.03326435235822116,4.588177759117708,12.145765546727738,0.7056092967956512,17.781910989328622
6,polyarchy_decline,Y_delib,Deliberation,vdem_egal_delib,instr-antiplural_w6_trt-polyarchy_gapany_illibany_lrstraddle_exclyr,polyarchy_decline,801,295,-0.01453269385868526,0.4519047873830299,801,295,0.02472727058883763,0.02961697210588326,0.4037728630547496,-1.9915518591001928,5.435465240396556,0.7140669773016628,14.834188485469731
6,polyarchy_decline,Y_eqprotec,Equal protection,vdem_egal_delib,instr-antiplural_w6_trt-polyarchy_gapany_illibany_lrstraddle_exclyr,polyarchy_decline,801,295,-0.01453269385868526,0.4519047873830299,801,295,-0.0085184030232450109,0.01626032138136992,0.6003643222953594,0.5500165214548187,2.675255634895033,0.83710806049374,15.917866088393325
6,polyarchy_decline,Y_eqaccess,Equal access,vdem_egal_delib,instr-antiplural_w6_trt-polyarchy_gapany_illibany_lrstraddle_exclyr,polyarchy_decline,801,295,-0.01453269385868526,0.4519047873830299,801,295,-0.00696821414618979,0.01674171864941989,0.6772500745297323,0.31848275072951615,2.9177278295540203,0.9130800493627114,14.79479160345806
6,polyarchy_decline,Y_eqdr,Equal distribution,vdem_egal_delib,instr-antiplural_w6_trt-polyarchy_gapany_illibany_lrstraddle_exclyr,polyarchy_decline,801,295,-0.01453269385868526,0.4519047873830299,801,295,-0.00525372311667439,0.01319430573608762,0.6904966997040862,0.4365135541542095,2.1674707009095933,0.8403912423586672,15.455434107398226
7,backsliding_Nyr,Y_gdp_growth,PWT,growth,instr-antiplural_w7_trt-ert_gapany_illibany_lrstraddle_exclyr,backsliding_Nyr,866,119,-0.06419892782401736,0.3902440596285629,740,101,-0.06108464102600328,0.03674545429212094,0.09643806396092404,0.3918424310864642,0.5547923894571652,0.4800099241870628,25.85169475484984
7,backsliding_Nyr,Y_gdp_growth_wb,World Bank,growth,instr-antiplural_w7_trt-ert_gapany_illibany_lrstraddle_exclyr,backsliding_Nyr,866,119,-0.06419892782401736,0.3902440596285629,746,103,-0.03409467673859978,0.0299316719518576,0.25466828572388256,0.26758181444019563,0.4490863621854842,0.5512848022945895,24.858522143280712
7,backsliding_Nyr,Y_gdp_growth_imf,IMF WEO,growth,instr-antiplural_w7_trt-ert_gapany_illibany_lrstraddle_exclyr,backsliding_Nyr,866,119,-0.06419892782401736,0.3902440596285629,561,80,-0.03126442726829639,0.03349473830193673,0.35060672297798295,0.2483764776090578,0.37407942805258865,0.5067112920195469,26.50560889140449
7,backsliding_Nyr,Y_inflation,"CPI, cumulative log",inflation,instr-antiplural_w7_trt-ert_gapany_illibany_lrstraddle_exclyr,backsliding_Nyr,866,119,-0.06419892782401736,0.3902440596285629,676,92,-0.13559883570485942,0.2790969876806108,0.6270746279926912,1.814444231383599,2.841509653982242,0.5231161197938363,16.949162922571077
7,backsliding_Nyr,Y_unemployment,Unemployment rate,unemployment,instr-antiplural_w7_trt-ert_gapany_illibany_lrstraddle_exclyr,backsliding_Nyr,866,119,-0.06419892782401736,0.3902440596285629,526,96,-0.4018363065018301,0.8208443798331523,0.6244593145882447,3.137840257340478,7.326446531646335,0.6684403490445603,21.121742864334404
7,backsliding_Nyr,Y_trade_pct_gdp,Trade / GDP,trade,instr-antiplural_w7_trt-ert_gapany_illibany_lrstraddle_exclyr,backsliding_Nyr,866,119,-0.06419892782401736,0.3902440596285629,681,94,-0.654652288365563,3.585865846970897,0.8551396353505875,11.21430375633364,41.62525606257165,0.7876133871913805,18.096797455695175
7,backsliding_Nyr,Y_top10_share,Top-10% income share,top10,instr-antiplural_w7_trt-ert_gapany_illibany_lrstraddle_exclyr,backsliding_Nyr,866,119,-0.06419892782401736,0.3902440596285629,700,99,-0.06517921516873897,0.7318344836810132,0.9290320153760048,0.990890556001777,9.939401309485858,0.9205879125711636,20.474197667436236
7,backsliding_Nyr,Y_gini_disp,Disposable,gini,instr-antiplural_w7_trt-ert_gapany_illibany_lrstraddle_exclyr,backsliding_Nyr,866,119,-0.06419892782401736,0.3902440596285629,597,80,0.460428178199526,0.4980787355657791,0.35527371122299495,-5.413330069796002,8.270613197642419,0.5127730834910504,18.85449163345863
7,backsliding_Nyr,Y_gini_mkt,Market,gini,instr-antiplural_w7_trt-ert_gapany_illibany_lrstraddle_exclyr,backsliding_Nyr,866,119,-0.06419892782401736,0.3902440596285629,597,80,0.6822625134058902,0.5046218522158517,0.17636658656027443,-9.505222010385506,11.177508449576068,0.39510925861514307,19.880551937519144
7,backsliding_Nyr,Y_debt,Debt / GDP,fiscal,instr-antiplural_w7_trt-ert_gapany_illibany_lrstraddle_exclyr,backsliding_Nyr,866,119,-0.06419892782401736,0.3902440596285629,723,102,-0.6371642567490721,11.282845351948962,0.9549658420533612,19.689846038971055,105.07363222949232,0.8513541306439256,25.439681294860073
7,backsliding_Nyr,Y_deficit,Deficit / GDP,fiscal,instr-antiplural_w7_trt-ert_gapany_illibany_lrstraddle_exclyr,backsliding_Nyr,866,119,-0.06419892782401736,0.3902440596285629,651,93,0.6534227109442458,1.3124561885683488,0.6185809645639944,-5.989167419104335,14.848435092112576,0.6866882313036553,20.09753832093291
7,backsliding_Nyr,Y_checks_balances,Checks & balances,institutions,instr-antiplural_w7_trt-ert_gapany_illibany_lrstraddle_exclyr,backsliding_Nyr,866,119,-0.06419892782401736,0.3902440596285629,759,105,0.01786803299590588,0.02398719684176847,0.4563329295404724,-0.13888911904571846,0.23099485265546177,0.5476635003264283,27.090325559773863
7,backsliding_Nyr,Y_jucon,Judicial constraints,institutions,instr-antiplural_w7_trt-ert_gapany_illibany_lrstraddle_exclyr,backsliding_Nyr,866,119,-0.06419892782401736,0.3902440596285629,775,107,0.00132947135531963,0.02529580289379972,0.9580848835744542,-3.642593052271617e-4,0.3838916439755346,0.9992429196188072,20.977444467644514
7,backsliding_Nyr,Y_legcon,Legislative constraints,institutions,instr-antiplural_w7_trt-ert_gapany_illibany_lrstraddle_exclyr,backsliding_Nyr,866,119,-0.06419892782401736,0.3902440596285629,759,105,0.02508557931914457,0.02978176529849731,0.39961256495086017,-0.22793324190198527,0.3137446431055659,0.4675366853069921,24.159378497729612
7,backsliding_Nyr,Y_hos_power,HOS,exec_power,instr-antiplural_w7_trt-ert_gapany_illibany_lrstraddle_exclyr,backsliding_Nyr,866,119,-0.06419892782401736,0.3902440596285629,775,107,0.00922223404317538,0.01983422351488613,0.6419560045373044,-0.17999438096924547,0.29406375935995044,0.5404762009220323,23.904546039550908
7,backsliding_Nyr,Y_hog_power,HOG,exec_power,instr-antiplural_w7_trt-ert_gapany_illibany_lrstraddle_exclyr,backsliding_Nyr,866,119,-0.06419892782401736,0.3902440596285629,404,59,0.00737607885718493,0.01258787500865147,0.5578977178118212,-0.0789247661365854,0.2228878496219844,0.7232633416426768,22.855003493049203
7,backsliding_Nyr,Y_hos_power_vdem,HOS (v2ex_hosw),exec_power_alt,instr-antiplural_w7_trt-ert_gapany_illibany_lrstraddle_exclyr,backsliding_Nyr,866,119,-0.06419892782401736,0.3902440596285629,775,107,0.04172257466851759,0.03891536819888648,0.28365886507864,-0.5060144682731311,0.7740658020957033,0.5132987319982791,20.253539488922183
7,backsliding_Nyr,Y_hog_power_vdem,HOG (v2ex_hogw),exec_power_alt,instr-antiplural_w7_trt-ert_gapany_illibany_lrstraddle_exclyr,backsliding_Nyr,866,119,-0.06419892782401736,0.3902440596285629,775,107,-0.02397466776456443,0.03844040839048587,0.5328351311454913,0.37692006789818105,0.7693432389577597,0.6241873565590229,17.809745500779897
7,backsliding_Nyr,Y_polyarchy,Electoral (polyarchy),vdem_high,instr-antiplural_w7_trt-ert_gapany_illibany_lrstraddle_exclyr,backsliding_Nyr,866,119,-0.06419892782401736,0.3902440596285629,775,107,0.02037584283514202,0.02158077927804437,0.34508471334721513,-0.25702287713450445,0.3436390112883446,0.45449368962189574,20.656012195111863
7,backsliding_Nyr,Y_libdem,Liberal,vdem_high,instr-antiplural_w7_trt-ert_gapany_illibany_lrstraddle_exclyr,backsliding_Nyr,866,119,-0.06419892782401736,0.3902440596285629,775,107,0.01697356575058905,0.02156386203128288,0.43120568702249096,-0.21871876899290948,0.3056236936942437,0.4742091637418832,21.00863814062367
7,backsliding_Nyr,Y_partipdem,Participatory,vdem_high,instr-antiplural_w7_trt-ert_gapany_illibany_lrstraddle_exclyr,backsliding_Nyr,866,119,-0.06419892782401736,0.3902440596285629,775,107,0.01131510286566203,0.01504449940498269,0.45198553351998744,-0.2469583193234723,0.2898065721954874,0.3941315161917032,19.464117598981915
7,backsliding_Nyr,Y_delibdem,Deliberative,vdem_high,instr-antiplural_w7_trt-ert_gapany_illibany_lrstraddle_exclyr,backsliding_Nyr,866,119,-0.06419892782401736,0.3902440596285629,775,107,0.02559515433906377,0.0241604027356392,0.2894247403273085,-0.26764385193019863,0.3140782762555926,0.3941272236234656,23.09409520394295
7,backsliding_Nyr,Y_egaldem,Egalitarian,vdem_high,instr-antiplural_w7_trt-ert_gapany_illibany_lrstraddle_exclyr,backsliding_Nyr,866,119,-0.06419892782401736,0.3902440596285629,775,107,0.01502437957596404,0.01545463728278712,0.33097097609743104,-0.15851339028883044,0.2281230841143357,0.487143635653124,21.91370938690045
7,backsliding_Nyr,Y_elecoff,Elected officials,vdem_electoral,instr-antiplural_w7_trt-ert_gapany_illibany_lrstraddle_exclyr,backsliding_Nyr,866,119,-0.06419892782401736,0.3902440596285629,775,107,-0.01349067488302063,0.04051827034871339,0.7391698505298998,0.09676726435107628,0.5304404561438802,0.8552467459316175,21.932979336873306
7,backsliding_Nyr,Y_frefair,Clean elections,vdem_electoral,instr-antiplural_w7_trt-ert_gapany_illibany_lrstraddle_exclyr,backsliding_Nyr,866,119,-0.06419892782401736,0.3902440596285629,775,107,0.02270199244012816,0.02825309982615189,0.42167298061000985,-0.12641696013876486,0.3698203198232086,0.7324762260271859,22.079929410847125
7,backsliding_Nyr,Y_frassoc,Association,vdem_electoral,instr-antiplural_w7_trt-ert_gapany_illibany_lrstraddle_exclyr,backsliding_Nyr,866,119,-0.06419892782401736,0.3902440596285629,775,107,0.00643136973285889,0.01788895698946768,0.7192089653903104,-0.06334650775577232,0.2519347957333886,0.8014738755618629,20.90708993180142
7,backsliding_Nyr,Y_suffr,Suffrage,vdem_electoral,instr-antiplural_w7_trt-ert_gapany_illibany_lrstraddle_exclyr,backsliding_Nyr,866,119,-0.06419892782401736,0.3902440596285629,775,107,0.0074495777782359,0.01320780450932229,0.5727347563032995,-0.0934348279050124,0.16004768113765716,0.5593591175280175,26.282735654889432
7,backsliding_Nyr,Y_freexp,Expression & alt. info,vdem_electoral,instr-antiplural_w7_trt-ert_gapany_illibany_lrstraddle_exclyr,backsliding_Nyr,866,119,-0.06419892782401736,0.3902440596285629,775,107,0.00625157101133096,0.02474132002969446,0.8005175574032184,-0.07367548776815372,0.33829752960698195,0.8275981057548023,20.777154319771896
7,backsliding_Nyr,Y_cl_rol,Rule of law,vdem_liberal,instr-antiplural_w7_trt-ert_gapany_illibany_lrstraddle_exclyr,backsliding_Nyr,866,119,-0.06419892782401736,0.3902440596285629,775,107,-0.00843497996229459,0.01898668979529094,0.6568564009035456,0.1830516884685203,0.3121829242078999,0.5576333838801204,21.15123490137664
7,backsliding_Nyr,Y_cspart,Civil society,vdem_particip,instr-antiplural_w7_trt-ert_gapany_illibany_lrstraddle_exclyr,backsliding_Nyr,866,119,-0.06419892782401736,0.3902440596285629,775,107,-0.00394232604412247,0.02186436143801768,0.8569105327292746,0.09584474554797016,0.28180355645655764,0.7337722537408182,23.59018382639178
7,backsliding_Nyr,Y_dd,Direct democracy,vdem_particip,instr-antiplural_w7_trt-ert_gapany_illibany_lrstraddle_exclyr,backsliding_Nyr,866,119,-0.06419892782401736,0.3902440596285629,775,107,0.00398994387083568,0.02087020295524149,0.8483853805089633,-0.03203101028572106,0.2550975065421322,0.9000772257411408,26.795075387295753
7,backsliding_Nyr,Y_locelec,Local elections,vdem_particip,instr-antiplural_w7_trt-ert_gapany_illibany_lrstraddle_exclyr,backsliding_Nyr,866,119,-0.06419892782401736,0.3902440596285629,767,106,0.01564267949803126,0.02113274693399552,0.4591723255147647,-0.286648266246034,0.2990512710286821,0.33779784409273583,14.103638210772116
7,backsliding_Nyr,Y_regelec,Regional elections,vdem_particip,instr-antiplural_w7_trt-ert_gapany_illibany_lrstraddle_exclyr,backsliding_Nyr,866,119,-0.06419892782401736,0.3902440596285629,775,107,-0.04707268105527511,0.02774366730041459,0.08975338759675358,0.601603413279704,0.7973287045284391,0.45053481303003046,21.11250052297038
7,backsliding_Nyr,Y_delib,Deliberation,vdem_egal_delib,instr-antiplural_w7_trt-ert_gapany_illibany_lrstraddle_exclyr,backsliding_Nyr,866,119,-0.06419892782401736,0.3902440596285629,775,107,0.02392760337709994,0.03096064169377021,0.4396174396693658,-0.1709922539073152,0.3183976609860671,0.5912400406033724,25.512774222420852
7,backsliding_Nyr,Y_eqprotec,Equal protection,vdem_egal_delib,instr-antiplural_w7_trt-ert_gapany_illibany_lrstraddle_exclyr,backsliding_Nyr,866,119,-0.06419892782401736,0.3902440596285629,775,107,-0.00948501629966127,0.01553965214708138,0.5416133772222604,0.1338921458017673,0.20995244531110716,0.5236520183298827,23.577919154262055
7,backsliding_Nyr,Y_eqaccess,Equal access,vdem_egal_delib,instr-antiplural_w7_trt-ert_gapany_illibany_lrstraddle_exclyr,backsliding_Nyr,866,119,-0.06419892782401736,0.3902440596285629,775,107,-0.00953654357478138,0.01990466004512366,0.6318595933456328,0.1289137207235262,0.2612569076110976,0.6217041254300522,21.879289709758616
7,backsliding_Nyr,Y_eqdr,Equal distribution,vdem_egal_delib,instr-antiplural_w7_trt-ert_gapany_illibany_lrstraddle_exclyr,backsliding_Nyr,866,119,-0.06419892782401736,0.3902440596285629,775,107,-0.00211236863374965,0.01330162362747516,0.873822255056116,-0.00188162599486663,0.15387026885689292,0.9902431904187118,22.59924902817616
7,backsliding_union_Nyr,Y_gdp_growth,PWT,growth,instr-antiplural_w7_trt-ertOrDdcg_gapany_illibany_lrstraddle_exclyr,backsliding_union_Nyr,866,137,-0.03797243297699779,0.6448786129603592,740,119,-0.06108464102600328,0.03674545429212094,0.09643806396092404,0.4764037931254818,0.7280646036056589,0.5128910110370838,22.44752249360737
7,backsliding_union_Nyr,Y_gdp_growth_wb,World Bank,growth,instr-antiplural_w7_trt-ertOrDdcg_gapany_illibany_lrstraddle_exclyr,backsliding_union_Nyr,866,137,-0.03797243297699779,0.6448786129603592,746,120,-0.03409467673859978,0.0299316719518576,0.25466828572388256,0.323055001845812,0.559818758571904,0.56389169768709,22.256574460885982
7,backsliding_union_Nyr,Y_gdp_growth_imf,IMF WEO,growth,instr-antiplural_w7_trt-ertOrDdcg_gapany_illibany_lrstraddle_exclyr,backsliding_union_Nyr,866,137,-0.03797243297699779,0.6448786129603592,561,93,-0.03126442726829639,0.03349473830193673,0.35060672297798295,0.2673992612940248,0.423910842483647,0.5281770082732611,24.518410017793517
7,backsliding_union_Nyr,Y_inflation,"CPI, cumulative log",inflation,instr-antiplural_w7_trt-ertOrDdcg_gapany_illibany_lrstraddle_exclyr,backsliding_union_Nyr,866,137,-0.03797243297699779,0.6448786129603592,676,105,-0.13559883570485942,0.2790969876806108,0.6270746279926912,1.6491652532652297,3.231793723268579,0.6098454390638115,16.349405215232814
7,backsliding_union_Nyr,Y_unemployment,Unemployment rate,unemployment,instr-antiplural_w7_trt-ertOrDdcg_gapany_illibany_lrstraddle_exclyr,backsliding_union_Nyr,866,137,-0.03797243297699779,0.6448786129603592,526,110,-0.4018363065018301,0.8208443798331523,0.6244593145882447,5.135836532456163,9.368919454888434,0.5835696131178694,17.366130636773903
7,backsliding_union_Nyr,Y_trade_pct_gdp,Trade / GDP,trade,instr-antiplural_w7_trt-ertOrDdcg_gapany_illibany_lrstraddle_exclyr,backsliding_union_Nyr,866,137,-0.03797243297699779,0.6448786129603592,681,108,-0.654652288365563,3.585865846970897,0.8551396353505875,11.825130928743746,46.7179953797505,0.8001776024290195,17.850709659906457
7,backsliding_union_Nyr,Y_top10_share,Top-10% income share,top10,instr-antiplural_w7_trt-ertOrDdcg_gapany_illibany_lrstraddle_exclyr,backsliding_union_Nyr,866,137,-0.03797243297699779,0.6448786129603592,700,116,-0.06517921516873897,0.7318344836810132,0.9290320153760048,1.0687008137451164,9.797627652476566,0.9131410140320386,19.77941728548478
7,backsliding_union_Nyr,Y_gini_disp,Disposable,gini,instr-antiplural_w7_trt-ertOrDdcg_gapany_illibany_lrstraddle_exclyr,backsliding_union_Nyr,866,137,-0.03797243297699779,0.6448786129603592,597,90,0.460428178199526,0.4980787355657791,0.35527371122299495,-7.778296112058653,14.019575877344773,0.5790199803426357,18.222328306283092
7,backsliding_union_Nyr,Y_gini_mkt,Market,gini,instr-antiplural_w7_trt-ertOrDdcg_gapany_illibany_lrstraddle_exclyr,backsliding_union_Nyr,866,137,-0.03797243297699779,0.6448786129603592,597,90,0.6822625134058902,0.5046218522158517,0.17636658656027443,-11.699919113184366,17.49134724941378,0.5035608407728293,19.99901491865632
7,backsliding_union_Nyr,Y_debt,Debt / GDP,fiscal,instr-antiplural_w7_trt-ertOrDdcg_gapany_illibany_lrstraddle_exclyr,backsliding_union_Nyr,866,137,-0.03797243297699779,0.6448786129603592,723,116,-0.6371642567490721,11.282845351948962,0.9549658420533612,11.93391536865972,100.50025635349888,0.9054772859195036,26.46811833044567
7,backsliding_union_Nyr,Y_deficit,Deficit / GDP,fiscal,instr-antiplural_w7_trt-ertOrDdcg_gapany_illibany_lrstraddle_exclyr,backsliding_union_Nyr,866,137,-0.03797243297699779,0.6448786129603592,651,102,0.6534227109442458,1.3124561885683488,0.6185809645639944,-8.546830726026034,19.613370576947165,0.6630068592261845,18.45731183245624
7,backsliding_union_Nyr,Y_checks_balances,Checks & balances,institutions,instr-antiplural_w7_trt-ertOrDdcg_gapany_illibany_lrstraddle_exclyr,backsliding_union_Nyr,866,137,-0.03797243297699779,0.6448786129603592,759,119,0.01786803299590588,0.02398719684176847,0.4563329295404724,-0.3035108220373848,0.4526143833474859,0.502492816827047,20.530221293605095
7,backsliding_union_Nyr,Y_jucon,Judicial constraints,institutions,instr-antiplural_w7_trt-ertOrDdcg_gapany_illibany_lrstraddle_exclyr,backsliding_union_Nyr,866,137,-0.03797243297699779,0.6448786129603592,775,125,0.00132947135531963,0.02529580289379972,0.9580848835744542,-0.04718053763792368,0.24214061173478343,0.8455121904299083,25.61301043682133
7,backsliding_union_Nyr,Y_legcon,Legislative constraints,institutions,instr-antiplural_w7_trt-ertOrDdcg_gapany_illibany_lrstraddle_exclyr,backsliding_union_Nyr,866,137,-0.03797243297699779,0.6448786129603592,759,119,0.02508557931914457,0.02978176529849731,0.39961256495086017,-0.4865280034970693,0.6101234753368493,0.4252039676616112,19.456248247979225
7,backsliding_union_Nyr,Y_hos_power,HOS,exec_power,instr-antiplural_w7_trt-ertOrDdcg_gapany_illibany_lrstraddle_exclyr,backsliding_union_Nyr,866,137,-0.03797243297699779,0.6448786129603592,775,125,0.00922223404317538,0.01983422351488613,0.6419560045373044,-0.16457224714058052,0.3314661462161977,0.6195431651616634,21.359151395762897
7,backsliding_union_Nyr,Y_hog_power,HOG,exec_power,instr-antiplural_w7_trt-ertOrDdcg_gapany_illibany_lrstraddle_exclyr,backsliding_union_Nyr,866,137,-0.03797243297699779,0.6448786129603592,404,71,0.00737607885718493,0.01258787500865147,0.5578977178118212,-0.29154505993434315,0.715418269738623,0.6836283591993187,18.39842654754123
7,backsliding_union_Nyr,Y_hos_power_vdem,HOS (v2ex_hosw),exec_power_alt,instr-antiplural_w7_trt-ertOrDdcg_gapany_illibany_lrstraddle_exclyr,backsliding_union_Nyr,866,137,-0.03797243297699779,0.6448786129603592,775,125,0.04172257466851759,0.03891536819888648,0.28365886507864,-0.4646199683097833,0.6956074340038816,0.5041756198258762,20.59330019872213
7,backsliding_union_Nyr,Y_hog_power_vdem,HOG (v2ex_hogw),exec_power_alt,instr-antiplural_w7_trt-ertOrDdcg_gapany_illibany_lrstraddle_exclyr,backsliding_union_Nyr,866,137,-0.03797243297699779,0.6448786129603592,775,125,-0.02397466776456443,0.03844040839048587,0.5328351311454913,0.41769851607950426,0.8355180362706367,0.6171260663252738,17.79019145919452
7,backsliding_union_Nyr,Y_polyarchy,Electoral (polyarchy),vdem_high,instr-antiplural_w7_trt-ertOrDdcg_gapany_illibany_lrstraddle_exclyr,backsliding_union_Nyr,866,137,-0.03797243297699779,0.6448786129603592,775,125,0.02037584283514202,0.02158077927804437,0.34508471334721513,-0.4066368451000054,0.4873223925622649,0.4040382310623366,17.25040459558345
7,backsliding_union_Nyr,Y_libdem,Liberal,vdem_high,instr-antiplural_w7_trt-ertOrDdcg_gapany_illibany_lrstraddle_exclyr,backsliding_union_Nyr,866,137,-0.03797243297699779,0.6448786129603592,775,125,0.01697356575058905,0.02156386203128288,0.43120568702249096,-0.3401553079116385,0.41358296877887835,0.4108153365840115,18.12978084725329
7,backsliding_union_Nyr,Y_partipdem,Participatory,vdem_high,instr-antiplural_w7_trt-ertOrDdcg_gapany_illibany_lrstraddle_exclyr,backsliding_union_Nyr,866,137,-0.03797243297699779,0.6448786129603592,775,125,0.01131510286566203,0.01504449940498269,0.45198553351998744,-0.3471834283722825,0.3796796245836473,0.36050064288335537,17.52854083625691
7,backsliding_union_Nyr,Y_delibdem,Deliberative,vdem_high,instr-antiplural_w7_trt-ertOrDdcg_gapany_illibany_lrstraddle_exclyr,backsliding_union_Nyr,866,137,-0.03797243297699779,0.6448786129603592,775,125,0.02559515433906377,0.0241604027356392,0.2894247403273085,-0.431788006460179,0.5006671488390295,0.38845353373594493,19.0986123968341
7,backsliding_union_Nyr,Y_egaldem,Egalitarian,vdem_high,instr-antiplural_w7_trt-ertOrDdcg_gapany_illibany_lrstraddle_exclyr,backsliding_union_Nyr,866,137,-0.03797243297699779,0.6448786129603592,775,125,0.01502437957596404,0.01545463728278712,0.33097097609743104,-0.2825342967229094,0.35652789032659954,0.4280921715316971,18.334913684819828
7,backsliding_union_Nyr,Y_elecoff,Elected officials,vdem_electoral,instr-antiplural_w7_trt-ertOrDdcg_gapany_illibany_lrstraddle_exclyr,backsliding_union_Nyr,866,137,-0.03797243297699779,0.6448786129603592,775,125,-0.01349067488302063,0.04051827034871339,0.7391698505298998,0.1652488813946162,0.7351641304352567,0.8221518138905468,17.5095022824232
7,backsliding_union_Nyr,Y_frefair,Clean elections,vdem_electoral,instr-antiplural_w7_trt-ertOrDdcg_gapany_illibany_lrstraddle_exclyr,backsliding_union_Nyr,866,137,-0.03797243297699779,0.6448786129603592,775,125,0.02270199244012816,0.02825309982615189,0.42167298061000985,-0.2623855009158703,0.4816186069656479,0.5858915302228416,19.226010053837417
7,backsliding_union_Nyr,Y_frassoc,Association,vdem_electoral,instr-antiplural_w7_trt-ertOrDdcg_gapany_illibany_lrstraddle_exclyr,backsliding_union_Nyr,866,137,-0.03797243297699779,0.6448786129603592,775,125,0.00643136973285889,0.01788895698946768,0.7192089653903104,-0.10979147427751382,0.3120469670276633,0.7249561689260143,18.38390630602245
7,backsliding_union_Nyr,Y_suffr,Suffrage,vdem_electoral,instr-antiplural_w7_trt-ertOrDdcg_gapany_illibany_lrstraddle_exclyr,backsliding_union_Nyr,866,137,-0.03797243297699779,0.6448786129603592,775,125,0.0074495777782359,0.01320780450932229,0.5727347563032995,-0.14114613238313725,0.17815506494610964,0.42820581562084065,23.58515826403932
7,backsliding_union_Nyr,Y_freexp,Expression & alt. info,vdem_electoral,instr-antiplural_w7_trt-ertOrDdcg_gapany_illibany_lrstraddle_exclyr,backsliding_union_Nyr,866,137,-0.03797243297699779,0.6448786129603592,775,125,0.00625157101133096,0.02474132002969446,0.8005175574032184,-0.09344178970447738,0.4322262951736312,0.8288418356391088,17.339760131242016
7,backsliding_union_Nyr,Y_cl_rol,Rule of law,vdem_liberal,instr-antiplural_w7_trt-ertOrDdcg_gapany_illibany_lrstraddle_exclyr,backsliding_union_Nyr,866,137,-0.03797243297699779,0.6448786129603592,775,125,-0.00843497996229459,0.01898668979529094,0.6568564009035456,0.1531203042925193,0.3827289468117584,0.6891012368734413,18.58841439612779
7,backsliding_union_Nyr,Y_cspart,Civil society,vdem_particip,instr-antiplural_w7_trt-ertOrDdcg_gapany_illibany_lrstraddle_exclyr,backsliding_union_Nyr,866,137,-0.03797243297699779,0.6448786129603592,775,125,-0.00394232604412247,0.02186436143801768,0.8569105327292746,0.08879068944180162,0.2418293665816605,0.713497764352842,24.14082454119004
7,backsliding_union_Nyr,Y_dd,Direct democracy,vdem_particip,instr-antiplural_w7_trt-ertOrDdcg_gapany_illibany_lrstraddle_exclyr,backsliding_union_Nyr,866,137,-0.03797243297699779,0.6448786129603592,775,125,0.00398994387083568,0.02087020295524149,0.8483853805089633,-0.03214992676617514,0.22110818830841708,0.8843922217806999,29.378686119327607
7,backsliding_union_Nyr,Y_locelec,Local elections,vdem_particip,instr-antiplural_w7_trt-ertOrDdcg_gapany_illibany_lrstraddle_exclyr,backsliding_union_Nyr,866,137,-0.03797243297699779,0.6448786129603592,767,124,0.01564267949803126,0.02113274693399552,0.4591723255147647,-0.3279693026120206,0.36658794407977424,0.37097217481082406,13.63048505909811
7,backsliding_union_Nyr,Y_regelec,Regional elections,vdem_particip,instr-antiplural_w7_trt-ertOrDdcg_gapany_illibany_lrstraddle_exclyr,backsliding_union_Nyr,866,137,-0.03797243297699779,0.6448786129603592,775,125,-0.04707268105527511,0.02774366730041459,0.08975338759675358,0.60189615069962,0.8035356325413201,0.45382123032714033,20.156666543695167
7,backsliding_union_Nyr,Y_delib,Deliberation,vdem_egal_delib,instr-antiplural_w7_trt-ertOrDdcg_gapany_illibany_lrstraddle_exclyr,backsliding_union_Nyr,866,137,-0.03797243297699779,0.6448786129603592,775,125,0.02392760337709994,0.03096064169377021,0.4396174396693658,-0.2973751473616706,0.42578894182303423,0.484920982168994,21.374120868977784
7,backsliding_union_Nyr,Y_eqprotec,Equal protection,vdem_egal_delib,instr-antiplural_w7_trt-ertOrDdcg_gapany_illibany_lrstraddle_exclyr,backsliding_union_Nyr,866,137,-0.03797243297699779,0.6448786129603592,775,125,-0.00948501629966127,0.01553965214708138,0.5416133772222604,0.1267978922507493,0.25608310562263864,0.6204988102920075,20.527686184171777
7,backsliding_union_Nyr,Y_eqaccess,Equal access,vdem_egal_delib,instr-antiplural_w7_trt-ertOrDdcg_gapany_illibany_lrstraddle_exclyr,backsliding_union_Nyr,866,137,-0.03797243297699779,0.6448786129603592,775,125,-0.00953654357478138,0.01990466004512366,0.6318595933456328,0.1599489012505295,0.34264596456377727,0.6406392901579072,18.74881532872422
7,backsliding_union_Nyr,Y_eqdr,Equal distribution,vdem_egal_delib,instr-antiplural_w7_trt-ertOrDdcg_gapany_illibany_lrstraddle_exclyr,backsliding_union_Nyr,866,137,-0.03797243297699779,0.6448786129603592,775,125,-0.00211236863374965,0.01330162362747516,0.873822255056116,0.00142968604311349,0.15666843418722584,0.9927189634959226,21.30973553447661
7,polyarchy_decline,Y_gdp_growth,PWT,growth,instr-antiplural_w7_trt-polyarchy_gapany_illibany_lrstraddle_exclyr,polyarchy_decline,775,275,-0.02037584283514202,0.34508471334721513,740,253,-0.06108464102600328,0.03674545429212094,0.09643806396092404,3.830203685079333,10.532084020900044,0.7161043992254315,15.594749631630618
7,polyarchy_decline,Y_gdp_growth_wb,World Bank,growth,instr-antiplural_w7_trt-polyarchy_gapany_illibany_lrstraddle_exclyr,polyarchy_decline,775,275,-0.02037584283514202,0.34508471334721513,746,263,-0.03409467673859978,0.0299316719518576,0.25466828572388256,2.33077378428631,6.96547977300032,0.7379133869030614,16.25405202448262
7,polyarchy_decline,Y_gdp_growth_imf,IMF WEO,growth,instr-antiplural_w7_trt-polyarchy_gapany_illibany_lrstraddle_exclyr,polyarchy_decline,775,275,-0.02037584283514202,0.34508471334721513,561,208,-0.03126442726829639,0.03349473830193673,0.35060672297798295,0.919690585023738,3.496756153789716,0.7925409430372519,18.762852486691084
7,polyarchy_decline,Y_inflation,"CPI, cumulative log",inflation,instr-antiplural_w7_trt-polyarchy_gapany_illibany_lrstraddle_exclyr,polyarchy_decline,775,275,-0.02037584283514202,0.34508471334721513,676,241,-0.13559883570485942,0.2790969876806108,0.6270746279926912,10.531393849149053,24.6732659065026,0.6695000905658941,16.350059448773006
7,polyarchy_decline,Y_unemployment,Unemployment rate,unemployment,instr-antiplural_w7_trt-polyarchy_gapany_illibany_lrstraddle_exclyr,polyarchy_decline,775,275,-0.02037584283514202,0.34508471334721513,526,239,-0.4018363065018301,0.8208443798331523,0.6244593145882447,29.958626877916203,80.84648907053732,0.7109638799901448,17.797370139164478
7,polyarchy_decline,Y_trade_pct_gdp,Trade / GDP,trade,instr-antiplural_w7_trt-polyarchy_gapany_illibany_lrstraddle_exclyr,polyarchy_decline,775,275,-0.02037584283514202,0.34508471334721513,681,239,-0.654652288365563,3.585865846970897,0.8551396353505875,44.396762310090125,253.3505240040002,0.8608922445582562,16.871838583343703
7,polyarchy_decline,Y_top10_share,Top-10% income share,top10,instr-antiplural_w7_trt-polyarchy_gapany_illibany_lrstraddle_exclyr,polyarchy_decline,775,275,-0.02037584283514202,0.34508471334721513,700,254,-0.06517921516873897,0.7318344836810132,0.9290320153760048,-16.287633220109687,55.48569539206943,0.7691044410081453,15.594442331191049
7,polyarchy_decline,Y_gini_disp,Disposable,gini,instr-antiplural_w7_trt-polyarchy_gapany_illibany_lrstraddle_exclyr,polyarchy_decline,775,275,-0.02037584283514202,0.34508471334721513,597,205,0.460428178199526,0.4980787355657791,0.35527371122299495,-19.37546053218395,91.62652068904298,0.8325273500513353,16.998005913776037
7,polyarchy_decline,Y_gini_mkt,Market,gini,instr-antiplural_w7_trt-polyarchy_gapany_illibany_lrstraddle_exclyr,polyarchy_decline,775,275,-0.02037584283514202,0.34508471334721513,597,205,0.6822625134058902,0.5046218522158517,0.17636658656027443,-28.28626050626626,131.36217679561966,0.8295097865076241,17.08597614517904
7,polyarchy_decline,Y_debt,Debt / GDP,fiscal,instr-antiplural_w7_trt-polyarchy_gapany_illibany_lrstraddle_exclyr,polyarchy_decline,775,275,-0.02037584283514202,0.34508471334721513,723,259,-0.6371642567490721,11.282845351948962,0.9549658420533612,-41.00232695917727,737.58816007427,0.9556686458147144,16.274483145973562
7,polyarchy_decline,Y_deficit,Deficit / GDP,fiscal,instr-antiplural_w7_trt-polyarchy_gapany_illibany_lrstraddle_exclyr,polyarchy_decline,775,275,-0.02037584283514202,0.34508471334721513,651,242,0.6534227109442458,1.3124561885683488,0.6185809645639944,-23.471965421967138,127.2808200723562,0.8536911513012252,17.271169752239103
7,polyarchy_decline,Y_checks_balances,Checks & balances,institutions,instr-antiplural_w7_trt-polyarchy_gapany_illibany_lrstraddle_exclyr,polyarchy_decline,775,275,-0.02037584283514202,0.34508471334721513,759,274,0.01786803299590588,0.02398719684176847,0.4563329295404724,-0.2803397654359283,1.0874661549899234,0.7965676586703619,14.94334605779005
7,polyarchy_decline,Y_jucon,Judicial constraints,institutions,instr-antiplural_w7_trt-polyarchy_gapany_illibany_lrstraddle_exclyr,polyarchy_decline,775,275,-0.02037584283514202,0.34508471334721513,775,275,0.00132947135531963,0.02529580289379972,0.9580848835744542,-0.10709245255735216,1.6230908735096288,0.947393298773784,21.44298492784044
7,polyarchy_decline,Y_legcon,Legislative constraints,institutions,instr-antiplural_w7_trt-polyarchy_gapany_illibany_lrstraddle_exclyr,polyarchy_decline,775,275,-0.02037584283514202,0.34508471334721513,759,274,0.02508557931914457,0.02978176529849731,0.39961256495086017,-0.4472850181487157,1.1349654541104344,0.6935103770831759,15.285036577358447
7,polyarchy_decline,Y_hos_power,HOS,exec_power,instr-antiplural_w7_trt-polyarchy_gapany_illibany_lrstraddle_exclyr,polyarchy_decline,775,275,-0.02037584283514202,0.34508471334721513,775,275,0.00922223404317538,0.01983422351488613,0.6419560045373044,-0.475623044573502,2.3574877972126513,0.8401122111796755,16.232897932015913
7,polyarchy_decline,Y_hog_power,HOG,exec_power,instr-antiplural_w7_trt-polyarchy_gapany_illibany_lrstraddle_exclyr,polyarchy_decline,775,275,-0.02037584283514202,0.34508471334721513,404,143,0.00737607885718493,0.01258787500865147,0.5578977178118212,-0.5363711456224145,3.1332895140930748,0.8640785575898491,18.627923713150032
7,polyarchy_decline,Y_hos_power_vdem,HOS (v2ex_hosw),exec_power_alt,instr-antiplural_w7_trt-polyarchy_gapany_illibany_lrstraddle_exclyr,polyarchy_decline,775,275,-0.02037584283514202,0.34508471334721513,775,275,0.04172257466851759,0.03891536819888648,0.28365886507864,-2.52353069168128,6.360786208199344,0.6915647223209578,15.266143784799
7,polyarchy_decline,Y_hog_power_vdem,HOG (v2ex_hogw),exec_power_alt,instr-antiplural_w7_trt-polyarchy_gapany_illibany_lrstraddle_exclyr,polyarchy_decline,775,275,-0.02037584283514202,0.34508471334721513,775,275,-0.02397466776456443,0.03844040839048587,0.5328351311454913,1.5927241708926678,5.029457449272507,0.751487092019672,15.12611292387532
7,polyarchy_decline,Y_polyarchy,Electoral (polyarchy),vdem_high,instr-antiplural_w7_trt-polyarchy_gapany_illibany_lrstraddle_exclyr,polyarchy_decline,775,275,-0.02037584283514202,0.34508471334721513,775,275,0.02037584283514202,0.02158077927804437,0.34508471334721513,-1,2.990127187080855e-16,0,15.954775520518746
7,polyarchy_decline,Y_libdem,Liberal,vdem_high,instr-antiplural_w7_trt-polyarchy_gapany_illibany_lrstraddle_exclyr,polyarchy_decline,775,275,-0.02037584283514202,0.34508471334721513,775,275,0.01697356575058905,0.02156386203128288,0.43120568702249096,-0.7225246629862284,0.48533714019967833,0.13656461417653942,17.780822120813355
7,polyarchy_decline,Y_partipdem,Participatory,vdem_high,instr-antiplural_w7_trt-polyarchy_gapany_illibany_lrstraddle_exclyr,polyarchy_decline,775,275,-0.02037584283514202,0.34508471334721513,775,275,0.01131510286566203,0.01504449940498269,0.45198553351998744,-0.7180553664347921,0.4447622217278412,0.1064254690761873,19.768552755401203
7,polyarchy_decline,Y_delibdem,Deliberative,vdem_high,instr-antiplural_w7_trt-polyarchy_gapany_illibany_lrstraddle_exclyr,polyarchy_decline,775,275,-0.02037584283514202,0.34508471334721513,775,275,0.02559515433906377,0.0241604027356392,0.2894247403273085,-1.1051637130203733,0.8909774855094781,0.2148294560779164,18.24948351160211
7,polyarchy_decline,Y_egaldem,Egalitarian,vdem_high,instr-antiplural_w7_trt-polyarchy_gapany_illibany_lrstraddle_exclyr,polyarchy_decline,775,275,-0.02037584283514202,0.34508471334721513,775,275,0.01502437957596404,0.01545463728278712,0.33097097609743104,-0.7337553928100039,0.6115121530158975,0.2301769347812866,22.781429874765347
7,polyarchy_decline,Y_elecoff,Elected officials,vdem_electoral,instr-antiplural_w7_trt-polyarchy_gapany_illibany_lrstraddle_exclyr,polyarchy_decline,775,275,-0.02037584283514202,0.34508471334721513,775,275,-0.01349067488302063,0.04051827034871339,0.7391698505298998,0.4278350978873451,3.696923341151946,0.9078686390515948,16.695948849686417
7,polyarchy_decline,Y_frefair,Clean elections,vdem_electoral,instr-antiplural_w7_trt-polyarchy_gapany_illibany_lrstraddle_exclyr,polyarchy_decline,775,275,-0.02037584283514202,0.34508471334721513,775,275,0.02270199244012816,0.02825309982615189,0.42167298061000985,-1.0397872266441497,1.0298336690701226,0.3126557162981437,16.743845463358596
7,polyarchy_decline,Y_frassoc,Association,vdem_electoral,instr-antiplural_w7_trt-polyarchy_gapany_illibany_lrstraddle_exclyr,polyarchy_decline,775,275,-0.02037584283514202,0.34508471334721513,775,275,0.00643136973285889,0.01788895698946768,0.7192089653903104,-0.30889765898022403,0.915055548929408,0.7356853112657051,20.67472810425221
7,polyarchy_decline,Y_suffr,Suffrage,vdem_electoral,instr-antiplural_w7_trt-polyarchy_gapany_illibany_lrstraddle_exclyr,polyarchy_decline,775,275,-0.02037584283514202,0.34508471334721513,775,275,0.0074495777782359,0.01320780450932229,0.5727347563032995,-0.37006379266338024,1.0837926605470458,0.7327629028780834,15.37501588962757
7,polyarchy_decline,Y_freexp,Expression & alt. info,vdem_electoral,instr-antiplural_w7_trt-polyarchy_gapany_illibany_lrstraddle_exclyr,polyarchy_decline,775,275,-0.02037584283514202,0.34508471334721513,775,275,0.00625157101133096,0.02474132002969446,0.8005175574032184,-0.2784137924663502,1.6122871385921047,0.8629009910162476,17.064417204053417
7,polyarchy_decline,Y_cl_rol,Rule of law,vdem_liberal,instr-antiplural_w7_trt-polyarchy_gapany_illibany_lrstraddle_exclyr,polyarchy_decline,775,275,-0.02037584283514202,0.34508471334721513,775,275,-0.00843497996229459,0.01898668979529094,0.6568564009035456,0.36314544849112934,2.229798637841788,0.870628509456636,15.482553670829905
7,polyarchy_decline,Y_cspart,Civil society,vdem_particip,instr-antiplural_w7_trt-polyarchy_gapany_illibany_lrstraddle_exclyr,polyarchy_decline,775,275,-0.02037584283514202,0.34508471334721513,775,275,-0.00394232604412247,0.02186436143801768,0.8569105327292746,0.213064324226117,1.5743066366502425,0.8923442336908204,17.719969538841028
7,polyarchy_decline,Y_dd,Direct democracy,vdem_particip,instr-antiplural_w7_trt-polyarchy_gapany_illibany_lrstraddle_exclyr,polyarchy_decline,775,275,-0.02037584283514202,0.34508471334721513,775,275,0.00398994387083568,0.02087020295524149,0.8483853805089633,-0.2927831269213155,1.6570397964664891,0.8597515333477925,18.563887497881343
7,polyarchy_decline,Y_locelec,Local elections,vdem_particip,instr-antiplural_w7_trt-polyarchy_gapany_illibany_lrstraddle_exclyr,polyarchy_decline,775,275,-0.02037584283514202,0.34508471334721513,767,272,0.01564267949803126,0.02113274693399552,0.4591723255147647,-1.3540046966810322,2.272485494923772,0.5512918388932528,14.036813911113033
7,polyarchy_decline,Y_regelec,Regional elections,vdem_particip,instr-antiplural_w7_trt-polyarchy_gapany_illibany_lrstraddle_exclyr,polyarchy_decline,775,275,-0.02037584283514202,0.34508471334721513,775,275,-0.04707268105527511,0.02774366730041459,0.08975338759675358,1.921468417565752,5.210951405065817,0.7123240776439932,17.017504129024296
7,polyarchy_decline,Y_delib,Deliberation,vdem_egal_delib,instr-antiplural_w7_trt-polyarchy_gapany_illibany_lrstraddle_exclyr,polyarchy_decline,775,275,-0.02037584283514202,0.34508471334721513,775,275,0.02392760337709994,0.03096064169377021,0.4396174396693658,-1.2935283311597812,2.0047582622859044,0.5187787431881627,16.29493059451231
7,polyarchy_decline,Y_eqprotec,Equal protection,vdem_egal_delib,instr-antiplural_w7_trt-polyarchy_gapany_illibany_lrstraddle_exclyr,polyarchy_decline,775,275,-0.02037584283514202,0.34508471334721513,775,275,-0.00948501629966127,0.01553965214708138,0.5416133772222604,0.1958021874975822,1.1917617523257291,0.8694978010829519,17.161679898282635
7,polyarchy_decline,Y_eqaccess,Equal access,vdem_egal_delib,instr-antiplural_w7_trt-polyarchy_gapany_illibany_lrstraddle_exclyr,polyarchy_decline,775,275,-0.02037584283514202,0.34508471334721513,775,275,-0.00953654357478138,0.01990466004512366,0.6318595933456328,0.4713052277333974,1.8247830054702352,0.7961907049505658,16.044276447943933
7,polyarchy_decline,Y_eqdr,Equal distribution,vdem_egal_delib,instr-antiplural_w7_trt-polyarchy_gapany_illibany_lrstraddle_exclyr,polyarchy_decline,775,275,-0.02037584283514202,0.34508471334721513,775,275,-0.00211236863374965,0.01330162362747516,0.873822255056116,0.13401749859962098,0.9954846121439792,0.8929080704433708,14.890679818552314
8,backsliding_Nyr,Y_gdp_growth,PWT,growth,instr-antiplural_w8_trt-ert_gapany_illibany_lrstraddle_exclyr,backsliding_Nyr,866,132,-0.05682158935162251,0.4723589723717088,716,107,-0.05901009650053532,0.03955900817254175,0.13577831293321888,1.1153633765879098,3.7423057965031927,0.7656712972654789,23.58841875002532
8,backsliding_Nyr,Y_gdp_growth_wb,World Bank,growth,instr-antiplural_w8_trt-ert_gapany_illibany_lrstraddle_exclyr,backsliding_Nyr,866,132,-0.05682158935162251,0.4723589723717088,730,113,-0.03067624124579079,0.03236965928076998,0.34328982856680407,0.33165738092547326,0.7584367639964398,0.6619005032114956,25.65096688327528
8,backsliding_Nyr,Y_gdp_growth_imf,IMF WEO,growth,instr-antiplural_w8_trt-ert_gapany_illibany_lrstraddle_exclyr,backsliding_Nyr,866,132,-0.05682158935162251,0.4723589723717088,545,87,-0.02822885210528228,0.03504249416550992,0.4204962598392588,0.2595631549628173,0.4265260286712157,0.5428216040890905,26.934926784741062
8,backsliding_Nyr,Y_inflation,"CPI, cumulative log",inflation,instr-antiplural_w8_trt-ert_gapany_illibany_lrstraddle_exclyr,backsliding_Nyr,866,132,-0.05682158935162251,0.4723589723717088,661,102,-0.09883950331318396,0.2949762211296074,0.7375676261086319,1.951940323546108,2.7903110137690144,0.4842132458573214,17.396217970212312
8,backsliding_Nyr,Y_unemployment,Unemployment rate,unemployment,instr-antiplural_w8_trt-ert_gapany_illibany_lrstraddle_exclyr,backsliding_Nyr,866,132,-0.05682158935162251,0.4723589723717088,511,105,-0.44008808599655824,0.7989542036496727,0.5817500949137213,3.506305672102856,6.252744019030529,0.5749593117425496,17.293764956822677
8,backsliding_Nyr,Y_trade_pct_gdp,Trade / GDP,trade,instr-antiplural_w8_trt-ert_gapany_illibany_lrstraddle_exclyr,backsliding_Nyr,866,132,-0.05682158935162251,0.4723589723717088,667,103,0.9360682938685844,4.043088587041254,0.8169084626910286,-3.322468589326183,42.55265676012686,0.9377652173298022,23.9387702501093
8,backsliding_Nyr,Y_top10_share,Top-10% income share,top10,instr-antiplural_w8_trt-ert_gapany_illibany_lrstraddle_exclyr,backsliding_Nyr,866,132,-0.05682158935162251,0.4723589723717088,684,109,-0.07645368901190389,0.7761530220590033,0.9215325953828728,3.061540406062289,8.902864207413566,0.7309345513292429,25.35006139520064
8,backsliding_Nyr,Y_gini_disp,Disposable,gini,instr-antiplural_w8_trt-ert_gapany_illibany_lrstraddle_exclyr,backsliding_Nyr,866,132,-0.05682158935162251,0.4723589723717088,578,86,0.618210421996114,0.5718680039987535,0.27968069385409045,-6.775476016828632,9.57127496709512,0.4790092759789204,24.0245399595816
8,backsliding_Nyr,Y_gini_mkt,Market,gini,instr-antiplural_w8_trt-ert_gapany_illibany_lrstraddle_exclyr,backsliding_Nyr,866,132,-0.05682158935162251,0.4723589723717088,578,86,0.845745819437861,0.5974976835321163,0.156927907205077,-10.058643215088477,10.968397515094498,0.35911289173987326,26.02314444577679
8,backsliding_Nyr,Y_debt,Debt / GDP,fiscal,instr-antiplural_w8_trt-ert_gapany_illibany_lrstraddle_exclyr,backsliding_Nyr,866,132,-0.05682158935162251,0.4723589723717088,708,112,-1.406616253796022,11.329346318553483,0.9011910654004358,32.262745765454866,136.29890245102771,0.8128850064884823,24.321963246410743
8,backsliding_Nyr,Y_deficit,Deficit / GDP,fiscal,instr-antiplural_w8_trt-ert_gapany_illibany_lrstraddle_exclyr,backsliding_Nyr,866,132,-0.05682158935162251,0.4723589723717088,636,103,0.6720416714439723,1.2193447548826577,0.5815309592062913,-7.262478440359443,14.87081002854516,0.6252867898553136,22.465937669842816
8,backsliding_Nyr,Y_checks_balances,Checks & balances,institutions,instr-antiplural_w8_trt-ert_gapany_illibany_lrstraddle_exclyr,backsliding_Nyr,866,132,-0.05682158935162251,0.4723589723717088,744,114,0.01913324852162645,0.02718854390220448,0.481604266744783,-0.15909155456110813,0.2819116381072526,0.5725286997638444,27.11102548202175
8,backsliding_Nyr,Y_jucon,Judicial constraints,institutions,instr-antiplural_w8_trt-ert_gapany_illibany_lrstraddle_exclyr,backsliding_Nyr,866,132,-0.05682158935162251,0.4723589723717088,761,117,-0.00112018590709037,0.02952788728959915,0.969738278495336,0.02131050355851119,0.4211239836566289,0.9596411785184866,20.623530979193003
8,backsliding_Nyr,Y_legcon,Legislative constraints,institutions,instr-antiplural_w8_trt-ert_gapany_illibany_lrstraddle_exclyr,backsliding_Nyr,866,132,-0.05682158935162251,0.4723589723717088,744,114,0.02569940066957166,0.03143489328215346,0.413617755500042,-0.21355167574760348,0.337492592608833,0.5268906469385151,25.89398370992168
8,backsliding_Nyr,Y_hos_power,HOS,exec_power,instr-antiplural_w8_trt-ert_gapany_illibany_lrstraddle_exclyr,backsliding_Nyr,866,132,-0.05682158935162251,0.4723589723717088,761,117,0.02115667579799722,0.02299094927730714,0.35745906716836406,-0.26389063209045394,0.500672663633491,0.5981434653413247,18.336410585264915
8,backsliding_Nyr,Y_hog_power,HOG,exec_power,instr-antiplural_w8_trt-ert_gapany_illibany_lrstraddle_exclyr,backsliding_Nyr,866,132,-0.05682158935162251,0.4723589723717088,399,64,0.00981324288013165,0.01428648680489965,0.49215213908332506,-1.234001454075214,4.692786473732537,0.7925836561492119,18.9068882439927
8,backsliding_Nyr,Y_hos_power_vdem,HOS (v2ex_hosw),exec_power_alt,instr-antiplural_w8_trt-ert_gapany_illibany_lrstraddle_exclyr,backsliding_Nyr,866,132,-0.05682158935162251,0.4723589723717088,761,117,0.03088248440179433,0.04099345106086805,0.45123862303760626,-0.36626003236740434,0.6537170490251437,0.5752932199022978,16.745652290411034
8,backsliding_Nyr,Y_hog_power_vdem,HOG (v2ex_hogw),exec_power_alt,instr-antiplural_w8_trt-ert_gapany_illibany_lrstraddle_exclyr,backsliding_Nyr,866,132,-0.05682158935162251,0.4723589723717088,761,117,-0.01418285015505518,0.0410387136603269,0.7296457138612926,0.1793184435511593,0.5237420824119756,0.7320654701835672,16.001725366451655
8,backsliding_Nyr,Y_polyarchy,Electoral (polyarchy),vdem_high,instr-antiplural_w8_trt-ert_gapany_illibany_lrstraddle_exclyr,backsliding_Nyr,866,132,-0.05682158935162251,0.4723589723717088,761,117,0.01686504572506449,0.02410106036558374,0.4840749254451679,-0.2456270958992136,0.33387917671851636,0.46192753652198715,17.99253704866087
8,backsliding_Nyr,Y_libdem,Liberal,vdem_high,instr-antiplural_w8_trt-ert_gapany_illibany_lrstraddle_exclyr,backsliding_Nyr,866,132,-0.05682158935162251,0.4723589723717088,761,117,0.0153469709373838,0.02419816656374858,0.5259369944052023,-0.20703944508500016,0.3178014978063242,0.5147404902202468,18.27293516150807
8,backsliding_Nyr,Y_partipdem,Participatory,vdem_high,instr-antiplural_w8_trt-ert_gapany_illibany_lrstraddle_exclyr,backsliding_Nyr,866,132,-0.05682158935162251,0.4723589723717088,761,117,0.0129612920100375,0.01777739963888725,0.465947722291518,-0.18274676875614576,0.25475209918052377,0.4731573143678262,18.10808389214287
8,backsliding_Nyr,Y_delibdem,Deliberative,vdem_high,instr-antiplural_w8_trt-ert_gapany_illibany_lrstraddle_exclyr,backsliding_Nyr,866,132,-0.05682158935162251,0.4723589723717088,761,117,0.02287625437462826,0.0260420706099641,0.37970794584055034,-0.2981460972287769,0.4015384099661313,0.45777867816439577,19.646343442257624
8,backsliding_Nyr,Y_egaldem,Egalitarian,vdem_high,instr-antiplural_w8_trt-ert_gapany_illibany_lrstraddle_exclyr,backsliding_Nyr,866,132,-0.05682158935162251,0.4723589723717088,761,117,0.01522658828747669,0.01711181321758628,0.3735576921249877,-0.2148467092338036,0.272664841295146,0.4307249928475031,18.43205783562564
8,backsliding_Nyr,Y_elecoff,Elected officials,vdem_electoral,instr-antiplural_w8_trt-ert_gapany_illibany_lrstraddle_exclyr,backsliding_Nyr,866,132,-0.05682158935162251,0.4723589723717088,761,117,-0.00501708787418662,0.0384715010751135,0.896241655967207,0.03819805353212298,0.5685417693411002,0.9464336216165228,19.564217288536835
8,backsliding_Nyr,Y_frefair,Clean elections,vdem_electoral,instr-antiplural_w8_trt-ert_gapany_illibany_lrstraddle_exclyr,backsliding_Nyr,866,132,-0.05682158935162251,0.4723589723717088,761,117,0.02209289626869763,0.03047824600574914,0.46852916819066887,-0.21720906855885813,0.4538746280559374,0.6322472490234916,19.733475180865707
8,backsliding_Nyr,Y_frassoc,Association,vdem_electoral,instr-antiplural_w8_trt-ert_gapany_illibany_lrstraddle_exclyr,backsliding_Nyr,866,132,-0.05682158935162251,0.4723589723717088,761,117,-0.00137974638108182,0.01960946505600108,0.943906136534149,0.00512184088961473,0.2677212611719616,0.9847364065277028,18.340278573373705
8,backsliding_Nyr,Y_suffr,Suffrage,vdem_electoral,instr-antiplural_w8_trt-ert_gapany_illibany_lrstraddle_exclyr,backsliding_Nyr,866,132,-0.05682158935162251,0.4723589723717088,761,117,0.00741116351525114,0.01331956814883359,0.5779294445439348,-0.14207984475590135,0.2470793057344696,0.5652659945370186,23.810570434119988
8,backsliding_Nyr,Y_freexp,Expression & alt. info,vdem_electoral,instr-antiplural_w8_trt-ert_gapany_illibany_lrstraddle_exclyr,backsliding_Nyr,866,132,-0.05682158935162251,0.4723589723717088,761,117,0.00334632670794626,0.02716550480960165,0.9019622357803878,-0.04826906759861152,0.3567515533126877,0.8923733943146945,17.33587446432741
8,backsliding_Nyr,Y_cl_rol,Rule of law,vdem_liberal,instr-antiplural_w8_trt-ert_gapany_illibany_lrstraddle_exclyr,backsliding_Nyr,866,132,-0.05682158935162251,0.4723589723717088,761,117,-0.00641766263043405,0.02128551686002071,0.7630304096390756,0.08011994315382298,0.33099434412032064,0.8087349543346667,18.330204352332675
8,backsliding_Nyr,Y_cspart,Civil society,vdem_particip,instr-antiplural_w8_trt-ert_gapany_illibany_lrstraddle_exclyr,backsliding_Nyr,866,132,-0.05682158935162251,0.4723589723717088,761,117,-0.0036029739503325,0.02253577160580602,0.8729771840148968,0.04290761337377218,0.3543289062024776,0.9036154441415394,19.706597501608865
8,backsliding_Nyr,Y_dd,Direct democracy,vdem_particip,instr-antiplural_w8_trt-ert_gapany_illibany_lrstraddle_exclyr,backsliding_Nyr,866,132,-0.05682158935162251,0.4723589723717088,761,117,-0.00206173788460149,0.02730002472464107,0.9397998190371928,0.03253831325002833,0.3509458085816657,0.9261291365660016,25.785440391030352
8,backsliding_Nyr,Y_locelec,Local elections,vdem_particip,instr-antiplural_w8_trt-ert_gapany_illibany_lrstraddle_exclyr,backsliding_Nyr,866,132,-0.05682158935162251,0.4723589723717088,753,116,0.01434634707679055,0.02161984433393138,0.5069635803154131,-0.19463179058823735,0.20792299792472024,0.3492339044618794,14.219874543054974
8,backsliding_Nyr,Y_regelec,Regional elections,vdem_particip,instr-antiplural_w8_trt-ert_gapany_illibany_lrstraddle_exclyr,backsliding_Nyr,866,132,-0.05682158935162251,0.4723589723717088,761,117,-0.05050407834956726,0.03353633055121801,0.13207969304660752,0.6123574416574128,0.8896148958434438,0.4912387516541724,18.98090436581647
8,backsliding_Nyr,Y_delib,Deliberation,vdem_egal_delib,instr-antiplural_w8_trt-ert_gapany_illibany_lrstraddle_exclyr,backsliding_Nyr,866,132,-0.05682158935162251,0.4723589723717088,761,117,0.0219498440976212,0.03274449362431151,0.5026430152972016,-0.24192545880674635,0.4458071313950925,0.5873581102133316,22.512021291082885
8,backsliding_Nyr,Y_eqprotec,Equal protection,vdem_egal_delib,instr-antiplural_w8_trt-ert_gapany_illibany_lrstraddle_exclyr,backsliding_Nyr,866,132,-0.05682158935162251,0.4723589723717088,761,117,-0.00170165882381903,0.01545189439824586,0.912309268841254,0.04904307416405976,0.21075163042179632,0.8159900588988047,24.133293574776683
8,backsliding_Nyr,Y_eqaccess,Equal access,vdem_egal_delib,instr-antiplural_w8_trt-ert_gapany_illibany_lrstraddle_exclyr,backsliding_Nyr,866,132,-0.05682158935162251,0.4723589723717088,761,117,-0.00585786013485066,0.02106863335430821,0.7809839371365878,0.06781478955017547,0.29932906280949806,0.8207690240863947,19.58921345418623
8,backsliding_Nyr,Y_eqdr,Equal distribution,vdem_egal_delib,instr-antiplural_w8_trt-ert_gapany_illibany_lrstraddle_exclyr,backsliding_Nyr,866,132,-0.05682158935162251,0.4723589723717088,761,117,7.992388308599926e-5,0.01428136158622693,0.9955347605270892,-0.01667366374232638,0.14890610564608828,0.9108437478329996,25.330395374444652
8,backsliding_union_Nyr,Y_gdp_growth,PWT,growth,instr-antiplural_w8_trt-ertOrDdcg_gapany_illibany_lrstraddle_exclyr,backsliding_union_Nyr,866,149,-0.05228387241132906,0.5217587461114916,716,124,-0.05901009650053532,0.03955900817254175,0.13577831293321888,0.6382456890309804,1.4545678204429215,0.660815761849396,26.673932665068616
8,backsliding_union_Nyr,Y_gdp_growth_wb,World Bank,growth,instr-antiplural_w8_trt-ertOrDdcg_gapany_illibany_lrstraddle_exclyr,backsliding_union_Nyr,866,149,-0.05228387241132906,0.5217587461114916,730,129,-0.03067624124579079,0.03236965928076998,0.34328982856680407,0.35511456535975117,0.7924273155546124,0.6540556329403938,24.261978447424084
8,backsliding_union_Nyr,Y_gdp_growth_imf,IMF WEO,growth,instr-antiplural_w8_trt-ertOrDdcg_gapany_illibany_lrstraddle_exclyr,backsliding_union_Nyr,866,149,-0.05228387241132906,0.5217587461114916,545,99,-0.02822885210528228,0.03504249416550992,0.4204962598392588,0.25872376084677734,0.4213060829071862,0.5391497260960061,26.906275591811667
8,backsliding_union_Nyr,Y_inflation,"CPI, cumulative log",inflation,instr-antiplural_w8_trt-ertOrDdcg_gapany_illibany_lrstraddle_exclyr,backsliding_union_Nyr,866,149,-0.05228387241132906,0.5217587461114916,661,114,-0.09883950331318396,0.2949762211296074,0.7375676261086319,0.976726153775792,2.913565222485779,0.7374485683628564,15.894783231991934
8,backsliding_union_Nyr,Y_unemployment,Unemployment rate,unemployment,instr-antiplural_w8_trt-ertOrDdcg_gapany_illibany_lrstraddle_exclyr,backsliding_union_Nyr,866,149,-0.05228387241132906,0.5217587461114916,511,118,-0.44008808599655824,0.7989542036496727,0.5817500949137213,3.648627464237264,6.452323322098412,0.5717507309842553,16.938783096076047
8,backsliding_union_Nyr,Y_trade_pct_gdp,Trade / GDP,trade,instr-antiplural_w8_trt-ertOrDdcg_gapany_illibany_lrstraddle_exclyr,backsliding_union_Nyr,866,149,-0.05228387241132906,0.5217587461114916,667,116,0.9360682938685844,4.043088587041254,0.8169084626910286,-5.035939749335375,47.30408971062588,0.9152182900376096,22.61488736125843
8,backsliding_union_Nyr,Y_top10_share,Top-10% income share,top10,instr-antiplural_w8_trt-ertOrDdcg_gapany_illibany_lrstraddle_exclyr,backsliding_union_Nyr,866,149,-0.05228387241132906,0.5217587461114916,684,125,-0.07645368901190389,0.7761530220590033,0.9215325953828728,2.9614139487987083,8.130294229205166,0.7156755323185948,25.433819108986253
8,backsliding_union_Nyr,Y_gini_disp,Disposable,gini,instr-antiplural_w8_trt-ertOrDdcg_gapany_illibany_lrstraddle_exclyr,backsliding_union_Nyr,866,149,-0.05228387241132906,0.5217587461114916,578,95,0.618210421996114,0.5718680039987535,0.27968069385409045,-7.85898140933073,15.987954209846146,0.6230329633838001,22.905610159313095
8,backsliding_union_Nyr,Y_gini_mkt,Market,gini,instr-antiplural_w8_trt-ertOrDdcg_gapany_illibany_lrstraddle_exclyr,backsliding_union_Nyr,866,149,-0.05228387241132906,0.5217587461114916,578,95,0.845745819437861,0.5974976835321163,0.156927907205077,-10.586059310762115,15.8053672484547,0.5030004476419115,26.630075204397304
8,backsliding_union_Nyr,Y_debt,Debt / GDP,fiscal,instr-antiplural_w8_trt-ertOrDdcg_gapany_illibany_lrstraddle_exclyr,backsliding_union_Nyr,866,149,-0.05228387241132906,0.5217587461114916,708,125,-1.406616253796022,11.329346318553483,0.9011910654004358,34.29453521079876,143.9102042723975,0.8116444682595744,23.720985881976635
8,backsliding_union_Nyr,Y_deficit,Deficit / GDP,fiscal,instr-antiplural_w8_trt-ertOrDdcg_gapany_illibany_lrstraddle_exclyr,backsliding_union_Nyr,866,149,-0.05228387241132906,0.5217587461114916,636,111,0.6720416714439723,1.2193447548826577,0.5815309592062913,-8.55338772191678,18.912472890853007,0.6510804417789604,20.360434717535387
8,backsliding_union_Nyr,Y_checks_balances,Checks & balances,institutions,instr-antiplural_w8_trt-ertOrDdcg_gapany_illibany_lrstraddle_exclyr,backsliding_union_Nyr,866,149,-0.05228387241132906,0.5217587461114916,744,127,0.01913324852162645,0.02718854390220448,0.481604266744783,-0.23511628773959736,0.4077100699605988,0.5641588859746822,23.03995032339112
8,backsliding_union_Nyr,Y_jucon,Judicial constraints,institutions,instr-antiplural_w8_trt-ertOrDdcg_gapany_illibany_lrstraddle_exclyr,backsliding_union_Nyr,866,149,-0.05228387241132906,0.5217587461114916,761,134,-0.00112018590709037,0.02952788728959915,0.969738278495336,-0.02267994516522765,0.29213321901616635,0.9381179029022442,24.750099293678723
8,backsliding_union_Nyr,Y_legcon,Legislative constraints,institutions,instr-antiplural_w8_trt-ertOrDdcg_gapany_illibany_lrstraddle_exclyr,backsliding_union_Nyr,866,149,-0.05228387241132906,0.5217587461114916,744,127,0.02569940066957166,0.03143489328215346,0.413617755500042,-0.3707383221579403,0.5786605565433796,0.5217282786694133,20.737955805130596
8,backsliding_union_Nyr,Y_hos_power,HOS,exec_power,instr-antiplural_w8_trt-ertOrDdcg_gapany_illibany_lrstraddle_exclyr,backsliding_union_Nyr,866,149,-0.05228387241132906,0.5217587461114916,761,134,0.02115667579799722,0.02299094927730714,0.35745906716836406,-0.2583916222056971,0.4948553345647635,0.6015618028097295,19.733581441269568
8,backsliding_union_Nyr,Y_hog_power,HOG,exec_power,instr-antiplural_w8_trt-ertOrDdcg_gapany_illibany_lrstraddle_exclyr,backsliding_union_Nyr,866,149,-0.05228387241132906,0.5217587461114916,399,75,0.00981324288013165,0.01428648680489965,0.49215213908332506,-0.5461972932027732,4.911566683621921,0.9114527341314552,22.406782916901125
8,backsliding_union_Nyr,Y_hos_power_vdem,HOS (v2ex_hosw),exec_power_alt,instr-antiplural_w8_trt-ertOrDdcg_gapany_illibany_lrstraddle_exclyr,backsliding_union_Nyr,866,149,-0.05228387241132906,0.5217587461114916,761,134,0.03088248440179433,0.04099345106086805,0.45123862303760626,-0.339001930567037,0.680863972840773,0.6185547773377327,19.516181943963737
8,backsliding_union_Nyr,Y_hog_power_vdem,HOG (v2ex_hogw),exec_power_alt,instr-antiplural_w8_trt-ertOrDdcg_gapany_illibany_lrstraddle_exclyr,backsliding_union_Nyr,866,149,-0.05228387241132906,0.5217587461114916,761,134,-0.01418285015505518,0.0410387136603269,0.7296457138612926,0.15000610450489965,0.5812495106567923,0.7963488433468178,16.861457823287928
8,backsliding_union_Nyr,Y_polyarchy,Electoral (polyarchy),vdem_high,instr-antiplural_w8_trt-ertOrDdcg_gapany_illibany_lrstraddle_exclyr,backsliding_union_Nyr,866,149,-0.05228387241132906,0.5217587461114916,761,134,0.01686504572506449,0.02410106036558374,0.4840749254451679,-0.2420217829667992,0.34832832436987765,0.4871747764741226,17.39781241979553
8,backsliding_union_Nyr,Y_libdem,Liberal,vdem_high,instr-antiplural_w8_trt-ertOrDdcg_gapany_illibany_lrstraddle_exclyr,backsliding_union_Nyr,866,149,-0.05228387241132906,0.5217587461114916,761,134,0.0153469709373838,0.02419816656374858,0.5259369944052023,-0.20993187105232017,0.3335491321970281,0.529094974376794,18.10159349205931
8,backsliding_union_Nyr,Y_partipdem,Participatory,vdem_high,instr-antiplural_w8_trt-ertOrDdcg_gapany_illibany_lrstraddle_exclyr,backsliding_union_Nyr,866,149,-0.05228387241132906,0.5217587461114916,761,134,0.0129612920100375,0.01777739963888725,0.465947722291518,-0.1872477075383279,0.2661085547713248,0.4816497752069372,17.835611080087453
8,backsliding_union_Nyr,Y_delibdem,Deliberative,vdem_high,instr-antiplural_w8_trt-ertOrDdcg_gapany_illibany_lrstraddle_exclyr,backsliding_union_Nyr,866,149,-0.05228387241132906,0.5217587461114916,761,134,0.02287625437462826,0.0260420706099641,0.37970794584055034,-0.3074942825031336,0.41037438263462966,0.4536752953650242,18.801041828541916
8,backsliding_union_Nyr,Y_egaldem,Egalitarian,vdem_high,instr-antiplural_w8_trt-ertOrDdcg_gapany_illibany_lrstraddle_exclyr,backsliding_union_Nyr,866,149,-0.05228387241132906,0.5217587461114916,761,134,0.01522658828747669,0.01711181321758628,0.3735576921249877,-0.2174726358349313,0.2867322446939454,0.44818045597709505,18.062497936937604
8,backsliding_union_Nyr,Y_elecoff,Elected officials,vdem_electoral,instr-antiplural_w8_trt-ertOrDdcg_gapany_illibany_lrstraddle_exclyr,backsliding_union_Nyr,866,149,-0.05228387241132906,0.5217587461114916,761,134,-0.00501708787418662,0.0384715010751135,0.896241655967207,0.06059996619467232,0.5401032408562766,0.9106642675524076,20.58943083984123
8,backsliding_union_Nyr,Y_frefair,Clean elections,vdem_electoral,instr-antiplural_w8_trt-ertOrDdcg_gapany_illibany_lrstraddle_exclyr,backsliding_union_Nyr,866,149,-0.05228387241132906,0.5217587461114916,761,134,0.02209289626869763,0.03047824600574914,0.46852916819066887,-0.23518626398612164,0.4633913254604928,0.6117810780247765,18.63238916437623
8,backsliding_union_Nyr,Y_frassoc,Association,vdem_electoral,instr-antiplural_w8_trt-ertOrDdcg_gapany_illibany_lrstraddle_exclyr,backsliding_union_Nyr,866,149,-0.05228387241132906,0.5217587461114916,761,134,-0.00137974638108182,0.01960946505600108,0.943906136534149,0.00503787286263606,0.26514164731862666,0.9848405591339624,18.97242082942001
8,backsliding_union_Nyr,Y_suffr,Suffrage,vdem_electoral,instr-antiplural_w8_trt-ertOrDdcg_gapany_illibany_lrstraddle_exclyr,backsliding_union_Nyr,866,149,-0.05228387241132906,0.5217587461114916,761,134,0.00741116351525114,0.01331956814883359,0.5779294445439348,-0.09456044844770917,0.18093237059279865,0.6012326688610934,25.994630272569182
8,backsliding_union_Nyr,Y_freexp,Expression & alt. info,vdem_electoral,instr-antiplural_w8_trt-ertOrDdcg_gapany_illibany_lrstraddle_exclyr,backsliding_union_Nyr,866,149,-0.05228387241132906,0.5217587461114916,761,134,0.00334632670794626,0.02716550480960165,0.9019622357803878,-0.0129545425576221,0.3792180869047588,0.9727486113315889,16.845920387671505
8,backsliding_union_Nyr,Y_cl_rol,Rule of law,vdem_liberal,instr-antiplural_w8_trt-ertOrDdcg_gapany_illibany_lrstraddle_exclyr,backsliding_union_Nyr,866,149,-0.05228387241132906,0.5217587461114916,761,134,-0.00641766263043405,0.02128551686002071,0.7630304096390756,0.07390460740847656,0.3411641130732384,0.8285007578291461,17.43688071613351
8,backsliding_union_Nyr,Y_cspart,Civil society,vdem_particip,instr-antiplural_w8_trt-ertOrDdcg_gapany_illibany_lrstraddle_exclyr,backsliding_union_Nyr,866,149,-0.05228387241132906,0.5217587461114916,761,134,-0.0036029739503325,0.02253577160580602,0.8729771840148968,0.09746377522552915,0.28453405399968557,0.731945921028371,24.350691596944618
8,backsliding_union_Nyr,Y_dd,Direct democracy,vdem_particip,instr-antiplural_w8_trt-ertOrDdcg_gapany_illibany_lrstraddle_exclyr,backsliding_union_Nyr,866,149,-0.05228387241132906,0.5217587461114916,761,134,-0.00206173788460149,0.02730002472464107,0.9397998190371928,0.00465386215754715,0.2876286640517092,0.9870907068196502,30.631866378519767
8,backsliding_union_Nyr,Y_locelec,Local elections,vdem_particip,instr-antiplural_w8_trt-ertOrDdcg_gapany_illibany_lrstraddle_exclyr,backsliding_union_Nyr,866,149,-0.05228387241132906,0.5217587461114916,753,133,0.01434634707679055,0.02161984433393138,0.5069635803154131,-0.19879458073414724,0.22590495455144263,0.37886357632228934,13.827208088997171
8,backsliding_union_Nyr,Y_regelec,Regional elections,vdem_particip,instr-antiplural_w8_trt-ertOrDdcg_gapany_illibany_lrstraddle_exclyr,backsliding_union_Nyr,866,149,-0.05228387241132906,0.5217587461114916,761,134,-0.05050407834956726,0.03353633055121801,0.13207969304660752,0.5928485525012297,0.8566463706725114,0.48890121499996214,20.17276628781114
8,backsliding_union_Nyr,Y_delib,Deliberation,vdem_egal_delib,instr-antiplural_w8_trt-ertOrDdcg_gapany_illibany_lrstraddle_exclyr,backsliding_union_Nyr,866,149,-0.05228387241132906,0.5217587461114916,761,134,0.0219498440976212,0.03274449362431151,0.5026430152972016,-0.1615673955996695,0.3364947379387973,0.631121905227324,25.24797211277119
8,backsliding_union_Nyr,Y_eqprotec,Equal protection,vdem_egal_delib,instr-antiplural_w8_trt-ertOrDdcg_gapany_illibany_lrstraddle_exclyr,backsliding_union_Nyr,866,149,-0.05228387241132906,0.5217587461114916,761,134,-0.00170165882381903,0.01545189439824586,0.912309268841254,0.06511430886989968,0.1766452591992242,0.7124137990659904,24.90635759292215
8,backsliding_union_Nyr,Y_eqaccess,Equal access,vdem_egal_delib,instr-antiplural_w8_trt-ertOrDdcg_gapany_illibany_lrstraddle_exclyr,backsliding_union_Nyr,866,149,-0.05228387241132906,0.5217587461114916,761,134,-0.00585786013485066,0.02106863335430821,0.7809839371365878,0.07384443949781772,0.29603721865374777,0.8030180548678918,19.04436644543677
8,backsliding_union_Nyr,Y_eqdr,Equal distribution,vdem_egal_delib,instr-antiplural_w8_trt-ertOrDdcg_gapany_illibany_lrstraddle_exclyr,backsliding_union_Nyr,866,149,-0.05228387241132906,0.5217587461114916,761,134,7.992388308599926e-5,0.01428136158622693,0.9955347605270892,-0.01727990690336346,0.1441382304385198,0.9045748232977175,24.116706447657833
8,polyarchy_decline,Y_gdp_growth,PWT,growth,instr-antiplural_w8_trt-polyarchy_gapany_illibany_lrstraddle_exclyr,polyarchy_decline,761,281,-0.01686504572506449,0.4840749254451679,716,251,-0.05901009650053532,0.03955900817254175,0.13577831293321888,4.336005263359284,16.321416644441843,0.7904983482864655,15.79420895466447
8,polyarchy_decline,Y_gdp_growth_wb,World Bank,growth,instr-antiplural_w8_trt-polyarchy_gapany_illibany_lrstraddle_exclyr,polyarchy_decline,761,281,-0.01686504572506449,0.4840749254451679,730,269,-0.03067624124579079,0.03236965928076998,0.34328982856680407,2.8644775100425415,9.149402713592435,0.7542213359337332,16.296276442163958
8,polyarchy_decline,Y_gdp_growth_imf,IMF WEO,growth,instr-antiplural_w8_trt-polyarchy_gapany_illibany_lrstraddle_exclyr,polyarchy_decline,761,281,-0.01686504572506449,0.4840749254451679,545,210,-0.02822885210528228,0.03504249416550992,0.4204962598392588,1.0635614335452686,3.822694146406499,0.7808411801501607,17.492445972534178
8,polyarchy_decline,Y_inflation,"CPI, cumulative log",inflation,instr-antiplural_w8_trt-polyarchy_gapany_illibany_lrstraddle_exclyr,polyarchy_decline,761,281,-0.01686504572506449,0.4840749254451679,661,245,-0.09883950331318396,0.2949762211296074,0.7375676261086319,13.237558720245318,27.41342493278855,0.6291766930073552,16.749332534046516
8,polyarchy_decline,Y_unemployment,Unemployment rate,unemployment,instr-antiplural_w8_trt-polyarchy_gapany_illibany_lrstraddle_exclyr,polyarchy_decline,761,281,-0.01686504572506449,0.4840749254451679,511,237,-0.44008808599655824,0.7989542036496727,0.5817500949137213,65.34355240569067,201.72162074637103,0.7459915269864408,16.259945230774683
8,polyarchy_decline,Y_trade_pct_gdp,Trade / GDP,trade,instr-antiplural_w8_trt-polyarchy_gapany_illibany_lrstraddle_exclyr,polyarchy_decline,761,281,-0.01686504572506449,0.4840749254451679,667,246,0.9360682938685844,4.043088587041254,0.8169084626910286,-60.43305353762459,366.7917823480307,0.8691319459507852,18.05959886407461
8,polyarchy_decline,Y_top10_share,Top-10% income share,top10,instr-antiplural_w8_trt-polyarchy_gapany_illibany_lrstraddle_exclyr,polyarchy_decline,761,281,-0.01686504572506449,0.4840749254451679,684,261,-0.07645368901190389,0.7761530220590033,0.9215325953828728,-22.269261823189133,80.75634046942046,0.782733422389266,14.984267379628392
8,polyarchy_decline,Y_gini_disp,Disposable,gini,instr-antiplural_w8_trt-polyarchy_gapany_illibany_lrstraddle_exclyr,polyarchy_decline,761,281,-0.01686504572506449,0.4840749254451679,578,206,0.618210421996114,0.5718680039987535,0.27968069385409045,-25.369350075730956,94.859479433628,0.7891293427665858,17.22205260628844
8,polyarchy_decline,Y_gini_mkt,Market,gini,instr-antiplural_w8_trt-polyarchy_gapany_illibany_lrstraddle_exclyr,polyarchy_decline,761,281,-0.01686504572506449,0.4840749254451679,578,206,0.845745819437861,0.5974976835321163,0.156927907205077,-36.48302664194774,118.08021422266,0.7573457464689035,18.365508832132612
8,polyarchy_decline,Y_debt,Debt / GDP,fiscal,instr-antiplural_w8_trt-polyarchy_gapany_illibany_lrstraddle_exclyr,polyarchy_decline,761,281,-0.01686504572506449,0.4840749254451679,708,267,-1.406616253796022,11.329346318553483,0.9011910654004358,-14.619138931098815,842.1950319860305,0.98615071443486,16.299887864249406
8,polyarchy_decline,Y_deficit,Deficit / GDP,fiscal,instr-antiplural_w8_trt-polyarchy_gapany_illibany_lrstraddle_exclyr,polyarchy_decline,761,281,-0.01686504572506449,0.4840749254451679,636,248,0.6720416714439723,1.2193447548826577,0.5815309592062913,-41.491392828675224,185.70067268210107,0.8231996360651264,16.634238236834907
8,polyarchy_decline,Y_checks_balances,Checks & balances,institutions,instr-antiplural_w8_trt-polyarchy_gapany_illibany_lrstraddle_exclyr,polyarchy_decline,761,281,-0.01686504572506449,0.4840749254451679,744,279,0.01913324852162645,0.02718854390220448,0.481604266744783,-0.32055962120140136,1.3367848275742158,0.8104861075653332,15.7415573083164
8,polyarchy_decline,Y_jucon,Judicial constraints,institutions,instr-antiplural_w8_trt-polyarchy_gapany_illibany_lrstraddle_exclyr,polyarchy_decline,761,281,-0.01686504572506449,0.4840749254451679,761,281,-0.00112018590709037,0.02952788728959915,0.969738278495336,-0.19625134312369377,1.8526360562861344,0.9156372037579104,24.388795143016203
8,polyarchy_decline,Y_legcon,Legislative constraints,institutions,instr-antiplural_w8_trt-polyarchy_gapany_illibany_lrstraddle_exclyr,polyarchy_decline,761,281,-0.01686504572506449,0.4840749254451679,744,279,0.02569940066957166,0.03143489328215346,0.413617755500042,-0.5387012724612772,1.4417478863514703,0.7086687679136363,15.554801443225536
8,polyarchy_decline,Y_hos_power,HOS,exec_power,instr-antiplural_w8_trt-polyarchy_gapany_illibany_lrstraddle_exclyr,polyarchy_decline,761,281,-0.01686504572506449,0.4840749254451679,761,281,0.02115667579799722,0.02299094927730714,0.35745906716836406,-1.2765639869416443,5.103992994664214,0.802501631462303,16.447096097328604
8,polyarchy_decline,Y_hog_power,HOG,exec_power,instr-antiplural_w8_trt-polyarchy_gapany_illibany_lrstraddle_exclyr,polyarchy_decline,761,281,-0.01686504572506449,0.4840749254451679,399,145,0.00981324288013165,0.01428648680489965,0.49215213908332506,-1.0020806375822215,14.284519588359366,0.9440730675514912,16.8578708177497
8,polyarchy_decline,Y_hos_power_vdem,HOS (v2ex_hosw),exec_power_alt,instr-antiplural_w8_trt-polyarchy_gapany_illibany_lrstraddle_exclyr,polyarchy_decline,761,281,-0.01686504572506449,0.4840749254451679,761,281,0.03088248440179433,0.04099345106086805,0.45123862303760626,-2.2338126392767523,8.562833868268081,0.7941904037476936,15.857299184303626
8,polyarchy_decline,Y_hog_power_vdem,HOG (v2ex_hogw),exec_power_alt,instr-antiplural_w8_trt-polyarchy_gapany_illibany_lrstraddle_exclyr,polyarchy_decline,761,281,-0.01686504572506449,0.4840749254451679,761,281,-0.01418285015505518,0.0410387136603269,0.7296457138612926,1.32936770139762,6.794779821037517,0.8448876899670958,15.35996126326331
8,polyarchy_decline,Y_polyarchy,Electoral (polyarchy),vdem_high,instr-antiplural_w8_trt-polyarchy_gapany_illibany_lrstraddle_exclyr,polyarchy_decline,761,281,-0.01686504572506449,0.4840749254451679,761,281,0.01686504572506449,0.02410106036558374,0.4840749254451679,-1,3.153306905815453e-16,0,19.059522967401637
8,polyarchy_decline,Y_libdem,Liberal,vdem_high,instr-antiplural_w8_trt-polyarchy_gapany_illibany_lrstraddle_exclyr,polyarchy_decline,761,281,-0.01686504572506449,0.4840749254451679,761,281,0.0153469709373838,0.02419816656374858,0.5259369944052023,-0.7276746642499657,0.6066641054228864,0.23034571092901576,17.433320881517947
8,polyarchy_decline,Y_partipdem,Participatory,vdem_high,instr-antiplural_w8_trt-polyarchy_gapany_illibany_lrstraddle_exclyr,polyarchy_decline,761,281,-0.01686504572506449,0.4840749254451679,761,281,0.0129612920100375,0.01777739963888725,0.465947722291518,-0.6574595270390103,0.5379681609024533,0.2216637421741534,19.784565526456788
8,polyarchy_decline,Y_delibdem,Deliberative,vdem_high,instr-antiplural_w8_trt-polyarchy_gapany_illibany_lrstraddle_exclyr,polyarchy_decline,761,281,-0.01686504572506449,0.4840749254451679,761,281,0.02287625437462826,0.0260420706099641,0.37970794584055034,-1.10544709416606,0.9237899109196472,0.23144557917451444,18.049718989888348
8,polyarchy_decline,Y_egaldem,Egalitarian,vdem_high,instr-antiplural_w8_trt-polyarchy_gapany_illibany_lrstraddle_exclyr,polyarchy_decline,761,281,-0.01686504572506449,0.4840749254451679,761,281,0.01522658828747669,0.01711181321758628,0.3735576921249877,-0.8188717594280148,0.7086927176533264,0.247898828122988,17.73202509702679
8,polyarchy_decline,Y_elecoff,Elected officials,vdem_electoral,instr-antiplural_w8_trt-polyarchy_gapany_illibany_lrstraddle_exclyr,polyarchy_decline,761,281,-0.01686504572506449,0.4840749254451679,761,281,-0.00501708787418662,0.0384715010751135,0.896241655967207,0.6315308884073856,4.645820701210038,0.8918724533348305,17.020258195016805
8,polyarchy_decline,Y_frefair,Clean elections,vdem_electoral,instr-antiplural_w8_trt-polyarchy_gapany_illibany_lrstraddle_exclyr,polyarchy_decline,761,281,-0.01686504572506449,0.4840749254451679,761,281,0.02209289626869763,0.03047824600574914,0.46852916819066887,-1.197411537231874,1.3167740940338268,0.3631641974479881,16.687651257642205
8,polyarchy_decline,Y_frassoc,Association,vdem_electoral,instr-antiplural_w8_trt-polyarchy_gapany_illibany_lrstraddle_exclyr,polyarchy_decline,761,281,-0.01686504572506449,0.4840749254451679,761,281,-0.00137974638108182,0.01960946505600108,0.943906136534149,0.06947722608842649,1.7141616838422948,0.9676695422892424,17.229291104038264
8,polyarchy_decline,Y_suffr,Suffrage,vdem_electoral,instr-antiplural_w8_trt-polyarchy_gapany_illibany_lrstraddle_exclyr,polyarchy_decline,761,281,-0.01686504572506449,0.4840749254451679,761,281,0.00741116351525114,0.01331956814883359,0.5779294445439348,-0.5252001860123148,1.743013632620138,0.763172539432477,15.63100095521881
8,polyarchy_decline,Y_freexp,Expression & alt. info,vdem_electoral,instr-antiplural_w8_trt-polyarchy_gapany_illibany_lrstraddle_exclyr,polyarchy_decline,761,281,-0.01686504572506449,0.4840749254451679,761,281,0.00334632670794626,0.02716550480960165,0.9019622357803878,-0.2523218674019738,2.323822821660114,0.9135352200144492,16.831214943935294
8,polyarchy_decline,Y_cl_rol,Rule of law,vdem_liberal,instr-antiplural_w8_trt-polyarchy_gapany_illibany_lrstraddle_exclyr,polyarchy_decline,761,281,-0.01686504572506449,0.4840749254451679,761,281,-0.00641766263043405,0.02128551686002071,0.7630304096390756,0.36095693783271554,3.3850809990146726,0.9150811698634156,14.767456442023663
8,polyarchy_decline,Y_cspart,Civil society,vdem_particip,instr-antiplural_w8_trt-polyarchy_gapany_illibany_lrstraddle_exclyr,polyarchy_decline,761,281,-0.01686504572506449,0.4840749254451679,761,281,-0.0036029739503325,0.02253577160580602,0.8729771840148968,0.12414113594645884,2.1865224497923483,0.9547239466047568,17.085110931904996
8,polyarchy_decline,Y_dd,Direct democracy,vdem_particip,instr-antiplural_w8_trt-polyarchy_gapany_illibany_lrstraddle_exclyr,polyarchy_decline,761,281,-0.01686504572506449,0.4840749254451679,761,281,-0.00206173788460149,0.02730002472464107,0.9397998190371928,-0.09014969818614446,2.0906395607054273,0.9656053730010968,18.00474299847918
8,polyarchy_decline,Y_locelec,Local elections,vdem_particip,instr-antiplural_w8_trt-polyarchy_gapany_illibany_lrstraddle_exclyr,polyarchy_decline,761,281,-0.01686504572506449,0.4840749254451679,753,278,0.01434634707679055,0.02161984433393138,0.5069635803154131,-1.7174557371897512,3.6620046701180016,0.6390744090223341,14.127320407796704
8,polyarchy_decline,Y_regelec,Regional elections,vdem_particip,instr-antiplural_w8_trt-polyarchy_gapany_illibany_lrstraddle_exclyr,polyarchy_decline,761,281,-0.01686504572506449,0.4840749254451679,761,281,-0.05050407834956726,0.03353633055121801,0.13207969304660752,2.810587176547897,8.687124993870512,0.746290263024129,16.918802645586226
8,polyarchy_decline,Y_delib,Deliberation,vdem_egal_delib,instr-antiplural_w8_trt-polyarchy_gapany_illibany_lrstraddle_exclyr,polyarchy_decline,761,281,-0.01686504572506449,0.4840749254451679,761,281,0.0219498440976212,0.03274449362431151,0.5026430152972016,-1.2906498742242172,1.870722148417216,0.4902440777166761,20.467854999705445
8,polyarchy_decline,Y_eqprotec,Equal protection,vdem_egal_delib,instr-antiplural_w8_trt-polyarchy_gapany_illibany_lrstraddle_exclyr,polyarchy_decline,761,281,-0.01686504572506449,0.4840749254451679,761,281,-0.00170165882381903,0.01545189439824586,0.912309268841254,-0.2642813238799673,1.2787035245123382,0.8362604622785105,16.956871751190626
8,polyarchy_decline,Y_eqaccess,Equal access,vdem_egal_delib,instr-antiplural_w8_trt-polyarchy_gapany_illibany_lrstraddle_exclyr,polyarchy_decline,761,281,-0.01686504572506449,0.4840749254451679,761,281,-0.00585786013485066,0.02106863335430821,0.7809839371365878,0.4300355260658746,2.283102552725921,0.8505977740374097,16.205159799995947
8,polyarchy_decline,Y_eqdr,Equal distribution,vdem_egal_delib,instr-antiplural_w8_trt-polyarchy_gapany_illibany_lrstraddle_exclyr,polyarchy_decline,761,281,-0.01686504572506449,0.4840749254451679,761,281,7.992388308599926e-5,0.01428136158622693,0.9955347605270892,0.06620842258756585,1.305553879407679,0.9595542976172956,15.197583978619766
9,backsliding_Nyr,Y_gdp_growth,PWT,growth,instr-antiplural_w9_trt-ert_gapany_illibany_lrstraddle_exclyr,backsliding_Nyr,866,143,-0.05717771034865132,0.4817886239494763,688,105,-0.0819664495245421,0.04393526748362843,0.06209475401322252,2.7100281450515387,13.985190921541273,0.8463493881527008,21.499778172000564
9,backsliding_Nyr,Y_gdp_growth_wb,World Bank,growth,instr-antiplural_w9_trt-ert_gapany_illibany_lrstraddle_exclyr,backsliding_Nyr,866,143,-0.05717771034865132,0.4817886239494763,708,118,-0.03576015989196285,0.03587618040904732,0.3188780639374548,0.9308887588372332,6.667296158722771,0.8889601346862374,24.34312217619487
9,backsliding_Nyr,Y_gdp_growth_imf,IMF WEO,growth,instr-antiplural_w9_trt-ert_gapany_illibany_lrstraddle_exclyr,backsliding_Nyr,866,143,-0.05717771034865132,0.4817886239494763,523,90,-0.03316980896891483,0.03949272537698612,0.4009663187028706,0.5819015254506172,3.544709941115036,0.8696047580642043,27.881588819899733
9,backsliding_Nyr,Y_inflation,"CPI, cumulative log",inflation,instr-antiplural_w9_trt-ert_gapany_illibany_lrstraddle_exclyr,backsliding_Nyr,866,143,-0.05717771034865132,0.4817886239494763,638,106,-0.1252791480819101,0.31862317254253847,0.6941798437363567,4.684626275609501,9.382776722155208,0.6175826296793192,19.330004367082715
9,backsliding_Nyr,Y_unemployment,Unemployment rate,unemployment,instr-antiplural_w9_trt-ert_gapany_illibany_lrstraddle_exclyr,backsliding_Nyr,866,143,-0.05717771034865132,0.4817886239494763,496,112,0.20777540084770635,0.9199450104958292,0.8213131663646479,-0.6633040830388635,10.166465943505182,0.9479794798359772,19.960703399807972
9,backsliding_Nyr,Y_trade_pct_gdp,Trade / GDP,trade,instr-antiplural_w9_trt-ert_gapany_illibany_lrstraddle_exclyr,backsliding_Nyr,866,143,-0.05717771034865132,0.4817886239494763,644,107,0.20880398869832284,4.082434269519292,0.9592084384385972,29.98856121434556,76.81048993502336,0.6962239823383438,25.395853783659295
9,backsliding_Nyr,Y_top10_share,Top-10% income share,top10,instr-antiplural_w9_trt-ert_gapany_illibany_lrstraddle_exclyr,backsliding_Nyr,866,143,-0.05717771034865132,0.4817886239494763,661,113,0.26953966805301327,0.7946156628103612,0.7344533480028425,-6.318297886616497,50.884462432531045,0.9011810765699791,22.600310246107977
9,backsliding_Nyr,Y_gini_disp,Disposable,gini,instr-antiplural_w9_trt-ert_gapany_illibany_lrstraddle_exclyr,backsliding_Nyr,866,143,-0.05717771034865132,0.4817886239494763,549,80,0.9199565493256376,0.672575016852418,0.17137075812696545,-3575.080700351899,41345.072810392136,0.931093336699291,18.364062201032716
9,backsliding_Nyr,Y_gini_mkt,Market,gini,instr-antiplural_w9_trt-ert_gapany_illibany_lrstraddle_exclyr,backsliding_Nyr,866,143,-0.05717771034865132,0.4817886239494763,549,80,1.2185117516548036,0.7140389367446801,0.08791390445775306,-1639.6984328325211,14180.292259369837,0.9079440398036932,20.01163689468139
9,backsliding_Nyr,Y_debt,Debt / GDP,fiscal,instr-antiplural_w9_trt-ert_gapany_illibany_lrstraddle_exclyr,backsliding_Nyr,866,143,-0.05717771034865132,0.4817886239494763,684,116,1.606490467329131,11.837902295717164,0.8920526291918479,33.497864017548906,603.0143009304791,0.9556997428306072,23.306953626824523
9,backsliding_Nyr,Y_deficit,Deficit / GDP,fiscal,instr-antiplural_w9_trt-ert_gapany_illibany_lrstraddle_exclyr,backsliding_Nyr,866,143,-0.05717771034865132,0.4817886239494763,611,106,1.2571783013110496,1.3978191289799002,0.368447342716993,-33.47320101501554,87.64588183820314,0.7025250565146582,19.897424062105916
9,backsliding_Nyr,Y_checks_balances,Checks & balances,institutions,instr-antiplural_w9_trt-ert_gapany_illibany_lrstraddle_exclyr,backsliding_Nyr,866,143,-0.05717771034865132,0.4817886239494763,730,124,-0.00149118742128085,0.03427524963360839,0.96529798614231,-0.00276777702012594,0.5165598120924397,0.9957248784483116,22.701423306421272
9,backsliding_Nyr,Y_jucon,Judicial constraints,institutions,instr-antiplural_w9_trt-ert_gapany_illibany_lrstraddle_exclyr,backsliding_Nyr,866,143,-0.05717771034865132,0.4817886239494763,745,125,-0.02444508289837751,0.03445739736469209,0.47805818978721215,0.22026767949803527,0.6719533568568916,0.7430613466541212,23.80874261541447
9,backsliding_Nyr,Y_legcon,Legislative constraints,institutions,instr-antiplural_w9_trt-ert_gapany_illibany_lrstraddle_exclyr,backsliding_Nyr,866,143,-0.05717771034865132,0.4817886239494763,730,124,0.00804840511007673,0.03880791397294875,0.8357046511601767,-0.14218627186155805,0.5130455403552601,0.7816713653034472,24.528646298884
9,backsliding_Nyr,Y_hos_power,HOS,exec_power,instr-antiplural_w9_trt-ert_gapany_illibany_lrstraddle_exclyr,backsliding_Nyr,866,143,-0.05717771034865132,0.4817886239494763,745,125,0.03034364176840424,0.02623187195476878,0.24737570102341092,-0.4333817307509053,1.007215705839586,0.6669941713920535,20.43502798389772
9,backsliding_Nyr,Y_hog_power,HOG,exec_power,instr-antiplural_w9_trt-ert_gapany_illibany_lrstraddle_exclyr,backsliding_Nyr,866,143,-0.05717771034865132,0.4817886239494763,391,70,0.00990016936058922,0.01405569153792686,0.4812129297689123,0.23550793505768164,0.5106260072903412,0.6446449775756438,22.305184916217748
9,backsliding_Nyr,Y_hos_power_vdem,HOS (v2ex_hosw),exec_power_alt,instr-antiplural_w9_trt-ert_gapany_illibany_lrstraddle_exclyr,backsliding_Nyr,866,143,-0.05717771034865132,0.4817886239494763,745,125,0.0195218455032908,0.04651820626494873,0.6747336134734271,-0.2611349390397213,0.8594857931405249,0.7612597407327721,17.85701897463469
9,backsliding_Nyr,Y_hog_power_vdem,HOG (v2ex_hogw),exec_power_alt,instr-antiplural_w9_trt-ert_gapany_illibany_lrstraddle_exclyr,backsliding_Nyr,866,143,-0.05717771034865132,0.4817886239494763,745,125,-0.00773039270893619,0.04362560306146733,0.8593524507144327,0.10749285134361272,0.6626625720691574,0.8711376861057374,16.82845508261206
9,backsliding_Nyr,Y_polyarchy,Electoral (polyarchy),vdem_high,instr-antiplural_w9_trt-ert_gapany_illibany_lrstraddle_exclyr,backsliding_Nyr,866,143,-0.05717771034865132,0.4817886239494763,745,125,0.01003925849171573,0.02640116641989974,0.7037538036791577,-0.14108367160147298,0.41889940198003595,0.7362706371446865,20.696611875320546
9,backsliding_Nyr,Y_libdem,Liberal,vdem_high,instr-antiplural_w9_trt-ert_gapany_illibany_lrstraddle_exclyr,backsliding_Nyr,866,143,-0.05717771034865132,0.4817886239494763,745,125,0.00457771329999131,0.02764424747157051,0.868476703308642,-0.058665527938678,0.4342732891045558,0.8925415370649037,21.016571619262763
9,backsliding_Nyr,Y_partipdem,Participatory,vdem_high,instr-antiplural_w9_trt-ert_gapany_illibany_lrstraddle_exclyr,backsliding_Nyr,866,143,-0.05717771034865132,0.4817886239494763,745,125,0.00739206385501475,0.01946356291766001,0.7041014091906695,-0.06547283657186152,0.31828975483173005,0.8370237025199825,21.301524769038657
9,backsliding_Nyr,Y_delibdem,Deliberative,vdem_high,instr-antiplural_w9_trt-ert_gapany_illibany_lrstraddle_exclyr,backsliding_Nyr,866,143,-0.05717771034865132,0.4817886239494763,745,125,0.0128654748630679,0.03059554810173482,0.6741191101276347,-0.16666642784309088,0.4865788518754652,0.7319542766992206,22.054285960923128
9,backsliding_Nyr,Y_egaldem,Egalitarian,vdem_high,instr-antiplural_w9_trt-ert_gapany_illibany_lrstraddle_exclyr,backsliding_Nyr,866,143,-0.05717771034865132,0.4817886239494763,745,125,0.01316372922628534,0.01889013221665071,0.48589201323273645,-0.18808010646263648,0.3576934089804154,0.5990176322250201,19.9174011166322
9,backsliding_Nyr,Y_elecoff,Elected officials,vdem_electoral,instr-antiplural_w9_trt-ert_gapany_illibany_lrstraddle_exclyr,backsliding_Nyr,866,143,-0.05717771034865132,0.4817886239494763,745,125,-0.00700618755105627,0.04276618407836431,0.869868589292821,0.00829140996494969,0.725170905830311,0.9908774003409871,21.2138956923205
9,backsliding_Nyr,Y_frefair,Clean elections,vdem_electoral,instr-antiplural_w9_trt-ert_gapany_illibany_lrstraddle_exclyr,backsliding_Nyr,866,143,-0.05717771034865132,0.4817886239494763,745,125,0.0183364602748028,0.03155101791533775,0.5611268415956359,-0.09557824700038924,0.5348117424356964,0.8581624207257672,22.49785131422305
9,backsliding_Nyr,Y_frassoc,Association,vdem_electoral,instr-antiplural_w9_trt-ert_gapany_illibany_lrstraddle_exclyr,backsliding_Nyr,866,143,-0.05717771034865132,0.4817886239494763,745,125,-0.00792957671220608,0.02211098646211259,0.719874823323886,0.06118952274586982,0.3771423292415954,0.8711127874980356,18.46837659968096
9,backsliding_Nyr,Y_suffr,Suffrage,vdem_electoral,instr-antiplural_w9_trt-ert_gapany_illibany_lrstraddle_exclyr,backsliding_Nyr,866,143,-0.05717771034865132,0.4817886239494763,745,125,0.0074831551531436,0.013739033149539,0.5859847088019943,-0.1681137857288947,0.4252122674853916,0.6925739907180393,24.039050058756093
9,backsliding_Nyr,Y_freexp,Expression & alt. info,vdem_electoral,instr-antiplural_w9_trt-ert_gapany_illibany_lrstraddle_exclyr,backsliding_Nyr,866,143,-0.05717771034865132,0.4817886239494763,745,125,-0.00748914393002473,0.02712501974980747,0.7824733566325579,0.08733241584893144,0.6662507782638794,0.8957117090705143,21.001132837949037
9,backsliding_Nyr,Y_cl_rol,Rule of law,vdem_liberal,instr-antiplural_w9_trt-ert_gapany_illibany_lrstraddle_exclyr,backsliding_Nyr,866,143,-0.05717771034865132,0.4817886239494763,745,125,-0.01016157845248138,0.02136140548184938,0.6342895263917273,0.1299143719493484,0.4659748947777643,0.7803973735379142,20.027254531690108
9,backsliding_Nyr,Y_cspart,Civil society,vdem_particip,instr-antiplural_w9_trt-ert_gapany_illibany_lrstraddle_exclyr,backsliding_Nyr,866,143,-0.05717771034865132,0.4817886239494763,745,125,-0.01262673274231902,0.02288836968688486,0.5811772866653,0.1399097374804228,0.5697475375920552,0.8060194158337718,20.545729619397807
9,backsliding_Nyr,Y_dd,Direct democracy,vdem_particip,instr-antiplural_w9_trt-ert_gapany_illibany_lrstraddle_exclyr,backsliding_Nyr,866,143,-0.05717771034865132,0.4817886239494763,745,125,-0.00672866766917504,0.02953067663097479,0.8197601428889305,0.07318161701418943,0.4768541502636632,0.8780296134339782,26.300407055767653
9,backsliding_Nyr,Y_locelec,Local elections,vdem_particip,instr-antiplural_w9_trt-ert_gapany_illibany_lrstraddle_exclyr,backsliding_Nyr,866,143,-0.05717771034865132,0.4817886239494763,738,124,0.01258950260426214,0.02187968585799811,0.5650229252985391,-0.27910146928208385,0.384087398767028,0.4674334331080179,16.973459565256874
9,backsliding_Nyr,Y_regelec,Regional elections,vdem_particip,instr-antiplural_w9_trt-ert_gapany_illibany_lrstraddle_exclyr,backsliding_Nyr,866,143,-0.05717771034865132,0.4817886239494763,745,125,-0.04433990367287877,0.03208810542435891,0.16702776292161184,0.5946834785674222,1.2975992464361457,0.646740387454195,21.23102595778797
9,backsliding_Nyr,Y_delib,Deliberation,vdem_egal_delib,instr-antiplural_w9_trt-ert_gapany_illibany_lrstraddle_exclyr,backsliding_Nyr,866,143,-0.05717771034865132,0.4817886239494763,745,125,0.01489091405706059,0.03486686898159853,0.6693216518125469,-0.18896199164030575,0.5933334968111504,0.7501245195243964,22.473811745507877
9,backsliding_Nyr,Y_eqprotec,Equal protection,vdem_egal_delib,instr-antiplural_w9_trt-ert_gapany_illibany_lrstraddle_exclyr,backsliding_Nyr,866,143,-0.05717771034865132,0.4817886239494763,745,125,0.00978608025107519,0.01603984113683301,0.5417884152186083,-0.18613730830276515,0.3471115518935002,0.5917882927974057,19.17995931255281
9,backsliding_Nyr,Y_eqaccess,Equal access,vdem_egal_delib,instr-antiplural_w9_trt-ert_gapany_illibany_lrstraddle_exclyr,backsliding_Nyr,866,143,-0.05717771034865132,0.4817886239494763,745,125,-0.00342339456354267,0.02031409870200748,0.8661717848988437,0.02978649085088976,0.3326388311795181,0.9286479640513244,22.142595090809632
9,backsliding_Nyr,Y_eqdr,Equal distribution,vdem_egal_delib,instr-antiplural_w9_trt-ert_gapany_illibany_lrstraddle_exclyr,backsliding_Nyr,866,143,-0.05717771034865132,0.4817886239494763,745,125,0.00139063433338017,0.01427147627326783,0.9223757738049556,-0.03617492605597174,0.22542380821736271,0.8725067722273333,20.97441185421841
9,backsliding_union_Nyr,Y_gdp_growth,PWT,growth,instr-antiplural_w9_trt-ertOrDdcg_gapany_illibany_lrstraddle_exclyr,backsliding_union_Nyr,866,160,-0.05240127439482886,0.5377950248766236,688,122,-0.0819664495245421,0.04393526748362843,0.06209475401322252,1.4085311129605855,4.5434926670319635,0.756552857885433,23.82442307737252
9,backsliding_union_Nyr,Y_gdp_growth_wb,World Bank,growth,instr-antiplural_w9_trt-ertOrDdcg_gapany_illibany_lrstraddle_exclyr,backsliding_union_Nyr,866,160,-0.05240127439482886,0.5377950248766236,708,134,-0.03576015989196285,0.03587618040904732,0.3188780639374548,0.550485158226772,2.362746926385689,0.8157728676743413,26.86150052589104
9,backsliding_union_Nyr,Y_gdp_growth_imf,IMF WEO,growth,instr-antiplural_w9_trt-ertOrDdcg_gapany_illibany_lrstraddle_exclyr,backsliding_union_Nyr,866,160,-0.05240127439482886,0.5377950248766236,523,102,-0.03316980896891483,0.03949272537698612,0.4009663187028706,0.7457530210392191,2.5432263095396923,0.7693455221732232,28.277123404005017
9,backsliding_union_Nyr,Y_inflation,"CPI, cumulative log",inflation,instr-antiplural_w9_trt-ertOrDdcg_gapany_illibany_lrstraddle_exclyr,backsliding_union_Nyr,866,160,-0.05240127439482886,0.5377950248766236,638,118,-0.1252791480819101,0.31862317254253847,0.6941798437363567,3.202074676408664,9.774207213777649,0.7432106873877476,16.607712528727532
9,backsliding_union_Nyr,Y_unemployment,Unemployment rate,unemployment,instr-antiplural_w9_trt-ertOrDdcg_gapany_illibany_lrstraddle_exclyr,backsliding_union_Nyr,866,160,-0.05240127439482886,0.5377950248766236,496,125,0.20777540084770635,0.9199450104958292,0.8213131663646479,-0.6485152990408132,9.843345655278188,0.9474704771960054,21.25534318110143
9,backsliding_union_Nyr,Y_trade_pct_gdp,Trade / GDP,trade,instr-antiplural_w9_trt-ertOrDdcg_gapany_illibany_lrstraddle_exclyr,backsliding_union_Nyr,866,160,-0.05240127439482886,0.5377950248766236,644,120,0.20880398869832284,4.082434269519292,0.9592084384385972,31.255880126835375,96.13328975836043,0.7450821837079231,23.603405508014102
9,backsliding_union_Nyr,Y_top10_share,Top-10% income share,top10,instr-antiplural_w9_trt-ertOrDdcg_gapany_illibany_lrstraddle_exclyr,backsliding_union_Nyr,866,160,-0.05240127439482886,0.5377950248766236,661,129,0.26953966805301327,0.7946156628103612,0.7344533480028425,-5.043710466284375,31.877395502148698,0.8742817401965629,22.71341137860834
9,backsliding_union_Nyr,Y_gini_disp,Disposable,gini,instr-antiplural_w9_trt-ertOrDdcg_gapany_illibany_lrstraddle_exclyr,backsliding_union_Nyr,866,160,-0.05240127439482886,0.5377950248766236,549,89,0.9199565493256376,0.672575016852418,0.17137075812696545,174.42230032614398,1885.613916427296,0.926299521710776,25.837953918658876
9,backsliding_union_Nyr,Y_gini_mkt,Market,gini,instr-antiplural_w9_trt-ertOrDdcg_gapany_illibany_lrstraddle_exclyr,backsliding_union_Nyr,866,160,-0.05240127439482886,0.5377950248766236,549,89,1.2185117516548036,0.7140389367446801,0.08791390445775306,323.92005238294803,4087.765650816613,0.9368406586003238,26.817565717750607
9,backsliding_union_Nyr,Y_debt,Debt / GDP,fiscal,instr-antiplural_w9_trt-ertOrDdcg_gapany_illibany_lrstraddle_exclyr,backsliding_union_Nyr,866,160,-0.05240127439482886,0.5377950248766236,684,129,1.606490467329131,11.837902295717164,0.8920526291918479,16.0324739577013,545.5511334823606,0.9765554104515496,24.13878228590379
9,backsliding_union_Nyr,Y_deficit,Deficit / GDP,fiscal,instr-antiplural_w9_trt-ertOrDdcg_gapany_illibany_lrstraddle_exclyr,backsliding_union_Nyr,866,160,-0.05240127439482886,0.5377950248766236,611,114,1.2571783013110496,1.3978191289799002,0.368447342716993,-36.72517265421972,156.60181060760883,0.8145866813254642,21.9958034914388
9,backsliding_union_Nyr,Y_checks_balances,Checks & balances,institutions,instr-antiplural_w9_trt-ertOrDdcg_gapany_illibany_lrstraddle_exclyr,backsliding_union_Nyr,866,160,-0.05240127439482886,0.5377950248766236,730,137,-0.00149118742128085,0.03427524963360839,0.96529798614231,-5.76316343587787e-4,0.5764625197735682,0.9992023178952424,22.56475509606101
9,backsliding_union_Nyr,Y_jucon,Judicial constraints,institutions,instr-antiplural_w9_trt-ertOrDdcg_gapany_illibany_lrstraddle_exclyr,backsliding_union_Nyr,866,160,-0.05240127439482886,0.5377950248766236,745,142,-0.02444508289837751,0.03445739736469209,0.47805818978721215,0.31602708179315764,0.7565158469923479,0.6761370765849924,19.355334398674778
9,backsliding_union_Nyr,Y_legcon,Legislative constraints,institutions,instr-antiplural_w9_trt-ertOrDdcg_gapany_illibany_lrstraddle_exclyr,backsliding_union_Nyr,866,160,-0.05240127439482886,0.5377950248766236,730,137,0.00804840511007673,0.03880791397294875,0.8357046511601767,-0.14499807374705498,0.4882028113290905,0.7664636336219286,26.884080735567867
9,backsliding_union_Nyr,Y_hos_power,HOS,exec_power,instr-antiplural_w9_trt-ertOrDdcg_gapany_illibany_lrstraddle_exclyr,backsliding_union_Nyr,866,160,-0.05240127439482886,0.5377950248766236,745,142,0.03034364176840424,0.02623187195476878,0.24737570102341092,-0.3927500675655568,0.8679873071205094,0.6509205949958309,22.10831030075448
9,backsliding_union_Nyr,Y_hog_power,HOG,exec_power,instr-antiplural_w9_trt-ertOrDdcg_gapany_illibany_lrstraddle_exclyr,backsliding_union_Nyr,866,160,-0.05240127439482886,0.5377950248766236,391,81,0.00990016936058922,0.01405569153792686,0.4812129297689123,0.1297004221327497,0.36534688827602185,0.7225849225745202,19.162952544124877
9,backsliding_union_Nyr,Y_hos_power_vdem,HOS (v2ex_hosw),exec_power_alt,instr-antiplural_w9_trt-ertOrDdcg_gapany_illibany_lrstraddle_exclyr,backsliding_union_Nyr,866,160,-0.05240127439482886,0.5377950248766236,745,142,0.0195218455032908,0.04651820626494873,0.6747336134734271,-0.257211305098607,0.9007496256153108,0.77522089064808,18.380071178980128
9,backsliding_union_Nyr,Y_hog_power_vdem,HOG (v2ex_hogw),exec_power_alt,instr-antiplural_w9_trt-ertOrDdcg_gapany_illibany_lrstraddle_exclyr,backsliding_union_Nyr,866,160,-0.05240127439482886,0.5377950248766236,745,142,-0.00773039270893619,0.04362560306146733,0.8593524507144327,0.11950478065899116,0.7484417244046478,0.8731398863551171,17.22499173861007
9,backsliding_union_Nyr,Y_polyarchy,Electoral (polyarchy),vdem_high,instr-antiplural_w9_trt-ertOrDdcg_gapany_illibany_lrstraddle_exclyr,backsliding_union_Nyr,866,160,-0.05240127439482886,0.5377950248766236,745,142,0.01003925849171573,0.02640116641989974,0.7037538036791577,-0.0854806261757846,0.359936293919134,0.8122780646304478,22.538302273013148
9,backsliding_union_Nyr,Y_libdem,Liberal,vdem_high,instr-antiplural_w9_trt-ertOrDdcg_gapany_illibany_lrstraddle_exclyr,backsliding_union_Nyr,866,160,-0.05240127439482886,0.5377950248766236,745,142,0.00457771329999131,0.02764424747157051,0.868476703308642,-0.03235338873474686,0.3629861518099657,0.928977647654416,23.350145538387338
9,backsliding_union_Nyr,Y_partipdem,Participatory,vdem_high,instr-antiplural_w9_trt-ertOrDdcg_gapany_illibany_lrstraddle_exclyr,backsliding_union_Nyr,866,160,-0.05240127439482886,0.5377950248766236,745,142,0.00739206385501475,0.01946356291766001,0.7041014091906695,-0.03373213508599008,0.26720356616329116,0.8995408919581764,23.250023620660087
9,backsliding_union_Nyr,Y_delibdem,Deliberative,vdem_high,instr-antiplural_w9_trt-ertOrDdcg_gapany_illibany_lrstraddle_exclyr,backsliding_union_Nyr,866,160,-0.05240127439482886,0.5377950248766236,745,142,0.0128654748630679,0.03059554810173482,0.6741191101276347,-0.0908108428942505,0.3489158483197039,0.7946587945139486,26.133390979615715
9,backsliding_union_Nyr,Y_egaldem,Egalitarian,vdem_high,instr-antiplural_w9_trt-ertOrDdcg_gapany_illibany_lrstraddle_exclyr,backsliding_union_Nyr,866,160,-0.05240127439482886,0.5377950248766236,745,142,0.01316372922628534,0.01889013221665071,0.48589201323273645,-0.1586362445470262,0.3322696446827999,0.6330543529500253,20.670759876087665
9,backsliding_union_Nyr,Y_elecoff,Elected officials,vdem_electoral,instr-antiplural_w9_trt-ertOrDdcg_gapany_illibany_lrstraddle_exclyr,backsliding_union_Nyr,866,160,-0.05240127439482886,0.5377950248766236,745,142,-0.00700618755105627,0.04276618407836431,0.869868589292821,0.09175130994652918,0.5885561659853344,0.8761180011294798,24.324952003235836
9,backsliding_union_Nyr,Y_frefair,Clean elections,vdem_electoral,instr-antiplural_w9_trt-ertOrDdcg_gapany_illibany_lrstraddle_exclyr,backsliding_union_Nyr,866,160,-0.05240127439482886,0.5377950248766236,745,142,0.0183364602748028,0.03155101791533775,0.5611268415956359,-0.06248045915360227,0.4480154356099728,0.8890862628923267,23.26908629752674
9,backsliding_union_Nyr,Y_frassoc,Association,vdem_electoral,instr-antiplural_w9_trt-ertOrDdcg_gapany_illibany_lrstraddle_exclyr,backsliding_union_Nyr,866,160,-0.05240127439482886,0.5377950248766236,745,142,-0.00792957671220608,0.02211098646211259,0.719874823323886,0.05401104037777171,0.3508841378928918,0.8776661765150096,22.668215470822272
9,backsliding_union_Nyr,Y_suffr,Suffrage,vdem_electoral,instr-antiplural_w9_trt-ertOrDdcg_gapany_illibany_lrstraddle_exclyr,backsliding_union_Nyr,866,160,-0.05240127439482886,0.5377950248766236,745,142,0.0074831551531436,0.013739033149539,0.5859847088019943,-0.100921029521521,0.3037577933136063,0.739706698979607,24.83600472455828
9,backsliding_union_Nyr,Y_freexp,Expression & alt. info,vdem_electoral,instr-antiplural_w9_trt-ertOrDdcg_gapany_illibany_lrstraddle_exclyr,backsliding_union_Nyr,866,160,-0.05240127439482886,0.5377950248766236,745,142,-0.00748914393002473,0.02712501974980747,0.7824733566325579,0.08083283814616891,0.5377595805153919,0.8805168227050952,23.203833726554738
9,backsliding_union_Nyr,Y_cl_rol,Rule of law,vdem_liberal,instr-antiplural_w9_trt-ertOrDdcg_gapany_illibany_lrstraddle_exclyr,backsliding_union_Nyr,866,160,-0.05240127439482886,0.5377950248766236,745,142,-0.01016157845248138,0.02136140548184938,0.6342895263917273,0.12136693911561694,0.43723914224238686,0.7813381263311316,20.891384032171775
9,backsliding_union_Nyr,Y_cspart,Civil society,vdem_particip,instr-antiplural_w9_trt-ertOrDdcg_gapany_illibany_lrstraddle_exclyr,backsliding_union_Nyr,866,160,-0.05240127439482886,0.5377950248766236,745,142,-0.01262673274231902,0.02288836968688486,0.5811772866653,0.13864855461978604,0.5081043368860823,0.7849499344274979,21.68486778907864
9,backsliding_union_Nyr,Y_dd,Direct democracy,vdem_particip,instr-antiplural_w9_trt-ertOrDdcg_gapany_illibany_lrstraddle_exclyr,backsliding_union_Nyr,866,160,-0.05240127439482886,0.5377950248766236,745,142,-0.00672866766917504,0.02953067663097479,0.8197601428889305,0.02194156537006865,0.38803763668679936,0.954907694829052,30.242761616405957
9,backsliding_union_Nyr,Y_locelec,Local elections,vdem_particip,instr-antiplural_w9_trt-ertOrDdcg_gapany_illibany_lrstraddle_exclyr,backsliding_union_Nyr,866,160,-0.05240127439482886,0.5377950248766236,738,141,0.01258950260426214,0.02187968585799811,0.5650229252985391,-0.21173748045843457,0.26561846315199555,0.4253645271805604,13.78646329623806
9,backsliding_union_Nyr,Y_regelec,Regional elections,vdem_particip,instr-antiplural_w9_trt-ertOrDdcg_gapany_illibany_lrstraddle_exclyr,backsliding_union_Nyr,866,160,-0.05240127439482886,0.5377950248766236,745,142,-0.04433990367287877,0.03208810542435891,0.16702776292161184,0.5347120681704497,1.0456749296283196,0.6091018532514569,21.667015607055273
9,backsliding_union_Nyr,Y_delib,Deliberation,vdem_egal_delib,instr-antiplural_w9_trt-ertOrDdcg_gapany_illibany_lrstraddle_exclyr,backsliding_union_Nyr,866,160,-0.05240127439482886,0.5377950248766236,745,142,0.01489091405706059,0.03486686898159853,0.6693216518125469,-0.16121377991849223,0.5083903634938108,0.7511629554431489,22.95929211672947
9,backsliding_union_Nyr,Y_eqprotec,Equal protection,vdem_egal_delib,instr-antiplural_w9_trt-ertOrDdcg_gapany_illibany_lrstraddle_exclyr,backsliding_union_Nyr,866,160,-0.05240127439482886,0.5377950248766236,745,142,0.00978608025107519,0.01603984113683301,0.5417884152186083,-0.16494149775816716,0.3342623069029793,0.6216951627711175,19.73096101027023
9,backsliding_union_Nyr,Y_eqaccess,Equal access,vdem_egal_delib,instr-antiplural_w9_trt-ertOrDdcg_gapany_illibany_lrstraddle_exclyr,backsliding_union_Nyr,866,160,-0.05240127439482886,0.5377950248766236,745,142,-0.00342339456354267,0.02031409870200748,0.8661717848988437,0.01021956409980963,0.3082538761568164,0.9735525176763548,20.533598733268963
9,backsliding_union_Nyr,Y_eqdr,Equal distribution,vdem_egal_delib,instr-antiplural_w9_trt-ertOrDdcg_gapany_illibany_lrstraddle_exclyr,backsliding_union_Nyr,866,160,-0.05240127439482886,0.5377950248766236,745,142,0.00139063433338017,0.01427147627326783,0.9223757738049556,-0.01848823057242071,0.17390007024296583,0.915332227260378,24.801495436995125
9,polyarchy_decline,Y_gdp_growth,PWT,growth,instr-antiplural_w9_trt-polyarchy_gapany_illibany_lrstraddle_exclyr,polyarchy_decline,745,264,-0.01003925849171573,0.7037538036791577,688,224,-0.0819664495245421,0.04393526748362843,0.06209475401322252,4.145318028253689,13.514997164935302,0.7590566124302713,16.026419464324153
9,polyarchy_decline,Y_gdp_growth_wb,World Bank,growth,instr-antiplural_w9_trt-polyarchy_gapany_illibany_lrstraddle_exclyr,polyarchy_decline,745,264,-0.01003925849171573,0.7037538036791577,708,245,-0.03576015989196285,0.03587618040904732,0.3188780639374548,5.0847743714048805,24.97463702324252,0.8386680247171895,17.827702014478298
9,polyarchy_decline,Y_gdp_growth_imf,IMF WEO,growth,instr-antiplural_w9_trt-polyarchy_gapany_illibany_lrstraddle_exclyr,polyarchy_decline,745,264,-0.01003925849171573,0.7037538036791577,523,185,-0.03316980896891483,0.03949272537698612,0.4009663187028706,-1.7728731284299215,52.74777110575751,0.97318783738314,16.573945867742907
9,polyarchy_decline,Y_inflation,"CPI, cumulative log",inflation,instr-antiplural_w9_trt-polyarchy_gapany_illibany_lrstraddle_exclyr,polyarchy_decline,745,264,-0.01003925849171573,0.7037538036791577,638,222,-0.1252791480819101,0.31862317254253847,0.6941798437363567,16.18183078011732,68.38972360031576,0.8129577928635843,16.405932065989735
9,polyarchy_decline,Y_unemployment,Unemployment rate,unemployment,instr-antiplural_w9_trt-polyarchy_gapany_illibany_lrstraddle_exclyr,polyarchy_decline,745,264,-0.01003925849171573,0.7037538036791577,496,222,0.20777540084770635,0.9199450104958292,0.8213131663646479,783.4099699001251,10213.027699774406,0.9388566938554048,16.5960106247085
9,polyarchy_decline,Y_trade_pct_gdp,Trade / GDP,trade,instr-antiplural_w9_trt-polyarchy_gapany_illibany_lrstraddle_exclyr,polyarchy_decline,745,264,-0.01003925849171573,0.7037538036791577,644,219,0.20880398869832284,4.082434269519292,0.9592084384385972,-48.71792366722245,856.4495497764751,0.9546379277096834,17.473893100833866
9,polyarchy_decline,Y_top10_share,Top-10% income share,top10,instr-antiplural_w9_trt-polyarchy_gapany_illibany_lrstraddle_exclyr,polyarchy_decline,745,264,-0.01003925849171573,0.7037538036791577,661,234,0.26953966805301327,0.7946156628103612,0.7344533480028425,7.387509589864138,470.6496687219997,0.9874765920279852,16.067977727957285
9,polyarchy_decline,Y_gini_disp,Disposable,gini,instr-antiplural_w9_trt-polyarchy_gapany_illibany_lrstraddle_exclyr,polyarchy_decline,745,264,-0.01003925849171573,0.7037538036791577,549,177,0.9199565493256376,0.672575016852418,0.17137075812696545,-41.0213096652824,128.12621685508444,0.7488445586262245,16.66903404734829
9,polyarchy_decline,Y_gini_mkt,Market,gini,instr-antiplural_w9_trt-polyarchy_gapany_illibany_lrstraddle_exclyr,polyarchy_decline,745,264,-0.01003925849171573,0.7037538036791577,549,177,1.2185117516548036,0.7140389367446801,0.08791390445775306,-54.335529626033626,136.59822003716434,0.6907951152713663,17.628402403211208
9,polyarchy_decline,Y_debt,Debt / GDP,fiscal,instr-antiplural_w9_trt-polyarchy_gapany_illibany_lrstraddle_exclyr,polyarchy_decline,745,264,-0.01003925849171573,0.7037538036791577,684,240,1.606490467329131,11.837902295717164,0.8920526291918479,-329.38511007392947,2446.078674582877,0.8928819430634053,16.552810787622725
9,polyarchy_decline,Y_deficit,Deficit / GDP,fiscal,instr-antiplural_w9_trt-polyarchy_gapany_illibany_lrstraddle_exclyr,polyarchy_decline,745,264,-0.01003925849171573,0.7037538036791577,611,226,1.2571783013110496,1.3978191289799002,0.368447342716993,-96.62971114999816,909.9232749249088,0.915427281340996,17.469226042101322
9,polyarchy_decline,Y_checks_balances,Checks & balances,institutions,instr-antiplural_w9_trt-polyarchy_gapany_illibany_lrstraddle_exclyr,polyarchy_decline,745,264,-0.01003925849171573,0.7037538036791577,730,264,-0.00149118742128085,0.03427524963360839,0.96529798614231,-0.09605498947596933,1.8485822439109107,0.958559420839602,22.084572713746994
9,polyarchy_decline,Y_jucon,Judicial constraints,institutions,instr-antiplural_w9_trt-polyarchy_gapany_illibany_lrstraddle_exclyr,polyarchy_decline,745,264,-0.01003925849171573,0.7037538036791577,745,264,-0.02444508289837751,0.03445739736469209,0.47805818978721215,1.9222025292937053,8.29261572680136,0.8166957732754168,19.6565023363746
9,polyarchy_decline,Y_legcon,Legislative constraints,institutions,instr-antiplural_w9_trt-polyarchy_gapany_illibany_lrstraddle_exclyr,polyarchy_decline,745,264,-0.01003925849171573,0.7037538036791577,730,264,0.00804840511007673,0.03880791397294875,0.8357046511601767,-0.22504943720361584,1.9887650507448589,0.90990339473601,18.006897090952965
9,polyarchy_decline,Y_hos_power,HOS,exec_power,instr-antiplural_w9_trt-polyarchy_gapany_illibany_lrstraddle_exclyr,polyarchy_decline,745,264,-0.01003925849171573,0.7037538036791577,745,264,0.03034364176840424,0.02623187195476878,0.24737570102341092,-3.4394902595404795,13.1226461696266,0.7932417207845472,20.330554621599315
9,polyarchy_decline,Y_hog_power,HOG,exec_power,instr-antiplural_w9_trt-polyarchy_gapany_illibany_lrstraddle_exclyr,polyarchy_decline,745,264,-0.01003925849171573,0.7037538036791577,391,134,0.00990016936058922,0.01405569153792686,0.4812129297689123,-0.4631287591337558,2.968909815552186,0.8760386423377405,16.763036827856368
9,polyarchy_decline,Y_hos_power_vdem,HOS (v2ex_hosw),exec_power_alt,instr-antiplural_w9_trt-polyarchy_gapany_illibany_lrstraddle_exclyr,polyarchy_decline,745,264,-0.01003925849171573,0.7037538036791577,745,264,0.0195218455032908,0.04651820626494873,0.6747336134734271,-1.603744434453211,24.485245723876503,0.947777179699254,16.544010975443747
9,polyarchy_decline,Y_hog_power_vdem,HOG (v2ex_hogw),exec_power_alt,instr-antiplural_w9_trt-polyarchy_gapany_illibany_lrstraddle_exclyr,polyarchy_decline,745,264,-0.01003925849171573,0.7037538036791577,745,264,-0.00773039270893619,0.04362560306146733,0.8593524507144327,0.31044088590294194,16.595271298023917,0.985075173529422,16.508680728354612
9,polyarchy_decline,Y_polyarchy,Electoral (polyarchy),vdem_high,instr-antiplural_w9_trt-polyarchy_gapany_illibany_lrstraddle_exclyr,polyarchy_decline,745,264,-0.01003925849171573,0.7037538036791577,745,264,0.01003925849171573,0.02640116641989974,0.7037538036791577,-1,1.54600707708592e-16,0,20.45150507030215
9,polyarchy_decline,Y_libdem,Liberal,vdem_high,instr-antiplural_w9_trt-polyarchy_gapany_illibany_lrstraddle_exclyr,polyarchy_decline,745,264,-0.01003925849171573,0.7037538036791577,745,264,0.00457771329999131,0.02764424747157051,0.868476703308642,-0.41272266121356954,2.5766765670986276,0.8727421546595523,23.75218923258859
9,polyarchy_decline,Y_partipdem,Participatory,vdem_high,instr-antiplural_w9_trt-polyarchy_gapany_illibany_lrstraddle_exclyr,polyarchy_decline,745,264,-0.01003925849171573,0.7037538036791577,745,264,0.00739206385501475,0.01946356291766001,0.7041014091906695,-0.5257929166145573,1.1101357680834696,0.6357642200017677,20.153701641938092
9,polyarchy_decline,Y_delibdem,Deliberative,vdem_high,instr-antiplural_w9_trt-polyarchy_gapany_illibany_lrstraddle_exclyr,polyarchy_decline,745,264,-0.01003925849171573,0.7037538036791577,745,264,0.0128654748630679,0.03059554810173482,0.6741191101276347,-1.1641798398287972,2.278744308685983,0.6094304930904693,21.090778238562088
9,polyarchy_decline,Y_egaldem,Egalitarian,vdem_high,instr-antiplural_w9_trt-polyarchy_gapany_illibany_lrstraddle_exclyr,polyarchy_decline,745,264,-0.01003925849171573,0.7037538036791577,745,264,0.01316372922628534,0.01889013221665071,0.48589201323273645,-1.1362322580723414,2.27235156106398,0.6170575769379787,18.387864677142755
9,polyarchy_decline,Y_elecoff,Elected officials,vdem_electoral,instr-antiplural_w9_trt-polyarchy_gapany_illibany_lrstraddle_exclyr,polyarchy_decline,745,264,-0.01003925849171573,0.7037538036791577,745,264,-0.00700618755105627,0.04276618407836431,0.869868589292821,0.4690943123026574,12.940249421280855,0.971082385058338,16.845921254681254
9,polyarchy_decline,Y_frefair,Clean elections,vdem_electoral,instr-antiplural_w9_trt-polyarchy_gapany_illibany_lrstraddle_exclyr,polyarchy_decline,745,264,-0.01003925849171573,0.7037538036791577,745,264,0.0183364602748028,0.03155101791533775,0.5611268415956359,-1.2698604944504253,2.088760540888938,0.5432211050388842,18.87098317366166
9,polyarchy_decline,Y_frassoc,Association,vdem_electoral,instr-antiplural_w9_trt-polyarchy_gapany_illibany_lrstraddle_exclyr,polyarchy_decline,745,264,-0.01003925849171573,0.7037538036791577,745,264,-0.00792957671220608,0.02211098646211259,0.719874823323886,0.48677046364032706,6.365448581152078,0.9390446043634154,17.228018900577172
9,polyarchy_decline,Y_suffr,Suffrage,vdem_electoral,instr-antiplural_w9_trt-polyarchy_gapany_illibany_lrstraddle_exclyr,polyarchy_decline,745,264,-0.01003925849171573,0.7037538036791577,745,264,0.0074831551531436,0.013739033149539,0.5859847088019943,-1.0000635152425312,11.424926847277098,0.9302474806546204,16.094452010123284
9,polyarchy_decline,Y_freexp,Expression & alt. info,vdem_electoral,instr-antiplural_w9_trt-polyarchy_gapany_illibany_lrstraddle_exclyr,polyarchy_decline,745,264,-0.01003925849171573,0.7037538036791577,745,264,-0.00748914393002473,0.02712501974980747,0.7824733566325579,0.9377608096161208,9.379639857101864,0.9203615225572808,17.636023335732155
9,polyarchy_decline,Y_cl_rol,Rule of law,vdem_liberal,instr-antiplural_w9_trt-polyarchy_gapany_illibany_lrstraddle_exclyr,polyarchy_decline,745,264,-0.01003925849171573,0.7037538036791577,745,264,-0.01016157845248138,0.02136140548184938,0.6342895263917273,1.6471183473876605,16.942386428998578,0.9225526446340696,16.19844626145038
9,polyarchy_decline,Y_cspart,Civil society,vdem_particip,instr-antiplural_w9_trt-polyarchy_gapany_illibany_lrstraddle_exclyr,polyarchy_decline,745,264,-0.01003925849171573,0.7037538036791577,745,264,-0.01262673274231902,0.02288836968688486,0.5811772866653,0.8183842385251655,5.810844576652525,0.887998397061704,17.981715869369253
9,polyarchy_decline,Y_dd,Direct democracy,vdem_particip,instr-antiplural_w9_trt-polyarchy_gapany_illibany_lrstraddle_exclyr,polyarchy_decline,745,264,-0.01003925849171573,0.7037538036791577,745,264,-0.00672866766917504,0.02953067663097479,0.8197601428889305,0.46490765673586154,3.5505981517267142,0.8958244794668716,18.957024629182193
9,polyarchy_decline,Y_locelec,Local elections,vdem_particip,instr-antiplural_w9_trt-polyarchy_gapany_illibany_lrstraddle_exclyr,polyarchy_decline,745,264,-0.01003925849171573,0.7037538036791577,738,261,0.01258950260426214,0.02187968585799811,0.5650229252985391,-6.2425481228718445,100.12660460846276,0.9502868609049512,14.270449866048615
9,polyarchy_decline,Y_regelec,Regional elections,vdem_particip,instr-antiplural_w9_trt-polyarchy_gapany_illibany_lrstraddle_exclyr,polyarchy_decline,745,264,-0.01003925849171573,0.7037538036791577,745,264,-0.04433990367287877,0.03208810542435891,0.16702776292161184,6.103598921367838,21.247120049766416,0.7739077988391853,21.317549875846066
9,polyarchy_decline,Y_delib,Deliberation,vdem_egal_delib,instr-antiplural_w9_trt-polyarchy_gapany_illibany_lrstraddle_exclyr,polyarchy_decline,745,264,-0.01003925849171573,0.7037538036791577,745,264,0.01489091405706059,0.03486686898159853,0.6693216518125469,-1.8463272108325783,5.375947792865222,0.7312658345834311,23.499488398551495
9,polyarchy_decline,Y_eqprotec,Equal protection,vdem_egal_delib,instr-antiplural_w9_trt-polyarchy_gapany_illibany_lrstraddle_exclyr,polyarchy_decline,745,264,-0.01003925849171573,0.7037538036791577,745,264,0.00978608025107519,0.01603984113683301,0.5417884152186083,-1.2154091426399187,4.272404433275641,0.7760433606309625,21.64707683016635
9,polyarchy_decline,Y_eqaccess,Equal access,vdem_egal_delib,instr-antiplural_w9_trt-polyarchy_gapany_illibany_lrstraddle_exclyr,polyarchy_decline,745,264,-0.01003925849171573,0.7037538036791577,745,264,-0.00342339456354267,0.02031409870200748,0.8661717848988437,0.53873476260407,4.583149241717814,0.9064267193461032,16.66340138818963
9,polyarchy_decline,Y_eqdr,Equal distribution,vdem_egal_delib,instr-antiplural_w9_trt-polyarchy_gapany_illibany_lrstraddle_exclyr,polyarchy_decline,745,264,-0.01003925849171573,0.7037538036791577,745,264,0.00139063433338017,0.01427147627326783,0.9223757738049556,-0.12460320740294052,2.981662439878479,0.9666662314749104,16.07743624292987
10,backsliding_Nyr,Y_gdp_growth,PWT,growth,instr-antiplural_w10_trt-ert_gapany_illibany_lrstraddle_exclyr,backsliding_Nyr,866,160,-0.07629408897648216,0.3685911142147777,665,112,-0.09022758504758396,0.04739395867124391,0.05693907762757626,1.8014176587143438,24.288799769166335,0.940877823222916,21.855101734774575
10,backsliding_Nyr,Y_gdp_growth_wb,World Bank,growth,instr-antiplural_w10_trt-ert_gapany_illibany_lrstraddle_exclyr,backsliding_Nyr,866,160,-0.07629408897648216,0.3685911142147777,680,122,-0.04316971153101787,0.03784193030556184,0.25395714858629886,0.7594683283691172,2.73508419711367,0.781260779942627,23.921357733026557
10,backsliding_Nyr,Y_gdp_growth_imf,IMF WEO,growth,instr-antiplural_w10_trt-ert_gapany_illibany_lrstraddle_exclyr,backsliding_Nyr,866,160,-0.07629408897648216,0.3685911142147777,502,89,-0.04297243709484935,0.04028972933380753,0.28615909602459066,0.6681015924562871,2.5346505678617266,0.7920979782552031,20.78011408398436
10,backsliding_Nyr,Y_inflation,"CPI, cumulative log",inflation,instr-antiplural_w10_trt-ert_gapany_illibany_lrstraddle_exclyr,backsliding_Nyr,866,160,-0.07629408897648216,0.3685911142147777,609,108,-0.17585511752170163,0.3315851946867033,0.5958715656389435,3.551165849466355,5.105495124256674,0.4867059376846517,17.774236344380313
10,backsliding_Nyr,Y_unemployment,Unemployment rate,unemployment,instr-antiplural_w10_trt-ert_gapany_illibany_lrstraddle_exclyr,backsliding_Nyr,866,160,-0.07629408897648216,0.3685911142147777,473,114,0.45757514659434306,1.038189001117336,0.6593986363070639,-9.331392195356608,51.97493054268231,0.8575165344011237,18.596960128308066
10,backsliding_Nyr,Y_trade_pct_gdp,Trade / GDP,trade,instr-antiplural_w10_trt-ert_gapany_illibany_lrstraddle_exclyr,backsliding_Nyr,866,160,-0.07629408897648216,0.3685911142147777,620,109,0.3859071298986887,4.691907230744863,0.9344482934618544,3.1546923221815852,99.55954439541097,0.9747220703835084,21.24867112544126
10,backsliding_Nyr,Y_top10_share,Top-10% income share,top10,instr-antiplural_w10_trt-ert_gapany_illibany_lrstraddle_exclyr,backsliding_Nyr,866,160,-0.07629408897648216,0.3685911142147777,633,113,0.43463442355089105,0.8673735672585283,0.6163059971036908,-14.636605903988324,33.76889444039374,0.6646990977003928,16.827463436784637
10,backsliding_Nyr,Y_gini_disp,Disposable,gini,instr-antiplural_w10_trt-ert_gapany_illibany_lrstraddle_exclyr,backsliding_Nyr,866,160,-0.07629408897648216,0.3685911142147777,529,89,1.0758415073120315,0.7470595525926026,0.1498387131805444,43.02845278324806,321.87278602996207,0.8936543955479996,18.576961624918837
10,backsliding_Nyr,Y_gini_mkt,Market,gini,instr-antiplural_w10_trt-ert_gapany_illibany_lrstraddle_exclyr,backsliding_Nyr,866,160,-0.07629408897648216,0.3685911142147777,529,89,1.229300000676874,0.7904933951259587,0.1199211338003625,54.773721868024296,369.5951510944096,0.8821855286662231,18.36209521443544
10,backsliding_Nyr,Y_debt,Debt / GDP,fiscal,instr-antiplural_w10_trt-ert_gapany_illibany_lrstraddle_exclyr,backsliding_Nyr,866,160,-0.07629408897648216,0.3685911142147777,656,120,-1.9938208143403404,11.815802403424753,0.8659996687578438,64.20626007712774,317.2609879980204,0.8396221725381041,22.744761462379422
10,backsliding_Nyr,Y_deficit,Deficit / GDP,fiscal,instr-antiplural_w10_trt-ert_gapany_illibany_lrstraddle_exclyr,backsliding_Nyr,866,160,-0.07629408897648216,0.3685911142147777,585,104,0.6011462636204532,1.3351502324299205,0.6525329566131018,-11.279946952676545,56.04191659511307,0.840482012301275,20.320842360118867
10,backsliding_Nyr,Y_checks_balances,Checks & balances,institutions,instr-antiplural_w10_trt-ert_gapany_illibany_lrstraddle_exclyr,backsliding_Nyr,866,160,-0.07629408897648216,0.3685911142147777,706,134,2.9823550733328735e-4,0.03496844846263682,0.9931951621393597,-0.01724246877656104,0.8755697399050415,0.984288389788989,22.476214302888096
10,backsliding_Nyr,Y_jucon,Judicial constraints,institutions,instr-antiplural_w10_trt-ert_gapany_illibany_lrstraddle_exclyr,backsliding_Nyr,866,160,-0.07629408897648216,0.3685911142147777,721,135,-0.01314948671350431,0.02899060639229559,0.6501329523596597,0.31168937349315756,1.583169116076647,0.8439238978290284,23.541183548482877
10,backsliding_Nyr,Y_legcon,Legislative constraints,institutions,instr-antiplural_w10_trt-ert_gapany_illibany_lrstraddle_exclyr,backsliding_Nyr,866,160,-0.07629408897648216,0.3685911142147777,706,134,0.00574875617002137,0.0412483606841657,0.8891583111719555,-0.0669986178851776,0.9217664736808,0.9420567664661476,19.947005797690537
10,backsliding_Nyr,Y_hos_power,HOS,exec_power,instr-antiplural_w10_trt-ert_gapany_illibany_lrstraddle_exclyr,backsliding_Nyr,866,160,-0.07629408897648216,0.3685911142147777,721,135,0.02916563120684802,0.02374380141564019,0.21931667183165324,-0.4952960857322013,2.1967958149729556,0.8216191376352335,19.88420252870347
10,backsliding_Nyr,Y_hog_power,HOG,exec_power,instr-antiplural_w10_trt-ert_gapany_illibany_lrstraddle_exclyr,backsliding_Nyr,866,160,-0.07629408897648216,0.3685911142147777,380,72,0.01141255930440946,0.01589262030358463,0.47269296638718183,0.16809550086912564,0.5054943062483054,0.7394838942542862,17.733531064786415
10,backsliding_Nyr,Y_hos_power_vdem,HOS (v2ex_hosw),exec_power_alt,instr-antiplural_w10_trt-ert_gapany_illibany_lrstraddle_exclyr,backsliding_Nyr,866,160,-0.07629408897648216,0.3685911142147777,721,135,0.02019703717014892,0.04664251875678408,0.6650018958700123,-0.4127815343530245,3.3510245862433763,0.9019640130376436,24.110613778289512
10,backsliding_Nyr,Y_hog_power_vdem,HOG (v2ex_hogw),exec_power_alt,instr-antiplural_w10_trt-ert_gapany_illibany_lrstraddle_exclyr,backsliding_Nyr,866,160,-0.07629408897648216,0.3685911142147777,721,135,-0.00979431863674625,0.04332673896900939,0.8211569801350983,0.20252664386975172,2.0065602164072804,0.9196042394674784,22.140949718197817
10,backsliding_Nyr,Y_polyarchy,Electoral (polyarchy),vdem_high,instr-antiplural_w10_trt-ert_gapany_illibany_lrstraddle_exclyr,backsliding_Nyr,866,160,-0.07629408897648216,0.3685911142147777,721,135,0.00716086618999375,0.02482434433946114,0.7729935406949594,-0.16868835799486426,0.7295621222861273,0.8171449536533291,20.74808960876917
10,backsliding_Nyr,Y_libdem,Liberal,vdem_high,instr-antiplural_w10_trt-ert_gapany_illibany_lrstraddle_exclyr,backsliding_Nyr,866,160,-0.07629408897648216,0.3685911142147777,721,135,0.00232281197393529,0.02489738461869143,0.9256688699183424,0.03226551330959183,0.6899121307560482,0.9626984767760328,24.51040359382427
10,backsliding_Nyr,Y_partipdem,Participatory,vdem_high,instr-antiplural_w10_trt-ert_gapany_illibany_lrstraddle_exclyr,backsliding_Nyr,866,160,-0.07629408897648216,0.3685911142147777,721,135,0.00472846771252687,0.01833135580043051,0.7964499381803418,-0.1194673964598294,0.5859717820590375,0.8384479819528838,22.035731977054677
10,backsliding_Nyr,Y_delibdem,Deliberative,vdem_high,instr-antiplural_w10_trt-ert_gapany_illibany_lrstraddle_exclyr,backsliding_Nyr,866,160,-0.07629408897648216,0.3685911142147777,721,135,0.01192709336681952,0.02846989413454791,0.6752621412815877,-0.06441039610590679,0.8113893900636153,0.9367281153228584,25.7677274667485
10,backsliding_Nyr,Y_egaldem,Egalitarian,vdem_high,instr-antiplural_w10_trt-ert_gapany_illibany_lrstraddle_exclyr,backsliding_Nyr,866,160,-0.07629408897648216,0.3685911142147777,721,135,0.0064947012052672,0.01656356035033098,0.6949785646805507,-0.05836929512484401,0.6611038819955356,0.9296456657468862,22.82008789150383
10,backsliding_Nyr,Y_elecoff,Elected officials,vdem_electoral,instr-antiplural_w10_trt-ert_gapany_illibany_lrstraddle_exclyr,backsliding_Nyr,866,160,-0.07629408897648216,0.3685911142147777,721,135,-0.02265002804631324,0.0552317407601581,0.6817393506298444,0.1968698474939226,2.1307801059348015,0.9263855468508528,17.79089057743304
10,backsliding_Nyr,Y_frefair,Clean elections,vdem_electoral,instr-antiplural_w10_trt-ert_gapany_illibany_lrstraddle_exclyr,backsliding_Nyr,866,160,-0.07629408897648216,0.3685911142147777,721,135,0.0107866924078342,0.03303880669116268,0.7440570332753209,0.07106784328943397,0.9601610142747036,0.9409971852530736,23.60592976365063
10,backsliding_Nyr,Y_frassoc,Association,vdem_electoral,instr-antiplural_w10_trt-ert_gapany_illibany_lrstraddle_exclyr,backsliding_Nyr,866,160,-0.07629408897648216,0.3685911142147777,721,135,-0.01104809574151886,0.02321388282980452,0.6341269344035375,0.17200044353627786,1.1409731240312992,0.8801737972483653,20.16425625576292
10,backsliding_Nyr,Y_suffr,Suffrage,vdem_electoral,instr-antiplural_w10_trt-ert_gapany_illibany_lrstraddle_exclyr,backsliding_Nyr,866,160,-0.07629408897648216,0.3685911142147777,721,135,0.00647649437854269,0.01369756776912223,0.636341062984016,-0.16038368710242112,1.376841928154179,0.9072668754313064,25.65585028366208
10,backsliding_Nyr,Y_freexp,Expression & alt. info,vdem_electoral,instr-antiplural_w10_trt-ert_gapany_illibany_lrstraddle_exclyr,backsliding_Nyr,866,160,-0.07629408897648216,0.3685911142147777,721,135,-0.01177182902350739,0.03191517484667286,0.7122414773304853,0.3235177480208966,1.6327532157072249,0.8429336006156434,17.92827839853728
10,backsliding_Nyr,Y_cl_rol,Rule of law,vdem_liberal,instr-antiplural_w10_trt-ert_gapany_illibany_lrstraddle_exclyr,backsliding_Nyr,866,160,-0.07629408897648216,0.3685911142147777,721,135,-0.01101617986194108,0.02259979168082989,0.6259422451663417,0.22207929057457612,1.0630364033256463,0.8345182364234107,17.250565266770533
10,backsliding_Nyr,Y_cspart,Civil society,vdem_particip,instr-antiplural_w10_trt-ert_gapany_illibany_lrstraddle_exclyr,backsliding_Nyr,866,160,-0.07629408897648216,0.3685911142147777,721,135,-0.00301303116995116,0.02850998112282841,0.915833567301278,0.19474079759071647,1.0989973730543223,0.8593523940998726,25.892541455247883
10,backsliding_Nyr,Y_dd,Direct democracy,vdem_particip,instr-antiplural_w10_trt-ert_gapany_illibany_lrstraddle_exclyr,backsliding_Nyr,866,160,-0.07629408897648216,0.3685911142147777,721,135,0.00779297106882023,0.02705182183519873,0.7732888339300725,-0.14289491120583303,1.1538600638962797,0.9014413556736396,25.259929437240885
10,backsliding_Nyr,Y_locelec,Local elections,vdem_particip,instr-antiplural_w10_trt-ert_gapany_illibany_lrstraddle_exclyr,backsliding_Nyr,866,160,-0.07629408897648216,0.3685911142147777,714,133,-0.00308886280616498,0.02496014237191871,0.9015117881500936,-0.11339315688967368,0.6400399878518822,0.8593782069139012,14.314911964565052
10,backsliding_Nyr,Y_regelec,Regional elections,vdem_particip,instr-antiplural_w10_trt-ert_gapany_illibany_lrstraddle_exclyr,backsliding_Nyr,866,160,-0.07629408897648216,0.3685911142147777,721,135,-0.0494382455871851,0.03388983561322512,0.1446221660077167,0.9703055341836326,4.118575018961158,0.8137488657187341,20.55042872097536
10,backsliding_Nyr,Y_delib,Deliberation,vdem_egal_delib,instr-antiplural_w10_trt-ert_gapany_illibany_lrstraddle_exclyr,backsliding_Nyr,866,160,-0.07629408897648216,0.3685911142147777,721,135,0.00966983797789953,0.03242547526082904,0.765537311771877,-0.2157027893183816,1.1056699839722424,0.8453241675183215,22.28307804750176
10,backsliding_Nyr,Y_eqprotec,Equal protection,vdem_egal_delib,instr-antiplural_w10_trt-ert_gapany_illibany_lrstraddle_exclyr,backsliding_Nyr,866,160,-0.07629408897648216,0.3685911142147777,721,135,4.6654450466573905e-4,0.01728459435054609,0.9784661732047404,0.03635927253317066,0.5295874225429374,0.9452635650035752,21.82963218677325
10,backsliding_Nyr,Y_eqaccess,Equal access,vdem_egal_delib,instr-antiplural_w10_trt-ert_gapany_illibany_lrstraddle_exclyr,backsliding_Nyr,866,160,-0.07629408897648216,0.3685911142147777,721,135,-0.01995658352053163,0.0216270848932794,0.35613290089547806,0.3387336639411112,1.0697871492041662,0.7515194330110673,20.473697994872676
10,backsliding_Nyr,Y_eqdr,Equal distribution,vdem_egal_delib,instr-antiplural_w10_trt-ert_gapany_illibany_lrstraddle_exclyr,backsliding_Nyr,866,160,-0.07629408897648216,0.3685911142147777,721,135,-0.00536405241856481,0.01552509330413707,0.729712086409815,0.09651961733198958,0.47734060597632977,0.8397581674735576,17.2973262176644
10,backsliding_union_Nyr,Y_gdp_growth,PWT,growth,instr-antiplural_w10_trt-ertOrDdcg_gapany_illibany_lrstraddle_exclyr,backsliding_union_Nyr,866,177,-0.07369909173631453,0.39459498312377533,665,129,-0.09022758504758396,0.04739395867124391,0.05693907762757626,2.1918333818372844,12.31927361605911,0.8587865546852427,20.35533343213116
10,backsliding_union_Nyr,Y_gdp_growth_wb,World Bank,growth,instr-antiplural_w10_trt-ertOrDdcg_gapany_illibany_lrstraddle_exclyr,backsliding_union_Nyr,866,177,-0.07369909173631453,0.39459498312377533,680,138,-0.04316971153101787,0.03784193030556184,0.25395714858629886,0.6991512850686883,2.1376115003644047,0.7436139892173101,23.79538753458998
10,backsliding_union_Nyr,Y_gdp_growth_imf,IMF WEO,growth,instr-antiplural_w10_trt-ertOrDdcg_gapany_illibany_lrstraddle_exclyr,backsliding_union_Nyr,866,177,-0.07369909173631453,0.39459498312377533,502,101,-0.04297243709484935,0.04028972933380753,0.28615909602459066,0.9255362210511664,2.649959197686433,0.7268908755688906,26.33873452190022
10,backsliding_union_Nyr,Y_inflation,"CPI, cumulative log",inflation,instr-antiplural_w10_trt-ertOrDdcg_gapany_illibany_lrstraddle_exclyr,backsliding_union_Nyr,866,177,-0.07369909173631453,0.39459498312377533,609,120,-0.17585511752170163,0.3315851946867033,0.5958715656389435,4.098661934626098,6.728112444944358,0.5424021413239271,17.651975887774032
10,backsliding_union_Nyr,Y_unemployment,Unemployment rate,unemployment,instr-antiplural_w10_trt-ertOrDdcg_gapany_illibany_lrstraddle_exclyr,backsliding_union_Nyr,866,177,-0.07369909173631453,0.39459498312377533,473,127,0.45757514659434306,1.038189001117336,0.6593986363070639,-13.206644533046498,64.20297706329659,0.8370241373222596,18.461926242719503
10,backsliding_union_Nyr,Y_trade_pct_gdp,Trade / GDP,trade,instr-antiplural_w10_trt-ertOrDdcg_gapany_illibany_lrstraddle_exclyr,backsliding_union_Nyr,866,177,-0.07369909173631453,0.39459498312377533,620,122,0.3859071298986887,4.691907230744863,0.9344482934618544,1.36659679719107,112.75306312967464,0.990329665915876,20.514602282307045
10,backsliding_union_Nyr,Y_top10_share,Top-10% income share,top10,instr-antiplural_w10_trt-ertOrDdcg_gapany_illibany_lrstraddle_exclyr,backsliding_union_Nyr,866,177,-0.07369909173631453,0.39459498312377533,633,129,0.43463442355089105,0.8673735672585283,0.6163059971036908,-19.879358730504578,50.24669516083018,0.6923742032183358,16.48545522491307
10,backsliding_union_Nyr,Y_gini_disp,Disposable,gini,instr-antiplural_w10_trt-ertOrDdcg_gapany_illibany_lrstraddle_exclyr,backsliding_union_Nyr,866,177,-0.07369909173631453,0.39459498312377533,529,98,1.0758415073120315,0.7470595525926026,0.1498387131805444,21.579904641810536,68.06753132214553,0.751215764630136,17.674132510048857
10,backsliding_union_Nyr,Y_gini_mkt,Market,gini,instr-antiplural_w10_trt-ertOrDdcg_gapany_illibany_lrstraddle_exclyr,backsliding_union_Nyr,866,177,-0.07369909173631453,0.39459498312377533,529,98,1.229300000676874,0.7904933951259587,0.1199211338003625,25.780183869351575,84.36844617067565,0.7599346123963571,17.73543630083589
10,backsliding_union_Nyr,Y_debt,Debt / GDP,fiscal,instr-antiplural_w10_trt-ertOrDdcg_gapany_illibany_lrstraddle_exclyr,backsliding_union_Nyr,866,177,-0.07369909173631453,0.39459498312377533,656,133,-1.9938208143403404,11.815802403424753,0.8659996687578438,44.59524326348853,309.306086051683,0.8853596310648858,19.3728620015646
10,backsliding_union_Nyr,Y_deficit,Deficit / GDP,fiscal,instr-antiplural_w10_trt-ertOrDdcg_gapany_illibany_lrstraddle_exclyr,backsliding_union_Nyr,866,177,-0.07369909173631453,0.39459498312377533,585,112,0.6011462636204532,1.3351502324299205,0.6525329566131018,-16.742478259866772,113.53484867433586,0.8827645740110768,18.76146777459675
10,backsliding_union_Nyr,Y_checks_balances,Checks & balances,institutions,instr-antiplural_w10_trt-ertOrDdcg_gapany_illibany_lrstraddle_exclyr,backsliding_union_Nyr,866,177,-0.07369909173631453,0.39459498312377533,706,147,2.9823550733328735e-4,0.03496844846263682,0.9931951621393597,-0.02639811466763996,1.0358617519041515,0.979668745879282,22.76222536027637
10,backsliding_union_Nyr,Y_jucon,Judicial constraints,institutions,instr-antiplural_w10_trt-ertOrDdcg_gapany_illibany_lrstraddle_exclyr,backsliding_union_Nyr,866,177,-0.07369909173631453,0.39459498312377533,721,152,-0.01314948671350431,0.02899060639229559,0.6501329523596597,0.6437450251180444,2.1746881234076296,0.7672169685317709,17.63929750532645
10,backsliding_union_Nyr,Y_legcon,Legislative constraints,institutions,instr-antiplural_w10_trt-ertOrDdcg_gapany_illibany_lrstraddle_exclyr,backsliding_union_Nyr,866,177,-0.07369909173631453,0.39459498312377533,706,147,0.00574875617002137,0.0412483606841657,0.8891583111719555,-0.09642122014069938,1.2183213416910568,0.9369191335770491,20.685293198842498
10,backsliding_union_Nyr,Y_hos_power,HOS,exec_power,instr-antiplural_w10_trt-ertOrDdcg_gapany_illibany_lrstraddle_exclyr,backsliding_union_Nyr,866,177,-0.07369909173631453,0.39459498312377533,721,152,0.02916563120684802,0.02374380141564019,0.21931667183165324,-0.4563052195282769,1.858932784355615,0.8060954541725431,21.803109252090927
10,backsliding_union_Nyr,Y_hog_power,HOG,exec_power,instr-antiplural_w10_trt-ertOrDdcg_gapany_illibany_lrstraddle_exclyr,backsliding_union_Nyr,866,177,-0.07369909173631453,0.39459498312377533,380,83,0.01141255930440946,0.01589262030358463,0.47269296638718183,0.14622970002596447,0.4005834294614513,0.7150801969232419,18.55602647549424
10,backsliding_union_Nyr,Y_hos_power_vdem,HOS (v2ex_hosw),exec_power_alt,instr-antiplural_w10_trt-ertOrDdcg_gapany_illibany_lrstraddle_exclyr,backsliding_union_Nyr,866,177,-0.07369909173631453,0.39459498312377533,721,152,0.02019703717014892,0.04664251875678408,0.6650018958700123,-0.39999104363572846,2.035150660762976,0.8441865536769875,18.916777925834097
10,backsliding_union_Nyr,Y_hog_power_vdem,HOG (v2ex_hogw),exec_power_alt,instr-antiplural_w10_trt-ertOrDdcg_gapany_illibany_lrstraddle_exclyr,backsliding_union_Nyr,866,177,-0.07369909173631453,0.39459498312377533,721,152,-0.00979431863674625,0.04332673896900939,0.8211569801350983,0.19469108355326617,1.4099997142821965,0.8901781320107368,20.809083092893413
10,backsliding_union_Nyr,Y_polyarchy,Electoral (polyarchy),vdem_high,instr-antiplural_w10_trt-ertOrDdcg_gapany_illibany_lrstraddle_exclyr,backsliding_union_Nyr,866,177,-0.07369909173631453,0.39459498312377533,721,152,0.00716086618999375,0.02482434433946114,0.7729935406949594,-0.2144493484629947,0.7273213383709639,0.7681098849486457,17.784564643801904
10,backsliding_union_Nyr,Y_libdem,Liberal,vdem_high,instr-antiplural_w10_trt-ertOrDdcg_gapany_illibany_lrstraddle_exclyr,backsliding_union_Nyr,866,177,-0.07369909173631453,0.39459498312377533,721,152,0.00232281197393529,0.02489738461869143,0.9256688699183424,-0.08493077418165866,0.6939672637090503,0.90259458465149,18.536142449207535
10,backsliding_union_Nyr,Y_partipdem,Participatory,vdem_high,instr-antiplural_w10_trt-ertOrDdcg_gapany_illibany_lrstraddle_exclyr,backsliding_union_Nyr,866,177,-0.07369909173631453,0.39459498312377533,721,152,0.00472846771252687,0.01833135580043051,0.7964499381803418,-0.2407947750486615,0.6205306558805606,0.6979815916002008,18.327482908095647
10,backsliding_union_Nyr,Y_delibdem,Deliberative,vdem_high,instr-antiplural_w10_trt-ertOrDdcg_gapany_illibany_lrstraddle_exclyr,backsliding_union_Nyr,866,177,-0.07369909173631453,0.39459498312377533,721,152,0.01192709336681952,0.02846989413454791,0.6752621412815877,-0.2402195914846067,0.774795470016992,0.7565285715974841,19.634914348923388
10,backsliding_union_Nyr,Y_egaldem,Egalitarian,vdem_high,instr-antiplural_w10_trt-ertOrDdcg_gapany_illibany_lrstraddle_exclyr,backsliding_union_Nyr,866,177,-0.07369909173631453,0.39459498312377533,721,152,0.0064947012052672,0.01656356035033098,0.6949785646805507,-0.17913898320981853,0.5989901883060684,0.7648879254192872,17.72132142808152
10,backsliding_union_Nyr,Y_elecoff,Elected officials,vdem_electoral,instr-antiplural_w10_trt-ertOrDdcg_gapany_illibany_lrstraddle_exclyr,backsliding_union_Nyr,866,177,-0.07369909173631453,0.39459498312377533,721,152,-0.02265002804631324,0.0552317407601581,0.6817393506298444,0.222864819041944,1.7756587521907732,0.9001189666071219,21.86493074316772
10,backsliding_union_Nyr,Y_frefair,Clean elections,vdem_electoral,instr-antiplural_w10_trt-ertOrDdcg_gapany_illibany_lrstraddle_exclyr,backsliding_union_Nyr,866,177,-0.07369909173631453,0.39459498312377533,721,152,0.0107866924078342,0.03303880669116268,0.7440570332753209,-0.28084735027884344,0.9916009618053648,0.7770034626079232,18.13631733942704
10,backsliding_union_Nyr,Y_frassoc,Association,vdem_electoral,instr-antiplural_w10_trt-ertOrDdcg_gapany_illibany_lrstraddle_exclyr,backsliding_union_Nyr,866,177,-0.07369909173631453,0.39459498312377533,721,152,-0.01104809574151886,0.02321388282980452,0.6341269344035375,0.2649992405778096,1.51420592681458,0.8610727820170089,17.130818142223127
10,backsliding_union_Nyr,Y_suffr,Suffrage,vdem_electoral,instr-antiplural_w10_trt-ertOrDdcg_gapany_illibany_lrstraddle_exclyr,backsliding_union_Nyr,866,177,-0.07369909173631453,0.39459498312377533,721,152,0.00647649437854269,0.01369756776912223,0.636341062984016,-0.23044012803057112,0.8939413974301474,0.7965767743837642,20.076780548183415
10,backsliding_union_Nyr,Y_freexp,Expression & alt. info,vdem_electoral,instr-antiplural_w10_trt-ertOrDdcg_gapany_illibany_lrstraddle_exclyr,backsliding_union_Nyr,866,177,-0.07369909173631453,0.39459498312377533,721,152,-0.01177182902350739,0.03191517484667286,0.7122414773304853,0.4758405236961818,2.0803512614375315,0.8190781112638976,17.431285153418536
10,backsliding_union_Nyr,Y_cl_rol,Rule of law,vdem_liberal,instr-antiplural_w10_trt-ertOrDdcg_gapany_illibany_lrstraddle_exclyr,backsliding_union_Nyr,866,177,-0.07369909173631453,0.39459498312377533,721,152,-0.01101617986194108,0.02259979168082989,0.6259422451663417,0.26715309009883503,1.2532262856784602,0.8311925977672522,17.413958343815757
10,backsliding_union_Nyr,Y_cspart,Civil society,vdem_particip,instr-antiplural_w10_trt-ertOrDdcg_gapany_illibany_lrstraddle_exclyr,backsliding_union_Nyr,866,177,-0.07369909173631453,0.39459498312377533,721,152,-0.00301303116995116,0.02850998112282841,0.915833567301278,0.05889387966568912,0.8969510849546081,0.9476484556305614,20.012839046216545
10,backsliding_union_Nyr,Y_dd,Direct democracy,vdem_particip,instr-antiplural_w10_trt-ertOrDdcg_gapany_illibany_lrstraddle_exclyr,backsliding_union_Nyr,866,177,-0.07369909173631453,0.39459498312377533,721,152,0.00779297106882023,0.02705182183519873,0.7732888339300725,-0.12494405989735004,0.7920268930771994,0.8746519911045115,26.782669991915824
10,backsliding_union_Nyr,Y_locelec,Local elections,vdem_particip,instr-antiplural_w10_trt-ertOrDdcg_gapany_illibany_lrstraddle_exclyr,backsliding_union_Nyr,866,177,-0.07369909173631453,0.39459498312377533,714,150,-0.00308886280616498,0.02496014237191871,0.9015117881500936,-0.10758922520806344,1.1165343769589835,0.9232346790764944,14.2617072944656
10,backsliding_union_Nyr,Y_regelec,Regional elections,vdem_particip,instr-antiplural_w10_trt-ertOrDdcg_gapany_illibany_lrstraddle_exclyr,backsliding_union_Nyr,866,177,-0.07369909173631453,0.39459498312377533,721,152,-0.0494382455871851,0.03388983561322512,0.1446221660077167,0.917048842200674,3.2249921037513474,0.776136864821814,19.60011024869046
10,backsliding_union_Nyr,Y_delib,Deliberation,vdem_egal_delib,instr-antiplural_w10_trt-ertOrDdcg_gapany_illibany_lrstraddle_exclyr,backsliding_union_Nyr,866,177,-0.07369909173631453,0.39459498312377533,721,152,0.00966983797789953,0.03242547526082904,0.765537311771877,-0.13393985827884333,0.7828677906537556,0.8641539951471086,25.334535121561153
10,backsliding_union_Nyr,Y_eqprotec,Equal protection,vdem_egal_delib,instr-antiplural_w10_trt-ertOrDdcg_gapany_illibany_lrstraddle_exclyr,backsliding_union_Nyr,866,177,-0.07369909173631453,0.39459498312377533,721,152,4.6654450466573905e-4,0.01728459435054609,0.9784661732047404,0.04142607044869944,0.4135749981751718,0.92021269727171,22.66099696909626
10,backsliding_union_Nyr,Y_eqaccess,Equal access,vdem_egal_delib,instr-antiplural_w10_trt-ertOrDdcg_gapany_illibany_lrstraddle_exclyr,backsliding_union_Nyr,866,177,-0.07369909173631453,0.39459498312377533,721,152,-0.01995658352053163,0.0216270848932794,0.35613290089547806,0.30423790809100565,0.907177215992156,0.7373477537585335,20.031186323962583
10,backsliding_union_Nyr,Y_eqdr,Equal distribution,vdem_egal_delib,instr-antiplural_w10_trt-ertOrDdcg_gapany_illibany_lrstraddle_exclyr,backsliding_union_Nyr,866,177,-0.07369909173631453,0.39459498312377533,721,152,-0.00536405241856481,0.01552509330413707,0.729712086409815,0.1009789523426952,0.509364867843442,0.8428535130971642,17.6477393517877
10,polyarchy_decline,Y_gdp_growth,PWT,growth,instr-antiplural_w10_trt-polyarchy_gapany_illibany_lrstraddle_exclyr,polyarchy_decline,721,257,-0.00716086618999375,0.7729935406949594,665,216,-0.09022758504758396,0.04739395867124391,0.05693907762757626,12.392358431864483,42.65962328449615,0.7714384510054624,19.912733606112237
10,polyarchy_decline,Y_gdp_growth_wb,World Bank,growth,instr-antiplural_w10_trt-polyarchy_gapany_illibany_lrstraddle_exclyr,polyarchy_decline,721,257,-0.00716086618999375,0.7729935406949594,680,236,-0.04316971153101787,0.03784193030556184,0.25395714858629886,4.3219232411908415,7.62164109420704,0.5706738241937517,21.606361485225317
10,polyarchy_decline,Y_gdp_growth_imf,IMF WEO,growth,instr-antiplural_w10_trt-polyarchy_gapany_illibany_lrstraddle_exclyr,polyarchy_decline,721,257,-0.00716086618999375,0.7729935406949594,502,181,-0.04297243709484935,0.04028972933380753,0.28615909602459066,-1.1356083279452651,49.5246328338297,0.9817059732842724,18.236233729394904
10,polyarchy_decline,Y_inflation,"CPI, cumulative log",inflation,instr-antiplural_w10_trt-polyarchy_gapany_illibany_lrstraddle_exclyr,polyarchy_decline,721,257,-0.00716086618999375,0.7729935406949594,609,214,-0.17585511752170163,0.3315851946867033,0.5958715656389435,15.733466218589628,24.583091087905796,0.5221649850191384,20.53332620364675
10,polyarchy_decline,Y_unemployment,Unemployment rate,unemployment,instr-antiplural_w10_trt-polyarchy_gapany_illibany_lrstraddle_exclyr,polyarchy_decline,721,257,-0.00716086618999375,0.7729935406949594,473,220,0.45757514659434306,1.038189001117336,0.6593986363070639,59.122690959674735,271.3842411845786,0.8275412942004159,17.93871898666029
10,polyarchy_decline,Y_trade_pct_gdp,Trade / GDP,trade,instr-antiplural_w10_trt-polyarchy_gapany_illibany_lrstraddle_exclyr,polyarchy_decline,721,257,-0.00716086618999375,0.7729935406949594,620,212,0.3859071298986887,4.691907230744863,0.9344482934618544,-0.5093055978961516,489.2810646135504,0.9991694610127048,19.372259198768013
10,polyarchy_decline,Y_top10_share,Top-10% income share,top10,instr-antiplural_w10_trt-polyarchy_gapany_illibany_lrstraddle_exclyr,polyarchy_decline,721,257,-0.00716086618999375,0.7729935406949594,633,224,0.43463442355089105,0.8673735672585283,0.6163059971036908,-26.065792171423496,171.2900854458578,0.8790501849217642,16.480168087073235
10,polyarchy_decline,Y_gini_disp,Disposable,gini,instr-antiplural_w10_trt-polyarchy_gapany_illibany_lrstraddle_exclyr,polyarchy_decline,721,257,-0.00716086618999375,0.7729935406949594,529,171,1.0758415073120315,0.7470595525926026,0.1498387131805444,245.396431343818,3022.8808611168643,0.9352990775043752,16.368566255742795
10,polyarchy_decline,Y_gini_mkt,Market,gini,instr-antiplural_w10_trt-polyarchy_gapany_illibany_lrstraddle_exclyr,polyarchy_decline,721,257,-0.00716086618999375,0.7729935406949594,529,171,1.229300000676874,0.7904933951259587,0.1199211338003625,250.45425408097276,2984.7629180664885,0.9331272435216874,16.29443441993989
10,polyarchy_decline,Y_debt,Debt / GDP,fiscal,instr-antiplural_w10_trt-polyarchy_gapany_illibany_lrstraddle_exclyr,polyarchy_decline,721,257,-0.00716086618999375,0.7729935406949594,656,231,-1.9938208143403404,11.815802403424753,0.8659996687578438,63.91793296257462,720.6319696689669,0.9293226736177356,18.081264970030972
10,polyarchy_decline,Y_deficit,Deficit / GDP,fiscal,instr-antiplural_w10_trt-polyarchy_gapany_illibany_lrstraddle_exclyr,polyarchy_decline,721,257,-0.00716086618999375,0.7729935406949594,585,215,0.6011462636204532,1.3351502324299205,0.6525329566131018,-16.2818539947885,228.30563382351096,0.9431462286805888,17.11338791331829
10,polyarchy_decline,Y_checks_balances,Checks & balances,institutions,instr-antiplural_w10_trt-polyarchy_gapany_illibany_lrstraddle_exclyr,polyarchy_decline,721,257,-0.00716086618999375,0.7729935406949594,706,257,2.9823550733328735e-4,0.03496844846263682,0.9931951621393597,-0.11674314477276802,2.1537800802493723,0.9567727635603832,22.558772733167864
10,polyarchy_decline,Y_jucon,Judicial constraints,institutions,instr-antiplural_w10_trt-polyarchy_gapany_illibany_lrstraddle_exclyr,polyarchy_decline,721,257,-0.00716086618999375,0.7729935406949594,721,257,-0.01314948671350431,0.02899060639229559,0.6501329523596597,2.7434421825486712,26.908821387488043,0.918793771282373,17.621844602323574
10,polyarchy_decline,Y_legcon,Legislative constraints,institutions,instr-antiplural_w10_trt-polyarchy_gapany_illibany_lrstraddle_exclyr,polyarchy_decline,721,257,-0.00716086618999375,0.7729935406949594,706,257,0.00574875617002137,0.0412483606841657,0.8891583111719555,-0.4563174327133997,2.350514011141291,0.8460700452555657,23.12321855071345
10,polyarchy_decline,Y_hos_power,HOS,exec_power,instr-antiplural_w10_trt-polyarchy_gapany_illibany_lrstraddle_exclyr,polyarchy_decline,721,257,-0.00716086618999375,0.7729935406949594,721,257,0.02916563120684802,0.02374380141564019,0.21931667183165324,-2.9470915946356393,13.734502169965484,0.8300980743859622,19.236397752793973
10,polyarchy_decline,Y_hog_power,HOG,exec_power,instr-antiplural_w10_trt-polyarchy_gapany_illibany_lrstraddle_exclyr,polyarchy_decline,721,257,-0.00716086618999375,0.7729935406949594,380,132,0.01141255930440946,0.01589262030358463,0.47269296638718183,8.354260804380969,43.877183074095335,0.84899489144266,16.827832412347796
10,polyarchy_decline,Y_hos_power_vdem,HOS (v2ex_hosw),exec_power_alt,instr-antiplural_w10_trt-polyarchy_gapany_illibany_lrstraddle_exclyr,polyarchy_decline,721,257,-0.00716086618999375,0.7729935406949594,721,257,0.02019703717014892,0.04664251875678408,0.6650018958700123,3.2887136414781857,188.8411715637533,0.9861053541236966,16.53501869268088
10,polyarchy_decline,Y_hog_power_vdem,HOG (v2ex_hogw),exec_power_alt,instr-antiplural_w10_trt-polyarchy_gapany_illibany_lrstraddle_exclyr,polyarchy_decline,721,257,-0.00716086618999375,0.7729935406949594,721,257,-0.00979431863674625,0.04332673896900939,0.8211569801350983,-5.260305851195447,172.457641884363,0.9756666851367506,16.435506491370074
10,polyarchy_decline,Y_polyarchy,Electoral (polyarchy),vdem_high,instr-antiplural_w10_trt-polyarchy_gapany_illibany_lrstraddle_exclyr,polyarchy_decline,721,257,-0.00716086618999375,0.7729935406949594,721,257,0.00716086618999375,0.02482434433946114,0.7729935406949594,-1,3.1638764646797467e-16,0,17.21204588658669
10,polyarchy_decline,Y_libdem,Liberal,vdem_high,instr-antiplural_w10_trt-polyarchy_gapany_illibany_lrstraddle_exclyr,polyarchy_decline,721,257,-0.00716086618999375,0.7729935406949594,721,257,0.00232281197393529,0.02489738461869143,0.9256688699183424,-0.33915405868833737,2.622449757534809,0.8970987573944692,21.12451737903559
10,polyarchy_decline,Y_partipdem,Participatory,vdem_high,instr-antiplural_w10_trt-polyarchy_gapany_illibany_lrstraddle_exclyr,polyarchy_decline,721,257,-0.00716086618999375,0.7729935406949594,721,257,0.00472846771252687,0.01833135580043051,0.7964499381803418,-0.9341557851452446,1.4575192466433209,0.5215735243853197,19.97997017515457
10,polyarchy_decline,Y_delibdem,Deliberative,vdem_high,instr-antiplural_w10_trt-polyarchy_gapany_illibany_lrstraddle_exclyr,polyarchy_decline,721,257,-0.00716086618999375,0.7729935406949594,721,257,0.01192709336681952,0.02846989413454791,0.6752621412815877,-1.231327531755757,2.8425908234933135,0.6648906418526286,18.24140919417977
10,polyarchy_decline,Y_egaldem,Egalitarian,vdem_high,instr-antiplural_w10_trt-polyarchy_gapany_illibany_lrstraddle_exclyr,polyarchy_decline,721,257,-0.00716086618999375,0.7729935406949594,721,257,0.0064947012052672,0.01656356035033098,0.6949785646805507,-0.7542233112366624,1.9938890523695985,0.7052319292974913,19.54943428636001
10,polyarchy_decline,Y_elecoff,Elected officials,vdem_electoral,instr-antiplural_w10_trt-polyarchy_gapany_illibany_lrstraddle_exclyr,polyarchy_decline,721,257,-0.00716086618999375,0.7729935406949594,721,257,-0.02265002804631324,0.0552317407601581,0.6817393506298444,-5.887783393415795,198.0200828523222,0.9762797828366436,16.5414439856683
10,polyarchy_decline,Y_frefair,Clean elections,vdem_electoral,instr-antiplural_w10_trt-polyarchy_gapany_illibany_lrstraddle_exclyr,polyarchy_decline,721,257,-0.00716086618999375,0.7729935406949594,721,257,0.0107866924078342,0.03303880669116268,0.7440570332753209,-1.001345926487656,3.623337352192232,0.7822714880045509,17.73332018146665
10,polyarchy_decline,Y_frassoc,Association,vdem_electoral,instr-antiplural_w10_trt-polyarchy_gapany_illibany_lrstraddle_exclyr,polyarchy_decline,721,257,-0.00716086618999375,0.7729935406949594,721,257,-0.01104809574151886,0.02321388282980452,0.6341269344035375,1.0075377418834344,7.711168535589987,0.8960446394439154,19.74367557034455
10,polyarchy_decline,Y_suffr,Suffrage,vdem_electoral,instr-antiplural_w10_trt-polyarchy_gapany_illibany_lrstraddle_exclyr,polyarchy_decline,721,257,-0.00716086618999375,0.7729935406949594,721,257,0.00647649437854269,0.01369756776912223,0.636341062984016,1.770951146437362,74.99115122226922,0.9811593337586276,16.503761080895877
10,polyarchy_decline,Y_freexp,Expression & alt. info,vdem_electoral,instr-antiplural_w10_trt-polyarchy_gapany_illibany_lrstraddle_exclyr,polyarchy_decline,721,257,-0.00716086618999375,0.7729935406949594,721,257,-0.01177182902350739,0.03191517484667286,0.7122414773304853,-9.663798644323675,369.6976570689632,0.9791458842392252,16.348634939340876
10,polyarchy_decline,Y_cl_rol,Rule of law,vdem_liberal,instr-antiplural_w10_trt-polyarchy_gapany_illibany_lrstraddle_exclyr,polyarchy_decline,721,257,-0.00716086618999375,0.7729935406949594,721,257,-0.01101617986194108,0.02259979168082989,0.6259422451663417,-16.94455752744237,524.6120735703862,0.9742334361740228,16.161894938378172
10,polyarchy_decline,Y_cspart,Civil society,vdem_particip,instr-antiplural_w10_trt-polyarchy_gapany_illibany_lrstraddle_exclyr,polyarchy_decline,721,257,-0.00716086618999375,0.7729935406949594,721,257,-0.00301303116995116,0.02850998112282841,0.915833567301278,0.20156955053679737,21.265457186055148,0.9924371800424088,16.972042738846508
10,polyarchy_decline,Y_dd,Direct democracy,vdem_particip,instr-antiplural_w10_trt-polyarchy_gapany_illibany_lrstraddle_exclyr,polyarchy_decline,721,257,-0.00716086618999375,0.7729935406949594,721,257,0.00779297106882023,0.02705182183519873,0.7732888339300725,-1.311236218481284,6.780138638331182,0.8466506350350734,20.531814597919144
10,polyarchy_decline,Y_locelec,Local elections,vdem_particip,instr-antiplural_w10_trt-polyarchy_gapany_illibany_lrstraddle_exclyr,polyarchy_decline,721,257,-0.00716086618999375,0.7729935406949594,714,253,-0.00308886280616498,0.02496014237191871,0.9015117881500936,0.8574325762670487,10.586861627748014,0.935449705930448,14.477553944731111
10,polyarchy_decline,Y_regelec,Regional elections,vdem_particip,instr-antiplural_w10_trt-polyarchy_gapany_illibany_lrstraddle_exclyr,polyarchy_decline,721,257,-0.00716086618999375,0.7729935406949594,721,257,-0.0494382455871851,0.03388983561322512,0.1446221660077167,5.694822540327907,28.31832932279221,0.8406202021457012,18.503379761748395
10,polyarchy_decline,Y_delib,Deliberation,vdem_egal_delib,instr-antiplural_w10_trt-polyarchy_gapany_illibany_lrstraddle_exclyr,polyarchy_decline,721,257,-0.00716086618999375,0.7729935406949594,721,257,0.00966983797789953,0.03242547526082904,0.765537311771877,-1.041424366307086,6.383050830693548,0.8703966788737921,17.66205325528572
10,polyarchy_decline,Y_eqprotec,Equal protection,vdem_egal_delib,instr-antiplural_w10_trt-polyarchy_gapany_illibany_lrstraddle_exclyr,polyarchy_decline,721,257,-0.00716086618999375,0.7729935406949594,721,257,4.6654450466573905e-4,0.01728459435054609,0.9784661732047404,-0.1347873328139964,3.4683069409211713,0.9689999561708834,17.70372912798606
10,polyarchy_decline,Y_eqaccess,Equal access,vdem_egal_delib,instr-antiplural_w10_trt-polyarchy_gapany_illibany_lrstraddle_exclyr,polyarchy_decline,721,257,-0.00716086618999375,0.7729935406949594,721,257,-0.01995658352053163,0.0216270848932794,0.35613290089547806,2.2072415595802344,29.29706313656547,0.939944174156213,17.214593909337665
10,polyarchy_decline,Y_eqdr,Equal distribution,vdem_egal_delib,instr-antiplural_w10_trt-polyarchy_gapany_illibany_lrstraddle_exclyr,polyarchy_decline,721,257,-0.00716086618999375,0.7729935406949594,721,257,-0.00536405241856481,0.01552509330413707,0.729712086409815,-6.313844054975581,229.9920898128143,0.9780988728859188,16.10694603473716
